RecommendedRank,RecommendedModel,StockCode,Description,ForecastWeek,ProbabilityOfSale,QuantityIfSold,TwoStageExpected,TwoStageHardGate,XGBoostPoisson,NaiveLag1,MovingAverage4,WeeksSinceLastSale
1,XGBoostPoisson,23084,RABBIT NIGHT LIGHT,2011-12-05/2011-12-11,0.99775785,876.5987,874.63324,876.5987,1182.8958,4452.0,3422.25,0.0
2,XGBoostPoisson,85099B,JUMBO BAG RED RETROSPOT,2011-12-05/2011-12-11,0.9985975,1441.7191,1439.6971,1441.7191,1070.4235,1050.0,1401.0,0.0
3,XGBoostPoisson,22197,SMALL POPCORN HOLDER,2011-12-05/2011-12-11,0.9985975,1325.7031,1323.8439,1325.7031,896.85815,3271.0,3317.0,0.0
4,XGBoostPoisson,20668,DISCO BALL CHRISTMAS DECORATION,2011-12-05/2011-12-11,0.99240506,788.2327,782.24615,788.2327,851.3297,1656.0,1186.5,0.0
5,XGBoostPoisson,22086,PAPER CHAIN KIT 50'S CHRISTMAS ,2011-12-05/2011-12-11,0.99583334,1083.5981,1079.0831,1083.5981,845.6424,1562.0,1710.5,0.0
6,XGBoostPoisson,84879,ASSORTED COLOUR BIRD ORNAMENT,2011-12-05/2011-12-11,0.9977579,1343.9047,1340.8915,1343.9047,807.89087,953.0,1257.25,0.0
7,XGBoostPoisson,84077,WORLD WAR 2 GLIDERS ASSTD DESIGNS,2011-12-05/2011-12-11,0.9985975,1202.6318,1200.9452,1202.6318,796.86707,689.0,985.25,0.0
8,XGBoostPoisson,85123A,WHITE HANGING HEART T-LIGHT HOLDER,2011-12-05/2011-12-11,0.9985975,1001.05365,999.64966,1001.05365,769.68976,725.0,879.75,0.0
9,XGBoostPoisson,22578,WOODEN STAR CHRISTMAS SCANDINAVIAN,2011-12-05/2011-12-11,0.98496234,712.30884,701.5974,712.30884,751.3764,867.0,1244.5,0.0
10,XGBoostPoisson,22910,PAPER CHAIN KIT VINTAGE CHRISTMAS,2011-12-05/2011-12-11,0.99583334,713.97473,710.9998,713.97473,716.00287,597.0,883.0,0.0
11,XGBoostPoisson,22577,WOODEN HEART CHRISTMAS SCANDINAVIAN,2011-12-05/2011-12-11,0.9977578,781.8,780.04706,781.8,696.9056,1049.0,1163.5,0.0
12,XGBoostPoisson,21212,PACK OF 72 RETROSPOT CAKE CASES,2011-12-05/2011-12-11,0.99859744,732.0374,731.0107,732.0374,696.90356,546.0,459.25,0.0
13,XGBoostPoisson,84347,ROTATING SILVER ANGELS T-LIGHT HLDR,2011-12-05/2011-12-11,0.98614955,604.7788,596.40234,604.7788,683.1167,728.0,806.75,0.0
14,XGBoostPoisson,22952,60 CAKE CASES VINTAGE CHRISTMAS,2011-12-05/2011-12-11,0.9958334,1085.0864,1080.5653,1085.0864,658.1958,1031.0,1006.5,0.0
15,XGBoostPoisson,23203,JUMBO BAG VINTAGE DOILY ,2011-12-05/2011-12-11,0.9985975,725.2457,724.2286,725.2457,632.2203,336.0,921.75,0.0
16,XGBoostPoisson,23344,JUMBO BAG 50'S CHRISTMAS ,2011-12-05/2011-12-11,0.9977579,918.712,916.65216,918.712,591.52856,886.0,1006.25,0.0
17,XGBoostPoisson,84946,ANTIQUE SILVER TEA GLASS ETCHED,2011-12-05/2011-12-11,0.9985975,692.5627,691.5914,692.5627,566.96423,489.0,738.5,0.0
18,XGBoostPoisson,22492,MINI PAINT SET VINTAGE ,2011-12-05/2011-12-11,0.9985975,669.566,668.6269,669.566,554.5118,301.0,776.5,0.0
19,XGBoostPoisson,21790,VINTAGE SNAP CARDS,2011-12-05/2011-12-11,0.99859744,687.6939,686.7294,687.6939,532.43005,667.0,662.0,0.0
20,XGBoostPoisson,22355,CHARLOTTE BAG SUKI DESIGN,2011-12-05/2011-12-11,0.9985975,517.50543,516.7796,517.50543,491.04047,712.0,573.25,0.0
21,XGBoostPoisson,21810,CHRISTMAS HANGING STAR WITH BELL,2011-12-05/2011-12-11,0.9695238,503.97766,488.61832,503.97766,478.1834,406.0,740.25,0.0
22,XGBoostPoisson,23310,BUBBLEGUM RING ASSORTED,2011-12-05/2011-12-11,0.9985975,614.3474,613.4858,614.3474,469.79907,511.0,548.0,0.0
23,XGBoostPoisson,22865,HAND WARMER OWL DESIGN,2011-12-05/2011-12-11,0.9938196,849.61896,844.368,849.61896,461.9535,593.0,581.5,0.0
24,XGBoostPoisson,22178,VICTORIAN GLASS HANGING T-LIGHT,2011-12-05/2011-12-11,0.9985975,622.29364,621.4209,622.29364,433.73468,749.0,464.5,0.0
25,XGBoostPoisson,22386,JUMBO BAG PINK POLKADOT,2011-12-05/2011-12-11,0.9985975,616.4077,615.5432,616.4077,421.23685,436.0,431.5,0.0
26,XGBoostPoisson,22469,HEART OF WICKER SMALL,2011-12-05/2011-12-11,0.9985975,551.60614,550.8325,551.60614,418.01495,809.0,422.0,0.0
27,XGBoostPoisson,21915,RED  HARMONICA IN BOX ,2011-12-05/2011-12-11,0.9849624,475.3351,468.18723,475.3351,415.9239,1120.0,538.5,0.0
28,XGBoostPoisson,22065,CHRISTMAS PUDDING TRINKET POT ,2011-12-05/2011-12-11,0.98614967,273.54218,269.75354,273.54218,415.0288,186.0,408.0,0.0
29,XGBoostPoisson,23301,GARDENERS KNEELING PAD KEEP CALM ,2011-12-05/2011-12-11,0.9985975,528.9479,528.20605,528.9479,405.17447,632.0,622.5,0.0
30,XGBoostPoisson,22338,STAR DECORATION PAINTED ZINC ,2011-12-05/2011-12-11,0.9736842,548.6481,534.20996,548.6481,402.71112,446.0,476.0,0.0
31,XGBoostPoisson,22866,HAND WARMER SCOTTY DOG DESIGN,2011-12-05/2011-12-11,0.9886148,778.553,769.68896,778.553,400.37576,440.0,515.0,0.0
32,XGBoostPoisson,22114,HOT WATER BOTTLE TEA AND SYMPATHY,2011-12-05/2011-12-11,0.9849624,579.25037,570.53986,579.25037,392.94327,438.0,450.25,0.0
33,XGBoostPoisson,23355,HOT WATER BOTTLE KEEP CALM,2011-12-05/2011-12-11,0.9985975,402.87967,402.31464,402.87967,389.62256,476.0,491.75,0.0
34,XGBoostPoisson,20724,RED RETROSPOT CHARLOTTE BAG,2011-12-05/2011-12-11,0.99859756,556.5785,555.7979,556.5785,373.19873,550.0,573.0,0.0
35,XGBoostPoisson,23343,JUMBO BAG VINTAGE CHRISTMAS ,2011-12-05/2011-12-11,0.99859744,562.0879,561.29956,562.0879,371.61383,665.0,550.25,0.0
36,XGBoostPoisson,23077,DOUGHNUT LIP GLOSS ,2011-12-05/2011-12-11,0.9985975,482.3232,481.64676,482.3232,360.28784,246.0,551.0,0.0
37,XGBoostPoisson,84945,MULTI COLOUR SILVER T-LIGHT HOLDER,2011-12-05/2011-12-11,0.9977578,472.6855,471.62564,472.6855,351.92685,552.0,522.25,0.0
38,XGBoostPoisson,23201,JUMBO BAG ALPHABET,2011-12-05/2011-12-11,0.9985975,517.67633,516.9503,517.67633,351.50742,767.0,575.0,0.0
39,XGBoostPoisson,20971,PINK BLUE FELT CRAFT TRINKET BOX,2011-12-05/2011-12-11,0.99583334,318.6048,317.27728,318.6048,348.81036,256.0,367.25,0.0
40,XGBoostPoisson,22867,HAND WARMER BIRD DESIGN,2011-12-05/2011-12-11,0.99583334,602.6292,600.1183,602.6292,346.53583,258.0,366.0,0.0
41,XGBoostPoisson,22909,SET OF 20 VINTAGE CHRISTMAS NAPKINS,2011-12-05/2011-12-11,0.99775785,629.1472,627.7366,629.1472,343.5303,345.0,568.75,0.0
42,XGBoostPoisson,23439,HAND WARMER RED LOVE HEART,2011-12-05/2011-12-11,0.9985975,352.00705,351.51337,352.00705,332.3633,256.0,398.25,0.0
43,XGBoostPoisson,35953,FOLKART STAR CHRISTMAS DECORATIONS,2011-12-05/2011-12-11,0.9695238,422.7881,409.9031,422.7881,330.74817,282.0,423.25,0.0
44,XGBoostPoisson,21787,RAIN PONCHO RETROSPOT,2011-12-05/2011-12-11,0.9886148,340.14676,336.2741,340.14676,327.94946,1215.0,616.25,0.0
45,XGBoostPoisson,22616,PACK OF 12 LONDON TISSUES ,2011-12-05/2011-12-11,0.99775785,346.40384,345.62714,346.40384,324.63052,636.0,584.75,0.0
46,XGBoostPoisson,20725,LUNCH BAG RED RETROSPOT,2011-12-05/2011-12-11,0.9985975,471.88184,471.22003,471.88184,319.81436,331.0,453.0,0.0
47,XGBoostPoisson,79321,CHILLI LIGHTS,2011-12-05/2011-12-11,0.9977578,365.7061,364.8861,365.7061,318.89688,314.0,536.0,0.0
48,XGBoostPoisson,17003,BROCADE RING PURSE ,2011-12-05/2011-12-11,0.9977578,311.66058,310.96176,311.66058,315.45917,130.0,257.0,0.0
49,XGBoostPoisson,21137,BLACK RECORD COVER FRAME,2011-12-05/2011-12-11,0.99381953,376.5034,374.17642,376.5034,313.14175,183.0,469.75,0.0
50,XGBoostPoisson,22959,WRAP CHRISTMAS VILLAGE,2011-12-05/2011-12-11,0.9861496,463.17728,456.7621,463.17728,303.84332,651.0,450.25,0.0
51,XGBoostPoisson,22998,TRAVEL CARD WALLET KEEP CALM,2011-12-05/2011-12-11,0.9985975,322.70868,322.25607,322.70868,303.76132,273.0,374.25,0.0
52,XGBoostPoisson,35970,ZINC FOLKART SLEIGH BELLS,2011-12-05/2011-12-11,0.99240506,351.0647,348.39838,351.0647,297.12314,319.0,426.5,0.0
53,XGBoostPoisson,23199,JUMBO BAG APPLES,2011-12-05/2011-12-11,1.0,411.66577,411.66577,411.66577,296.21326,221.0,392.5,0.0
54,XGBoostPoisson,21108,FAIRY CAKE FLANNEL ASSORTED COLOUR,2011-12-05/2011-12-11,0.99381953,296.19263,294.36203,296.19263,292.34906,227.0,557.25,0.0
55,XGBoostPoisson,21731,RED TOADSTOOL LED NIGHT LIGHT,2011-12-05/2011-12-11,0.9977578,422.12216,421.1757,422.12216,287.92313,359.0,475.5,0.0
56,XGBoostPoisson,20973,12 PENCIL SMALL TUBE WOODLAND,2011-12-05/2011-12-11,0.9733334,352.9795,343.56674,352.9795,285.4174,299.0,404.25,0.0
57,XGBoostPoisson,22944,CHRISTMAS METAL POSTCARD WITH BELLS,2011-12-05/2011-12-11,0.9861496,294.56512,290.4853,294.56512,283.30646,144.0,298.5,0.0
58,XGBoostPoisson,22993,SET OF 4 PANTRY JELLY MOULDS,2011-12-05/2011-12-11,1.0,451.24503,451.24503,451.24503,278.87897,429.0,379.0,0.0
59,XGBoostPoisson,22633,HAND WARMER UNION JACK,2011-12-05/2011-12-11,0.99583334,531.82886,529.6129,531.82886,274.70554,341.0,285.75,0.0
60,XGBoostPoisson,21232,STRAWBERRY CERAMIC TRINKET BOX,2011-12-05/2011-12-11,0.9977579,392.46866,391.5887,392.46866,273.33997,463.0,401.5,0.0
61,XGBoostPoisson,22470,HEART OF WICKER LARGE,2011-12-05/2011-12-11,0.9985975,294.14062,293.7281,294.14062,272.08017,861.0,322.25,0.0
62,XGBoostPoisson,85099C,JUMBO  BAG BAROQUE BLACK WHITE,2011-12-05/2011-12-11,0.9977578,399.78345,398.88705,399.78345,271.28616,414.0,397.5,0.0
63,XGBoostPoisson,22816,CARD MOTORBIKE SANTA,2011-12-05/2011-12-11,0.9977579,467.59323,466.54486,467.59323,270.63974,184.0,313.5,0.0
64,XGBoostPoisson,22112,CHOCOLATE HOT WATER BOTTLE,2011-12-05/2011-12-11,0.9977578,345.19055,344.41656,345.19055,268.14655,449.0,419.75,0.0
65,XGBoostPoisson,23215,JINGLE BELL HEART ANTIQUE SILVER,2011-12-05/2011-12-11,0.99381953,269.35657,267.69183,269.35657,266.7075,224.0,382.75,0.0
66,XGBoostPoisson,20975,12 PENCILS SMALL TUBE RED RETROSPOT,2011-12-05/2011-12-11,0.98496234,379.92023,374.20712,379.92023,265.46902,183.0,245.75,0.0
67,XGBoostPoisson,21181,PLEASE ONE PERSON METAL SIGN,2011-12-05/2011-12-11,0.9631336,290.46674,279.75827,290.46674,265.324,936.0,297.5,0.0
68,XGBoostPoisson,22961,JAM MAKING SET PRINTED,2011-12-05/2011-12-11,1.0,458.7308,458.7308,458.7308,263.91168,269.0,357.0,0.0
69,XGBoostPoisson,22595,GINGHAM HEART DECORATION,2011-12-05/2011-12-11,0.9985975,287.03217,286.6296,287.03217,263.32715,135.0,202.5,0.0
70,XGBoostPoisson,23309,SET OF 60 I LOVE LONDON CAKE CASES ,2011-12-05/2011-12-11,0.9985975,376.54843,376.02032,376.54843,262.7235,559.0,321.25,0.0
71,XGBoostPoisson,23209,LUNCH BAG VINTAGE DOILY ,2011-12-05/2011-12-11,1.0,419.52148,419.52148,419.52148,262.3308,329.0,365.0,0.0
72,XGBoostPoisson,23293,SET OF 12 FAIRY CAKE BAKING CASES,2011-12-05/2011-12-11,0.9985975,330.1868,329.72372,330.1868,256.96384,283.0,389.0,0.0
73,XGBoostPoisson,21977,PACK OF 60 PINK PAISLEY CAKE CASES,2011-12-05/2011-12-11,0.9985975,356.672,356.17175,356.672,252.02893,239.0,337.0,0.0
74,XGBoostPoisson,22411,JUMBO SHOPPER VINTAGE RED PAISLEY,2011-12-05/2011-12-11,0.9985975,393.75732,393.20508,393.75732,251.57794,340.0,400.5,0.0
75,XGBoostPoisson,84991,60 TEATIME FAIRY CAKE CASES,2011-12-05/2011-12-11,0.99775785,336.65543,335.9006,336.65543,248.92552,136.0,309.0,0.0
76,XGBoostPoisson,71477,COLOUR GLASS. STAR T-LIGHT HOLDER,2011-12-05/2011-12-11,0.9977579,296.64914,295.98404,296.64914,246.74928,313.0,281.5,0.0
77,XGBoostPoisson,22597,MUSICAL ZINC HEART DECORATION ,2011-12-05/2011-12-11,0.99583334,268.70822,267.5886,268.70822,244.80666,238.0,275.5,0.0
78,XGBoostPoisson,21791,VINTAGE HEADS AND TAILS CARD GAME ,2011-12-05/2011-12-11,0.99775785,312.6856,311.98453,312.6856,244.52724,197.0,380.5,0.0
79,XGBoostPoisson,16169E,WRAP 50'S  CHRISTMAS,2011-12-05/2011-12-11,1.0,302.7479,302.7479,302.7479,242.98056,251.0,325.25,0.0
80,XGBoostPoisson,23202,JUMBO BAG VINTAGE LEAF,2011-12-05/2011-12-11,1.0,386.85867,386.85867,386.85867,242.90317,341.0,374.75,0.0
81,XGBoostPoisson,21166,COOK WITH WINE METAL SIGN ,2011-12-05/2011-12-11,0.97053045,286.21698,277.7823,286.21698,242.89658,1115.0,347.25,0.0
82,XGBoostPoisson,22144,CHRISTMAS CRAFT LITTLE FRIENDS,2011-12-05/2011-12-11,0.9938195,325.47632,323.4647,325.47632,242.7104,239.0,309.75,0.0
83,XGBoostPoisson,22818,CARD CHRISTMAS VILLAGE,2011-12-05/2011-12-11,0.99775785,435.75174,434.77472,435.75174,240.76237,378.0,339.0,0.0
84,XGBoostPoisson,21931,JUMBO STORAGE BAG SUKI,2011-12-05/2011-12-11,0.9977578,366.76025,365.9379,366.76025,238.79057,258.0,291.5,0.0
85,XGBoostPoisson,20719,WOODLAND CHARLOTTE BAG,2011-12-05/2011-12-11,0.9985975,330.24744,329.78427,330.24744,237.72865,327.0,270.0,0.0
86,XGBoostPoisson,22423,REGENCY CAKESTAND 3 TIER,2011-12-05/2011-12-11,0.99775785,340.18854,339.42578,340.18854,235.83263,236.0,224.75,0.0
87,XGBoostPoisson,21914,BLUE HARMONICA IN BOX ,2011-12-05/2011-12-11,0.9977578,359.9093,359.10233,359.9093,234.73563,358.0,418.0,0.0
88,XGBoostPoisson,22629,SPACEBOY LUNCH BOX ,2011-12-05/2011-12-11,1.0,354.3109,354.3109,354.3109,231.42555,160.0,329.75,0.0
89,XGBoostPoisson,22966,GINGERBREAD MAN COOKIE CUTTER,2011-12-05/2011-12-11,0.99775785,379.13467,378.2846,379.13467,231.01485,207.0,220.75,0.0
90,XGBoostPoisson,21733,RED HANGING HEART T-LIGHT HOLDER,2011-12-05/2011-12-11,0.9977578,342.244,341.4766,342.244,230.03084,289.0,240.0,0.0
91,XGBoostPoisson,82583,HOT BATHS METAL SIGN,2011-12-05/2011-12-11,0.9985975,318.77994,318.33286,318.77994,229.84203,318.0,246.5,0.0
92,XGBoostPoisson,23353,6 GIFT TAGS VINTAGE CHRISTMAS ,2011-12-05/2011-12-11,0.9985975,292.16418,291.75443,292.16418,228.83769,233.0,294.0,0.0
93,XGBoostPoisson,21819,GLITTER CHRISTMAS STAR ,2011-12-05/2011-12-11,0.9736842,262.04694,255.15096,262.04694,228.7142,206.0,324.25,0.0
94,XGBoostPoisson,21889,WOODEN BOX OF DOMINOES,2011-12-05/2011-12-11,0.99775785,373.78238,372.9443,373.78238,227.99413,251.0,374.75,0.0
95,XGBoostPoisson,22579,WOODEN TREE CHRISTMAS SCANDINAVIAN,2011-12-05/2011-12-11,0.91295123,62.040886,56.640305,62.040886,227.81851,17.0,494.5,0.0
96,XGBoostPoisson,23206,LUNCH BAG APPLE DESIGN,2011-12-05/2011-12-11,1.0,331.97153,331.97153,331.97153,224.72597,190.0,291.25,0.0
97,XGBoostPoisson,22632,HAND WARMER RED RETROSPOT,2011-12-05/2011-12-11,0.9958334,391.86987,390.23712,391.86987,223.37897,131.0,262.0,0.0
98,XGBoostPoisson,21175,GIN + TONIC DIET METAL SIGN,2011-12-05/2011-12-11,0.99775785,359.68756,358.8811,359.68756,223.26257,390.0,333.75,0.0
99,XGBoostPoisson,82600,NO SINGING METAL SIGN,2011-12-05/2011-12-11,0.83053434,258.00806,214.28455,258.00806,221.97812,1022.0,257.75,0.0
100,XGBoostPoisson,23300,GARDENERS KNEELING PAD CUP OF TEA ,2011-12-05/2011-12-11,1.0,336.2123,336.2123,336.2123,221.33582,291.0,363.5,0.0
101,XGBoostPoisson,23307,SET OF 60 PANTRY DESIGN CAKE CASES ,2011-12-05/2011-12-11,1.0,321.73062,321.73062,321.73062,221.05684,148.0,202.25,0.0
102,XGBoostPoisson,16045,POPART WOODEN PENCILS ASST,2011-12-05/2011-12-11,0.99240506,282.40973,280.26483,282.40973,220.75473,300.0,250.0,0.0
103,XGBoostPoisson,23318,BOX OF 6 MINI VINTAGE CRACKERS,2011-12-05/2011-12-11,0.9985975,266.90314,266.5288,266.90314,219.9976,202.0,268.75,0.0
104,XGBoostPoisson,22791,T-LIGHT GLASS FLUTED ANTIQUE,2011-12-05/2011-12-11,1.0,355.81738,355.81738,355.81738,219.22833,387.0,314.75,0.0
105,XGBoostPoisson,20727,LUNCH BAG  BLACK SKULL.,2011-12-05/2011-12-11,0.9985975,328.96094,328.49957,328.96094,219.21632,281.0,319.75,0.0
106,XGBoostPoisson,84029E,RED WOOLLY HOTTIE WHITE HEART.,2011-12-05/2011-12-11,0.99381953,256.72522,255.13853,256.72522,219.08444,327.0,324.75,0.0
107,XGBoostPoisson,21498,RED RETROSPOT WRAP ,2011-12-05/2011-12-11,0.9985975,285.39667,284.9964,285.39667,216.49776,275.0,256.25,0.0
108,XGBoostPoisson,23076,ICE CREAM SUNDAE LIP GLOSS,2011-12-05/2011-12-11,0.9985975,303.38892,302.9634,303.38892,216.32697,271.0,274.0,0.0
109,XGBoostPoisson,22382,LUNCH BAG SPACEBOY DESIGN ,2011-12-05/2011-12-11,0.9958333,244.3054,243.28745,244.3054,212.59235,125.0,339.0,0.0
110,XGBoostPoisson,22560,TRADITIONAL MODELLING CLAY,2011-12-05/2011-12-11,0.99775785,327.01022,326.277,327.01022,211.73212,406.0,230.75,0.0
111,XGBoostPoisson,22356,CHARLOTTE BAG PINK POLKADOT,2011-12-05/2011-12-11,0.9985975,306.09885,305.66956,306.09885,209.71608,209.0,322.5,0.0
112,XGBoostPoisson,22489,PACK OF 12 TRADITIONAL CRAYONS,2011-12-05/2011-12-11,0.99583334,299.4334,298.18576,299.4334,209.23982,251.0,271.0,0.0
113,XGBoostPoisson,21213,PACK OF 72 SKULL CAKE CASES,2011-12-05/2011-12-11,0.9977578,263.58936,262.99832,263.58936,209.07895,210.0,138.5,0.0
114,XGBoostPoisson,23103,JINGLE BELL HEART DECORATION,2011-12-05/2011-12-11,1.0,278.4791,278.4791,278.4791,207.96106,235.0,239.25,0.0
115,XGBoostPoisson,21326,AGED GLASS SILVER T-LIGHT HOLDER,2011-12-05/2011-12-11,0.9985975,285.85507,285.45416,285.85507,204.89534,332.0,269.75,0.0
116,XGBoostPoisson,22726,ALARM CLOCK BAKELIKE GREEN,2011-12-05/2011-12-11,0.9985975,397.23816,396.68103,397.23816,204.66109,294.0,239.5,0.0
117,XGBoostPoisson,23354,6 GIFT TAGS 50'S CHRISTMAS ,2011-12-05/2011-12-11,1.0,293.94537,293.94537,293.94537,203.80011,233.0,297.25,0.0
118,XGBoostPoisson,22621,TRADITIONAL KNITTING NANCY,2011-12-05/2011-12-11,0.99859744,272.6504,272.26797,272.6504,202.66269,196.0,318.0,0.0
119,XGBoostPoisson,22077,6 RIBBONS RUSTIC CHARM,2011-12-05/2011-12-11,0.99775785,303.48254,302.8021,303.48254,202.1397,182.0,208.25,0.0
120,XGBoostPoisson,23319,BOX OF 6 MINI 50'S CRACKERS,2011-12-05/2011-12-11,0.9985975,275.81418,275.42734,275.81418,200.63072,218.0,310.0,0.0
121,XGBoostPoisson,84568,GIRLS ALPHABET IRON ON PATCHES ,2011-12-05/2011-12-11,0.9849624,279.16107,274.96317,279.16107,200.03177,354.0,269.5,0.0
122,XGBoostPoisson,22610,PENS ASSORTED FUNNY FACE,2011-12-05/2011-12-11,0.9849624,157.89386,155.51952,157.89386,198.47284,72.0,297.5,0.0
123,XGBoostPoisson,22467,GUMBALL COAT RACK,2011-12-05/2011-12-11,0.9985975,300.80103,300.37915,300.80103,197.52324,252.0,203.0,0.0
124,XGBoostPoisson,22727,ALARM CLOCK BAKELIKE RED ,2011-12-05/2011-12-11,0.9985975,294.6965,294.2832,294.6965,197.2645,266.0,223.75,0.0
125,XGBoostPoisson,23351,ROLL WRAP 50'S CHRISTMAS,2011-12-05/2011-12-11,0.9985975,275.2937,274.9076,275.2937,197.25668,195.0,297.75,0.0
126,XGBoostPoisson,85099F,JUMBO BAG STRAWBERRY,2011-12-05/2011-12-11,0.99775785,235.4124,234.88457,235.4124,197.00298,436.0,246.25,0.0
127,XGBoostPoisson,23321,SMALL WHITE HEART OF WICKER,2011-12-05/2011-12-11,0.9985975,323.4085,322.95493,323.4085,196.33592,203.0,287.5,0.0
128,XGBoostPoisson,84378,SET OF 3 HEART COOKIE CUTTERS,2011-12-05/2011-12-11,0.9958333,204.78598,203.9327,204.78598,195.55351,912.0,347.75,0.0
129,XGBoostPoisson,22551,PLASTERS IN TIN SPACEBOY,2011-12-05/2011-12-11,0.99775785,271.8672,271.25763,271.8672,194.10185,164.0,276.0,0.0
130,XGBoostPoisson,84947,ANTIQUE SILVER TEA GLASS ENGRAVED,2011-12-05/2011-12-11,0.9977578,238.63571,238.10065,238.63571,193.85915,377.0,308.0,0.0
131,XGBoostPoisson,22111,SCOTTIE DOG HOT WATER BOTTLE,2011-12-05/2011-12-11,0.99583334,256.26917,255.20139,256.26917,193.17906,246.0,242.5,0.0
132,XGBoostPoisson,22158,3 HEARTS HANGING DECORATION RUSTIC,2011-12-05/2011-12-11,0.99381953,233.56067,232.11716,233.56067,191.82275,116.0,301.25,0.0
133,XGBoostPoisson,22154,ANGEL DECORATION 3 BUTTONS ,2011-12-05/2011-12-11,0.9849624,180.6023,177.88647,180.6023,191.60326,89.0,256.5,0.0
134,XGBoostPoisson,23284,DOORMAT KEEP CALM AND COME IN,2011-12-05/2011-12-11,0.9938196,256.74045,255.15369,256.74045,190.72763,139.0,159.25,0.0
135,XGBoostPoisson,22734,SET OF 6 RIBBONS VINTAGE CHRISTMAS,2011-12-05/2011-12-11,0.9938196,211.64134,210.33331,211.64134,189.51474,149.0,292.25,0.0
136,XGBoostPoisson,23378,PACK OF 12 50'S CHRISTMAS TISSUES,2011-12-05/2011-12-11,0.99775785,141.596,141.27852,141.596,188.33371,81.0,337.25,0.0
137,XGBoostPoisson,21891,TRADITIONAL WOODEN SKIPPING ROPE,2011-12-05/2011-12-11,0.99381953,189.04732,187.87892,189.04732,186.67848,512.0,260.0,0.0
138,XGBoostPoisson,22574,HEART WOODEN CHRISTMAS DECORATION,2011-12-05/2011-12-11,0.9958334,205.24542,204.39024,205.24542,186.40727,404.0,255.25,0.0
139,XGBoostPoisson,21479,WHITE SKULL HOT WATER BOTTLE ,2011-12-05/2011-12-11,0.9958333,183.93593,183.16953,183.93593,185.59352,178.0,235.0,0.0
140,XGBoostPoisson,20723,STRAWBERRY CHARLOTTE BAG,2011-12-05/2011-12-11,0.9985975,278.03915,277.6492,278.03915,184.2889,270.0,231.25,0.0
141,XGBoostPoisson,22457,NATURAL SLATE HEART CHALKBOARD ,2011-12-05/2011-12-11,0.9977579,274.16693,273.55222,274.16693,183.00835,234.0,210.0,0.0
142,XGBoostPoisson,84992,72 SWEETHEART FAIRY CAKE CASES,2011-12-05/2011-12-11,0.9985975,204.9402,204.65277,204.9402,182.75676,209.0,230.0,0.0
143,XGBoostPoisson,23349,ROLL WRAP VINTAGE CHRISTMAS,2011-12-05/2011-12-11,0.9985975,271.91663,271.53528,271.91663,182.43279,194.0,259.0,0.0
144,XGBoostPoisson,22659,LUNCH BOX I LOVE LONDON,2011-12-05/2011-12-11,0.99775785,234.4419,233.91624,234.4419,181.76028,272.0,162.5,0.0
145,XGBoostPoisson,20728,LUNCH BAG CARS BLUE,2011-12-05/2011-12-11,0.9977579,220.17476,219.6811,220.17476,181.46368,146.0,221.0,0.0
146,XGBoostPoisson,22554,PLASTERS IN TIN WOODLAND ANIMALS,2011-12-05/2011-12-11,0.99775785,250.07812,249.51741,250.07812,181.22934,124.0,259.75,0.0
147,XGBoostPoisson,22666,RECIPE BOX PANTRY YELLOW DESIGN,2011-12-05/2011-12-11,0.9985975,234.25546,233.92693,234.25546,181.08188,166.0,195.25,0.0
148,XGBoostPoisson,82494L,WOODEN FRAME ANTIQUE WHITE ,2011-12-05/2011-12-11,0.9977578,255.41458,254.84189,255.41458,180.92714,268.0,232.5,0.0
149,XGBoostPoisson,23275,SET OF 3 HANGING OWLS OLLIE BEAK,2011-12-05/2011-12-11,0.99859756,270.63535,270.2558,270.63535,179.68666,155.0,308.25,0.0
150,XGBoostPoisson,21703,BAG 125g SWIRLY MARBLES,2011-12-05/2011-12-11,0.9849624,141.90611,139.77219,141.90611,179.64331,97.0,203.75,0.0
151,XGBoostPoisson,21080,SET/20 RED RETROSPOT PAPER NAPKINS ,2011-12-05/2011-12-11,0.9977578,268.94894,268.34592,268.94894,179.50288,118.0,217.75,0.0
152,XGBoostPoisson,23204,CHARLOTTE BAG APPLES DESIGN,2011-12-05/2011-12-11,1.0,279.36633,279.36633,279.36633,178.85628,191.0,245.75,0.0
153,XGBoostPoisson,23313,VINTAGE CHRISTMAS BUNTING,2011-12-05/2011-12-11,0.9985975,193.44196,193.17065,193.44196,178.49435,266.0,294.75,0.0
154,XGBoostPoisson,21497,FANCY FONTS BIRTHDAY WRAP,2011-12-05/2011-12-11,0.9886148,197.5164,195.26764,197.5164,178.35364,175.0,162.5,0.0
155,XGBoostPoisson,22835,HOT WATER BOTTLE I AM SO POORLY,2011-12-05/2011-12-11,0.9985975,249.17775,248.82828,249.17775,176.54619,253.0,251.75,0.0
156,XGBoostPoisson,23263,SET OF 3 WOODEN HEART DECORATIONS,2011-12-05/2011-12-11,0.9985975,274.04965,273.66528,274.04965,176.24641,164.0,256.0,0.0
157,XGBoostPoisson,22383,LUNCH BAG SUKI  DESIGN ,2011-12-05/2011-12-11,0.99775785,247.69469,247.13931,247.69469,174.74298,136.0,199.75,0.0
158,XGBoostPoisson,22960,JAM MAKING SET WITH JARS,2011-12-05/2011-12-11,1.0,283.83673,283.83673,283.83673,174.45177,350.0,211.75,0.0
159,XGBoostPoisson,23376,PACK OF 12 VINTAGE CHRISTMAS TISSUE,2011-12-05/2011-12-11,0.9985975,176.84447,176.59645,176.84447,173.2714,129.0,277.25,0.0
160,XGBoostPoisson,82482,WOODEN PICTURE FRAME WHITE FINISH,2011-12-05/2011-12-11,0.9977579,220.70184,220.20702,220.70184,172.70428,216.0,179.25,0.0
161,XGBoostPoisson,72741,GRAND CHOCOLATECANDLE,2011-12-05/2011-12-11,0.99583334,230.18053,229.22144,230.18053,172.57118,237.0,214.25,0.0
162,XGBoostPoisson,20992,JAZZ HEARTS PURSE NOTEBOOK,2011-12-05/2011-12-11,0.9958333,197.18349,196.36188,197.18349,171.86798,350.0,258.5,0.0
163,XGBoostPoisson,20713,JUMBO BAG OWLS,2011-12-05/2011-12-11,0.98496246,243.9529,240.28444,243.9529,170.84938,427.0,227.0,0.0
164,XGBoostPoisson,22609,PENS ASSORTED SPACEBALL,2011-12-05/2011-12-11,0.9736842,209.29492,203.78716,209.29492,168.89452,180.0,271.0,0.0
165,XGBoostPoisson,22326,ROUND SNACK BOXES SET OF4 WOODLAND ,2011-12-05/2011-12-11,0.99775785,218.91669,218.42584,218.91669,168.20807,145.0,212.0,0.0
166,XGBoostPoisson,22138,BAKING SET 9 PIECE RETROSPOT ,2011-12-05/2011-12-11,0.9886148,207.48544,205.12318,207.48544,167.62381,188.0,263.0,0.0
167,XGBoostPoisson,20712,JUMBO BAG WOODLAND ANIMALS,2011-12-05/2011-12-11,0.99583334,233.46715,232.49437,233.46715,166.89055,133.0,171.75,0.0
168,XGBoostPoisson,22141,CHRISTMAS CRAFT TREE TOP ANGEL,2011-12-05/2011-12-11,0.9849624,169.24362,166.69861,169.24362,166.50995,149.0,202.0,0.0
169,XGBoostPoisson,84212,"ASSORTED FLOWER COLOUR ""LEIS""",2011-12-05/2011-12-11,0.9526412,151.78822,144.59972,151.78822,166.3395,480.0,141.25,0.0
170,XGBoostPoisson,22142,CHRISTMAS CRAFT WHITE FAIRY ,2011-12-05/2011-12-11,0.9849624,176.69205,174.03502,176.69205,166.30682,116.0,218.25,0.0
171,XGBoostPoisson,23295,SET OF 12 MINI LOAF BAKING CASES,2011-12-05/2011-12-11,1.0,209.7014,209.7014,209.7014,166.23918,157.0,207.25,0.0
172,XGBoostPoisson,22561,WOODEN SCHOOL COLOURING SET,2011-12-05/2011-12-11,0.9977578,273.8193,273.20535,273.8193,166.12927,155.0,221.75,0.0
173,XGBoostPoisson,22573,STAR WOODEN CHRISTMAS DECORATION,2011-12-05/2011-12-11,0.99775785,195.42847,194.99028,195.42847,166.08769,353.0,210.75,0.0
174,XGBoostPoisson,23188,VINTAGE  2 METER FOLDING RULER,2011-12-05/2011-12-11,0.9985975,239.84369,239.50731,239.84369,165.90541,207.0,266.5,0.0
175,XGBoostPoisson,15036,ASSORTED COLOURS SILK FAN,2011-12-05/2011-12-11,0.9886148,211.07693,208.67378,211.07693,165.8113,143.0,147.75,0.0
176,XGBoostPoisson,20972,PINK CREAM FELT CRAFT TRINKET BOX ,2011-12-05/2011-12-11,0.99583334,193.80016,192.99266,193.80016,165.80006,159.0,219.5,0.0
177,XGBoostPoisson,16014,SMALL CHINESE STYLE SCISSOR,2011-12-05/2011-12-11,0.83053434,155.83644,129.42752,155.83644,165.06218,71.0,148.75,0.0
178,XGBoostPoisson,22969,HOMEMADE JAM SCENTED CANDLES,2011-12-05/2011-12-11,0.9977579,199.72234,199.27454,199.72234,164.056,142.0,127.25,0.0
179,XGBoostPoisson,84978,HANGING HEART JAR T-LIGHT HOLDER,2011-12-05/2011-12-11,0.99775785,185.87454,185.45778,185.87454,163.06418,267.0,295.5,0.0
180,XGBoostPoisson,22596,CHRISTMAS STAR WISH LIST CHALKBOARD,2011-12-05/2011-12-11,0.99775785,181.15787,180.75168,181.15787,162.21243,277.0,242.0,0.0
181,XGBoostPoisson,23434,3 RAFFIA RIBBONS 50'S CHRISTMAS ,2011-12-05/2011-12-11,0.99775785,143.71977,143.39754,143.71977,161.61978,117.0,205.25,0.0
182,XGBoostPoisson,23328,SET 6 SCHOOL MILK BOTTLES IN CRATE,2011-12-05/2011-12-11,1.0,228.5923,228.5923,228.5923,160.97841,243.0,238.25,0.0
183,XGBoostPoisson,23245,SET OF 3 REGENCY CAKE TINS,2011-12-05/2011-12-11,0.9985975,231.0562,230.73215,231.0562,159.39545,167.0,180.75,0.0
184,XGBoostPoisson,71459,HANGING JAM JAR T-LIGHT HOLDER,2011-12-05/2011-12-11,0.99775785,215.78734,215.30351,215.78734,159.31187,124.0,200.0,0.0
185,XGBoostPoisson,22151,PLACE SETTING WHITE HEART,2011-12-05/2011-12-11,0.99775785,199.62634,199.17876,199.62634,158.88293,239.0,171.25,0.0
186,XGBoostPoisson,22593,CHRISTMAS GINGHAM STAR,2011-12-05/2011-12-11,0.9958334,190.13408,189.34187,190.13408,158.82825,170.0,168.5,0.0
187,XGBoostPoisson,22385,JUMBO BAG SPACEBOY DESIGN,2011-12-05/2011-12-11,0.99775785,224.40619,223.90303,224.40619,158.64417,333.0,223.25,0.0
188,XGBoostPoisson,21928,JUMBO BAG SCANDINAVIAN PAISLEY,2011-12-05/2011-12-11,0.99775785,206.22275,205.76036,206.22275,158.55432,216.0,177.25,0.0
189,XGBoostPoisson,22630,DOLLY GIRL LUNCH BOX,2011-12-05/2011-12-11,0.9985975,232.04367,231.71823,232.04367,158.3248,116.0,200.0,0.0
190,XGBoostPoisson,47566,PARTY BUNTING,2011-12-05/2011-12-11,0.9977579,217.41533,216.92787,217.41533,158.19916,105.0,228.25,0.0
191,XGBoostPoisson,23078,ICE CREAM PEN LIP GLOSS ,2011-12-05/2011-12-11,0.9985975,208.34456,208.05235,208.34456,157.60065,105.0,252.75,0.0
192,XGBoostPoisson,23005,TRAVEL CARD WALLET I LOVE LONDON,2011-12-05/2011-12-11,0.9977578,199.02504,198.57878,199.02504,157.55077,157.0,196.75,0.0
193,XGBoostPoisson,21818,GLITTER CHRISTMAS HEART ,2011-12-05/2011-12-11,0.9736842,184.66348,179.80391,184.66348,156.76428,63.0,270.75,0.0
194,XGBoostPoisson,22599,CHRISTMAS MUSICAL ZINC STAR,2011-12-05/2011-12-11,0.9849624,168.65376,166.11761,168.65376,156.7071,186.0,185.75,0.0
195,XGBoostPoisson,22030,SWALLOWS GREETING CARD,2011-12-05/2011-12-11,0.9129512,195.76173,178.7209,195.76173,156.59447,676.0,256.25,0.0
196,XGBoostPoisson,85049A,TRADITIONAL CHRISTMAS RIBBONS,2011-12-05/2011-12-11,0.9958333,160.6804,160.0109,160.6804,155.45766,255.0,200.5,0.0
197,XGBoostPoisson,21231,SWEETHEART CERAMIC TRINKET BOX,2011-12-05/2011-12-11,0.9977578,198.86914,198.42323,198.86914,155.24327,189.0,157.25,0.0
198,XGBoostPoisson,22693,GROW A FLYTRAP OR SUNFLOWER IN TIN,2011-12-05/2011-12-11,0.99775785,181.25822,180.85182,181.25822,154.9685,363.0,235.5,0.0
199,XGBoostPoisson,22992,REVOLVER WOODEN RULER ,2011-12-05/2011-12-11,0.9985975,227.07506,226.75659,227.07506,154.39284,185.0,218.0,0.0
200,XGBoostPoisson,23200,JUMBO BAG PEARS,2011-12-05/2011-12-11,1.0,213.42911,213.42911,213.42911,153.797,172.0,168.0,0.0
201,XGBoostPoisson,22139,RETROSPOT TEA SET CERAMIC 11 PC ,2011-12-05/2011-12-11,0.9924051,165.35387,164.09802,165.35387,153.10393,162.0,204.75,0.0
202,XGBoostPoisson,22988,SOLDIERS EGG CUP ,2011-12-05/2011-12-11,0.9985975,277.86105,277.47134,277.86105,151.65791,255.0,183.0,0.0
203,XGBoostPoisson,22699,ROSES REGENCY TEACUP AND SAUCER ,2011-12-05/2011-12-11,0.9977578,192.9825,192.54979,192.9825,150.97614,128.0,147.25,0.0
204,XGBoostPoisson,84949,SILVER HANGING T-LIGHT HOLDER,2011-12-05/2011-12-11,0.9977578,174.30771,173.91687,174.30771,150.97095,231.0,200.0,0.0
205,XGBoostPoisson,22585,PACK OF 6 BIRDY GIFT TAGS,2011-12-05/2011-12-11,0.9938195,158.20293,157.22514,158.20293,150.67206,105.0,171.0,0.0
206,XGBoostPoisson,22558,CLOTHES PEGS RETROSPOT PACK 24 ,2011-12-05/2011-12-11,0.9985975,162.84479,162.6164,162.84479,149.92093,178.0,124.0,0.0
207,XGBoostPoisson,22384,LUNCH BAG PINK POLKADOT,2011-12-05/2011-12-11,0.99775785,170.6517,170.26907,170.6517,149.5237,149.0,170.0,0.0
208,XGBoostPoisson,23298,SPOTTY BUNTING,2011-12-05/2011-12-11,0.9985975,215.84315,215.54044,215.84315,149.49632,112.0,208.25,0.0
209,XGBoostPoisson,22594,CHRISTMAS GINGHAM TREE,2011-12-05/2011-12-11,0.99381953,207.019,205.73952,207.019,148.8606,238.0,183.25,0.0
210,XGBoostPoisson,22161,HEART DECORATION RUSTIC HANGING ,2011-12-05/2011-12-11,0.99583334,172.80656,172.08653,172.80656,148.44458,81.0,109.25,0.0
211,XGBoostPoisson,23207,LUNCH BAG ALPHABET DESIGN,2011-12-05/2011-12-11,0.99859756,215.92685,215.62402,215.92685,148.39299,113.0,207.5,0.0
212,XGBoostPoisson,20914,SET/5 RED RETROSPOT LID GLASS BOWLS,2011-12-05/2011-12-11,0.99775785,180.85818,180.45267,180.85818,146.55112,234.0,174.75,0.0
213,XGBoostPoisson,22951,60 CAKE CASES DOLLY GIRL DESIGN,2011-12-05/2011-12-11,0.9977578,195.96985,195.53044,195.96985,144.96494,84.0,194.25,0.0
214,XGBoostPoisson,21210,SET OF 72 RETROSPOT PAPER  DOILIES,2011-12-05/2011-12-11,0.9958333,191.34596,190.54868,191.34596,144.79092,174.0,203.5,0.0
215,XGBoostPoisson,22418,10 COLOUR SPACEBOY PEN,2011-12-05/2011-12-11,0.99775785,180.07544,179.67168,180.07544,144.51227,97.0,185.25,0.0
216,XGBoostPoisson,23350,ROLL WRAP VINTAGE SPOT ,2011-12-05/2011-12-11,0.9985975,147.56668,147.35973,147.56668,143.62004,141.0,188.25,0.0
217,XGBoostPoisson,21495,SKULLS AND CROSSBONES WRAP,2011-12-05/2011-12-11,0.98496234,166.76312,164.2554,166.76312,143.41098,100.0,212.5,0.0
218,XGBoostPoisson,22792,FLUTED ANTIQUE CANDLE HOLDER,2011-12-05/2011-12-11,0.99775785,133.33875,133.03978,133.33875,142.81407,270.0,230.5,0.0
219,XGBoostPoisson,21975,PACK OF 60 DINOSAUR CAKE CASES,2011-12-05/2011-12-11,0.9938196,161.0854,160.08983,161.0854,142.17068,100.0,161.75,0.0
220,XGBoostPoisson,84692,BOX OF 24 COCKTAIL PARASOLS,2011-12-05/2011-12-11,0.99583334,173.4755,172.75269,173.4755,141.89992,86.0,156.75,0.0
221,XGBoostPoisson,22556,PLASTERS IN TIN CIRCUS PARADE ,2011-12-05/2011-12-11,0.9958333,211.66953,210.78755,211.66953,141.73302,130.0,172.75,0.0
222,XGBoostPoisson,22571,ROCKING HORSE RED CHRISTMAS ,2011-12-05/2011-12-11,0.99381953,175.83293,174.7462,175.83293,141.09135,142.0,170.75,0.0
223,XGBoostPoisson,85199S,SMALL HANGING IVORY/RED WOOD BIRD,2011-12-05/2011-12-11,0.98749995,150.38094,148.50116,150.38094,140.56978,180.0,171.75,0.0
224,XGBoostPoisson,84755,COLOUR GLASS T-LIGHT HOLDER HANGING,2011-12-05/2011-12-11,0.9886148,144.07457,142.43425,144.07457,140.44583,40.0,214.0,0.0
225,XGBoostPoisson,22759,SET OF 3 NOTEBOOKS IN PARCEL,2011-12-05/2011-12-11,0.9977578,144.53436,144.21028,144.53436,139.71988,147.0,205.0,0.0
226,XGBoostPoisson,22728,ALARM CLOCK BAKELIKE PINK,2011-12-05/2011-12-11,0.99775785,150.13881,149.80217,150.13881,139.27122,241.0,138.75,0.0
227,XGBoostPoisson,22741,FUNKY DIVA PEN,2011-12-05/2011-12-11,0.9985975,181.56187,181.30724,181.56187,138.91737,112.0,147.75,0.0
228,XGBoostPoisson,23311,VINTAGE CHRISTMAS STOCKING ,2011-12-05/2011-12-11,0.99859744,157.32648,157.10582,157.32648,138.33179,144.0,189.25,0.0
229,XGBoostPoisson,22720,SET OF 3 CAKE TINS PANTRY DESIGN ,2011-12-05/2011-12-11,0.9977578,168.8243,168.44576,168.8243,138.30296,160.0,112.25,0.0
230,XGBoostPoisson,22340,NOEL GARLAND PAINTED ZINC ,2011-12-05/2011-12-11,0.9526412,135.17023,128.76872,135.17023,137.9377,132.0,175.25,0.0
231,XGBoostPoisson,22608,PENS ASSORTED FUNKY JEWELED ,2011-12-05/2011-12-11,0.9861496,125.47796,123.74004,125.47796,137.2418,92.0,152.25,0.0
232,XGBoostPoisson,22417,PACK OF 60 SPACEBOY CAKE CASES,2011-12-05/2011-12-11,0.992405,168.85855,167.57607,168.85855,136.91478,107.0,137.5,0.0
233,XGBoostPoisson,23296,SET OF 6 TEA TIME BAKING CASES,2011-12-05/2011-12-11,0.9985975,133.22816,133.0413,133.22816,136.28882,98.0,205.5,0.0
234,XGBoostPoisson,22153,ANGEL DECORATION STARS ON DRESS,2011-12-05/2011-12-11,0.9849624,139.29002,137.19543,139.29002,135.56795,118.0,211.0,0.0
235,XGBoostPoisson,23205,CHARLOTTE BAG VINTAGE ALPHABET ,2011-12-05/2011-12-11,0.9985975,171.72151,171.48067,171.72151,135.05609,92.0,194.0,0.0
236,XGBoostPoisson,21499,BLUE POLKADOT WRAP,2011-12-05/2011-12-11,0.99381953,160.61694,159.62425,160.61694,134.66626,100.0,168.75,0.0
237,XGBoostPoisson,23210,WHITE ROCKING HORSE HAND PAINTED,2011-12-05/2011-12-11,0.9977578,155.84363,155.4942,155.84363,134.60599,105.0,180.75,0.0
238,XGBoostPoisson,85152,HAND OVER THE CHOCOLATE   SIGN ,2011-12-05/2011-12-11,0.9695238,142.63698,138.28995,142.63698,133.84982,486.0,145.5,0.0
239,XGBoostPoisson,23198,PANTRY MAGNETIC  SHOPPING LIST,2011-12-05/2011-12-11,0.9977578,150.36043,150.02328,150.36043,133.05331,164.0,123.25,0.0
240,XGBoostPoisson,22555,PLASTERS IN TIN STRONGMAN,2011-12-05/2011-12-11,0.99583334,243.33171,242.31783,243.33171,132.99814,151.0,161.5,0.0
241,XGBoostPoisson,23100,SILVER BELLS TABLE DECORATION,2011-12-05/2011-12-11,0.9977578,160.99562,160.63463,160.99562,132.92116,133.0,148.0,0.0
242,XGBoostPoisson,16237,SLEEPING CAT ERASERS,2011-12-05/2011-12-11,0.99583334,153.59116,152.95119,153.59116,132.6549,270.0,168.75,0.0
243,XGBoostPoisson,22553,PLASTERS IN TIN SKULLS,2011-12-05/2011-12-11,0.9977578,195.95775,195.51837,195.95775,132.4034,128.0,150.75,0.0
244,XGBoostPoisson,23356,LOVE HOT WATER BOTTLE,2011-12-05/2011-12-11,0.9985975,118.06254,117.89696,118.06254,132.35776,99.0,171.75,0.0
245,XGBoostPoisson,21098,CHRISTMAS TOILET ROLL,2011-12-05/2011-12-11,0.9736842,141.13777,137.42361,141.13777,132.22636,128.0,101.5,0.0
246,XGBoostPoisson,84832,ZINC WILLIE WINKIE  CANDLE STICK,2011-12-05/2011-12-11,0.99583334,132.47566,131.92368,132.47566,132.05063,143.0,131.25,0.0
247,XGBoostPoisson,21481,FAWN BLUE HOT WATER BOTTLE,2011-12-05/2011-12-11,0.99583334,168.13954,167.43896,168.13954,131.61253,141.0,142.5,0.0
248,XGBoostPoisson,23232,WRAP VINTAGE LEAF DESIGN,2011-12-05/2011-12-11,0.9736842,118.4264,115.30991,118.4264,131.28911,25.0,162.5,0.0
249,XGBoostPoisson,21500,PINK POLKADOT WRAP ,2011-12-05/2011-12-11,0.99775785,132.1855,131.88911,132.1855,129.31389,275.0,143.75,0.0
250,XGBoostPoisson,75049L,LARGE CIRCULAR MIRROR MOBILE,2011-12-05/2011-12-11,0.97333336,108.83027,105.92813,108.83027,129.2989,210.0,187.25,0.0
251,XGBoostPoisson,23333,IVORY WICKER HEART MEDIUM,2011-12-05/2011-12-11,0.9985975,142.66144,142.46135,142.66144,128.73195,146.0,167.0,0.0
252,XGBoostPoisson,21929,JUMBO BAG PINK VINTAGE PAISLEY,2011-12-05/2011-12-11,0.9977579,163.37363,163.00732,163.37363,128.1332,108.0,169.75,0.0
253,XGBoostPoisson,22029,SPACEBOY BIRTHDAY CARD,2011-12-05/2011-12-11,0.9938196,140.17233,139.30602,140.17233,127.52627,90.0,132.0,0.0
254,XGBoostPoisson,23320,GIANT 50'S CHRISTMAS CRACKER,2011-12-05/2011-12-11,0.9985975,148.99832,148.78935,148.99832,127.294556,180.0,178.5,0.0
255,XGBoostPoisson,21704,BAG 250g SWIRLY MARBLES,2011-12-05/2011-12-11,0.99240506,143.98827,142.89468,143.98827,127.13823,76.0,163.0,0.0
256,XGBoostPoisson,22273,FELTCRAFT DOLL MOLLY,2011-12-05/2011-12-11,0.9886148,114.3299,113.02824,114.3299,126.83843,99.0,76.5,0.0
257,XGBoostPoisson,23167,SMALL CERAMIC TOP STORAGE JAR ,2011-12-05/2011-12-11,0.9977578,159.5745,159.21669,159.5745,126.06681,123.0,136.5,0.0
258,XGBoostPoisson,23264,SET OF 3 WOODEN SLEIGH DECORATIONS,2011-12-05/2011-12-11,0.9958334,169.98186,169.2736,169.98186,125.92905,116.0,150.25,0.0
259,XGBoostPoisson,22620,4 TRADITIONAL SPINNING TOPS,2011-12-05/2011-12-11,0.9977579,155.30623,154.95802,155.30623,125.1552,154.0,168.0,0.0
260,XGBoostPoisson,51014A,"FEATHER PEN,HOT PINK",2011-12-05/2011-12-11,0.9849624,123.70059,121.84043,123.70059,124.95925,96.0,196.75,0.0
261,XGBoostPoisson,84380,SET OF 3 BUTTERFLY COOKIE CUTTERS,2011-12-05/2011-12-11,0.99583334,143.86035,143.26094,143.86035,123.99071,86.0,120.0,0.0
262,XGBoostPoisson,20726,LUNCH BAG WOODLAND,2011-12-05/2011-12-11,0.9958333,134.41478,133.8547,134.41478,123.34558,77.0,136.0,0.0
263,XGBoostPoisson,21136,PAINTED METAL PEARS ASSORTED,2011-12-05/2011-12-11,0.9938195,137.80286,136.95116,137.80286,122.165306,126.0,121.25,0.0
264,XGBoostPoisson,21930,JUMBO STORAGE BAG SKULLS,2011-12-05/2011-12-11,0.9977579,134.38701,134.08571,134.38701,121.819305,179.0,141.25,0.0
265,XGBoostPoisson,22419,LIPSTICK PEN RED,2011-12-05/2011-12-11,0.9977578,177.1857,176.7884,177.1857,120.94793,275.0,149.25,0.0
266,XGBoostPoisson,21892,TRADITIONAL WOODEN CATCH CUP GAME ,2011-12-05/2011-12-11,0.99775785,129.11162,128.82213,129.11162,120.54903,211.0,175.25,0.0
267,XGBoostPoisson,23208,LUNCH BAG VINTAGE LEAF DESIGN,2011-12-05/2011-12-11,0.99775785,140.50337,140.18834,140.50337,120.46152,91.0,136.5,0.0
268,XGBoostPoisson,23157,SET OF 6 NATIVITY MAGNETS ,2011-12-05/2011-12-11,0.9861496,154.61899,152.47745,154.61899,120.25198,124.0,106.75,0.0
269,XGBoostPoisson,22697,GREEN REGENCY TEACUP AND SAUCER,2011-12-05/2011-12-11,0.9977578,141.82758,141.50957,141.82758,119.13948,155.0,131.5,0.0
270,XGBoostPoisson,21485,RETROSPOT HEART HOT WATER BOTTLE,2011-12-05/2011-12-11,0.9886148,185.91641,183.79971,185.91641,119.02671,106.0,170.5,0.0
271,XGBoostPoisson,84029G,KNITTED UNION FLAG HOT WATER BOTTLE,2011-12-05/2011-12-11,0.9938195,148.88858,147.96837,148.88858,118.846695,123.0,132.25,0.0
272,XGBoostPoisson,23294,SET OF 6 SNACK LOAF BAKING CASES,2011-12-05/2011-12-11,0.99775785,99.869385,99.64546,99.869385,118.71892,70.0,121.0,0.0
273,XGBoostPoisson,23308,SET OF 60 VINTAGE LEAF CAKE CASES ,2011-12-05/2011-12-11,0.99583334,140.71939,140.13306,140.71939,118.53593,93.0,81.5,0.0
274,XGBoostPoisson,23240,SET OF 4 KNICK KNACK TINS DOILY ,2011-12-05/2011-12-11,0.99775785,158.59732,158.24171,158.59732,118.5244,117.0,126.5,0.0
275,XGBoostPoisson,22996,TRAVEL CARD WALLET VINTAGE TICKET,2011-12-05/2011-12-11,0.9977579,161.51819,161.15605,161.51819,117.83459,153.0,135.25,0.0
276,XGBoostPoisson,23266,SET OF 3 WOODEN STOCKING DECORATION,2011-12-05/2011-12-11,0.9977579,166.29517,165.92232,166.29517,117.550735,108.0,146.25,0.0
277,XGBoostPoisson,23326,HANGING MINI COLOURED BOTTLES,2011-12-05/2011-12-11,0.99583334,136.01689,135.45015,136.01689,117.127464,388.0,141.75,0.0
278,XGBoostPoisson,22379,RECYCLING BAG RETROSPOT ,2011-12-05/2011-12-11,0.9958334,149.86252,149.2381,149.86252,116.98468,147.0,105.75,0.0
279,XGBoostPoisson,84970S,HANGING HEART ZINC T-LIGHT HOLDER,2011-12-05/2011-12-11,0.9977578,151.40279,151.06331,151.40279,115.68773,264.0,143.5,0.0
280,XGBoostPoisson,22530,MAGIC DRAWING SLATE DOLLY GIRL ,2011-12-05/2011-12-11,0.99240506,138.24164,137.1917,138.24164,114.69628,101.0,165.5,0.0
281,XGBoostPoisson,21135,VICTORIAN  METAL POSTCARD SPRING,2011-12-05/2011-12-11,0.9736842,46.291603,45.073402,46.291603,114.56018,25.0,328.25,0.0
282,XGBoostPoisson,23083,SET 6 PAPER TABLE LANTERN STARS ,2011-12-05/2011-12-11,0.99775785,159.08704,158.73035,159.08704,114.172935,231.0,173.25,0.0
283,XGBoostPoisson,22945,CHRISTMAS METAL TAGS ASSORTED ,2011-12-05/2011-12-11,0.9886148,134.029,132.50307,134.029,114.15541,88.0,125.5,0.0
284,XGBoostPoisson,16008,SMALL FOLDING SCISSOR(POINTED EDGE),2011-12-05/2011-12-11,0.9631336,102.071594,98.30858,102.071594,114.067696,312.0,142.25,0.0
285,XGBoostPoisson,23192,BUNDLE OF 3 ALPHABET EXERCISE BOOKS,2011-12-05/2011-12-11,0.99775785,137.63333,137.32474,137.63333,113.877266,70.0,168.25,0.0
286,XGBoostPoisson,23445,ICE CREAM BUBBLES,2011-12-05/2011-12-11,0.9977578,115.16429,114.90607,115.16429,113.76704,80.0,100.5,0.0
287,XGBoostPoisson,23322,LARGE WHITE HEART OF WICKER,2011-12-05/2011-12-11,0.99775785,139.74686,139.43352,139.74686,113.54369,82.0,138.0,0.0
288,XGBoostPoisson,22113,GREY HEART HOT WATER BOTTLE,2011-12-05/2011-12-11,0.99240506,163.55652,162.31432,163.55652,113.14181,110.0,146.5,0.0
289,XGBoostPoisson,22045,SPACEBOY GIFT WRAP,2011-12-05/2011-12-11,0.9849624,89.671234,88.32279,89.671234,112.99031,50.0,193.75,0.0
290,XGBoostPoisson,84836,ZINC METAL HEART DECORATION,2011-12-05/2011-12-11,0.99381953,137.34027,136.49144,137.34027,112.91544,62.0,132.5,0.0
291,XGBoostPoisson,21015,DARK BIRD HOUSE TREE DECORATION,2011-12-05/2011-12-11,0.9695238,99.925865,96.8805,99.925865,112.49717,80.0,154.75,0.0
292,XGBoostPoisson,15034,PAPER POCKET TRAVELING FAN ,2011-12-05/2011-12-11,0.95264125,75.34333,71.77516,75.34333,112.40982,16.0,44.0,0.0
293,XGBoostPoisson,84375,SET OF 20 KIDS COOKIE CUTTERS,2011-12-05/2011-12-11,0.99583334,167.96092,167.2611,167.96092,111.87668,121.0,131.5,0.0
294,XGBoostPoisson,22557,PLASTERS IN TIN VINTAGE PAISLEY ,2011-12-05/2011-12-11,0.9958333,155.36429,154.71693,155.36429,111.82426,119.0,132.0,0.0
295,XGBoostPoisson,23247,BISCUIT TIN 50'S CHRISTMAS,2011-12-05/2011-12-11,0.99381953,102.518486,101.88487,102.518486,111.76903,120.0,105.75,0.0
296,XGBoostPoisson,22601,CHRISTMAS RETROSPOT ANGEL WOOD,2011-12-05/2011-12-11,0.9886148,121.74223,120.35617,121.74223,111.55121,126.0,115.25,0.0
297,XGBoostPoisson,22576,SWALLOW WOODEN CHRISTMAS DECORATION,2011-12-05/2011-12-11,0.9958334,150.29846,149.67223,150.29846,111.43897,175.0,140.75,0.0
298,XGBoostPoisson,23212,HEART WREATH DECORATION WITH BELL,2011-12-05/2011-12-11,0.9977579,146.69998,146.37106,146.69998,110.733894,140.0,133.25,0.0
299,XGBoostPoisson,21871,SAVE THE PLANET MUG,2011-12-05/2011-12-11,0.99583334,104.13517,103.70127,104.13517,108.9836,107.0,79.75,0.0
300,XGBoostPoisson,22581,WOOD STOCKING CHRISTMAS SCANDISPOT,2011-12-05/2011-12-11,0.9886148,156.08023,154.30322,156.08023,108.971855,287.0,150.5,0.0
301,XGBoostPoisson,22328,ROUND SNACK BOXES SET OF 4 FRUITS ,2011-12-05/2011-12-11,0.9958333,146.39845,145.78845,146.39845,108.84566,96.0,120.75,0.0
302,XGBoostPoisson,22083,PAPER CHAIN KIT RETROSPOT,2011-12-05/2011-12-11,0.9977579,135.02596,134.72322,135.02596,108.75513,101.0,144.75,0.0
303,XGBoostPoisson,23231,WRAP DOILEY DESIGN,2011-12-05/2011-12-11,0.9977579,135.94328,135.63849,135.94328,107.455605,75.0,125.0,0.0
304,XGBoostPoisson,22130,PARTY CONE CHRISTMAS DECORATION ,2011-12-05/2011-12-11,0.97368425,92.92932,90.48382,92.92932,105.649315,66.0,246.0,0.0
305,XGBoostPoisson,22549,PICTURE DOMINOES,2011-12-05/2011-12-11,0.9958334,130.10764,129.56552,130.10764,104.98827,100.0,161.75,0.0
306,XGBoostPoisson,21169,YOU'RE CONFUSING ME METAL SIGN ,2011-12-05/2011-12-11,0.9875001,139.0601,137.32187,139.0601,104.8819,209.0,142.25,0.0
307,XGBoostPoisson,22155,STAR DECORATION RUSTIC,2011-12-05/2011-12-11,0.97368425,82.90777,80.72599,82.90777,104.32549,35.0,181.25,0.0
308,XGBoostPoisson,84596B,SMALL DOLLY MIX DESIGN ORANGE BOWL,2011-12-05/2011-12-11,0.9977579,120.85413,120.58317,120.85413,104.03355,145.0,129.0,0.0
309,XGBoostPoisson,22771,CLEAR DRAWER KNOB ACRYLIC EDWARDIAN,2011-12-05/2011-12-11,0.99775785,120.951546,120.68035,120.951546,103.975075,102.0,119.0,0.0
310,XGBoostPoisson,23166,MEDIUM CERAMIC TOP STORAGE JAR,2011-12-05/2011-12-11,0.9985975,117.04561,116.881454,117.04561,103.74553,119.0,165.5,0.0
311,XGBoostPoisson,23546,WRAP PAISLEY PARK ,2011-12-05/2011-12-11,0.9958333,76.756714,76.43689,76.756714,103.67031,50.0,162.5,0.0
312,XGBoostPoisson,21121,SET/10 RED POLKADOT PARTY CANDLES,2011-12-05/2011-12-11,0.9938196,111.912834,111.22117,111.912834,103.49483,37.0,91.75,0.0
313,XGBoostPoisson,23230,WRAP ALPHABET DESIGN,2011-12-05/2011-12-11,0.97333336,88.56286,86.20119,88.56286,103.46803,25.0,181.25,0.0
314,XGBoostPoisson,22041,"RECORD FRAME 7"" SINGLE SIZE ",2011-12-05/2011-12-11,0.9938195,110.51229,109.82927,110.51229,103.12816,122.0,145.25,0.0
315,XGBoostPoisson,85048,15CM CHRISTMAS GLASS BALL 20 LIGHTS,2011-12-05/2011-12-11,0.9736842,116.10559,113.05018,116.10559,102.93837,171.0,137.25,0.0
316,XGBoostPoisson,21985,PACK OF 12 HEARTS DESIGN TISSUES ,2011-12-05/2011-12-11,0.99240506,112.8415,111.984474,112.8415,102.08734,105.0,99.5,0.0
317,XGBoostPoisson,20996,JAZZ HEARTS ADDRESS BOOK,2011-12-05/2011-12-11,0.99583334,130.14203,129.59978,130.14203,101.967125,145.0,114.25,0.0
318,XGBoostPoisson,22075,6 RIBBONS ELEGANT CHRISTMAS ,2011-12-05/2011-12-11,0.9849624,146.94719,144.73746,146.94719,101.87479,148.0,96.0,0.0
319,XGBoostPoisson,23109,PACK OF SIX LED TEA LIGHTS,2011-12-05/2011-12-11,0.99775785,148.65747,148.32416,148.65747,101.65802,117.0,142.0,0.0
320,XGBoostPoisson,23352,ROLL WRAP 50'S RED CHRISTMAS ,2011-12-05/2011-12-11,0.9977578,111.70492,111.45445,111.70492,101.46324,105.0,104.25,0.0
321,XGBoostPoisson,22694,WICKER STAR ,2011-12-05/2011-12-11,0.99381953,122.11186,121.357155,122.11186,101.442444,83.0,98.0,0.0
322,XGBoostPoisson,23144,ZINC T-LIGHT HOLDER STARS SMALL,2011-12-05/2011-12-11,0.99775785,135.20744,134.90428,135.20744,101.300476,62.0,168.0,0.0
323,XGBoostPoisson,84536A,ENGLISH ROSE NOTEBOOK A7 SIZE,2011-12-05/2011-12-11,0.9938195,117.750824,117.02306,117.750824,100.79974,128.0,120.25,0.0
324,XGBoostPoisson,22722,SET OF 6 SPICE TINS PANTRY DESIGN,2011-12-05/2011-12-11,0.97333336,87.56915,85.23398,87.56915,100.76716,71.0,126.0,0.0
325,XGBoostPoisson,16216,LETTER SHAPE PENCIL SHARPENER,2011-12-05/2011-12-11,0.83053434,90.49638,75.160355,90.49638,100.72978,85.0,87.25,0.0
326,XGBoostPoisson,16161P,WRAP ENGLISH ROSE ,2011-12-05/2011-12-11,0.93664384,107.25105,100.45604,107.25105,100.4433,25.0,56.25,0.0
327,XGBoostPoisson,21935,SUKI  SHOULDER BAG,2011-12-05/2011-12-11,0.9938196,103.973465,103.330864,103.973465,100.14445,163.0,141.75,0.0
328,XGBoostPoisson,35471D,SET OF 3 BIRD LIGHT PINK FEATHER ,2011-12-05/2011-12-11,0.9886148,104.051384,102.86674,104.051384,99.97426,141.0,167.5,0.0
329,XGBoostPoisson,84997D,PINK 3 PIECE MINI DOTS CUTLERY SET,2011-12-05/2011-12-11,0.9938196,128.24394,127.45134,128.24394,99.97006,106.0,173.0,0.0
330,XGBoostPoisson,47591D,PINK FAIRY CAKE CHILDRENS APRON,2011-12-05/2011-12-11,0.9938195,116.1262,115.40848,116.1262,99.24697,101.0,164.75,0.0
331,XGBoostPoisson,51014C,"FEATHER PEN,COAL BLACK",2011-12-05/2011-12-11,0.98496234,84.8707,83.594444,84.8707,99.20671,49.0,194.25,0.0
332,XGBoostPoisson,23168,CLASSIC CAFE SUGAR DISPENSER,2011-12-05/2011-12-11,0.99775785,143.36813,143.04668,143.36813,99.13951,134.0,121.0,0.0
333,XGBoostPoisson,82580,BATHROOM METAL SIGN,2011-12-05/2011-12-11,0.9977579,106.86513,106.62553,106.86513,98.25713,190.0,116.75,0.0
334,XGBoostPoisson,23211,RED ROCKING HORSE HAND PAINTED,2011-12-05/2011-12-11,0.9977579,114.27419,114.01798,114.27419,98.130196,89.0,141.25,0.0
335,XGBoostPoisson,23243,SET OF TEA COFFEE SUGAR TINS PANTRY,2011-12-05/2011-12-11,0.9977579,135.29358,134.99023,135.29358,97.137505,218.0,105.5,0.0
336,XGBoostPoisson,22367,CHILDRENS APRON SPACEBOY DESIGN,2011-12-05/2011-12-11,0.99381953,119.792206,119.051834,119.792206,97.04347,70.0,159.5,0.0
337,XGBoostPoisson,22698,PINK REGENCY TEACUP AND SAUCER,2011-12-05/2011-12-11,0.99583334,106.87521,106.4299,106.87521,96.929474,131.0,110.25,0.0
338,XGBoostPoisson,22661,CHARLOTTE BAG DOLLY GIRL DESIGN,2011-12-05/2011-12-11,0.99775785,103.32402,103.092354,103.32402,96.90563,80.0,95.5,0.0
339,XGBoostPoisson,23545,WRAP RED VINTAGE DOILY,2011-12-05/2011-12-11,0.99775785,109.84087,109.5946,109.84087,95.563194,100.0,106.25,0.0
340,XGBoostPoisson,22646,CERAMIC STRAWBERRY CAKE MONEY BANK,2011-12-05/2011-12-11,0.99775785,113.70347,113.44853,113.70347,95.53317,241.0,193.75,0.0
341,XGBoostPoisson,22147,FELTCRAFT BUTTERFLY HEARTS,2011-12-05/2011-12-11,0.93664384,72.25438,67.67662,72.25438,95.51559,33.0,26.25,0.0
342,XGBoostPoisson,21982,PACK OF 12 SUKI TISSUES ,2011-12-05/2011-12-11,0.99381953,103.45464,102.81525,103.45464,95.33504,27.0,90.0,0.0
343,XGBoostPoisson,23082,SET 6 PAPER TABLE LANTERN HEARTS ,2011-12-05/2011-12-11,0.99775785,124.00843,123.730385,124.00843,94.64448,133.0,134.75,0.0
344,XGBoostPoisson,22662,LUNCH BAG DOLLY GIRL DESIGN,2011-12-05/2011-12-11,0.99775785,88.682915,88.48408,88.682915,94.379036,66.0,123.75,0.0
345,XGBoostPoisson,16156S,WRAP PINK FAIRY CAKES ,2011-12-05/2011-12-11,0.98496234,112.05683,110.37176,112.05683,94.009155,125.0,100.0,0.0
346,XGBoostPoisson,22602,CHRISTMAS RETROSPOT HEART WOOD,2011-12-05/2011-12-11,0.99775785,112.806015,112.553085,112.806015,93.60278,121.0,103.25,0.0
347,XGBoostPoisson,23090,VINTAGE GLASS T-LIGHT HOLDER,2011-12-05/2011-12-11,0.99775785,135.4559,135.15219,135.4559,93.0074,161.0,126.0,0.0
348,XGBoostPoisson,22150,3 STRIPEY MICE FELTCRAFT,2011-12-05/2011-12-11,0.9938195,111.007576,110.32149,111.007576,92.654564,130.0,111.5,0.0
349,XGBoostPoisson,20718,RED RETROSPOT SHOPPER BAG,2011-12-05/2011-12-11,0.99583334,108.98314,108.529045,108.98314,92.12125,111.0,101.75,0.0
350,XGBoostPoisson,85034C,3 ROSE MORRIS BOXED CANDLES,2011-12-05/2011-12-11,0.9631337,82.04317,79.01854,82.04317,91.872604,76.0,127.5,0.0
351,XGBoostPoisson,21908,CHOCOLATE THIS WAY METAL SIGN,2011-12-05/2011-12-11,0.9938196,139.23198,138.37148,139.23198,91.74421,200.0,91.75,0.0
352,XGBoostPoisson,21822,GLITTER CHRISTMAS TREE WITH BELLS,2011-12-05/2011-12-11,0.97053045,96.68814,93.83878,96.68814,91.45728,114.0,116.25,0.0
353,XGBoostPoisson,22580,ADVENT CALENDAR GINGHAM SACK,2011-12-05/2011-12-11,0.9886148,105.05186,103.85582,105.05186,91.30821,110.0,126.0,0.0
354,XGBoostPoisson,22704,WRAP RED APPLES ,2011-12-05/2011-12-11,0.9886148,104.1051,102.919846,104.1051,91.139786,75.0,81.25,0.0
355,XGBoostPoisson,23265,SET OF 3 WOODEN TREE DECORATIONS,2011-12-05/2011-12-11,0.99583334,122.28292,121.77341,122.28292,91.068016,58.0,149.25,0.0
356,XGBoostPoisson,23225,CHERUB HEART DECORATION SILVER ,2011-12-05/2011-12-11,0.9886148,100.04451,98.90548,100.04451,90.747246,187.0,112.25,0.0
357,XGBoostPoisson,21165,BEWARE OF THE CAT METAL SIGN ,2011-12-05/2011-12-11,0.99775785,114.34656,114.09018,114.34656,90.65802,188.0,117.0,0.0
358,XGBoostPoisson,82484,WOOD BLACK BOARD ANT WHITE FINISH,2011-12-05/2011-12-11,0.9938195,115.24803,114.535736,115.24803,89.634514,104.0,69.0,0.0
359,XGBoostPoisson,23170,REGENCY TEA PLATE ROSES ,2011-12-05/2011-12-11,0.9977579,91.856445,91.6505,91.856445,89.54868,52.0,67.0,0.0
360,XGBoostPoisson,23101,SILVER STARS TABLE DECORATION,2011-12-05/2011-12-11,0.99583334,108.7989,108.345566,108.7989,89.46094,84.0,102.75,0.0
361,XGBoostPoisson,82582,AREA PATROLLED METAL SIGN,2011-12-05/2011-12-11,0.99583334,102.25508,101.82902,102.25508,89.456924,189.0,97.75,0.0
362,XGBoostPoisson,22189,CREAM HEART CARD HOLDER,2011-12-05/2011-12-11,0.98861474,84.74365,83.778824,84.74365,88.92221,54.0,50.5,0.0
363,XGBoostPoisson,23374,RED SPOT PAPER GIFT BAG,2011-12-05/2011-12-11,0.9985975,105.49861,105.35065,105.49861,88.60338,136.0,115.25,0.0
364,XGBoostPoisson,22534,MAGIC DRAWING SLATE SPACEBOY ,2011-12-05/2011-12-11,0.9958333,102.83246,102.403984,102.83246,88.52892,61.0,123.0,0.0
365,XGBoostPoisson,21154,RED RETROSPOT OVEN GLOVE ,2011-12-05/2011-12-11,0.9958334,95.68733,95.28864,95.68733,88.482544,136.0,106.25,0.0
366,XGBoostPoisson,22174,PHOTO CUBE,2011-12-05/2011-12-11,0.9958333,105.09612,104.65822,105.09612,88.03748,101.0,99.0,0.0
367,XGBoostPoisson,22348,TEA BAG PLATE RED RETROSPOT,2011-12-05/2011-12-11,0.98861486,111.84087,110.56755,111.84087,88.01629,98.0,101.5,0.0
368,XGBoostPoisson,22739,RIBBON REEL CHRISTMAS SOCK BAUBLE,2011-12-05/2011-12-11,0.9886148,110.17962,108.9252,110.17962,87.7209,74.0,108.5,0.0
369,XGBoostPoisson,22738,RIBBON REEL SNOWY VILLAGE,2011-12-05/2011-12-11,0.9861496,88.980316,87.7479,88.980316,87.435555,66.0,103.0,0.0
370,XGBoostPoisson,22187,GREEN CHRISTMAS TREE CARD HOLDER,2011-12-05/2011-12-11,0.9705305,87.452156,84.874985,87.452156,87.26324,66.0,121.75,0.0
371,XGBoostPoisson,22600,CHRISTMAS RETROSPOT STAR WOOD,2011-12-05/2011-12-11,0.9938196,107.81833,107.15197,107.81833,87.256454,86.0,109.0,0.0
372,XGBoostPoisson,22294,HEART FILIGREE DOVE  SMALL,2011-12-05/2011-12-11,0.99240506,108.92259,108.09533,108.92259,86.95533,99.0,110.0,0.0
373,XGBoostPoisson,21156,RETROSPOT CHILDRENS APRON,2011-12-05/2011-12-11,0.9938195,99.75329,99.13676,99.75329,86.94397,82.0,141.25,0.0
374,XGBoostPoisson,21494,ROTATING LEAVES T-LIGHT HOLDER,2011-12-05/2011-12-11,0.9849624,110.67699,109.01267,110.67699,86.91031,81.0,98.0,0.0
375,XGBoostPoisson,23271,CHRISTMAS TABLE SILVER CANDLE SPIKE,2011-12-05/2011-12-11,0.9924051,82.245224,81.62058,82.245224,86.880684,74.0,106.75,0.0
376,XGBoostPoisson,20983,12 PENCILS TALL TUBE RED RETROSPOT,2011-12-05/2011-12-11,0.9886148,88.55207,87.543884,88.55207,86.76307,67.0,143.5,0.0
377,XGBoostPoisson,22730,ALARM CLOCK BAKELIKE IVORY,2011-12-05/2011-12-11,0.99583334,100.7957,100.37572,100.7957,86.103676,140.0,95.75,0.0
378,XGBoostPoisson,21086,SET/6 RED SPOTTY PAPER CUPS,2011-12-05/2011-12-11,0.9886148,89.89498,88.871506,89.89498,86.07999,39.0,127.0,0.0
379,XGBoostPoisson,84596F,SMALL MARSHMALLOWS PINK BOWL,2011-12-05/2011-12-11,0.99775785,98.33107,98.110596,98.33107,85.31506,154.0,98.5,0.0
380,XGBoostPoisson,23221,REINDEER HEART DECORATION SILVER,2011-12-05/2011-12-11,0.99583334,111.51661,111.051956,111.51661,85.307945,133.0,138.25,0.0
381,XGBoostPoisson,85049E,SCANDINAVIAN REDS RIBBONS,2011-12-05/2011-12-11,0.9938195,95.111,94.52316,95.111,85.26964,67.0,91.75,0.0
382,XGBoostPoisson,21811,HANGING HEART WITH BELL,2011-12-05/2011-12-11,0.5555556,23.865068,13.258372,23.865068,85.00098,0.0,321.5,1.0
383,XGBoostPoisson,23399,HOME SWEET HOME HANGING HEART,2011-12-05/2011-12-11,0.9977579,76.55594,76.38429,76.55594,84.93813,80.0,111.0,0.0
384,XGBoostPoisson,23323,WHITE WICKER STAR ,2011-12-05/2011-12-11,0.9977579,112.18353,111.93201,112.18353,84.83739,126.0,111.0,0.0
385,XGBoostPoisson,21506,"FANCY FONT BIRTHDAY CARD, ",2011-12-05/2011-12-11,0.9938195,105.51558,104.863434,105.51558,84.70573,77.0,86.5,0.0
386,XGBoostPoisson,85150,LADIES & GENTLEMEN METAL SIGN,2011-12-05/2011-12-11,0.9736842,106.80349,103.99287,106.80349,84.50539,68.0,68.5,0.0
387,XGBoostPoisson,20979,36 PENCILS TUBE RED RETROSPOT,2011-12-05/2011-12-11,0.9938195,91.21381,90.65006,91.21381,84.26368,77.0,115.75,0.0
388,XGBoostPoisson,23171,REGENCY TEA PLATE GREEN ,2011-12-05/2011-12-11,0.9977578,89.4241,89.223595,89.4241,84.18785,67.0,61.5,0.0
389,XGBoostPoisson,23330,DECORATIVE WICKER HEART MEDIUM,2011-12-05/2011-12-11,0.99859756,100.372734,100.231964,100.372734,84.18151,72.0,141.5,0.0
390,XGBoostPoisson,21616,4 PEAR BOTANICAL DINNER CANDLES,2011-12-05/2011-12-11,0.96313363,71.002594,68.38499,71.002594,83.93413,113.0,108.0,0.0
391,XGBoostPoisson,22732,3D VINTAGE CHRISTMAS STICKERS ,2011-12-05/2011-12-11,0.9849624,83.71208,82.453255,83.71208,83.87783,45.0,114.0,0.0
392,XGBoostPoisson,21669,BLUE STRIPE CERAMIC DRAWER KNOB,2011-12-05/2011-12-11,0.9938196,87.708015,87.16595,87.708015,83.68814,68.0,86.75,0.0
393,XGBoostPoisson,22941,CHRISTMAS LIGHTS 10 REINDEER,2011-12-05/2011-12-11,0.98614967,102.98803,101.56161,102.98803,83.51959,117.0,101.5,0.0
394,XGBoostPoisson,23035,DRAWER KNOB CERAMIC IVORY,2011-12-05/2011-12-11,0.9977578,114.698395,114.441216,114.698395,83.43294,115.0,124.5,0.0
395,XGBoostPoisson,84997B,RED 3 PIECE MINI DOTS CUTLERY SET,2011-12-05/2011-12-11,0.9958333,99.125275,98.71225,99.125275,83.32901,86.0,115.25,0.0
396,XGBoostPoisson,22940,FELTCRAFT CHRISTMAS FAIRY,2011-12-05/2011-12-11,0.97053045,105.84867,102.729355,105.84867,83.01819,92.0,83.0,0.0
397,XGBoostPoisson,23213,STAR WREATH DECORATION WITH BELL,2011-12-05/2011-12-11,0.99240506,98.60218,97.8533,98.60218,83.01435,99.0,122.0,0.0
398,XGBoostPoisson,22907,PACK OF 20 NAPKINS PANTRY DESIGN,2011-12-05/2011-12-11,0.99775785,88.86934,88.67008,88.86934,82.82721,91.0,67.75,0.0
399,XGBoostPoisson,21094,SET/6 RED SPOTTY PAPER PLATES,2011-12-05/2011-12-11,0.99583334,85.336914,84.981346,85.336914,82.75627,56.0,73.75,0.0
400,XGBoostPoisson,22306,SILVER MUG BONE CHINA TREE OF LIFE,2011-12-05/2011-12-11,0.96313363,86.609634,83.41665,86.609634,82.69599,103.0,95.5,0.0
401,XGBoostPoisson,21918,SET 12 KIDS COLOUR  CHALK STICKS,2011-12-05/2011-12-11,0.99381953,96.8681,96.26942,96.8681,82.66891,58.0,88.75,0.0
402,XGBoostPoisson,22082,RIBBON REEL STRIPES DESIGN ,2011-12-05/2011-12-11,0.99381953,104.121895,103.47837,104.121895,82.57723,88.0,96.25,0.0
403,XGBoostPoisson,21934,SKULL SHOULDER BAG,2011-12-05/2011-12-11,0.9938196,94.11551,93.53384,94.11551,82.51051,95.0,126.5,0.0
404,XGBoostPoisson,23437, 50'S CHRISTMAS GIFT BAG LARGE,2011-12-05/2011-12-11,0.99583334,77.66929,77.345665,77.66929,82.19366,53.0,91.75,0.0
405,XGBoostPoisson,16218,CARTOON  PENCIL SHARPENERS,2011-12-05/2011-12-11,0.93664384,104.30631,97.69787,104.30631,82.14409,95.0,41.25,0.0
406,XGBoostPoisson,22094,RED RETROSPOT TISSUE BOX,2011-12-05/2011-12-11,0.98749995,92.26643,91.1131,92.26643,81.91949,93.0,130.75,0.0
407,XGBoostPoisson,23334,IVORY WICKER HEART SMALL,2011-12-05/2011-12-11,0.99775785,83.029305,82.84314,83.029305,81.65648,151.0,120.0,0.0
408,XGBoostPoisson,21314,SMALL GLASS HEART TRINKET POT,2011-12-05/2011-12-11,0.9958334,106.410446,105.96708,106.410446,81.56328,98.0,94.75,0.0
409,XGBoostPoisson,20685,DOORMAT RED RETROSPOT,2011-12-05/2011-12-11,0.99775785,93.574745,93.36494,93.574745,81.48829,97.0,70.75,0.0
410,XGBoostPoisson,22809,SET OF 6 T-LIGHTS SANTA,2011-12-05/2011-12-11,0.98496234,95.5563,94.119354,95.5563,81.03818,138.0,88.5,0.0
411,XGBoostPoisson,23329,DECORATIVE WICKER HEART LARGE,2011-12-05/2011-12-11,0.99775785,88.07159,87.874115,88.07159,80.84597,97.0,108.0,0.0
412,XGBoostPoisson,22043,CHRISTMAS CARD SCREEN PRINT ,2011-12-05/2011-12-11,0.96313363,79.601326,76.66672,79.601326,80.78365,98.0,99.0,0.0
413,XGBoostPoisson,22152,PLACE SETTING WHITE STAR,2011-12-05/2011-12-11,0.93664384,49.405434,46.275295,49.405434,80.612495,14.0,196.5,0.0
414,XGBoostPoisson,22095,LADS ONLY TISSUE BOX,2011-12-05/2011-12-11,0.98496246,113.5193,111.81225,113.5193,80.50786,113.0,120.0,0.0
415,XGBoostPoisson,21642,ASSORTED TUTTI FRUTTI PEN,2011-12-05/2011-12-11,0.9526412,73.83704,70.34021,73.83704,80.47938,35.0,116.75,0.0
416,XGBoostPoisson,22619,SET OF 6 SOLDIER SKITTLES,2011-12-05/2011-12-11,0.99775785,108.23095,107.98828,108.23095,80.32503,93.0,106.5,0.0
417,XGBoostPoisson,21174,POTTERING IN THE SHED METAL SIGN,2011-12-05/2011-12-11,0.99240506,64.02092,63.534683,64.02092,80.11258,510.0,158.75,0.0
418,XGBoostPoisson,84997C,BLUE 3 PIECE MINI DOTS CUTLERY SET,2011-12-05/2011-12-11,0.99240506,95.928474,95.199905,95.928474,79.96271,91.0,133.0,0.0
419,XGBoostPoisson,22219,LOVEBIRD HANGING DECORATION WHITE ,2011-12-05/2011-12-11,0.9938196,92.7435,92.17031,92.7435,79.318375,68.0,160.5,0.0
420,XGBoostPoisson,20676,RED RETROSPOT BOWL,2011-12-05/2011-12-11,0.9958334,96.67291,96.27012,96.67291,79.2992,68.0,102.0,0.0
421,XGBoostPoisson,21619,4 VANILLA BOTANICAL CANDLES,2011-12-05/2011-12-11,0.95264125,73.20008,69.73341,73.20008,79.03793,91.0,112.5,0.0
422,XGBoostPoisson,21172,PARTY METAL SIGN ,2011-12-05/2011-12-11,0.99583334,96.59111,96.188644,96.59111,78.99916,90.0,105.0,0.0
423,XGBoostPoisson,22617,BAKING SET SPACEBOY DESIGN,2011-12-05/2011-12-11,0.9938196,94.1695,93.587494,94.1695,78.87344,59.0,158.25,0.0
424,XGBoostPoisson,20982,12 PENCILS TALL TUBE SKULLS,2011-12-05/2011-12-11,0.9886148,88.22826,87.22376,88.22826,78.47376,56.0,157.75,0.0
425,XGBoostPoisson,22983,CARD BILLBOARD FONT,2011-12-05/2011-12-11,0.9977579,92.122086,91.91554,92.122086,78.26998,64.0,79.75,0.0
426,XGBoostPoisson,21993,FLORAL FOLK STATIONERY SET,2011-12-05/2011-12-11,0.99381953,102.06369,101.43289,102.06369,77.906494,103.0,103.5,0.0
427,XGBoostPoisson,21833,CAMOUFLAGE LED TORCH,2011-12-05/2011-12-11,0.98614967,80.33296,79.22032,80.33296,77.80778,57.0,97.25,0.0
428,XGBoostPoisson,22098,BOUDOIR SQUARE TISSUE BOX,2011-12-05/2011-12-11,0.9736842,77.54522,75.504555,77.54522,77.49013,139.0,58.75,0.0
429,XGBoostPoisson,84970L,SINGLE HEART ZINC T-LIGHT HOLDER,2011-12-05/2011-12-11,0.99583334,83.30059,82.95351,83.30059,77.40922,180.0,75.25,0.0
430,XGBoostPoisson,82483,WOOD 2 DRAWER CABINET WHITE FINISH,2011-12-05/2011-12-11,0.99583334,95.3626,94.965256,95.3626,77.252945,106.0,75.75,0.0
431,XGBoostPoisson,22196,SMALL HEART MEASURING SPOONS,2011-12-05/2011-12-11,0.99583334,80.04547,79.71195,80.04547,76.74396,140.0,120.75,0.0
432,XGBoostPoisson,23332,IVORY WICKER HEART LARGE,2011-12-05/2011-12-11,0.99583334,64.46122,64.192635,64.46122,76.66422,46.0,115.25,0.0
433,XGBoostPoisson,23165,LARGE CERAMIC TOP STORAGE JAR,2011-12-05/2011-12-11,0.9985975,89.301346,89.1761,89.301346,76.59556,137.0,86.25,0.0
434,XGBoostPoisson,23158,SET OF 5 LUCKY CAT MAGNETS ,2011-12-05/2011-12-11,0.9958333,99.51365,99.09901,99.51365,76.24195,111.0,85.0,0.0
435,XGBoostPoisson,23380,PACK OF 12 VINTAGE DOILY TISSUES,2011-12-05/2011-12-11,0.98861486,44.441105,43.935135,44.441105,76.1395,33.0,127.5,0.0
436,XGBoostPoisson,51014L,"FEATHER PEN,LIGHT PINK",2011-12-05/2011-12-11,0.9736842,99.62889,97.00707,99.62889,75.94848,98.0,102.0,0.0
437,XGBoostPoisson,21668,RED STRIPE CERAMIC DRAWER KNOB,2011-12-05/2011-12-11,0.98614955,70.21557,69.24305,70.21557,75.42802,50.0,71.0,0.0
438,XGBoostPoisson,22090,PAPER BUNTING RETROSPOT,2011-12-05/2011-12-11,0.9958334,89.295784,88.92372,89.295784,75.217865,59.0,76.5,0.0
439,XGBoostPoisson,22979,PANTRY WASHING UP BRUSH,2011-12-05/2011-12-11,0.9958334,90.28026,89.9041,90.28026,75.15893,113.0,81.25,0.0
440,XGBoostPoisson,85015,SET OF 12  VINTAGE POSTCARD SET,2011-12-05/2011-12-11,0.98749995,83.22802,82.18767,83.22802,74.979805,81.0,86.5,0.0
441,XGBoostPoisson,16219,HOUSE SHAPE PENCIL SHARPENER,2011-12-05/2011-12-11,0.98496246,64.23845,63.27246,64.23845,74.83953,67.0,70.0,0.0
442,XGBoostPoisson,84030E,ENGLISH ROSE HOT WATER BOTTLE,2011-12-05/2011-12-11,0.9886148,80.5417,79.62472,80.5417,74.72863,107.0,77.25,0.0
443,XGBoostPoisson,22712,CARD DOLLY GIRL ,2011-12-05/2011-12-11,0.99381953,82.346245,81.8373,82.346245,74.61483,44.0,96.75,0.0
444,XGBoostPoisson,22028,PENNY FARTHING BIRTHDAY CARD,2011-12-05/2011-12-11,0.9977579,82.13355,81.9494,82.13355,74.59089,75.0,77.5,0.0
445,XGBoostPoisson,22603,CHRISTMAS RETROSPOT TREE WOOD,2011-12-05/2011-12-11,0.9886148,101.99122,100.830025,101.99122,74.21883,74.0,94.0,0.0
446,XGBoostPoisson,23340,VINTAGE CHRISTMAS CAKE FRILL,2011-12-05/2011-12-11,0.9886148,52.72546,52.12517,52.72546,74.119194,46.0,41.25,0.0
447,XGBoostPoisson,23312,VINTAGE CHRISTMAS GIFT SACK,2011-12-05/2011-12-11,0.99583334,79.34223,79.01164,79.34223,74.048546,116.0,109.25,0.0
448,XGBoostPoisson,22710,WRAP I LOVE LONDON ,2011-12-05/2011-12-11,0.9733333,62.67072,60.999496,62.67072,73.99849,50.0,75.0,0.0
449,XGBoostPoisson,22900, SET 2 TEA TOWELS I LOVE LONDON ,2011-12-05/2011-12-11,0.9958333,98.00267,97.59432,98.00267,73.315575,69.0,87.75,0.0
450,XGBoostPoisson,62018,SOMBRERO ,2011-12-05/2011-12-11,0.9129511,56.05016,51.171055,56.05016,73.28471,204.0,54.75,0.0
451,XGBoostPoisson,85175,CACTI T-LIGHT CANDLES,2011-12-05/2011-12-11,0.9695238,72.06473,69.86847,72.06473,73.2429,16.0,128.0,0.0
452,XGBoostPoisson,23241,TREASURE TIN GYMKHANA DESIGN,2011-12-05/2011-12-11,0.99775785,102.42632,102.19667,102.42632,72.81079,156.0,88.25,0.0
453,XGBoostPoisson,22991,GIRAFFE WOODEN RULER,2011-12-05/2011-12-11,0.9958333,87.26909,86.905464,87.26909,72.801,46.0,96.0,0.0
454,XGBoostPoisson,22898,CHILDRENS APRON APPLES DESIGN,2011-12-05/2011-12-11,0.9977579,89.63412,89.43315,89.63412,72.76151,74.0,107.5,0.0
455,XGBoostPoisson,22398,MAGNETS PACK OF 4 SWALLOWS,2011-12-05/2011-12-11,0.9958334,80.92647,80.58928,80.92647,72.75922,89.0,90.75,0.0
456,XGBoostPoisson,21313,GLASS HEART T-LIGHT HOLDER ,2011-12-05/2011-12-11,0.99583334,82.71002,82.365395,82.71002,72.57049,65.0,79.0,0.0
457,XGBoostPoisson,23436,VINTAGE CHRISTMAS GIFT BAG LARGE ,2011-12-05/2011-12-11,0.99583334,65.10399,64.832726,65.10399,72.35991,55.0,67.5,0.0
458,XGBoostPoisson,22737,RIBBON REEL CHRISTMAS PRESENT ,2011-12-05/2011-12-11,0.9861496,88.107796,86.88747,88.107796,72.35129,47.0,92.25,0.0
459,XGBoostPoisson,16161U,WRAP SUKI AND FRIENDS,2011-12-05/2011-12-11,0.9849624,103.46963,101.9137,103.46963,72.129036,75.0,68.75,0.0
460,XGBoostPoisson,21287,SCENTED VELVET LOUNGE CANDLE ,2011-12-05/2011-12-11,0.9705304,68.92741,66.89614,68.92741,71.24762,36.0,116.0,0.0
461,XGBoostPoisson,22297,HEART IVORY TRELLIS SMALL,2011-12-05/2011-12-11,0.99583334,91.06979,90.69034,91.06979,71.20531,74.0,87.75,0.0
462,XGBoostPoisson,22563,HAPPY STENCIL CRAFT,2011-12-05/2011-12-11,0.99583334,91.3202,90.9397,91.3202,71.14988,246.0,116.75,0.0
463,XGBoostPoisson,22834,HAND WARMER BABUSHKA DESIGN,2011-12-05/2011-12-11,0.9736842,86.98137,84.69238,86.98137,71.13831,62.0,47.0,0.0
464,XGBoostPoisson,23000,TRAVEL CARD WALLET TRANSPORT,2011-12-05/2011-12-11,0.9938195,95.981964,95.38875,95.981964,71.09436,77.0,59.25,0.0
465,XGBoostPoisson,22749,FELTCRAFT PRINCESS CHARLOTTE DOLL,2011-12-05/2011-12-11,0.99775785,90.147415,89.94529,90.147415,71.05783,92.0,89.25,0.0
466,XGBoostPoisson,22667,RECIPE BOX RETROSPOT ,2011-12-05/2011-12-11,0.99775785,93.071,92.86232,93.071,70.66193,108.0,79.5,0.0
467,XGBoostPoisson,22645,CERAMIC HEART FAIRY CAKE MONEY BANK,2011-12-05/2011-12-11,0.9977579,80.51243,80.33191,80.51243,70.47151,96.0,70.25,0.0
468,XGBoostPoisson,22531,MAGIC DRAWING SLATE CIRCUS PARADE  ,2011-12-05/2011-12-11,0.9958334,78.16043,77.83477,78.16043,70.44497,42.0,102.75,0.0
469,XGBoostPoisson,22537,MAGIC DRAWING SLATE DINOSAUR,2011-12-05/2011-12-11,0.98496246,82.515205,81.27438,82.515205,70.43805,90.0,94.25,0.0
470,XGBoostPoisson,23186,FRENCH STYLE STORAGE JAR CAFE ,2011-12-05/2011-12-11,0.9938196,90.635704,90.07554,90.635704,70.35909,96.0,86.0,0.0
471,XGBoostPoisson,23089,GLASS BON BON JAR,2011-12-05/2011-12-11,0.9958334,103.50131,103.07006,103.50131,70.35624,69.0,90.0,0.0
472,XGBoostPoisson,47559B,TEA TIME OVEN GLOVE,2011-12-05/2011-12-11,0.9938196,76.81595,76.341194,76.81595,70.323074,166.0,78.75,0.0
473,XGBoostPoisson,21670,BLUE SPOT CERAMIC DRAWER KNOB,2011-12-05/2011-12-11,0.98614967,76.86983,75.80515,76.86983,69.9239,45.0,74.25,0.0
474,XGBoostPoisson,22775,PURPLE DRAWERKNOB ACRYLIC EDWARDIAN,2011-12-05/2011-12-11,0.99775785,101.934166,101.70561,101.934166,69.78835,124.0,90.0,0.0
475,XGBoostPoisson,22733,3D TRADITIONAL CHRISTMAS STICKERS,2011-12-05/2011-12-11,0.9849624,83.968605,82.70592,83.968605,69.494,34.0,99.0,0.0
476,XGBoostPoisson,21592,RETROSPOT CIGAR BOX MATCHES ,2011-12-05/2011-12-11,0.9886148,67.314674,66.54829,67.314674,69.490166,94.0,114.0,0.0
477,XGBoostPoisson,21874,GIN AND TONIC MUG,2011-12-05/2011-12-11,0.9958334,85.760284,85.402954,85.760284,69.32035,76.0,50.75,0.0
478,XGBoostPoisson,23373,VINTAGE CHRISTMAS PAPER GIFT BAG,2011-12-05/2011-12-11,0.9958333,69.03551,68.747856,69.03551,69.0394,67.0,63.75,0.0
479,XGBoostPoisson,21484,CHICK GREY HOT WATER BOTTLE,2011-12-05/2011-12-11,0.9958333,85.844765,85.487076,85.844765,68.548004,64.0,97.25,0.0
480,XGBoostPoisson,84987,SET OF 36 TEATIME PAPER DOILIES,2011-12-05/2011-12-11,0.9938195,69.72757,69.296616,69.72757,68.17077,54.0,89.75,0.0
481,XGBoostPoisson,21980,PACK OF 12 RED RETROSPOT TISSUES ,2011-12-05/2011-12-11,0.98496246,55.910885,55.07012,55.910885,68.09975,30.0,66.25,0.0
482,XGBoostPoisson,84988,SET OF 72 PINK HEART PAPER DOILIES,2011-12-05/2011-12-11,0.9958333,67.70554,67.42343,67.70554,68.0879,35.0,132.5,0.0
483,XGBoostPoisson,23234,BISCUIT TIN VINTAGE CHRISTMAS,2011-12-05/2011-12-11,0.9977579,91.69691,91.49132,91.69691,68.04408,111.0,75.25,0.0
484,XGBoostPoisson,22997,TRAVEL CARD WALLET UNION JACK,2011-12-05/2011-12-11,0.99381953,87.264336,86.725,87.264336,67.49734,114.0,91.25,0.0
485,XGBoostPoisson,22915,ASSORTED BOTTLE TOP  MAGNETS ,2011-12-05/2011-12-11,0.9736842,98.4754,95.88394,98.4754,67.47545,114.0,69.75,0.0
486,XGBoostPoisson,23331,DECORATIVE WICKER HEART SMALL,2011-12-05/2011-12-11,0.9977579,76.30052,76.12945,76.30052,67.22127,95.0,85.5,0.0
487,XGBoostPoisson,21588,RETROSPOT GIANT TUBE MATCHES,2011-12-05/2011-12-11,0.9695238,71.15784,68.98921,71.15784,67.16616,50.0,76.5,0.0
488,XGBoostPoisson,22047,EMPIRE GIFT WRAP,2011-12-05/2011-12-11,0.8844477,63.345985,56.02621,63.345985,67.09436,25.0,68.75,0.0
489,XGBoostPoisson,23375,50'S CHRISTMAS PAPER GIFT BAG,2011-12-05/2011-12-11,0.9938196,66.55988,66.14851,66.55988,66.800415,48.0,70.25,0.0
490,XGBoostPoisson,22708,WRAP DOLLY GIRL,2011-12-05/2011-12-11,0.9886148,70.59261,69.7889,70.59261,66.66524,50.0,93.75,0.0
491,XGBoostPoisson,23438, RED SPOT GIFT BAG LARGE,2011-12-05/2011-12-11,0.9977578,73.10369,72.93978,73.10369,66.555244,60.0,79.0,0.0
492,XGBoostPoisson,23346,SPACEBOY BEAKER,2011-12-05/2011-12-11,0.992405,45.695057,45.348003,45.695057,66.1726,26.0,72.25,0.0
493,XGBoostPoisson,48187,DOORMAT NEW ENGLAND,2011-12-05/2011-12-11,0.9977578,68.477844,68.3243,68.477844,66.039955,81.0,55.5,0.0
494,XGBoostPoisson,22110,BIRD HOUSE HOT WATER BOTTLE,2011-12-05/2011-12-11,0.98496246,88.3427,87.014244,88.3427,65.935585,124.0,69.5,0.0
495,XGBoostPoisson,23229,VINTAGE DONKEY TAIL GAME ,2011-12-05/2011-12-11,0.99775785,82.18695,82.00268,82.18695,65.82705,54.0,96.0,0.0
496,XGBoostPoisson,22544,MINI JIGSAW SPACEBOY,2011-12-05/2011-12-11,0.9886148,75.68395,74.82227,75.68395,65.65767,60.0,108.5,0.0
497,XGBoostPoisson,22037,ROBOT BIRTHDAY CARD,2011-12-05/2011-12-11,0.9938195,81.98405,81.47734,81.98405,65.47499,70.0,81.5,0.0
498,XGBoostPoisson,21990,MODERN FLORAL STATIONERY SET,2011-12-05/2011-12-11,0.99381953,80.99263,80.49206,80.99263,65.29086,61.0,77.75,0.0
499,XGBoostPoisson,82551,LAUNDRY 15C METAL SIGN,2011-12-05/2011-12-11,0.9938196,75.71877,75.2508,75.71877,65.19373,39.0,116.25,0.0
500,XGBoostPoisson,21671,RED SPOT CERAMIC DRAWER KNOB,2011-12-05/2011-12-11,0.9886148,76.24477,75.3767,76.24477,65.10787,47.0,97.75,0.0
501,XGBoostPoisson,82552,WASHROOM METAL SIGN,2011-12-05/2011-12-11,0.9938196,81.47791,80.97435,81.47791,64.6211,65.0,74.0,0.0
502,XGBoostPoisson,23196,VINTAGE LEAF MAGNETIC NOTEPAD,2011-12-05/2011-12-11,0.99381953,81.01827,80.51754,81.01827,64.598885,73.0,68.0,0.0
503,XGBoostPoisson,22027,TEA PARTY BIRTHDAY CARD,2011-12-05/2011-12-11,0.98496234,66.76243,65.75848,66.76243,64.50048,26.0,112.75,0.0
504,XGBoostPoisson,21034,REX CASH+CARRY JUMBO SHOPPER,2011-12-05/2011-12-11,0.9958334,85.214355,84.8593,85.214355,64.16011,71.0,79.25,0.0
505,XGBoostPoisson,23345, DOLLY GIRL BEAKER,2011-12-05/2011-12-11,0.9958334,60.173332,59.922615,60.173332,63.728848,63.0,42.5,0.0
506,XGBoostPoisson,16054,POPART RECT PENCIL SHARPENER ASST,2011-12-05/2011-12-11,0.8988235,67.88745,61.018837,67.88745,63.703903,108.0,91.0,0.0
507,XGBoostPoisson,21122,SET/10 PINK POLKADOT PARTY CANDLES,2011-12-05/2011-12-11,0.98496234,77.60991,76.44284,77.60991,63.607956,24.0,68.75,0.0
508,XGBoostPoisson,21615,4 LAVENDER BOTANICAL DINNER CANDLES,2011-12-05/2011-12-11,0.9695238,67.35627,65.303505,67.35627,63.59352,87.0,100.0,0.0
509,XGBoostPoisson,23172,REGENCY TEA PLATE PINK,2011-12-05/2011-12-11,0.99583334,78.04588,77.720695,78.04588,63.456635,92.0,54.5,0.0
510,XGBoostPoisson,21507,"ELEPHANT, BIRTHDAY CARD, ",2011-12-05/2011-12-11,0.9849624,63.398987,62.445618,63.398987,63.26901,16.0,88.0,0.0
511,XGBoostPoisson,82581,TOILET METAL SIGN,2011-12-05/2011-12-11,0.9938196,87.68486,87.14293,87.68486,63.086086,114.0,85.5,0.0
512,XGBoostPoisson,22970,LONDON BUS COFFEE MUG,2011-12-05/2011-12-11,0.9958333,88.499535,88.13078,88.499535,62.72485,102.0,67.0,0.0
513,XGBoostPoisson,23267,SET OF 4 SANTA PLACE SETTINGS,2011-12-05/2011-12-11,0.9938195,72.33167,71.88463,72.33167,62.634617,42.0,79.75,0.0
514,XGBoostPoisson,21843,RED RETROSPOT CAKE STAND,2011-12-05/2011-12-11,0.9977579,87.40005,87.20409,87.40005,62.582882,43.0,105.0,0.0
515,XGBoostPoisson,21877,HOME SWEET HOME MUG,2011-12-05/2011-12-11,0.9705305,70.41368,68.33862,70.41368,62.43921,24.0,63.25,0.0
516,XGBoostPoisson,22303,COFFEE MUG APPLES DESIGN,2011-12-05/2011-12-11,0.98496234,58.436676,57.557926,58.436676,62.43665,49.0,50.75,0.0
517,XGBoostPoisson,21068,VINTAGE BILLBOARD LOVE/HATE MUG,2011-12-05/2011-12-11,0.98496246,52.409763,51.62165,52.409763,62.43236,49.0,52.0,0.0
518,XGBoostPoisson,23169,CLASSIC GLASS COOKIE JAR,2011-12-05/2011-12-11,0.9977579,93.60934,93.39946,93.60934,62.231705,93.0,64.25,0.0
519,XGBoostPoisson,84006,MAGIC TREE -PAPER FLOWERS,2011-12-05/2011-12-11,0.9631336,73.327446,70.62412,73.327446,61.799023,99.0,81.0,0.0
520,XGBoostPoisson,21672,WHITE SPOT RED CERAMIC DRAWER KNOB,2011-12-05/2011-12-11,0.9849624,63.42064,62.466946,63.42064,61.095734,50.0,52.75,0.0
521,XGBoostPoisson,22736,RIBBON REEL MAKING SNOWMEN ,2011-12-05/2011-12-11,0.9886148,77.40311,76.52186,77.40311,61.055454,40.0,81.75,0.0
522,XGBoostPoisson,21650,ASSORTED TUTTI FRUTTI BRACELET,2011-12-05/2011-12-11,0.9631337,65.22378,62.819218,65.22378,60.914883,41.0,94.75,0.0
523,XGBoostPoisson,21429,RED GINGHAM ROSE JEWELLERY BOX,2011-12-05/2011-12-11,0.9938195,82.08345,81.57613,82.08345,60.900417,87.0,72.75,0.0
524,XGBoostPoisson,23182,TOILET SIGN OCCUPIED OR VACANT,2011-12-05/2011-12-11,0.9938196,78.545494,78.06005,78.545494,60.89467,55.0,84.0,0.0
525,XGBoostPoisson,23154,SET OF 4 JAM JAR MAGNETS,2011-12-05/2011-12-11,0.99381953,68.83434,68.40891,68.83434,60.78498,28.0,108.0,0.0
526,XGBoostPoisson,23220,REINDEER HEART DECORATION GOLD,2011-12-05/2011-12-11,0.9849624,68.40583,67.377174,68.40583,60.74627,43.0,87.25,0.0
527,XGBoostPoisson,22066,LOVE HEART TRINKET POT,2011-12-05/2011-12-11,0.9705304,74.828674,72.623505,74.828674,60.70269,65.0,89.75,0.0
528,XGBoostPoisson,22631,CIRCUS PARADE LUNCH BOX ,2011-12-05/2011-12-11,0.9861496,62.87381,62.002983,62.87381,60.63257,26.0,81.0,0.0
529,XGBoostPoisson,22491,PACK OF 12 COLOURED PENCILS,2011-12-05/2011-12-11,0.98614967,58.41442,57.605362,58.41442,60.602245,24.0,119.25,0.0
530,XGBoostPoisson,21673,WHITE SPOT BLUE CERAMIC DRAWER KNOB,2011-12-05/2011-12-11,0.9886148,78.210556,77.320114,78.210556,60.52996,66.0,59.5,0.0
531,XGBoostPoisson,22464,HANGING METAL HEART LANTERN,2011-12-05/2011-12-11,0.9938195,75.99827,75.52856,75.99827,60.496113,85.0,83.25,0.0
532,XGBoostPoisson,23191,BUNDLE OF 3 RETRO NOTE BOOKS,2011-12-05/2011-12-11,0.99381953,81.24346,80.74134,81.24346,60.35991,38.0,69.5,0.0
533,XGBoostPoisson,22598,CHRISTMAS MUSICAL ZINC TREE,2011-12-05/2011-12-11,0.97368425,58.09483,56.56602,58.09483,60.139297,64.0,81.5,0.0
534,XGBoostPoisson,22772,PINK DRAWER KNOB ACRYLIC EDWARDIAN,2011-12-05/2011-12-11,0.9977579,86.23775,86.044395,86.23775,59.970486,93.0,69.25,0.0
535,XGBoostPoisson,22663,JUMBO BAG DOLLY GIRL DESIGN,2011-12-05/2011-12-11,0.99240506,71.09212,70.55218,71.09212,59.80614,54.0,67.5,0.0
536,XGBoostPoisson,22163,HEART STRING MEMO HOLDER HANGING,2011-12-05/2011-12-11,0.96994424,63.743004,61.82716,63.743004,59.80012,43.0,68.25,0.0
537,XGBoostPoisson,22798,ANTIQUE GLASS DRESSING TABLE POT,2011-12-05/2011-12-11,0.99775785,61.257618,61.12027,61.257618,59.491703,90.0,54.25,0.0
538,XGBoostPoisson,21124,SET/10 BLUE SPOTTY PARTY CANDLES,2011-12-05/2011-12-11,0.9849624,60.000366,59.098106,60.000366,59.467426,28.0,53.75,0.0
539,XGBoostPoisson,21620,SET OF 4 ROSE BOTANICAL CANDLES,2011-12-05/2011-12-11,0.9631336,54.44359,52.436447,54.44359,59.440636,150.0,90.75,0.0
540,XGBoostPoisson,85178,VICTORIAN SEWING KIT,2011-12-05/2011-12-11,0.9849624,57.52852,56.66343,57.52852,59.390915,36.0,104.5,0.0
541,XGBoostPoisson,23426,METAL SIGN DROP YOUR PANTS,2011-12-05/2011-12-11,0.9938196,65.24916,64.845894,65.24916,59.38627,69.0,67.0,0.0
542,XGBoostPoisson,23108,SET OF 10 LED DOLLY LIGHTS,2011-12-05/2011-12-11,0.9977579,80.5327,80.352135,80.5327,59.380096,90.0,80.25,0.0
543,XGBoostPoisson,23197,SKETCHBOOK MAGNETIC SHOPPING LIST,2011-12-05/2011-12-11,0.9977578,85.93517,85.742485,85.93517,59.06483,131.0,76.5,0.0
544,XGBoostPoisson,22381,TOY TIDY PINK POLKADOT,2011-12-05/2011-12-11,0.9924051,77.22481,76.6383,77.22481,58.910637,55.0,48.75,0.0
545,XGBoostPoisson,20711,JUMBO BAG TOYS ,2011-12-05/2011-12-11,0.9886148,66.53643,65.7789,66.53643,58.87514,18.0,96.5,0.0
546,XGBoostPoisson,22819,"BIRTHDAY CARD, RETRO SPOT",2011-12-05/2011-12-11,0.99381953,74.18022,73.721756,74.18022,58.82045,41.0,69.5,0.0
547,XGBoostPoisson,22714,CARD BIRTHDAY COWBOY,2011-12-05/2011-12-11,0.9849624,69.343636,68.30087,69.343636,58.79925,15.0,156.25,0.0
548,XGBoostPoisson,22466,FAIRY TALE COTTAGE NIGHTLIGHT,2011-12-05/2011-12-11,0.9938195,71.03061,70.591606,71.03061,58.777637,96.0,107.25,0.0
549,XGBoostPoisson,23389,SPACEBOY MINI BACKPACK,2011-12-05/2011-12-11,0.9938195,59.606533,59.238132,59.606533,58.5023,27.0,80.5,0.0
550,XGBoostPoisson,22093,MOTORING TISSUE BOX,2011-12-05/2011-12-11,0.97368425,47.252693,46.009205,47.252693,58.317165,26.0,58.0,0.0
551,XGBoostPoisson,21238,RED RETROSPOT CUP,2011-12-05/2011-12-11,0.99583334,76.98379,76.663025,76.98379,58.176407,44.0,54.5,0.0
552,XGBoostPoisson,84012,MAGIC SHEEP WOOL GROWING FROM PAPER,2011-12-05/2011-12-11,0.9631337,60.69936,58.461597,60.69936,58.01897,42.0,88.25,0.0
553,XGBoostPoisson,22653,BUTTON BOX ,2011-12-05/2011-12-11,0.9958334,85.074875,84.7204,85.074875,57.89124,99.0,84.25,0.0
554,XGBoostPoisson,48138,DOORMAT UNION FLAG,2011-12-05/2011-12-11,0.9958333,72.72762,72.42458,72.72762,57.56639,35.0,51.0,0.0
555,XGBoostPoisson,22460,EMBOSSED GLASS TEALIGHT HOLDER,2011-12-05/2011-12-11,0.99381953,76.241615,75.77041,76.241615,57.532585,46.0,74.75,0.0
556,XGBoostPoisson,35964,FOLKART CLIP ON STARS,2011-12-05/2011-12-11,0.9526412,59.077652,56.279804,59.077652,57.52718,99.0,70.5,0.0
557,XGBoostPoisson,21912,VINTAGE SNAKES & LADDERS,2011-12-05/2011-12-11,0.99775785,65.83881,65.69119,65.83881,57.485554,240.0,93.5,0.0
558,XGBoostPoisson,23286,BLUE VINTAGE SPOT BEAKER,2011-12-05/2011-12-11,0.9695238,34.516537,33.464603,34.516537,57.343468,22.0,50.0,0.0
559,XGBoostPoisson,22109,FULL ENGLISH BREAKFAST PLATE,2011-12-05/2011-12-11,0.99583334,68.79527,68.50863,68.79527,57.01215,92.0,64.0,0.0
560,XGBoostPoisson,85053,FRENCH ENAMEL CANDLEHOLDER,2011-12-05/2011-12-11,0.9886148,56.914886,56.2669,56.914886,57.008778,119.0,65.0,0.0
561,XGBoostPoisson,21976,PACK OF 60 MUSHROOM CAKE CASES,2011-12-05/2011-12-11,0.98614967,69.763855,68.7976,69.763855,56.8849,20.0,43.0,0.0
562,XGBoostPoisson,22568,FELTCRAFT CUSHION OWL,2011-12-05/2011-12-11,0.7718191,70.56691,54.46489,70.56691,56.780376,1.0,90.75,0.0
563,XGBoostPoisson,22333,RETROSPOT PARTY BAG + STICKER SET,2011-12-05/2011-12-11,0.95264125,60.09379,57.24782,60.09379,56.74784,3.0,86.75,0.0
564,XGBoostPoisson,22817,CARD SUKI BIRTHDAY,2011-12-05/2011-12-11,0.9958334,72.75874,72.45559,72.75874,56.625153,55.0,85.75,0.0
565,XGBoostPoisson,82486,WOOD S/3 CABINET ANT WHITE FINISH,2011-12-05/2011-12-11,0.9938196,82.67047,82.15953,82.67047,56.491653,101.0,71.5,0.0
566,XGBoostPoisson,23176,ABC TREASURE BOOK BOX ,2011-12-05/2011-12-11,0.9886148,56.851944,56.204674,56.851944,56.488342,21.0,105.75,0.0
567,XGBoostPoisson,23227,FILIGREE HEART BUTTERFLY WHITE ,2011-12-05/2011-12-11,0.99583334,62.56079,62.30012,62.56079,56.38363,60.0,73.75,0.0
568,XGBoostPoisson,23121,PACK OF 6 COCKTAIL PARASOL STRAWS,2011-12-05/2011-12-11,0.99240506,62.867184,62.38971,62.867184,56.312,55.0,58.5,0.0
569,XGBoostPoisson,85172,HYACINTH BULB T-LIGHT CANDLES,2011-12-05/2011-12-11,0.9129512,43.3084,39.538452,43.3084,56.245686,32.0,76.0,0.0
570,XGBoostPoisson,21888,BINGO SET,2011-12-05/2011-12-11,0.99583334,67.91826,67.63527,67.91826,55.9117,39.0,69.75,0.0
571,XGBoostPoisson,22614,PACK OF 12 SPACEBOY TISSUES,2011-12-05/2011-12-11,0.98496246,71.92571,70.844124,71.92571,55.766907,31.0,57.5,0.0
572,XGBoostPoisson,21155,RED RETROSPOT PEG BAG,2011-12-05/2011-12-11,0.99240506,68.69033,68.16863,68.69033,55.755898,53.0,58.25,0.0
573,XGBoostPoisson,22804,CANDLEHOLDER PINK HANGING HEART,2011-12-05/2011-12-11,0.9886148,33.88892,33.503086,33.88892,55.6218,16.0,195.0,0.0
574,XGBoostPoisson,20981,12 PENCILS TALL TUBE WOODLAND,2011-12-05/2011-12-11,0.99381953,74.61632,74.15515,74.61632,55.540195,38.0,89.75,0.0
575,XGBoostPoisson,22725,ALARM CLOCK BAKELIKE CHOCOLATE,2011-12-05/2011-12-11,0.9977578,71.79662,71.63564,71.79662,55.470192,86.0,61.5,0.0
576,XGBoostPoisson,21754,HOME BUILDING BLOCK WORD,2011-12-05/2011-12-11,0.99381953,58.253098,57.893066,58.253098,55.452473,52.0,52.5,0.0
577,XGBoostPoisson,21916,SET 12 RETRO WHITE CHALK STICKS,2011-12-05/2011-12-11,0.992405,61.15436,60.689896,61.15436,55.307446,27.0,61.0,0.0
578,XGBoostPoisson,22421,LIPSTICK PEN FUSCHIA,2011-12-05/2011-12-11,0.99381953,59.46825,59.100708,59.46825,55.227802,29.0,103.0,0.0
579,XGBoostPoisson,23256,CHILDRENS CUTLERY SPACEBOY ,2011-12-05/2011-12-11,0.99381953,76.49788,76.025085,76.49788,55.187473,32.0,63.75,0.0
580,XGBoostPoisson,22307,GOLD MUG BONE CHINA TREE OF LIFE,2011-12-05/2011-12-11,0.9631337,55.744534,53.689438,55.744534,55.1584,55.0,69.5,0.0
581,XGBoostPoisson,23194,GYMKHANA TREASURE BOOK BOX,2011-12-05/2011-12-11,0.99240506,50.58792,50.20371,50.58792,55.101463,20.0,99.25,0.0
582,XGBoostPoisson,23327,HANGING CLEAR MINI BOTTLE,2011-12-05/2011-12-11,0.7718192,70.999054,54.79843,70.999054,55.04004,50.0,72.5,0.0
583,XGBoostPoisson,15056N,EDWARDIAN PARASOL NATURAL,2011-12-05/2011-12-11,0.9849624,59.193336,58.30321,59.193336,54.886147,33.0,43.75,0.0
584,XGBoostPoisson,22750,FELTCRAFT PRINCESS LOLA DOLL,2011-12-05/2011-12-11,0.99381953,79.63845,79.14625,79.63845,54.825302,72.0,72.0,0.0
585,XGBoostPoisson,23217,LAUREL HEART ANTIQUE SILVER,2011-12-05/2011-12-11,0.98749995,57.08162,56.368095,57.08162,54.700066,212.0,84.0,0.0
586,XGBoostPoisson,22208,WOOD STAMP SET THANK YOU,2011-12-05/2011-12-11,0.99381953,77.64819,77.16829,77.64819,54.61182,65.0,90.75,0.0
587,XGBoostPoisson,20677,PINK POLKADOT BOWL,2011-12-05/2011-12-11,0.99381953,65.8425,65.43556,65.8425,54.18233,35.0,52.25,0.0
588,XGBoostPoisson,23547,WRAP FLOWER SHOP  ,2011-12-05/2011-12-11,0.9736842,58.900658,57.35064,58.900658,54.086372,50.0,50.0,0.0
589,XGBoostPoisson,23290,SPACEBOY CHILDRENS BOWL,2011-12-05/2011-12-11,0.9849624,51.07439,50.306355,51.07439,54.076828,15.0,114.75,0.0
590,XGBoostPoisson,22810,SET OF 6 T-LIGHTS SNOWMEN,2011-12-05/2011-12-11,0.9849624,82.25763,81.020676,82.25763,54.026337,43.0,63.5,0.0
591,XGBoostPoisson,22766,PHOTO FRAME CORNICE,2011-12-05/2011-12-11,0.9958334,60.664864,60.412098,60.664864,53.94453,29.0,54.25,0.0
592,XGBoostPoisson,21559,STRAWBERRY LUNCH BOX WITH CUTLERY,2011-12-05/2011-12-11,0.99381953,69.60633,69.17613,69.60633,53.92168,27.0,48.5,0.0
593,XGBoostPoisson,23145,ZINC T-LIGHT HOLDER STAR LARGE,2011-12-05/2011-12-11,0.9977578,71.89043,71.72923,71.89043,53.879967,51.0,49.0,0.0
594,XGBoostPoisson,22186,RED STAR CARD HOLDER,2011-12-05/2011-12-11,0.9733334,63.749435,62.049458,63.749435,53.61972,58.0,63.75,0.0
595,XGBoostPoisson,23189,SET OF 12 FORK CANDLES,2011-12-05/2011-12-11,0.9938195,58.376766,58.01597,58.376766,53.538155,75.0,49.5,0.0
596,XGBoostPoisson,23004,TRAVEL CARD WALLET PANTRY,2011-12-05/2011-12-11,0.9938196,77.146515,76.669716,77.146515,53.46624,87.0,54.0,0.0
597,XGBoostPoisson,85034B,3 WHITE CHOC MORRIS BOXED CANDLES,2011-12-05/2011-12-11,0.96313363,54.09653,52.10219,54.09653,53.354027,30.0,104.75,0.0
598,XGBoostPoisson,37340,MULTICOLOUR SPRING FLOWER MUG,2011-12-05/2011-12-11,0.9849624,52.467026,51.678047,52.467026,53.312485,24.0,73.5,0.0
599,XGBoostPoisson,21974,SET OF 36 PAISLEY FLOWER DOILIES,2011-12-05/2011-12-11,0.99381953,62.56561,62.178925,62.56561,53.210503,54.0,64.5,0.0
600,XGBoostPoisson,22507,MEMO BOARD RETROSPOT  DESIGN,2011-12-05/2011-12-11,0.9938195,62.266033,61.881195,62.266033,53.164482,42.0,41.75,0.0
601,XGBoostPoisson,20969,RED FLORAL FELTCRAFT SHOULDER BAG,2011-12-05/2011-12-11,0.99381953,72.99228,72.54115,72.99228,53.156055,34.0,51.5,0.0
602,XGBoostPoisson,35961,FOLKART ZINC HEART CHRISTMAS DEC,2011-12-05/2011-12-11,0.99381953,73.49245,73.03823,73.49245,53.111958,61.0,61.75,0.0
603,XGBoostPoisson,22752,SET 7 BABUSHKA NESTING BOXES,2011-12-05/2011-12-11,0.99775785,59.700153,59.566296,59.700153,53.071552,67.0,58.25,0.0
604,XGBoostPoisson,22644,CERAMIC CHERRY CAKE MONEY BANK,2011-12-05/2011-12-11,0.9938196,57.114742,56.76175,57.114742,53.008514,110.0,57.25,0.0
605,XGBoostPoisson,22402,MAGNETS PACK OF 4 VINTAGE COLLAGE,2011-12-05/2011-12-11,0.9705305,52.670353,51.118183,52.670353,52.888374,78.0,64.0,0.0
606,XGBoostPoisson,21967,PACK OF 12 SKULL TISSUES,2011-12-05/2011-12-11,0.9861496,56.82172,56.034718,56.82172,52.879192,20.0,47.25,0.0
607,XGBoostPoisson,22156,HEART DECORATION WITH PEARLS ,2011-12-05/2011-12-11,0.9938195,67.47601,67.058975,67.47601,52.871227,51.0,68.25,0.0
608,XGBoostPoisson,21917,SET 12 KIDS  WHITE CHALK STICKS,2011-12-05/2011-12-11,0.9631337,62.903297,60.584286,62.903297,52.838474,5.0,54.0,0.0
609,XGBoostPoisson,22299,PIG KEYRING WITH LIGHT & SOUND ,2011-12-05/2011-12-11,0.96313363,41.901848,40.35708,41.901848,52.745876,194.0,88.25,0.0
610,XGBoostPoisson,22999,TRAVEL CARD WALLET VINTAGE LEAF,2011-12-05/2011-12-11,0.9958333,70.79011,70.49515,70.79011,52.73712,44.0,47.0,0.0
611,XGBoostPoisson,22302,COFFEE MUG PEARS  DESIGN,2011-12-05/2011-12-11,0.9736842,54.428463,52.996136,54.428463,52.701023,55.0,42.0,0.0
612,XGBoostPoisson,85204,HANGING WOOD AND FELT FLOWER,2011-12-05/2011-12-11,0.8745875,47.118763,41.20948,47.118763,52.67437,7.0,63.5,0.0
613,XGBoostPoisson,22493,PAINT YOUR OWN CANVAS SET,2011-12-05/2011-12-11,0.99775785,69.29512,69.13975,69.29512,52.6348,64.0,56.25,0.0
614,XGBoostPoisson,21523,DOORMAT FANCY FONT HOME SWEET HOME,2011-12-05/2011-12-11,0.99240506,61.691162,61.222622,61.691162,52.618137,19.0,52.0,0.0
615,XGBoostPoisson,22947,WOODEN ADVENT CALENDAR RED,2011-12-05/2011-12-11,0.9705305,50.674828,49.181465,50.674828,52.55709,27.0,105.75,0.0
616,XGBoostPoisson,20978,36 PENCILS TUBE SKULLS,2011-12-05/2011-12-11,0.9886148,68.08269,67.30755,68.08269,52.520702,56.0,74.0,0.0
617,XGBoostPoisson,22440,BALLOON WATER BOMB PACK OF 35,2011-12-05/2011-12-11,0.9886148,52.124733,51.53128,52.124733,52.47842,133.0,74.5,0.0
618,XGBoostPoisson,22195,LARGE HEART MEASURING SPOONS,2011-12-05/2011-12-11,0.9875,77.1499,76.18553,77.1499,52.387573,42.0,63.25,0.0
619,XGBoostPoisson,23002,TRAVEL CARD WALLET SKULLS,2011-12-05/2011-12-11,0.98614967,63.715332,62.832855,63.715332,52.30191,78.0,64.0,0.0
620,XGBoostPoisson,21876,POTTERING MUG,2011-12-05/2011-12-11,0.9958333,58.599552,58.355385,58.599552,52.262695,85.0,54.75,0.0
621,XGBoostPoisson,23214,JINGLE BELL HEART ANTIQUE GOLD,2011-12-05/2011-12-11,0.9736842,66.73184,64.97574,66.73184,52.23919,51.0,54.25,0.0
622,XGBoostPoisson,22091,EMPIRE TISSUE BOX,2011-12-05/2011-12-11,0.9736842,39.562103,38.520996,39.562103,52.10536,18.0,68.75,0.0
623,XGBoostPoisson,23177,TREASURE ISLAND BOOK BOX,2011-12-05/2011-12-11,0.9861496,45.98982,45.35284,45.98982,52.100986,22.0,107.75,0.0
624,XGBoostPoisson,22815,CARD PSYCHEDELIC APPLES,2011-12-05/2011-12-11,0.9938196,67.053696,66.639275,67.053696,52.094402,29.0,54.25,0.0
625,XGBoostPoisson,23377,PACK OF 12 DOLLY GIRL TISSUES,2011-12-05/2011-12-11,0.9886148,45.338005,44.821823,45.338005,52.07872,22.0,66.75,0.0
626,XGBoostPoisson,21158,MOODY GIRL DOOR HANGER ,2011-12-05/2011-12-11,0.98496246,56.4317,55.583107,56.4317,52.061077,50.0,44.75,0.0
627,XGBoostPoisson,84950,ASSORTED COLOUR T-LIGHT HOLDER,2011-12-05/2011-12-11,0.9736842,72.41188,70.5063,72.41188,51.883736,78.0,61.5,0.0
628,XGBoostPoisson,22962,JAM JAR WITH PINK LID,2011-12-05/2011-12-11,0.9924051,55.717415,55.294247,55.717415,51.86897,31.0,52.25,0.0
629,XGBoostPoisson,22488,NATURAL SLATE RECTANGLE CHALKBOARD,2011-12-05/2011-12-11,0.9526412,58.094727,55.34343,58.094727,51.775436,3.0,78.5,0.0
630,XGBoostPoisson,22811,SET OF 6 T-LIGHTS CACTI ,2011-12-05/2011-12-11,0.9849624,47.96045,47.23924,47.96045,51.744648,103.0,71.75,0.0
631,XGBoostPoisson,22465,HANGING METAL STAR LANTERN,2011-12-05/2011-12-11,0.9938196,76.552956,76.07983,76.552956,51.74254,38.0,77.75,0.0
632,XGBoostPoisson,22227,HANGING HEART MIRROR DECORATION ,2011-12-05/2011-12-11,0.99240506,58.177025,57.735172,58.177025,51.64435,54.0,56.75,0.0
633,XGBoostPoisson,22437,SET OF 9 BLACK SKULL BALLOONS,2011-12-05/2011-12-11,0.99381953,80.07411,79.579216,80.07411,51.482464,45.0,52.0,0.0
634,XGBoostPoisson,22572,ROCKING HORSE GREEN CHRISTMAS ,2011-12-05/2011-12-11,0.93664384,42.87845,40.161835,42.87845,51.468525,6.0,99.5,0.0
635,XGBoostPoisson,22994,TRAVEL CARD WALLET RETROSPOT,2011-12-05/2011-12-11,0.99240506,74.97261,74.4032,74.97261,51.411114,97.0,66.25,0.0
636,XGBoostPoisson,23222,CHRISTMAS TREE HANGING GOLD,2011-12-05/2011-12-11,0.9736842,62.608147,60.960564,62.608147,51.318836,39.0,58.0,0.0
637,XGBoostPoisson,22436,12 COLOURED PARTY BALLOONS,2011-12-05/2011-12-11,0.96952385,68.94064,66.8396,68.94064,51.243217,101.0,71.0,0.0
638,XGBoostPoisson,20963,APPLE BATH SPONGE,2011-12-05/2011-12-11,0.99583334,56.57319,56.337467,56.57319,51.237865,116.0,60.0,0.0
639,XGBoostPoisson,72232,FENG SHUI PILLAR CANDLE,2011-12-05/2011-12-11,0.83053434,57.257927,47.554676,57.257927,51.23341,156.0,67.0,0.0
640,XGBoostPoisson,22899,CHILDREN'S APRON DOLLY GIRL ,2011-12-05/2011-12-11,0.9977578,76.30141,76.130325,76.30141,51.09492,40.0,75.75,0.0
641,XGBoostPoisson,23292,SPACEBOY CHILDRENS CUP,2011-12-05/2011-12-11,0.99381953,68.818855,68.393524,68.818855,51.059555,29.0,75.25,0.0
642,XGBoostPoisson,21162,TOXIC AREA  DOOR HANGER ,2011-12-05/2011-12-11,0.97053045,53.797802,52.212406,53.797802,51.03777,44.0,49.25,0.0
643,XGBoostPoisson,22564,ALPHABET STENCIL CRAFT,2011-12-05/2011-12-11,0.98496246,46.465263,45.76654,46.465263,50.959293,32.0,144.5,0.0
644,XGBoostPoisson,16235,RECYCLED PENCIL WITH RABBIT ERASER,2011-12-05/2011-12-11,0.992405,60.687855,60.22693,60.687855,50.79479,41.0,55.0,0.0
645,XGBoostPoisson,84997A,GREEN 3 PIECE MINI DOTS CUTLERY SET,2011-12-05/2011-12-11,0.9875,56.487797,55.7817,56.487797,50.76993,150.0,92.0,0.0
646,XGBoostPoisson,20961,STRAWBERRY BATH SPONGE ,2011-12-05/2011-12-11,0.9861496,55.315567,54.549423,55.315567,50.569466,137.0,65.5,0.0
647,XGBoostPoisson,23223,CHRISTMAS TREE HANGING SILVER ,2011-12-05/2011-12-11,0.98496246,67.64312,66.62593,67.64312,50.47552,51.0,59.75,0.0
648,XGBoostPoisson,23228,FILIGREE HEART BIRD WHITE ,2011-12-05/2011-12-11,0.99381953,69.099266,68.6722,69.099266,50.37511,35.0,75.5,0.0
649,XGBoostPoisson,22731,3D CHRISTMAS STAMPS STICKERS ,2011-12-05/2011-12-11,0.98496246,65.35213,64.36939,65.35213,50.188065,27.0,53.5,0.0
650,XGBoostPoisson,23433,HANGING QUILTED PATCHWORK APPLES,2011-12-05/2011-12-11,0.9849624,56.543106,55.692833,56.543106,50.063152,53.0,54.25,0.0
651,XGBoostPoisson,22266,EASTER DECORATION HANGING BUNNY,2011-12-05/2011-12-11,0.7718191,40.67382,31.392832,40.67382,49.994484,14.0,35.0,0.0
652,XGBoostPoisson,23012,GLASS APOTHECARY BOTTLE PERFUME,2011-12-05/2011-12-11,0.99240506,70.681,70.14418,70.681,49.881374,56.0,56.75,0.0
653,XGBoostPoisson,23274,STAR T-LIGHT HOLDER WILLIE WINKIE,2011-12-05/2011-12-11,0.9736842,46.81902,45.58694,46.81902,49.76844,22.0,51.0,0.0
654,XGBoostPoisson,23549,WRAP BIRD GARDEN ,2011-12-05/2011-12-11,0.9695238,58.19615,56.422554,58.19615,49.68609,25.0,50.0,0.0
655,XGBoostPoisson,48194,DOORMAT HEARTS,2011-12-05/2011-12-11,0.9886148,59.147137,58.473736,59.147137,49.65692,16.0,46.5,0.0
656,XGBoostPoisson,23080,RED METAL BOX TOP SECRET,2011-12-05/2011-12-11,0.9958333,63.04593,62.783234,63.04593,49.5831,114.0,65.5,0.0
657,XGBoostPoisson,22173,METAL 4 HOOK HANGER FRENCH CHATEAU,2011-12-05/2011-12-11,0.9938196,65.47149,65.06685,65.47149,49.285137,37.0,58.5,0.0
658,XGBoostPoisson,22592,CARDHOLDER HOLLY WREATH METAL,2011-12-05/2011-12-11,0.9849624,52.754692,51.961388,52.754692,49.222256,55.0,57.75,0.0
659,XGBoostPoisson,23360,SET 8 CANDLES VINTAGE DOILY,2011-12-05/2011-12-11,0.9958334,60.355576,60.1041,60.355576,49.2122,55.0,45.25,0.0
660,XGBoostPoisson,22562,MONSTERS STENCIL CRAFT,2011-12-05/2011-12-11,0.99381953,66.95074,66.53695,66.95074,49.062725,70.0,61.0,0.0
661,XGBoostPoisson,84032A,CHARLIE+LOLA PINK HOT WATER BOTTLE,2011-12-05/2011-12-11,0.99240506,55.04487,54.626804,55.04487,48.94857,78.0,46.5,0.0
662,XGBoostPoisson,23254,CHILDRENS CUTLERY DOLLY GIRL ,2011-12-05/2011-12-11,0.9958333,56.472942,56.237637,56.472942,48.76227,30.0,75.25,0.0
663,XGBoostPoisson,22274,FELTCRAFT DOLL EMILY,2011-12-05/2011-12-11,0.9958333,65.17311,64.90155,65.17311,48.759415,96.0,62.0,0.0
664,XGBoostPoisson,22587,FELTCRAFT HAIRBAND RED AND BLUE,2011-12-05/2011-12-11,0.98496246,59.415073,58.521618,59.415073,48.68046,46.0,58.25,0.0
665,XGBoostPoisson,23190,BUNDLE OF 3 SCHOOL EXERCISE BOOKS  ,2011-12-05/2011-12-11,0.9958333,65.804375,65.53019,65.804375,48.473244,38.0,43.25,0.0
666,XGBoostPoisson,22748,POPPY'S PLAYHOUSE KITCHEN,2011-12-05/2011-12-11,0.9958334,62.164055,61.90504,62.164055,48.458775,35.0,72.25,0.0
667,XGBoostPoisson,23224,CHERUB HEART DECORATION GOLD,2011-12-05/2011-12-11,0.9736842,47.612053,46.359104,47.612053,48.32052,52.0,47.75,0.0
668,XGBoostPoisson,22539,MINI JIGSAW DOLLY GIRL,2011-12-05/2011-12-11,0.9736842,56.17064,54.692463,56.17064,48.284943,56.0,84.25,0.0
669,XGBoostPoisson,21983,PACK OF 12 BLUE PAISLEY TISSUES ,2011-12-05/2011-12-11,0.9886148,61.43283,60.733406,61.43283,48.258553,29.0,35.5,0.0
670,XGBoostPoisson,20974,12 PENCILS SMALL TUBE SKULL,2011-12-05/2011-12-11,0.23157895,57.263382,13.260994,0.0,48.23663,0.0,150.25,1.0
671,XGBoostPoisson,20970,PINK FLORAL FELTCRAFT SHOULDER BAG,2011-12-05/2011-12-11,0.9958333,70.74499,70.45021,70.74499,47.966537,42.0,59.75,0.0
672,XGBoostPoisson,22422,TOOTHPASTE TUBE PEN,2011-12-05/2011-12-11,0.9938196,53.27878,52.949497,53.27878,47.92436,116.0,67.75,0.0
673,XGBoostPoisson,21107,CREAM SLICE FLANNEL PINK SPOT ,2011-12-05/2011-12-11,0.9736842,40.814648,39.740578,40.814648,47.921925,264.0,94.0,0.0
674,XGBoostPoisson,23238,SET OF 4 KNICK KNACK TINS LONDON ,2011-12-05/2011-12-11,0.9849624,59.805225,58.9059,59.805225,47.90204,23.0,59.75,0.0
675,XGBoostPoisson,85061W,WHITE JEWELLED HEART DECORATION,2011-12-05/2011-12-11,0.99381953,49.996517,49.687515,49.996517,47.557827,37.0,49.0,0.0
676,XGBoostPoisson,47503A,ASS FLORAL PRINT MULTI SCREWDRIVER,2011-12-05/2011-12-11,0.83053434,37.776264,31.374485,37.776264,47.406662,2.0,69.75,0.0
677,XGBoostPoisson,85066,CREAM SWEETHEART MINI CHEST,2011-12-05/2011-12-11,0.9938196,61.443386,61.06364,61.443386,47.36765,55.0,49.75,0.0
678,XGBoostPoisson,23236,STORAGE TIN VINTAGE DOILY ,2011-12-05/2011-12-11,0.98614967,48.32386,47.65456,48.32386,47.275955,17.0,64.75,0.0
679,XGBoostPoisson,23551,PACK OF 12 PAISLEY PARK TISSUES ,2011-12-05/2011-12-11,0.9695238,32.143173,31.16357,32.143173,47.20068,9.0,102.25,0.0
680,XGBoostPoisson,22908,PACK OF 20 NAPKINS RED APPLES,2011-12-05/2011-12-11,0.9938195,73.2789,72.826,73.2789,47.020473,37.0,36.25,0.0
681,XGBoostPoisson,22535,MAGIC DRAWING SLATE BUNNIES ,2011-12-05/2011-12-11,0.9938195,49.229908,48.92564,49.229908,46.966724,41.0,53.75,0.0
682,XGBoostPoisson,82578,KITCHEN METAL SIGN,2011-12-05/2011-12-11,0.98861486,40.37789,39.918182,40.37789,46.95308,278.0,85.75,0.0
683,XGBoostPoisson,85227,SET OF 6 3D KIT CARDS FOR KIDS,2011-12-05/2011-12-11,0.9938196,51.224415,50.907825,51.224415,46.923946,56.0,55.25,0.0
684,XGBoostPoisson,23233,WRAP POPPIES  DESIGN,2011-12-05/2011-12-11,0.7718191,50.478714,38.960438,50.478714,46.908524,0.0,56.25,1.0
685,XGBoostPoisson,22400,MAGNETS PACK OF 4 HOME SWEET HOME,2011-12-05/2011-12-11,0.9695237,45.064835,43.691425,45.064835,46.86373,53.0,59.0,0.0
686,XGBoostPoisson,23393,HOME SWEET HOME CUSHION COVER ,2011-12-05/2011-12-11,0.99381953,61.65972,61.278637,61.65972,46.822372,49.0,59.5,0.0
687,XGBoostPoisson,23130,MISTLETOE HEART WREATH GREEN,2011-12-05/2011-12-11,0.9886148,74.83828,73.98623,74.83828,46.713993,53.0,61.0,0.0
688,XGBoostPoisson,23096,PETIT TRAY CHIC,2011-12-05/2011-12-11,0.9886148,53.41805,52.80987,53.41805,46.619064,39.0,42.5,0.0
689,XGBoostPoisson,22296,HEART IVORY TRELLIS LARGE,2011-12-05/2011-12-11,0.99240506,51.32662,50.936794,51.32662,46.44016,57.0,53.25,0.0
690,XGBoostPoisson,21786,POLKADOT RAIN HAT ,2011-12-05/2011-12-11,0.9938195,46.107307,45.822342,46.107307,46.426743,48.0,46.25,0.0
691,XGBoostPoisson,22079,RIBBON REEL HEARTS DESIGN ,2011-12-05/2011-12-11,0.99240506,50.71419,50.32902,50.71419,46.32907,46.0,47.25,0.0
692,XGBoostPoisson,22188,BLACK HEART CARD HOLDER,2011-12-05/2011-12-11,0.9129511,31.735073,28.97257,31.735073,46.289524,11.0,12.25,0.0
693,XGBoostPoisson,23175,REGENCY MILK JUG PINK ,2011-12-05/2011-12-11,0.98496234,47.217434,46.507393,47.217434,46.218647,30.0,34.25,0.0
694,XGBoostPoisson,21981,PACK OF 12 WOODLAND TISSUES ,2011-12-05/2011-12-11,0.9849624,46.388733,45.69116,46.388733,46.2172,13.0,48.25,0.0
695,XGBoostPoisson,21035,SET/2 RED RETROSPOT TEA TOWELS ,2011-12-05/2011-12-11,0.9938195,47.11122,46.82005,47.11122,46.115696,32.0,80.5,0.0
696,XGBoostPoisson,20717,STRAWBERRY SHOPPER BAG,2011-12-05/2011-12-11,0.99240506,48.395863,48.028297,48.395863,46.07586,29.0,51.25,0.0
697,XGBoostPoisson,22536,MAGIC DRAWING SLATE PURDEY,2011-12-05/2011-12-11,0.9695238,27.479666,26.642189,27.479666,45.965324,10.0,30.0,0.0
698,XGBoostPoisson,21508,VINTAGE KID DOLLY CARD ,2011-12-05/2011-12-11,0.98496234,49.90751,49.157017,49.90751,45.879368,27.0,48.25,0.0
699,XGBoostPoisson,23156,SET OF 5 MINI GROCERY MAGNETS,2011-12-05/2011-12-11,0.9958333,61.783215,61.52578,61.783215,45.807907,29.0,41.25,0.0
700,XGBoostPoisson,21544,SKULLS  WATER TRANSFER TATTOOS ,2011-12-05/2011-12-11,0.99381953,67.86197,67.44255,67.86197,45.793785,64.0,47.5,0.0
701,XGBoostPoisson,21509,COWBOYS AND INDIANS BIRTHDAY CARD ,2011-12-05/2011-12-11,0.9736842,47.00943,45.77234,47.00943,45.62647,18.0,69.25,0.0
702,XGBoostPoisson,22080,RIBBON REEL SPOTS DESIGN ,2011-12-05/2011-12-11,0.9733333,54.49823,53.04494,54.49823,45.558475,37.0,46.0,0.0
703,XGBoostPoisson,21803,CHRISTMAS TREE STAR DECORATION,2011-12-05/2011-12-11,0.65502185,38.601227,25.284647,38.601227,45.469265,0.0,122.0,1.0
704,XGBoostPoisson,20749,ASSORTED COLOUR MINI CASES,2011-12-05/2011-12-11,0.9938195,56.22598,55.87847,56.22598,45.438705,45.0,50.0,0.0
705,XGBoostPoisson,22964,3 PIECE SPACEBOY COOKIE CUTTER SET,2011-12-05/2011-12-11,0.99381953,54.088966,53.754673,54.088966,45.252937,28.0,54.5,0.0
706,XGBoostPoisson,22948,METAL DECORATION NAUGHTY CHILDREN ,2011-12-05/2011-12-11,0.9849624,63.37249,62.41952,63.37249,45.228516,89.0,63.0,0.0
707,XGBoostPoisson,85038,6 CHOCOLATE LOVE HEART T-LIGHTS,2011-12-05/2011-12-11,0.9849624,45.424423,44.74135,45.424423,45.095375,53.0,77.0,0.0
708,XGBoostPoisson,22301,COFFEE MUG CAT + BIRD DESIGN,2011-12-05/2011-12-11,0.9861496,62.858376,61.987762,62.858376,45.048866,33.0,24.75,0.0
709,XGBoostPoisson,46000S,POLYESTER FILLER PAD 40x40cm,2011-12-05/2011-12-11,0.98614955,53.370987,52.631775,53.370987,45.027863,39.0,55.5,0.0
710,XGBoostPoisson,23395,BELLE JARDINIERE CUSHION COVER,2011-12-05/2011-12-11,0.9958333,59.28467,59.037647,59.28467,44.970764,47.0,57.0,0.0
711,XGBoostPoisson,22175,PINK OWL SOFT TOY,2011-12-05/2011-12-11,0.9849624,45.352966,44.670967,45.352966,44.947506,31.0,71.25,0.0
712,XGBoostPoisson,23129,HEART SHAPED HOLLY WREATH,2011-12-05/2011-12-11,0.9849624,42.850723,42.206352,42.850723,44.83239,28.0,43.5,0.0
713,XGBoostPoisson,21430,SET/3 RED GINGHAM ROSE STORAGE BOX,2011-12-05/2011-12-11,0.98861486,59.441235,58.76449,59.441235,44.783054,23.0,44.25,0.0
714,XGBoostPoisson,22851,SET 20 NAPKINS FAIRY CAKES DESIGN ,2011-12-05/2011-12-11,0.99583334,56.87382,56.63685,56.87382,44.746075,32.0,57.25,0.0
715,XGBoostPoisson,22745,POPPY'S PLAYHOUSE BEDROOM ,2011-12-05/2011-12-11,0.9958334,57.931942,57.690563,57.931942,44.72678,29.0,62.5,0.0
716,XGBoostPoisson,84535B,FAIRY CAKES NOTEBOOK A6 SIZE,2011-12-05/2011-12-11,0.99240506,54.53701,54.122807,54.53701,44.61609,52.0,41.25,0.0
717,XGBoostPoisson,16011,ANIMAL STICKERS,2011-12-05/2011-12-11,0.83053434,38.05492,31.605919,38.05492,44.591957,24.0,89.75,0.0
718,XGBoostPoisson,84598,BOYS ALPHABET IRON ON PATCHES,2011-12-05/2011-12-11,0.9526412,44.123768,42.03412,44.123768,44.538662,41.0,100.0,0.0
719,XGBoostPoisson,22812,PACK 3 BOXES CHRISTMAS PANNETONE,2011-12-05/2011-12-11,0.9695238,42.455208,41.161335,42.455208,44.51467,19.0,22.25,0.0
720,XGBoostPoisson,21328,BALLOONS  WRITING SET ,2011-12-05/2011-12-11,0.98614967,54.406715,53.653164,54.406715,44.44828,44.0,53.75,0.0
721,XGBoostPoisson,23013,GLASS APOTHECARY BOTTLE TONIC,2011-12-05/2011-12-11,0.992405,51.47915,51.088165,51.47915,44.35835,81.0,50.5,0.0
722,XGBoostPoisson,22064,PINK DOUGHNUT TRINKET POT ,2011-12-05/2011-12-11,0.9938195,52.903748,52.576775,52.903748,44.306168,37.0,54.0,0.0
723,XGBoostPoisson,21390,FILIGRIS HEART WITH BUTTERFLY,2011-12-05/2011-12-11,0.9849624,51.123894,50.355114,51.123894,44.294254,21.0,32.75,0.0
724,XGBoostPoisson,21329,DINOSAURS  WRITING SET ,2011-12-05/2011-12-11,0.98496234,55.637108,54.800457,55.637108,44.26387,48.0,57.0,0.0
725,XGBoostPoisson,22813,PACK 3 BOXES BIRD PANNETONE ,2011-12-05/2011-12-11,0.99240506,54.614353,54.199562,54.614353,44.232906,47.0,57.25,0.0
726,XGBoostPoisson,22435,SET OF 9 HEART SHAPED BALLOONS,2011-12-05/2011-12-11,0.9886148,54.317513,53.699097,54.317513,43.989555,48.0,51.5,0.0
727,XGBoostPoisson,22311,OFFICE MUG WARMER BLACK+SILVER ,2011-12-05/2011-12-11,0.93664384,33.99418,31.840439,33.99418,43.972202,15.0,54.25,0.0
728,XGBoostPoisson,22754,SMALL RED BABUSHKA NOTEBOOK ,2011-12-05/2011-12-11,0.99583334,57.816772,57.57587,57.816772,43.893143,82.0,60.0,0.0
729,XGBoostPoisson,23126,FELTCRAFT GIRL AMELIE KIT,2011-12-05/2011-12-11,0.99381953,53.202744,52.873924,53.202744,43.665516,37.0,50.75,0.0
730,XGBoostPoisson,23435,3 RAFFIA RIBBONS VINTAGE CHRISTMAS,2011-12-05/2011-12-11,0.99583334,55.87219,55.63939,55.87219,43.654438,70.0,49.25,0.0
731,XGBoostPoisson,35923,CANDY HEART HANGING DECORATION,2011-12-05/2011-12-11,0.6600496,41.00067,27.062477,41.00067,43.638226,24.0,35.5,0.0
732,XGBoostPoisson,22115,METAL SIGN EMPIRE TEA,2011-12-05/2011-12-11,0.9861496,55.195312,54.430836,55.195312,43.62824,28.0,46.75,0.0
733,XGBoostPoisson,21868,POTTING SHED TEA MUG,2011-12-05/2011-12-11,0.9129511,44.026585,40.19412,44.026585,43.596004,52.0,34.25,0.0
734,XGBoostPoisson,23280,FOLDING BUTTERFLY MIRROR HOT PINK ,2011-12-05/2011-12-11,0.9958334,60.75684,60.50369,60.75684,43.59504,59.0,56.25,0.0
735,XGBoostPoisson,22413,METAL SIGN TAKE IT OR LEAVE IT ,2011-12-05/2011-12-11,0.9695238,43.50619,42.180286,43.50619,43.51979,27.0,29.0,0.0
736,XGBoostPoisson,23242,TREASURE TIN BUFFALO BILL ,2011-12-05/2011-12-11,0.9861496,56.360554,55.579937,56.360554,43.465412,97.0,45.0,0.0
737,XGBoostPoisson,23550,WRAP ALPHABET POSTER  ,2011-12-05/2011-12-11,0.93664384,44.577827,41.753548,44.577827,43.462406,25.0,37.5,0.0
738,XGBoostPoisson,85230B,CINNAMON SCENTED VOTIVE CANDLE,2011-12-05/2011-12-11,0.8745875,47.811436,41.815285,47.811436,43.386074,24.0,72.0,0.0
739,XGBoostPoisson,23359,SET OF 12 T-LIGHTS VINTAGE DOILY,2011-12-05/2011-12-11,0.99240506,44.218636,43.882797,44.218636,43.31929,26.0,50.75,0.0
740,XGBoostPoisson,21218,RED SPOTTY BISCUIT TIN,2011-12-05/2011-12-11,0.9938195,54.164326,53.829563,54.164326,43.101402,37.0,67.5,0.0
741,XGBoostPoisson,22567,20 DOLLY PEGS RETROSPOT,2011-12-05/2011-12-11,0.98614967,37.21729,36.701817,37.21729,43.098732,32.0,29.5,0.0
742,XGBoostPoisson,23291,DOLLY GIRL CHILDRENS CUP,2011-12-05/2011-12-11,0.98496246,53.00672,52.209633,53.00672,43.072514,25.0,42.5,0.0
743,XGBoostPoisson,21932,SCANDINAVIAN PAISLEY PICNIC BAG,2011-12-05/2011-12-11,0.98496234,43.778404,43.12008,43.778404,42.939404,39.0,36.0,0.0
744,XGBoostPoisson,90057,DIAMANTE RING ASSORTED IN BOX.,2011-12-05/2011-12-11,0.65502185,34.7938,22.790699,34.7938,42.879047,24.0,108.0,0.0
745,XGBoostPoisson,21900,"KEY FOB , SHED",2011-12-05/2011-12-11,0.9886148,56.648647,56.003693,56.648647,42.75807,46.0,49.5,0.0
746,XGBoostPoisson,21770,OPEN CLOSED METAL SIGN,2011-12-05/2011-12-11,0.9705305,51.610565,50.089626,51.610565,42.63664,76.0,50.75,0.0
747,XGBoostPoisson,22716,CARD CIRCUS PARADE,2011-12-05/2011-12-11,0.9958334,53.962513,53.73767,53.962513,42.56817,29.0,27.5,0.0
748,XGBoostPoisson,23289,DOLLY GIRL CHILDRENS BOWL,2011-12-05/2011-12-11,0.98614955,49.28125,48.598682,49.28125,42.48989,22.0,45.5,0.0
749,XGBoostPoisson,85194S,HANGING SPRING FLOWER EGG SMALL,2011-12-05/2011-12-11,0.7718191,54.62541,42.160934,54.62541,42.46198,73.0,39.25,0.0
750,XGBoostPoisson,22566,FELTCRAFT HAIRBAND PINK AND PURPLE,2011-12-05/2011-12-11,0.9849624,49.11408,48.375523,49.11408,42.459793,42.0,58.75,0.0
751,XGBoostPoisson,22584,PACK OF 6 PANNETONE GIFT BOXES,2011-12-05/2011-12-11,0.98496234,46.966778,46.260506,46.966778,42.297493,35.0,65.25,0.0
752,XGBoostPoisson,21813,GARLAND WITH STARS AND BELLS,2011-12-05/2011-12-11,0.9849624,48.661133,47.929386,48.661133,42.28385,41.0,40.25,0.0
753,XGBoostPoisson,22046,TEA PARTY  WRAPPING PAPER ,2011-12-05/2011-12-11,0.9526412,44.476704,42.37034,44.476704,42.269882,25.0,75.0,0.0
754,XGBoostPoisson,90058B,CRYSTAL STUD EARRINGS ASSORTED COL ,2011-12-05/2011-12-11,0.5208333,32.55736,16.956959,32.55736,42.244293,36.0,63.0,0.0
755,XGBoostPoisson,23163,REGENCY SUGAR TONGS,2011-12-05/2011-12-11,0.98496246,49.946205,49.195137,49.946205,42.183895,69.0,29.5,0.0
756,XGBoostPoisson,22300,COFFEE MUG DOG + BALL DESIGN,2011-12-05/2011-12-11,0.9861496,53.986015,53.23829,53.986015,42.1743,33.0,24.0,0.0
757,XGBoostPoisson,23031,DRAWER KNOB CRACKLE GLAZE PINK,2011-12-05/2011-12-11,0.9886148,45.289207,44.773582,45.289207,42.131607,65.0,43.25,0.0
758,XGBoostPoisson,23119,PACK OF 6 LARGE FRUIT STRAWS ,2011-12-05/2011-12-11,0.9861496,51.91372,51.194695,51.91372,42.127518,45.0,34.0,0.0
759,XGBoostPoisson,22420,LIPSTICK PEN BABY PINK,2011-12-05/2011-12-11,0.9861496,44.39634,43.781433,44.39634,42.11389,27.0,79.75,0.0
760,XGBoostPoisson,22439,6 ROCKET BALLOONS ,2011-12-05/2011-12-11,0.98614967,43.998947,43.389545,43.998947,41.993404,81.0,47.75,0.0
761,XGBoostPoisson,22212,FOUR HOOK  WHITE LOVEBIRDS,2011-12-05/2011-12-11,0.9938196,42.70982,42.445854,42.70982,41.945774,67.0,42.5,0.0
762,XGBoostPoisson,23432,PRETTY HANGING QUILTED HEARTS,2011-12-05/2011-12-11,0.99240506,44.899906,44.558895,44.899906,41.898197,37.0,39.0,0.0
763,XGBoostPoisson,21167,WHITE SAGE INCENSE,2011-12-05/2011-12-11,0.8913738,39.92977,35.592354,39.92977,41.80849,72.0,39.75,0.0
764,XGBoostPoisson,20868,SILVER FABRIC MIRROR,2011-12-05/2011-12-11,0.9129511,34.56353,31.554813,34.56353,41.70236,70.0,54.75,0.0
765,XGBoostPoisson,82001S,VINYL RECORD FRAME SILVER,2011-12-05/2011-12-11,0.96313363,36.58574,35.236958,36.58574,41.695755,55.0,69.0,0.0
766,XGBoostPoisson,21242,RED RETROSPOT PLATE ,2011-12-05/2011-12-11,0.9886148,45.486713,44.968838,45.486713,41.64058,20.0,51.25,0.0
767,XGBoostPoisson,85014B,RED RETROSPOT UMBRELLA,2011-12-05/2011-12-11,0.99240506,53.36518,52.959877,53.36518,41.547848,54.0,36.0,0.0
768,XGBoostPoisson,22985,"WRAP, BILLBOARD FONTS DESIGN",2011-12-05/2011-12-11,0.9631337,48.243214,46.464664,48.243214,41.523468,25.0,37.5,0.0
769,XGBoostPoisson,48185,DOORMAT FAIRY CAKE,2011-12-05/2011-12-11,0.9938195,42.276917,42.01562,42.276917,41.484173,33.0,33.5,0.0
770,XGBoostPoisson,16236,KITTY PENCIL ERASERS,2011-12-05/2011-12-11,0.9695238,43.74603,42.412815,43.74603,41.48103,45.0,42.75,0.0
771,XGBoostPoisson,22995,TRAVEL CARD WALLET SUKI,2011-12-05/2011-12-11,0.9886148,55.335087,54.705086,55.335087,41.476814,35.0,36.0,0.0
772,XGBoostPoisson,22963,JAM JAR WITH GREEN LID,2011-12-05/2011-12-11,0.98496234,37.869904,37.30043,37.869904,41.38341,17.0,37.5,0.0
773,XGBoostPoisson,23396,LE JARDIN BOTANIQUE CUSHION COVER,2011-12-05/2011-12-11,0.9958334,52.187233,51.969788,52.187233,41.368515,41.0,47.25,0.0
774,XGBoostPoisson,22076,6 RIBBONS EMPIRE  ,2011-12-05/2011-12-11,0.9938195,45.236015,44.956432,45.236015,41.361958,127.0,54.75,0.0
775,XGBoostPoisson,23392,SPACEBOY ROCKET LOLLY MAKERS,2011-12-05/2011-12-11,0.99240506,48.24744,47.881004,48.24744,41.27755,75.0,46.75,0.0
776,XGBoostPoisson,22335,HEART DECORATION PAINTED ZINC ,2011-12-05/2011-12-11,0.99381953,58.010914,57.652378,58.010914,41.167377,42.0,42.25,0.0
777,XGBoostPoisson,22622,BOX OF VINTAGE ALPHABET BLOCKS,2011-12-05/2011-12-11,0.99381953,36.895657,36.667625,36.895657,41.13082,15.0,48.5,0.0
778,XGBoostPoisson,23251,VINTAGE RED ENAMEL TRIM MUG ,2011-12-05/2011-12-11,0.98496246,45.574604,44.889275,45.574604,41.080254,14.0,49.25,0.0
779,XGBoostPoisson,23148,MINIATURE ANTIQUE ROSE HOOK IVORY,2011-12-05/2011-12-11,0.9736842,47.233562,45.990574,47.233562,41.062195,12.0,57.0,0.0
780,XGBoostPoisson,23029,DRAWER KNOB CRACKLE GLAZE GREEN,2011-12-05/2011-12-11,0.9849624,48.363857,47.63658,48.363857,40.986275,58.0,47.25,0.0
781,XGBoostPoisson,22651,GENTLEMAN SHIRT REPAIR KIT ,2011-12-05/2011-12-11,0.98496234,46.214893,45.519928,46.214893,40.980522,55.0,31.5,0.0
782,XGBoostPoisson,17091J,VANILLA INCENSE IN TIN,2011-12-05/2011-12-11,0.9849624,46.789577,46.085976,46.789577,40.957634,54.0,33.0,0.0
783,XGBoostPoisson,22924,FRIDGE MAGNETS LA VIE EN ROSE,2011-12-05/2011-12-11,0.9705305,44.63754,43.322094,44.63754,40.85149,138.0,51.0,0.0
784,XGBoostPoisson,22352,LUNCH BOX WITH CUTLERY RETROSPOT ,2011-12-05/2011-12-11,0.99240506,48.05448,47.68951,48.05448,40.82585,22.0,26.0,0.0
785,XGBoostPoisson,23288,GREEN VINTAGE SPOT BEAKER,2011-12-05/2011-12-11,0.9631337,19.98548,19.248688,19.98548,40.789135,13.0,45.5,0.0
786,XGBoostPoisson,22371,AIRLINE BAG VINTAGE TOKYO 78,2011-12-05/2011-12-11,0.99583334,45.55939,45.36956,45.55939,40.555603,40.0,42.25,0.0
787,XGBoostPoisson,23122,PARTY CHARMS 50 PIECES,2011-12-05/2011-12-11,0.9849624,33.749435,33.241924,33.749435,40.45593,15.0,43.0,0.0
788,XGBoostPoisson,22078,RIBBON REEL LACE DESIGN ,2011-12-05/2011-12-11,0.962963,40.998528,39.480064,40.998528,40.300068,22.0,53.25,0.0
789,XGBoostPoisson,22707,WRAP MONSTER FUN ,2011-12-05/2011-12-11,0.83053434,39.83044,33.080547,39.83044,40.29004,50.0,43.75,0.0
790,XGBoostPoisson,23404,HOME SWEET HOME BLACKBOARD,2011-12-05/2011-12-11,0.9938195,55.280144,54.938484,55.280144,40.251892,31.0,42.0,0.0
791,XGBoostPoisson,20750,RED RETROSPOT MINI CASES,2011-12-05/2011-12-11,0.99240506,55.035976,54.61798,55.035976,40.131607,32.0,48.25,0.0
792,XGBoostPoisson,21705,BAG 500g SWIRLY MARBLES,2011-12-05/2011-12-11,0.9695238,40.836567,39.592022,40.836567,40.117878,79.0,50.0,0.0
793,XGBoostPoisson,23162,REGENCY TEA STRAINER,2011-12-05/2011-12-11,0.99240506,51.15456,50.766045,51.15456,40.096256,67.0,36.0,0.0
794,XGBoostPoisson,22753,SMALL YELLOW BABUSHKA NOTEBOOK ,2011-12-05/2011-12-11,0.9886148,40.63304,40.170425,40.63304,40.00888,101.0,54.75,0.0
795,XGBoostPoisson,22971,QUEENS GUARD COFFEE MUG,2011-12-05/2011-12-11,0.99381953,57.259018,56.905132,57.259018,39.956635,52.0,53.0,0.0
796,XGBoostPoisson,22814,CARD PARTY GAMES ,2011-12-05/2011-12-11,0.99381953,49.216114,48.911934,49.216114,39.891518,30.0,41.0,0.0
797,XGBoostPoisson,79066K,RETRO MOD TRAY,2011-12-05/2011-12-11,0.9849624,33.04838,32.551414,33.04838,39.79613,41.0,51.5,0.0
798,XGBoostPoisson,21402,RED  EGG  SPOON,2011-12-05/2011-12-11,0.8913738,45.975212,40.981102,45.975212,39.608585,75.0,52.75,0.0
799,XGBoostPoisson,22923,FRIDGE MAGNETS LES ENFANTS ASSORTED,2011-12-05/2011-12-11,0.8988235,37.184273,33.4221,37.184273,39.561012,132.0,50.25,0.0
800,XGBoostPoisson,23147,SINGLE ANTIQUE ROSE HOOK IVORY,2011-12-05/2011-12-11,0.99583334,55.34964,55.119015,55.34964,39.479668,32.0,36.75,0.0
801,XGBoostPoisson,23269,SET OF 2 CERAMIC CHRISTMAS TREES,2011-12-05/2011-12-11,0.9705305,35.17566,34.13905,35.17566,39.428524,18.0,57.5,0.0
802,XGBoostPoisson,23174,REGENCY SUGAR BOWL GREEN,2011-12-05/2011-12-11,0.9849624,49.37954,48.63699,49.37954,39.395428,32.0,27.0,0.0
803,XGBoostPoisson,21989,PACK OF 20 SKULL PAPER NAPKINS,2011-12-05/2011-12-11,0.9861496,50.741497,50.038708,50.741497,39.394188,36.0,40.75,0.0
804,XGBoostPoisson,22774,RED DRAWER KNOB ACRYLIC EDWARDIAN,2011-12-05/2011-12-11,0.99240506,45.187973,44.844772,45.187973,39.39312,43.0,42.5,0.0
805,XGBoostPoisson,20675,BLUE POLKADOT BOWL,2011-12-05/2011-12-11,0.9849624,41.820892,41.192005,41.820892,39.25219,14.0,40.25,0.0
806,XGBoostPoisson,84032B,CHARLIE + LOLA RED HOT WATER BOTTLE,2011-12-05/2011-12-11,0.9875001,43.247932,42.707336,43.247932,39.241577,74.0,46.75,0.0
807,XGBoostPoisson,23270,SET OF 2 CERAMIC PAINTED HEARTS ,2011-12-05/2011-12-11,0.99583334,45.485294,45.295773,45.485294,39.188595,28.0,37.75,0.0
808,XGBoostPoisson,21984,PACK OF 12 PINK PAISLEY TISSUES ,2011-12-05/2011-12-11,0.98496234,35.214783,34.685234,35.214783,39.185326,14.0,26.25,0.0
809,XGBoostPoisson,21872,GLAMOROUS  MUG,2011-12-05/2011-12-11,0.9849624,32.77546,32.282597,32.77546,39.183167,27.0,17.75,0.0
810,XGBoostPoisson,23193,BUFFALO BILL TREASURE BOOK BOX,2011-12-05/2011-12-11,0.9736842,33.225994,32.351624,33.225994,39.177692,9.0,93.25,0.0
811,XGBoostPoisson,22986,GINGHAM ROSE WRAP,2011-12-05/2011-12-11,0.7718191,41.187332,31.78917,41.187332,38.87595,0.0,31.25,1.0
812,XGBoostPoisson,22922,FRIDGE MAGNETS US DINER ASSORTED,2011-12-05/2011-12-11,0.9705305,40.261215,39.074738,40.261215,38.810734,132.0,46.0,0.0
813,XGBoostPoisson,22295,HEART FILIGREE DOVE LARGE,2011-12-05/2011-12-11,0.98496246,32.438606,31.95081,32.438606,38.75072,10.0,79.0,0.0
814,XGBoostPoisson,22686,FRENCH BLUE METAL DOOR SIGN No,2011-12-05/2011-12-11,0.9849624,31.227558,30.75797,31.227558,38.570465,120.0,43.0,0.0
815,XGBoostPoisson,23250,VINTAGE RED TRIM ENAMEL BOWL ,2011-12-05/2011-12-11,0.98861474,46.134823,45.609566,46.134823,38.49935,27.0,47.5,0.0
816,XGBoostPoisson,21240,BLUE POLKADOT CUP,2011-12-05/2011-12-11,0.9875001,34.055336,33.629646,34.055336,38.48732,23.0,50.25,0.0
817,XGBoostPoisson,21832,CHOCOLATE CALCULATOR,2011-12-05/2011-12-11,0.9886148,40.454025,39.993446,40.454025,38.45931,38.0,43.75,0.0
818,XGBoostPoisson,10135,COLOURING PENCILS BROWN TUBE,2011-12-05/2011-12-11,0.99240506,46.959145,46.602493,46.959145,38.283722,61.0,42.25,0.0
819,XGBoostPoisson,22107,PIZZA PLATE IN BOX,2011-12-05/2011-12-11,0.9736842,37.556606,36.568275,37.556606,38.148582,51.0,41.75,0.0
820,XGBoostPoisson,22711,WRAP CIRCUS PARADE,2011-12-05/2011-12-11,0.69791675,49.551826,34.58305,49.551826,38.128475,50.0,31.25,0.0
821,XGBoostPoisson,21385,IVORY HANGING DECORATION  HEART,2011-12-05/2011-12-11,0.9849624,45.966587,45.27536,45.966587,38.0798,57.0,29.25,0.0
822,XGBoostPoisson,16238,PARTY TIME PENCIL ERASERS,2011-12-05/2011-12-11,0.9736842,34.187717,33.28804,34.187717,37.86419,51.0,49.25,0.0
823,XGBoostPoisson,22546,MINI JIGSAW PURDEY,2011-12-05/2011-12-11,0.97333336,26.922384,26.204454,26.922384,37.82492,20.0,83.0,0.0
824,XGBoostPoisson,22751,FELTCRAFT PRINCESS OLIVIA DOLL,2011-12-05/2011-12-11,0.9886148,49.474644,48.911366,49.474644,37.808422,50.0,38.5,0.0
825,XGBoostPoisson,22625,RED KITCHEN SCALES,2011-12-05/2011-12-11,0.99583334,44.697052,44.510815,44.697052,37.7362,34.0,34.75,0.0
826,XGBoostPoisson,20956,PORCELAIN T-LIGHT HOLDERS ASSORTED,2011-12-05/2011-12-11,0.9695238,42.90484,41.597263,42.90484,37.729637,16.0,49.25,0.0
827,XGBoostPoisson,47593B,SCOTTIE DOGS BABY BIB,2011-12-05/2011-12-11,0.9886148,39.526108,39.076096,39.526108,37.643425,26.0,39.0,0.0
828,XGBoostPoisson,22713,CARD I LOVE LONDON ,2011-12-05/2011-12-11,0.98614955,42.461918,41.873802,42.461918,37.57855,24.0,30.0,0.0
829,XGBoostPoisson,22217,T-LIGHT HOLDER HANGING LACE,2011-12-05/2011-12-11,0.8988235,26.028128,23.394693,26.028128,37.56597,109.0,48.75,0.0
830,XGBoostPoisson,22706,WRAP COWBOYS  ,2011-12-05/2011-12-11,0.6979166,55.44081,38.693066,55.44081,37.55611,50.0,18.75,0.0
831,XGBoostPoisson,22624,IVORY KITCHEN SCALES,2011-12-05/2011-12-11,0.9886148,51.505627,50.919224,51.505627,37.525215,32.0,32.75,0.0
832,XGBoostPoisson,21519,GIN & TONIC DIET GREETING CARD ,2011-12-05/2011-12-11,0.6979167,49.57097,34.596405,49.57097,37.505806,0.0,76.25,1.0
833,XGBoostPoisson,22735,RIBBON REEL SOCKS AND MITTENS,2011-12-05/2011-12-11,0.9366438,35.94073,33.663662,35.94073,37.382626,13.0,50.5,0.0
834,XGBoostPoisson,21216,"SET 3 RETROSPOT TEA,COFFEE,SUGAR",2011-12-05/2011-12-11,0.99381953,40.92325,40.670322,40.92325,37.31576,54.0,41.5,0.0
835,XGBoostPoisson,21070,VINTAGE BILLBOARD MUG ,2011-12-05/2011-12-11,0.93664384,23.948011,22.430758,23.948011,37.209602,28.0,26.5,0.0
836,XGBoostPoisson,23273,HEART T-LIGHT HOLDER WILLIE WINKIE,2011-12-05/2011-12-11,0.9886148,43.72184,43.224056,43.72184,37.194588,20.0,42.5,0.0
837,XGBoostPoisson,35095A,BLUE VICTORIAN FABRIC OVAL BOX,2011-12-05/2011-12-11,0.9736842,31.522243,30.69271,31.522243,37.19316,55.0,44.25,0.0
838,XGBoostPoisson,47421,ASSORTED COLOUR LIZARD SUCTION HOOK,2011-12-05/2011-12-11,0.9705304,34.938972,33.909336,34.938972,37.18634,30.0,41.5,0.0
839,XGBoostPoisson,23358,HOT STUFF HOT WATER BOTTLE,2011-12-05/2011-12-11,0.98861474,32.58214,32.211185,32.58214,37.146893,40.0,40.0,0.0
840,XGBoostPoisson,22805,BLUE DRAWER KNOB ACRYLIC EDWARDIAN,2011-12-05/2011-12-11,0.9875,35.803375,35.355835,35.803375,37.118526,55.0,39.0,0.0
841,XGBoostPoisson,17012F,ORIGAMI SANDLEWOOD INCENSE/CAND SET,2011-12-05/2011-12-11,0.97053045,31.087696,30.171556,31.087696,37.10366,37.0,43.25,0.0
842,XGBoostPoisson,22327,ROUND SNACK BOXES SET OF 4 SKULLS,2011-12-05/2011-12-11,0.9924051,39.28167,38.98333,39.28167,37.075798,77.0,39.5,0.0
843,XGBoostPoisson,22676,FRENCH BLUE METAL DOOR SIGN 1,2011-12-05/2011-12-11,0.9861496,41.824997,41.245705,41.824997,37.034267,45.0,42.5,0.0
844,XGBoostPoisson,22920,HERB MARKER BASIL,2011-12-05/2011-12-11,0.93664384,25.287973,23.685825,25.287973,37.025772,44.0,18.0,0.0
845,XGBoostPoisson,85111,SILVER GLITTER FLOWER VOTIVE HOLDER,2011-12-05/2011-12-11,0.8988235,26.749002,24.042631,26.749002,36.920864,13.0,17.25,0.0
846,XGBoostPoisson,22102,MIRROR MOSAIC T-LIGHT HOLDER ,2011-12-05/2011-12-11,0.44345897,10.521523,4.665864,10.521523,36.858295,6.0,3.75,0.0
847,XGBoostPoisson,21327,SKULLS WRITING SET ,2011-12-05/2011-12-11,0.9938196,35.809402,35.588085,35.809402,36.83713,43.0,40.5,0.0
848,XGBoostPoisson,23398,HANGING HEART BONHEUR,2011-12-05/2011-12-11,0.9886148,43.88394,43.384315,43.88394,36.783928,64.0,43.75,0.0
849,XGBoostPoisson,22705,WRAP GREEN PEARS ,2011-12-05/2011-12-11,0.7718191,53.234245,41.087208,53.234245,36.769226,25.0,25.0,0.0
850,XGBoostPoisson,21558,SKULL LUNCH BOX WITH CUTLERY ,2011-12-05/2011-12-11,0.9849624,45.90731,45.216976,45.90731,36.647713,24.0,35.75,0.0
851,XGBoostPoisson,22654,DELUXE SEWING KIT ,2011-12-05/2011-12-11,0.99583334,34.874878,34.729565,34.874878,36.63266,19.0,45.0,0.0
852,XGBoostPoisson,23086,ZINC  STAR T-LIGHT HOLDER ,2011-12-05/2011-12-11,0.9129512,38.998806,35.604004,38.998806,36.557312,16.0,64.0,0.0
853,XGBoostPoisson,20986,BLUE CALCULATOR RULER,2011-12-05/2011-12-11,0.97053045,36.689747,35.608517,36.689747,36.49119,45.0,30.5,0.0
854,XGBoostPoisson,84536B,FAIRY CAKES NOTEBOOK A7 SIZE,2011-12-05/2011-12-11,0.9736842,39.5189,38.47893,39.5189,36.34421,7.0,38.25,0.0
855,XGBoostPoisson,21584,RETROSPOT SMALL TUBE MATCHES,2011-12-05/2011-12-11,0.97053045,39.97304,38.795055,39.97304,36.321457,29.0,41.25,0.0
856,XGBoostPoisson,21535,RED RETROSPOT SMALL MILK JUG,2011-12-05/2011-12-11,0.9886148,40.93258,40.466553,40.93258,36.253662,39.0,33.0,0.0
857,XGBoostPoisson,21159,MOODY BOY  DOOR HANGER ,2011-12-05/2011-12-11,0.97053045,30.769163,29.86241,30.769163,35.919975,37.0,30.5,0.0
858,XGBoostPoisson,23120,PACK OF 6 SMALL FRUIT STRAWS,2011-12-05/2011-12-11,0.9736842,36.37494,35.4177,36.37494,35.859512,29.0,37.5,0.0
859,XGBoostPoisson,21987,PACK OF 6 SKULL PAPER CUPS,2011-12-05/2011-12-11,0.93664384,38.423378,35.98902,38.423378,35.845844,12.0,85.75,0.0
860,XGBoostPoisson,22906,12 MESSAGE CARDS WITH ENVELOPES,2011-12-05/2011-12-11,0.9886148,42.485123,42.00142,42.485123,35.68334,17.0,42.25,0.0
861,XGBoostPoisson,21933,PINK VINTAGE PAISLEY PICNIC BAG,2011-12-05/2011-12-11,0.9886148,38.657303,38.217182,38.657303,35.571964,33.0,34.0,0.0
862,XGBoostPoisson,23173,REGENCY TEAPOT ROSES ,2011-12-05/2011-12-11,0.9849624,36.001785,35.460403,36.001785,35.540165,14.0,23.75,0.0
863,XGBoostPoisson,21636,MADRAS NOTEBOOK MEDIUM,2011-12-05/2011-12-11,0.9695238,38.549732,37.37488,38.549732,35.38909,31.0,37.25,0.0
864,XGBoostPoisson,21875,KINGS CHOICE MUG,2011-12-05/2011-12-11,0.9705305,28.659086,27.814518,28.659086,35.33473,54.0,30.25,0.0
865,XGBoostPoisson,22185,SLATE TILE NATURAL HANGING,2011-12-05/2011-12-11,0.9695238,35.524727,34.442066,35.524727,35.31434,24.0,40.0,0.0
866,XGBoostPoisson,17012D,ORIGAMI ROSE INCENSE/CANDLE SET ,2011-12-05/2011-12-11,0.95264125,31.68023,30.179893,31.68023,35.19876,59.0,43.5,0.0
867,XGBoostPoisson,23159,SET OF 5 PANCAKE DAY MAGNETS,2011-12-05/2011-12-11,0.98496246,46.665707,45.96397,46.665707,34.878708,8.0,51.0,0.0
868,XGBoostPoisson,17084N,FAIRY DREAMS INCENSE ,2011-12-05/2011-12-11,0.93664384,28.800474,26.975786,28.800474,34.8605,27.0,15.25,0.0
869,XGBoostPoisson,22179,SET 10 LIGHTS NIGHT OWL,2011-12-05/2011-12-11,0.9736842,37.112064,36.13543,37.112064,34.816902,34.0,39.0,0.0
870,XGBoostPoisson,21988,PACK OF 6 SKULL PAPER PLATES,2011-12-05/2011-12-11,0.93664384,41.023247,38.42417,41.023247,34.791344,12.0,77.75,0.0
871,XGBoostPoisson,22097,SWALLOW SQUARE TISSUE BOX,2011-12-05/2011-12-11,0.9705305,28.22895,27.397058,28.22895,34.749554,7.0,36.0,0.0
872,XGBoostPoisson,21907,I'M ON HOLIDAY METAL SIGN,2011-12-05/2011-12-11,0.98614955,38.505817,37.972496,38.505817,34.694744,44.0,26.75,0.0
873,XGBoostPoisson,21591,COSY HOUR CIGAR BOX MATCHES ,2011-12-05/2011-12-11,0.6600496,53.40054,35.247005,53.40054,34.678436,0.0,94.0,1.0
874,XGBoostPoisson,22984,CARD GINGHAM ROSE ,2011-12-05/2011-12-11,0.97053045,32.59743,31.636799,32.59743,34.594673,36.0,28.25,0.0
875,XGBoostPoisson,23388,WOODLAND MINI BACKPACK,2011-12-05/2011-12-11,0.9736842,33.060753,32.19073,33.060753,34.530327,12.0,37.25,0.0
876,XGBoostPoisson,22071,SMALL WHITE RETROSPOT MUG IN BOX ,2011-12-05/2011-12-11,0.9129511,35.392994,32.312073,35.392994,34.491463,4.0,115.25,0.0
877,XGBoostPoisson,48184,DOORMAT ENGLISH ROSE ,2011-12-05/2011-12-11,0.98496234,32.84046,32.34662,32.84046,34.47055,24.0,33.5,0.0
878,XGBoostPoisson,47599B,BLUE PARTY BAGS ,2011-12-05/2011-12-11,0.9631337,18.228899,17.556868,18.228899,34.20905,12.0,48.0,0.0
879,XGBoostPoisson,21899,"KEY FOB , GARAGE DESIGN",2011-12-05/2011-12-11,0.99381953,37.071644,36.842525,37.071644,34.02105,38.0,38.0,0.0
880,XGBoostPoisson,22070,SMALL RED RETROSPOT MUG IN BOX ,2011-12-05/2011-12-11,0.85714287,37.09269,31.793734,37.09269,33.95569,4.0,122.25,0.0
881,XGBoostPoisson,22456,NATURAL SLATE CHALKBOARD LARGE ,2011-12-05/2011-12-11,0.9849624,45.380783,44.698364,45.380783,33.826897,24.0,34.0,0.0
882,XGBoostPoisson,22943,CHRISTMAS LIGHTS 10 VINTAGE BAUBLES,2011-12-05/2011-12-11,0.8988235,28.370457,25.500032,28.370457,33.72037,7.0,27.0,0.0
883,XGBoostPoisson,23548,WRAP MAGIC FOREST ,2011-12-05/2011-12-11,0.9129512,32.7205,29.87222,32.7205,33.6718,25.0,37.5,0.0
884,XGBoostPoisson,21239,PINK  POLKADOT CUP,2011-12-05/2011-12-11,0.9886148,36.733105,36.31489,36.733105,33.229862,32.0,32.25,0.0
885,XGBoostPoisson,21201,TROPICAL  HONEYCOMB PAPER GARLAND ,2011-12-05/2011-12-11,0.89137375,22.625256,20.167559,22.625256,33.20346,27.0,10.5,0.0
886,XGBoostPoisson,22795,SWEETHEART RECIPE BOOK STAND,2011-12-05/2011-12-11,0.9958334,41.697495,41.523758,41.697495,33.120403,38.0,38.0,0.0
887,XGBoostPoisson,22670,FRENCH WC SIGN BLUE METAL,2011-12-05/2011-12-11,0.9886148,36.876186,36.456345,36.876186,33.105743,48.0,34.5,0.0
888,XGBoostPoisson,22508,DOORSTOP RETROSPOT HEART,2011-12-05/2011-12-11,0.9861496,24.331036,23.994041,24.331036,32.672054,25.0,27.0,0.0
889,XGBoostPoisson,22441,GROW YOUR OWN BASIL IN ENAMEL MUG,2011-12-05/2011-12-11,0.9861496,44.411613,43.796494,44.411613,32.663734,27.0,33.25,0.0
890,XGBoostPoisson,21755,LOVE BUILDING BLOCK WORD,2011-12-05/2011-12-11,0.99240506,36.769886,36.49062,36.769886,32.641315,34.0,28.0,0.0
891,XGBoostPoisson,71053,WHITE METAL LANTERN,2011-12-05/2011-12-11,0.9861496,32.24709,31.800455,32.24709,32.579533,23.0,31.5,0.0
892,XGBoostPoisson,70006,LOVE HEART POCKET WARMER,2011-12-05/2011-12-11,0.93664384,24.448605,22.899635,24.448605,32.514484,32.0,19.75,0.0
893,XGBoostPoisson,22210,WOOD STAMP SET BEST WISHES,2011-12-05/2011-12-11,0.9695238,30.830845,29.891237,30.830845,32.481018,26.0,33.0,0.0
894,XGBoostPoisson,21986,PACK OF 12 PINK POLKADOT TISSUES,2011-12-05/2011-12-11,0.9705304,35.09834,34.064003,35.09834,32.389404,9.0,29.25,0.0
895,XGBoostPoisson,46000M,POLYESTER FILLER PAD 45x45cm,2011-12-05/2011-12-11,0.98496234,33.434883,32.932102,33.434883,32.293823,31.0,31.25,0.0
896,XGBoostPoisson,21356,TOAST ITS - FAIRY FLOWER,2011-12-05/2011-12-11,0.9695238,32.967403,31.962683,32.967403,32.235134,41.0,37.75,0.0
897,XGBoostPoisson,22972,CHILDREN'S SPACEBOY MUG,2011-12-05/2011-12-11,0.98496234,36.246933,35.701862,36.246933,32.18911,17.0,29.75,0.0
898,XGBoostPoisson,23155,KNICKERBOCKERGLORY MAGNET ASSORTED ,2011-12-05/2011-12-11,0.9886148,39.671783,39.22011,39.671783,32.180363,21.0,34.75,0.0
899,XGBoostPoisson,22059,CERAMIC STRAWBERRY DESIGN MUG,2011-12-05/2011-12-11,0.9631336,28.020552,26.987534,28.020552,32.17467,58.0,25.25,0.0
900,XGBoostPoisson,22099,CARAVAN SQUARE TISSUE BOX,2011-12-05/2011-12-11,0.9695238,22.300335,21.620705,22.300335,32.140667,15.0,30.25,0.0
901,XGBoostPoisson,84596G,SMALL CHOCOLATES PINK BOWL,2011-12-05/2011-12-11,0.98614955,33.746353,33.27895,33.746353,32.13961,16.0,28.5,0.0
902,XGBoostPoisson,21259,VICTORIAN SEWING BOX SMALL ,2011-12-05/2011-12-11,0.98614967,26.66608,26.296747,26.66608,32.084553,32.0,27.75,0.0
903,XGBoostPoisson,22801,ANTIQUE GLASS PEDESTAL BOWL,2011-12-05/2011-12-11,0.9958334,39.881386,39.715218,39.881386,32.080723,42.0,37.5,0.0
904,XGBoostPoisson,22310,IVORY KNITTED MUG COSY ,2011-12-05/2011-12-11,0.9695238,29.446163,28.548756,29.446163,32.013683,14.0,55.5,0.0
905,XGBoostPoisson,22565,FELTCRAFT HAIRBANDS PINK AND WHITE ,2011-12-05/2011-12-11,0.9849624,32.258457,31.773367,32.258457,31.979141,46.0,39.25,0.0
906,XGBoostPoisson,48173C,DOORMAT BLACK FLOCK ,2011-12-05/2011-12-11,0.9736842,21.853956,21.278852,21.853956,31.93026,14.0,24.5,0.0
907,XGBoostPoisson,22695,WICKER WREATH SMALL,2011-12-05/2011-12-11,0.98496234,35.913055,35.37301,35.913055,31.825726,38.0,28.75,0.0
908,XGBoostPoisson,23132,SMALL IVORY HEART WALL ORGANISER,2011-12-05/2011-12-11,0.9849624,28.532034,28.102982,28.532034,31.794495,15.0,23.75,0.0
909,XGBoostPoisson,23381,PACK OF 12 VINTAGE LEAF TISSUES ,2011-12-05/2011-12-11,0.97333336,22.681997,22.077145,22.681997,31.770966,17.0,27.75,0.0
910,XGBoostPoisson,21012,ANTIQUE ALL GLASS CANDLESTICK,2011-12-05/2011-12-11,0.9924051,31.047665,30.811861,31.047665,31.74361,80.0,36.5,0.0
911,XGBoostPoisson,85231B,CINAMMON SET OF 9 T-LIGHTS,2011-12-05/2011-12-11,0.9736842,31.184551,30.363905,31.184551,31.678122,41.0,30.25,0.0
912,XGBoostPoisson,22193,RED DINER WALL CLOCK,2011-12-05/2011-12-11,0.98496234,37.601818,37.036373,37.601818,31.639717,54.0,31.0,0.0
913,XGBoostPoisson,22895,SET OF 2 TEA TOWELS APPLE AND PEARS,2011-12-05/2011-12-11,0.99583334,36.765095,36.611908,36.765095,31.603483,26.0,33.75,0.0
914,XGBoostPoisson,85049G,CHOCOLATE BOX RIBBONS ,2011-12-05/2011-12-11,0.98614955,32.619606,32.16781,32.619606,31.578636,74.0,34.5,0.0
915,XGBoostPoisson,72351B,SET/6 PINK  BUTTERFLY T-LIGHTS,2011-12-05/2011-12-11,0.98861474,27.849377,27.532305,27.849377,31.500582,32.0,22.25,0.0
916,XGBoostPoisson,79191C,RETRO PLASTIC ELEPHANT TRAY,2011-12-05/2011-12-11,0.9129512,26.369461,24.07403,26.369461,31.44749,38.0,52.0,0.0
917,XGBoostPoisson,23237,SET OF 4 KNICK KNACK TINS LEAF,2011-12-05/2011-12-11,0.9849624,33.543083,33.038677,33.543083,31.395538,49.0,37.75,0.0
918,XGBoostPoisson,21524,DOORMAT SPOTTY HOME SWEET HOME,2011-12-05/2011-12-11,0.9861496,39.31871,38.77413,39.31871,31.374796,24.0,34.25,0.0
919,XGBoostPoisson,22989,SET 2 PANTRY DESIGN TEA TOWELS,2011-12-05/2011-12-11,0.9861496,40.121563,39.565865,40.121563,31.336758,18.0,26.25,0.0
920,XGBoostPoisson,22755,SMALL PURPLE BABUSHKA NOTEBOOK ,2011-12-05/2011-12-11,0.9938196,41.484432,41.228043,41.484432,31.32863,41.0,35.5,0.0
921,XGBoostPoisson,22650,CERAMIC PIRATE CHEST MONEY BANK,2011-12-05/2011-12-11,0.9695237,33.46512,32.445225,33.46512,31.270088,34.0,37.0,0.0
922,XGBoostPoisson,21901,"KEY FOB , BACK DOOR ",2011-12-05/2011-12-11,0.9849624,32.126812,31.643702,32.126812,31.226788,28.0,33.25,0.0
923,XGBoostPoisson,22211,WOOD STAMP SET FLOWERS,2011-12-05/2011-12-11,0.9849624,38.242733,37.667656,38.242733,31.21089,19.0,35.75,0.0
924,XGBoostPoisson,22773,GREEN DRAWER KNOB ACRYLIC EDWARDIAN,2011-12-05/2011-12-11,0.9526412,28.12495,26.792986,28.12495,31.154789,42.0,30.25,0.0
925,XGBoostPoisson,21640,ASSORTED TUTTI FRUTTI  FOB NOTEBOOK,2011-12-05/2011-12-11,0.96313363,31.114178,29.967112,31.114178,31.041452,49.0,26.25,0.0
926,XGBoostPoisson,22965,3 TRADITIONAl BISCUIT CUTTERS  SET,2011-12-05/2011-12-11,0.9736842,24.712671,24.062338,24.712671,31.028473,14.0,43.0,0.0
927,XGBoostPoisson,20682,RED RETROSPOT CHILDRENS UMBRELLA,2011-12-05/2011-12-11,0.9938196,39.161366,38.91933,39.161366,30.97474,29.0,35.5,0.0
928,XGBoostPoisson,22897,OVEN MITT APPLES DESIGN,2011-12-05/2011-12-11,0.98861486,37.35787,36.932545,37.35787,30.867502,16.0,32.25,0.0
929,XGBoostPoisson,22942,CHRISTMAS LIGHTS 10 SANTAS ,2011-12-05/2011-12-11,0.9695238,39.48959,38.286095,39.48959,30.854061,32.0,33.25,0.0
930,XGBoostPoisson,21084,SET/6 COLLAGE PAPER CUPS,2011-12-05/2011-12-11,0.93664384,30.990608,29.027163,30.990608,30.81498,54.0,23.0,0.0
931,XGBoostPoisson,22337,ANGEL DECORATION PAINTED ZINC ,2011-12-05/2011-12-11,0.9129512,37.78126,34.492447,37.78126,30.814766,4.0,62.0,0.0
932,XGBoostPoisson,21621,VINTAGE UNION JACK BUNTING,2011-12-05/2011-12-11,0.9849624,33.27472,32.77435,33.27472,30.756187,33.0,29.0,0.0
933,XGBoostPoisson,11001,ASSTD DESIGN RACING CAR PEN,2011-12-05/2011-12-11,0.9849624,35.599895,35.06456,35.599895,30.745272,20.0,32.25,0.0
934,XGBoostPoisson,22339,CHRISTMAS TREE PAINTED ZINC ,2011-12-05/2011-12-11,0.31182796,33.15659,10.339151,0.0,30.670206,0.0,84.75,2.0
935,XGBoostPoisson,23219,LAUREL STAR ANTIQUE SILVER ,2011-12-05/2011-12-11,0.97053045,30.445679,29.548458,30.445679,30.599138,58.0,34.5,0.0
936,XGBoostPoisson,22974,CHILDRENS DOLLY GIRL MUG,2011-12-05/2011-12-11,0.9736842,36.555466,35.59348,36.555466,30.56326,35.0,31.75,0.0
937,XGBoostPoisson,21880,RED RETROSPOT TAPE,2011-12-05/2011-12-11,0.9849624,38.706505,38.12445,38.706505,30.494337,23.0,27.75,0.0
938,XGBoostPoisson,21679,SKULLS  STICKERS,2011-12-05/2011-12-11,0.9736842,25.75625,25.078453,25.75625,30.40935,18.0,32.25,0.0
939,XGBoostPoisson,21463,MIRRORED DISCO BALL ,2011-12-05/2011-12-11,0.98496234,28.950521,28.515173,28.950521,30.087082,89.0,30.5,0.0
940,XGBoostPoisson,22529,MAGIC DRAWING SLATE GO TO THE FAIR ,2011-12-05/2011-12-11,0.9366438,34.099167,31.938772,34.099167,29.89441,3.0,39.75,0.0
941,XGBoostPoisson,21116,OWL DOORSTOP,2011-12-05/2011-12-11,0.99240506,34.004807,33.74654,34.004807,29.88806,22.0,38.0,0.0
942,XGBoostPoisson,22905,CALENDAR IN SEASON DESIGN,2011-12-05/2011-12-11,0.97053045,34.337616,33.325703,34.337616,29.643833,72.0,35.75,0.0
943,XGBoostPoisson,23390,DOLLY GIRL MINI BACKPACK,2011-12-05/2011-12-11,0.9849624,28.921303,28.486397,28.921303,29.635077,25.0,23.0,0.0
944,XGBoostPoisson,21809,CHRISTMAS HANGING TREE WITH BELL,2011-12-05/2011-12-11,0.6600496,23.51163,15.518842,23.51163,29.597124,3.0,22.25,0.0
945,XGBoostPoisson,21680,WOODLAND  STICKERS,2011-12-05/2011-12-11,0.96313363,35.022278,33.731133,35.022278,29.488253,26.0,28.0,0.0
946,XGBoostPoisson,23014,GLASS APOTHECARY BOTTLE ELIXIR,2011-12-05/2011-12-11,0.9736842,31.075642,30.25786,31.075642,29.441908,26.0,29.75,0.0
947,XGBoostPoisson,22586,FELTCRAFT HAIRBAND PINK AND BLUE,2011-12-05/2011-12-11,0.9736842,32.89149,32.025925,32.89149,29.366371,24.0,27.25,0.0
948,XGBoostPoisson,22956,36 FOIL HEART CAKE CASES,2011-12-05/2011-12-11,0.9736842,21.135115,20.578928,21.135115,29.252153,54.0,29.5,0.0
949,XGBoostPoisson,23559,WOODLAND BUNNIES LOLLY MAKERS,2011-12-05/2011-12-11,0.9886148,29.644495,29.306986,29.644495,29.234814,28.0,24.0,0.0
950,XGBoostPoisson,23102,SILVER HEARTS TABLE DECORATION,2011-12-05/2011-12-11,0.9695238,32.659508,31.66417,32.659508,29.19876,11.0,30.5,0.0
951,XGBoostPoisson,21380,WOODEN HAPPY BIRTHDAY GARLAND,2011-12-05/2011-12-11,0.97053045,30.289955,29.397324,30.289955,29.197756,17.0,20.25,0.0
952,XGBoostPoisson,70007,HI TEC ALPINE HAND WARMER,2011-12-05/2011-12-11,0.9705304,35.878304,34.820984,35.878304,29.168596,23.0,25.75,0.0
953,XGBoostPoisson,85014A,BLACK/BLUE POLKADOT UMBRELLA,2011-12-05/2011-12-11,0.98496246,32.302082,31.816338,32.302082,28.873835,59.0,25.75,0.0
954,XGBoostPoisson,21745,GAOLERS KEYS DECORATIVE GARDEN ,2011-12-05/2011-12-11,0.9849624,33.19901,32.699776,33.19901,28.742558,48.0,32.5,0.0
955,XGBoostPoisson,47469,ASSORTED SHAPES PHOTO CLIP SILVER ,2011-12-05/2011-12-11,0.7718191,25.79028,19.90543,25.79028,28.616709,117.0,33.0,0.0
956,XGBoostPoisson,21623,VINTAGE UNION JACK MEMOBOARD,2011-12-05/2011-12-11,0.96313363,18.176126,17.506039,18.176126,28.565277,7.0,20.5,0.0
957,XGBoostPoisson,85071B,RED CHARLIE+LOLA PERSONAL DOORSIGN,2011-12-05/2011-12-11,0.9366439,30.615856,28.676155,30.615856,28.53047,14.0,29.5,0.0
958,XGBoostPoisson,22623,BOX OF VINTAGE JIGSAW BLOCKS ,2011-12-05/2011-12-11,0.98749995,36.199474,35.74698,36.199474,28.500462,21.0,27.75,0.0
959,XGBoostPoisson,23226,FILIGREE HEART DAISY WHITE,2011-12-05/2011-12-11,0.98614967,29.828255,29.415123,29.828255,28.464417,14.0,36.75,0.0
960,XGBoostPoisson,23283,DOORMAT VINTAGE LEAF,2011-12-05/2011-12-11,0.9695238,25.9321,25.141788,25.9321,28.360332,28.0,21.0,0.0
961,XGBoostPoisson,47590B,PINK HAPPY BIRTHDAY BUNTING,2011-12-05/2011-12-11,0.9705304,27.294622,26.490261,27.294622,28.320757,16.0,28.5,0.0
962,XGBoostPoisson,22746,POPPY'S PLAYHOUSE LIVINGROOM ,2011-12-05/2011-12-11,0.99381953,34.04568,33.835262,34.04568,28.229507,15.0,34.25,0.0
963,XGBoostPoisson,22396,MAGNETS PACK OF 4 RETRO PHOTO,2011-12-05/2011-12-11,0.9705304,30.627834,29.725245,30.627834,28.183542,62.0,29.75,0.0
964,XGBoostPoisson,22403,MAGNETS PACK OF 4 VINTAGE LABELS ,2011-12-05/2011-12-11,0.93664384,28.477995,26.673738,28.477995,28.155886,25.0,26.25,0.0
965,XGBoostPoisson,23131,MISTLETOE HEART WREATH CREAM,2011-12-05/2011-12-11,0.9886148,33.503784,33.122337,33.503784,28.096752,31.0,22.75,0.0
966,XGBoostPoisson,47504H,ENGLISH ROSE SPIRIT LEVEL ,2011-12-05/2011-12-11,0.96313363,28.852163,27.788488,28.852163,28.087524,47.0,33.5,0.0
967,XGBoostPoisson,22938,CUPCAKE LACE PAPER SET 6,2011-12-05/2011-12-11,0.8913738,33.718536,30.05582,33.718536,27.98311,1.0,90.25,0.0
968,XGBoostPoisson,20828,GLITTER BUTTERFLY CLIPS,2011-12-05/2011-12-11,0.98749995,33.421936,33.00416,33.421936,27.906279,34.0,27.0,0.0
969,XGBoostPoisson,85212,MINI PAINTED GARDEN DECORATION ,2011-12-05/2011-12-11,0.7718191,20.253181,15.631793,20.253181,27.864931,24.0,15.0,0.0
970,XGBoostPoisson,23302,KNEELING MAT HOUSEWORK  DESIGN,2011-12-05/2011-12-11,0.97053045,30.303686,29.41065,30.303686,27.816809,12.0,56.0,0.0
971,XGBoostPoisson,21258,VICTORIAN SEWING BOX LARGE,2011-12-05/2011-12-11,0.9705305,26.430264,25.651377,26.430264,27.807432,22.0,21.5,0.0
972,XGBoostPoisson,20829,GLITTER HANGING BUTTERFLY STRING,2011-12-05/2011-12-11,0.98614967,33.609055,33.14356,33.609055,27.794619,21.0,33.0,0.0
973,XGBoostPoisson,22024,RAINY LADIES BIRTHDAY CARD,2011-12-05/2011-12-11,0.9129511,28.025782,25.586168,28.025782,27.775263,2.0,41.25,0.0
974,XGBoostPoisson,23431,NATURAL HANGING QUILTED HEARTS ,2011-12-05/2011-12-11,0.9695237,26.088509,25.293428,26.088509,27.708961,12.0,35.5,0.0
975,XGBoostPoisson,22980,PANTRY SCRUBBING BRUSH,2011-12-05/2011-12-11,0.9886148,33.49784,33.116463,33.49784,27.675976,19.0,24.75,0.0
976,XGBoostPoisson,23255,CHILDRENS CUTLERY CIRCUS PARADE,2011-12-05/2011-12-11,0.98496234,21.829453,21.501188,21.829453,27.555637,18.0,28.25,0.0
977,XGBoostPoisson,21373,MIRRORED WALL ART SNOWFLAKES,2011-12-05/2011-12-11,0.96313363,28.043802,27.00993,28.043802,27.535063,54.0,35.75,0.0
978,XGBoostPoisson,84510A,SET OF 4 ENGLISH ROSE COASTERS,2011-12-05/2011-12-11,0.9849624,28.300125,27.87456,28.300125,27.5205,46.0,34.0,0.0
979,XGBoostPoisson,22779,WOODEN OWLS LIGHT GARLAND ,2011-12-05/2011-12-11,0.9705305,26.220972,25.448254,26.220972,27.501648,24.0,22.25,0.0
980,XGBoostPoisson,23085,ANTIQUE SILVER BAUBLE LAMP  ,2011-12-05/2011-12-11,0.9705305,33.231667,32.252346,33.231667,27.398218,37.0,33.25,0.0
981,XGBoostPoisson,23357,HOT WATER BOTTLE SEX BOMB,2011-12-05/2011-12-11,0.9849624,25.969105,25.578592,25.969105,27.385162,50.0,29.75,0.0
982,XGBoostPoisson,84406B,CREAM CUPID HEARTS COAT HANGER,2011-12-05/2011-12-11,0.97333336,28.538893,27.777857,28.538893,27.382832,25.0,17.5,0.0
983,XGBoostPoisson,22821,GIFT BAG PSYCHEDELIC APPLES,2011-12-05/2011-12-11,0.98496234,25.397747,25.015825,25.397747,27.381618,37.0,31.0,0.0
984,XGBoostPoisson,37448,CERAMIC CAKE DESIGN SPOTTED MUG,2011-12-05/2011-12-11,0.9849624,27.368204,26.956652,27.368204,27.348116,43.0,23.75,0.0
985,XGBoostPoisson,22677,FRENCH BLUE METAL DOOR SIGN 2,2011-12-05/2011-12-11,0.98496246,28.303072,27.877464,28.303072,27.323513,32.0,27.0,0.0
986,XGBoostPoisson,23403,LETTER HOLDER HOME SWEET HOME,2011-12-05/2011-12-11,0.98861486,28.11577,27.795668,28.11577,27.283693,32.0,21.25,0.0
987,XGBoostPoisson,22026,BANQUET BIRTHDAY  CARD  ,2011-12-05/2011-12-11,0.95264125,25.72893,24.510439,25.72893,27.243275,25.0,23.75,0.0
988,XGBoostPoisson,21014,SWISS CHALET TREE DECORATION ,2011-12-05/2011-12-11,0.5208333,22.907827,11.93116,22.907827,27.215912,0.0,58.0,1.0
989,XGBoostPoisson,21531,RED RETROSPOT SUGAR JAM BOWL,2011-12-05/2011-12-11,0.9861496,33.11384,32.655197,33.11384,27.210598,20.0,26.75,0.0
990,XGBoostPoisson,23161,REGENCY CAKE FORK,2011-12-05/2011-12-11,0.97053045,24.744154,24.014956,24.744154,27.183214,19.0,19.75,0.0
991,XGBoostPoisson,22637,PIGGY BANK RETROSPOT ,2011-12-05/2011-12-11,0.7718191,35.07372,27.070566,35.07372,27.174208,0.0,26.5,1.0
992,XGBoostPoisson,21903,MAN FLU METAL SIGN,2011-12-05/2011-12-11,0.97368413,25.72205,25.04515,25.72205,27.16025,39.0,23.25,0.0
993,XGBoostPoisson,21677,HEARTS  STICKERS,2011-12-05/2011-12-11,0.9631337,30.960989,29.819572,30.960989,27.138952,32.0,27.5,0.0
994,XGBoostPoisson,21123,SET/10 IVORY POLKADOT PARTY CANDLES,2011-12-05/2011-12-11,0.9631337,27.049269,26.052063,27.049269,27.092562,9.0,25.5,0.0
995,XGBoostPoisson,21936,RED RETROSPOT PICNIC BAG,2011-12-05/2011-12-11,0.9695238,21.81305,21.14827,21.81305,27.082222,17.0,13.25,0.0
996,XGBoostPoisson,22131,FOOD CONTAINER SET 3 LOVE HEART ,2011-12-05/2011-12-11,0.9705305,30.159393,29.27061,30.159393,27.077785,9.0,47.5,0.0
997,XGBoostPoisson,22615,PACK OF 12 CIRCUS PARADE TISSUES ,2011-12-05/2011-12-11,0.9526411,35.575966,33.89113,35.575966,27.069885,6.0,17.5,0.0
998,XGBoostPoisson,22591,CARDHOLDER GINGHAM CHRISTMAS TREE,2011-12-05/2011-12-11,0.96313363,30.976654,29.834658,30.976654,27.061102,27.0,32.75,0.0
999,XGBoostPoisson,85049H,URBAN BLACK RIBBONS ,2011-12-05/2011-12-11,0.9705304,25.840164,25.078665,25.840164,26.970484,28.0,31.75,0.0
1000,XGBoostPoisson,15039,SANDALWOOD FAN,2011-12-05/2011-12-11,0.93664384,28.403105,26.603594,28.403105,26.925047,2.0,52.25,0.0
1001,XGBoostPoisson,85032A,ROMANTIC IMAGES GIFT WRAP SET,2011-12-05/2011-12-11,0.9875,34.218735,33.791,34.218735,26.891417,16.0,27.5,0.0
1002,XGBoostPoisson,22191,IVORY DINER WALL CLOCK,2011-12-05/2011-12-11,0.98496234,30.157618,29.704117,30.157618,26.800037,32.0,25.0,0.0
1003,XGBoostPoisson,35598D,PINK/WHITE CHRISTMAS TREE 60CM,2011-12-05/2011-12-11,0.7718191,25.23573,19.477419,25.23573,26.762066,49.0,25.25,0.0
1004,XGBoostPoisson,22784,LANTERN CREAM GAZEBO ,2011-12-05/2011-12-11,0.98496246,31.139984,30.671715,31.139984,26.687134,24.0,35.0,0.0
1005,XGBoostPoisson,21788,KIDS RAIN MAC BLUE,2011-12-05/2011-12-11,0.93664384,23.954128,22.436487,23.954128,26.665058,24.0,16.5,0.0
1006,XGBoostPoisson,21208,PASTEL COLOUR HONEYCOMB FAN,2011-12-05/2011-12-11,0.96313363,24.13133,23.241695,24.13133,26.647264,37.0,34.5,0.0
1007,XGBoostPoisson,85183B,CHARLIE & LOLA WASTEPAPER BIN FLORA,2011-12-05/2011-12-11,0.9849624,25.25243,24.872694,25.25243,26.54204,37.0,30.0,0.0
1008,XGBoostPoisson,22639,SET OF 4 NAPKIN CHARMS HEARTS,2011-12-05/2011-12-11,0.9849624,24.599474,24.229557,24.599474,26.51806,45.0,28.5,0.0
1009,XGBoostPoisson,22207,FRYING PAN UNION FLAG,2011-12-05/2011-12-11,0.9695238,29.29365,28.40089,29.29365,26.45181,10.0,19.25,0.0
1010,XGBoostPoisson,23146,TRIPLE HOOK ANTIQUE IVORY ROSE,2011-12-05/2011-12-11,0.9875,27.99342,27.643501,27.99342,26.428057,43.0,29.0,0.0
1011,XGBoostPoisson,21164,HOME SWEET HOME METAL SIGN ,2011-12-05/2011-12-11,0.97053045,24.76127,24.031567,24.76127,26.351774,30.0,21.25,0.0
1012,XGBoostPoisson,23081,GREEN METAL BOX ARMY SUPPLIES,2011-12-05/2011-12-11,0.98614967,25.853193,25.495117,25.853193,26.276157,46.0,29.75,0.0
1013,XGBoostPoisson,22669,RED BABY BUNTING ,2011-12-05/2011-12-11,0.98496234,25.473278,25.09022,25.473278,26.245216,32.0,24.5,0.0
1014,XGBoostPoisson,22101,MIRROR MOSAIC VOTIVE HOLDER,2011-12-05/2011-12-11,0.6134454,24.649538,15.121146,24.649538,26.173847,0.0,20.5,1.0
1015,XGBoostPoisson,35598B,BLACK CHRISTMAS TREE 60CM,2011-12-05/2011-12-11,0.83053434,17.700428,14.700813,17.700428,26.15804,48.0,21.75,0.0
1016,XGBoostPoisson,22312,OFFICE MUG WARMER POLKADOT,2011-12-05/2011-12-11,0.97053045,32.798138,31.83159,32.798138,26.144123,20.0,35.25,0.0
1017,XGBoostPoisson,72598,SET/12 TAPER CANDLES,2011-12-05/2011-12-11,0.9526412,27.880358,26.559977,27.880358,26.142933,4.0,50.5,0.0
1018,XGBoostPoisson,22505,MEMO BOARD COTTAGE DESIGN,2011-12-05/2011-12-11,0.9849624,26.794113,26.391193,26.794113,26.141542,16.0,35.75,0.0
1019,XGBoostPoisson,22169,FAMILY ALBUM WHITE PICTURE FRAME,2011-12-05/2011-12-11,0.9736842,25.282604,24.617271,25.282604,25.96987,16.0,27.5,0.0
1020,XGBoostPoisson,35599B,BLACK CHRISTMAS TREE 120CM,2011-12-05/2011-12-11,0.96952385,21.65607,20.996077,21.65607,25.89262,90.0,32.0,0.0
1021,XGBoostPoisson,72817,SET OF 2 CHRISTMAS DECOUPAGE CANDLE,2011-12-05/2011-12-11,0.4236111,22.2217,9.413359,0.0,25.805944,0.0,69.75,1.0
1022,XGBoostPoisson,21991,BOHEMIAN COLLAGE STATIONERY SET,2011-12-05/2011-12-11,0.98496234,25.01512,24.63895,25.01512,25.799387,39.0,33.5,0.0
1023,XGBoostPoisson,22279,POCKET BAG BLUE PAISLEY RED SPOT,2011-12-05/2011-12-11,0.9526411,23.771212,22.645433,23.771212,25.699202,28.0,36.0,0.0
1024,XGBoostPoisson,21257,VICTORIAN SEWING BOX MEDIUM,2011-12-05/2011-12-11,0.9849624,28.221014,27.796638,28.221014,25.69677,42.0,28.75,0.0
1025,XGBoostPoisson,21890,S/6 WOODEN SKITTLES IN COTTON BAG,2011-12-05/2011-12-11,0.9695238,26.108643,25.31295,26.108643,25.68785,7.0,31.5,0.0
1026,XGBoostPoisson,23006,TRAVEL CARD WALLET FLOWER MEADOW,2011-12-05/2011-12-11,0.9733334,26.807573,26.092707,26.807573,25.678232,7.0,24.0,0.0
1027,XGBoostPoisson,21820,GLITTER HEART GARLAND WITH BELLS ,2011-12-05/2011-12-11,0.96313363,23.48818,22.622257,23.48818,25.611837,22.0,29.25,0.0
1028,XGBoostPoisson,21845,DAIRY MAID STRIPE MUG,2011-12-05/2011-12-11,0.6979166,29.87456,20.84995,29.87456,25.6081,36.0,18.0,0.0
1029,XGBoostPoisson,23123,COCKTAIL SWORDS 50 PIECES,2011-12-05/2011-12-11,0.97368425,21.660612,21.090597,21.660612,25.5953,32.0,19.75,0.0
1030,XGBoostPoisson,22042,CHRISTMAS CARD SINGING ANGEL,2011-12-05/2011-12-11,0.6979167,18.298412,12.770767,18.298412,25.527033,24.0,21.25,0.0
1031,XGBoostPoisson,85062,PEARL CRYSTAL PUMPKIN T-LIGHT HLDR,2011-12-05/2011-12-11,0.9695238,22.62206,21.932627,22.62206,25.51757,28.0,23.0,0.0
1032,XGBoostPoisson,23282,FOLDING BUTTERFLY MIRROR IVORY ,2011-12-05/2011-12-11,0.9705305,26.762383,25.97371,26.762383,25.505394,48.0,28.25,0.0
1033,XGBoostPoisson,23379,PACK OF 12 RED APPLE TISSUES,2011-12-05/2011-12-11,0.9849624,23.524412,23.170662,23.524412,25.48116,16.0,25.0,0.0
1034,XGBoostPoisson,23287,RED VINTAGE SPOT BEAKER,2011-12-05/2011-12-11,0.9849624,21.815409,21.487358,21.815409,25.375095,10.0,20.25,0.0
1035,XGBoostPoisson,22634,CHILDS BREAKFAST SET SPACEBOY ,2011-12-05/2011-12-11,0.98614967,24.038792,23.705847,24.038792,25.322191,40.0,27.0,0.0
1036,XGBoostPoisson,23127,FELTCRAFT GIRL NICOLE KIT,2011-12-05/2011-12-11,0.98861474,31.236725,30.881086,31.236725,25.303844,16.0,31.5,0.0
1037,XGBoostPoisson,35648,VINTAGE BEAD PINK PURSE ,2011-12-05/2011-12-11,0.9736842,28.270912,27.52694,28.270912,25.19767,8.0,36.75,0.0
1038,XGBoostPoisson,16016,LARGE CHINESE STYLE SCISSOR,2011-12-05/2011-12-11,0.9129511,24.032808,21.940779,24.032808,25.189249,50.0,32.5,0.0
1039,XGBoostPoisson,85071A,BLUE CHARLIE+LOLA PERSONAL DOORSIGN,2011-12-05/2011-12-11,0.87458754,24.25528,21.213366,24.25528,25.08128,21.0,30.5,0.0
1040,XGBoostPoisson,35967,FOLK ART METAL STAR T-LIGHT HOLDER,2011-12-05/2011-12-11,0.95264125,27.254715,25.963966,27.254715,25.060179,24.0,25.25,0.0
1041,XGBoostPoisson,22955,36 FOIL STAR CAKE CASES ,2011-12-05/2011-12-11,0.962963,20.64973,19.884926,20.64973,25.046572,19.0,25.25,0.0
1042,XGBoostPoisson,22271,FELTCRAFT DOLL ROSIE,2011-12-05/2011-12-11,0.7718191,35.408066,27.328623,35.408066,25.016947,0.0,52.25,1.0
1043,XGBoostPoisson,23118,PARISIENNE JEWELLERY DRAWER ,2011-12-05/2011-12-11,0.98496234,24.010056,23.649,24.010056,25.004591,36.0,19.5,0.0
1044,XGBoostPoisson,84926A,WAKE UP COCKEREL TILE COASTER,2011-12-05/2011-12-11,0.6600496,23.950314,15.808395,23.950314,24.919415,48.0,30.0,0.0
1045,XGBoostPoisson,85114C,RED ENCHANTED FOREST PLACEMAT,2011-12-05/2011-12-11,0.96952385,28.83318,27.954454,28.83318,24.867163,18.0,25.25,0.0
1046,XGBoostPoisson,22331,WOODLAND PARTY BAG + STICKER SET,2011-12-05/2011-12-11,0.97333336,32.335598,31.473316,32.335598,24.8235,5.0,33.75,0.0
1047,XGBoostPoisson,22589,CARDHOLDER GINGHAM STAR,2011-12-05/2011-12-11,0.9736842,30.356148,29.5573,30.356148,24.82331,19.0,23.0,0.0
1048,XGBoostPoisson,21675,BUTTERFLIES STICKERS,2011-12-05/2011-12-11,0.9695238,26.9224,26.101906,26.9224,24.792212,30.0,20.5,0.0
1049,XGBoostPoisson,20679,EDWARDIAN PARASOL RED,2011-12-05/2011-12-11,0.9695238,27.327307,26.494474,27.327307,24.787725,9.0,34.5,0.0
1050,XGBoostPoisson,84031A,CHARLIE+LOLA RED HOT WATER BOTTLE ,2011-12-05/2011-12-11,0.97053045,26.317831,25.542257,26.317831,24.781752,58.0,23.5,0.0
1051,XGBoostPoisson,21243,PINK  POLKADOT PLATE ,2011-12-05/2011-12-11,0.9526411,25.565145,24.354408,25.565145,24.722755,4.0,47.0,0.0
1052,XGBoostPoisson,22627,MINT KITCHEN SCALES,2011-12-05/2011-12-11,0.9849624,30.931452,30.466316,30.931452,24.696163,20.0,24.5,0.0
1053,XGBoostPoisson,22087,PAPER BUNTING WHITE LACE,2011-12-05/2011-12-11,0.5279503,16.62854,8.779042,16.62854,24.67824,0.0,145.0,1.0
1054,XGBoostPoisson,22074,6 RIBBONS SHIMMERING PINKS ,2011-12-05/2011-12-11,0.9631336,26.959167,25.965279,26.959167,24.624674,52.0,26.25,0.0
1055,XGBoostPoisson,21400,RED PUDDING SPOON,2011-12-05/2011-12-11,0.9695238,24.949537,24.189169,24.949537,24.601477,30.0,23.75,0.0
1056,XGBoostPoisson,22696,WICKER WREATH LARGE,2011-12-05/2011-12-11,0.93664384,31.838413,29.821253,31.838413,24.45551,12.0,30.0,0.0
1057,XGBoostPoisson,22129,PARTY CONES CANDY TREE DECORATION,2011-12-05/2011-12-11,0.93664384,24.635027,23.074245,24.635027,24.367224,7.0,74.0,0.0
1058,XGBoostPoisson,23306,SET OF 36 DOILIES PANTRY DESIGN,2011-12-05/2011-12-11,0.9526411,20.875185,19.88656,20.875185,24.311104,4.0,15.75,0.0
1059,XGBoostPoisson,21114,LAVENDER SCENTED FABRIC HEART,2011-12-05/2011-12-11,0.9526412,24.110613,22.968763,24.110613,24.227095,15.0,19.5,0.0
1060,XGBoostPoisson,22096,PINK PAISLEY SQUARE TISSUE BOX ,2011-12-05/2011-12-11,0.8913738,25.603552,22.822336,25.603552,24.20017,2.0,37.5,0.0
1061,XGBoostPoisson,22171,3 HOOK PHOTO SHELF ANTIQUE WHITE,2011-12-05/2011-12-11,0.9695238,22.8747,22.177567,22.8747,24.16091,22.0,25.0,0.0
1062,XGBoostPoisson,21191,LARGE WHITE HONEYCOMB PAPER BELL  ,2011-12-05/2011-12-11,0.9705304,30.924759,30.013418,30.924759,24.129,16.0,30.75,0.0
1063,XGBoostPoisson,22232,JIGSAW TOADSTOOLS 3 PIECE,2011-12-05/2011-12-11,0.93664384,23.468374,21.981508,23.468374,24.125278,35.0,17.75,0.0
1064,XGBoostPoisson,23239,SET OF 4 KNICK KNACK TINS POPPIES,2011-12-05/2011-12-11,0.98614967,23.480425,23.155212,23.480425,24.123173,36.0,21.75,0.0
1065,XGBoostPoisson,22025,RING OF ROSES BIRTHDAY CARD,2011-12-05/2011-12-11,0.8988235,31.467754,28.283957,31.467754,24.112267,1.0,14.75,0.0
1066,XGBoostPoisson,23244,ROUND STORAGE TIN VINTAGE LEAF,2011-12-05/2011-12-11,0.9849624,23.01436,22.66828,23.01436,24.08745,25.0,15.25,0.0
1067,XGBoostPoisson,21504,SKULLS GREETING CARD,2011-12-05/2011-12-11,0.7718191,26.659424,20.576252,26.659424,24.059813,1.0,28.5,0.0
1068,XGBoostPoisson,22930,BAKING MOULD HEART MILK CHOCOLATE,2011-12-05/2011-12-11,0.97053045,22.359154,21.70024,22.359154,24.053177,50.0,19.75,0.0
1069,XGBoostPoisson,22149,FELTCRAFT 6 FLOWER FRIENDS,2011-12-05/2011-12-11,0.18592963,53.755108,9.994667,0.0,23.968956,0.0,10.0,3.0
1070,XGBoostPoisson,21386,IVORY HANGING DECORATION  EGG,2011-12-05/2011-12-11,0.5279503,23.81486,12.573062,23.81486,23.952961,79.0,32.0,0.0
1071,XGBoostPoisson,16225,RATTLE SNAKE EGGS,2011-12-05/2011-12-11,0.96313363,21.60395,20.807491,21.60395,23.95212,19.0,21.5,0.0
1072,XGBoostPoisson,23424,GINGHAM RECIPE BOOK BOX,2011-12-05/2011-12-11,0.98861486,24.988995,24.70449,24.988995,23.935913,20.0,24.25,0.0
1073,XGBoostPoisson,22533,MAGIC DRAWING SLATE BAKE A CAKE ,2011-12-05/2011-12-11,0.9526412,19.73067,18.79625,19.73067,23.920544,3.0,17.75,0.0
1074,XGBoostPoisson,22380,TOY TIDY SPACEBOY  ,2011-12-05/2011-12-11,0.98614967,28.831753,28.432423,28.831753,23.91969,17.0,25.5,0.0
1075,XGBoostPoisson,21403,BLUE EGG  SPOON,2011-12-05/2011-12-11,0.9129512,20.373549,18.600056,20.373549,23.907476,2.0,67.0,0.0
1076,XGBoostPoisson,21381,MINI WOODEN HAPPY BIRTHDAY GARLAND,2011-12-05/2011-12-11,0.9631337,21.416315,20.626774,21.416315,23.889313,20.0,20.75,0.0
1077,XGBoostPoisson,85049C,ROMANTIC PINKS RIBBONS ,2011-12-05/2011-12-11,0.9736842,23.102222,22.494268,23.102222,23.87982,41.0,23.0,0.0
1078,XGBoostPoisson,22973,CHILDREN'S CIRCUS PARADE MUG,2011-12-05/2011-12-11,0.96313363,15.523638,14.951338,15.523638,23.690077,10.0,32.5,0.0
1079,XGBoostPoisson,23033,DRAWER KNOB CERAMIC RED,2011-12-05/2011-12-11,0.9705304,18.41358,17.87094,18.41358,23.683159,10.0,31.5,0.0
1080,XGBoostPoisson,47590A,BLUE HAPPY BIRTHDAY BUNTING,2011-12-05/2011-12-11,0.9631336,22.090477,21.27608,22.090477,23.623848,7.0,26.0,0.0
1081,XGBoostPoisson,21789,KIDS RAIN MAC PINK,2011-12-05/2011-12-11,0.96313363,22.85516,22.012573,22.85516,23.618206,27.0,16.5,0.0
1082,XGBoostPoisson,21428,SET3 BOOK BOX GREEN GINGHAM FLOWER ,2011-12-05/2011-12-11,0.98496246,29.723162,29.2762,29.723162,23.607126,8.0,36.0,0.0
1083,XGBoostPoisson,22438,BALLOON ART MAKE YOUR OWN FLOWERS,2011-12-05/2011-12-11,0.8988235,16.978731,15.260882,16.978731,23.599085,72.0,26.25,0.0
1084,XGBoostPoisson,23068,ALUMINIUM STAMPED HEART,2011-12-05/2011-12-11,0.9875,26.59737,26.264904,26.59737,23.583258,38.0,22.0,0.0
1085,XGBoostPoisson,22690,DOORMAT HOME SWEET HOME BLUE ,2011-12-05/2011-12-11,0.9695238,21.003065,20.36297,21.003065,23.548468,12.0,14.0,0.0
1086,XGBoostPoisson,22982,PANTRY PASTRY BRUSH,2011-12-05/2011-12-11,0.9705304,26.921535,26.128168,26.921535,23.532364,25.0,24.75,0.0
1087,XGBoostPoisson,21744,SNOWFLAKE PORTABLE TABLE LIGHT ,2011-12-05/2011-12-11,0.6600496,27.476055,18.13556,27.476055,23.517244,0.0,47.75,1.0
1088,XGBoostPoisson,23418,LAVENDER TOILETTE BOTTLE,2011-12-05/2011-12-11,0.98614955,25.97764,25.617838,25.97764,23.505796,28.0,20.25,0.0
1089,XGBoostPoisson,23034,DRAWER KNOB CERAMIC BLACK,2011-12-05/2011-12-11,0.9695238,20.36519,19.744537,20.36519,23.472212,6.0,30.75,0.0
1090,XGBoostPoisson,22588,CARD HOLDER GINGHAM HEART,2011-12-05/2011-12-11,0.9849624,27.47666,27.063477,27.47666,23.471697,11.0,32.5,0.0
1091,XGBoostPoisson,21533,RETRO SPOT LARGE MILK JUG,2011-12-05/2011-12-11,0.9849624,26.73793,26.335855,26.73793,23.44057,29.0,19.0,0.0
1092,XGBoostPoisson,22055,MINI CAKE STAND  HANGING STRAWBERY,2011-12-05/2011-12-11,0.9705304,19.03702,18.476006,19.03702,23.409803,38.0,19.5,0.0
1093,XGBoostPoisson,22847,BREAD BIN DINER STYLE IVORY,2011-12-05/2011-12-11,0.9736842,25.691605,25.015509,25.691605,23.394777,25.0,24.0,0.0
1094,XGBoostPoisson,21864,UNION JACK FLAG PASSPORT COVER ,2011-12-05/2011-12-11,0.9736842,15.847933,15.4308815,15.847933,23.393751,52.0,18.5,0.0
1095,XGBoostPoisson,23061,VINTAGE EMBOSSED HEART,2011-12-05/2011-12-11,0.9736842,23.646555,23.024277,23.646555,23.342316,28.0,21.75,0.0
1096,XGBoostPoisson,22540,MINI JIGSAW CIRCUS PARADE ,2011-12-05/2011-12-11,0.93664384,31.175236,29.200092,31.175236,23.332544,7.0,25.75,0.0
1097,XGBoostPoisson,22975,SPACEBOY CHILDRENS EGG CUP,2011-12-05/2011-12-11,0.9736842,23.51319,22.89442,23.51319,23.324448,26.0,23.0,0.0
1098,XGBoostPoisson,79051A,SMOKEY GREY COLOUR D.O.F. GLASS,2011-12-05/2011-12-11,0.7718191,19.97654,15.418275,19.97654,23.302164,24.0,35.0,0.0
1099,XGBoostPoisson,22072,RED RETROSPOT TEA CUP AND SAUCER ,2011-12-05/2011-12-11,0.9631336,17.235659,16.60024,17.235659,23.274046,70.0,21.5,0.0
1100,XGBoostPoisson,23394,POSTE FRANCE CUSHION COVER,2011-12-05/2011-12-11,0.9849624,27.515066,27.101305,27.515066,23.209099,18.0,36.0,0.0
1101,XGBoostPoisson,22978,PANTRY ROLLING PIN,2011-12-05/2011-12-11,0.9705305,17.986017,17.455978,17.986017,23.15256,6.0,18.0,0.0
1102,XGBoostPoisson,85176,SEWING SUSAN 21 NEEDLE SET,2011-12-05/2011-12-11,0.96313363,24.08477,23.196852,24.08477,23.147503,25.0,22.25,0.0
1103,XGBoostPoisson,22429,ENAMEL MEASURING JUG CREAM,2011-12-05/2011-12-11,0.9736842,24.32737,23.687176,24.32737,23.137203,25.0,20.75,0.0
1104,XGBoostPoisson,21902,"KEY FOB , FRONT  DOOR ",2011-12-05/2011-12-11,0.9705305,27.686829,26.870913,27.686829,23.130468,4.0,37.5,0.0
1105,XGBoostPoisson,21866,UNION JACK FLAG LUGGAGE TAG,2011-12-05/2011-12-11,0.97053045,23.535847,22.842257,23.535847,23.08057,42.0,19.25,0.0
1106,XGBoostPoisson,85032B,BLOSSOM IMAGES GIFT WRAP SET,2011-12-05/2011-12-11,0.9849624,28.944395,28.50914,28.944395,23.070375,16.0,22.5,0.0
1107,XGBoostPoisson,84971S,SMALL HEART FLOWERS HOOK ,2011-12-05/2011-12-11,0.9631336,22.302395,21.480185,22.302395,23.06526,9.0,11.5,0.0
1108,XGBoostPoisson,21873,IF YOU CAN'T STAND THE HEAT MUG,2011-12-05/2011-12-11,0.9366439,20.884409,19.561255,20.884409,22.978247,14.0,10.0,0.0
1109,XGBoostPoisson,48188,DOORMAT WELCOME PUPPIES,2011-12-05/2011-12-11,0.8913739,19.95907,17.790995,19.95907,22.95444,1.0,6.5,0.0
1110,XGBoostPoisson,22494,EMERGENCY FIRST AID TIN ,2011-12-05/2011-12-11,0.98496246,23.871508,23.512539,23.871508,22.95261,15.0,22.75,0.0
1111,XGBoostPoisson,22800,ANTIQUE TALL SWIRLGLASS TRINKET POT,2011-12-05/2011-12-11,0.9861496,24.895052,24.550245,24.895052,22.91985,38.0,23.5,0.0
1112,XGBoostPoisson,23397,FOOT STOOL HOME SWEET HOME ,2011-12-05/2011-12-11,0.9849624,27.2841,26.873812,27.2841,22.900354,8.0,36.25,0.0
1113,XGBoostPoisson,23184,BULL DOG BOTTLE OPENER,2011-12-05/2011-12-11,0.9886148,25.180738,24.89405,25.180738,22.890572,22.0,21.25,0.0
1114,XGBoostPoisson,20674,GREEN POLKADOT BOWL,2011-12-05/2011-12-11,0.9695238,26.357582,25.554302,26.357582,22.884924,7.0,24.25,0.0
1115,XGBoostPoisson,22918,HERB MARKER PARSLEY,2011-12-05/2011-12-11,0.96313363,21.952951,21.143625,21.952951,22.856375,54.0,19.0,0.0
1116,XGBoostPoisson,72349B,SET/6 PURPLE BUTTERFLY T-LIGHTS,2011-12-05/2011-12-11,0.9695238,21.16566,20.52061,21.16566,22.81659,20.0,23.0,0.0
1117,XGBoostPoisson,22917,HERB MARKER ROSEMARY,2011-12-05/2011-12-11,0.962963,19.946924,19.208149,19.946924,22.668163,56.0,19.5,0.0
1118,XGBoostPoisson,20985,HEART CALCULATOR,2011-12-05/2011-12-11,0.9736842,22.428774,21.838543,22.428774,22.636925,16.0,21.75,0.0
1119,XGBoostPoisson,37413,ICON MUG REVOLUTIONARY,2011-12-05/2011-12-11,0.9631337,25.576021,24.633127,25.576021,22.62279,34.0,27.5,0.0
1120,XGBoostPoisson,22680,FRENCH BLUE METAL DOOR SIGN 5,2011-12-05/2011-12-11,0.98496234,26.53402,26.13501,26.53402,22.566898,23.0,25.5,0.0
1121,XGBoostPoisson,22550,HOLIDAY FUN LUDO,2011-12-05/2011-12-11,0.98496234,25.89321,25.503836,25.89321,22.528778,20.0,19.5,0.0
1122,XGBoostPoisson,23281,FOLDING BUTTERFLY MIRROR RED  ,2011-12-05/2011-12-11,0.9631337,22.50779,21.67801,22.50779,22.4794,34.0,25.25,0.0
1123,XGBoostPoisson,22532,MAGIC DRAWING SLATE LEAP FROG ,2011-12-05/2011-12-11,0.93664384,17.994059,16.854025,17.994059,22.427174,6.0,17.0,0.0
1124,XGBoostPoisson,22668,PINK BABY BUNTING,2011-12-05/2011-12-11,0.9695238,20.295393,19.676867,20.295393,22.399242,13.0,16.5,0.0
1125,XGBoostPoisson,21291,SMALL POLKADOT CHOCOLATE GIFT BAG ,2011-12-05/2011-12-11,0.8988235,21.23835,19.089527,21.23835,22.335377,16.0,20.75,0.0
1126,XGBoostPoisson,21109,"LARGE CAKE TOWEL, CHOCOLATE SPOTS",2011-12-05/2011-12-11,0.83053434,15.749609,13.080591,15.749609,22.32308,54.0,23.0,0.0
1127,XGBoostPoisson,21354,TOAST ITS - BEST MUM,2011-12-05/2011-12-11,0.8571429,20.55148,17.615555,20.55148,22.239428,24.0,26.25,0.0
1128,XGBoostPoisson,22902,TOTE BAG I LOVE LONDON,2011-12-05/2011-12-11,0.97053045,24.947914,24.21271,24.947914,22.232635,15.0,29.5,0.0
1129,XGBoostPoisson,22692,DOORMAT WELCOME TO OUR HOME,2011-12-05/2011-12-11,0.97053045,16.769203,16.275023,16.769203,22.06828,35.0,16.0,0.0
1130,XGBoostPoisson,22092,BLUE PAISLEY TISSUE BOX,2011-12-05/2011-12-11,0.9526412,20.62814,19.651215,20.62814,22.047794,8.0,27.0,0.0
1131,XGBoostPoisson,22916,HERB MARKER THYME,2011-12-05/2011-12-11,0.9526412,19.024284,18.123318,19.024284,22.044415,44.0,15.75,0.0
1132,XGBoostPoisson,20984,12 PENCILS TALL TUBE POSY,2011-12-05/2011-12-11,0.10465115,36.606358,3.8308976,0.0,22.044163,0.0,0.0,6.0
1133,XGBoostPoisson,23093,SMALL PARISIENNE HEART PHOTO FRAME ,2011-12-05/2011-12-11,0.9736842,16.226717,15.799698,16.226717,22.04371,28.0,15.5,0.0
1134,XGBoostPoisson,23347,I LOVE LONDON BEAKER,2011-12-05/2011-12-11,0.97053045,15.787323,15.322078,15.787323,21.96991,16.0,21.25,0.0
1135,XGBoostPoisson,21824,PAINTED METAL STAR WITH HOLLY BELLS,2011-12-05/2011-12-11,0.18661971,12.550743,2.342216,0.0,21.845457,0.0,9.5,2.0
1136,XGBoostPoisson,21090,SET/6 COLLAGE PAPER PLATES,2011-12-05/2011-12-11,0.96313363,18.54069,17.857162,18.54069,21.83257,18.0,14.0,0.0
1137,XGBoostPoisson,21804,WHITE CHRISTMAS GARLAND STARS TREES,2011-12-05/2011-12-11,0.9695238,20.694416,20.063728,20.694416,21.80686,19.0,28.0,0.0
1138,XGBoostPoisson,21905,MORE BUTTER METAL SIGN ,2011-12-05/2011-12-11,0.9736842,24.723898,24.073269,24.723898,21.7603,17.0,24.75,0.0
1139,XGBoostPoisson,22678,FRENCH BLUE METAL DOOR SIGN 3,2011-12-05/2011-12-11,0.9695238,19.992445,19.38315,19.992445,21.693611,31.0,21.0,0.0
1140,XGBoostPoisson,22545,MINI JIGSAW BUNNIES,2011-12-05/2011-12-11,0.96313363,17.155394,16.522936,17.155394,21.692291,8.0,12.5,0.0
1141,XGBoostPoisson,22481,BLACK TEA TOWEL CLASSIC DESIGN,2011-12-05/2011-12-11,0.96313363,22.327848,21.504702,22.327848,21.671392,30.0,16.25,0.0
1142,XGBoostPoisson,22672,FRENCH BATHROOM SIGN BLUE METAL,2011-12-05/2011-12-11,0.9736842,25.934713,25.25222,25.934713,21.612776,34.0,19.5,0.0
1143,XGBoostPoisson,22365,DOORMAT RESPECTABLE HOUSE,2011-12-05/2011-12-11,0.9695237,20.982828,20.34335,20.982828,21.522562,10.0,33.0,0.0
1144,XGBoostPoisson,48111,DOORMAT 3 SMILEY CATS,2011-12-05/2011-12-11,0.97053045,26.608374,25.824236,26.608374,21.508713,11.0,14.0,0.0
1145,XGBoostPoisson,22181,SNOWSTORM PHOTO FRAME FRIDGE MAGNET,2011-12-05/2011-12-11,0.7718191,21.012125,16.21756,21.012125,21.489506,20.0,29.25,0.0
1146,XGBoostPoisson,21224,SET/4 SKULL BADGES,2011-12-05/2011-12-11,0.9705304,20.317442,19.718695,20.317442,21.471228,20.0,22.75,0.0
1147,XGBoostPoisson,22776,SWEETHEART CAKESTAND 3 TIER,2011-12-05/2011-12-11,0.98614967,28.288824,27.897015,28.288824,21.464563,14.0,20.75,0.0
1148,XGBoostPoisson,22893,MINI CAKE STAND T-LIGHT HOLDER,2011-12-05/2011-12-11,0.9526412,22.83967,21.75801,22.83967,21.443346,19.0,15.5,0.0
1149,XGBoostPoisson,23285,PINK VINTAGE SPOT BEAKER,2011-12-05/2011-12-11,0.8988235,11.304939,10.161145,11.304939,21.433237,5.0,14.75,0.0
1150,XGBoostPoisson,23218,LAUREL STAR ANTIQUE GOLD,2011-12-05/2011-12-11,0.9129512,15.915621,14.530185,15.915621,21.41895,9.0,36.75,0.0
1151,XGBoostPoisson,85179A,GREEN BITTY LIGHT CHAIN,2011-12-05/2011-12-11,0.8988235,18.480536,16.610739,18.480536,21.41879,32.0,27.0,0.0
1152,XGBoostPoisson,23406,HOME SWEET HOME KEY HOLDER,2011-12-05/2011-12-11,0.9849624,21.74375,21.416777,21.74375,21.381172,24.0,17.0,0.0
1153,XGBoostPoisson,21411,GINGHAM HEART  DOORSTOP RED,2011-12-05/2011-12-11,0.9736842,19.946539,19.421629,19.946539,21.378359,47.0,23.25,0.0
1154,XGBoostPoisson,21207,SKULL AND CROSSBONES  GARLAND ,2011-12-05/2011-12-11,0.8988235,20.59016,18.50692,20.59016,21.375948,12.0,12.25,0.0
1155,XGBoostPoisson,84792,ENCHANTED BIRD COATHANGER 5 HOOK,2011-12-05/2011-12-11,0.98496234,24.839685,24.466154,24.839685,21.365396,20.0,27.75,0.0
1156,XGBoostPoisson,22269,EGG CUP NATURAL CHICKEN,2011-12-05/2011-12-11,0.9129512,22.027197,20.109755,22.027197,21.34448,5.0,23.5,0.0
1157,XGBoostPoisson,17038,PORCELAIN BUDAH INCENSE HOLDER,2011-12-05/2011-12-11,0.5279503,31.921017,16.85271,31.921017,21.319996,0.0,25.75,1.0
1158,XGBoostPoisson,21666,RIDGED GLASS T-LIGHT HOLDER,2011-12-05/2011-12-11,0.7718191,17.241657,13.307441,17.241657,21.15433,30.0,19.5,0.0
1159,XGBoostPoisson,37447,CERAMIC CAKE DESIGN SPOTTED PLATE,2011-12-05/2011-12-11,0.9695238,22.492622,21.807133,22.492622,21.128975,24.0,14.0,0.0
1160,XGBoostPoisson,22921,HERB MARKER CHIVES ,2011-12-05/2011-12-11,0.9129512,17.424925,15.908106,17.424925,21.112404,55.0,15.0,0.0
1161,XGBoostPoisson,21942,SKULLS DESIGN FLANNEL,2011-12-05/2011-12-11,0.91295123,18.4587,16.851892,18.4587,21.097153,33.0,17.75,0.0
1162,XGBoostPoisson,23419,HOME SWEET HOME BOTTLE ,2011-12-05/2011-12-11,0.9736842,20.333658,19.798561,20.333658,21.063417,13.0,19.75,0.0
1163,XGBoostPoisson,23056,FLOWERS CHANDELIER T-LIGHT HOLDER,2011-12-05/2011-12-11,0.5208333,13.061655,6.802945,13.061655,21.032988,0.0,60.5,1.0
1164,XGBoostPoisson,22483,RED GINGHAM TEDDY BEAR ,2011-12-05/2011-12-11,0.98496246,24.413275,24.04616,24.413275,20.968473,16.0,23.5,0.0
1165,XGBoostPoisson,22744,MAKE YOUR OWN MONSOON CARD KIT,2011-12-05/2011-12-11,0.9705304,19.249199,18.681932,19.249199,20.954905,39.0,19.5,0.0
1166,XGBoostPoisson,20832,RED FLOCK LOVE HEART PHOTO FRAME,2011-12-05/2011-12-11,0.83053434,27.719782,23.02223,27.719782,20.808777,4.0,19.75,0.0
1167,XGBoostPoisson,23110,PARISIENNE KEY CABINET ,2011-12-05/2011-12-11,0.9849624,26.831932,26.428444,26.831932,20.753899,9.0,25.0,0.0
1168,XGBoostPoisson,21189,WHITE HONEYCOMB PAPER GARLAND ,2011-12-05/2011-12-11,0.8988235,16.67063,14.983953,16.67063,20.731438,38.0,23.5,0.0
1169,XGBoostPoisson,21561,DINOSAUR LUNCH BOX WITH CUTLERY,2011-12-05/2011-12-11,0.9695238,18.396002,17.835361,18.396002,20.616665,10.0,11.5,0.0
1170,XGBoostPoisson,21883,STARS GIFT TAPE ,2011-12-05/2011-12-11,0.9129511,22.275728,20.33665,22.275728,20.587473,13.0,23.0,0.0
1171,XGBoostPoisson,22652,TRAVEL SEWING KIT,2011-12-05/2011-12-11,0.4214876,35.617825,15.012471,0.0,20.57729,0.0,7.5,2.0
1172,XGBoostPoisson,37446,MINI CAKE STAND WITH HANGING CAKES,2011-12-05/2011-12-11,0.98496234,22.159405,21.82618,22.159405,20.55401,26.0,13.0,0.0
1173,XGBoostPoisson,22757,LARGE RED BABUSHKA NOTEBOOK ,2011-12-05/2011-12-11,0.97053045,20.54563,19.940159,20.54563,20.532919,29.0,22.5,0.0
1174,XGBoostPoisson,22780,LIGHT GARLAND BUTTERFILES PINK,2011-12-05/2011-12-11,0.96952385,18.15236,17.599146,18.15236,20.489792,21.0,19.5,0.0
1175,XGBoostPoisson,21452,TOADSTOOL MONEY BOX,2011-12-05/2011-12-11,0.9849624,26.71965,26.31785,26.71965,20.330412,22.0,17.0,0.0
1176,XGBoostPoisson,21217,RED RETROSPOT ROUND CAKE TINS,2011-12-05/2011-12-11,0.9705305,22.988735,22.31127,22.988735,20.296751,13.0,27.25,0.0
1177,XGBoostPoisson,23249,VINTAGE RED ENAMEL TRIM PLATE,2011-12-05/2011-12-11,0.98496246,16.658613,16.408108,16.658613,20.279116,21.0,16.0,0.0
1178,XGBoostPoisson,84929,ASSTD FRUIT+FLOWERS FRIDGE MAGNETS,2011-12-05/2011-12-11,0.5279503,19.86073,10.485477,19.86073,20.273533,0.0,10.5,1.0
1179,XGBoostPoisson,82567,"AIRLINE LOUNGE,METAL SIGN",2011-12-05/2011-12-11,0.9849624,25.736553,25.349537,25.736553,20.235126,33.0,22.5,0.0
1180,XGBoostPoisson,22192,BLUE DINER WALL CLOCK,2011-12-05/2011-12-11,0.9849624,19.431908,19.139698,19.431908,20.189463,17.0,16.5,0.0
1181,XGBoostPoisson,21563,RED HEART SHAPE LOVE BUCKET ,2011-12-05/2011-12-11,0.8988235,14.947271,13.434958,14.947271,20.160458,20.0,33.0,0.0
1182,XGBoostPoisson,85199L,LARGE HANGING IVORY & RED WOOD BIRD,2011-12-05/2011-12-11,0.9129512,24.014803,21.924343,24.014803,20.157131,3.0,21.25,0.0
1183,XGBoostPoisson,21439,BASKET OF TOADSTOOLS,2011-12-05/2011-12-11,0.93664384,15.211811,14.248049,15.211811,20.11102,2.0,42.25,0.0
1184,XGBoostPoisson,85230G,ORANGE VOTIVE CANDLE,2011-12-05/2011-12-11,0.5,34.07961,17.039804,34.07961,20.083818,24.0,12.0,0.0
1185,XGBoostPoisson,22089,PAPER BUNTING VINTAGE PAISLEY,2011-12-05/2011-12-11,0.87458754,19.30216,16.88143,19.30216,20.025265,12.0,19.25,0.0
1186,XGBoostPoisson,21844,RED RETROSPOT MUG,2011-12-05/2011-12-11,0.85714287,22.204832,19.032713,22.204832,20.008442,1.0,20.5,0.0
1187,XGBoostPoisson,22132,RED LOVE HEART SHAPE CUP,2011-12-05/2011-12-11,0.95264125,13.87278,13.215782,13.87278,20.005766,5.0,32.75,0.0
1188,XGBoostPoisson,22313,OFFICE MUG WARMER PINK,2011-12-05/2011-12-11,0.8988235,16.238955,14.595954,16.238955,19.98731,6.0,7.0,0.0
1189,XGBoostPoisson,23338,EGG FRYING PAN RED ,2011-12-05/2011-12-11,0.9849624,20.952503,20.637428,20.952503,19.98076,38.0,23.0,0.0
1190,XGBoostPoisson,22649,STRAWBERRY FAIRY CAKE TEAPOT,2011-12-05/2011-12-11,0.9705304,17.331392,16.820642,17.331392,19.957645,43.0,17.75,0.0
1191,XGBoostPoisson,23391, I LOVE LONDON MINI BACKPACK,2011-12-05/2011-12-11,0.9705305,18.184813,17.648916,18.184813,19.931644,4.0,37.25,0.0
1192,XGBoostPoisson,35095B,RED VICTORIAN FABRIC OVAL BOX,2011-12-05/2011-12-11,0.93664384,15.995716,14.982289,15.995716,19.922256,28.0,22.25,0.0
1193,XGBoostPoisson,35646,VINTAGE BEAD PINK EVENING BAG,2011-12-05/2011-12-11,0.9129512,19.340677,17.657093,19.340677,19.888111,8.0,29.75,0.0
1194,XGBoostPoisson,22635,CHILDS BREAKFAST SET DOLLY GIRL ,2011-12-05/2011-12-11,0.98496234,22.706516,22.365063,22.706516,19.764746,20.0,19.75,0.0
1195,XGBoostPoisson,22682,FRENCH BLUE METAL DOOR SIGN 7,2011-12-05/2011-12-11,0.97053045,19.259947,18.692366,19.259947,19.718548,23.0,21.5,0.0
1196,XGBoostPoisson,22718,CARD CAT AND TREE ,2011-12-05/2011-12-11,0.6979166,20.769735,14.4955435,20.769735,19.715366,0.0,15.0,1.0
1197,XGBoostPoisson,22230,JIGSAW TREE WITH WATERING CAN,2011-12-05/2011-12-11,0.91295123,14.509025,13.246032,14.509025,19.709976,10.0,6.75,0.0
1198,XGBoostPoisson,22061,LARGE CAKE STAND  HANGING STRAWBERY,2011-12-05/2011-12-11,0.96313363,14.379335,13.849221,14.379335,19.699537,59.0,21.75,0.0
1199,XGBoostPoisson,72807C,SET/3 VANILLA SCENTED CANDLE IN BOX,2011-12-05/2011-12-11,0.7718191,12.081065,9.324397,12.081065,19.68288,0.0,53.75,1.0
1200,XGBoostPoisson,22278,OVERNIGHT BAG VINTAGE ROSE PAISLEY,2011-12-05/2011-12-11,0.9736842,17.806627,17.338032,17.806627,19.680708,31.0,16.25,0.0
1201,XGBoostPoisson,21648,ASSORTED TUTTI FRUTTI SMALL PURSE,2011-12-05/2011-12-11,0.9129511,19.608528,17.901628,19.608528,19.6799,4.0,23.25,0.0
1202,XGBoostPoisson,22478,BIRDHOUSE GARDEN MARKER ,2011-12-05/2011-12-11,0.96313363,16.291872,15.69125,16.291872,19.667376,33.0,20.25,0.0
1203,XGBoostPoisson,22170,PICTURE FRAME WOOD TRIPLE PORTRAIT,2011-12-05/2011-12-11,0.9695238,18.5353,17.970413,18.5353,19.637217,8.0,24.5,0.0
1204,XGBoostPoisson,21260,FIRST AID TIN,2011-12-05/2011-12-11,0.9705305,18.143232,17.60856,18.143232,19.598993,15.0,11.75,0.0
1205,XGBoostPoisson,35599D,PINK AND WHITE CHRISTMAS TREE 120CM,2011-12-05/2011-12-11,0.8745875,16.261732,14.222307,16.261732,19.568111,53.0,24.25,0.0
1206,XGBoostPoisson,21812,GARLAND WITH HEARTS AND BELLS,2011-12-05/2011-12-11,0.89882356,22.65759,20.365177,22.65759,19.560825,2.0,21.75,0.0
1207,XGBoostPoisson,85035C,ROSE 3 WICK MORRIS BOX CANDLE,2011-12-05/2011-12-11,0.5992509,13.681714,8.19878,13.681714,19.533823,0.0,43.0,1.0
1208,XGBoostPoisson,22224,WHITE LOVEBIRD LANTERN,2011-12-05/2011-12-11,0.9526411,19.375353,18.457758,19.375353,19.477821,20.0,21.75,0.0
1209,XGBoostPoisson,85032C,CURIOUS IMAGES GIFT WRAP SET,2011-12-05/2011-12-11,0.9849624,25.22142,24.842152,25.22142,19.431818,8.0,16.0,0.0
1210,XGBoostPoisson,20772,GARDEN PATH JOURNAL,2011-12-05/2011-12-11,0.93664384,12.762257,11.953689,12.762257,19.418753,30.0,24.75,0.0
1211,XGBoostPoisson,22446,PIN CUSHION BABUSHKA PINK,2011-12-05/2011-12-11,0.9366439,17.415499,16.31212,17.415499,19.418484,39.0,23.75,0.0
1212,XGBoostPoisson,85040A,S/4 PINK FLOWER CANDLES IN BOWL,2011-12-05/2011-12-11,0.93664384,16.917824,15.845976,16.917824,19.417942,14.0,17.0,0.0
1213,XGBoostPoisson,22919,HERB MARKER MINT,2011-12-05/2011-12-11,0.9129512,15.033398,13.724758,15.033398,19.415665,57.0,15.75,0.0
1214,XGBoostPoisson,79190B,RETRO PLASTIC POLKA TRAY,2011-12-05/2011-12-11,0.8913738,13.971501,12.453831,13.971501,19.412373,45.0,24.75,0.0
1215,XGBoostPoisson,22689,DOORMAT MERRY CHRISTMAS RED ,2011-12-05/2011-12-11,0.9526412,20.63973,19.662258,20.63973,19.311743,4.0,17.25,0.0
1216,XGBoostPoisson,22946,WOODEN ADVENT CALENDAR CREAM,2011-12-05/2011-12-11,0.93664384,15.22543,14.260805,15.22543,19.267675,7.0,27.0,0.0
1217,XGBoostPoisson,22758,LARGE PURPLE BABUSHKA NOTEBOOK  ,2011-12-05/2011-12-11,0.96313363,17.21844,16.583658,17.21844,19.253036,35.0,14.0,0.0
1218,XGBoostPoisson,20846,ZINC HEART LATTICE T-LIGHT HOLDER,2011-12-05/2011-12-11,0.8445562,16.900911,14.273769,16.900911,19.23601,32.0,21.0,0.0
1219,XGBoostPoisson,22604,SET OF 4 NAPKIN CHARMS CUTLERY,2011-12-05/2011-12-11,0.9631336,18.19111,17.52047,18.19111,19.225983,26.0,22.25,0.0
1220,XGBoostPoisson,16048,TEATIME ROUND PENCIL SHARPENER ,2011-12-05/2011-12-11,0.6979166,23.011526,16.060127,23.011526,19.133867,1.0,19.75,0.0
1221,XGBoostPoisson,22424,ENAMEL BREAD BIN CREAM,2011-12-05/2011-12-11,0.9849624,20.69497,20.383766,20.69497,19.102188,19.0,18.0,0.0
1222,XGBoostPoisson,22100,SKULLS SQUARE TISSUE BOX,2011-12-05/2011-12-11,0.7718191,10.140442,7.8265867,10.140442,18.978458,2.0,49.0,0.0
1223,XGBoostPoisson,22468,BABUSHKA LIGHTS STRING OF 10,2011-12-05/2011-12-11,0.97053045,21.159637,20.536072,21.159637,18.953352,18.0,21.0,0.0
1224,XGBoostPoisson,22023,EMPIRE BIRTHDAY CARD,2011-12-05/2011-12-11,0.9695238,23.607803,22.888327,23.607803,18.90061,14.0,17.25,0.0
1225,XGBoostPoisson,23216,LAUREL HEART ANTIQUE GOLD,2011-12-05/2011-12-11,0.93664384,18.4351,17.267124,18.4351,18.891603,12.0,21.25,0.0
1226,XGBoostPoisson,22747,POPPY'S PLAYHOUSE BATHROOM,2011-12-05/2011-12-11,0.9849624,25.200232,24.821281,25.200232,18.875519,11.0,18.25,0.0
1227,XGBoostPoisson,22231,JIGSAW TREE WITH BIRDHOUSE,2011-12-05/2011-12-11,0.93664384,16.969263,15.8941555,16.969263,18.87005,22.0,9.0,0.0
1228,XGBoostPoisson,22896,PEG BAG APPLES DESIGN,2011-12-05/2011-12-11,0.96952385,21.372095,20.720757,21.372095,18.833532,10.0,23.75,0.0
1229,XGBoostPoisson,10125,MINI FUNKY DESIGN TAPES,2011-12-05/2011-12-11,0.7718191,26.00464,20.070879,26.00464,18.803497,6.0,16.5,0.0
1230,XGBoostPoisson,23405,HOME SWEET HOME 2 DRAWER CABINET,2011-12-05/2011-12-11,0.9886148,18.900864,18.685673,18.900864,18.796368,18.0,20.0,0.0
1231,XGBoostPoisson,47310M,"SMALL POP BOX,FUNKY MONKEY",2011-12-05/2011-12-11,0.93664384,15.621029,14.63134,15.621029,18.745441,35.0,20.75,0.0
1232,XGBoostPoisson,22209,WOOD STAMP SET HAPPY BIRTHDAY,2011-12-05/2011-12-11,0.9695237,20.544682,19.918556,20.544682,18.739994,6.0,17.5,0.0
1233,XGBoostPoisson,22846,BREAD BIN DINER STYLE RED ,2011-12-05/2011-12-11,0.9736842,18.283316,17.802176,18.283316,18.70768,28.0,17.5,0.0
1234,XGBoostPoisson,22477,WATERING CAN GARDEN MARKER,2011-12-05/2011-12-11,0.93664384,14.939949,13.993411,14.939949,18.671564,64.0,23.25,0.0
1235,XGBoostPoisson,23027,DRAWER KNOB VINTAGE GLASS HEXAGON,2011-12-05/2011-12-11,0.8913738,12.8056555,11.414626,12.8056555,18.66071,66.0,19.5,0.0
1236,XGBoostPoisson,21066,VINTAGE RED MUG,2011-12-05/2011-12-11,0.65502185,12.778599,8.370261,12.778599,18.656168,5.0,13.5,0.0
1237,XGBoostPoisson,22844,VINTAGE CREAM DOG FOOD CONTAINER,2011-12-05/2011-12-11,0.9861496,22.835125,22.51885,22.835125,18.619837,16.0,23.0,0.0
1238,XGBoostPoisson,84580,MOUSE TOY WITH PINK T-SHIRT,2011-12-05/2011-12-11,0.9849624,20.131916,19.82918,20.131916,18.616894,27.0,18.5,0.0
1239,XGBoostPoisson,22807,SET OF 6 T-LIGHTS TOADSTOOLS,2011-12-05/2011-12-11,0.9695238,18.43856,17.876623,18.43856,18.607801,29.0,19.0,0.0
1240,XGBoostPoisson,16169M,WRAP DAISY CARPET ,2011-12-05/2011-12-11,0.4236111,23.36914,9.899427,0.0,18.605999,25.0,18.75,0.0
1241,XGBoostPoisson,21401,BLUE PUDDING SPOON,2011-12-05/2011-12-11,0.93664384,15.983021,14.970398,15.983021,18.55733,6.0,18.75,0.0
1242,XGBoostPoisson,22357,KINGS CHOICE BISCUIT TIN,2011-12-05/2011-12-11,0.9705305,17.245117,16.736912,17.245117,18.509699,28.0,20.0,0.0
1243,XGBoostPoisson,85036C,ROSE 1 WICK MORRIS BOXED CANDLE,2011-12-05/2011-12-11,0.5555556,14.205115,7.8917313,14.205115,18.472689,0.0,40.0,1.0
1244,XGBoostPoisson,22374,AIRLINE BAG VINTAGE JET SET RED,2011-12-05/2011-12-11,0.98496234,24.201569,23.837633,24.201569,18.427153,17.0,17.0,0.0
1245,XGBoostPoisson,22636,CHILDS BREAKFAST SET CIRCUS PARADE,2011-12-05/2011-12-11,0.98496246,21.696419,21.370157,21.696419,18.420778,17.0,20.75,0.0
1246,XGBoostPoisson,23335,EGG FRYING PAN IVORY ,2011-12-05/2011-12-11,0.98496234,18.557304,18.278246,18.557304,18.381865,22.0,18.5,0.0
1247,XGBoostPoisson,22475,SKULL DESIGN TV DINNER TRAY,2011-12-05/2011-12-11,0.96313363,15.74926,15.168642,15.74926,18.348093,24.0,20.0,0.0
1248,XGBoostPoisson,20869,GOLD FABRIC MIRROR,2011-12-05/2011-12-11,0.83053434,13.676105,11.358475,13.676105,18.325552,62.0,20.0,0.0
1249,XGBoostPoisson,20893,HANGING BAUBLE T-LIGHT HOLDER SMALL,2011-12-05/2011-12-11,0.7718191,14.5163555,11.204,14.5163555,18.321777,59.0,16.75,0.0
1250,XGBoostPoisson,85071C,"CHARLIE+LOLA""EXTREMELY BUSY"" SIGN",2011-12-05/2011-12-11,0.93664384,16.188873,15.163208,16.188873,18.207134,12.0,23.25,0.0
1251,XGBoostPoisson,22342,HOME GARLAND PAINTED ZINC ,2011-12-05/2011-12-11,0.7718191,17.065504,13.171482,17.065504,18.194427,25.0,14.75,0.0
1252,XGBoostPoisson,79190A,RETRO PLASTIC 70'S TRAY,2011-12-05/2011-12-11,0.93664384,12.895668,12.078648,12.895668,18.183908,18.0,26.5,0.0
1253,XGBoostPoisson,23022,SMALL BONNE JAM JAR  T-LIGHT HOLDER,2011-12-05/2011-12-11,0.6600496,17.538397,11.576212,17.538397,18.173246,24.0,25.75,0.0
1254,XGBoostPoisson,22057,CERAMIC PLATE STRAWBERRY DESIGN,2011-12-05/2011-12-11,0.9129512,18.347582,16.750446,18.347582,18.135948,16.0,13.75,0.0
1255,XGBoostPoisson,82616B,FRAPPUCINO SCARF KNITTING KIT,2011-12-05/2011-12-11,0.93664384,21.432674,20.074783,21.432674,18.088495,23.0,18.25,0.0
1256,XGBoostPoisson,22329,ROUND CONTAINER SET OF 5 RETROSPOT,2011-12-05/2011-12-11,0.9695238,19.665472,19.066143,19.665472,18.083233,4.0,22.75,0.0
1257,XGBoostPoisson,21147,JINGLE BELLS TREE DECORATION,2011-12-05/2011-12-11,0.9526412,16.530668,15.747795,16.530668,18.069012,22.0,16.25,0.0
1258,XGBoostPoisson,85183A,CHARLIE & LOLA WASTEPAPER BIN BLUE,2011-12-05/2011-12-11,0.91295123,19.37429,17.687782,19.37429,18.067362,30.0,19.0,0.0
1259,XGBoostPoisson,23074,EMBOSSED HEART TRINKET BOX,2011-12-05/2011-12-11,0.9849624,18.304293,18.02904,18.304293,18.020552,22.0,17.5,0.0
1260,XGBoostPoisson,35819B,"ACRYLIC HANGING JEWEL,BLUE",2011-12-05/2011-12-11,0.7718192,17.33329,13.378165,17.33329,17.9773,26.0,15.0,0.0
1261,XGBoostPoisson,22286,"DECORATION , WOBBLY RABBIT , METAL ",2011-12-05/2011-12-11,0.8745875,17.647223,15.43404,17.647223,17.960266,3.0,12.5,0.0
1262,XGBoostPoisson,22607,WOODEN ROUNDERS GARDEN SET ,2011-12-05/2011-12-11,0.96313363,13.87506,13.363537,13.87506,17.913965,37.0,19.25,0.0
1263,XGBoostPoisson,22717,CARD DOG AND BALL ,2011-12-05/2011-12-11,0.8988235,16.807615,15.1070795,16.807615,17.867096,12.0,15.75,0.0
1264,XGBoostPoisson,23087,ZINC  HEART T-LIGHT HOLDER,2011-12-05/2011-12-11,0.8745875,18.790607,16.43403,18.790607,17.85505,1.0,18.5,0.0
1265,XGBoostPoisson,21422,PORCELAIN ROSE SMALL,2011-12-05/2011-12-11,0.66004956,18.151064,11.980601,18.151064,17.847647,3.0,6.0,0.0
1266,XGBoostPoisson,72225C,LAVENDER SCENT CAKE CANDLE,2011-12-05/2011-12-11,0.5208333,15.887009,8.274484,15.887009,17.816263,24.0,24.0,0.0
1267,XGBoostPoisson,22366,DOORMAT AIRMAIL ,2011-12-05/2011-12-11,0.9695237,19.456879,18.863905,19.456879,17.786201,12.0,16.5,0.0
1268,XGBoostPoisson,23408,PHOTO FRAME LINEN AND LACE SMALL,2011-12-05/2011-12-11,0.9736842,17.681528,17.216225,17.681528,17.78185,9.0,21.5,0.0
1269,XGBoostPoisson,23088,ZINC HEART FLOWER T-LIGHT HOLDER,2011-12-05/2011-12-11,0.9631336,16.790403,16.171402,16.790403,17.771519,7.0,11.25,0.0
1270,XGBoostPoisson,84828,JUNGLE POPSICLES ICE LOLLY HOLDERS,2011-12-05/2011-12-11,0.93664384,16.694704,15.6369915,16.694704,17.768646,28.0,16.5,0.0
1271,XGBoostPoisson,22233,JIGSAW RABBIT AND BIRDHOUSE,2011-12-05/2011-12-11,0.83053434,14.005337,11.631913,14.005337,17.745298,42.0,12.5,0.0
1272,XGBoostPoisson,22314,OFFICE MUG WARMER CHOC+BLUE,2011-12-05/2011-12-11,0.96313363,21.1538,20.373936,21.1538,17.737518,19.0,13.0,0.0
1273,XGBoostPoisson,21730,GLASS STAR FROSTED T-LIGHT HOLDER,2011-12-05/2011-12-11,0.9047619,21.276411,19.250086,21.276411,17.72379,12.0,21.25,0.0
1274,XGBoostPoisson,47567B,TEA TIME KITCHEN APRON,2011-12-05/2011-12-11,0.9695238,16.388638,15.8891735,16.388638,17.71776,19.0,14.75,0.0
1275,XGBoostPoisson,21773,DECORATIVE ROSE BATHROOM BOTTLE,2011-12-05/2011-12-11,0.8988235,10.795202,9.702981,10.795202,17.693804,8.0,32.5,0.0
1276,XGBoostPoisson,21340,CLASSIC METAL BIRDCAGE PLANT HOLDER,2011-12-05/2011-12-11,0.97053045,19.626963,19.048565,19.626963,17.674467,15.0,20.5,0.0
1277,XGBoostPoisson,21194,PINK  HONEYCOMB PAPER FAN,2011-12-05/2011-12-11,0.8913738,17.96854,16.016685,17.96854,17.653141,20.0,17.75,0.0
1278,XGBoostPoisson,21382,SET/4 SPRING FLOWER DECORATION,2011-12-05/2011-12-11,0.8988235,16.553984,14.879109,16.553984,17.628239,3.0,15.25,0.0
1279,XGBoostPoisson,82616C,MIDNIGHT GLAMOUR SCARF KNITTING KIT,2011-12-05/2011-12-11,0.96313363,18.057245,17.39154,18.057245,17.622902,17.0,19.25,0.0
1280,XGBoostPoisson,22434,BALLOON PUMP WITH 10 BALLOONS,2011-12-05/2011-12-11,0.97053045,18.00572,17.4751,18.00572,17.571796,19.0,15.25,0.0
1281,XGBoostPoisson,84509A,SET OF 4 ENGLISH ROSE PLACEMATS,2011-12-05/2011-12-11,0.9849624,19.134089,18.846357,19.134089,17.560421,15.0,18.75,0.0
1282,XGBoostPoisson,85019B,BLOSSOM  IMAGES NOTEBOOK SET,2011-12-05/2011-12-11,0.7718191,19.067308,14.716513,19.067308,17.546858,4.0,13.5,0.0
1283,XGBoostPoisson,22768,FAMILY PHOTO FRAME CORNICE,2011-12-05/2011-12-11,0.97368425,18.362274,17.879057,18.362274,17.498632,8.0,17.75,0.0
1284,XGBoostPoisson,22378,WALL TIDY RETROSPOT ,2011-12-05/2011-12-11,0.96952385,18.009357,17.4605,18.009357,17.438526,20.0,18.75,0.0
1285,XGBoostPoisson,21106,CREAM SLICE FLANNEL CHOCOLATE SPOT ,2011-12-05/2011-12-11,0.6600496,14.838537,9.79417,14.838537,17.427479,25.0,16.25,0.0
1286,XGBoostPoisson,35818P,"ACRYLIC JEWEL ICICLE, PINK",2011-12-05/2011-12-11,0.7718191,22.830141,17.620739,22.830141,17.38076,12.0,22.25,0.0
1287,XGBoostPoisson,22119,PEACE WOODEN BLOCK LETTERS,2011-12-05/2011-12-11,0.96313363,12.113805,11.6672125,12.113805,17.375544,43.0,15.75,0.0
1288,XGBoostPoisson,23314,VINTAGE CHRISTMAS TABLECLOTH,2011-12-05/2011-12-11,0.97053045,17.01048,16.50919,17.01048,17.343496,21.0,14.5,0.0
1289,XGBoostPoisson,21284,RETROSPOT CANDLE  SMALL,2011-12-05/2011-12-11,0.77181906,9.248203,7.1379395,9.248203,17.323238,49.0,13.25,0.0
1290,XGBoostPoisson,22570,FELTCRAFT CUSHION RABBIT,2011-12-05/2011-12-11,0.346789,49.52087,17.173294,0.0,17.29032,0.0,10.25,2.0
1291,XGBoostPoisson,23235,STORAGE TIN VINTAGE LEAF,2011-12-05/2011-12-11,0.93664384,13.781712,12.908555,13.781712,17.267015,30.0,12.25,0.0
1292,XGBoostPoisson,23032,DRAWER KNOB CRACKLE GLAZE IVORY,2011-12-05/2011-12-11,0.5555556,15.503927,8.613294,15.503927,17.231955,0.0,26.75,1.0
1293,XGBoostPoisson,21617,4 LILY  BOTANICAL DINNER CANDLES,2011-12-05/2011-12-11,0.65502185,11.866642,7.7729096,11.866642,17.209772,0.0,37.5,1.0
1294,XGBoostPoisson,23348,CHILDRENS TOY COOKING UTENSIL SET,2011-12-05/2011-12-11,0.5208333,17.253431,8.986162,17.253431,17.13758,0.0,35.25,1.0
1295,XGBoostPoisson,21112,"SWISS ROLL TOWEL, PINK  SPOTS",2011-12-05/2011-12-11,0.65502185,13.424406,8.79328,13.424406,17.119148,0.0,15.75,1.0
1296,XGBoostPoisson,23133,LARGE IVORY HEART WALL ORGANISER,2011-12-05/2011-12-11,0.95264125,15.092119,14.377376,15.092119,17.069315,8.0,6.25,0.0
1297,XGBoostPoisson,23112,PARISIENNE CURIO CABINET,2011-12-05/2011-12-11,0.98614955,15.748098,15.52998,15.748098,17.066141,19.0,14.25,0.0
1298,XGBoostPoisson,22721,SET OF 3 CAKE TINS SKETCHBOOK,2011-12-05/2011-12-11,0.9736842,18.02666,17.552275,18.02666,17.062244,29.0,17.0,0.0
1299,XGBoostPoisson,21211,SET OF 72 SKULL PAPER  DOILIES,2011-12-05/2011-12-11,0.8913738,16.317835,14.545291,16.317835,17.048,12.0,8.0,0.0
1300,XGBoostPoisson,23036,T-LIGHT HOLDER SILVER PETIT FOUR ,2011-12-05/2011-12-11,0.8301887,14.063657,11.675488,14.063657,17.041737,36.0,12.75,0.0
1301,XGBoostPoisson,22840,ROUND CAKE TIN VINTAGE RED,2011-12-05/2011-12-11,0.9736842,17.388477,16.930885,17.388477,16.949047,14.0,16.25,0.0
1302,XGBoostPoisson,84926F,PSYCHEDELIC TILE COASTER,2011-12-05/2011-12-11,0.6600496,13.641514,9.004076,13.641514,16.906767,27.0,15.5,0.0
1303,XGBoostPoisson,20733,GOLD MINI TAPE MEASURE ,2011-12-05/2011-12-11,0.96313363,19.835802,19.104528,19.835802,16.903635,12.0,16.25,0.0
1304,XGBoostPoisson,21306,SET/4 DAISY MIRROR MAGNETS,2011-12-05/2011-12-11,0.8913738,15.774132,14.060648,15.774132,16.876837,5.0,20.75,0.0
1305,XGBoostPoisson,22679,FRENCH BLUE METAL DOOR SIGN 4,2011-12-05/2011-12-11,0.9705305,17.825108,17.29981,17.825108,16.875923,18.0,16.75,0.0
1306,XGBoostPoisson,22255,FELT TOADSTOOL  SMALL,2011-12-05/2011-12-11,0.83053434,13.747972,11.418162,13.747972,16.843536,12.0,28.0,0.0
1307,XGBoostPoisson,22319,HAIRCLIPS FORTIES FABRIC ASSORTED,2011-12-05/2011-12-11,0.604,28.989,17.509356,28.989,16.808153,0.0,12.0,1.0
1308,XGBoostPoisson,47599A,PINK PARTY BAGS,2011-12-05/2011-12-11,0.8913738,12.79821,11.4079895,12.79821,16.798592,12.0,5.75,0.0
1309,XGBoostPoisson,21828,EIGHT PIECE SNAKE  SET,2011-12-05/2011-12-11,0.9631336,18.025263,17.360735,18.025263,16.785019,18.0,18.0,0.0
1310,XGBoostPoisson,85131B,BEADED CRYSTAL HEART GREEN ON STICK,2011-12-05/2011-12-11,0.9695238,18.073122,17.522322,18.073122,16.777693,14.0,23.5,0.0
1311,XGBoostPoisson,22681,FRENCH BLUE METAL DOOR SIGN 6,2011-12-05/2011-12-11,0.9695237,16.687218,16.178654,16.687218,16.731045,11.0,21.25,0.0
1312,XGBoostPoisson,21774,DECORATIVE CATS BATHROOM BOTTLE,2011-12-05/2011-12-11,0.95264125,13.11728,12.496062,13.11728,16.730558,7.0,12.5,0.0
1313,XGBoostPoisson,22360,GLASS JAR ENGLISH CONFECTIONERY,2011-12-05/2011-12-11,0.96313363,18.300777,17.626095,18.300777,16.661495,11.0,13.25,0.0
1314,XGBoostPoisson,23402,HOME SWEET HOME 3 PEG HANGER ,2011-12-05/2011-12-11,0.9849624,15.508572,15.27536,15.508572,16.636074,19.0,12.75,0.0
1315,XGBoostPoisson,22582,PACK OF 6 SWEETIE GIFT BOXES,2011-12-05/2011-12-11,0.96296304,15.602203,15.024345,15.602203,16.619286,19.0,8.75,0.0
1316,XGBoostPoisson,22453,MEASURING TAPE BABUSHKA BLUE,2011-12-05/2011-12-11,0.87458754,15.608994,13.651431,15.608994,16.619146,29.0,12.25,0.0
1317,XGBoostPoisson,22287,"DECORATION , WOBBLY CHICKEN, METAL ",2011-12-05/2011-12-11,0.7718191,21.45312,16.557928,21.45312,16.611715,3.0,13.75,0.0
1318,XGBoostPoisson,17012C,ORIGAMI LAVENDER INCENSE/CANDL SET ,2011-12-05/2011-12-11,0.9526411,19.589546,18.661808,19.589546,16.575453,10.0,19.25,0.0
1319,XGBoostPoisson,22575,METAL MERRY CHRISTMAS WREATH,2011-12-05/2011-12-11,0.6134454,19.429796,11.919119,19.429796,16.558125,0.0,28.75,1.0
1320,XGBoostPoisson,20839,FRENCH PAISLEY CUSHION COVER ,2011-12-05/2011-12-11,0.95264125,16.643343,15.855135,16.643343,16.545,8.0,13.25,0.0
1321,XGBoostPoisson,22051,BLUE SCANDINAVIAN PAISLEY WRAP,2011-12-05/2011-12-11,0.5555556,28.462055,15.812254,28.462055,16.524271,0.0,18.75,1.0
1322,XGBoostPoisson,21821,GLITTER STAR GARLAND WITH BELLS ,2011-12-05/2011-12-11,0.9366438,16.274696,15.243593,16.274696,16.468477,7.0,20.0,0.0
1323,XGBoostPoisson,22976,CIRCUS PARADE CHILDRENS EGG CUP ,2011-12-05/2011-12-11,0.9526412,20.975,19.98165,20.975,16.354692,5.0,20.25,0.0
1324,XGBoostPoisson,21992,VINTAGE PAISLEY STATIONERY SET,2011-12-05/2011-12-11,0.3196126,29.34695,9.379655,0.0,16.2767,0.0,26.5,2.0
1325,XGBoostPoisson,15056P,EDWARDIAN PARASOL PINK,2011-12-05/2011-12-11,0.96313363,13.478014,12.981129,13.478014,16.268074,10.0,21.25,0.0
1326,XGBoostPoisson,85039A,SET/4 RED MINI ROSE CANDLE IN BOWL,2011-12-05/2011-12-11,0.95264125,15.849657,15.099037,15.849657,16.249264,13.0,13.0,0.0
1327,XGBoostPoisson,23415,HOME SWEET HOME HOOK,2011-12-05/2011-12-11,0.9705304,16.27822,15.798507,16.27822,16.229057,14.0,16.5,0.0
1328,XGBoostPoisson,22361,GLASS JAR DAISY FRESH COTTON WOOL,2011-12-05/2011-12-11,0.9736842,19.735601,19.216244,19.735601,16.174644,27.0,16.5,0.0
1329,XGBoostPoisson,22304,COFFEE MUG BLUE PAISLEY DESIGN,2011-12-05/2011-12-11,0.66004956,21.90129,14.455937,21.90129,16.164286,1.0,4.0,0.0
1330,XGBoostPoisson,23025,DRAWER KNOB VINTAGE GLASS BALL,2011-12-05/2011-12-11,0.9695238,15.205713,14.742301,15.205713,16.10177,18.0,13.25,0.0
1331,XGBoostPoisson,21945,STRAWBERRIES  DESIGN FLANNEL ,2011-12-05/2011-12-11,0.95264125,14.171424,13.500283,14.171424,16.090239,26.0,13.75,0.0
1332,XGBoostPoisson,22613,PACK OF 20 SPACEBOY NAPKINS,2011-12-05/2011-12-11,0.9695238,14.980784,14.524227,14.980784,16.07975,19.0,14.75,0.0
1333,XGBoostPoisson,21530,DAIRY MAID TOASTRACK,2011-12-05/2011-12-11,0.9172703,15.177092,13.921495,15.177092,16.077715,3.0,19.0,0.0
1334,XGBoostPoisson,22427,ENAMEL FLOWER JUG CREAM,2011-12-05/2011-12-11,0.44345897,26.464073,11.735731,26.464073,16.067226,12.0,3.0,0.0
1335,XGBoostPoisson,21264,WHITE GOOSE FEATHER TREE 60CM ,2011-12-05/2011-12-11,0.93664384,17.71487,16.592524,17.71487,16.064001,11.0,21.0,0.0
1336,XGBoostPoisson,22123,PING MICROWAVE APRON,2011-12-05/2011-12-11,0.9705305,16.923235,16.424517,16.923235,16.042675,23.0,17.0,0.0
1337,XGBoostPoisson,84951A,SET OF 4 PISTACHIO LOVEBIRD COASTER,2011-12-05/2011-12-11,0.83018863,11.87652,9.859752,11.87652,16.037455,28.0,13.75,0.0
1338,XGBoostPoisson,35971,ROSE FOLKART HEART DECORATIONS,2011-12-05/2011-12-11,0.9129512,14.856364,13.563135,14.856364,15.997566,5.0,28.25,0.0
1339,XGBoostPoisson,22349,DOG BOWL CHASING BALL DESIGN,2011-12-05/2011-12-11,0.91295123,13.263382,12.108821,13.263382,15.988773,24.0,9.5,0.0
1340,XGBoostPoisson,21209,MULTICOLOUR HONEYCOMB FAN,2011-12-05/2011-12-11,0.6550219,20.35414,13.332407,20.35414,15.94811,0.0,25.5,1.0
1341,XGBoostPoisson,22742,MAKE YOUR OWN PLAYTIME CARD KIT,2011-12-05/2011-12-11,0.9526412,14.97945,14.270041,14.97945,15.940172,37.0,14.5,0.0
1342,XGBoostPoisson,22674,FRENCH TOILET SIGN BLUE METAL,2011-12-05/2011-12-11,0.9631336,14.30588,13.778473,14.30588,15.889596,4.0,16.25,0.0
1343,XGBoostPoisson,22892,SET OF SALT AND PEPPER TOADSTOOLS,2011-12-05/2011-12-11,0.5279503,23.130304,12.211651,23.130304,15.816961,0.0,16.5,1.0
1344,XGBoostPoisson,21693,SMALL HAMMERED SILVER CANDLEPOT ,2011-12-05/2011-12-11,0.8988235,14.193715,12.757645,14.193715,15.777212,16.0,10.0,0.0
1345,XGBoostPoisson,22767,TRIPLE PHOTO FRAME CORNICE ,2011-12-05/2011-12-11,0.9631336,13.36343,12.870769,13.36343,15.750708,10.0,10.0,0.0
1346,XGBoostPoisson,21262,WHITE GOOSE FEATHER CHRISTMAS TREE ,2011-12-05/2011-12-11,0.9526412,17.998075,17.145708,17.998075,15.733578,8.0,17.25,0.0
1347,XGBoostPoisson,22116,METAL SIGN HIS DINNER IS SERVED,2011-12-05/2011-12-11,0.9695238,16.695906,16.187078,16.695906,15.731136,9.0,19.75,0.0
1348,XGBoostPoisson,22445,PENCIL CASE LIFE IS BEAUTIFUL,2011-12-05/2011-12-11,0.93664384,15.555332,14.569806,15.555332,15.713901,9.0,16.0,0.0
1349,XGBoostPoisson,23252,VINTAGE RED ENAMEL TRIM JUG ,2011-12-05/2011-12-11,0.9695238,16.620028,16.113512,16.620028,15.711488,13.0,13.75,0.0
1350,XGBoostPoisson,72800E,4 IVORY DINNER CANDLES SILVER FLOCK,2011-12-05/2011-12-11,0.96313363,21.220768,20.438435,21.220768,15.691864,12.0,17.25,0.0
1351,XGBoostPoisson,21742,LARGE ROUND WICKER PLATTER ,2011-12-05/2011-12-11,0.9526412,16.545748,15.762161,16.545748,15.681845,24.0,17.0,0.0
1352,XGBoostPoisson,22675,FRENCH KITCHEN SIGN BLUE METAL,2011-12-05/2011-12-11,0.9631336,13.633233,13.130625,13.633233,15.657901,23.0,11.25,0.0
1353,XGBoostPoisson,21577,SAVE THE PLANET COTTON TOTE BAG,2011-12-05/2011-12-11,0.9695238,17.896616,17.351194,17.896616,15.592911,13.0,13.5,0.0
1354,XGBoostPoisson,20755,BLUE PAISLEY POCKET BOOK,2011-12-05/2011-12-11,0.8913738,14.221881,12.677012,14.221881,15.5019655,12.0,20.75,0.0
1355,XGBoostPoisson,22081,RIBBON REEL FLORA + FAUNA ,2011-12-05/2011-12-11,0.9129512,15.243025,13.916138,15.243025,15.492007,2.0,15.75,0.0
1356,XGBoostPoisson,72802A,ROSE SCENT CANDLE IN JEWELLED BOX,2011-12-05/2011-12-11,0.7718191,15.416985,11.899123,15.416985,15.490707,18.0,13.5,0.0
1357,XGBoostPoisson,22332,SKULLS PARTY BAG + STICKER SET,2011-12-05/2011-12-11,0.7718191,17.786858,13.728237,17.786858,15.490642,0.0,14.75,1.0
1358,XGBoostPoisson,85174,S/4 CACTI CANDLES,2011-12-05/2011-12-11,0.9129512,20.471077,18.689095,20.471077,15.471124,3.0,22.5,0.0
1359,XGBoostPoisson,23039,T-LIGHT HOLDER SILVER HEART HANDLE,2011-12-05/2011-12-11,0.9129512,14.42186,13.166453,14.42186,15.420653,19.0,14.25,0.0
1360,XGBoostPoisson,16161G,WRAP BAD HAIR DAY,2011-12-05/2011-12-11,0.43333337,36.47684,15.806632,0.0,15.372994,0.0,25.0,1.0
1361,XGBoostPoisson,23407,SET OF 2 TRAYS HOME SWEET HOME,2011-12-05/2011-12-11,0.98496234,14.829674,14.60667,14.829674,15.364278,8.0,16.75,0.0
1362,XGBoostPoisson,84951B,SET OF 4 BLACK LOVEBIRD COASTERS,2011-12-05/2011-12-11,0.83053434,12.773829,10.609104,12.773829,15.356379,32.0,16.5,0.0
1363,XGBoostPoisson,23160,REGENCY TEA SPOON,2011-12-05/2011-12-11,0.83053434,19.20628,15.951475,19.20628,15.338365,3.0,8.75,0.0
1364,XGBoostPoisson,22267,EASTER DECORATION EGG BUNNY ,2011-12-05/2011-12-11,0.7718191,15.772017,12.173143,15.772017,15.329762,3.0,17.0,0.0
1365,XGBoostPoisson,21537,RED RETROSPOT PUDDING BOWL,2011-12-05/2011-12-11,0.8913738,14.029722,12.505727,14.029722,15.277193,13.0,11.5,0.0
1366,XGBoostPoisson,22703,PINK CAT BOWL,2011-12-05/2011-12-11,0.96313363,15.557602,14.98405,15.557602,15.274759,26.0,16.25,0.0
1367,XGBoostPoisson,21746,SMALL RED RETROSPOT WINDMILL,2011-12-05/2011-12-11,0.93664384,15.322145,14.351393,15.322145,15.257507,13.0,13.0,0.0
1368,XGBoostPoisson,23048,SET OF 10 LANTERNS FAIRY LIGHT STAR,2011-12-05/2011-12-11,0.9631337,15.341576,14.775989,15.341576,15.255598,6.0,13.0,0.0
1369,XGBoostPoisson,84519A,TOMATO CHARLIE+LOLA COASTER SET,2011-12-05/2011-12-11,0.93664384,14.179348,13.280999,14.179348,15.214962,15.0,19.0,0.0
1370,XGBoostPoisson,48116,DOORMAT MULTICOLOUR STRIPE,2011-12-05/2011-12-11,0.83053434,17.00585,14.123942,17.00585,15.213377,4.0,5.5,0.0
1371,XGBoostPoisson,84969,BOX OF 6 ASSORTED COLOUR TEASPOONS,2011-12-05/2011-12-11,0.89137375,10.57712,9.428167,10.57712,15.15222,28.0,9.75,0.0
1372,XGBoostPoisson,16012,FOOD/DRINK SPONGE STICKERS,2011-12-05/2011-12-11,0.5279503,21.65937,11.435071,21.65937,15.12841,1.0,30.25,0.0
1373,XGBoostPoisson,22135,MINI LADLE LOVE HEART PINK,2011-12-05/2011-12-11,0.9695238,15.554192,15.080159,15.554192,15.128046,15.0,16.25,0.0
1374,XGBoostPoisson,23164,REGENCY CAKE SLICE,2011-12-05/2011-12-11,0.95264125,11.805875,11.246763,11.805875,15.099442,5.0,24.0,0.0
1375,XGBoostPoisson,21115,ROSE CARAVAN DOORSTOP,2011-12-05/2011-12-11,0.96313363,14.510844,13.975883,14.510844,15.045786,24.0,12.25,0.0
1376,XGBoostPoisson,21374,MIRRORED WALL ART SKULLS,2011-12-05/2011-12-11,0.7718191,11.048224,8.527231,11.048224,15.020056,36.0,14.75,0.0
1377,XGBoostPoisson,22647,CERAMIC LOVE HEART MONEY BANK,2011-12-05/2011-12-11,0.6600496,12.132863,8.008291,12.132863,14.99857,39.0,13.5,0.0
1378,XGBoostPoisson,37500,TEA TIME TEAPOT IN GIFT BOX,2011-12-05/2011-12-11,0.9129512,14.01375,12.79387,14.01375,14.976423,8.0,21.25,0.0
1379,XGBoostPoisson,47578A,ENGLISH ROSE SMALL SCENTED FLOWER,2011-12-05/2011-12-11,0.9526412,13.358963,12.726298,13.358963,14.968302,26.0,16.25,0.0
1380,XGBoostPoisson,21061,PARTY INVITES FOOTBALL,2011-12-05/2011-12-11,0.7718191,12.155371,9.381747,12.155371,14.952447,33.0,15.25,0.0
1381,XGBoostPoisson,22665,RECIPE BOX BLUE SKETCHBOOK DESIGN,2011-12-05/2011-12-11,0.83053434,14.096349,11.707501,14.096349,14.951154,0.0,10.25,1.0
1382,XGBoostPoisson,22190,LOCAL CAFE MUG,2011-12-05/2011-12-11,0.8988235,14.328423,12.878723,14.328423,14.801377,15.0,11.0,0.0
1383,XGBoostPoisson,22121,NOEL WOODEN BLOCK LETTERS ,2011-12-05/2011-12-11,0.93664384,15.85314,14.848745,15.85314,14.783747,8.0,12.5,0.0
1384,XGBoostPoisson,21802,CHRISTMAS TREE HEART DECORATION,2011-12-05/2011-12-11,0.36051503,15.926102,5.741599,0.0,14.710221,0.0,1.75,1.0
1385,XGBoostPoisson,21716,BOYS VINTAGE TIN SEASIDE BUCKET,2011-12-05/2011-12-11,0.95264125,12.466435,11.87604,12.466435,14.692549,7.0,17.5,0.0
1386,XGBoostPoisson,22315,200 RED + WHITE BENDY STRAWS,2011-12-05/2011-12-11,0.8988235,16.279268,14.632189,16.279268,14.690065,1.0,13.0,0.0
1387,XGBoostPoisson,16156L,"WRAP, CAROUSEL",2011-12-05/2011-12-11,0.346789,24.787785,8.596131,0.0,14.664451,25.0,12.5,0.0
1388,XGBoostPoisson,21894,POTTING SHED SEED ENVELOPES,2011-12-05/2011-12-11,0.95264125,15.197334,14.477608,15.197334,14.654836,17.0,13.5,0.0
1389,XGBoostPoisson,22321,BIRD DECORATION RED RETROSPOT,2011-12-05/2011-12-11,0.8913738,17.880363,15.938087,17.880363,14.642758,2.0,20.0,0.0
1390,XGBoostPoisson,23401,RUSTIC MIRROR WITH LACE HEART,2011-12-05/2011-12-11,0.9695238,14.959065,14.50317,14.959065,14.625198,8.0,10.75,0.0
1391,XGBoostPoisson,22904,CALENDAR PAPER CUT DESIGN,2011-12-05/2011-12-11,0.5208333,21.845404,11.377814,21.845404,14.620906,0.0,14.25,2.0
1392,XGBoostPoisson,22426,ENAMEL WASH BOWL CREAM,2011-12-05/2011-12-11,0.9695238,14.761722,14.31184,14.761722,14.5997,8.0,12.75,0.0
1393,XGBoostPoisson,22548,HEADS AND TAILS SPORTING FUN,2011-12-05/2011-12-11,0.23157895,16.530176,3.8280408,0.0,14.589546,0.0,14.5,3.0
1394,XGBoostPoisson,23342,MINT DINER WALL CLOCK,2011-12-05/2011-12-11,0.97333336,15.382891,14.972681,15.382891,14.584392,6.0,14.75,0.0
1395,XGBoostPoisson,22069,BROWN  PIRATE TREASURE CHEST ,2011-12-05/2011-12-11,0.96313363,18.850864,18.155901,18.850864,14.519226,6.0,18.5,0.0
1396,XGBoostPoisson,21197,MULTICOLOUR  CONFETTI IN TUBE,2011-12-05/2011-12-11,0.65502185,14.301947,9.368088,14.301947,14.514712,12.0,18.0,0.0
1397,XGBoostPoisson,21949,SET OF 6 STRAWBERRY CHOPSTICKS,2011-12-05/2011-12-11,0.93664384,14.822735,13.883623,14.822735,14.481681,5.0,13.25,0.0
1398,XGBoostPoisson,22431,WATERING CAN BLUE ELEPHANT,2011-12-05/2011-12-11,0.93664384,15.147083,14.187422,15.147083,14.438624,6.0,8.25,0.0
1399,XGBoostPoisson,22543,MINI JIGSAW BAKE A CAKE ,2011-12-05/2011-12-11,0.65502185,12.472156,8.169535,12.472156,14.409077,0.0,2.5,1.0
1400,XGBoostPoisson,22350,ILLUSTRATED CAT BOWL ,2011-12-05/2011-12-11,0.9129512,12.170108,11.110714,12.170108,14.37886,21.0,11.25,0.0
1401,XGBoostPoisson,23007, SPACEBOY BABY GIFT SET,2011-12-05/2011-12-11,0.97053045,14.948412,14.507889,14.948412,14.360675,8.0,15.0,0.0
1402,XGBoostPoisson,17021,NAMASTE SWAGAT INCENSE,2011-12-05/2011-12-11,0.43333334,24.73485,10.718435,0.0,14.349419,0.0,27.0,2.0
1403,XGBoostPoisson,22642,SET OF 4 NAPKIN CHARMS STARS   ,2011-12-05/2011-12-11,0.9366439,14.136205,13.24059,14.136205,14.319914,19.0,10.25,0.0
1404,XGBoostPoisson,21817,GLITTER CHRISTMAS TREE,2011-12-05/2011-12-11,0.20652175,17.0111,3.5131624,0.0,14.307216,0.0,13.25,3.0
1405,XGBoostPoisson,21063,PARTY INVITES JAZZ HEARTS,2011-12-05/2011-12-11,0.8745875,11.707588,10.23931,11.707588,14.285428,27.0,11.5,0.0
1406,XGBoostPoisson,22671,FRENCH LAUNDRY SIGN BLUE METAL,2011-12-05/2011-12-11,0.9695238,17.603567,17.067078,17.603567,14.26378,10.0,10.25,0.0
1407,XGBoostPoisson,85034A,3 GARDENIA MORRIS BOXED CANDLES,2011-12-05/2011-12-11,0.5992509,14.453542,8.661298,14.453542,14.255501,0.0,6.5,1.0
1408,XGBoostPoisson,22756,LARGE YELLOW BABUSHKA NOTEBOOK ,2011-12-05/2011-12-11,0.9129511,16.788177,15.326785,16.788177,14.220035,17.0,17.75,0.0
1409,XGBoostPoisson,79302M,"ART LIGHTS,FUNK MONKEY",2011-12-05/2011-12-11,0.89137375,14.851599,13.238325,14.851599,14.212073,7.0,17.25,0.0
1410,XGBoostPoisson,23026,DRAWER KNOB VINTAGE GLASS STAR,2011-12-05/2011-12-11,0.9047619,13.440292,12.160265,13.440292,14.167345,1.0,13.25,0.0
1411,XGBoostPoisson,22547,MINI JIGSAW DINOSAUR ,2011-12-05/2011-12-11,0.93664384,15.605482,14.616778,15.605482,14.153304,19.0,15.25,0.0
1412,XGBoostPoisson,22891,TEA FOR ONE POLKADOT,2011-12-05/2011-12-11,0.9526412,13.108212,12.487423,13.108212,14.134555,12.0,13.5,0.0
1413,XGBoostPoisson,22743,MAKE YOUR OWN FLOWERPOWER CARD KIT,2011-12-05/2011-12-11,0.962963,15.102951,14.543583,15.102951,14.130818,10.0,12.25,0.0
1414,XGBoostPoisson,22845,VINTAGE CREAM CAT FOOD CONTAINER,2011-12-05/2011-12-11,0.97053045,17.24356,16.735401,17.24356,14.121375,9.0,15.5,0.0
1415,XGBoostPoisson,85177,BASKET OF FLOWERS SEWING KIT,2011-12-05/2011-12-11,0.82051283,12.888428,10.57512,12.888428,14.115599,6.0,8.25,0.0
1416,XGBoostPoisson,22911,PAPER CHAIN KIT LONDON,2011-12-05/2011-12-11,0.93664384,12.398133,11.612636,12.398133,14.109929,4.0,27.5,0.0
1417,XGBoostPoisson,85159B,"WHITE TEA,COFFEE,SUGAR JARS",2011-12-05/2011-12-11,0.6600496,12.996093,8.578066,12.996093,14.106736,24.0,9.5,0.0
1418,XGBoostPoisson,23037,CANDLE HOLDER SILVER MADELINE,2011-12-05/2011-12-11,0.65502185,14.783734,9.683669,14.783734,14.097446,24.0,9.5,0.0
1419,XGBoostPoisson,22781,GUMBALL MAGAZINE RACK,2011-12-05/2011-12-11,0.98496234,17.508953,17.245659,17.508953,14.052336,11.0,16.25,0.0
1420,XGBoostPoisson,90058A,CRYSTAL STUD EARRINGS CLEAR DISPLAY,2011-12-05/2011-12-11,0.23978204,13.411306,3.2157903,0.0,14.049951,0.0,45.0,2.0
1421,XGBoostPoisson,21714,CITRONELLA CANDLE GARDEN POT,2011-12-05/2011-12-11,0.93664384,13.670914,12.804777,13.670914,14.038794,5.0,13.5,0.0
1422,XGBoostPoisson,23040,PAPER LANTERN 9 POINT SNOW STAR ,2011-12-05/2011-12-11,0.8913738,11.405676,10.16672,11.405676,14.010739,13.0,7.5,0.0
1423,XGBoostPoisson,23325,RUSTIC STRAWBERRY JAM POT SMALL,2011-12-05/2011-12-11,0.7718191,14.647574,11.305278,14.647574,14.004515,0.0,16.0,1.0
1424,XGBoostPoisson,22476,EMPIRE UNION JACK TV DINNER TRAY,2011-12-05/2011-12-11,0.9129512,13.3628,12.199584,13.3628,14.003136,15.0,13.25,0.0
1425,XGBoostPoisson,85039B,S/4 IVORY MINI ROSE CANDLE IN BOWL,2011-12-05/2011-12-11,0.8745875,12.836274,11.226444,12.836274,13.984215,12.0,12.75,0.0
1426,XGBoostPoisson,22729,ALARM CLOCK BAKELIKE ORANGE,2011-12-05/2011-12-11,0.9526411,13.396199,12.76177,13.396199,13.972238,8.0,6.0,0.0
1427,XGBoostPoisson,23400,SHELF WITH 4 HOOKS HOME SWEET HOME,2011-12-05/2011-12-11,0.96313363,11.787233,11.352681,11.787233,13.9528,9.0,8.0,0.0
1428,XGBoostPoisson,22133,PINK LOVE HEART SHAPE CUP,2011-12-05/2011-12-11,0.8571429,12.811866,10.9816,12.811866,13.926933,5.0,3.0,0.0
1429,XGBoostPoisson,22268,EASTER DECORATION SITTING BUNNY,2011-12-05/2011-12-11,0.20652173,28.48703,5.8831906,0.0,13.78649,0.0,24.5,3.0
1430,XGBoostPoisson,22838,3 TIER CAKE TIN RED AND CREAM,2011-12-05/2011-12-11,0.9695238,14.127597,13.6970415,14.127597,13.786442,7.0,22.0,0.0
1431,XGBoostPoisson,21125,SET 6 FOOTBALL CELEBRATION CANDLES,2011-12-05/2011-12-11,0.9129511,14.666787,13.390059,14.666787,13.7802105,4.0,9.0,0.0
1432,XGBoostPoisson,22664,TOY TIDY DOLLY GIRL DESIGN,2011-12-05/2011-12-11,0.9705304,15.216946,14.768508,15.216946,13.750172,6.0,12.5,0.0
1433,XGBoostPoisson,21058,PARTY INVITES WOODLAND,2011-12-05/2011-12-11,0.9631337,12.647377,12.181115,12.647377,13.738906,16.0,9.0,0.0
1434,XGBoostPoisson,22796,PHOTO FRAME 3 CLASSIC HANGING,2011-12-05/2011-12-11,0.9736842,15.722071,15.3083315,15.722071,13.700343,11.0,14.5,0.0
1435,XGBoostPoisson,22487,WHITE WOOD GARDEN PLANT LADDER,2011-12-05/2011-12-11,0.96952385,17.159462,16.636507,17.159462,13.683199,6.0,13.25,0.0
1436,XGBoostPoisson,85230A,OPIUM SCENTED VOTIVE CANDLE,2011-12-05/2011-12-11,0.360515,33.220688,11.976556,0.0,13.678036,24.0,12.0,0.0
1437,XGBoostPoisson,20751,FUNKY WASHING UP GLOVES ASSORTED,2011-12-05/2011-12-11,0.93664384,14.85453,13.913404,14.85453,13.6725025,1.0,10.5,0.0
1438,XGBoostPoisson,22605,WOODEN CROQUET GARDEN SET,2011-12-05/2011-12-11,0.9631337,14.594278,14.056241,14.594278,13.669847,17.0,11.25,0.0
1439,XGBoostPoisson,23104,IVORY CAFE HANGING LAMP ,2011-12-05/2011-12-11,0.93664384,12.826305,12.0136795,12.826305,13.629726,33.0,12.75,0.0
1440,XGBoostPoisson,22358,KINGS CHOICE TEA CADDY ,2011-12-05/2011-12-11,0.9705304,16.473944,15.988463,16.473944,13.590207,19.0,12.5,0.0
1441,XGBoostPoisson,22473,TV DINNER TRAY VINTAGE PAISLEY,2011-12-05/2011-12-11,0.93664384,12.802927,11.991783,12.802927,13.564327,15.0,11.25,0.0
1442,XGBoostPoisson,22673,FRENCH GARDEN SIGN BLUE METAL,2011-12-05/2011-12-11,0.93664384,14.153485,13.256775,14.153485,13.552635,19.0,9.25,0.0
1443,XGBoostPoisson,72807A,SET/3 ROSE CANDLE IN JEWELLED BOX,2011-12-05/2011-12-11,0.6600496,15.613016,10.305366,15.613016,13.538615,0.0,20.5,1.0
1444,XGBoostPoisson,21739,COSY SLIPPER SHOES SMALL GREEN,2011-12-05/2011-12-11,0.9366438,15.955559,14.9446745,15.955559,13.511329,12.0,15.75,0.0
1445,XGBoostPoisson,20840,FRENCH FLORAL CUSHION COVER ,2011-12-05/2011-12-11,0.8913738,13.82851,12.326372,13.82851,13.490261,24.0,13.5,0.0
1446,XGBoostPoisson,21947,SET OF 6 HEART CHOPSTICKS,2011-12-05/2011-12-11,0.93664384,12.738905,11.931817,12.738905,13.489319,7.0,15.25,0.0
1447,XGBoostPoisson,85107,CUT GLASS T-LIGHT HOLDER OCTAGON,2011-12-05/2011-12-11,0.6979167,11.498068,8.0246935,11.498068,13.465384,3.0,21.25,0.0
1448,XGBoostPoisson,16259,PIECE OF CAMO STATIONERY SET,2011-12-05/2011-12-11,0.23157895,32.476818,7.5209475,0.0,13.4329815,0.0,5.0,3.0
1449,XGBoostPoisson,22683,FRENCH BLUE METAL DOOR SIGN 8,2011-12-05/2011-12-11,0.9526412,14.892441,14.187153,14.892441,13.424036,11.0,11.75,0.0
1450,XGBoostPoisson,85071D,CHARLIE+LOLA MY ROOM DOOR SIGN,2011-12-05/2011-12-11,0.8913739,14.933845,13.311639,14.933845,13.403118,9.0,12.5,0.0
1451,XGBoostPoisson,23041,PAPER LANTERN 9 POINT SNOW STAR,2011-12-05/2011-12-11,0.93664384,15.1251545,14.1668825,15.1251545,13.366276,13.0,8.75,0.0
1452,XGBoostPoisson,21126,SET OF 6 GIRLS CELEBRATION CANDLES,2011-12-05/2011-12-11,0.9129511,14.668176,13.391327,14.668176,13.364431,19.0,15.0,0.0
1453,XGBoostPoisson,22499,WOODEN UNION JACK BUNTING,2011-12-05/2011-12-11,0.9705304,15.2938175,14.843115,15.2938175,13.359104,21.0,14.0,0.0
1454,XGBoostPoisson,20931,BLUE POT PLANT CANDLE ,2011-12-05/2011-12-11,0.83053434,12.84519,10.668371,12.84519,13.356455,5.0,21.0,0.0
1455,XGBoostPoisson,21111,"SWISS ROLL TOWEL, CHOCOLATE  SPOTS",2011-12-05/2011-12-11,0.8913739,10.7390175,9.572479,10.7390175,13.340727,8.0,12.25,0.0
1456,XGBoostPoisson,22640,SET OF 4 NAPKIN CHARMS 3 KEYS ,2011-12-05/2011-12-11,0.89882344,12.271626,11.0300255,12.271626,13.339727,39.0,13.0,0.0
1457,XGBoostPoisson,23341,PINK DINER WALL CLOCK,2011-12-05/2011-12-11,0.9736842,13.954814,13.587582,13.954814,13.3146925,20.0,11.5,0.0
1458,XGBoostPoisson,22343,PARTY PIZZA DISH RED RETROSPOT,2011-12-05/2011-12-11,0.6979167,17.355463,12.112667,17.355463,13.227267,4.0,14.75,0.0
1459,XGBoostPoisson,21088,SET/6 FRUIT SALAD PAPER CUPS,2011-12-05/2011-12-11,0.5555556,14.609799,8.116555,14.609799,13.220814,24.0,14.5,0.0
1460,XGBoostPoisson,20777,CHRYSANTHEMUM NOTEBOOK,2011-12-05/2011-12-11,0.9526412,13.684256,13.036185,13.684256,13.207316,16.0,14.0,0.0
1461,XGBoostPoisson,48129,DOORMAT TOPIARY,2011-12-05/2011-12-11,0.96313363,12.941749,12.464633,12.941749,13.20351,7.0,8.0,0.0
1462,XGBoostPoisson,21064,BOOM BOX SPEAKER BOYS,2011-12-05/2011-12-11,0.8745874,12.827937,11.219152,12.827937,13.176702,12.0,14.25,0.0
1463,XGBoostPoisson,23092,LARGE ANTIQUE WHITE PHOTO FRAME,2011-12-05/2011-12-11,0.9695238,12.341426,11.965306,12.341426,13.152076,14.0,7.75,0.0
1464,XGBoostPoisson,22128,PARTY CONES CANDY ASSORTED,2011-12-05/2011-12-11,0.5279503,14.145309,7.46802,14.145309,13.133507,0.0,33.25,2.0
1465,XGBoostPoisson,23152,IVORY SWEETHEART WIRE LETTER RACK ,2011-12-05/2011-12-11,0.9631337,14.96742,14.415627,14.96742,13.12651,13.0,8.75,0.0
1466,XGBoostPoisson,22903,CALENDAR FAMILY FAVOURITES,2011-12-05/2011-12-11,0.9631336,15.726252,15.146481,15.726252,13.075126,20.0,11.25,0.0
1467,XGBoostPoisson,21684,SMALL MEDINA STAMPED METAL BOWL ,2011-12-05/2011-12-11,0.83053434,12.154184,10.094467,12.154184,13.070279,4.0,9.75,0.0
1468,XGBoostPoisson,84279P,CHERRY BLOSSOM  DECORATIVE FLASK,2011-12-05/2011-12-11,0.97053045,15.606972,15.147041,15.606972,13.045451,19.0,13.25,0.0
1469,XGBoostPoisson,22106,MIRROR MOSAIC HURRICANE LAMP ,2011-12-05/2011-12-11,0.83053434,10.405104,8.641796,10.405104,13.039285,6.0,4.5,0.0
1470,XGBoostPoisson,22778,GLASS CLOCHE SMALL,2011-12-05/2011-12-11,0.7718191,14.878352,11.483397,14.878352,13.038212,0.0,13.75,1.0
1471,XGBoostPoisson,23128,FELTCRAFT BOY JEAN-PAUL KIT,2011-12-05/2011-12-11,0.9695238,14.415955,13.976611,14.415955,13.031609,12.0,13.75,0.0
1472,XGBoostPoisson,72351A,SET/6 TURQUOISE BUTTERFLY T-LIGHTS,2011-12-05/2011-12-11,0.96313363,12.464422,12.004904,12.464422,13.014388,14.0,11.5,0.0
1473,XGBoostPoisson,84519B,CARROT CHARLIE+LOLA COASTER SET,2011-12-05/2011-12-11,0.9129512,15.208672,13.884774,15.208672,12.985319,13.0,15.0,0.0
1474,XGBoostPoisson,22262,FELT EGG COSY CHICKEN,2011-12-05/2011-12-11,0.89882356,12.254297,11.014451,12.254297,12.951064,4.0,10.5,0.0
1475,XGBoostPoisson,21955,DOORMAT UNION JACK GUNS AND ROSES,2011-12-05/2011-12-11,0.9129512,11.992369,10.948447,11.992369,12.95048,2.0,6.25,0.0
1476,XGBoostPoisson,22120,WELCOME  WOODEN BLOCK LETTERS,2011-12-05/2011-12-11,0.9695238,10.7236185,10.396803,10.7236185,12.91017,8.0,19.0,0.0
1477,XGBoostPoisson,84931B,BLUE SCOTTIE DOG W FLOWER PATTERN,2011-12-05/2011-12-11,0.6134454,8.113587,4.977243,8.113587,12.885769,25.0,15.75,0.0
1478,XGBoostPoisson,22628,PICNIC BOXES SET OF 3 RETROSPOT ,2011-12-05/2011-12-11,0.96313363,13.203004,12.716257,13.203004,12.87728,25.0,13.5,0.0
1479,XGBoostPoisson,21059,PARTY INVITES DINOSAURS,2011-12-05/2011-12-11,0.7718191,12.661247,9.772193,12.661247,12.826437,16.0,11.25,0.0
1480,XGBoostPoisson,20768,GREEN FERN JOURNAL ,2011-12-05/2011-12-11,0.6600496,8.618163,5.688415,8.618163,12.789024,38.0,10.5,0.0
1481,XGBoostPoisson,22981,PANTRY APPLE CORER,2011-12-05/2011-12-11,0.9526411,13.693203,13.044708,13.693203,12.748592,21.0,11.25,0.0
1482,XGBoostPoisson,22228,BUNNY WOODEN PAINTED WITH BIRD ,2011-12-05/2011-12-11,0.7718191,17.228205,13.297058,17.228205,12.743767,6.0,8.0,0.0
1483,XGBoostPoisson,84661B,BLACK SQUARE TABLE CLOCK,2011-12-05/2011-12-11,0.6134454,10.374854,6.3644066,10.374854,12.727422,33.0,9.0,0.0
1484,XGBoostPoisson,23422,PANTRY HOOK BALLOON WHISK ,2011-12-05/2011-12-11,0.96313363,12.210158,11.760015,12.210158,12.713253,6.0,10.25,0.0
1485,XGBoostPoisson,21219,SET/4 BADGES BALLOON GIRL,2011-12-05/2011-12-11,0.83053434,13.046298,10.835399,13.046298,12.697613,13.0,14.25,0.0
1486,XGBoostPoisson,23411, TRELLIS COAT RACK,2011-12-05/2011-12-11,0.9705305,12.676626,12.303053,12.676626,12.662031,19.0,8.75,0.0
1487,XGBoostPoisson,21638,ASSORTED TUTTI FRUTTI NOTEBOOK,2011-12-05/2011-12-11,0.6979167,12.788784,8.925506,12.788784,12.657839,1.0,14.75,0.0
1488,XGBoostPoisson,22252,BIRDCAGE DECORATION TEALIGHT HOLDER,2011-12-05/2011-12-11,0.65502185,14.801077,9.695028,14.801077,12.653237,0.0,15.0,1.0
1489,XGBoostPoisson,72807B,SET/3 OCEAN SCENT CANDLE JEWEL BOX,2011-12-05/2011-12-11,0.7718191,13.225001,10.207309,13.225001,12.651545,0.0,20.5,1.0
1490,XGBoostPoisson,23046,PAPER LANTERN 9 POINT DELUXE STAR,2011-12-05/2011-12-11,0.6600497,7.7379227,5.1074133,7.7379227,12.646681,1.0,5.0,0.0
1491,XGBoostPoisson,37450,CERAMIC CAKE BOWL + HANGING CAKES,2011-12-05/2011-12-11,0.962963,13.945648,13.429143,13.945648,12.615515,7.0,7.5,0.0
1492,XGBoostPoisson,84927F,PSYCHEDELIC TILE HOOK,2011-12-05/2011-12-11,0.8305344,13.89955,11.544055,13.89955,12.586249,6.0,16.0,0.0
1493,XGBoostPoisson,72799E,IVORY PILLAR CANDLE SILVER FLOCK,2011-12-05/2011-12-11,0.8988235,12.275004,11.033062,12.275004,12.566322,5.0,10.5,0.0
1494,XGBoostPoisson,21503,TOYBOX  WRAP ,2011-12-05/2011-12-11,0.2777778,19.415369,5.3931584,0.0,12.559966,25.0,12.5,0.0
1495,XGBoostPoisson,85094,CANDY SPOT EGG WARMER RABBIT,2011-12-05/2011-12-11,0.7718191,12.653429,9.766158,12.653429,12.555155,3.0,10.0,0.0
1496,XGBoostPoisson,23075,PARLOUR CERAMIC WALL HOOK,2011-12-05/2011-12-11,0.96952385,13.98695,13.560681,13.98695,12.540774,6.0,14.0,0.0
1497,XGBoostPoisson,23336,EGG FRYING PAN PINK ,2011-12-05/2011-12-11,0.9695238,12.227707,11.855053,12.227707,12.529791,22.0,10.25,0.0
1498,XGBoostPoisson,21215,IVORY PAPER CUP CAKE CASES ,2011-12-05/2011-12-11,0.7718191,13.872421,10.707,13.872421,12.477321,1.0,7.75,0.0
1499,XGBoostPoisson,23079,TOADSTOOL BEDSIDE LIGHT ,2011-12-05/2011-12-11,0.98496246,15.045963,14.819709,15.045963,12.456725,16.0,13.75,0.0
1500,XGBoostPoisson,84559A,3D SHEET OF DOG STICKERS,2011-12-05/2011-12-11,0.9366439,10.640945,9.966777,10.640945,12.405446,5.0,14.25,0.0
1501,XGBoostPoisson,23185,FRENCH STYLE STORAGE JAR JAM,2011-12-05/2011-12-11,0.6600496,15.89856,10.493838,15.89856,12.388103,0.0,20.0,1.0
1502,XGBoostPoisson,84819,DANISH ROSE ROUND SEWING BOX,2011-12-05/2011-12-11,0.5279503,8.523339,4.4998994,8.523339,12.387308,38.0,9.5,0.0
1503,XGBoostPoisson,21286,RETRO SPOT CANDLE  LARGE,2011-12-05/2011-12-11,0.6600496,8.944376,5.903732,8.944376,12.377341,27.0,7.5,0.0
1504,XGBoostPoisson,37449,CERAMIC CAKE STAND + HANGING CAKES,2011-12-05/2011-12-11,0.9366438,11.836648,11.086722,11.836648,12.344572,9.0,6.5,0.0
1505,XGBoostPoisson,23409,PHOTO FRAME LINEN AND LACE LARGE,2011-12-05/2011-12-11,0.92608786,13.542637,12.541672,13.542637,12.340385,6.0,11.0,0.0
1506,XGBoostPoisson,47480,HANGING PHOTO CLIP ROPE LADDER,2011-12-05/2011-12-11,0.9366438,13.138997,12.30656,13.138997,12.2614355,4.0,9.25,0.0
1507,XGBoostPoisson,23339,EGG FRYING PAN BLUE ,2011-12-05/2011-12-11,0.96313363,12.189996,11.740595,12.189996,12.204661,20.0,11.75,0.0
1508,XGBoostPoisson,20977,36 PENCILS TUBE WOODLAND,2011-12-05/2011-12-11,0.3196126,17.847265,5.7042108,0.0,12.189868,0.0,15.5,3.0
1509,XGBoostPoisson,21944,KITTENS DESIGN FLANNEL,2011-12-05/2011-12-11,0.87458754,12.336104,10.789003,12.336104,12.175632,26.0,11.25,0.0
1510,XGBoostPoisson,23055,IVORY CHANDELIER T-LIGHT HOLDER,2011-12-05/2011-12-11,0.43333334,13.924661,6.0340195,0.0,12.152139,0.0,60.25,2.0
1511,XGBoostPoisson,22977,DOLLY GIRL CHILDRENS EGG CUP,2011-12-05/2011-12-11,0.89882356,14.16495,12.7317915,14.16495,12.144038,15.0,8.75,0.0
1512,XGBoostPoisson,22134,MINI LADLE LOVE HEART RED ,2011-12-05/2011-12-11,0.9526412,13.361168,12.728399,13.361168,12.112283,10.0,11.5,0.0
1513,XGBoostPoisson,35001G,HAND OPEN SHAPE GOLD,2011-12-05/2011-12-11,0.83053434,12.616211,10.478196,12.616211,12.091327,15.0,9.75,0.0
1514,XGBoostPoisson,23413,VINTAGE COFFEE GRINDER BOX,2011-12-05/2011-12-11,0.9695238,11.64645,11.291511,11.64645,12.075381,14.0,10.75,0.0
1515,XGBoostPoisson,21724,PANDA AND BUNNIES STICKER SHEET,2011-12-05/2011-12-11,0.7718191,10.805175,8.339641,10.805175,12.002149,20.0,7.25,0.0
1516,XGBoostPoisson,21200,MULTICOLOUR HONEYCOMB PAPER GARLAND,2011-12-05/2011-12-11,0.5279503,10.469827,5.527548,10.469827,11.965375,0.0,5.0,1.0
1517,XGBoostPoisson,23425,STORAGE TIN HOME SWEET HOME,2011-12-05/2011-12-11,0.9736842,12.824008,12.486534,12.824008,11.961136,10.0,12.0,0.0
1518,XGBoostPoisson,22660,DOORMAT I LOVE LONDON,2011-12-05/2011-12-11,0.9129512,11.64632,10.632522,11.64632,11.960187,5.0,16.25,0.0
1519,XGBoostPoisson,23009,I LOVE LONDON BABY GIFT SET,2011-12-05/2011-12-11,0.97053045,13.411925,13.016682,13.411925,11.95392,10.0,13.25,0.0
1520,XGBoostPoisson,72122,COFFEE SCENT PILLAR CANDLE,2011-12-05/2011-12-11,0.8745875,12.402289,10.846887,12.402289,11.94612,18.0,14.0,0.0
1521,XGBoostPoisson,21829,DINOSAUR KEYRINGS ASSORTED,2011-12-05/2011-12-11,0.06629834,62.99604,4.176533,0.0,11.925321,0.0,0.0,6.0
1522,XGBoostPoisson,84993A,75 GREEN PETIT FOUR CASES,2011-12-05/2011-12-11,0.6134454,12.935804,7.9354095,12.935804,11.920744,0.0,13.5,1.0
1523,XGBoostPoisson,22452,MEASURING TAPE BABUSHKA PINK,2011-12-05/2011-12-11,0.6600496,14.982331,9.889082,14.982331,11.916123,0.0,4.25,1.0
1524,XGBoostPoisson,22890,NOVELTY BISCUITS CAKE STAND 3 TIER,2011-12-05/2011-12-11,0.9631337,12.700514,12.232293,12.700514,11.900048,3.0,11.0,0.0
1525,XGBoostPoisson,22433,WATERING CAN GREEN DINOSAUR,2011-12-05/2011-12-11,0.83053434,13.576117,11.275431,13.576117,11.899558,9.0,4.75,0.0
1526,XGBoostPoisson,15044D,RED PAPER PARASOL,2011-12-05/2011-12-11,0.83053434,11.154959,9.264576,11.154959,11.895161,7.0,6.0,0.0
1527,XGBoostPoisson,85114B,IVORY ENCHANTED FOREST PLACEMAT,2011-12-05/2011-12-11,0.93664384,10.971167,10.276075,10.971167,11.892688,14.0,7.5,0.0
1528,XGBoostPoisson,22309,TEA COSY RED  STRIPE,2011-12-05/2011-12-11,0.93664384,11.182898,10.474392,11.182898,11.88412,4.0,10.0,0.0
1529,XGBoostPoisson,20615,BLUE POLKADOT PASSPORT COVER,2011-12-05/2011-12-11,0.8913738,10.308417,9.188653,10.308417,11.84808,5.0,16.75,0.0
1530,XGBoostPoisson,20866,BLUE ROSE FABRIC MIRROR,2011-12-05/2011-12-11,0.83053434,11.889882,9.874955,11.889882,11.81171,3.0,7.75,0.0
1531,XGBoostPoisson,23272,TREE T-LIGHT HOLDER WILLIE WINKIE,2011-12-05/2011-12-11,0.9129512,14.0531435,12.829834,14.0531435,11.803762,3.0,7.0,0.0
1532,XGBoostPoisson,21948,SET OF 6 CAKE CHOPSTICKS,2011-12-05/2011-12-11,0.9631337,12.6487,12.182389,12.6487,11.787247,6.0,12.0,0.0
1533,XGBoostPoisson,22067,CHOC TRUFFLE GOLD TRINKET POT ,2011-12-05/2011-12-11,0.8988235,12.224192,10.9873905,12.224192,11.769866,13.0,13.0,0.0
1534,XGBoostPoisson,21263,GREEN GOOSE FEATHER TREE 60CM,2011-12-05/2011-12-11,0.89137375,13.596634,12.119682,13.596634,11.762315,14.0,10.0,0.0
1535,XGBoostPoisson,22685,FRENCH BLUE METAL DOOR SIGN 0,2011-12-05/2011-12-11,0.8988235,13.524418,12.156065,13.524418,11.710766,10.0,16.0,0.0
1536,XGBoostPoisson,21586,KINGS CHOICE GIANT TUBE MATCHES,2011-12-05/2011-12-11,0.23978204,16.729939,4.0115385,0.0,11.702345,0.0,48.0,3.0
1537,XGBoostPoisson,21192,WHITE BELL HONEYCOMB PAPER ,2011-12-05/2011-12-11,0.604,20.572512,12.4257965,20.572512,11.701729,0.0,2.0,1.0
1538,XGBoostPoisson,23423,PANTRY 3 HOOK ROLLING PIN HANGER,2011-12-05/2011-12-11,0.9705305,13.035475,12.651326,13.035475,11.685369,5.0,12.75,0.0
1539,XGBoostPoisson,22820,GIFT BAG BIRTHDAY,2011-12-05/2011-12-11,0.7718191,12.557895,9.692423,12.557895,11.6807,14.0,7.0,0.0
1540,XGBoostPoisson,21756,BATH BUILDING BLOCK WORD,2011-12-05/2011-12-11,0.96313363,14.093358,13.573787,14.093358,11.663119,4.0,12.0,0.0
1541,XGBoostPoisson,21026,SPACE OWL,2011-12-05/2011-12-11,0.89882344,10.164352,9.135959,10.164352,11.639601,17.0,15.0,0.0
1542,XGBoostPoisson,84558A,3D DOG PICTURE PLAYING CARDS,2011-12-05/2011-12-11,0.7718191,13.324809,10.284343,13.324809,11.601896,0.0,12.0,1.0
1543,XGBoostPoisson,20754,RETROSPOT RED WASHING UP GLOVES,2011-12-05/2011-12-11,0.5279503,15.109995,7.977326,15.109995,11.596094,0.0,7.75,2.0
1544,XGBoostPoisson,21464,DISCO BALL ROTATOR BATTERY OPERATED,2011-12-05/2011-12-11,0.9695238,11.827365,11.466911,11.827365,11.595113,18.0,10.0,0.0
1545,XGBoostPoisson,22375,AIRLINE BAG VINTAGE JET SET BROWN,2011-12-05/2011-12-11,0.96952385,13.510158,13.09842,13.510158,11.567785,6.0,9.5,0.0
1546,XGBoostPoisson,21927,BLUE/CREAM STRIPE CUSHION COVER ,2011-12-05/2011-12-11,0.9526411,12.348953,11.764121,12.348953,11.555512,13.0,11.25,0.0
1547,XGBoostPoisson,22105,MIRROR MOSAIC GOBLET CANDLE HOLDER,2011-12-05/2011-12-11,0.4214876,8.135496,3.4290106,0.0,11.531022,4.0,1.0,0.0
1548,XGBoostPoisson,84912B,GREEN ROSE WASHBAG,2011-12-05/2011-12-11,0.93664384,12.678827,11.8755455,12.678827,11.466591,21.0,11.5,0.0
1549,XGBoostPoisson,21292,SMALL STRIPES CHOCOLATE GIFT BAG ,2011-12-05/2011-12-11,0.5279503,15.36977,8.114474,15.36977,11.44217,0.0,12.0,1.0
1550,XGBoostPoisson,21793,CLASSIC FRENCH STYLE BASKET BROWN,2011-12-05/2011-12-11,0.8745875,12.262782,10.724875,12.262782,11.438788,5.0,10.5,0.0
1551,XGBoostPoisson,22277,COSMETIC BAG VINTAGE ROSE PAISLEY,2011-12-05/2011-12-11,0.8745875,8.416556,7.361015,8.416556,11.427489,8.0,3.5,0.0
1552,XGBoostPoisson,22949,36 DOILIES DOLLY GIRL,2011-12-05/2011-12-11,0.8745875,12.580807,11.003016,12.580807,11.417446,1.0,13.0,0.0
1553,XGBoostPoisson,84031B,CHARLIE LOLA BLUE HOT WATER BOTTLE ,2011-12-05/2011-12-11,0.96313363,13.663717,13.159986,13.663717,11.4142885,9.0,10.25,0.0
1554,XGBoostPoisson,84849D,HOT BATHS SOAP HOLDER,2011-12-05/2011-12-11,0.87458754,9.568294,8.36831,9.568294,11.351685,2.0,23.0,0.0
1555,XGBoostPoisson,72819,CUPID DESIGN SCENTED CANDLES,2011-12-05/2011-12-11,0.6600496,9.506184,6.274553,9.506184,11.339625,25.0,8.25,0.0
1556,XGBoostPoisson,22364,GLASS JAR DIGESTIVE BISCUITS,2011-12-05/2011-12-11,0.93664384,11.950292,11.193167,11.950292,11.2891865,3.0,10.0,0.0
1557,XGBoostPoisson,22789,T-LIGHT HOLDER SWEETHEART HANGING,2011-12-05/2011-12-11,0.9129512,11.280215,10.2982855,11.280215,11.274989,15.0,5.5,0.0
1558,XGBoostPoisson,71495B,CD WALL TIDY RED FLOWERS,2011-12-05/2011-12-11,0.36051503,8.733475,3.1485488,0.0,11.262752,0.0,12.0,1.0
1559,XGBoostPoisson,21446,12 RED ROSE PEG PLACE SETTINGS,2011-12-05/2011-12-11,0.9129512,12.032248,10.984855,12.032248,11.212975,8.0,12.0,0.0
1560,XGBoostPoisson,21062,PARTY INVITES SPACEMAN,2011-12-05/2011-12-11,0.7718191,11.519696,8.891122,11.519696,11.209235,12.0,13.75,0.0
1561,XGBoostPoisson,22399,MAGNETS PACK OF 4 CHILDHOOD MEMORY,2011-12-05/2011-12-11,0.8988235,11.748354,10.559696,11.748354,11.202732,24.0,7.25,0.0
1562,XGBoostPoisson,21358,TOAST ITS - HAPPY BIRTHDAY,2011-12-05/2011-12-11,0.9366438,12.172648,11.401436,12.172648,11.161984,4.0,8.75,0.0
1563,XGBoostPoisson,23045,PAPER LANTERN 5 POINT STAR MOON ,2011-12-05/2011-12-11,0.7718191,9.825259,7.583323,9.825259,11.160031,26.0,8.0,0.0
1564,XGBoostPoisson,22485,SET OF 2 WOODEN MARKET CRATES,2011-12-05/2011-12-11,0.9129512,13.700292,12.507697,13.700292,11.145505,12.0,13.75,0.0
1565,XGBoostPoisson,22684,FRENCH BLUE METAL DOOR SIGN 9,2011-12-05/2011-12-11,0.93664384,13.036273,12.210344,13.036273,11.119361,11.0,13.5,0.0
1566,XGBoostPoisson,22393,PAPERWEIGHT VINTAGE COLLAGE,2011-12-05/2011-12-11,0.9366438,10.214454,9.567305,10.214454,11.119297,22.0,10.75,0.0
1567,XGBoostPoisson,84086C,PINK/PURPLE RETRO RADIO,2011-12-05/2011-12-11,0.44345897,9.958527,4.416198,9.958527,11.09398,24.0,14.75,0.0
1568,XGBoostPoisson,22939,APRON APPLE DELIGHT,2011-12-05/2011-12-11,0.91295123,11.67846,10.661864,11.67846,11.075527,9.0,13.25,0.0
1569,XGBoostPoisson,23316,RED REFECTORY CLOCK ,2011-12-05/2011-12-11,0.97368413,12.533511,12.203681,12.533511,11.071617,7.0,10.0,0.0
1570,XGBoostPoisson,22928,YELLOW GIANT GARDEN THERMOMETER,2011-12-05/2011-12-11,0.93664384,12.721322,11.915348,12.721322,11.05538,7.0,13.0,0.0
1571,XGBoostPoisson,21867,PINK UNION JACK  LUGGAGE TAG,2011-12-05/2011-12-11,0.9129512,10.829857,9.887131,10.829857,11.05525,5.0,9.0,0.0
1572,XGBoostPoisson,22863,SOAP DISH BROCANTE,2011-12-05/2011-12-11,0.83053434,11.124505,9.239284,11.124505,11.052641,9.0,11.75,0.0
1573,XGBoostPoisson,21249,WOODLAND  HEIGHT CHART STICKERS ,2011-12-05/2011-12-11,0.90476185,14.103496,12.760304,14.103496,10.96596,1.0,7.75,0.0
1574,XGBoostPoisson,84926D,LA PALMIERA TILE COASTER,2011-12-05/2011-12-11,0.6600496,9.926238,6.55181,9.926238,10.953059,2.0,14.75,0.0
1575,XGBoostPoisson,23337,EGG FRYING PAN MINT ,2011-12-05/2011-12-11,0.96313363,12.025308,11.581978,12.025308,10.94229,8.0,9.25,0.0
1576,XGBoostPoisson,22199,FRYING PAN RED RETROSPOT,2011-12-05/2011-12-11,0.9526412,11.153733,10.625505,11.153733,10.861005,10.0,7.5,0.0
1577,XGBoostPoisson,21718,RED METAL BEACH SPADE ,2011-12-05/2011-12-11,0.8988235,12.282641,11.039927,12.282641,10.852294,6.0,12.75,0.0
1578,XGBoostPoisson,21245,GREEN POLKADOT PLATE ,2011-12-05/2011-12-11,0.8988235,12.486755,11.22339,12.486755,10.841663,6.0,7.75,0.0
1579,XGBoostPoisson,16258A,SWIRLY CIRCULAR RUBBERS IN BAG,2011-12-05/2011-12-11,0.8745875,11.13214,9.736031,11.13214,10.815915,17.0,10.75,0.0
1580,XGBoostPoisson,21394,RED POLKADOT BEAKER ,2011-12-05/2011-12-11,0.31182796,15.104307,4.709945,0.0,10.793509,0.0,4.5,3.0
1581,XGBoostPoisson,46776F,WOVEN ROSE GARDEN CUSHION COVER ,2011-12-05/2011-12-11,0.95264125,11.8693905,11.307271,11.8693905,10.792031,17.0,10.5,0.0
1582,XGBoostPoisson,22260,FELT EGG COSY BLUE RABBIT ,2011-12-05/2011-12-11,0.83018875,10.017389,8.316324,10.017389,10.78415,19.0,9.25,0.0
1583,XGBoostPoisson,85203,HANGING WOOD AND FELT BUTTERFLY ,2011-12-05/2011-12-11,0.8745875,11.098318,9.70645,11.098318,10.756074,8.0,12.5,0.0
1584,XGBoostPoisson,22200,FRYING PAN PINK POLKADOT,2011-12-05/2011-12-11,0.8913739,10.826613,9.65056,10.826613,10.755849,14.0,8.0,0.0
1585,XGBoostPoisson,23138,SINGLE WIRE HOOK IVORY HEART,2011-12-05/2011-12-11,0.91295123,12.93081,11.805199,12.93081,10.738397,1.0,4.75,0.0
1586,XGBoostPoisson,22284,HEN HOUSE DECORATION,2011-12-05/2011-12-11,0.7718191,12.081114,9.324434,12.081114,10.727224,13.0,11.0,0.0
1587,XGBoostPoisson,22416,SET OF 36 DOILIES SPACEBOY DESIGN ,2011-12-05/2011-12-11,0.83053434,9.851371,8.181902,9.851371,10.7231,18.0,6.0,0.0
1588,XGBoostPoisson,21408,SPOTTY PINK DUCK DOORSTOP,2011-12-05/2011-12-11,0.93664384,11.199243,10.489701,11.199243,10.707791,26.0,11.5,0.0
1589,XGBoostPoisson,22182,CAKE STAND VICTORIAN FILIGREE SMALL,2011-12-05/2011-12-11,0.83053434,10.736052,8.916659,10.736052,10.705946,27.0,8.0,0.0
1590,XGBoostPoisson,85019A,ROMANTIC IMAGES NOTEBOOK SET,2011-12-05/2011-12-11,0.5555556,13.87695,7.7094173,13.87695,10.678568,0.0,13.0,1.0
1591,XGBoostPoisson,22831,WHITE BROCANTE SOAP DISH,2011-12-05/2011-12-11,0.83053434,12.872305,10.690891,12.872305,10.671125,25.0,8.75,0.0
1592,XGBoostPoisson,23067,HANGING ENGRAVED METAL HEART,2011-12-05/2011-12-11,0.97053045,12.90106,12.520872,12.90106,10.665219,19.0,9.0,0.0
1593,XGBoostPoisson,21972,SET OF 36 DINOSAUR PAPER DOILIES,2011-12-05/2011-12-11,0.8305344,10.149961,8.429893,10.149961,10.648225,26.0,8.5,0.0
1594,XGBoostPoisson,23057,BEADED CHANDELIER T-LIGHT HOLDER,2011-12-05/2011-12-11,0.346789,15.69306,5.4421806,0.0,10.643367,0.0,60.25,2.0
1595,XGBoostPoisson,22425,ENAMEL COLANDER CREAM,2011-12-05/2011-12-11,0.96313363,12.156242,11.708086,12.156242,10.642973,4.0,11.0,0.0
1596,XGBoostPoisson,22953,BIRTHDAY PARTY CORDON BARRIER TAPE,2011-12-05/2011-12-11,0.8988235,10.455795,9.397915,10.455795,10.621135,13.0,6.25,0.0
1597,XGBoostPoisson,20932,PINK POT PLANT CANDLE,2011-12-05/2011-12-11,0.4236111,11.804501,5.0005174,0.0,10.61914,1.0,13.0,0.0
1598,XGBoostPoisson,10080,GROOVY CACTUS INFLATABLE,2011-12-05/2011-12-11,0.5992509,15.606983,9.352499,15.606983,10.60194,0.0,16.75,1.0
1599,XGBoostPoisson,84926E,FLOWERS TILE COASTER,2011-12-05/2011-12-11,0.44345897,20.86929,9.254674,20.86929,10.593276,0.0,18.5,2.0
1600,XGBoostPoisson,22372,AIRLINE BAG VINTAGE WORLD CHAMPION ,2011-12-05/2011-12-11,0.93664384,13.2661295,12.425638,13.2661295,10.580681,12.0,11.0,0.0
1601,XGBoostPoisson,21808,"CHRISTMAS GARLAND STARS,TREES",2011-12-05/2011-12-11,0.5555556,10.196291,5.6646066,10.196291,10.553929,0.0,15.0,1.0
1602,XGBoostPoisson,22044,CHRISTMAS CARD STACK OF PRESENTS,2011-12-05/2011-12-11,0.20652173,21.132261,4.364271,0.0,10.492363,0.0,6.0,3.0
1603,XGBoostPoisson,21199,PINK  HEART CONFETTI IN TUBE,2011-12-05/2011-12-11,0.42361113,10.731381,4.545933,0.0,10.457146,12.0,15.0,0.0
1604,XGBoostPoisson,85131D,BEADED CRYSTAL HEART PINK ON STICK,2011-12-05/2011-12-11,0.8988235,13.184057,11.850141,13.184057,10.4536085,1.0,7.25,0.0
1605,XGBoostPoisson,22853,CAT BOWL VINTAGE CREAM,2011-12-05/2011-12-11,0.93664384,10.997832,10.301052,10.997832,10.438938,8.0,10.0,0.0
1606,XGBoostPoisson,20686,DOLLY MIXTURE CHILDREN'S UMBRELLA,2011-12-05/2011-12-11,0.93664384,9.631281,9.02108,9.631281,10.431074,2.0,15.75,0.0
1607,XGBoostPoisson,85169A,IVORY LOVE BIRD CANDLE,2011-12-05/2011-12-11,0.83018875,8.613355,7.15071,8.613355,10.430055,19.0,9.0,0.0
1608,XGBoostPoisson,22723,SET OF 6 HERB TINS SKETCHBOOK,2011-12-05/2011-12-11,0.9736842,13.544135,13.18771,13.544135,10.40261,15.0,10.0,0.0
1609,XGBoostPoisson,23324,RUSTIC STRAWBERRY JAM POT LARGE ,2011-12-05/2011-12-11,0.7718191,11.102267,8.568942,11.102267,10.400871,0.0,10.5,1.0
1610,XGBoostPoisson,22254,FELT TOADSTOOL LARGE,2011-12-05/2011-12-11,0.6979167,7.0550356,4.923827,7.0550356,10.391822,12.0,10.5,0.0
1611,XGBoostPoisson,22118,JOY WOODEN BLOCK LETTERS,2011-12-05/2011-12-11,0.93664384,9.780147,9.160514,9.780147,10.386593,16.0,8.5,0.0
1612,XGBoostPoisson,47422,ASSORTED MONKEY SUCTION CUP HOOK,2011-12-05/2011-12-11,0.85714287,12.258969,10.5076885,12.258969,10.378516,4.0,6.25,0.0
1613,XGBoostPoisson,85179C,PINK BITTY LIGHT CHAIN,2011-12-05/2011-12-11,0.6600496,10.500684,6.930972,10.500684,10.376507,5.0,11.75,0.0
1614,XGBoostPoisson,21060,PARTY INVITES BALLOON GIRL,2011-12-05/2011-12-11,0.6600496,9.906244,6.538613,9.906244,10.3763485,14.0,10.5,0.0
1615,XGBoostPoisson,23008,DOLLY GIRL BABY GIFT SET,2011-12-05/2011-12-11,0.9631336,12.391934,11.935088,12.391934,10.36037,4.0,9.5,0.0
1616,XGBoostPoisson,47563A,RETRO LONGBOARD IRONING BOARD COVER,2011-12-05/2011-12-11,0.9526412,12.090676,11.518076,12.090676,10.359115,14.0,7.75,0.0
1617,XGBoostPoisson,22472,TV DINNER TRAY DOLLY GIRL,2011-12-05/2011-12-11,0.83053434,9.916778,8.236224,9.916778,10.347422,12.0,9.75,0.0
1618,XGBoostPoisson,22839,3 TIER CAKE TIN GREEN AND CREAM,2011-12-05/2011-12-11,0.97053045,10.003358,9.708564,10.003358,10.341229,4.0,10.25,0.0
1619,XGBoostPoisson,22165,"DIAMANTE HEART SHAPED WALL MIRROR, ",2011-12-05/2011-12-11,0.9129511,8.200366,7.486533,8.200366,10.339595,7.0,5.5,0.0
1620,XGBoostPoisson,22701,PINK DOG BOWL,2011-12-05/2011-12-11,0.96313363,11.361608,10.942746,11.361608,10.317235,21.0,12.0,0.0
1621,XGBoostPoisson,22040,BOTANICAL ROSE GIFT WRAP,2011-12-05/2011-12-11,0.36051503,21.80464,7.8609004,0.0,10.295383,0.0,12.5,2.0
1622,XGBoostPoisson,21775,DECORATIVE FLORE BATHROOM BOTTLE,2011-12-05/2011-12-11,0.91295123,11.6989355,10.680557,11.6989355,10.2947035,5.0,7.75,0.0
1623,XGBoostPoisson,22334,DINOSAUR PARTY BAG + STICKER SET,2011-12-05/2011-12-11,0.7718191,12.758786,9.847475,12.758786,10.293064,1.0,9.25,0.0
1624,XGBoostPoisson,46776C,WOVEN FROST CUSHION COVER,2011-12-05/2011-12-11,0.9129512,8.577043,7.830421,8.577043,10.265348,8.0,7.75,0.0
1625,XGBoostPoisson,22691,DOORMAT WELCOME SUNRISE,2011-12-05/2011-12-11,0.93664384,10.932177,10.239556,10.932177,10.251241,9.0,8.75,0.0
1626,XGBoostPoisson,22471,TV DINNER TRAY AIR HOSTESS ,2011-12-05/2011-12-11,0.8913738,10.334923,9.212279,10.334923,10.246921,10.0,7.25,0.0
1627,XGBoostPoisson,20775,DAISY NOTEBOOK ,2011-12-05/2011-12-11,0.9129512,9.805918,8.952324,9.805918,10.198239,9.0,11.0,0.0
1628,XGBoostPoisson,22842,BISCUIT TIN VINTAGE RED,2011-12-05/2011-12-11,0.93664384,11.179694,10.471392,11.179694,10.190539,3.0,7.0,0.0
1629,XGBoostPoisson,22362,GLASS JAR PEACOCK BATH SALTS,2011-12-05/2011-12-11,0.9526412,10.502419,10.005037,10.502419,10.127369,7.0,6.75,0.0
1630,XGBoostPoisson,21365,MIRRORED WALL ART STARS,2011-12-05/2011-12-11,0.6600496,11.07702,7.311383,11.07702,10.1152525,24.0,10.25,0.0
1631,XGBoostPoisson,22474,SPACEBOY TV DINNER TRAY,2011-12-05/2011-12-11,0.8988235,11.564529,10.394471,11.564529,10.098814,19.0,12.25,0.0
1632,XGBoostPoisson,72800B, 4 PURPLE FLOCK DINNER CANDLES,2011-12-05/2011-12-11,0.6979166,11.096377,7.744346,11.096377,10.091668,12.0,10.5,0.0
1633,XGBoostPoisson,21807,WHITE CHRISTMAS STAR DECORATION,2011-12-05/2011-12-11,0.5208334,13.816484,7.1960864,13.816484,10.081063,0.0,3.0,1.0
1634,XGBoostPoisson,85114A,BLACK ENCHANTED FOREST PLACEMAT,2011-12-05/2011-12-11,0.83053434,10.135532,8.417908,10.135532,10.080341,14.0,6.0,0.0
1635,XGBoostPoisson,22950,36 DOILIES VINTAGE CHRISTMAS,2011-12-05/2011-12-11,0.23978204,11.615646,2.7852232,0.0,10.080036,0.0,3.0,3.0
1636,XGBoostPoisson,21881,CUTE CATS TAPE,2011-12-05/2011-12-11,0.82142854,8.99953,7.392471,8.99953,10.065095,13.0,10.75,0.0
1637,XGBoostPoisson,23427,STOOL HOME SWEET HOME ,2011-12-05/2011-12-11,0.7718191,11.610605,8.9612875,11.610605,10.051042,6.0,2.5,0.0
1638,XGBoostPoisson,21383,PACK OF 12 STICKY BUNNIES,2011-12-05/2011-12-11,0.8745875,9.434729,8.251495,9.434729,10.025276,3.0,13.5,0.0
1639,XGBoostPoisson,21039,RED RETROSPOT SHOPPING BAG,2011-12-05/2011-12-11,0.8913738,11.322178,10.092293,11.322178,10.019904,12.0,6.75,0.0
1640,XGBoostPoisson,22626,BLACK KITCHEN SCALES,2011-12-05/2011-12-11,0.9526412,12.4441185,11.85478,12.4441185,10.013709,6.0,7.0,0.0
1641,XGBoostPoisson,21882,SKULLS TAPE,2011-12-05/2011-12-11,0.7718191,9.464375,7.3047853,9.464375,10.0130005,12.0,12.5,0.0
1642,XGBoostPoisson,21311,SET/4 BIRD MIRROR MAGNETS ,2011-12-05/2011-12-11,0.7718191,11.085745,8.55619,11.085745,10.010034,5.0,11.5,0.0
1643,XGBoostPoisson,21110,LARGE CAKE TOWEL PINK SPOTS,2011-12-05/2011-12-11,0.5555556,8.980355,4.9890866,8.980355,9.992715,0.0,13.5,1.0
1644,XGBoostPoisson,21288,STRIPEY CHOCOLATE NESTING BOXES,2011-12-05/2011-12-11,0.93664384,10.828069,10.142044,10.828069,9.972192,6.0,5.75,0.0
1645,XGBoostPoisson,35924,HANGING FAIRY CAKE DECORATION,2011-12-05/2011-12-11,0.5279503,10.196229,5.383102,10.196229,9.96123,0.0,3.25,1.0
1646,XGBoostPoisson,23111,PARISIENNE SEWING BOX,2011-12-05/2011-12-11,0.9631336,12.466024,12.006447,12.466024,9.961071,13.0,7.5,0.0
1647,XGBoostPoisson,23010,CIRCUS PARADE BABY GIFT SET,2011-12-05/2011-12-11,0.93664384,12.166858,11.396012,12.166858,9.93582,9.0,12.75,0.0
1648,XGBoostPoisson,85202,HANGING WOOD AND FELT HEART,2011-12-05/2011-12-11,0.7718191,8.769529,6.7684903,8.769529,9.932371,10.0,12.5,0.0
1649,XGBoostPoisson,17084P,DRAGONS BLOOD INCENSE,2011-12-05/2011-12-11,0.65502185,11.734098,7.686091,11.734098,9.919072,0.0,9.5,1.0
1650,XGBoostPoisson,21715,GIRLS VINTAGE TIN SEASIDE BUCKET,2011-12-05/2011-12-11,0.93664384,11.502784,10.774012,11.502784,9.89096,4.0,5.75,0.0
1651,XGBoostPoisson,22246,MAGIC GARDEN FELT GARLAND ,2011-12-05/2011-12-11,0.6600497,11.944617,7.884041,11.944617,9.887984,0.0,13.25,1.0
1652,XGBoostPoisson,84247E,PACK/12 XMAS FUN CARD,2011-12-05/2011-12-11,0.6979167,11.477933,8.010641,11.477933,9.851325,4.0,5.5,0.0
1653,XGBoostPoisson,85025B,EAU DE NILE HEART SHAPE PHOTO FRAME,2011-12-05/2011-12-11,0.6134454,12.893624,7.9095345,12.893624,9.836038,0.0,7.75,1.0
1654,XGBoostPoisson,21698,MOCK LOBSTER FRIDGE MAGNET,2011-12-05/2011-12-11,0.77181906,10.978787,8.473638,10.978787,9.815551,2.0,8.0,0.0
1655,XGBoostPoisson,22063,CERAMIC BOWL WITH STRAWBERRY DESIGN,2011-12-05/2011-12-11,0.9129512,10.318967,9.420712,10.318967,9.812574,20.0,8.5,0.0
1656,XGBoostPoisson,23297,SET 40 HEART SHAPE PETIT FOUR CASES,2011-12-05/2011-12-11,0.4214876,11.549573,4.868002,0.0,9.807801,0.0,1.25,1.0
1657,XGBoostPoisson,47518F,ICON PLACEMAT POP ART ELVIS,2011-12-05/2011-12-11,0.5992509,17.650528,10.577095,17.650528,9.7779875,2.0,6.5,0.0
1658,XGBoostPoisson,22117,METAL SIGN HER DINNER IS SERVED ,2011-12-05/2011-12-11,0.6600496,7.406311,4.8885326,7.406311,9.774322,5.0,3.25,0.0
1659,XGBoostPoisson,22406,MONEY BOX KINGS CHOICE DESIGN,2011-12-05/2011-12-11,0.93664384,10.389413,9.731179,10.389413,9.773429,20.0,11.0,0.0
1660,XGBoostPoisson,84875B,GREEN SQUARE COMPACT MIRROR,2011-12-05/2011-12-11,0.83053434,9.761146,8.106967,9.761146,9.767771,11.0,10.75,0.0
1661,XGBoostPoisson,21846,PINK DIAMANTE PEN IN GIFT BOX,2011-12-05/2011-12-11,0.8913739,8.193558,7.303523,8.193558,9.723348,6.0,7.25,0.0
1662,XGBoostPoisson,22688,DOORMAT PEACE ON EARTH BLUE,2011-12-05/2011-12-11,0.65502185,5.532839,3.6241302,5.532839,9.717037,2.0,2.25,0.0
1663,XGBoostPoisson,85017B,ENVELOPE 50 BLOSSOM IMAGES,2011-12-05/2011-12-11,0.23978202,12.409719,2.9756277,0.0,9.710601,0.0,0.5,3.0
1664,XGBoostPoisson,22308,TEA COSY BLUE STRIPE,2011-12-05/2011-12-11,0.9129512,10.147153,9.263855,10.147153,9.700794,5.0,10.5,0.0
1665,XGBoostPoisson,21220,SET/4 BADGES DOGS,2011-12-05/2011-12-11,0.83053434,9.383334,7.7931814,9.383334,9.64495,13.0,9.5,0.0
1666,XGBoostPoisson,21884,CAKES AND BOWS GIFT  TAPE,2011-12-05/2011-12-11,0.83053434,8.654344,7.1877294,8.654344,9.6439495,13.0,10.0,0.0
1667,XGBoostPoisson,20758,ABSTRACT CIRCLES POCKET BOOK,2011-12-05/2011-12-11,0.8988235,8.408884,7.5581026,8.408884,9.635506,3.0,9.5,0.0
1668,XGBoostPoisson,22280,POCKET BAG PINK PAISELY BROWN SPOT,2011-12-05/2011-12-11,0.83053434,10.698489,8.885463,10.698489,9.626218,6.0,10.0,0.0
1669,XGBoostPoisson,84609,TALL ROCOCO CANDLE HOLDER,2011-12-05/2011-12-11,0.7718191,9.346,7.2134213,9.346,9.622737,4.0,7.0,0.0
1670,XGBoostPoisson,21389,IVORY HANGING DECORATION  BIRD,2011-12-05/2011-12-11,0.83053434,9.829402,8.163656,9.829402,9.613037,26.0,9.0,0.0
1671,XGBoostPoisson,35004B,SET OF 3 BLACK FLYING DUCKS,2011-12-05/2011-12-11,0.7718191,9.434418,7.281664,9.434418,9.610252,3.0,5.0,0.0
1672,XGBoostPoisson,85232D,SET/3 DECOUPAGE STACKING TINS,2011-12-05/2011-12-11,0.7718191,11.058379,8.5350685,11.058379,9.585351,5.0,8.75,0.0
1673,XGBoostPoisson,22032,BOTANICAL LILY GREETING CARD,2011-12-05/2011-12-11,0.60400003,12.686347,7.662554,12.686347,9.570018,0.0,12.5,1.0
1674,XGBoostPoisson,23315,IVORY REFECTORY CLOCK,2011-12-05/2011-12-11,0.9631337,10.645663,10.253197,10.645663,9.561506,3.0,9.75,0.0
1675,XGBoostPoisson,21695,SMALL SILVER FLOWER CANDLE POT,2011-12-05/2011-12-11,0.7718191,10.05726,7.7623854,10.05726,9.484744,6.0,6.25,0.0
1676,XGBoostPoisson,78124,MAGAZINE RACK GEBRA ASSORTED ,2011-12-05/2011-12-11,0.6979167,10.461606,7.3013296,10.461606,9.469941,14.0,7.5,0.0
1677,XGBoostPoisson,72818,CHRISTMAS DECOUPAGE CANDLE,2011-12-05/2011-12-11,0.08993157,11.124267,1.0004227,0.0,9.457856,0.0,0.0,4.0
1678,XGBoostPoisson,21676,FLOWERS  STICKERS,2011-12-05/2011-12-11,0.9129512,8.584196,7.8369517,8.584196,9.444719,15.0,6.75,0.0
1679,XGBoostPoisson,20652,BLUE POLKADOT LUGGAGE TAG ,2011-12-05/2011-12-11,0.83053434,8.033153,6.671809,8.033153,9.426461,3.0,11.5,0.0
1680,XGBoostPoisson,22222,CAKE PLATE LOVEBIRD WHITE,2011-12-05/2011-12-11,0.93664384,12.67616,11.873047,12.67616,9.42443,9.0,8.5,0.0
1681,XGBoostPoisson,21198,WHITE HEART CONFETTI IN TUBE,2011-12-05/2011-12-11,0.60174143,11.646758,7.008337,11.646758,9.399461,0.0,15.5,1.0
1682,XGBoostPoisson,85088,CANDY SPOT HAND BAG,2011-12-05/2011-12-11,0.6600496,8.555153,5.6468253,8.555153,9.378005,1.0,10.5,0.0
1683,XGBoostPoisson,10120,DOGGY RUBBER,2011-12-05/2011-12-11,0.6600496,8.638379,5.701759,8.638379,9.366569,10.0,4.25,0.0
1684,XGBoostPoisson,21643,ASSORTED TUTTI FRUTTI MIRROR,2011-12-05/2011-12-11,0.5279503,10.398494,5.4898877,10.398494,9.366174,0.0,26.5,2.0
1685,XGBoostPoisson,21285,RETROSPOT CANDLE  MEDIUM,2011-12-05/2011-12-11,0.82142866,9.514894,7.8158064,9.514894,9.361659,4.0,8.5,0.0
1686,XGBoostPoisson,85184C,S/4 VALENTINE DECOUPAGE HEART BOX,2011-12-05/2011-12-11,0.93664384,10.584169,9.913597,10.584169,9.338674,23.0,9.25,0.0
1687,XGBoostPoisson,23060,HEART BEADED TRELLIS DECORATION,2011-12-05/2011-12-11,0.83053434,11.230226,9.327088,11.230226,9.337053,3.0,6.5,0.0
1688,XGBoostPoisson,84199,GLOW IN DARK DOLPHINS,2011-12-05/2011-12-11,0.6550218,10.963006,7.181008,10.963006,9.336588,2.0,12.25,0.0
1689,XGBoostPoisson,22852,DOG BOWL VINTAGE CREAM,2011-12-05/2011-12-11,0.9631337,11.560536,11.134342,11.560536,9.32968,8.0,7.5,0.0
1690,XGBoostPoisson,23023,RIDGED BONNE JAM JAR T-LIGHT HOLDER,2011-12-05/2011-12-11,0.6134454,15.588549,9.562723,15.588549,9.32103,0.0,13.75,1.0
1691,XGBoostPoisson,23073,GEORGIAN TRINKET BOX,2011-12-05/2011-12-11,0.8745875,9.219898,8.063607,9.219898,9.308196,7.0,7.25,0.0
1692,XGBoostPoisson,22841,ROUND CAKE TIN VINTAGE GREEN,2011-12-05/2011-12-11,0.93664384,9.8488455,9.22486,9.8488455,9.306234,3.0,9.0,0.0
1693,XGBoostPoisson,20838,FRENCH LATTICE CUSHION COVER ,2011-12-05/2011-12-11,0.8913738,11.169882,9.95654,11.169882,9.291502,1.0,8.25,0.0
1694,XGBoostPoisson,21624,VINTAGE UNION JACK DOORSTOP,2011-12-05/2011-12-11,0.8571429,9.495509,8.1390085,9.495509,9.286078,10.0,7.25,0.0
1695,XGBoostPoisson,23421,PANTRY HOOK SPATULA,2011-12-05/2011-12-11,0.9526412,10.525317,10.026851,10.525317,9.283805,3.0,6.5,0.0
1696,XGBoostPoisson,22048,BIRTHDAY BANQUET GIFT WRAP,2011-12-05/2011-12-11,0.346789,30.165281,10.460988,0.0,9.266002,0.0,6.25,3.0
1697,XGBoostPoisson,84923,PINK BUTTERFLY HANDBAG W BOBBLES,2011-12-05/2011-12-11,0.8988235,8.079522,7.2620645,8.079522,9.259476,10.0,5.75,0.0
1698,XGBoostPoisson,22511,RETROSPOT BABUSHKA DOORSTOP,2011-12-05/2011-12-11,0.7718191,9.481013,7.3176274,9.481013,9.258465,14.0,6.0,0.0
1699,XGBoostPoisson,23317,BLUE REFECTORY CLOCK ,2011-12-05/2011-12-11,0.9695238,11.189002,10.848003,11.189002,9.255834,8.0,8.75,0.0
1700,XGBoostPoisson,84876B,GREEN HEART COMPACT MIRROR,2011-12-05/2011-12-11,0.7718191,10.18679,7.8623595,10.18679,9.2330885,4.0,10.0,0.0
1701,XGBoostPoisson,22068,BLACK PIRATE TREASURE CHEST,2011-12-05/2011-12-11,0.89882356,11.622473,10.446552,11.622473,9.222418,1.0,6.75,0.0
1702,XGBoostPoisson,22031,BOTANICAL LAVENDER BIRTHDAY CARD,2011-12-05/2011-12-11,0.6600496,9.655673,6.3732233,9.655673,9.203003,2.0,12.75,0.0
1703,XGBoostPoisson,22108,PING! MICROWAVE PLATE,2011-12-05/2011-12-11,0.93664384,9.323627,8.732918,9.323627,9.202053,14.0,8.5,0.0
1704,XGBoostPoisson,22203,MILK PAN RED RETROSPOT,2011-12-05/2011-12-11,0.8988235,9.571341,8.602946,9.571341,9.12688,11.0,5.75,0.0
1705,XGBoostPoisson,22377,BOTTLE BAG RETROSPOT ,2011-12-05/2011-12-11,0.9129511,11.231153,10.253493,11.231153,9.117534,3.0,4.75,0.0
1706,XGBoostPoisson,21248,DOOR HANGER  MUM + DADS ROOM,2011-12-05/2011-12-11,0.93664384,10.786754,10.103347,10.786754,9.097277,15.0,9.0,0.0
1707,XGBoostPoisson,22389,PAPERWEIGHT SAVE THE PLANET,2011-12-05/2011-12-11,0.6600497,10.266097,6.776134,10.266097,9.07075,8.0,4.5,0.0
1708,XGBoostPoisson,21471,STRAWBERRY RAFFIA FOOD COVER,2011-12-05/2011-12-11,0.93664384,11.295262,10.579638,11.295262,9.06283,12.0,7.25,0.0
1709,XGBoostPoisson,20757,RED DAISY POCKET BOOK ,2011-12-05/2011-12-11,0.5992509,11.009913,6.5977006,11.009913,9.053326,0.0,14.25,1.0
1710,XGBoostPoisson,84192,ASSORTED COLOUR METAL CAT ,2011-12-05/2011-12-11,0.6979167,8.710726,6.079361,8.710726,9.03755,8.0,7.25,0.0
1711,XGBoostPoisson,21534,DAIRY MAID LARGE MILK JUG,2011-12-05/2011-12-11,0.9526411,9.328574,8.886784,9.328574,9.021684,7.0,5.25,0.0
1712,XGBoostPoisson,72760B,VINTAGE CREAM 3 BASKET CAKE STAND,2011-12-05/2011-12-11,0.96313363,10.0899935,9.718012,10.0899935,9.013009,6.0,7.25,0.0
1713,XGBoostPoisson,21625,VINTAGE UNION JACK APRON,2011-12-05/2011-12-11,0.9526412,11.43084,10.889488,11.43084,9.010435,5.0,8.25,0.0
1714,XGBoostPoisson,79190D,RETRO PLASTIC DAISY TRAY,2011-12-05/2011-12-11,0.7718191,8.5791235,6.6215315,8.5791235,9.001915,15.0,6.25,0.0
1715,XGBoostPoisson,23042,PAPER LANTERN 7 POINT SNOW STAR,2011-12-05/2011-12-11,0.83053434,11.320954,9.402441,11.320954,8.994914,7.0,6.75,0.0
1716,XGBoostPoisson,20802,SMALL GLASS SUNDAE DISH CLEAR,2011-12-05/2011-12-11,0.7718191,8.911659,6.878189,8.911659,8.994492,12.0,7.5,0.0
1717,XGBoostPoisson,85125,SMALL ROUND CUT GLASS CANDLESTICK,2011-12-05/2011-12-11,0.6134454,9.964517,6.112687,9.964517,8.9723215,0.0,10.0,1.0
1718,XGBoostPoisson,22990,COTTON APRON PANTRY DESIGN,2011-12-05/2011-12-11,0.9526411,10.828148,10.315339,10.828148,8.916042,2.0,6.0,0.0
1719,XGBoostPoisson,21065,BOOM BOX SPEAKER GIRLS,2011-12-05/2011-12-11,0.8745875,8.493727,7.428507,8.493727,8.893296,5.0,9.75,0.0
1720,XGBoostPoisson,22643,SET OF 4 NAPKIN CHARMS LEAVES   ,2011-12-05/2011-12-11,0.6979167,12.778662,8.918441,12.778662,8.891398,6.0,9.5,0.0
1721,XGBoostPoisson,21618,4 WILDFLOWER BOTANICAL CANDLES,2011-12-05/2011-12-11,0.5992509,11.626466,6.9671702,11.626466,8.867734,0.0,15.75,2.0
1722,XGBoostPoisson,22638,SET OF 4 NAPKIN CHARMS CROWNS ,2011-12-05/2011-12-11,0.8745875,12.890343,11.273732,12.890343,8.843317,11.0,7.5,0.0
1723,XGBoostPoisson,22541,MINI JIGSAW LEAP FROG,2011-12-05/2011-12-11,0.6550218,8.3508005,5.4699564,8.3508005,8.797127,6.0,7.75,0.0
1724,XGBoostPoisson,46118,FUNKY MONKEY CUSHION COVER,2011-12-05/2011-12-11,0.6600496,11.100728,7.327031,11.100728,8.777556,1.0,9.0,0.0
1725,XGBoostPoisson,21289,LARGE STRIPES CHOCOLATE GIFT BAG,2011-12-05/2011-12-11,0.7718191,11.762033,9.078162,11.762033,8.770881,0.0,5.25,1.0
1726,XGBoostPoisson,22285,"DECORATION HEN ON NEST, HANGING",2011-12-05/2011-12-11,0.65502185,9.603016,6.290185,9.603016,8.7586,12.0,4.25,0.0
1727,XGBoostPoisson,22523,CHILDS GARDEN FORK PINK,2011-12-05/2011-12-11,0.83053434,10.120132,8.405117,10.120132,8.756673,8.0,6.5,0.0
1728,XGBoostPoisson,23150,IVORY SWEETHEART SOAP DISH,2011-12-05/2011-12-11,0.8745875,9.290536,8.125386,9.290536,8.744047,8.0,7.5,0.0
1729,XGBoostPoisson,22050,PINK PAISLEY ROSE GIFT WRAP,2011-12-05/2011-12-11,0.20652173,33.542492,6.9272537,0.0,8.7400055,0.0,6.25,3.0
1730,XGBoostPoisson,84341B,SMALL PINK MAGIC CHRISTMAS TREE,2011-12-05/2011-12-11,0.42148757,15.046518,6.3419204,0.0,8.718454,0.0,1.0,2.0
1731,XGBoostPoisson,21293,MIRRORED DOVE WALL DECORATION,2011-12-05/2011-12-11,0.6600496,9.195957,6.069788,9.195957,8.717929,3.0,9.25,0.0
1732,XGBoostPoisson,21426,WOODLAND STORAGE BOX SMALL,2011-12-05/2011-12-11,0.83053434,8.872175,7.368646,8.872175,8.694185,7.0,9.0,0.0
1733,XGBoostPoisson,16168M,FUNKY MONKEY GIFT BAG MEDIUM,2011-12-05/2011-12-11,0.66004956,8.457032,5.5820603,8.457032,8.678437,4.0,9.25,0.0
1734,XGBoostPoisson,22968,ROSE COTTAGE KEEPSAKE BOX ,2011-12-05/2011-12-11,0.83053434,9.664388,8.026606,9.664388,8.671155,1.0,9.75,0.0
1735,XGBoostPoisson,21906,PHARMACIE FIRST AID TIN,2011-12-05/2011-12-11,0.9526412,7.395421,7.0451827,7.395421,8.6674595,4.0,5.25,0.0
1736,XGBoostPoisson,21470,FLOWER VINE RAFFIA FOOD COVER,2011-12-05/2011-12-11,0.87458754,10.097649,8.831278,10.097649,8.665529,12.0,7.0,0.0
1737,XGBoostPoisson,79160,HEART SHAPE WIRELESS DOORBELL,2011-12-05/2011-12-11,0.83053434,7.4122934,6.156164,7.4122934,8.639518,9.0,5.5,0.0
1738,XGBoostPoisson,22229,BUNNY WOODEN PAINTED WITH FLOWER ,2011-12-05/2011-12-11,0.6134454,11.832126,7.2583632,11.832126,8.637411,6.0,2.25,0.0
1739,XGBoostPoisson,22324,BLUE POLKADOT KIDS BAG,2011-12-05/2011-12-11,0.7718191,7.7948217,6.0161924,7.7948217,8.613893,7.0,3.25,0.0
1740,XGBoostPoisson,21878,PACK OF 6 SANDCASTLE FLAGS ASSORTED,2011-12-05/2011-12-11,0.83053434,10.139301,8.421038,10.139301,8.591813,5.0,7.25,0.0
1741,XGBoostPoisson,85130B,BEADED CRYSTAL HEART GREEN LARGE,2011-12-05/2011-12-11,0.5279503,10.813711,5.7091017,10.813711,8.57896,0.0,8.75,2.0
1742,XGBoostPoisson,22806,SET OF 6 T-LIGHTS WEDDING CAKE ,2011-12-05/2011-12-11,0.6600497,10.506515,6.9348216,10.506515,8.542719,6.0,6.25,0.0
1743,XGBoostPoisson,22220,CAKE STAND LOVEBIRD 2 TIER WHITE,2011-12-05/2011-12-11,0.91295123,8.160177,7.449844,8.160177,8.538918,14.0,8.5,0.0
1744,XGBoostPoisson,22859,EASTER TIN BUNNY BOUQUET,2011-12-05/2011-12-11,0.42361107,13.660509,5.786743,0.0,8.523587,0.0,3.0,2.0
1745,XGBoostPoisson,84356,POMPOM CURTAIN,2011-12-05/2011-12-11,0.83053434,8.28806,6.8835187,8.28806,8.511338,6.0,10.0,0.0
1746,XGBoostPoisson,85054,FRENCH ENAMEL POT W LID,2011-12-05/2011-12-11,0.83053434,10.082934,8.374224,10.082934,8.508069,1.0,7.75,0.0
1747,XGBoostPoisson,90030B,RED KUKUI COCONUT SEED NECKLACE,2011-12-05/2011-12-11,0.6134454,9.643563,5.9157996,9.643563,8.499202,12.0,6.0,0.0
1748,XGBoostPoisson,23414,ZINC BOX SIGN HOME,2011-12-05/2011-12-11,0.93664384,10.115549,9.474667,10.115549,8.4769745,3.0,6.5,0.0
1749,XGBoostPoisson,21055,TOOL BOX SOFT TOY ,2011-12-05/2011-12-11,0.89882344,7.9309883,7.128558,7.9309883,8.464984,5.0,7.0,0.0
1750,XGBoostPoisson,22376,AIRLINE BAG VINTAGE JET SET WHITE,2011-12-05/2011-12-11,0.93664384,10.897418,10.207,10.897418,8.455859,8.0,6.75,0.0
1751,XGBoostPoisson,22164,STRING OF STARS CARD HOLDER,2011-12-05/2011-12-11,0.4236111,8.478453,3.5915668,0.0,8.44235,24.0,6.75,0.0
1752,XGBoostPoisson,84581,DOG TOY WITH PINK CROCHET SKIRT,2011-12-05/2011-12-11,0.89137375,8.785164,7.8308644,8.785164,8.417048,6.0,7.75,0.0
1753,XGBoostPoisson,21351,CINAMMON & ORANGE WREATH,2011-12-05/2011-12-11,0.8988235,7.615346,6.844852,7.615346,8.40468,9.0,5.75,0.0
1754,XGBoostPoisson,23107,WHITE HEARTS WIRE PLANT POT HOLDER,2011-12-05/2011-12-11,0.91295123,10.253768,9.36119,10.253768,8.3873005,9.0,4.75,0.0
1755,XGBoostPoisson,21865,PINK UNION JACK  PASSPORT COVER ,2011-12-05/2011-12-11,0.8913739,8.656414,7.716101,8.656414,8.385811,5.0,6.5,0.0
1756,XGBoostPoisson,35954,SMALL FOLKART STAR CHRISTMAS DEC,2011-12-05/2011-12-11,0.23157893,15.788336,3.656246,0.0,8.384972,0.0,32.5,3.0
1757,XGBoostPoisson,72130,COLUMBIAN CANDLE ROUND,2011-12-05/2011-12-11,0.7718191,7.6388597,5.8958178,7.6388597,8.357178,1.0,7.5,0.0
1758,XGBoostPoisson,21682,LARGE MEDINA STAMPED METAL BOWL ,2011-12-05/2011-12-11,0.83053434,8.05044,6.686167,8.05044,8.350956,3.0,4.25,0.0
1759,XGBoostPoisson,21557,SET OF 6 FUNKY BEAKERS,2011-12-05/2011-12-11,0.8988235,9.669424,8.691106,9.669424,8.33239,1.0,8.75,0.0
1760,XGBoostPoisson,23020,GLASS  SONGBIRD STORAGE JAR,2011-12-05/2011-12-11,0.9526412,9.183949,8.749008,9.183949,8.310798,4.0,5.0,0.0
1761,XGBoostPoisson,20669,RED HEART LUGGAGE TAG,2011-12-05/2011-12-11,0.9129512,9.249279,8.44414,9.249279,8.2955885,3.0,7.0,0.0
1762,XGBoostPoisson,22495,SET OF 2 ROUND TINS CAMEMBERT ,2011-12-05/2011-12-11,0.8913738,8.321607,7.417662,8.321607,8.265257,7.0,5.0,0.0
1763,XGBoostPoisson,21564,PINK  HEART SHAPE LOVE BUCKET ,2011-12-05/2011-12-11,0.8988235,8.142037,7.3182545,8.142037,8.262437,7.0,5.5,0.0
1764,XGBoostPoisson,22236,CAKE STAND 3 TIER MAGIC GARDEN,2011-12-05/2011-12-11,0.6979167,6.039549,4.2151017,6.039549,8.261976,0.0,11.25,1.0
1765,XGBoostPoisson,22283,6 EGG HOUSE PAINTED WOOD,2011-12-05/2011-12-11,0.9129512,7.3102856,6.673934,7.3102856,8.247722,7.0,4.25,0.0
1766,XGBoostPoisson,84078A,SET/4 WHITE RETRO STORAGE CUBES ,2011-12-05/2011-12-11,0.9129512,8.442537,7.7076244,8.442537,8.24456,5.0,6.5,0.0
1767,XGBoostPoisson,84821,DANISH ROSE DELUXE COASTER,2011-12-05/2011-12-11,0.5992509,10.727948,6.428733,10.727948,8.230584,0.0,7.25,1.0
1768,XGBoostPoisson,22320,BIRDS MOBILE VINTAGE DESIGN,2011-12-05/2011-12-11,0.8745874,7.877122,6.8892317,7.877122,8.206552,4.0,5.0,0.0
1769,XGBoostPoisson,22448,PIN CUSHION BABUSHKA RED,2011-12-05/2011-12-11,0.6600496,9.926914,6.552256,9.926914,8.179172,12.0,6.25,0.0
1770,XGBoostPoisson,17012B,ORIGAMI JASMINE INCENSE/CANDLE SET,2011-12-05/2011-12-11,0.5279503,7.813628,4.1252074,7.813628,8.165161,1.0,0.5,0.0
1771,XGBoostPoisson,46776B,WOVEN BERRIES CUSHION COVER ,2011-12-05/2011-12-11,0.9129512,9.620025,8.782613,9.620025,8.158237,7.0,8.75,0.0
1772,XGBoostPoisson,21688,SILVER PLATE CANDLE BOWL SMALL,2011-12-05/2011-12-11,0.7718191,8.162678,6.300111,8.162678,8.157128,6.0,6.25,0.0
1773,XGBoostPoisson,46776A,WOVEN BUBBLE GUM CUSHION COVER,2011-12-05/2011-12-11,0.9129512,9.23445,8.430602,9.23445,8.149048,5.0,7.75,0.0
1774,XGBoostPoisson,22569,FELTCRAFT CUSHION BUTTERFLY,2011-12-05/2011-12-11,0.08993158,25.414856,2.285598,0.0,8.126813,0.0,0.0,5.0
1775,XGBoostPoisson,22167, OVAL WALL MIRROR DIAMANTE ,2011-12-05/2011-12-11,0.89137375,6.6434007,5.921753,6.6434007,8.105236,5.0,5.25,0.0
1776,XGBoostPoisson,21706,FOLDING UMBRELLA RED/WHITE POLKADOT,2011-12-05/2011-12-11,0.9526412,9.734528,9.273512,9.734528,8.104954,4.0,5.25,0.0
1777,XGBoostPoisson,22346,PARTY PIZZA DISH GREEN POLKADOT,2011-12-05/2011-12-11,0.6134454,6.58356,4.038655,6.58356,8.083413,9.0,7.5,0.0
1778,XGBoostPoisson,22085,PAPER CHAIN KIT SKULLS ,2011-12-05/2011-12-11,0.8988235,9.31018,8.368208,9.31018,8.046995,18.0,5.5,0.0
1779,XGBoostPoisson,23178,JAM CLOCK MAGNET,2011-12-05/2011-12-11,0.9129512,10.042718,9.168511,10.042718,7.99485,9.0,6.5,0.0
1780,XGBoostPoisson,37495,FAIRY CAKE BIRTHDAY CANDLE SET,2011-12-05/2011-12-11,0.6600496,9.609913,6.3430195,9.609913,7.97468,0.0,2.0,1.0
1781,XGBoostPoisson,21713,CITRONELLA CANDLE FLOWERPOT,2011-12-05/2011-12-11,0.87458754,8.715833,7.622759,8.715833,7.9660606,4.0,5.5,0.0
1782,XGBoostPoisson,23179,CLOCK MAGNET MUM'S KITCHEN,2011-12-05/2011-12-11,0.65502185,6.8424797,4.4819736,6.8424797,7.9547887,0.0,11.0,1.0
1783,XGBoostPoisson,17012A,ORIGAMI VANILLA INCENSE/CANDLE SET ,2011-12-05/2011-12-11,0.6600497,7.719055,5.0949597,7.719055,7.954662,5.0,2.25,0.0
1784,XGBoostPoisson,22687,DOORMAT CHRISTMAS VILLAGE,2011-12-05/2011-12-11,0.6600496,6.910328,4.561159,6.910328,7.9447412,3.0,4.75,0.0
1785,XGBoostPoisson,22344,PARTY PIZZA DISH PINK POLKADOT,2011-12-05/2011-12-11,0.65502185,7.6541653,5.0136456,7.6541653,7.9126716,3.0,5.5,0.0
1786,XGBoostPoisson,72131,COLUMBIAN CANDLE RECTANGLE,2011-12-05/2011-12-11,0.44345897,9.443633,4.187864,9.443633,7.8984995,0.0,1.75,1.0
1787,XGBoostPoisson,23049,RECYCLED ACAPULCO MAT RED,2011-12-05/2011-12-11,0.93664384,9.2292,8.644474,9.2292,7.898038,6.0,5.75,0.0
1788,XGBoostPoisson,22442,GROW YOUR OWN FLOWERS SET OF 3,2011-12-05/2011-12-11,0.7718191,9.502918,7.334534,9.502918,7.890077,17.0,6.5,0.0
1789,XGBoostPoisson,85036B,CHOCOLATE 1 WICK MORRIS BOX CANDLE,2011-12-05/2011-12-11,0.4236111,10.829208,4.587373,0.0,7.8845463,0.0,9.0,2.0
1790,XGBoostPoisson,22405,MONEY BOX POCKET MONEY DESIGN,2011-12-05/2011-12-11,0.8305343,7.400853,6.146662,7.400853,7.882768,3.0,6.0,0.0
1791,XGBoostPoisson,90114,SUMMER DAISIES BAG CHARM,2011-12-05/2011-12-11,0.66004956,6.3426332,4.1864524,6.3426332,7.878802,0.0,13.25,1.0
1792,XGBoostPoisson,47504K,ENGLISH ROSE GARDEN SECATEURS,2011-12-05/2011-12-11,0.18592963,8.461828,1.5733045,0.0,7.86904,0.0,1.25,3.0
1793,XGBoostPoisson,47566B,TEA TIME PARTY BUNTING,2011-12-05/2011-12-11,0.77181906,10.157486,7.839741,10.157486,7.8538504,2.0,3.5,0.0
1794,XGBoostPoisson,21707,FOLDING UMBRELLA BLACKBLUE POLKADOT,2011-12-05/2011-12-11,0.8913739,8.051128,7.1765656,8.051128,7.8463025,6.0,6.75,0.0
1795,XGBoostPoisson,22432,WATERING CAN PINK BUNNY,2011-12-05/2011-12-11,0.6134454,9.168057,5.6241026,9.168057,7.821502,1.0,3.25,0.0
1796,XGBoostPoisson,21317,GLASS SPHERE CANDLE STAND MEDIUM,2011-12-05/2011-12-11,0.6134454,7.3346663,4.4994173,7.3346663,7.805221,4.0,5.75,0.0
1797,XGBoostPoisson,22583,PACK OF 6 HANDBAG GIFT BOXES,2011-12-05/2011-12-11,0.91295123,10.009835,9.138492,10.009835,7.8002224,3.0,6.25,0.0
1798,XGBoostPoisson,23299,FOOD COVER WITH BEADS SET 2 ,2011-12-05/2011-12-11,0.91295123,9.764778,8.914766,9.764778,7.779488,3.0,5.0,0.0
1799,XGBoostPoisson,85173,SET/6 FROG PRINCE T-LIGHT CANDLES,2011-12-05/2011-12-11,0.7718191,8.939281,6.8995085,8.939281,7.77768,2.0,4.0,0.0
1800,XGBoostPoisson,85059,FRENCH ENAMEL WATER BASIN,2011-12-05/2011-12-11,0.8988235,7.634837,6.862371,7.634837,7.7757444,6.0,7.0,0.0
1801,XGBoostPoisson,22215,CAKE STAND WHITE TWO TIER LACE,2011-12-05/2011-12-11,0.83053434,7.3492804,6.10383,7.3492804,7.7749863,8.0,3.75,0.0
1802,XGBoostPoisson,79144B,PAINTED LIGHTBULB STAR+ MOON,2011-12-05/2011-12-11,0.8745875,8.404495,7.3504663,8.404495,7.7732215,8.0,3.5,0.0
1803,XGBoostPoisson,71406C,BLACK ORANGE SQUEEZER,2011-12-05/2011-12-11,0.65502185,7.5521336,4.9468126,7.5521336,7.772171,6.0,6.5,0.0
1804,XGBoostPoisson,20767,BLUE PAISLEY JOURNAL ,2011-12-05/2011-12-11,0.87458754,8.022321,7.0162215,8.022321,7.770944,10.0,5.75,0.0
1805,XGBoostPoisson,22449,SILK PURSE BABUSHKA PINK,2011-12-05/2011-12-11,0.66004956,8.999548,5.940148,8.999548,7.755913,0.0,5.0,1.0
1806,XGBoostPoisson,21879,HEARTS GIFT TAPE,2011-12-05/2011-12-11,0.5555556,7.34844,4.082467,7.34844,7.7204313,13.0,3.25,0.0
1807,XGBoostPoisson,21204,DAISIES  HONEYCOMB GARLAND ,2011-12-05/2011-12-11,0.6600496,9.602918,6.3384023,9.602918,7.714624,13.0,3.75,0.0
1808,XGBoostPoisson,84228,HEN HOUSE W CHICK STANDING,2011-12-05/2011-12-11,0.31961256,6.501969,2.078111,0.0,7.7112403,12.0,3.0,0.0
1809,XGBoostPoisson,23153,ZINC SWEETHEART WIRE LETTER RACK,2011-12-05/2011-12-11,0.83053434,9.8677845,8.195534,9.8677845,7.708136,0.0,10.0,1.0
1810,XGBoostPoisson,90119,METALIC LEAVES BAG CHARMS,2011-12-05/2011-12-11,0.8305344,9.441444,7.8414445,9.441444,7.703945,10.0,8.0,0.0
1811,XGBoostPoisson,40001,WHITE BAMBOO RIBS LAMPSHADE,2011-12-05/2011-12-11,0.346789,25.454802,8.827445,0.0,7.702529,0.0,3.75,3.0
1812,XGBoostPoisson,20867,PINK ROSE FABRIC MIRROR,2011-12-05/2011-12-11,0.6600496,6.8185377,4.500573,6.8185377,7.666162,13.0,6.25,0.0
1813,XGBoostPoisson,85185B,PINK HORSE SOCK PUPPET,2011-12-05/2011-12-11,0.83053434,8.450603,7.0185156,8.450603,7.6577334,2.0,5.5,0.0
1814,XGBoostPoisson,22038,BOTANICAL LAVENDER GIFT WRAP ,2011-12-05/2011-12-11,0.3196126,23.29668,7.4459124,0.0,7.6495275,0.0,12.5,2.0
1815,XGBoostPoisson,22408,MONEY BOX CONFECTIONERY DESIGN,2011-12-05/2011-12-11,0.5279503,9.3459635,4.934204,9.3459635,7.6408896,13.0,6.5,0.0
1816,XGBoostPoisson,23106,ZINC HEARTS PLANT POT HOLDER,2011-12-05/2011-12-11,0.7718191,9.793243,7.5586123,9.793243,7.629632,0.0,6.75,1.0
1817,XGBoostPoisson,22514,CHILDS GARDEN SPADE BLUE,2011-12-05/2011-12-11,0.83053434,8.097742,6.725453,8.097742,7.628834,19.0,6.5,0.0
1818,XGBoostPoisson,23070,EDWARDIAN HEART PHOTO FRAME,2011-12-05/2011-12-11,0.8988235,7.7401924,6.957067,7.7401924,7.6192436,4.0,5.5,0.0
1819,XGBoostPoisson,90200D,PINK SWEETHEART BRACELET,2011-12-05/2011-12-11,0.85714287,6.5666394,5.628548,6.5666394,7.604567,2.0,3.25,0.0
1820,XGBoostPoisson,22931,BAKING MOULD HEART WHITE CHOCOLATE,2011-12-05/2011-12-11,0.8745875,6.903453,6.0376735,6.903453,7.5747986,2.0,2.75,0.0
1821,XGBoostPoisson,22261,FELT EGG COSY WHITE RABBIT ,2011-12-05/2011-12-11,0.7718191,8.045978,6.210039,8.045978,7.568787,6.0,6.5,0.0
1822,XGBoostPoisson,15044A,PINK PAPER PARASOL ,2011-12-05/2011-12-11,0.7718191,10.1522045,7.8356657,10.1522045,7.545343,1.0,8.5,0.0
1823,XGBoostPoisson,22937,BAKING MOULD CHOCOLATE CUPCAKES,2011-12-05/2011-12-11,0.5992509,9.177572,5.4996686,9.177572,7.468978,0.0,1.0,1.0
1824,XGBoostPoisson,22430,ENAMEL WATERING CAN CREAM,2011-12-05/2011-12-11,0.83053434,10.179169,8.454149,10.179169,7.459617,1.0,5.75,0.0
1825,XGBoostPoisson,72586,SET OF 6 HALLOWEEN GHOST T-LIGHTS,2011-12-05/2011-12-11,0.4236111,9.475489,4.013922,0.0,7.4560537,1.0,0.75,0.0
1826,XGBoostPoisson,22428,ENAMEL FIRE BUCKET CREAM,2011-12-05/2011-12-11,0.9129512,8.017049,7.3191743,8.017049,7.4501276,4.0,5.0,0.0
1827,XGBoostPoisson,22148,EASTER CRAFT 4 CHICKS ,2011-12-05/2011-12-11,0.6550218,8.035042,5.2631273,8.035042,7.449005,12.0,6.75,0.0
1828,XGBoostPoisson,84859A,SILVER DISCO HANDBAG,2011-12-05/2011-12-11,0.65502185,7.1453886,4.6803856,7.1453886,7.4456882,0.0,10.75,1.0
1829,XGBoostPoisson,22763,KEY CABINET MA CAMPAGNE,2011-12-05/2011-12-11,0.93664384,8.077916,7.56613,8.077916,7.4326043,6.0,5.0,0.0
1830,XGBoostPoisson,22509,SEWING BOX RETROSPOT DESIGN ,2011-12-05/2011-12-11,0.7058823,8.783171,6.199885,8.783171,7.4187064,25.0,8.5,0.0
1831,XGBoostPoisson,22318,FIVE HEART HANGING DECORATION,2011-12-05/2011-12-11,0.9129511,8.353577,7.626407,8.353577,7.4147577,4.0,3.0,0.0
1832,XGBoostPoisson,21117,BLOND DOLL DOORSTOP,2011-12-05/2011-12-11,0.5279503,9.079055,4.7932897,9.079055,7.412444,0.0,10.25,1.0
1833,XGBoostPoisson,23444,Next Day Carriage,2011-12-05/2011-12-11,0.93664384,7.913123,7.411778,7.913123,7.3636355,13.0,6.5,0.0
1834,XGBoostPoisson,85169D,PINK LOVE BIRD CANDLE,2011-12-05/2011-12-11,0.5992509,7.63992,4.578229,7.63992,7.333929,12.0,6.5,0.0
1835,XGBoostPoisson,22325,MOBILE VINTAGE HEARTS ,2011-12-05/2011-12-11,0.9129512,6.3591237,5.8055696,6.3591237,7.311055,3.0,5.0,0.0
1836,XGBoostPoisson,21466,RED FLOWER CROCHET FOOD COVER,2011-12-05/2011-12-11,0.8745875,7.844369,6.8605866,7.844369,7.3054123,8.0,4.75,0.0
1837,XGBoostPoisson,20764,ABSTRACT CIRCLES SKETCHBOOK ,2011-12-05/2011-12-11,0.8571429,7.187319,6.1605597,7.187319,7.287949,4.0,6.5,0.0
1838,XGBoostPoisson,72800C,4 PINK DINNER CANDLE SILVER FLOCK,2011-12-05/2011-12-11,0.6600497,8.192954,5.407757,8.192954,7.277203,13.0,6.0,0.0
1839,XGBoostPoisson,22496,SET OF 2 ROUND TINS DUTCH CHEESE,2011-12-05/2011-12-11,0.89137375,7.4389124,6.6308513,7.4389124,7.2761116,5.0,4.5,0.0
1840,XGBoostPoisson,22450,SILK PURSE BABUSHKA BLUE,2011-12-05/2011-12-11,0.83053434,7.416459,6.159624,7.416459,7.263815,5.0,5.0,0.0
1841,XGBoostPoisson,85159A,"BLACK TEA,COFFEE,SUGAR JARS",2011-12-05/2011-12-11,0.5279503,8.663711,4.5740085,8.663711,7.250602,14.0,4.75,0.0
1842,XGBoostPoisson,20752,BLUE POLKADOT WASHING UP GLOVES,2011-12-05/2011-12-11,0.7718191,7.826646,6.040755,7.826646,7.2475495,0.0,5.75,1.0
1843,XGBoostPoisson,84843,WHITE SOAP RACK WITH 2 BOTTLES,2011-12-05/2011-12-11,0.7718191,7.0723963,5.4586105,7.0723963,7.203021,3.0,2.75,0.0
1844,XGBoostPoisson,72128,COLUMBIAN CANDLE ROUND,2011-12-05/2011-12-11,0.65502185,7.5393963,4.9384694,7.5393963,7.1930623,0.0,4.75,1.0
1845,XGBoostPoisson,23052,RECYCLED ACAPULCO MAT TURQUOISE,2011-12-05/2011-12-11,0.9526411,8.913942,8.491788,8.913942,7.180992,6.0,4.25,0.0
1846,XGBoostPoisson,21562,HAWAIIAN GRASS SKIRT ,2011-12-05/2011-12-11,0.5555556,9.92277,5.51265,9.92277,7.1549067,0.0,6.0,1.0
1847,XGBoostPoisson,21222,SET/4 BADGES BEETLES,2011-12-05/2011-12-11,0.7718191,6.58027,5.078778,6.58027,7.149829,3.0,3.25,0.0
1848,XGBoostPoisson,21520,BOOZE & WOMEN GREETING CARD ,2011-12-05/2011-12-11,0.5208333,8.504029,4.4291816,8.504029,7.1462145,1.0,0.5,0.0
1849,XGBoostPoisson,22799,SWEETHEART WIRE FRUIT BOWL,2011-12-05/2011-12-11,0.83053434,8.166846,6.7828465,8.166846,7.1250024,18.0,6.25,0.0
1850,XGBoostPoisson,21056,DOCTOR'S BAG SOFT TOY,2011-12-05/2011-12-11,0.7718191,8.491167,6.553645,8.491167,7.118527,7.0,7.25,0.0
1851,XGBoostPoisson,20836,FRENCH PAISLEY CUSHION COVER,2011-12-05/2011-12-11,0.44345897,12.451068,5.521538,12.451068,7.117805,0.0,4.5,1.0
1852,XGBoostPoisson,71101E,STANDING FAIRY POLE SUPPORT ,2011-12-05/2011-12-11,0.4236111,12.445394,5.272007,0.0,7.098726,0.0,4.5,1.0
1853,XGBoostPoisson,84050,PINK HEART SHAPE EGG FRYING PAN,2011-12-05/2011-12-11,0.10465116,18.659801,1.9527699,0.0,7.081188,0.0,0.0,4.0
1854,XGBoostPoisson,22345,PARTY PIZZA DISH BLUE POLKADOT,2011-12-05/2011-12-11,0.6979166,8.534393,5.956295,8.534393,7.022342,9.0,4.75,0.0
1855,XGBoostPoisson,84509G,SET OF 4 FAIRY CAKE PLACEMATS ,2011-12-05/2011-12-11,0.6600496,6.332589,4.179823,6.332589,7.0129642,5.0,5.75,0.0
1856,XGBoostPoisson,85078,SCANDINAVIAN 3 HEARTS NAPKIN RING,2011-12-05/2011-12-11,0.08993158,14.360269,1.2914416,0.0,7.012911,0.0,0.0,4.0
1857,XGBoostPoisson,21265,PINK GOOSE FEATHER TREE 60CM,2011-12-05/2011-12-11,0.6134454,9.349071,5.735144,9.349071,6.998188,6.0,2.5,0.0
1858,XGBoostPoisson,23139,SINGLE WIRE HOOK PINK HEART,2011-12-05/2011-12-11,0.6979167,8.640429,6.030299,8.640429,6.9547224,12.0,6.5,0.0
1859,XGBoostPoisson,23412,HEART MIRROR ANTIQUE WHITE,2011-12-05/2011-12-11,0.08993158,9.136495,0.8216594,0.0,6.9137106,0.0,0.0,7.0
1860,XGBoostPoisson,22162,HEART GARLAND RUSTIC PADDED,2011-12-05/2011-12-11,0.6550218,7.9829884,5.229031,7.9829884,6.904033,0.0,7.5,1.0
1861,XGBoostPoisson,20761,BLUE PAISLEY SKETCHBOOK,2011-12-05/2011-12-11,0.7718191,6.5960217,5.0909357,6.5960217,6.8903117,3.0,3.25,0.0
1862,XGBoostPoisson,21719,LOVELY BONBON STICKER SHEET,2011-12-05/2011-12-11,0.7718191,8.700066,6.714877,8.700066,6.871868,2.0,4.0,0.0
1863,XGBoostPoisson,20771,CHRYSANTHEMUM  JOURNAL,2011-12-05/2011-12-11,0.7718191,6.324254,4.8811803,6.324254,6.871861,11.0,5.5,0.0
1864,XGBoostPoisson,84673B,BLUE FLY SWAT,2011-12-05/2011-12-11,0.8913738,7.0709257,6.302838,7.0709257,6.86181,6.0,4.5,0.0
1865,XGBoostPoisson,22479,DAISY GARDEN MARKER,2011-12-05/2011-12-11,0.8913738,7.2982807,6.5054965,7.2982807,6.849828,4.0,5.25,0.0
1866,XGBoostPoisson,20616,CHERRY BLOSSOM PASSPORT COVER,2011-12-05/2011-12-11,0.83053434,5.8727694,4.877537,5.8727694,6.8244076,3.0,6.25,0.0
1867,XGBoostPoisson,21926,RED/CREAM STRIPE CUSHION COVER ,2011-12-05/2011-12-11,0.66004956,9.013055,5.949063,9.013055,6.8131714,2.0,6.25,0.0
1868,XGBoostPoisson,22104,MIRROR MOSAIC CANDLE PLATE,2011-12-05/2011-12-11,0.83053434,7.328396,6.0864844,7.328396,6.802491,1.0,5.0,0.0
1869,XGBoostPoisson,72127,COLUMBIAN CANDLE ROUND ,2011-12-05/2011-12-11,0.6134454,7.1269064,4.371968,7.1269064,6.7905974,0.0,6.5,1.0
1870,XGBoostPoisson,44234,ASSORTED CIRCULAR MOBILE,2011-12-05/2011-12-11,0.5279503,9.0668745,4.786859,9.0668745,6.783305,5.0,3.5,0.0
1871,XGBoostPoisson,71495A,CD WALL TIDY BLUE OFFICE,2011-12-05/2011-12-11,0.18661971,8.685019,1.6207957,0.0,6.77925,0.0,12.0,1.0
1872,XGBoostPoisson,21206,STRAWBERRY HONEYCOMB  GARLAND ,2011-12-05/2011-12-11,0.6134454,10.083313,6.185562,10.083313,6.778009,0.0,1.25,1.0
1873,XGBoostPoisson,21814,HEART T-LIGHT HOLDER ,2011-12-05/2011-12-11,0.65502185,5.6043296,3.6709583,5.6043296,6.7744284,1.0,8.0,0.0
1874,XGBoostPoisson,21042,RED RETROSPOT APRON ,2011-12-05/2011-12-11,0.7718191,7.467375,5.7634625,7.467375,6.761209,4.0,4.0,0.0
1875,XGBoostPoisson,22336,DOVE DECORATION PAINTED ZINC ,2011-12-05/2011-12-11,0.030710174,24.126972,0.7409435,0.0,6.6941667,0.0,0.0,7.0
1876,XGBoostPoisson,47503H,ASS FLORAL PRINT SPIRIT LEVEL ,2011-12-05/2011-12-11,0.6550218,6.7539196,4.4239645,6.7539196,6.6783843,0.0,5.75,1.0
1877,XGBoostPoisson,22103,MIRROR MOSAIC T-LIGHT HOLDER ROUND,2011-12-05/2011-12-11,0.15,8.410412,1.2615619,0.0,6.669565,0.0,0.0,5.0
1878,XGBoostPoisson,21261,GREEN GOOSE FEATHER CHRISTMAS TREE ,2011-12-05/2011-12-11,0.6134454,8.714044,5.34559,8.714044,6.6545405,0.0,2.5,1.0
1879,XGBoostPoisson,71270,PHOTO CLIP LINE,2011-12-05/2011-12-11,0.7718191,9.094274,7.019134,9.094274,6.6314707,1.0,4.75,0.0
1880,XGBoostPoisson,85127,SMALL SQUARE CUT GLASS CANDLESTICK,2011-12-05/2011-12-11,0.7718191,7.112524,5.489582,7.112524,6.629143,2.0,4.25,0.0
1881,XGBoostPoisson,18097C,WHITE TALL PORCELAIN T-LIGHT HOLDER,2011-12-05/2011-12-11,0.6600496,7.6652336,5.0594344,7.6652336,6.612653,0.0,6.0,1.0
1882,XGBoostPoisson,22354,RETROSPOT PADDED SEAT CUSHION,2011-12-05/2011-12-11,0.65502185,8.091148,5.299879,8.091148,6.612131,0.0,1.75,1.0
1883,XGBoostPoisson,23181,BULL DOG BOTTLE TOP WALL CLOCK,2011-12-05/2011-12-11,0.9258369,8.274405,7.6607494,8.274405,6.5846243,8.0,4.25,0.0
1884,XGBoostPoisson,21913,VINTAGE SEASIDE JIGSAW PUZZLES,2011-12-05/2011-12-11,0.83053434,8.270023,6.8685384,8.270023,6.5550995,1.0,5.25,0.0
1885,XGBoostPoisson,47580,TEA TIME DES TEA COSY,2011-12-05/2011-12-11,0.83053434,7.644685,6.349173,7.644685,6.547106,3.0,3.5,0.0
1886,XGBoostPoisson,22124,SET OF 2 TEA TOWELS PING MICROWAVE,2011-12-05/2011-12-11,0.8745874,6.843104,5.9848924,6.843104,6.5379534,17.0,5.25,0.0
1887,XGBoostPoisson,22914,BLUE COAT RACK PARIS FASHION,2011-12-05/2011-12-11,0.8913738,8.043703,7.169946,8.043703,6.5147634,5.0,3.25,0.0
1888,XGBoostPoisson,22794,SWEETHEART WIRE MAGAZINE RACK,2011-12-05/2011-12-11,0.91295123,8.492451,7.7531934,8.492451,6.4872546,5.0,4.0,0.0
1889,XGBoostPoisson,21815,STAR  T-LIGHT HOLDER ,2011-12-05/2011-12-11,0.5992509,5.618453,3.366863,5.618453,6.4828644,0.0,4.25,1.0
1890,XGBoostPoisson,17107D,"FLOWER FAIRY,5 SUMMER B'DRAW LINERS",2011-12-05/2011-12-11,0.6134454,7.7470837,4.752413,7.7470837,6.4561024,0.0,3.75,1.0
1891,XGBoostPoisson,84251G,"GREETING CARD, OVERCROWDED POOL.",2011-12-05/2011-12-11,0.5992509,7.9325104,4.753564,7.9325104,6.429212,12.0,3.25,0.0
1892,XGBoostPoisson,22410,MONEY BOX HOUSEKEEPING DESIGN,2011-12-05/2011-12-11,0.7718191,7.263399,5.6060305,7.263399,6.429124,7.0,2.75,0.0
1893,XGBoostPoisson,23024,LARGE BONNE JAM JAR  T-LIGHT HOLDER,2011-12-05/2011-12-11,0.3196126,19.477106,6.225128,0.0,6.4246216,0.0,9.0,2.0
1894,XGBoostPoisson,85130C,BEADED CRYSTAL HEART BLUE  LARGE,2011-12-05/2011-12-11,0.6979167,6.5147495,4.5467525,6.5147495,6.388644,3.0,3.0,0.0
1895,XGBoostPoisson,22715,CARD WEDDING DAY,2011-12-05/2011-12-11,0.4236111,11.721356,4.9652967,0.0,6.3756757,0.0,1.5,1.0
1896,XGBoostPoisson,71050,SMALL SINGLE FLAME CANDLE HOLDER,2011-12-05/2011-12-11,0.5555556,7.9646187,4.4247885,7.9646187,6.315637,10.0,6.0,0.0
1897,XGBoostPoisson,22251,BIRDHOUSE DECORATION MAGIC GARDEN,2011-12-05/2011-12-11,0.6550218,7.502612,4.9143744,7.502612,6.315288,6.0,5.75,0.0
1898,XGBoostPoisson,17084R,ASSORTED INCENSE PACK,2011-12-05/2011-12-11,0.15,15.750202,2.3625305,0.0,6.314029,0.0,0.0,4.0
1899,XGBoostPoisson,22935,BAKING MOULD ROSE MILK CHOCOLATE,2011-12-05/2011-12-11,0.7718191,6.5483327,5.054128,6.5483327,6.2852907,4.0,3.75,0.0
1900,XGBoostPoisson,23050,RECYCLED ACAPULCO MAT GREEN,2011-12-05/2011-12-11,0.8988235,9.254484,8.318148,9.254484,6.283471,9.0,2.75,0.0
1901,XGBoostPoisson,22282,12 EGG HOUSE PAINTED WOOD,2011-12-05/2011-12-11,0.89137375,6.907499,6.157163,6.907499,6.2696733,1.0,5.25,0.0
1902,XGBoostPoisson,20659,ECONOMY LUGGAGE TAG,2011-12-05/2011-12-11,0.8301887,6.570261,5.4545565,6.570261,6.2292366,2.0,5.0,0.0
1903,XGBoostPoisson,23044,PAPER LANTERN 9 POINT HOLLY STAR S,2011-12-05/2011-12-11,0.6600496,8.071925,5.3278713,8.071925,6.2160726,2.0,4.0,0.0
1904,XGBoostPoisson,84880,WHITE WIRE EGG HOLDER,2011-12-05/2011-12-11,0.6600496,5.9560037,3.931258,5.9560037,6.2145114,4.0,3.75,0.0
1905,XGBoostPoisson,21723,ALPHABET HEARTS STICKER SHEET,2011-12-05/2011-12-11,0.6600496,5.8020377,3.8296328,5.8020377,6.211878,3.0,2.0,0.0
1906,XGBoostPoisson,84931A,PINK SCOTTIE DOG W FLOWER PATTERN,2011-12-05/2011-12-11,0.6600496,6.7510395,4.456021,6.7510395,6.200639,7.0,4.25,0.0
1907,XGBoostPoisson,21580,RABBIT  DESIGN  COTTON TOTE BAG,2011-12-05/2011-12-11,0.7718192,6.578541,5.077444,6.578541,6.1792955,12.0,4.25,0.0
1908,XGBoostPoisson,84877B,GREEN ROUND COMPACT MIRROR,2011-12-05/2011-12-11,0.4236111,6.7419677,2.8559723,0.0,6.1577654,3.0,6.75,0.0
1909,XGBoostPoisson,21841,BABY MOUSE RED GINGHAM DRESS,2011-12-05/2011-12-11,0.5279503,7.2746468,3.8406518,7.2746468,6.1542716,1.0,3.5,0.0
1910,XGBoostPoisson,22414,DOORMAT NEIGHBOURHOOD WITCH ,2011-12-05/2011-12-11,0.7718191,7.449258,5.74948,7.449258,6.143827,1.0,3.75,0.0
1911,XGBoostPoisson,90161C,ANT COPPER LIME BOUDICCA BRACELET,2011-12-05/2011-12-11,0.8913738,5.7037787,5.084199,5.7037787,6.136181,5.0,5.25,0.0
1912,XGBoostPoisson,21581,SKULLS  DESIGN  COTTON TOTE BAG,2011-12-05/2011-12-11,0.6600496,7.5578356,4.9885464,7.5578356,6.110302,0.0,4.5,1.0
1913,XGBoostPoisson,22515,CHILDS GARDEN SPADE PINK,2011-12-05/2011-12-11,0.6979167,6.9232802,4.831873,6.9232802,6.042179,14.0,4.5,0.0
1914,XGBoostPoisson,23136,IVORY WIRE SWEETHEART LETTER TRAY,2011-12-05/2011-12-11,0.77181906,7.2229424,5.5748043,7.2229424,6.0265756,9.0,3.5,0.0
1915,XGBoostPoisson,22216,T-LIGHT HOLDER WHITE LACE,2011-12-05/2011-12-11,0.69931984,7.08619,4.9555135,7.08619,6.01716,4.0,4.0,0.0
1916,XGBoostPoisson,21379,CAMPHOR WOOD PORTOBELLO MUSHROOM,2011-12-05/2011-12-11,0.7718191,6.9080763,5.331785,6.9080763,6.0091496,6.0,3.5,0.0
1917,XGBoostPoisson,22390,PAPERWEIGHT CHILDHOOD MEMORIES,2011-12-05/2011-12-11,0.6134454,7.689603,4.7171516,7.689603,6.0042644,1.0,6.25,0.0
1918,XGBoostPoisson,21465,PINK FLOWER CROCHET FOOD COVER,2011-12-05/2011-12-11,0.8745875,6.9141,6.0469856,6.9141,5.993441,6.0,2.5,0.0
1919,XGBoostPoisson,21352,EUCALYPTUS & PINECONE  WREATH,2011-12-05/2011-12-11,0.346789,6.876659,2.3847497,0.0,5.9589057,0.0,0.25,2.0
1920,XGBoostPoisson,23072,MARIE ANTOINETTE TRINKET BOX SILVER,2011-12-05/2011-12-11,0.16494845,7.926795,1.3075125,0.0,5.949058,0.0,0.0,5.0
1921,XGBoostPoisson,22522,CHILDS GARDEN FORK BLUE ,2011-12-05/2011-12-11,0.5279503,8.830267,4.661942,8.830267,5.939196,0.0,4.5,1.0
1922,XGBoostPoisson,22498,WOODEN REGATTA BUNTING,2011-12-05/2011-12-11,0.85714287,6.927671,5.9380035,6.927671,5.938004,3.0,4.5,0.0
1923,XGBoostPoisson,22762,CUPBOARD 3 DRAWER MA CAMPAGNE,2011-12-05/2011-12-11,0.8301887,6.91471,5.7405143,6.91471,5.916811,3.0,3.25,0.0
1924,XGBoostPoisson,84600,NEW BAROQUE JEWELLERY BOX ,2011-12-05/2011-12-11,0.7718191,6.291454,4.8558645,6.291454,5.9159646,8.0,4.75,0.0
1925,XGBoostPoisson,84569D,PACK 6 HEART/ICE-CREAM PATCHES,2011-12-05/2011-12-11,0.6600496,7.242614,4.7804847,7.242614,5.9061737,0.0,5.75,1.0
1926,XGBoostPoisson,22510,GINGHAM BABUSHKA DOORSTOP,2011-12-05/2011-12-11,0.69791675,7.602605,5.3059855,7.602605,5.9016914,8.0,3.0,0.0
1927,XGBoostPoisson,72802B,OCEAN SCENT CANDLE IN JEWELLED BOX,2011-12-05/2011-12-11,0.10465117,10.788927,1.1290739,0.0,5.8971066,0.0,0.0,4.0
1928,XGBoostPoisson,21849,SILVER DIAMANTE PEN IN GIFT BOX,2011-12-05/2011-12-11,0.7718191,5.82057,4.4924273,5.82057,5.891704,6.0,4.75,0.0
1929,XGBoostPoisson,22843,BISCUIT TIN VINTAGE GREEN,2011-12-05/2011-12-11,0.83053434,7.671175,6.3711743,7.671175,5.873365,3.0,2.75,0.0
1930,XGBoostPoisson,22611,VINTAGE UNION JACK SHOPPING BAG,2011-12-05/2011-12-11,0.36051506,6.0902405,2.1956234,0.0,5.8713994,0.0,1.25,1.0
1931,XGBoostPoisson,22359,GLASS JAR KINGS CHOICE,2011-12-05/2011-12-11,0.8305344,6.8945065,5.726125,6.8945065,5.866219,5.0,2.75,0.0
1932,XGBoostPoisson,23043,PAPER LANTERN 9 POINT HOLLY STAR L,2011-12-05/2011-12-11,0.6134454,8.480199,5.202139,8.480199,5.850268,0.0,7.75,1.0
1933,XGBoostPoisson,85136C,RED SHARK HELICOPTER,2011-12-05/2011-12-11,0.7718191,6.1732135,4.764604,6.1732135,5.8461637,6.0,5.0,0.0
1934,XGBoostPoisson,72802C,VANILLA SCENT CANDLE JEWELLED BOX,2011-12-05/2011-12-11,0.053921573,20.700499,1.1162034,0.0,5.839486,0.0,0.0,4.0
1935,XGBoostPoisson,21823,PAINTED METAL HEART WITH HOLLY BELL,2011-12-05/2011-12-11,0.18592964,10.756077,1.9998735,0.0,5.8183722,0.0,0.25,2.0
1936,XGBoostPoisson,22316,200 BENDY SKULL STRAWS,2011-12-05/2011-12-11,0.7718191,7.075943,5.461348,7.075943,5.81139,3.0,4.5,0.0
1937,XGBoostPoisson,84806B,WHITE CANDYSTUFT ARTIFICIAL FLOWER,2011-12-05/2011-12-11,0.4214876,7.7358465,3.2605634,0.0,5.7893305,0.0,0.75,1.0
1938,XGBoostPoisson,23071,MARIE ANTOINETTE TRINKET BOX GOLD,2011-12-05/2011-12-11,0.14634146,8.454622,1.2372618,0.0,5.7877827,0.0,0.0,5.0
1939,XGBoostPoisson,22856,ASSORTED EASTER DECORATIONS  BELLS,2011-12-05/2011-12-11,0.4236111,8.249226,3.4944637,0.0,5.773867,0.0,6.5,2.0
1940,XGBoostPoisson,79144C,PAINTED LIGHTBULB RAINBOW DESIGN,2011-12-05/2011-12-11,0.6600496,6.4750514,4.273855,6.4750514,5.772992,2.0,1.25,0.0
1941,XGBoostPoisson,21041,RED RETROSPOT OVEN GLOVE DOUBLE,2011-12-05/2011-12-11,0.5208333,7.4914417,3.9017925,7.4914417,5.76744,0.0,0.75,1.0
1942,XGBoostPoisson,23268,SET OF 2 CERAMIC CHRISTMAS REINDEER,2011-12-05/2011-12-11,0.23978202,13.662918,3.276122,0.0,5.735242,0.0,0.75,2.0
1943,XGBoostPoisson,84913B,MINT GREEN ROSE TOWEL,2011-12-05/2011-12-11,0.5208333,6.091714,3.1727676,6.091714,5.7069707,12.0,3.5,0.0
1944,XGBoostPoisson,90086,CRYSTAL FROG PHONE CHARM,2011-12-05/2011-12-11,0.83053434,7.255542,6.0259767,7.255542,5.69625,15.0,4.75,0.0
1945,XGBoostPoisson,21678,PAISLEY PATTERN  STICKERS,2011-12-05/2011-12-11,0.42148757,7.923625,3.3397095,0.0,5.684323,0.0,7.75,1.0
1946,XGBoostPoisson,85136A,YELLOW SHARK HELICOPTER,2011-12-05/2011-12-11,0.7718191,5.79882,4.4756403,5.79882,5.6390843,5.0,3.0,0.0
1947,XGBoostPoisson,85169B,BLACK LOVE BIRD CANDLE,2011-12-05/2011-12-11,0.6979167,5.621617,3.9234202,5.621617,5.6236734,2.0,2.5,0.0
1948,XGBoostPoisson,21576,LETS GO SHOPPING COTTON TOTE BAG,2011-12-05/2011-12-11,0.6600496,7.418518,4.89659,7.418518,5.6178207,0.0,4.0,1.0
1949,XGBoostPoisson,84051,ASS COLOUR GLOWING TIARAS,2011-12-05/2011-12-11,0.604,8.693968,5.2511563,8.693968,5.5716796,1.0,4.0,0.0
1950,XGBoostPoisson,22912,YELLOW COAT RACK PARIS FASHION,2011-12-05/2011-12-11,0.83053434,6.7205434,5.581642,6.7205434,5.5545206,2.0,3.25,0.0
1951,XGBoostPoisson,22201,FRYING PAN BLUE POLKADOT,2011-12-05/2011-12-11,0.7718191,4.940019,3.8128011,4.940019,5.553651,5.0,3.25,0.0
1952,XGBoostPoisson,23417,BATHROOM HOOK,2011-12-05/2011-12-11,0.69791675,7.2575703,5.06518,7.2575703,5.4975853,4.0,4.25,0.0
1953,XGBoostPoisson,22221,CAKE STAND LOVEBIRD 2 TIER PINK,2011-12-05/2011-12-11,0.83053434,6.5622783,5.450197,6.5622783,5.491532,15.0,4.25,0.0
1954,XGBoostPoisson,20819,SILVER TEDDY BEAR,2011-12-05/2011-12-11,0.66004956,5.244572,3.4616776,5.244572,5.4447274,2.0,5.25,0.0
1955,XGBoostPoisson,72803A,ROSE SCENT CANDLE JEWELLED DRAWER,2011-12-05/2011-12-11,0.18592964,8.68545,1.6148825,0.0,5.4382586,0.0,0.0,4.0
1956,XGBoostPoisson,21747,SMALL SKULL WINDMILL,2011-12-05/2011-12-11,0.5279503,7.892355,4.166771,7.892355,5.42633,14.0,3.5,0.0
1957,XGBoostPoisson,21629,SQUARE FLOOR CUSHION VINTAGE RED,2011-12-05/2011-12-11,0.83053434,6.4800057,5.3818674,6.4800057,5.424468,4.0,4.0,0.0
1958,XGBoostPoisson,17136A,BLUE STONES ON WIRE FOR CANDLE,2011-12-05/2011-12-11,0.18592964,28.52607,5.303842,0.0,5.4113927,0.0,0.0,4.0
1959,XGBoostPoisson,85026B,EAU DE NILE JEWELLED T-LIGHT HOLDER,2011-12-05/2011-12-11,0.3196126,5.902631,1.8865551,0.0,5.407879,0.0,2.5,1.0
1960,XGBoostPoisson,20654,FIRST CLASS LUGGAGE TAG ,2011-12-05/2011-12-11,0.6600496,5.819124,3.8409107,5.819124,5.395579,2.0,6.0,0.0
1961,XGBoostPoisson,21683,MEDIUM MEDINA STAMPED METAL BOWL ,2011-12-05/2011-12-11,0.5279503,8.738359,4.6134195,8.738359,5.3855114,0.0,1.75,2.0
1962,XGBoostPoisson,84976,RECTANGULAR SHAPED MIRROR,2011-12-05/2011-12-11,0.5279503,8.347945,4.4073,8.347945,5.378562,1.0,1.75,0.0
1963,XGBoostPoisson,23187,FRENCH STYLE STORAGE JAR BONBONS,2011-12-05/2011-12-11,0.08993158,11.265788,1.0131501,0.0,5.3706207,0.0,0.0,4.0
1964,XGBoostPoisson,21025,SPACE FROG,2011-12-05/2011-12-11,0.6550219,6.95983,4.5588408,6.95983,5.3688,7.0,5.25,0.0
1965,XGBoostPoisson,85230F,JASMINE VOTIVE CANDLE,2011-12-05/2011-12-11,0.18592964,8.873709,1.6498855,0.0,5.36141,0.0,6.0,3.0
1966,XGBoostPoisson,71038,WHITE HANGING BEADS CANDLE HOLDER,2011-12-05/2011-12-11,0.65502185,6.1057935,3.999428,6.1057935,5.3561525,1.0,4.25,0.0
1967,XGBoostPoisson,90198A,VINTAGE ROSE BEAD BRACELET RASPBERR,2011-12-05/2011-12-11,0.6600496,5.3785825,3.5501313,5.3785825,5.354236,4.0,5.25,0.0
1968,XGBoostPoisson,46000U,POLYESTER FILLER PAD 30CMx30CM,2011-12-05/2011-12-11,0.5279503,6.967583,3.6785376,6.967583,5.3539405,10.0,2.5,0.0
1969,XGBoostPoisson,21096,SET/6 FRUIT SALAD  PAPER PLATES,2011-12-05/2011-12-11,0.44345897,8.921934,3.9565117,8.921934,5.3440275,0.0,6.5,2.0
1970,XGBoostPoisson,22559,SEASIDE FLYING DISC,2011-12-05/2011-12-11,0.6600496,7.7666826,5.1263957,7.7666826,5.3325715,0.0,6.0,1.0
1971,XGBoostPoisson,22412,METAL SIGN NEIGHBOURHOOD WITCH ,2011-12-05/2011-12-11,0.31182796,8.713253,2.717036,0.0,5.332113,0.0,1.5,3.0
1972,XGBoostPoisson,20665,RED RETROSPOT PURSE ,2011-12-05/2011-12-11,0.7718191,6.5835414,5.081303,6.5835414,5.324619,4.0,1.75,0.0
1973,XGBoostPoisson,84817,DANISH ROSE DECORATIVE PLATE,2011-12-05/2011-12-11,0.604,6.8721137,4.1507564,6.8721137,5.3136764,1.0,5.0,0.0
1974,XGBoostPoisson,84509B,SET OF 4 FAIRY CAKE PLACEMATS,2011-12-05/2011-12-11,0.6600497,6.083768,4.015589,6.083768,5.3129826,0.0,5.5,1.0
1975,XGBoostPoisson,23016,GLASS TWIST BON BON JAR,2011-12-05/2011-12-11,0.6600497,7.206274,4.756499,7.206274,5.2937336,6.0,3.0,0.0
1976,XGBoostPoisson,21377,SMALL CAMPHOR WOOD FIELD  MUSHROOM,2011-12-05/2011-12-11,0.6134454,6.0842423,3.7323506,6.0842423,5.2812705,12.0,4.5,0.0
1977,XGBoostPoisson,90200E,GREEN SWEETHEART BRACELET,2011-12-05/2011-12-11,0.7058823,4.7642617,3.363008,4.7642617,5.2412815,4.0,2.0,0.0
1978,XGBoostPoisson,21441,BLUE BIRDHOUSE DECORATION,2011-12-05/2011-12-11,0.65502185,7.019436,4.5978837,7.019436,5.2372713,2.0,4.0,0.0
1979,XGBoostPoisson,21427,SKULLS STORAGE BOX SMALL,2011-12-05/2011-12-11,0.6979167,5.7431808,4.0082617,5.7431808,5.2334504,6.0,3.5,0.0
1980,XGBoostPoisson,20936,FORKED CACTUS CANDLE,2011-12-05/2011-12-11,0.6979167,6.219555,4.340731,6.219555,5.2236342,3.0,4.0,0.0
1981,XGBoostPoisson,84968A,SET OF 16 VINTAGE ROSE CUTLERY,2011-12-05/2011-12-11,0.7718191,5.8827996,4.5404572,5.8827996,5.2235017,1.0,1.75,0.0
1982,XGBoostPoisson,21371,MIRRORED WALL ART POPPIES,2011-12-05/2011-12-11,0.5279503,7.560439,3.991536,7.560439,5.2177033,12.0,3.25,0.0
1983,XGBoostPoisson,35651,VINTAGE BEAD PINK SCARF ,2011-12-05/2011-12-11,0.39655173,11.954463,4.740563,0.0,5.1946673,0.0,6.5,3.0
1984,XGBoostPoisson,23019,SMALL APOTHECARY MEASURING JAR ,2011-12-05/2011-12-11,0.66004956,6.0011168,3.9610345,6.0011168,5.19456,2.0,1.5,0.0
1985,XGBoostPoisson,23099,FRENCH CARRIAGE LANTERN,2011-12-05/2011-12-11,0.83053434,6.6222606,5.500015,6.6222606,5.188011,4.0,2.25,0.0
1986,XGBoostPoisson,21221,SET/4 BADGES CUTE CREATURES,2011-12-05/2011-12-11,0.5279503,7.0383224,3.7158844,7.0383224,5.169983,10.0,2.5,0.0
1987,XGBoostPoisson,22363,GLASS JAR MARMALADE ,2011-12-05/2011-12-11,0.8305343,5.8226037,4.835872,5.8226037,5.137311,2.0,2.5,0.0
1988,XGBoostPoisson,85170C,SET/6 EAU DE NIL BIRD T-LIGHTS,2011-12-05/2011-12-11,0.6979166,5.7069645,3.9829855,5.7069645,5.133366,7.0,2.25,0.0
1989,XGBoostPoisson,21555,CERAMIC STRAWBERRY TRINKET TRAY,2011-12-05/2011-12-11,0.83053434,5.6522713,4.6944056,5.6522713,5.1185474,4.0,3.0,0.0
1990,XGBoostPoisson,23021,GLASS BONNE JAM JAR,2011-12-05/2011-12-11,0.52083325,8.112227,4.2251177,8.112227,5.096345,0.0,2.0,1.0
1991,XGBoostPoisson,22166,WALL MIRROR RECTANGLE DIAMANTE PINK,2011-12-05/2011-12-11,0.8305343,4.972669,4.129972,4.972669,5.092555,2.0,2.25,0.0
1992,XGBoostPoisson,22797,CHEST OF DRAWERS GINGHAM HEART ,2011-12-05/2011-12-11,0.7718191,6.6797557,5.1555634,6.6797557,5.0886807,3.0,3.5,0.0
1993,XGBoostPoisson,20766,GARDEN PATH SKETCHBOOK,2011-12-05/2011-12-11,0.6600496,5.8046165,3.8313348,5.8046165,5.0754957,4.0,2.75,0.0
1994,XGBoostPoisson,22243,5 HOOK HANGER RED MAGIC TOADSTOOL,2011-12-05/2011-12-11,0.5279503,7.6250954,4.0256715,7.6250954,5.0531397,1.0,0.75,0.0
1995,XGBoostPoisson,46776D,WOVEN SUNSET CUSHION COVER ,2011-12-05/2011-12-11,0.7718191,6.2112017,4.7939243,6.2112017,5.0342855,7.0,4.25,0.0
1996,XGBoostPoisson,22223,CAKE PLATE LOVEBIRD PINK,2011-12-05/2011-12-11,0.6600496,5.973809,3.94301,5.973809,5.0297236,7.0,2.75,0.0
1997,XGBoostPoisson,22049,WRAP CHRISTMAS SCREEN PRINT,2011-12-05/2011-12-11,0.053921573,19.669342,1.0606018,0.0,4.989149,0.0,0.0,6.0
1998,XGBoostPoisson,20735,BLACK MINI TAPE MEASURE ,2011-12-05/2011-12-11,0.5555556,5.1866937,2.8814967,5.1866937,4.9552045,4.0,2.5,0.0
1999,XGBoostPoisson,23064,CINDERELLA CHANDELIER ,2011-12-05/2011-12-11,0.1866197,9.235026,1.7234378,0.0,4.9503274,0.0,0.0,4.0
2000,XGBoostPoisson,21407,BROWN CHECK CAT DOORSTOP ,2011-12-05/2011-12-11,0.604,5.472117,3.3051584,5.472117,4.924238,0.0,1.0,1.0
2001,XGBoostPoisson,21708,FOLDING UMBRELLA CREAM POLKADOT,2011-12-05/2011-12-11,0.6600496,6.2749643,4.141788,6.2749643,4.9196763,1.0,2.0,0.0
2002,XGBoostPoisson,23183,MOTHER'S KITCHEN SPOON REST ,2011-12-05/2011-12-11,0.7058824,7.7126074,5.4441934,7.7126074,4.9028587,0.0,3.5,1.0
2003,XGBoostPoisson,20837,FRENCH FLORAL CUSHION COVER ,2011-12-05/2011-12-11,0.42148757,8.056671,3.3957868,0.0,4.8890615,0.0,6.75,2.0
2004,XGBoostPoisson,21634,ASSORTED MINI MADRAS NOTEBOOK,2011-12-05/2011-12-11,0.18592964,27.340261,5.083365,0.0,4.8844066,0.0,0.0,7.0
2005,XGBoostPoisson,20769,DAISY JOURNAL ,2011-12-05/2011-12-11,0.65502185,6.716682,4.3995733,6.716682,4.873644,8.0,3.5,0.0
2006,XGBoostPoisson,47471,RAINBOW PEGS PHOTO CLIP STRING,2011-12-05/2011-12-11,0.83018863,5.5742173,4.6276517,5.5742173,4.8576612,4.0,2.25,0.0
2007,XGBoostPoisson,85170D,SET/6 PINK BIRD T-LIGHT CANDLES,2011-12-05/2011-12-11,0.83053434,5.3696375,4.459668,5.3696375,4.851083,2.0,3.0,0.0
2008,XGBoostPoisson,20707,CRAZY DAISY HEART DECORATION,2011-12-05/2011-12-11,0.7718191,6.9450774,5.3603435,6.9450774,4.832429,1.0,4.0,0.0
2009,XGBoostPoisson,72780,BLACK SILOUETTE CANDLE PLATE,2011-12-05/2011-12-11,0.44345897,7.1035843,3.1501482,7.1035843,4.8291435,2.0,0.75,0.0
2010,XGBoostPoisson,21830,ASSORTED CREEPY CRAWLIES,2011-12-05/2011-12-11,0.346789,7.9438496,2.7548397,0.0,4.8264146,0.0,0.25,1.0
2011,XGBoostPoisson,21462,"NURSERY A,B,C PAINTED LETTERS",2011-12-05/2011-12-11,0.7718191,5.736783,4.4277587,5.736783,4.8171606,11.0,3.75,0.0
2012,XGBoostPoisson,21251,DINOSAUR HEIGHT CHART STICKER SET,2011-12-05/2011-12-11,0.6979167,6.2164626,4.338573,6.2164626,4.7996325,1.0,4.25,0.0
2013,XGBoostPoisson,84859C,PINK DISCO HANDBAG,2011-12-05/2011-12-11,0.5279503,6.974776,3.682335,6.974776,4.7863154,0.0,4.25,1.0
2014,XGBoostPoisson,21528,DAIRY MAID TRADITIONAL TEAPOT ,2011-12-05/2011-12-11,0.83053434,5.735073,4.763175,5.735073,4.7818904,2.0,1.75,0.0
2015,XGBoostPoisson,21032,SPACE CADET WHITE,2011-12-05/2011-12-11,0.65502185,5.0208426,3.2887616,5.0208426,4.7736144,11.0,4.5,0.0
2016,XGBoostPoisson,16015,MEDIUM CHINESE STYLE SCISSOR,2011-12-05/2011-12-11,0.36051506,7.526889,2.7135568,0.0,4.7735186,0.0,7.5,2.0
2017,XGBoostPoisson,21367,MIRRORED WALL ART GENTS,2011-12-05/2011-12-11,0.6600496,5.6542926,3.7321136,5.6542926,4.7529607,2.0,2.25,0.0
2018,XGBoostPoisson,21378,SMALL TALL CAMPHOR WOOD TOADSTOOL,2011-12-05/2011-12-11,0.6134454,6.3359737,3.886774,6.3359737,4.7499127,7.0,3.5,0.0
2019,XGBoostPoisson,72799F,IVORY PILLAR CANDLE GOLD FLOCK,2011-12-05/2011-12-11,0.5555556,5.6126614,3.1181455,5.6126614,4.74948,0.0,3.5,1.0
2020,XGBoostPoisson,22341,LOVE GARLAND PAINTED ZINC ,2011-12-05/2011-12-11,0.6600496,6.2472215,4.123476,6.2472215,4.7341714,1.0,2.0,0.0
2021,XGBoostPoisson,21071,VINTAGE BILLBOARD DRINK ME MUG,2011-12-05/2011-12-11,0.10465117,9.05702,0.94782776,0.0,4.734106,0.0,0.0,4.0
2022,XGBoostPoisson,21696,SMALL SILVER TRELLIS CANDLEPOT,2011-12-05/2011-12-11,0.4236111,7.359829,3.1177053,0.0,4.729497,0.0,2.0,1.0
2023,XGBoostPoisson,21415,CLAM SHELL SMALL ,2011-12-05/2011-12-11,0.6134454,6.9643965,4.272277,6.9643965,4.719026,0.0,1.75,1.0
2024,XGBoostPoisson,22504,CABIN BAG VINTAGE RETROSPOT,2011-12-05/2011-12-11,0.5992509,6.6608896,3.9915442,6.6608896,4.6922803,0.0,6.25,1.0
2025,XGBoostPoisson,46776E,WOVEN CANDY CUSHION COVER ,2011-12-05/2011-12-11,0.7718191,5.7160916,4.411789,5.7160916,4.6863475,6.0,3.5,0.0
2026,XGBoostPoisson,90030A,SPOTTED WHITE NATURAL SEED NECKLACE,2011-12-05/2011-12-11,0.23157895,7.9691095,1.8454779,0.0,4.6595564,6.0,1.5,0.0
2027,XGBoostPoisson,44235,ASS COL CIRCLE MOBILE ,2011-12-05/2011-12-11,0.44345897,5.9503045,2.638716,5.9503045,4.6207733,6.0,2.25,0.0
2028,XGBoostPoisson,22641,SET OF 4 NAPKIN CHARMS INSTRUMENT,2011-12-05/2011-12-11,0.7718191,6.2985497,4.861341,6.2985497,4.6192937,2.0,2.25,0.0
2029,XGBoostPoisson,84708B,PINK JEWELLED PHOTO FRAME ,2011-12-05/2011-12-11,0.66004956,6.3959074,4.221616,6.3959074,4.6185966,8.0,4.5,0.0
2030,XGBoostPoisson,84569A,PACK 3 IRON ON DOG PATCHES,2011-12-05/2011-12-11,0.5208333,6.4436064,3.3560448,6.4436064,4.6180534,0.0,3.0,1.0
2031,XGBoostPoisson,22317,FIVE CATS HANGING DECORATION,2011-12-05/2011-12-11,0.66004956,5.669288,3.742011,5.669288,4.6043997,4.0,2.75,0.0
2032,XGBoostPoisson,22516,CHILDS GARDEN RAKE BLUE,2011-12-05/2011-12-11,0.5555556,6.0091352,3.3384087,6.0091352,4.604212,13.0,4.25,0.0
2033,XGBoostPoisson,20759,CHRYSANTHEMUM POCKET BOOK ,2011-12-05/2011-12-11,0.5555556,6.535321,3.6307342,6.535321,4.6030746,0.0,6.5,1.0
2034,XGBoostPoisson,22305,COFFEE MUG PINK PAISLEY DESIGN,2011-12-05/2011-12-11,0.6600496,7.011488,4.62793,7.011488,4.592659,2.0,1.25,0.0
2035,XGBoostPoisson,79191B,RETRO PLASTIC POLKA TRAY,2011-12-05/2011-12-11,0.4236111,6.7581463,2.8628259,0.0,4.585569,0.0,5.75,2.0
2036,XGBoostPoisson,22894,TABLECLOTH RED APPLES DESIGN ,2011-12-05/2011-12-11,0.7718191,6.420471,4.9554424,6.420471,4.5740995,8.0,2.25,0.0
2037,XGBoostPoisson,15060B,FAIRY CAKE DESIGN UMBRELLA,2011-12-05/2011-12-11,0.44345897,9.101604,4.036188,9.101604,4.5643325,0.0,4.5,2.0
2038,XGBoostPoisson,23094,LE GRAND TRAY CHIC SET,2011-12-05/2011-12-11,0.89137375,6.918094,6.1666074,6.918094,4.562404,1.0,2.5,0.0
2039,XGBoostPoisson,21626,VINTAGE UNION JACK PENNANT,2011-12-05/2011-12-11,0.4333333,5.9313326,2.570244,0.0,4.556657,0.0,3.0,1.0
2040,XGBoostPoisson,21051,RIBBONS PURSE ,2011-12-05/2011-12-11,0.44345897,4.5111437,2.000507,4.5111437,4.5562553,0.0,5.25,1.0
2041,XGBoostPoisson,21442,GREEN BIRDHOUSE DECORATION,2011-12-05/2011-12-11,0.5208333,6.6063395,3.4408016,6.6063395,4.5528965,0.0,3.5,2.0
2042,XGBoostPoisson,47585A,PINK FAIRY CAKE CUSHION COVER,2011-12-05/2011-12-11,0.6979167,6.2780538,4.3815584,6.2780538,4.5494967,4.0,3.25,0.0
2043,XGBoostPoisson,84659A,WHITE TRAVEL ALARM CLOCK,2011-12-05/2011-12-11,0.6134454,6.963246,4.271571,6.963246,4.5260015,0.0,3.25,1.0
2044,XGBoostPoisson,21922,UNION STRIPE WITH FRINGE  HAMMOCK,2011-12-05/2011-12-11,0.7718191,7.3540316,5.675982,7.3540316,4.5086803,5.0,2.0,0.0
2045,XGBoostPoisson,21253,SET OF PICTURE FRAME  STICKERS,2011-12-05/2011-12-11,0.6600496,5.6716514,3.7435713,5.6716514,4.504829,1.0,3.0,0.0
2046,XGBoostPoisson,23253,16 PIECE CUTLERY SET PANTRY DESIGN,2011-12-05/2011-12-11,0.7718191,9.654746,7.4517174,9.654746,4.4982367,0.0,3.5,1.0
2047,XGBoostPoisson,85130D,BEADED CRYSTAL HEART PINK LARGE,2011-12-05/2011-12-11,0.5992509,6.10426,3.6579833,6.10426,4.486985,3.0,1.0,0.0
2048,XGBoostPoisson,21000,ROSE DU SUD COSMETICS BAG,2011-12-05/2011-12-11,0.7718191,4.891612,3.7754397,4.891612,4.4860864,3.0,2.75,0.0
2049,XGBoostPoisson,85039C,S/4 BLACK MINI ROSE CANDLE IN BOWL,2011-12-05/2011-12-11,0.7718191,6.010363,4.638913,6.010363,4.466025,2.0,3.5,0.0
2050,XGBoostPoisson,22913,RED COAT RACK PARIS FASHION,2011-12-05/2011-12-11,0.83053434,5.410417,4.493537,5.410417,4.4386816,3.0,2.5,0.0
2051,XGBoostPoisson,23069,EDWARDIAN PHOTO FRAME,2011-12-05/2011-12-11,0.6550218,6.2732882,4.1091404,6.2732882,4.4353127,2.0,2.0,0.0
2052,XGBoostPoisson,21244,BLUE POLKADOT PLATE ,2011-12-05/2011-12-11,0.5388894,5.0156965,2.7029057,5.0156965,4.4147687,0.0,1.0,1.0
2053,XGBoostPoisson,21749,LARGE RED RETROSPOT WINDMILL,2011-12-05/2011-12-11,0.7718191,6.5941935,5.0895247,6.5941935,4.40959,1.0,4.0,0.0
2054,XGBoostPoisson,21417,COCKLE SHELL DISH,2011-12-05/2011-12-11,0.5992509,7.0572824,4.229083,7.0572824,4.4083905,0.0,5.5,2.0
2055,XGBoostPoisson,23017,APOTHECARY MEASURING JAR,2011-12-05/2011-12-11,0.6600496,5.8607116,3.8683605,5.8607116,4.3863325,0.0,2.25,1.0
2056,XGBoostPoisson,90116,FRUIT SALAD BAG CHARM,2011-12-05/2011-12-11,0.6600496,5.0541787,3.3360088,5.0541787,4.3628836,12.0,4.25,0.0
2057,XGBoostPoisson,21205,MULTICOLOUR 3D BALLS GARLAND,2011-12-05/2011-12-11,0.7718191,5.6254034,4.341794,5.6254034,4.3620434,1.0,3.5,0.0
2058,XGBoostPoisson,20763,DAISY SKETCHBOOK ,2011-12-05/2011-12-11,0.6550219,5.523228,3.6178355,5.523228,4.3434796,0.0,6.0,1.0
2059,XGBoostPoisson,90030C,BROWN KUKUI COCONUT SEED NECKLACE,2011-12-05/2011-12-11,0.3196126,8.137247,2.6007667,0.0,4.337709,0.0,1.5,1.0
2060,XGBoostPoisson,22500,SET OF 2 TINS JARDIN DE PROVENCE,2011-12-05/2011-12-11,0.83053434,5.5235353,4.587486,5.5235353,4.328916,5.0,3.0,0.0
2061,XGBoostPoisson,81952V,ROUND PURPLE CLOCK WITH SUCKER,2011-12-05/2011-12-11,0.5208333,7.566168,3.9407122,7.566168,4.3274875,0.0,1.75,1.0
2062,XGBoostPoisson,21622,VINTAGE UNION JACK CUSHION COVER,2011-12-05/2011-12-11,0.6600496,6.1253576,4.04304,6.1253576,4.324558,3.0,1.5,0.0
2063,XGBoostPoisson,23180,MUM'S KITCHEN CLOCK,2011-12-05/2011-12-11,0.7718191,6.4216986,4.95639,6.4216986,4.3192873,6.0,3.0,0.0
2064,XGBoostPoisson,21694,SMALL REGAL  SILVER CANDLEPOT ,2011-12-05/2011-12-11,0.34678897,10.299144,3.5716295,0.0,4.3173556,0.0,3.5,2.0
2065,XGBoostPoisson,72799C,PINK PILLAR CANDLE SILVER FLOCK,2011-12-05/2011-12-11,0.5279503,4.9885488,2.6337059,4.9885488,4.309923,7.0,3.0,0.0
2066,XGBoostPoisson,84924A,WAKE UP COCKEREL CALENDAR SIGN ,2011-12-05/2011-12-11,0.7718191,5.586425,4.3117094,5.586425,4.2928653,2.0,4.5,0.0
2067,XGBoostPoisson,15044C,PURPLE PAPER PARASOL,2011-12-05/2011-12-11,0.6600496,7.080167,4.673261,7.080167,4.289815,0.0,4.0,1.0
2068,XGBoostPoisson,79063C,"RETRO PILL BOX KEY CHAIN,THE KING",2011-12-05/2011-12-11,0.346789,6.2994666,2.1845858,0.0,4.283046,0.0,0.5,1.0
2069,XGBoostPoisson,72816,SET/3 CHRISTMAS DECOUPAGE CANDLES,2011-12-05/2011-12-11,0.053921573,7.09468,0.3825563,0.0,4.279497,0.0,0.0,6.0
2070,XGBoostPoisson,20622,VIPPASSPORT COVER ,2011-12-05/2011-12-11,0.7718191,5.3608727,4.1376243,5.3608727,4.2715297,2.0,4.5,0.0
2071,XGBoostPoisson,22204,MILK PAN BLUE POLKADOT,2011-12-05/2011-12-11,0.5992509,4.9452205,2.9634278,4.9452205,4.2650065,2.0,1.0,0.0
2072,XGBoostPoisson,21937,STRAWBERRY   PICNIC BAG,2011-12-05/2011-12-11,0.346789,7.521577,2.6084,0.0,4.247086,4.0,1.25,0.0
2073,XGBoostPoisson,22538,MINI JIGSAW GO TO THE FAIR,2011-12-05/2011-12-11,0.6550219,6.8647227,4.496544,6.8647227,4.233001,2.0,3.0,0.0
2074,XGBoostPoisson,21539,RED RETROSPOT BUTTER DISH,2011-12-05/2011-12-11,0.10465115,12.083629,1.2645657,0.0,4.2276163,0.0,0.0,4.0
2075,XGBoostPoisson,22822,CREAM WALL PLANTER HEART SHAPED,2011-12-05/2011-12-11,0.83053434,7.106494,5.9021873,7.106494,4.218818,3.0,2.0,0.0
2076,XGBoostPoisson,21896,POTTING SHED TWINE,2011-12-05/2011-12-11,0.6600497,5.769666,3.8082664,5.769666,4.2165775,0.0,2.5,1.0
2077,XGBoostPoisson,21700,BIG DOUGHNUT FRIDGE MAGNETS,2011-12-05/2011-12-11,0.23978204,7.746622,1.8575008,0.0,4.2136765,0.0,0.25,3.0
2078,XGBoostPoisson,21355,TOAST ITS - I LOVE YOU ,2011-12-05/2011-12-11,0.5992509,5.5708237,3.3383212,5.5708237,4.1985555,0.0,1.75,1.0
2079,XGBoostPoisson,20655,QUEEN OF SKIES LUGGAGE TAG,2011-12-05/2011-12-11,0.7718191,4.869388,3.7582867,4.869388,4.1682596,5.0,2.75,0.0
2080,XGBoostPoisson,22802,FAUX FUR CHOCOLATE THROW,2011-12-05/2011-12-11,0.6600496,5.944741,3.9238238,5.944741,4.168171,6.0,3.75,0.0
2081,XGBoostPoisson,22517,CHILDS GARDEN RAKE PINK,2011-12-05/2011-12-11,0.6979166,5.4849896,3.8280654,5.4849896,4.1506658,9.0,3.75,0.0
2082,XGBoostPoisson,21709,FOLDING UMBRELLA CHOCOLATE POLKADOT,2011-12-05/2011-12-11,0.7718191,5.3187723,4.10513,5.3187723,4.1502814,1.0,2.25,0.0
2083,XGBoostPoisson,84707A,SILVER JEWELLED MIRROR TRINKET TRAY,2011-12-05/2011-12-11,0.7058824,5.372457,3.7923226,5.372457,4.1305766,6.0,3.0,0.0
2084,XGBoostPoisson,75011,BLUE DAISY MOBILE,2011-12-05/2011-12-11,0.36051503,7.0283136,2.5338128,0.0,4.1269355,1.0,0.25,0.0
2085,XGBoostPoisson,82613C,"METAL SIGN,CUPCAKE SINGLE HOOK",2011-12-05/2011-12-11,0.7058824,5.214543,3.6808538,5.214543,4.121499,1.0,4.75,0.0
2086,XGBoostPoisson,84944,SET OF 6 KASHMIR FOLKART BAUBLES,2011-12-05/2011-12-11,0.23978204,12.814807,3.0727606,0.0,4.10963,0.0,0.0,4.0
2087,XGBoostPoisson,23091,ZINC HERB GARDEN CONTAINER,2011-12-05/2011-12-11,0.346789,11.496001,3.9866867,0.0,4.09719,0.0,0.25,3.0
2088,XGBoostPoisson,90170,DAISY HAIR BAND,2011-12-05/2011-12-11,0.6600496,6.1832376,4.0812435,6.1832376,4.0963287,7.0,3.5,0.0
2089,XGBoostPoisson,35912B,WHITE/PINK CHICK DECORATION,2011-12-05/2011-12-11,0.18592964,19.825401,3.6861298,0.0,4.0680985,0.0,0.0,5.0
2090,XGBoostPoisson,22291,"SPRING DEC , HANGING CHICK CREAM",2011-12-05/2011-12-11,0.18661971,5.4691486,1.020651,0.0,4.055424,0.0,0.5,1.0
2091,XGBoostPoisson,22292,HANGING CHICK  YELLOW DECORATION,2011-12-05/2011-12-11,0.5279503,4.6162343,2.4371421,4.6162343,4.035559,0.0,1.25,1.0
2092,XGBoostPoisson,51008,AFGHAN SLIPPER SOCK PAIR,2011-12-05/2011-12-11,0.36051506,4.1740723,1.5048159,0.0,4.034364,0.0,1.5,1.0
2093,XGBoostPoisson,90164A,PINK ROSEBUD PEARL BRACELET,2011-12-05/2011-12-11,0.4236111,5.3823376,2.2800179,0.0,4.01753,7.0,3.75,0.0
2094,XGBoostPoisson,21129,SILVER FISHING GNOME ,2011-12-05/2011-12-11,0.7718191,5.3719845,4.1462,5.3719845,4.009389,9.0,3.25,0.0
2095,XGBoostPoisson,35637A,IVORY STRING CURTAIN WITH POLE ,2011-12-05/2011-12-11,0.59925085,6.32237,3.7886856,6.32237,4.0065184,0.0,1.75,1.0
2096,XGBoostPoisson,84663A,GRASS HOPPER WOODEN WALL CLOCK ,2011-12-05/2011-12-11,0.52083325,7.4996862,3.906086,7.4996862,3.9875562,0.0,4.25,2.0
2097,XGBoostPoisson,22512,DOORSTOP RACING CAR DESIGN,2011-12-05/2011-12-11,0.66004956,6.092853,4.021585,6.092853,3.9553187,4.0,4.0,0.0
2098,XGBoostPoisson,90161B,ANT COPPER TURQ BOUDICCA BRACELET,2011-12-05/2011-12-11,0.6134454,5.502308,3.3753655,5.502308,3.9437459,2.0,3.0,0.0
2099,XGBoostPoisson,84592,CROCHET ROSE PURSE WITH SUEDE BACK,2011-12-05/2011-12-11,0.604,5.5916457,3.377354,5.5916457,3.9234233,6.0,3.25,0.0
2100,XGBoostPoisson,22513,DOORSTOP FOOTBALL DESIGN,2011-12-05/2011-12-11,0.6600497,5.086483,3.3573315,5.086483,3.9215221,3.0,2.75,0.0
2101,XGBoostPoisson,79164,BLACK WINE GLASS,2011-12-05/2011-12-11,0.23978202,3.8607912,0.9257483,0.0,3.9187083,0.0,4.5,3.0
2102,XGBoostPoisson,22936,BAKING MOULD ROSE WHITE CHOCOLATE,2011-12-05/2011-12-11,0.66004956,5.8880424,3.8863997,5.8880424,3.9151008,2.0,1.25,0.0
2103,XGBoostPoisson,72133,COLUMBIAN CANDLE RECTANGLE,2011-12-05/2011-12-11,0.4236111,5.004204,2.1198363,0.0,3.9125526,6.0,3.0,0.0
2104,XGBoostPoisson,35968,FOLK ART METAL HEART T-LIGHT HOLDER,2011-12-05/2011-12-11,0.23157895,9.067346,2.0998063,0.0,3.8887365,0.0,0.0,4.0
2105,XGBoostPoisson,21644,ASSORTED TUTTI FRUTTI HEART BOX,2011-12-05/2011-12-11,0.5555556,5.401617,3.0008986,5.401617,3.8738816,0.0,2.75,1.0
2106,XGBoostPoisson,90201B,BLACK ENAMEL FLOWER RING,2011-12-05/2011-12-11,0.5208333,6.3861904,3.3261406,6.3861904,3.863907,6.0,1.75,0.0
2107,XGBoostPoisson,37462E,"PET MUG, GOLDFISH",2011-12-05/2011-12-11,0.42361113,4.5309987,1.9193815,0.0,3.8539636,12.0,3.25,0.0
2108,XGBoostPoisson,22454,MEASURING TAPE BABUSHKA RED,2011-12-05/2011-12-11,0.5279503,6.897478,3.6415255,6.897478,3.852858,0.0,3.25,2.0
2109,XGBoostPoisson,90164B,WHITE  ROSEBUD PEARL BRACELET,2011-12-05/2011-12-11,0.5279503,5.3331413,2.8156335,5.3331413,3.8191652,1.0,4.75,0.0
2110,XGBoostPoisson,15030,FAN BLACK FRAME ,2011-12-05/2011-12-11,0.23978204,7.102602,1.7030764,0.0,3.8161082,0.0,5.5,3.0
2111,XGBoostPoisson,46000R,POLYESTER FILLER PAD 45x30cm,2011-12-05/2011-12-11,0.66004956,5.4561143,3.6013057,5.4561143,3.8072214,2.0,1.5,0.0
2112,XGBoostPoisson,21711,FOLDING UMBRELLA WHITE/RED POLKADOT,2011-12-05/2011-12-11,0.5992509,5.8981085,3.534447,5.8981085,3.8016307,0.0,1.75,1.0
2113,XGBoostPoisson,22248,DECORATION  PINK CHICK MAGIC GARDEN,2011-12-05/2011-12-11,0.42148757,5.9484286,2.5071888,0.0,3.7978115,0.0,4.25,2.0
2114,XGBoostPoisson,35965,FOLKART HEART NAPKIN RINGS,2011-12-05/2011-12-11,0.346789,10.531458,3.6521938,0.0,3.7975616,0.0,3.0,2.0
2115,XGBoostPoisson,22263,FELT EGG COSY LADYBIRD ,2011-12-05/2011-12-11,0.65502185,6.2807016,4.113997,6.2807016,3.7777677,2.0,4.0,0.0
2116,XGBoostPoisson,37327,ASSTD MULTICOLOUR CIRCLES MUG,2011-12-05/2011-12-11,0.239782,7.504897,1.7995393,0.0,3.7715418,0.0,4.0,3.0
2117,XGBoostPoisson,22709,WRAP WEDDING DAY,2011-12-05/2011-12-11,0.16494843,14.987956,2.47224,0.0,3.771055,0.0,0.0,5.0
2118,XGBoostPoisson,84429A,MEDIUM PINK BUDDHA HEAD ,2011-12-05/2011-12-11,0.5208333,5.0092206,2.608969,5.0092206,3.7689338,12.0,3.25,0.0
2119,XGBoostPoisson,21850,BLUE  DIAMANTE PEN IN GIFT BOX,2011-12-05/2011-12-11,0.8305343,4.5976977,3.8185456,4.5976977,3.767384,5.0,2.25,0.0
2120,XGBoostPoisson,35649,VINTAGE BEAD COSMETIC BAG ,2011-12-05/2011-12-11,0.6979167,5.976916,4.171389,5.976916,3.7662811,2.0,3.0,0.0
2121,XGBoostPoisson,22395,PAPERWEIGHT VINTAGE PAISLEY,2011-12-05/2011-12-11,0.6600496,4.7762,3.1525288,4.7762,3.7606063,7.0,3.0,0.0
2122,XGBoostPoisson,22740,POLKADOT PEN,2011-12-05/2011-12-11,0.04391892,46.20987,2.0294876,0.0,3.7443788,0.0,0.0,9.0
2123,XGBoostPoisson,85035A,GARDENIA 3 WICK MORRIS BOXED CANDLE,2011-12-05/2011-12-11,0.18592963,5.9111495,1.0990578,0.0,3.7262883,0.0,0.0,5.0
2124,XGBoostPoisson,21368,MIRRORED WALL ART LADIES,2011-12-05/2011-12-11,0.604,5.3300977,3.219379,5.3300977,3.723722,0.0,2.25,1.0
2125,XGBoostPoisson,37479P,CUBIC MUG FLOCK PINK ON BROWN,2011-12-05/2011-12-11,0.42148763,8.979128,3.7845914,0.0,3.7099888,0.0,1.0,3.0
2126,XGBoostPoisson,84884A,ANT WHITE WIRE HEART SPIRAL,2011-12-05/2011-12-11,0.7718191,5.6381044,4.351597,5.6381044,3.6998575,1.0,2.0,0.0
2127,XGBoostPoisson,21710,FOLDING UMBRELLA PINKWHITE POLKADOT,2011-12-05/2011-12-11,0.5992509,5.3967247,3.233992,5.3967247,3.6952703,0.0,2.5,1.0
2128,XGBoostPoisson,23053,RECYCLED ACAPULCO MAT PINK,2011-12-05/2011-12-11,0.6134454,7.10987,4.361517,7.10987,3.6943097,1.0,0.75,0.0
2129,XGBoostPoisson,82613D,METAL SIGN CUPCAKE SINGLE HOOK,2011-12-05/2011-12-11,0.6134454,5.361713,3.289118,5.361713,3.6852894,0.0,5.0,2.0
2130,XGBoostPoisson,21758,VINTAGE SHELLS PRINT,2011-12-05/2011-12-11,0.6134454,4.8780327,2.9924066,4.8780327,3.6752112,2.0,3.25,0.0
2131,XGBoostPoisson,71279,PINK GLASS CANDLEHOLDER,2011-12-05/2011-12-11,0.4236111,6.1527305,2.606365,0.0,3.6716137,0.0,3.0,3.0
2132,XGBoostPoisson,22293,HANGING CHICK GREEN DECORATION,2011-12-05/2011-12-11,0.5992509,6.580202,3.943192,6.580202,3.6609213,0.0,1.0,1.0
2133,XGBoostPoisson,22832,BROCANTE SHELF WITH HOOKS,2011-12-05/2011-12-11,0.6600496,6.1284065,4.0450525,6.1284065,3.6500666,1.0,4.75,0.0
2134,XGBoostPoisson,85095,THREE CANVAS LUGGAGE TAGS,2011-12-05/2011-12-11,0.5208333,5.6055923,2.9195793,5.6055923,3.6464374,1.0,4.25,0.0
2135,XGBoostPoisson,90214A,"LETTER ""A"" BLING KEY RING",2011-12-05/2011-12-11,0.7718191,5.519964,4.260414,5.519964,3.6336029,1.0,4.0,0.0
2136,XGBoostPoisson,21395,BLUE POLKADOT BEAKER ,2011-12-05/2011-12-11,0.3196126,15.229984,4.867695,0.0,3.6180396,0.0,0.0,4.0
2137,XGBoostPoisson,23051,RECYCLED ACAPULCO MAT BLUE,2011-12-05/2011-12-11,0.6979166,7.65609,5.3433123,7.65609,3.6148837,0.0,2.0,1.0
2138,XGBoostPoisson,22176,BLUE OWL SOFT TOY,2011-12-05/2011-12-11,0.14545453,7.725301,1.12368,0.0,3.6138747,0.0,0.0,4.0
2139,XGBoostPoisson,22932,BAKING MOULD TOFFEE CUP CHOCOLATE,2011-12-05/2011-12-11,0.5555556,5.6742496,3.1523612,5.6742496,3.5974789,0.0,1.25,2.0
2140,XGBoostPoisson,17129F,BLUE GLASS GEMS IN BAG,2011-12-05/2011-12-11,0.346789,9.164838,3.1782649,0.0,3.5963986,0.0,0.25,3.0
2141,XGBoostPoisson,85135C,RED DRAGONFLY HELICOPTER,2011-12-05/2011-12-11,0.604,4.976197,3.0056226,4.976197,3.5909598,4.0,1.25,0.0
2142,XGBoostPoisson,84849A,HELLO SAILOR BLUE SOAP HOLDER,2011-12-05/2011-12-11,0.65502185,6.141408,4.0227566,6.141408,3.5805624,0.0,2.0,1.0
2143,XGBoostPoisson,90198B,VINTAGE ROSE BEAD BRACELET BLACK,2011-12-05/2011-12-11,0.5279503,4.8699255,2.5710785,4.8699255,3.5668797,2.0,3.25,0.0
2144,XGBoostPoisson,90085,CRYSTAL STILETTO PHONE CHARM,2011-12-05/2011-12-11,0.3196126,4.7436285,1.5161234,0.0,3.548768,12.0,3.0,0.0
2145,XGBoostPoisson,21030,SPACE CADET RED,2011-12-05/2011-12-11,0.4236111,5.173145,2.1914015,0.0,3.544564,0.0,4.25,1.0
2146,XGBoostPoisson,20619,TROPICAL PASSPORT COVER ,2011-12-05/2011-12-11,0.6600496,4.808297,3.1737146,4.808297,3.5264635,4.0,2.0,0.0
2147,XGBoostPoisson,22394,PAPERWEIGHT KINGS CHOICE ,2011-12-05/2011-12-11,0.5208333,5.462453,2.8450274,5.462453,3.5238354,10.0,2.75,0.0
2148,XGBoostPoisson,22409,MONEY BOX BISCUITS DESIGN,2011-12-05/2011-12-11,0.65502185,5.5767007,3.6528609,5.5767007,3.4973881,1.0,1.25,0.0
2149,XGBoostPoisson,21689,SILVER VANILLA  FLOWER CANDLE POT,2011-12-05/2011-12-11,0.4236111,5.175383,2.1923497,0.0,3.4708798,5.0,1.25,0.0
2150,XGBoostPoisson,22501,PICNIC BASKET WICKER LARGE,2011-12-05/2011-12-11,0.20652175,8.708798,1.7985563,0.0,3.4652548,0.0,0.0,4.0
2151,XGBoostPoisson,21741,COSY SLIPPER SHOES LARGE GREEN,2011-12-05/2011-12-11,0.5279503,5.896368,3.1129892,5.896368,3.4557247,0.0,1.75,2.0
2152,XGBoostPoisson,23028,DRAWER KNOB CRACKLE GLAZE BLUE,2011-12-05/2011-12-11,0.15,10.816253,1.622438,0.0,3.447214,0.0,0.0,4.0
2153,XGBoostPoisson,23135,SMALL ZINC HEART WALL ORGANISER,2011-12-05/2011-12-11,0.4236111,7.4204483,3.1433842,0.0,3.4470303,1.0,0.5,0.0
2154,XGBoostPoisson,90013C,GREEN VINTAGE EARRINGS ,2011-12-05/2011-12-11,0.6600496,4.400925,2.904829,4.400925,3.4164453,3.0,3.0,0.0
2155,XGBoostPoisson,82011C,BATHROOM SCALES FOOTPRINTS IN SAND,2011-12-05/2011-12-11,0.5279503,5.0049605,2.6423705,5.0049605,3.4092588,0.0,3.0,1.0
2156,XGBoostPoisson,21372,MIRRORED WALL ART TABLE LAMP,2011-12-05/2011-12-11,0.6600496,5.225844,3.4493163,5.225844,3.4022605,1.0,2.25,0.0
2157,XGBoostPoisson,85180B,PINK HEARTS LIGHT CHAIN ,2011-12-05/2011-12-11,0.6134454,5.1615963,3.1663575,5.1615963,3.3872225,6.0,2.0,0.0
2158,XGBoostPoisson,21163,DO NOT TOUCH MY STUFF DOOR HANGER ,2011-12-05/2011-12-11,0.08993158,11.320486,1.0180691,0.0,3.3783457,0.0,0.0,5.0
2159,XGBoostPoisson,20760,GARDEN PATH POCKET BOOK,2011-12-05/2011-12-11,0.5992509,5.4234486,3.2500064,5.4234486,3.361997,0.0,4.5,1.0
2160,XGBoostPoisson,21579,LOLITA  DESIGN  COTTON TOTE BAG,2011-12-05/2011-12-11,0.5555556,5.0629196,2.8127332,5.0629196,3.353075,0.0,1.25,1.0
2161,XGBoostPoisson,84625A,PINK NEW BAROQUECANDLESTICK CANDLE,2011-12-05/2011-12-11,0.31961262,5.658213,1.8084364,0.0,3.3411412,1.0,0.25,0.0
2162,XGBoostPoisson,20704,MR ROBOT SOFT TOY,2011-12-05/2011-12-11,0.604,4.9705515,3.002213,4.9705515,3.3411388,5.0,1.5,0.0
2163,XGBoostPoisson,72369A,PINK CLEAR GLASS CANDLE PLATE,2011-12-05/2011-12-11,0.3196126,4.987989,1.5942241,0.0,3.3321722,4.0,1.0,0.0
2164,XGBoostPoisson,35833P,4 PINK FLOCK CHRISTMAS BALLS,2011-12-05/2011-12-11,0.6134454,4.9930825,3.0629835,4.9930825,3.3155227,0.0,4.75,1.0
2165,XGBoostPoisson,21001,ROSE DU SUD WASHBAG ,2011-12-05/2011-12-11,0.6600496,4.660326,3.0760465,4.660326,3.3118389,3.0,1.75,0.0
2166,XGBoostPoisson,82613B,"METAL SIGN,CUPCAKE SINGLE HOOK",2011-12-05/2011-12-11,0.6600496,5.235746,3.455852,5.235746,3.3002524,1.0,2.25,0.0
2167,XGBoostPoisson,22265,EASTER DECORATION NATURAL CHICK,2011-12-05/2011-12-11,0.44345897,5.412166,2.4000735,5.412166,3.2900631,4.0,1.5,0.0
2168,XGBoostPoisson,85035B,CHOCOLATE 3 WICK MORRIS BOX CANDLE,2011-12-05/2011-12-11,0.20652173,5.579461,1.15228,0.0,3.286341,0.0,0.0,5.0
2169,XGBoostPoisson,85160B,BLACK BIRD GARDEN DESIGN MUG,2011-12-05/2011-12-11,0.18592964,6.0136404,1.118114,0.0,3.2850568,0.0,6.0,3.0
2170,XGBoostPoisson,21630,FLOOR CUSHION ELEPHANT CARNIVAL,2011-12-05/2011-12-11,0.5992509,5.6267195,3.3718169,5.6267195,3.2847128,0.0,1.25,1.0
2171,XGBoostPoisson,21028,NINJA RABBIT BLACK,2011-12-05/2011-12-11,0.6600497,5.3354926,3.5216901,5.3354926,3.279975,1.0,3.5,0.0
2172,XGBoostPoisson,21455,PAINTED YELLOW WOODEN DAISY,2011-12-05/2011-12-11,0.4333333,5.134857,2.2251046,0.0,3.258607,3.0,0.75,0.0
2173,XGBoostPoisson,21250,SET OF SKULL WALL STICKERS,2011-12-05/2011-12-11,0.5555556,4.7613587,2.6451995,4.7613587,3.2494829,1.0,4.0,0.0
2174,XGBoostPoisson,84206A,3 BLACK CATS W HEARTS BLANK CARD,2011-12-05/2011-12-11,0.23157895,5.9599686,1.3802032,0.0,3.2203236,0.0,4.5,1.0
2175,XGBoostPoisson,21801,CHRISTMAS TREE DECORATION WITH BELL,2011-12-05/2011-12-11,0.08993158,8.486859,0.76323664,0.0,3.210736,0.0,0.0,5.0
2176,XGBoostPoisson,37475,SET/4 COLOURFUL MIXING BOWLS,2011-12-05/2011-12-11,0.6134454,5.6336255,3.4559216,5.6336255,3.2008126,1.0,3.5,0.0
2177,XGBoostPoisson,21943,CAKES AND RABBITS DESIGN FLANNEL ,2011-12-05/2011-12-11,0.6134454,5.7916746,3.5528762,5.7916746,3.1952012,0.0,1.5,1.0
2178,XGBoostPoisson,84673A,PINK FLY SWAT,2011-12-05/2011-12-11,0.4214876,4.8826103,2.0579598,0.0,3.1857924,0.0,1.0,1.0
2179,XGBoostPoisson,23149,ANTIQUE IVORY WIRE BOWL SMALL,2011-12-05/2011-12-11,0.5555556,6.493678,3.607599,6.493678,3.1843534,3.0,2.25,0.0
2180,XGBoostPoisson,35004G,SET OF 3 GOLD FLYING DUCKS,2011-12-05/2011-12-11,0.44345897,4.9481,2.1942794,4.9481,3.1823926,0.0,3.75,1.0
2181,XGBoostPoisson,20618,QUEEN OF THE SKIES PASSPORT COVER ,2011-12-05/2011-12-11,0.6600496,4.4236073,2.9198003,4.4236073,3.1803176,2.0,2.5,0.0
2182,XGBoostPoisson,21647,ASSORTED TUTTI FRUTTI LARGE PURSE,2011-12-05/2011-12-11,0.5279503,5.2852306,2.790339,5.2852306,3.175237,0.0,2.0,1.0
2183,XGBoostPoisson,23125,6PC WOOD PLATE SET DISPOSABLE,2011-12-05/2011-12-11,0.5279503,6.64953,3.5106213,6.64953,3.1723802,1.0,1.0,0.0
2184,XGBoostPoisson,21725,SWEETIES  STICKERS,2011-12-05/2011-12-11,0.4236111,6.2509656,2.6479785,0.0,3.1688502,0.0,0.25,2.0
2185,XGBoostPoisson,85208,SET/12 FUNKY FELT FLOWER PEG IN BAG,2011-12-05/2011-12-11,0.5555556,5.5035095,3.0575054,5.5035095,3.1674147,1.0,0.25,0.0
2186,XGBoostPoisson,22039,BOTANICAL LILY GIFT WRAP,2011-12-05/2011-12-11,0.18592964,12.668693,2.3554854,0.0,3.1458783,0.0,0.0,5.0
2187,XGBoostPoisson,37370,RETRO COFFEE MUGS ASSORTED,2011-12-05/2011-12-11,0.5208333,4.746216,2.4719872,4.746216,3.1457272,0.0,1.75,1.0
2188,XGBoostPoisson,22770,MIRROR CORNICE,2011-12-05/2011-12-11,0.66004956,5.3100357,3.5048866,5.3100357,3.1284995,4.0,2.0,0.0
2189,XGBoostPoisson,22826,LOVE SEAT ANTIQUE WHITE METAL,2011-12-05/2011-12-11,0.6600496,6.2194853,4.105169,6.2194853,3.1197433,0.0,3.75,1.0
2190,XGBoostPoisson,90161D,ANT COPPER PINK BOUDICCA BRACELET,2011-12-05/2011-12-11,0.604,4.532188,2.7374413,4.532188,3.1177866,3.0,2.0,0.0
2191,XGBoostPoisson,85106,CUT GLASS HEXAGON T-LIGHT HOLDER,2011-12-05/2011-12-11,0.23157893,6.642875,1.53835,0.0,3.116141,2.0,1.5,0.0
2192,XGBoostPoisson,79151B,"SILICON CUBE 25W, BLUE",2011-12-05/2011-12-11,0.31182793,6.6226864,2.0651386,0.0,3.110269,10.0,2.5,0.0
2193,XGBoostPoisson,20765,CHRYSANTHEMUM SKETCHBOOK ,2011-12-05/2011-12-11,0.65502185,4.780783,3.1315174,4.780783,3.1050422,0.0,2.25,1.0
2194,XGBoostPoisson,20762,GREEN FERN SKETCHBOOK ,2011-12-05/2011-12-11,0.65502185,5.156452,3.3775887,5.156452,3.100664,0.0,1.5,1.0
2195,XGBoostPoisson,22241,GARLAND WOODEN HAPPY EASTER,2011-12-05/2011-12-11,0.5208333,4.734427,2.4658473,4.734427,3.0985973,0.0,3.75,1.0
2196,XGBoostPoisson,22954,HEN PARTY CORDON BARRIER TAPE,2011-12-05/2011-12-11,0.5992509,6.177521,3.7018852,6.177521,3.091347,0.0,1.75,1.0
2197,XGBoostPoisson,22702,BLACK AND WHITE CAT BOWL,2011-12-05/2011-12-11,0.5555556,4.873744,2.7076356,4.873744,3.0875952,4.0,1.5,0.0
2198,XGBoostPoisson,22062,CERAMIC BOWL WITH LOVE HEART DESIGN,2011-12-05/2011-12-11,0.08993158,9.435195,0.84852195,0.0,3.0852394,0.0,0.0,7.0
2199,XGBoostPoisson,20748,KENSINGTON COFFEE SET,2011-12-05/2011-12-11,0.6134454,5.2987328,3.2504833,5.2987328,3.0821655,1.0,3.5,0.0
2200,XGBoostPoisson,85168B,BLACK BAROQUE CARRIAGE CLOCK,2011-12-05/2011-12-11,0.5370662,3.9483256,2.1205122,3.9483256,3.073926,2.0,1.5,0.0
2201,XGBoostPoisson,79030D,TUMBLER BAROQUE,2011-12-05/2011-12-11,0.346789,8.436357,2.9256356,0.0,3.0702543,0.0,3.0,3.0
2202,XGBoostPoisson,20795,LARGE BLUE PROVENCAL CERAMIC BALL,2011-12-05/2011-12-11,0.5555556,5.598659,3.1103663,5.598659,3.067931,6.0,2.5,0.0
2203,XGBoostPoisson,84952A,CLEAR LOVE BIRD T-LIGHT HOLDER,2011-12-05/2011-12-11,0.4236111,4.6398335,1.965485,0.0,3.0667071,0.0,2.0,2.0
2204,XGBoostPoisson,84360,TABLE LAMP WHITE SHADE WOOD BASE,2011-12-05/2011-12-11,0.5279503,5.5199895,2.91428,5.5199895,3.0477169,0.0,1.25,1.0
2205,XGBoostPoisson,21973,SET OF 36 MUSHROOM PAPER DOILIES,2011-12-05/2011-12-11,0.5279503,5.0733743,2.6784894,5.0733743,3.0203996,1.0,1.25,0.0
2206,XGBoostPoisson,22053,EMPIRE DESIGN ROSETTE,2011-12-05/2011-12-11,0.3196126,4.1509814,1.3267059,0.0,3.0126703,0.0,2.75,3.0
2207,XGBoostPoisson,85023B,EAU DE NILE JEWELLED PHOTOFRAME,2011-12-05/2011-12-11,0.4236111,6.173969,2.6153617,0.0,2.9939919,0.0,1.75,2.0
2208,XGBoostPoisson,21391,FRENCH LAVENDER SCENT HEART,2011-12-05/2011-12-11,0.3196126,9.767909,3.1219468,0.0,2.990766,0.0,0.25,1.0
2209,XGBoostPoisson,20886,BOX OF 9 PEBBLE CANDLES,2011-12-05/2011-12-11,0.4214876,6.6218343,2.791021,0.0,2.9868658,0.0,0.25,3.0
2210,XGBoostPoisson,84805A,CREAM CLIMBING HYDRANGA ART FLOWER,2011-12-05/2011-12-11,0.23157895,7.3699875,1.706734,0.0,2.9789388,12.0,3.0,0.0
2211,XGBoostPoisson,84510E,SET OF 4 GREEN CAROUSEL COASTERS,2011-12-05/2011-12-11,0.42361107,4.4675193,1.8924906,0.0,2.9780054,2.0,3.0,0.0
2212,XGBoostPoisson,20756,GREEN FERN POCKET BOOK,2011-12-05/2011-12-11,0.5208333,5.724485,2.9815025,5.724485,2.9731753,0.0,3.25,1.0
2213,XGBoostPoisson,21794,CLASSIC FRENCH STYLE BASKET NATURAL,2011-12-05/2011-12-11,0.18592964,8.887285,1.6524098,0.0,2.9717484,0.0,0.0,5.0
2214,XGBoostPoisson,20653,CHERRY BLOSSOM LUGGAGE TAG,2011-12-05/2011-12-11,0.4333333,4.3107953,1.8680112,0.0,2.9341598,1.0,3.5,0.0
2215,XGBoostPoisson,85036A,GARDENIA 1 WICK MORRIS BOXED CANDLE,2011-12-05/2011-12-11,0.23978202,5.808328,1.3927326,0.0,2.920482,0.0,0.0,4.0
2216,XGBoostPoisson,21467,CHERRY CROCHET FOOD COVER,2011-12-05/2011-12-11,0.5279503,5.6062593,2.9598262,5.6062593,2.9109287,0.0,0.75,1.0
2217,XGBoostPoisson,84813,SET OF 4 DIAMOND NAPKIN RINGS,2011-12-05/2011-12-11,0.346789,4.443679,1.541019,0.0,2.8877492,0.0,4.0,3.0
2218,XGBoostPoisson,85131C,BEADED CRYSTAL HEART BLUE ON STICK,2011-12-05/2011-12-11,0.5992509,5.4973736,3.294306,5.4973736,2.8807175,0.0,1.25,2.0
2219,XGBoostPoisson,21425,SKULLS STORAGE BOX LARGE,2011-12-05/2011-12-11,0.5555556,4.871265,2.7062585,4.871265,2.8790238,1.0,1.0,0.0
2220,XGBoostPoisson,90160C,TURQ+RED BOUDICCA LARGE BRACELET,2011-12-05/2011-12-11,0.6134454,5.0707,3.1105976,5.0707,2.8785193,1.0,3.0,0.0
2221,XGBoostPoisson,22180,RETROSPOT LAMP,2011-12-05/2011-12-11,0.346789,4.6640277,1.6174335,0.0,2.8778703,0.0,0.25,3.0
2222,XGBoostPoisson,90208,PAIR OF PINK FLOWER CLUSTER SLIDE,2011-12-05/2011-12-11,0.6600496,4.395717,2.9013915,4.395717,2.8593936,2.0,2.5,0.0
2223,XGBoostPoisson,85024B,EAU DE NILE JEWELLED PHOTOFRAME,2011-12-05/2011-12-11,0.23157895,7.0656815,1.636263,0.0,2.8578074,0.0,3.0,2.0
2224,XGBoostPoisson,82011B,BATHROOM SCALES RUBBER DUCKS,2011-12-05/2011-12-11,0.44345897,5.125678,2.273028,5.125678,2.851863,0.0,3.0,1.0
2225,XGBoostPoisson,22497,SET OF 2 TINS VINTAGE BATHROOM ,2011-12-05/2011-12-11,0.5555556,5.270367,2.9279819,5.270367,2.8459675,0.0,0.75,1.0
2226,XGBoostPoisson,72811,SMALL ZINC/GLASS CANDLEHOLDER,2011-12-05/2011-12-11,0.36051503,5.2587986,1.8958759,0.0,2.8278096,2.0,0.75,0.0
2227,XGBoostPoisson,90013B,BLACK VINTAGE EARRINGS,2011-12-05/2011-12-11,0.6600496,4.196648,2.769996,4.196648,2.8230102,4.0,2.5,0.0
2228,XGBoostPoisson,47420,ASSORTED COLOUR SUCTION CUP HOOK,2011-12-05/2011-12-11,0.44345897,5.801645,2.5727913,5.801645,2.8069959,1.0,1.0,0.0
2229,XGBoostPoisson,90130B,TURQ STONE/CRYSTAL EARRINGS,2011-12-05/2011-12-11,0.5992509,4.3477907,2.6054175,4.3477907,2.7931402,4.0,2.0,0.0
2230,XGBoostPoisson,23140,TRIPLE WIRE HOOK IVORY HEART,2011-12-05/2011-12-11,0.4236111,6.9303503,2.9357734,0.0,2.780805,0.0,0.25,3.0
2231,XGBoostPoisson,85020,ROUND PINK HEART MIRROR,2011-12-05/2011-12-11,0.44345897,5.041296,2.2356079,5.041296,2.7727907,0.0,1.75,1.0
2232,XGBoostPoisson,79063D,"RETRO PILL BOX , REVOLUTIONARY",2011-12-05/2011-12-11,0.3196126,5.542507,1.771455,0.0,2.7481644,0.0,0.75,1.0
2233,XGBoostPoisson,21816,CHRISTMAS TREE T-LIGHT HOLDER,2011-12-05/2011-12-11,0.346789,5.2218137,1.8108675,0.0,2.7413526,0.0,1.5,1.0
2234,XGBoostPoisson,85135A,YELLOW DRAGONFLY HELICOPTER,2011-12-05/2011-12-11,0.5555556,4.7383876,2.6324377,4.7383876,2.7341182,1.0,3.75,0.0
2235,XGBoostPoisson,17090A,LAVENDER INCENSE 40 CONES IN TIN,2011-12-05/2011-12-11,0.23978202,4.245581,1.0180141,0.0,2.7331076,0.0,2.25,1.0
2236,XGBoostPoisson,21003,ROSE DU SUD CUSHION COVER,2011-12-05/2011-12-11,0.6600496,5.501852,3.6314952,5.501852,2.7175636,1.0,2.5,0.0
2237,XGBoostPoisson,22258,FELT FARM ANIMAL RABBIT,2011-12-05/2011-12-11,0.23157896,4.285776,0.9924956,0.0,2.705836,0.0,3.25,1.0
2238,XGBoostPoisson,85129D,BEADED CRYSTAL HEART PINK SMALL,2011-12-05/2011-12-11,0.6550218,4.2153745,2.761162,4.2153745,2.700111,2.0,1.5,0.0
2239,XGBoostPoisson,20617,FIRST CLASS PASSPORT COVER ,2011-12-05/2011-12-11,0.6600496,4.658973,3.0751536,4.658973,2.6917224,2.0,2.75,0.0
2240,XGBoostPoisson,90031,BILI NUT AND WOOD NECKLACE,2011-12-05/2011-12-11,0.23978202,6.0498834,1.4506533,0.0,2.6908214,0.0,1.5,1.0
2241,XGBoostPoisson,22322,BIRD DECORATION GREEN POLKADOT,2011-12-05/2011-12-11,0.4236111,6.1215725,2.593166,0.0,2.673327,0.0,0.75,3.0
2242,XGBoostPoisson,20894,HANGING BAUBLE T-LIGHT HOLDER LARGE,2011-12-05/2011-12-11,0.44345894,4.7589808,2.1104126,4.7589808,2.6487978,1.0,3.5,0.0
2243,XGBoostPoisson,21722,SWEET PUDDING STICKER SHEET,2011-12-05/2011-12-11,0.60400003,4.520151,2.7301714,4.520151,2.6407447,3.0,1.5,0.0
2244,XGBoostPoisson,35933,PINK STOCKING CHRISTMAS DECORATION,2011-12-05/2011-12-11,0.18592963,10.576433,1.9664723,0.0,2.6401467,0.0,0.0,4.0
2245,XGBoostPoisson,21294,ETCHED GLASS COASTER,2011-12-05/2011-12-11,0.125,14.563209,1.8204011,0.0,2.6395533,0.0,0.0,5.0
2246,XGBoostPoisson,85104,SILVER GLASS T-LIGHT SET,2011-12-05/2011-12-11,0.346789,5.519524,1.9141103,0.0,2.6387308,0.0,1.0,1.0
2247,XGBoostPoisson,20831,GOLD PHOTO FRAME,2011-12-05/2011-12-11,0.346789,6.1981583,2.1494532,0.0,2.6358025,0.0,1.5,3.0
2248,XGBoostPoisson,84509C,SET OF 4 POLKADOT PLACEMATS ,2011-12-05/2011-12-11,0.5279503,5.3800316,2.8403893,5.3800316,2.6343513,0.0,2.25,1.0
2249,XGBoostPoisson,84674,FLYING PIG WATERING CAN,2011-12-05/2011-12-11,0.6600496,4.971548,3.2814684,4.971548,2.6260319,2.0,1.5,0.0
2250,XGBoostPoisson,79149B,SILICON STAR BULB  BLUE,2011-12-05/2011-12-11,0.44345897,4.687836,2.078863,4.687836,2.6242087,10.0,3.0,0.0
2251,XGBoostPoisson,90018A,SILVER M.O.P ORBIT DROP EARRINGS,2011-12-05/2011-12-11,0.6134454,4.238205,2.5999074,4.238205,2.6191554,2.0,2.25,0.0
2252,XGBoostPoisson,84508C,BLUE CIRCLES DESIGN TEDDY,2011-12-05/2011-12-11,0.44345897,5.0109386,2.2221458,5.0109386,2.5957534,0.0,3.0,2.0
2253,XGBoostPoisson,21454,PAINTED PINK RABBIT ,2011-12-05/2011-12-11,0.5208333,4.5731645,2.3818564,4.5731645,2.5941398,4.0,1.0,0.0
2254,XGBoostPoisson,84510C,SET OF 4 POLKADOT COASTERS,2011-12-05/2011-12-11,0.66004956,4.264414,2.8147244,4.264414,2.591043,1.0,1.5,0.0
2255,XGBoostPoisson,22786,CUSHION COVER PINK UNION JACK,2011-12-05/2011-12-11,0.6134454,4.476544,2.7461152,4.476544,2.5864618,4.0,1.75,0.0
2256,XGBoostPoisson,84826,ASSTD DESIGN 3D PAPER STICKERS,2011-12-05/2011-12-11,0.31961256,5.759472,1.8407996,0.0,2.5821025,0.0,2.75,3.0
2257,XGBoostPoisson,22250,DECORATION  BUTTERFLY  MAGIC GARDEN,2011-12-05/2011-12-11,0.44345894,5.999528,2.6605444,5.999528,2.5763078,0.0,1.75,2.0
2258,XGBoostPoisson,85187,S/12 MINI RABBIT EASTER,2011-12-05/2011-12-11,0.23157895,4.7827463,1.1075834,0.0,2.5762215,0.0,1.0,1.0
2259,XGBoostPoisson,21469,POLKA DOT RAFFIA FOOD COVER,2011-12-05/2011-12-11,0.5208333,5.8597546,3.0519555,5.8597546,2.5737565,0.0,0.5,2.0
2260,XGBoostPoisson,23410,CURIO CABINET LINEN AND LACE ,2011-12-05/2011-12-11,0.5279503,4.804979,2.53679,4.804979,2.547491,0.0,1.0,1.0
2261,XGBoostPoisson,23137,ZINC WIRE SWEETHEART LETTER TRAY,2011-12-05/2011-12-11,0.5555556,4.914947,2.7305262,4.914947,2.5446947,1.0,2.5,0.0
2262,XGBoostPoisson,90059A,DIAMANTE HAIR GRIP PACK/2 CRYSTAL,2011-12-05/2011-12-11,0.6600496,4.420695,2.917878,4.420695,2.5424817,3.0,2.25,0.0
2263,XGBoostPoisson,90201D,GREEN ENAMEL FLOWER RING,2011-12-05/2011-12-11,0.5555556,5.1143117,2.8412845,5.1143117,2.5298452,1.0,1.0,0.0
2264,XGBoostPoisson,90158,ST TROPEZ NECKLACE,2011-12-05/2011-12-11,0.604,4.3288736,2.6146395,4.3288736,2.5082195,1.0,2.25,0.0
2265,XGBoostPoisson,21721,CANDY SHOP  STICKER SHEET,2011-12-05/2011-12-11,0.3196126,7.564451,2.4176939,0.0,2.5069458,1.0,0.25,0.0
2266,XGBoostPoisson,85124B,BLUE JUICY FRUIT PHOTO FRAME,2011-12-05/2011-12-11,0.5992509,4.700933,2.8170383,4.700933,2.504895,0.0,0.75,1.0
2267,XGBoostPoisson,21587,COSY HOUR GIANT TUBE MATCHES,2011-12-05/2011-12-11,0.15,5.954093,0.893114,0.0,2.4881184,0.0,0.0,6.0
2268,XGBoostPoisson,21078,SET/20 STRAWBERRY PAPER NAPKINS ,2011-12-05/2011-12-11,0.053921565,10.315253,0.55621463,0.0,2.4608214,0.0,0.0,7.0
2269,XGBoostPoisson,90214S,"LETTER ""S"" BLING KEY RING",2011-12-05/2011-12-11,0.5279503,5.021764,2.6512415,5.021764,2.4567668,0.0,3.0,2.0
2270,XGBoostPoisson,21131,GOLD STANDING GNOME,2011-12-05/2011-12-11,0.5208333,6.302234,3.2824135,6.302234,2.4447982,0.0,0.5,2.0
2271,XGBoostPoisson,21556,CERAMIC STRAWBERRY MONEY BOX,2011-12-05/2011-12-11,0.44345897,4.383574,1.9439353,4.383574,2.441267,0.0,1.0,1.0
2272,XGBoostPoisson,22391,PAPERWEIGHT HOME SWEET HOME,2011-12-05/2011-12-11,0.65502185,5.0210953,3.288927,5.0210953,2.4395678,1.0,2.75,0.0
2273,XGBoostPoisson,23054,RECYCLED ACAPULCO MAT LAVENDER,2011-12-05/2011-12-11,0.5279503,6.36952,3.36279,6.36952,2.4380255,1.0,0.5,0.0
2274,XGBoostPoisson,37467,PIG MUG IN TWO COLOUR DESIGNS,2011-12-05/2011-12-11,0.16494845,9.043762,1.4917545,0.0,2.433125,0.0,0.0,7.0
2275,XGBoostPoisson,90174,BUTTERFLY HAIR BAND,2011-12-05/2011-12-11,0.5992509,4.4134984,2.644793,4.4134984,2.4243915,2.0,2.0,0.0
2276,XGBoostPoisson,35810A,ENAMEL PINK COFFEE CONTAINER,2011-12-05/2011-12-11,0.18592964,9.337781,1.7361703,0.0,2.4184783,0.0,0.0,5.0
2277,XGBoostPoisson,21226,POCKET MIRROR WOODLAND,2011-12-05/2011-12-11,0.4214876,4.920523,2.0739396,0.0,2.4155056,0.0,1.5,1.0
2278,XGBoostPoisson,90209A,PURPLE ENAMEL+GLASS HAIR COMB,2011-12-05/2011-12-11,0.16494845,9.530673,1.5720698,0.0,2.4030666,0.0,0.0,4.0
2279,XGBoostPoisson,85093,CANDY SPOT EGG WARMER HARE,2011-12-05/2011-12-11,0.346789,6.6815057,2.3170726,0.0,2.4002128,0.0,0.0,4.0
2280,XGBoostPoisson,90098,NECKLACE+BRACELET PINK BUTTERFLY,2011-12-05/2011-12-11,0.4236111,5.635416,2.387225,0.0,2.3900154,0.0,0.75,1.0
2281,XGBoostPoisson,84508B,STRIPES DESIGN TEDDY,2011-12-05/2011-12-11,0.5555556,4.4430375,2.4683542,4.4430375,2.3814378,0.0,1.75,1.0
2282,XGBoostPoisson,21946,PARTY TIME DESIGN FLANNEL,2011-12-05/2011-12-11,0.5208333,5.253003,2.735939,5.253003,2.3812528,1.0,0.5,0.0
2283,XGBoostPoisson,20705,MRS ROBOT SOFT TOY,2011-12-05/2011-12-11,0.5279503,4.1666636,2.1997912,4.1666636,2.3704581,5.0,1.5,0.0
2284,XGBoostPoisson,47341B,BLUE TABLE RUN FLOWER,2011-12-05/2011-12-11,0.36051503,4.4206557,1.5937128,0.0,2.3698857,4.0,1.0,0.0
2285,XGBoostPoisson,90149,SILVER FLOWR PINK SHELL NECKLACE,2011-12-05/2011-12-11,0.18592964,8.759316,1.6286166,0.0,2.3691044,1.0,0.25,0.0
2286,XGBoostPoisson,20782,CAMOUFLAGE EAR MUFF HEADPHONES,2011-12-05/2011-12-11,0.5279503,3.97253,2.0972984,3.97253,2.368305,1.0,1.75,0.0
2287,XGBoostPoisson,90186B,CRYSTAL HOOP EARRING FLORAL LEAF,2011-12-05/2011-12-11,0.65502185,4.061632,2.6604578,4.061632,2.359889,1.0,3.0,0.0
2288,XGBoostPoisson,22035,VINTAGE CARAVAN GREETING CARD ,2011-12-05/2011-12-11,0.14545454,7.6586485,1.1139852,0.0,2.358988,0.0,0.0,4.0
2289,XGBoostPoisson,20794,BLUE  TILE HOOK,2011-12-05/2011-12-11,0.6600496,4.178293,2.757881,4.178293,2.3535373,4.0,2.25,0.0
2290,XGBoostPoisson,84920,PINK FLOWER FABRIC PONY,2011-12-05/2011-12-11,0.5208333,4.747382,2.4725947,4.747382,2.3450131,1.0,0.75,0.0
2291,XGBoostPoisson,90087,CRYSTAL SEA HORSE PHONE CHARM,2011-12-05/2011-12-11,0.5555556,5.057981,2.8099897,5.057981,2.3409634,1.0,1.25,0.0
2292,XGBoostPoisson,22270,HAPPY EASTER HANGING DECORATION,2011-12-05/2011-12-11,0.346789,3.8682861,1.3414791,0.0,2.3354042,0.0,1.25,1.0
2293,XGBoostPoisson,21726,MULTI HEARTS  STICKERS,2011-12-05/2011-12-11,0.23157895,5.2711005,1.220676,0.0,2.313385,0.0,0.0,4.0
2294,XGBoostPoisson,90120B,BLUE MURANO TWIST BRACELET,2011-12-05/2011-12-11,0.346789,4.698366,1.6293417,0.0,2.3109667,0.0,3.0,2.0
2295,XGBoostPoisson,23614,SET 10 CARDS 12 DAYS WRAP  17058,2011-12-05/2011-12-11,0.5279503,4.28415,2.2618182,4.28415,2.2972836,0.0,0.75,1.0
2296,XGBoostPoisson,16254,TRANSPARENT ACRYLIC TAPE DISPENSER,2011-12-05/2011-12-11,0.604,5.1381617,3.1034496,5.1381617,2.2937417,1.0,1.75,0.0
2297,XGBoostPoisson,37489D,PINK/GREEN FLOWER DESIGN BIG MUG,2011-12-05/2011-12-11,0.4236111,4.192194,1.77586,0.0,2.2780542,0.0,1.75,1.0
2298,XGBoostPoisson,90214C,"LETTER ""C"" BLING KEY RING",2011-12-05/2011-12-11,0.5208333,4.316711,2.248287,4.316711,2.2503777,1.0,1.75,0.0
2299,XGBoostPoisson,21851,LILAC DIAMANTE PEN IN GIFT BOX,2011-12-05/2011-12-11,0.5992509,4.945258,2.9634504,4.945258,2.239221,1.0,1.25,0.0
2300,XGBoostPoisson,22606,WOODEN SKITTLES GARDEN SET,2011-12-05/2011-12-11,0.4236111,5.0877705,2.155236,0.0,2.238097,0.0,0.25,1.0
2301,XGBoostPoisson,90013A,MIDNIGHT BLUE VINTAGE EARRINGS,2011-12-05/2011-12-11,0.5279503,4.569657,2.4125516,4.569657,2.2366846,1.0,1.75,0.0
2302,XGBoostPoisson,21190,PINK HEARTS PAPER GARLAND,2011-12-05/2011-12-11,0.34678897,8.165097,2.8315656,0.0,2.2299707,0.0,1.0,1.0
2303,XGBoostPoisson,20780,BLACK EAR MUFF HEADPHONES,2011-12-05/2011-12-11,0.66004956,4.223775,2.7879007,4.223775,2.2084348,1.0,2.5,0.0
2304,XGBoostPoisson,20694,FLORAL PINK MONSTER,2011-12-05/2011-12-11,0.3196126,4.6758895,1.4944732,0.0,2.2067254,0.0,0.25,1.0
2305,XGBoostPoisson,71403,"PINK/WHITE ""KEEP CLEAN"" BULLET BIN",2011-12-05/2011-12-11,0.5208333,4.7785473,2.4888265,4.7785473,2.2064292,0.0,0.75,2.0
2306,XGBoostPoisson,90197B,BLACK GLASS BRACELET W HEART CHARMS,2011-12-05/2011-12-11,0.5208334,4.0196857,2.0935864,4.0196857,2.1968484,2.0,1.75,0.0
2307,XGBoostPoisson,71510,SQUARE METAL CANDLEHOLDER BASE,2011-12-05/2011-12-11,0.346789,3.923913,1.3607699,0.0,2.1908002,0.0,1.75,1.0
2308,XGBoostPoisson,90129B,TURQUOISE GLASS TASSLE BAG CHARM ,2011-12-05/2011-12-11,0.43333334,4.688216,2.0315604,0.0,2.1868243,0.0,2.25,1.0
2309,XGBoostPoisson,21202,DOLLY HONEYCOMB GARLAND,2011-12-05/2011-12-11,0.3196126,5.5455675,1.7724332,0.0,2.1850479,0.0,3.0,2.0
2310,XGBoostPoisson,85180A,RED HEARTS LIGHT CHAIN ,2011-12-05/2011-12-11,0.346789,5.182255,1.797149,0.0,2.1802335,0.0,0.75,1.0
2311,XGBoostPoisson,22503,CABIN BAG VINTAGE PAISLEY,2011-12-05/2011-12-11,0.4236111,5.0131826,2.1236398,0.0,2.1796298,0.0,0.75,1.0
2312,XGBoostPoisson,47481,50CM METAL STRING WITH  7 CLIPS,2011-12-05/2011-12-11,0.5992509,4.4462886,2.6644425,4.4462886,2.1782105,5.0,1.5,0.0
2313,XGBoostPoisson,47594A,CAROUSEL DESIGN WASHBAG,2011-12-05/2011-12-11,0.5279503,4.370795,2.3075624,4.370795,2.1710522,0.0,1.5,1.0
2314,XGBoostPoisson,22785,SQUARECUSHION COVER PINK UNION FLAG,2011-12-05/2011-12-11,0.6600496,4.5161905,2.9809098,4.5161905,2.1695142,1.0,1.75,0.0
2315,XGBoostPoisson,21370,MIRRORED WALL ART FOXY,2011-12-05/2011-12-11,0.4236111,4.260436,1.804768,0.0,2.1528816,6.0,2.25,0.0
2316,XGBoostPoisson,20661,BLUE SPOTTY PURSE ,2011-12-05/2011-12-11,0.6600496,4.212622,2.7805398,4.212622,2.1463873,3.0,1.25,0.0
2317,XGBoostPoisson,21027,NINJA RABBIT PINK,2011-12-05/2011-12-11,0.4236111,4.916092,2.0825112,0.0,2.1442711,0.0,1.0,1.0
2318,XGBoostPoisson,72800D,4 BLUE DINNER CANDLES SILVER FLOCK,2011-12-05/2011-12-11,0.5279503,4.3989086,2.322405,4.3989086,2.1412022,1.0,1.25,0.0
2319,XGBoostPoisson,23047,PAPER LANTERN 5 POINT SEQUIN STAR,2011-12-05/2011-12-11,0.5992509,4.8990293,2.9357479,4.8990293,2.1268687,0.0,1.5,1.0
2320,XGBoostPoisson,22925,BLUE GIANT GARDEN THERMOMETER,2011-12-05/2011-12-11,0.18592966,6.935874,1.2895846,0.0,2.126589,0.0,0.0,5.0
2321,XGBoostPoisson,84968E,SET OF 16 VINTAGE BLACK CUTLERY,2011-12-05/2011-12-11,0.346789,4.5946174,1.5933628,0.0,2.1217813,1.0,0.25,0.0
2322,XGBoostPoisson,21578,WOODLAND DESIGN  COTTON TOTE BAG,2011-12-05/2011-12-11,0.18592964,5.5268927,1.0276132,0.0,2.115997,0.0,0.0,4.0
2323,XGBoostPoisson,79403,FROSTED WHITE BASE ,2011-12-05/2011-12-11,0.239782,4.854574,1.1640395,0.0,2.1152408,1.0,0.25,0.0
2324,XGBoostPoisson,90200A,PURPLE SWEETHEART BRACELET,2011-12-05/2011-12-11,0.6600496,3.9819598,2.6282911,3.9819598,2.112596,5.0,1.75,0.0
2325,XGBoostPoisson,22857,ASSORTED EASTER GIFT TAGS,2011-12-05/2011-12-11,0.14545454,8.75863,1.2739825,0.0,2.1109033,0.0,0.0,5.0
2326,XGBoostPoisson,90192,JADE DROP EARRINGS W FILIGREE,2011-12-05/2011-12-11,0.36051503,4.680922,1.6875428,0.0,2.0982416,0.0,1.5,1.0
2327,XGBoostPoisson,90184B,AMETHYST CHUNKY BEAD BRACELET W STR,2011-12-05/2011-12-11,0.55555564,3.8630004,2.1461117,3.8630004,2.093869,4.0,1.75,0.0
2328,XGBoostPoisson,22526,WHEELBARROW FOR CHILDREN ,2011-12-05/2011-12-11,0.7718191,4.106812,3.1697161,4.106812,2.0810442,1.0,2.0,0.0
2329,XGBoostPoisson,79406,FROSTED WHITE BASE ,2011-12-05/2011-12-11,0.15,8.806289,1.3209434,0.0,2.0800607,0.0,0.0,4.0
2330,XGBoostPoisson,10133,COLOURING PENCILS BROWN TUBE,2011-12-05/2011-12-11,0.019748654,36.209885,0.7150965,0.0,2.0718198,0.0,0.0,12.0
2331,XGBoostPoisson,21613,S/12 VANILLA  BOTANICAL T-LIGHTS,2011-12-05/2011-12-11,0.20652173,5.7164893,1.1805793,0.0,2.0614383,0.0,0.0,5.0
2332,XGBoostPoisson,20835,FRENCH LATTICE CUSHION COVER ,2011-12-05/2011-12-11,0.20652173,6.739413,1.3918352,0.0,2.056712,0.0,3.0,3.0
2333,XGBoostPoisson,85116,BLACK CANDELABRA T-LIGHT HOLDER,2011-12-05/2011-12-11,0.053921573,6.2132707,0.33502933,0.0,2.0411763,0.0,0.0,7.0
2334,XGBoostPoisson,90183A,AMBER DROP EARRINGS W LONG BEADS,2011-12-05/2011-12-11,0.44345897,4.1947284,1.8601899,4.1947284,2.0357797,2.0,0.75,0.0
2335,XGBoostPoisson,20997,ROSE DU SUD CUSHION COVER ,2011-12-05/2011-12-11,0.604,4.446075,2.685429,4.446075,2.0295525,2.0,1.5,0.0
2336,XGBoostPoisson,90108,BLUE BLOSSOM HAIR CLIP,2011-12-05/2011-12-11,0.360515,4.5275035,1.6322329,0.0,2.025362,2.0,0.75,0.0
2337,XGBoostPoisson,85129C,BEADED CRYSTAL HEART BLUE SMALL,2011-12-05/2011-12-11,0.31961256,3.5992947,1.1503798,0.0,2.0188172,0.0,0.25,3.0
2338,XGBoostPoisson,90118,PINK DAISY BAG CHARM,2011-12-05/2011-12-11,0.44345897,4.326602,1.9186705,4.326602,2.0155911,2.0,1.5,0.0
2339,XGBoostPoisson,90133,TEAL/FUSCHIA COL BEAD NECKLACE,2011-12-05/2011-12-11,0.5279503,3.6701336,1.937648,3.6701336,2.0088277,1.0,2.5,0.0
2340,XGBoostPoisson,90101,WHITE FRANGIPANI NECKLACE,2011-12-05/2011-12-11,0.5279503,4.310718,2.2758448,4.310718,2.0066948,0.0,1.0,1.0
2341,XGBoostPoisson,84748,FOLK FELT HANGING MULTICOL GARLAND,2011-12-05/2011-12-11,0.43333334,4.2323775,1.8340303,0.0,2.000011,2.0,1.0,0.0
2342,XGBoostPoisson,90120C,GREEN MURANO TWIST BRACELET,2011-12-05/2011-12-11,0.4214876,4.777969,2.0138547,0.0,1.9996941,0.0,2.5,2.0
2343,XGBoostPoisson,90210D,PURPLE ACRYLIC FACETED BANGLE,2011-12-05/2011-12-11,0.23157896,4.709626,1.0906503,0.0,1.9944957,0.0,2.5,3.0
2344,XGBoostPoisson,90160D,PINK BOUDICCA LARGE BRACELET,2011-12-05/2011-12-11,0.346789,5.0105767,1.737613,0.0,1.9927372,0.0,2.5,2.0
2345,XGBoostPoisson,84818,DANISH ROSE PHOTO FRAME,2011-12-05/2011-12-11,0.10465117,4.2765813,0.44754922,0.0,1.98302,0.0,0.0,5.0
2346,XGBoostPoisson,21145,ANTIQUE GLASS PLACE SETTING,2011-12-05/2011-12-11,0.18592964,5.7936006,1.0772021,0.0,1.98092,0.0,2.5,2.0
2347,XGBoostPoisson,90129F,RED GLASS TASSLE BAG CHARM,2011-12-05/2011-12-11,0.36051503,4.5459647,1.6388886,0.0,1.9767015,0.0,2.25,2.0
2348,XGBoostPoisson,21633,SUNFLOWER DECORATIVE PARASOL,2011-12-05/2011-12-11,0.346789,3.9932551,1.384817,0.0,1.9711587,0.0,1.5,1.0
2349,XGBoostPoisson,90204,PAIR OF ENAMEL BUTTERFLY HAIRCLIP,2011-12-05/2011-12-11,0.6134454,3.7019148,2.2709227,3.7019148,1.9515706,2.0,2.25,0.0
2350,XGBoostPoisson,15058A,BLUE POLKADOT GARDEN PARASOL,2011-12-05/2011-12-11,0.31182796,4.4586253,1.390324,0.0,1.9398601,0.0,0.5,1.0
2351,XGBoostPoisson,84665,SQUARE CHERRY BLOSSOM CABINET,2011-12-05/2011-12-11,0.346789,5.209133,1.80647,0.0,1.9357702,0.0,1.0,3.0
2352,XGBoostPoisson,72801D,S/4 SKY BLUE DINNER CANDLES,2011-12-05/2011-12-11,0.3196126,4.8276434,1.5429757,0.0,1.9260848,0.0,0.25,1.0
2353,XGBoostPoisson,23151,ZINC SWEETHEART SOAP DISH,2011-12-05/2011-12-11,0.4214876,4.9296546,2.0777884,0.0,1.925311,3.0,1.0,0.0
2354,XGBoostPoisson,35911A,MULTICOLOUR RABBIT EGG WARMER,2011-12-05/2011-12-11,0.23978202,6.508165,1.5605409,0.0,1.924154,0.0,0.0,4.0
2355,XGBoostPoisson,90099,NECKLACE+BRACELET SET BLUE HIBISCUS,2011-12-05/2011-12-11,0.604,3.6304197,2.1927733,3.6304197,1.9235878,2.0,3.0,0.0
2356,XGBoostPoisson,23613,SET 10 XMAS CARDS & BADGES 17070,2011-12-05/2011-12-11,0.44345897,3.8783016,1.7198677,3.8783016,1.9226738,3.0,1.75,0.0
2357,XGBoostPoisson,84968C,SET OF 16 VINTAGE PISTACHIO CUTLERY,2011-12-05/2011-12-11,0.65502185,4.3008513,2.8171515,4.3008513,1.9140823,0.0,1.0,1.0
2358,XGBoostPoisson,22276,WASH BAG VINTAGE ROSE PAISLEY,2011-12-05/2011-12-11,0.20652172,5.345945,1.1040537,0.0,1.9055563,0.0,0.0,4.0
2359,XGBoostPoisson,23637,SET 10 CARDS OUT OF ORDER 17216,2011-12-05/2011-12-11,0.604,3.4467263,2.0818226,3.4467263,1.8900198,3.0,1.0,0.0
2360,XGBoostPoisson,90206C,CRYSTAL DIAMANTE STAR BROOCH,2011-12-05/2011-12-11,0.5992509,3.7478309,2.245891,3.7478309,1.8814145,3.0,1.75,0.0
2361,XGBoostPoisson,90154,LAZER CUT NECKLACE W PASTEL BEADS,2011-12-05/2011-12-11,0.16494845,10.012664,1.6515734,0.0,1.8813289,0.0,0.25,2.0
2362,XGBoostPoisson,84712B,PINK JEWELLED PHOTO FRAME,2011-12-05/2011-12-11,0.5555556,3.6200647,2.0111473,3.6200647,1.8758146,2.0,2.0,0.0
2363,XGBoostPoisson,37489A,YELLOW/PINK FLOWER DESIGN BIG MUG,2011-12-05/2011-12-11,0.39655173,4.0431848,1.6033319,0.0,1.8739873,0.0,1.0,1.0
2364,XGBoostPoisson,40016,CHINESE DRAGON PAPER LANTERNS,2011-12-05/2011-12-11,0.030710174,13.422741,0.4122147,0.0,1.8732188,0.0,0.0,10.0
2365,XGBoostPoisson,79000,MOROCCAN TEA GLASS,2011-12-05/2011-12-11,0.030710174,16.564493,0.50869846,0.0,1.8717655,0.0,0.0,11.0
2366,XGBoostPoisson,90125B,AQUA BERTIE GLASS BEAD BAG CHARM,2011-12-05/2011-12-11,0.23978202,6.2520676,1.4991333,0.0,1.867315,6.0,1.5,0.0
2367,XGBoostPoisson,21628,TRIANGULAR POUFFE VINTAGE ,2011-12-05/2011-12-11,0.5208333,4.613902,2.403074,4.613902,1.8656405,0.0,0.5,2.0
2368,XGBoostPoisson,84559B,3D SHEET OF CAT STICKERS,2011-12-05/2011-12-11,0.23157895,4.767273,1.1040001,0.0,1.8598951,0.0,0.0,4.0
2369,XGBoostPoisson,84820,DANISH ROSE TRINKET TRAYS,2011-12-05/2011-12-11,0.443459,3.9675765,1.7594575,3.9675765,1.8582094,2.0,1.0,0.0
2370,XGBoostPoisson,90003D,CRYSTAL PAIR HEART HAIR SLIDES,2011-12-05/2011-12-11,0.6039999,3.757207,2.2693527,3.757207,1.8574106,3.0,1.75,0.0
2371,XGBoostPoisson,85170B,SET/6 BLACK BIRD T-LIGHT CANDLES,2011-12-05/2011-12-11,0.6134454,3.868308,2.3729959,3.868308,1.8559396,1.0,0.75,0.0
2372,XGBoostPoisson,84827,ASS DES PHONE SPONGE CRAFT STICKER,2011-12-05/2011-12-11,0.18592964,7.42624,1.3807582,0.0,1.8534604,0.0,0.0,6.0
2373,XGBoostPoisson,20781,GOLD EAR MUFF HEADPHONES,2011-12-05/2011-12-11,0.65502185,3.879568,2.5412018,3.879568,1.8289326,1.0,2.75,0.0
2374,XGBoostPoisson,90201A,PURPLE ENAMEL FLOWER RING,2011-12-05/2011-12-11,0.3196126,5.157352,1.6483546,0.0,1.8269879,0.0,1.0,2.0
2375,XGBoostPoisson,20657,TROPICAL LUGGAGE TAG,2011-12-05/2011-12-11,0.43333337,3.997634,1.7323081,0.0,1.8159319,0.0,1.75,3.0
2376,XGBoostPoisson,22884,NUMBER TILE VINTAGE FONT 5,2011-12-05/2011-12-11,0.5208333,3.9425292,2.0534005,3.9425292,1.8146726,3.0,1.25,0.0
2377,XGBoostPoisson,22249,DECORATION WHITE CHICK MAGIC GARDEN,2011-12-05/2011-12-11,0.39655173,4.8464055,1.9218504,0.0,1.8143167,3.0,1.5,0.0
2378,XGBoostPoisson,72132,COLUMBIAN CUBE CANDLE,2011-12-05/2011-12-11,0.44345897,4.081869,1.8101414,4.081869,1.8111765,0.0,2.0,1.0
2379,XGBoostPoisson,90162B,ANT SILVER LIME GREEN BOUDICCA RING,2011-12-05/2011-12-11,0.18661971,5.637751,1.0521154,0.0,1.8021699,0.0,3.0,3.0
2380,XGBoostPoisson,22247,BUNNY DECORATION MAGIC GARDEN,2011-12-05/2011-12-11,0.346789,4.086225,1.4170579,0.0,1.7944432,0.0,1.0,1.0
2381,XGBoostPoisson,72134,COLUMBIAN  CUBE CANDLE ,2011-12-05/2011-12-11,0.1866197,5.495925,1.0256479,0.0,1.7869002,0.0,0.0,5.0
2382,XGBoostPoisson,22033,BOTANICAL ROSE GREETING CARD,2011-12-05/2011-12-11,0.14545454,4.970217,0.7229407,0.0,1.7834867,0.0,0.25,1.0
2383,XGBoostPoisson,47369A,PINK GREEN EMBROIDERY COSMETIC BAG,2011-12-05/2011-12-11,0.5208334,4.07347,2.1215992,4.07347,1.7678324,3.0,1.0,0.0
2384,XGBoostPoisson,21366,MIRRORED WALL ART PHOTO FRAMES,2011-12-05/2011-12-11,0.5208333,4.315382,2.2475946,4.315382,1.7653952,0.0,0.75,1.0
2385,XGBoostPoisson,23015,CORDIAL GLASS JUG,2011-12-05/2011-12-11,0.43333334,4.424683,1.9173627,0.0,1.7607557,0.0,0.5,1.0
2386,XGBoostPoisson,47369B,BLUE GREEN EMBROIDERY COSMETIC BAG,2011-12-05/2011-12-11,0.44345897,3.9501042,1.7517092,3.9501042,1.751265,4.0,1.5,0.0
2387,XGBoostPoisson,22782,SET 3 WICKER STORAGE BASKETS ,2011-12-05/2011-12-11,0.6600496,4.3234115,2.853666,4.3234115,1.7490687,1.0,2.0,0.0
2388,XGBoostPoisson,72801G,4 BURGUNDY WINE DINNER CANDLES,2011-12-05/2011-12-11,0.36051503,4.660973,1.6803508,0.0,1.7485989,0.0,1.5,2.0
2389,XGBoostPoisson,20770,ABSTRACT CIRCLE JOURNAL ,2011-12-05/2011-12-11,0.42361107,4.7606206,2.0166516,0.0,1.746359,0.0,0.25,1.0
2390,XGBoostPoisson,79191D,RETRO PLASTIC DAISY TRAY,2011-12-05/2011-12-11,0.4236111,4.0964384,1.7352968,0.0,1.7459774,2.0,2.25,0.0
2391,XGBoostPoisson,21375,LARGE CAMPHOR WOOD FIELD MUSHROOM ,2011-12-05/2011-12-11,0.44345897,4.0955024,1.8161873,4.0955024,1.74106,3.0,1.0,0.0
2392,XGBoostPoisson,21468,BUTTERFLY CROCHET FOOD COVER,2011-12-05/2011-12-11,0.5208333,3.6526628,1.9024284,3.6526628,1.733883,1.0,0.75,0.0
2393,XGBoostPoisson,22761,CHEST 7 DRAWER MA CAMPAGNE,2011-12-05/2011-12-11,0.5279503,4.130131,2.1805036,4.130131,1.7332296,1.0,1.0,0.0
2394,XGBoostPoisson,35637C,PINK STRING CURTAIN WITH POLE,2011-12-05/2011-12-11,0.3196126,4.709273,1.5051429,0.0,1.7237384,0.0,0.75,1.0
2395,XGBoostPoisson,21031,SPACE CADET BLACK,2011-12-05/2011-12-11,0.3196126,3.7337327,1.1933479,0.0,1.7165186,0.0,2.5,2.0
2396,XGBoostPoisson,84913A,SOFT PINK ROSE TOWEL ,2011-12-05/2011-12-11,0.23157895,4.449649,1.030445,0.0,1.7106433,0.0,0.25,3.0
2397,XGBoostPoisson,16162M,THE KING GIFT BAG 25x24x12cm,2011-12-05/2011-12-11,0.23978202,5.3706565,1.2877868,0.0,1.6993997,0.0,1.0,1.0
2398,XGBoostPoisson,21925,UNION STRIPE CUSHION COVER ,2011-12-05/2011-12-11,0.346789,5.8873587,2.0416713,0.0,1.6919137,0.0,0.25,3.0
2399,XGBoostPoisson,90134,OLD ROSE COMBO BEAD NECKLACE,2011-12-05/2011-12-11,0.6134454,3.6867638,2.2616284,3.6867638,1.6892409,2.0,2.0,0.0
2400,XGBoostPoisson,22407,MONEY BOX FIRST ADE DESIGN,2011-12-05/2011-12-11,0.346789,4.3647733,1.5136554,0.0,1.68016,0.0,0.5,1.0
2401,XGBoostPoisson,90214H,"LETTER ""H"" BLING KEY RING",2011-12-05/2011-12-11,0.4214876,4.6673303,1.9672219,0.0,1.6771792,0.0,2.0,2.0
2402,XGBoostPoisson,85163A,WHITE BAROQUE WALL CLOCK ,2011-12-05/2011-12-11,0.4236111,3.9415612,1.669689,0.0,1.6764388,0.0,0.75,1.0
2403,XGBoostPoisson,90214K,"LETTER ""K"" BLING KEY RING",2011-12-05/2011-12-11,0.346789,4.4656863,1.5486509,0.0,1.6740282,0.0,1.5,2.0
2404,XGBoostPoisson,90214D,"LETTER ""D"" BLING KEY RING",2011-12-05/2011-12-11,0.36051503,4.5768113,1.6500093,0.0,1.6727179,0.0,1.5,2.0
2405,XGBoostPoisson,90214E,"LETTER ""E"" BLING KEY RING",2011-12-05/2011-12-11,0.43333334,4.298333,1.862611,0.0,1.6674558,0.0,1.5,2.0
2406,XGBoostPoisson,22808,SET OF 6 T-LIGHTS EASTER CHICKS,2011-12-05/2011-12-11,0.31961262,6.1817265,1.9757578,0.0,1.6570691,0.0,0.5,1.0
2407,XGBoostPoisson,90003C,MIDNIGHT BLUE PAIR HEART HAIR SLIDE,2011-12-05/2011-12-11,0.44345897,3.7286582,1.653507,3.7286582,1.6567825,3.0,1.0,0.0
2408,XGBoostPoisson,90019A,SILVER M.O.P ORBIT BRACELET,2011-12-05/2011-12-11,0.6134454,3.67244,2.2528415,3.67244,1.654213,1.0,1.25,0.0
2409,XGBoostPoisson,90214M,"LETTER ""M"" BLING KEY RING",2011-12-05/2011-12-11,0.36051503,4.4761367,1.6137146,0.0,1.6536673,0.0,1.5,2.0
2410,XGBoostPoisson,37489B,BLUE/YELLOW FLOWER DESIGN BIG MUG,2011-12-05/2011-12-11,0.346789,4.224129,1.4648815,0.0,1.6500486,0.0,1.0,1.0
2411,XGBoostPoisson,21279,VINTAGE KITCHEN PRINT FRUITS,2011-12-05/2011-12-11,0.3196126,4.403499,1.4074137,0.0,1.6479157,1.0,0.25,0.0
2412,XGBoostPoisson,22889,NUMBER TILE VINTAGE FONT No ,2011-12-05/2011-12-11,0.4214876,4.2385187,1.786483,0.0,1.6421993,0.0,1.0,1.0
2413,XGBoostPoisson,90040C,MURANO STYLE GLASS BRACELET GOLD,2011-12-05/2011-12-11,0.4236111,3.395052,1.4381818,0.0,1.6415284,5.0,1.75,0.0
2414,XGBoostPoisson,90177C,DROP DIAMANTE EARRINGS CRYSTAL,2011-12-05/2011-12-11,0.23157895,3.7703872,0.8731423,0.0,1.6370375,0.0,0.5,1.0
2415,XGBoostPoisson,22125,UNION JACK HOT WATER BOTTLE ,2011-12-05/2011-12-11,0.23157893,5.4839635,1.2699704,0.0,1.6309139,0.0,3.0,1.0
2416,XGBoostPoisson,23142,IVORY WIRE KITCHEN ORGANISER,2011-12-05/2011-12-11,0.39655173,4.2657666,1.6915971,0.0,1.6232406,0.0,0.5,1.0
2417,XGBoostPoisson,85194L,HANGING SPRING FLOWER EGG LARGE,2011-12-05/2011-12-11,0.18592964,4.81961,0.8961084,0.0,1.61905,0.0,2.75,1.0
2418,XGBoostPoisson,84859B,BLUE DISCO HANDBAG,2011-12-05/2011-12-11,0.346789,4.3115597,1.4952015,0.0,1.618898,0.0,1.5,1.0
2419,XGBoostPoisson,90200B,BLACK SWEETHEART BRACELET,2011-12-05/2011-12-11,0.6550218,3.8134103,2.4978669,3.8134103,1.6113083,1.0,0.75,0.0
2420,XGBoostPoisson,90214J,"LETTER ""J"" BLING KEY RING",2011-12-05/2011-12-11,0.5992509,4.0335517,2.4171095,4.0335517,1.6077274,0.0,1.75,2.0
2421,XGBoostPoisson,90129E,PURPLE GLASS TASSLE BAG CHARM,2011-12-05/2011-12-11,0.4214876,3.8928676,1.6407954,0.0,1.5979177,0.0,0.5,1.0
2422,XGBoostPoisson,84801A,PINK HYDRANGEA ART FLOWER,2011-12-05/2011-12-11,0.18592964,4.8117924,0.8946548,0.0,1.5919573,0.0,2.5,1.0
2423,XGBoostPoisson,23018,LARGE APOTHECARY MEASURING JAR ,2011-12-05/2011-12-11,0.346789,5.2683415,1.8270029,0.0,1.5796416,0.0,0.25,2.0
2424,XGBoostPoisson,84687,BEACH HUT SHELF W 3 DRAWERS,2011-12-05/2011-12-11,0.3196126,4.997213,1.5971721,0.0,1.5771214,0.0,0.25,3.0
2425,XGBoostPoisson,46775D,SUNSET COLOUR CHUNKY KNITTED THROW,2011-12-05/2011-12-11,0.604,3.9674425,2.3963351,3.9674425,1.5751289,1.0,1.25,0.0
2426,XGBoostPoisson,21179,NO JUNK MAIL METAL SIGN,2011-12-05/2011-12-11,0.030710174,14.293252,0.43894824,0.0,1.5471625,0.0,0.0,11.0
2427,XGBoostPoisson,21132,SILVER STANDING GNOME   ,2011-12-05/2011-12-11,0.43333334,4.054346,1.7568833,0.0,1.5465435,0.0,1.0,2.0
2428,XGBoostPoisson,85131A,BEADED PEARL HEART WHITE ON STICK,2011-12-05/2011-12-11,0.08993158,8.342454,0.75025004,0.0,1.5438794,0.0,0.0,5.0
2429,XGBoostPoisson,20696,FLORAL SOFT CAR TOY,2011-12-05/2011-12-11,0.38636625,4.3259363,1.6713958,0.0,1.5407189,0.0,0.25,3.0
2430,XGBoostPoisson,23124,18PC WOODEN CUTLERY SET DISPOSABLE,2011-12-05/2011-12-11,0.20652173,6.6270194,1.3686235,0.0,1.5397716,0.0,0.0,4.0
2431,XGBoostPoisson,85231G,ORANGE SCENTED SET/9 T-LIGHTS,2011-12-05/2011-12-11,0.04391892,5.753989,0.25270897,0.0,1.5322355,0.0,0.0,7.0
2432,XGBoostPoisson,84249A,"GREETING CARD,SQUARE, DOUGHNUTS",2011-12-05/2011-12-11,0.3196126,4.5361223,1.4498018,0.0,1.5274543,0.0,0.25,1.0
2433,XGBoostPoisson,22825,DECORATIVE PLANT POT WITH FRIEZE,2011-12-05/2011-12-11,0.3196126,4.4153557,1.4112033,0.0,1.524551,0.0,0.5,1.0
2434,XGBoostPoisson,90103,PURPLE FRANGIPANI NECKLACE,2011-12-05/2011-12-11,0.31961262,4.273354,1.3658179,0.0,1.5242796,0.0,1.0,1.0
2435,XGBoostPoisson,20967,GREY FLORAL FELTCRAFT SHOULDER BAG,2011-12-05/2011-12-11,0.16494843,7.7307835,1.2751806,0.0,1.522875,0.0,0.0,5.0
2436,XGBoostPoisson,21280,VINTAGE KITCHEN PRINT VEGETABLES,2011-12-05/2011-12-11,0.18592963,4.8893633,0.90907747,0.0,1.5080055,0.0,1.5,3.0
2437,XGBoostPoisson,90003E,GREEN PAIR HEART HAIR SLIDES,2011-12-05/2011-12-11,0.39655173,3.6415434,1.4440603,0.0,1.4963813,3.0,1.25,0.0
2438,XGBoostPoisson,84968D,SET OF 16 VINTAGE RED CUTLERY,2011-12-05/2011-12-11,0.5279503,3.566842,1.8831153,3.566842,1.4871428,1.0,0.5,0.0
2439,XGBoostPoisson,90059F,DIAMANTE HAIR GRIP PACK/2 LT ROSE,2011-12-05/2011-12-11,0.5279503,3.80157,2.00704,3.80157,1.4860551,1.0,1.25,0.0
2440,XGBoostPoisson,16169K,WRAP FOLK ART,2011-12-05/2011-12-11,0.085714296,9.361138,0.80238336,0.0,1.4705042,0.0,0.0,9.0
2441,XGBoostPoisson,90010E,AMBER GLASS/SILVER BRACELET,2011-12-05/2011-12-11,0.5555556,3.6755548,2.041975,3.6755548,1.4598532,1.0,1.5,0.0
2442,XGBoostPoisson,90059E,DIAMANTE HAIR GRIP PACK/2 RUBY,2011-12-05/2011-12-11,0.44345897,3.854086,1.709129,3.854086,1.4584655,0.0,1.25,2.0
2443,XGBoostPoisson,72812,LARGE ZINC GLASS CANDLEHOLDER,2011-12-05/2011-12-11,0.36051506,4.0311627,1.4532949,0.0,1.4584199,1.0,0.75,0.0
2444,XGBoostPoisson,20796,SMALL BLUE PROVENCAL CERAMIC BALL,2011-12-05/2011-12-11,0.23157896,5.084067,1.1773629,0.0,1.4554411,0.0,1.0,3.0
2445,XGBoostPoisson,85135B,BLUE DRAGONFLY HELICOPTER,2011-12-05/2011-12-11,0.346789,4.1240325,1.4301691,0.0,1.4484065,0.0,0.25,2.0
2446,XGBoostPoisson,21424,WOODLAND STORAGE BOX LARGE ,2011-12-05/2011-12-11,0.18592964,5.382507,1.0007676,0.0,1.445527,0.0,0.0,5.0
2447,XGBoostPoisson,90205A,LARGE MINT DIAMANTE HAIRSLIDE,2011-12-05/2011-12-11,0.4236111,3.6320567,1.5385796,0.0,1.441906,0.0,0.5,1.0
2448,XGBoostPoisson,84625C,BLUE NEW BAROQUE CANDLESTICK CANDLE,2011-12-05/2011-12-11,0.08993158,6.4751053,0.58231646,0.0,1.4401667,0.0,0.0,8.0
2449,XGBoostPoisson,21458,2 PICTURE BOOK EGGS EASTER BUNNY,2011-12-05/2011-12-11,0.18592963,4.3799133,0.8143557,0.0,1.4390818,0.0,3.0,3.0
2450,XGBoostPoisson,84661A,WHITE SQUARE TABLE CLOCK,2011-12-05/2011-12-11,0.346789,4.508021,1.5633321,0.0,1.4364073,0.0,0.25,2.0
2451,XGBoostPoisson,22934,BAKING MOULD EASTER EGG WHITE CHOC,2011-12-05/2011-12-11,0.346789,4.434793,1.5379374,0.0,1.4284093,0.0,0.25,3.0
2452,XGBoostPoisson,84984A,GREEN PEONY CUSHION COVER,2011-12-05/2011-12-11,0.18592964,3.8480802,0.71547216,0.0,1.4252295,0.0,1.5,3.0
2453,XGBoostPoisson,21344,MOROCCAN BEATEN METAL DISH,2011-12-05/2011-12-11,0.42148757,3.7470894,1.5793515,0.0,1.4207346,1.0,1.5,0.0
2454,XGBoostPoisson,15058C,ICE CREAM DESIGN GARDEN PARASOL,2011-12-05/2011-12-11,0.23157895,4.0983076,0.9490818,0.0,1.4161776,0.0,0.25,2.0
2455,XGBoostPoisson,84846A,SCENTED CANDLE IN DIGITALIS TIN,2011-12-05/2011-12-11,0.15,4.8878994,0.73318493,0.0,1.412306,0.0,0.0,7.0
2456,XGBoostPoisson,21128,GOLD FISHING GNOME,2011-12-05/2011-12-11,0.5208333,3.7021255,1.9281904,3.7021255,1.4117475,0.0,1.0,2.0
2457,XGBoostPoisson,90177D,DROP DIAMANTE EARRINGS PURPLE,2011-12-05/2011-12-11,0.43333334,3.763146,1.6306965,0.0,1.4107078,2.0,0.75,0.0
2458,XGBoostPoisson,47586A,PINK FAIRY CAKE CUSHION COVER,2011-12-05/2011-12-11,0.23157895,4.1239743,0.9550256,0.0,1.4083873,0.0,1.5,1.0
2459,XGBoostPoisson,22486,PLASMATRONIC LAMP,2011-12-05/2011-12-11,0.5279503,3.8009672,2.0067217,3.8009672,1.405797,1.0,0.75,0.0
2460,XGBoostPoisson,85129B,BEADED CRYSTAL HEART GREEN SMALL,2011-12-05/2011-12-11,0.4214876,3.3218555,1.400121,0.0,1.3982495,0.0,0.5,1.0
2461,XGBoostPoisson,16046,TEATIME PEN CASE & PENS,2011-12-05/2011-12-11,0.3196126,3.9561157,1.2644244,0.0,1.3967273,1.0,0.25,0.0
2462,XGBoostPoisson,72709,IVORY SCULPTED RND CANDLE ,2011-12-05/2011-12-11,0.18661971,4.8643274,0.9077794,0.0,1.3934844,0.0,1.0,3.0
2463,XGBoostPoisson,40005B,BLUE ORGANDY ROUND LAMPSHADE W BEA,2011-12-05/2011-12-11,0.346789,4.297525,1.4903344,0.0,1.3896955,0.0,2.25,1.0
2464,XGBoostPoisson,90071,RUBY GLASS CLUSTER EARRINGS,2011-12-05/2011-12-11,0.5992509,3.5324664,2.1168337,3.5324664,1.3828342,1.0,1.5,0.0
2465,XGBoostPoisson,85186C,BUNNY EGG GARLAND,2011-12-05/2011-12-11,0.15,5.24667,0.7870005,0.0,1.3787028,0.0,0.0,6.0
2466,XGBoostPoisson,22868,NUMBER TILE COTTAGE GARDEN 0 ,2011-12-05/2011-12-11,0.346789,3.815814,1.3232824,0.0,1.3715751,0.0,0.75,1.0
2467,XGBoostPoisson,35598A,DUSTY PINK CHRISTMAS TREE 60CM,2011-12-05/2011-12-11,0.18592964,4.9080567,0.91255325,0.0,1.3705773,0.0,2.25,2.0
2468,XGBoostPoisson,22288,HANGING METAL RABBIT DECORATION,2011-12-05/2011-12-11,0.4236111,3.9503326,1.6734048,0.0,1.3684591,0.0,0.75,1.0
2469,XGBoostPoisson,90191,SILVER LARIAT 40CM,2011-12-05/2011-12-11,0.23157895,4.898925,1.1344879,0.0,1.3660147,0.0,0.0,4.0
2470,XGBoostPoisson,85169C,EAU DE NIL LOVE BIRD CANDLE,2011-12-05/2011-12-11,0.23978202,4.0549235,0.9722977,0.0,1.3653463,1.0,0.5,0.0
2471,XGBoostPoisson,35815P,"ACRYLIC JEWEL SNOWFLAKE, PINK",2011-12-05/2011-12-11,0.066298336,19.946062,1.3223907,0.0,1.3591411,0.0,0.0,9.0
2472,XGBoostPoisson,84984B,RED PEONY CUSHION COVER ,2011-12-05/2011-12-11,0.18592964,4.097654,0.76187533,0.0,1.3529402,0.0,1.5,3.0
2473,XGBoostPoisson,84882,GREEN WIRE STANDING CANDLE HOLDER,2011-12-05/2011-12-11,0.4236111,3.4851165,1.4763341,0.0,1.3450936,2.0,1.0,0.0
2474,XGBoostPoisson,21457,2 PICTURE BOOK EGGS EASTER DUCKS,2011-12-05/2011-12-11,0.16494845,5.2280564,0.8623598,0.0,1.343325,0.0,3.0,3.0
2475,XGBoostPoisson,84706F,RED PEONY TABLE CLOCK,2011-12-05/2011-12-11,0.43333334,3.7025824,1.6044524,0.0,1.3403819,0.0,1.0,1.0
2476,XGBoostPoisson,85216,ASSORTED CAKES FRIDGE MAGNETS,2011-12-05/2011-12-11,0.20652173,5.0231504,1.0373898,0.0,1.3329413,0.0,0.25,2.0
2477,XGBoostPoisson,84457,SET/3 RABBITS FLOWER SKIPPPING ROPE,2011-12-05/2011-12-11,0.16494845,5.2280564,0.8623598,0.0,1.3293756,0.0,3.0,3.0
2478,XGBoostPoisson,84915,HAND TOWEL PINK FLOWER AND DAISY,2011-12-05/2011-12-11,0.5279503,3.589077,1.8948542,3.589077,1.3273557,2.0,0.75,0.0
2479,XGBoostPoisson,44089A,PINK GAUZE BUTTERFLY LAMPSHADE,2011-12-05/2011-12-11,0.18661973,4.78639,0.8932348,0.0,1.3163277,0.0,2.0,1.0
2480,XGBoostPoisson,90175D,TIGRIS EYE CHUNKY CHARM BRACELET,2011-12-05/2011-12-11,0.44345897,3.443862,1.5272115,3.443862,1.3109922,4.0,1.75,0.0
2481,XGBoostPoisson,22829,SWEETHEART WIRE WALL TIDY,2011-12-05/2011-12-11,0.4214876,4.720242,1.9895235,0.0,1.3105446,0.0,0.25,3.0
2482,XGBoostPoisson,90166,PINK & WHITE ROSEBUD RING,2011-12-05/2011-12-11,0.43333337,3.6652293,1.5882661,0.0,1.3042527,0.0,0.5,1.0
2483,XGBoostPoisson,90145,SILVER HOOP EARRINGS WITH FLOWER,2011-12-05/2011-12-11,0.36051506,3.2391772,1.1677722,0.0,1.300082,1.0,0.5,0.0
2484,XGBoostPoisson,84796A,PINK HAWAIIAN PICNIC HAMPER FOR 2,2011-12-05/2011-12-11,0.23157895,4.216612,0.9764785,0.0,1.2952099,2.0,0.5,0.0
2485,XGBoostPoisson,90083,CRYSTAL CZECH CROSS PHONE CHARM,2011-12-05/2011-12-11,0.5208333,3.571042,1.8599176,3.571042,1.289517,2.0,2.0,0.0
2486,XGBoostPoisson,37471,MULTICOLOUR DOTS PLATE,2011-12-05/2011-12-11,0.14545454,5.9984717,0.87250495,0.0,1.282706,0.0,0.0,7.0
2487,XGBoostPoisson,90129C,GREEN GLASS TASSLE BAG CHARM,2011-12-05/2011-12-11,0.36051503,4.311132,1.5542278,0.0,1.2746719,0.0,0.25,2.0
2488,XGBoostPoisson,23574,PACKING CHARGE,2011-12-05/2011-12-11,0.44345897,4.2627707,1.8903639,4.2627707,1.2738507,0.0,0.5,1.0
2489,XGBoostPoisson,47594B,SCOTTIES DESIGN WASHBAG,2011-12-05/2011-12-11,0.239782,4.5873218,1.0999572,0.0,1.2720833,0.0,0.25,3.0
2490,XGBoostPoisson,23038,T-LIGHT HOLDER SILVER SAUCER,2011-12-05/2011-12-11,0.3196126,5.6902924,1.8186891,0.0,1.2651147,0.0,0.75,2.0
2491,XGBoostPoisson,90214G,"LETTER ""G"" BLING KEY RING",2011-12-05/2011-12-11,0.3196126,3.9002867,1.2465807,0.0,1.2642053,0.0,1.5,2.0
2492,XGBoostPoisson,84989A,75 GREEN FAIRY CAKE CASES,2011-12-05/2011-12-11,0.346789,3.650878,1.2660843,0.0,1.2637184,0.0,1.75,1.0
2493,XGBoostPoisson,21277,FRENCH STYLE EMBOSSED HEART CABINET,2011-12-05/2011-12-11,0.4236111,3.5667787,1.5109271,0.0,1.2620032,0.0,1.0,1.0
2494,XGBoostPoisson,90201C,RED ENAMEL FLOWER RING,2011-12-05/2011-12-11,0.3196126,5.426647,1.7344248,0.0,1.2546003,0.0,0.25,2.0
2495,XGBoostPoisson,84968F,SET OF 16 VINTAGE SKY BLUE CUTLERY,2011-12-05/2011-12-11,0.4236111,3.8398962,1.6266227,0.0,1.2530525,0.0,0.75,3.0
2496,XGBoostPoisson,90147,CHUNKY SILVER NECKLACE PASTEL FLOWE,2011-12-05/2011-12-11,0.4214876,3.5276008,1.48684,0.0,1.2527467,0.0,1.0,1.0
2497,XGBoostPoisson,22870,NUMBER TILE COTTAGE GARDEN 2,2011-12-05/2011-12-11,0.443459,3.5241632,1.5628219,3.5241632,1.2510248,1.0,0.5,0.0
2498,XGBoostPoisson,84247N,PACK/12 BLUE FOLKART CARDS,2011-12-05/2011-12-11,0.5279503,3.5712938,1.8854656,3.5712938,1.250262,0.0,1.0,1.0
2499,XGBoostPoisson,23620,SET 10 CARDS PERFECT POST 17090,2011-12-05/2011-12-11,0.346789,3.6683044,1.2721276,0.0,1.2493182,0.0,0.5,2.0
2500,XGBoostPoisson,21413,PERIWINKLE T-LIGHT HOLDER,2011-12-05/2011-12-11,0.23157895,4.107525,0.9512163,0.0,1.2475319,0.0,1.0,3.0
2501,XGBoostPoisson,22447,PIN CUSHION BABUSHKA BLUE,2011-12-05/2011-12-11,0.4236111,3.8036528,1.6112696,0.0,1.2413826,0.0,0.75,1.0
2502,XGBoostPoisson,22848,BREAD BIN DINER STYLE PINK,2011-12-05/2011-12-11,0.18592966,5.1364264,0.955014,0.0,1.2391282,0.0,0.0,5.0
2503,XGBoostPoisson,21376,LARGE  TALL CAMPHOR WOOD TOADSTOOL ,2011-12-05/2011-12-11,0.43333334,3.473001,1.5049671,0.0,1.2340778,3.0,1.0,0.0
2504,XGBoostPoisson,23141,TRIPLE WIRE HOOK PINK HEART,2011-12-05/2011-12-11,0.31961256,4.535856,1.4497164,0.0,1.2231073,1.0,0.25,0.0
2505,XGBoostPoisson,22136,LOVE HEART SOCK HANGER,2011-12-05/2011-12-11,0.346789,4.452262,1.5439955,0.0,1.219818,0.0,0.0,4.0
2506,XGBoostPoisson,90014A,SILVER/MOP ORBIT NECKLACE,2011-12-05/2011-12-11,0.23978202,3.697916,0.8866938,0.0,1.2174095,0.0,1.75,3.0
2507,XGBoostPoisson,90160B,RED BOUDICCA LARGE BRACELET,2011-12-05/2011-12-11,0.23157895,4.771803,1.1050491,0.0,1.2169472,0.0,0.25,3.0
2508,XGBoostPoisson,90012B,BLACK DROP CRYSTAL NECKLACE,2011-12-05/2011-12-11,0.16494845,5.221411,0.8612637,0.0,1.215773,0.0,1.5,3.0
2509,XGBoostPoisson,20847,ZINC HEART LATTICE CHARGER LARGE,2011-12-05/2011-12-11,0.346789,3.7495856,1.300315,0.0,1.2130613,0.0,0.25,1.0
2510,XGBoostPoisson,20934,SET/3 POT PLANT CANDLES,2011-12-05/2011-12-11,0.23978204,4.256979,1.0207471,0.0,1.2122985,0.0,0.0,4.0
2511,XGBoostPoisson,22933,BAKING MOULD EASTER EGG MILK CHOC,2011-12-05/2011-12-11,0.4214876,4.0119143,1.6909721,0.0,1.2000268,0.0,0.25,1.0
2512,XGBoostPoisson,90183B,AMETHYST DROP EARRINGS W LONG BEADS,2011-12-05/2011-12-11,0.5208333,3.4136524,1.7779438,3.4136524,1.1946992,1.0,1.25,0.0
2513,XGBoostPoisson,22882,NUMBER TILE VINTAGE FONT 3,2011-12-05/2011-12-11,0.36051506,3.820507,1.3773503,0.0,1.1926982,1.0,0.75,0.0
2514,XGBoostPoisson,90019B,GOLD M.O.P ORBIT BRACELET,2011-12-05/2011-12-11,0.44345897,3.3858757,1.5014969,3.3858757,1.1890172,1.0,1.5,0.0
2515,XGBoostPoisson,21369,MIRRORED WALL ART SPLODGES,2011-12-05/2011-12-11,0.23157895,5.314996,1.2308412,0.0,1.1880372,0.0,0.0,4.0
2516,XGBoostPoisson,85032D,YULETIDE IMAGES GIFT WRAP SET,2011-12-05/2011-12-11,0.030710176,8.338591,0.25607958,0.0,1.1814427,0.0,0.0,8.0
2517,XGBoostPoisson,90122C,TURQUOISE CRYSTAL+GLASS BRACELET,2011-12-05/2011-12-11,0.23978204,3.5439029,0.8497642,0.0,1.1797642,2.0,0.5,0.0
2518,XGBoostPoisson,22885,NUMBER TILE VINTAGE FONT 6 ,2011-12-05/2011-12-11,0.4214876,3.6700487,1.54688,0.0,1.1765759,0.0,0.5,1.0
2519,XGBoostPoisson,90038A,GLASS AND PAINTED BEADS BRACELET TO,2011-12-05/2011-12-11,0.2777778,4.179383,1.1609397,0.0,1.1733724,0.0,0.5,1.0
2520,XGBoostPoisson,47574A,ENGLISH ROSE SCENTED HANGING FLOWER,2011-12-05/2011-12-11,0.05392157,10.67529,0.5756284,0.0,1.167377,0.0,0.0,8.0
2521,XGBoostPoisson,84795B,SUNSET CHECK HAMMOCK,2011-12-05/2011-12-11,0.18592966,5.3143277,0.9880911,0.0,1.1651735,0.0,0.5,3.0
2522,XGBoostPoisson,23065,LARGE DECO JEWELLERY STAND,2011-12-05/2011-12-11,0.10465116,4.60909,0.4823466,0.0,1.1583848,0.0,0.0,6.0
2523,XGBoostPoisson,22869,NUMBER TILE COTTAGE GARDEN 1,2011-12-05/2011-12-11,0.44345897,3.5129604,1.5578538,3.5129604,1.1556588,1.0,0.5,0.0
2524,XGBoostPoisson,84231,EASTER BUNNY WITH BASKET ON BACK,2011-12-05/2011-12-11,0.18592964,6.2437077,1.1608903,0.0,1.1509806,0.0,0.0,4.0
2525,XGBoostPoisson,90018B,GOLD M.O.P ORBIT DROP EARRINGS,2011-12-05/2011-12-11,0.5992509,3.3433018,2.0034766,3.3433018,1.1503093,1.0,1.25,0.0
2526,XGBoostPoisson,22289,"DECORATION , HANGING METAL CHICKEN",2011-12-05/2011-12-11,0.18592964,3.9598145,0.7362469,0.0,1.1493483,0.0,0.25,1.0
2527,XGBoostPoisson,22084,PAPER CHAIN KIT EMPIRE,2011-12-05/2011-12-11,0.05392157,7.0496073,0.38012588,0.0,1.1464757,0.0,0.0,9.0
2528,XGBoostPoisson,22880,NUMBER TILE VINTAGE FONT 1,2011-12-05/2011-12-11,0.3196126,4.1891584,1.3389078,0.0,1.1456268,0.0,0.5,2.0
2529,XGBoostPoisson,84744,S/6 SEW ON CROCHET FLOWERS,2011-12-05/2011-12-11,0.2777778,3.9981976,1.1106105,0.0,1.142714,0.0,0.25,2.0
2530,XGBoostPoisson,84984D,ORIENTAL RED C/COVER ,2011-12-05/2011-12-11,0.18661971,4.212935,0.78621674,0.0,1.1418298,0.0,1.5,3.0
2531,XGBoostPoisson,90205C,LARGE CRYSTAL DIAMANTE HAIRSLIDE,2011-12-05/2011-12-11,0.4236111,3.419198,1.4484103,0.0,1.1398325,1.0,1.0,0.0
2532,XGBoostPoisson,22886,NUMBER TILE VINTAGE FONT 7,2011-12-05/2011-12-11,0.36051506,3.493013,1.2592838,0.0,1.1367228,1.0,0.5,0.0
2533,XGBoostPoisson,84660A,WHITE STITCHED WALL CLOCK,2011-12-05/2011-12-11,0.04391892,4.410211,0.1936917,0.0,1.1326652,0.0,0.0,8.0
2534,XGBoostPoisson,90072,RUBY DROP CHANDELIER EARRINGS,2011-12-05/2011-12-11,0.4236111,3.9966655,1.6930319,0.0,1.1307201,1.0,0.75,0.0
2535,XGBoostPoisson,22214,CANDLE PLATE LACE WHITE,2011-12-05/2011-12-11,0.346789,3.9172602,1.3584627,0.0,1.1230996,0.0,0.5,2.0
2536,XGBoostPoisson,84754,S/15 SILVER GLASS BAUBLES IN BAG,2011-12-05/2011-12-11,0.030710176,8.810222,0.27056345,0.0,1.1206799,0.0,0.0,10.0
2537,XGBoostPoisson,20998,ROSE DU SUD OVEN GLOVE,2011-12-05/2011-12-11,0.15,4.5732007,0.68598014,0.0,1.1200769,0.0,0.0,7.0
2538,XGBoostPoisson,17084J,LOVE POTION MASALA INCENSE,2011-12-05/2011-12-11,0.04391892,8.5999775,0.3777017,0.0,1.1132151,0.0,0.0,11.0
2539,XGBoostPoisson,84952B,BLACK LOVE BIRD T-LIGHT HOLDER,2011-12-05/2011-12-11,0.34678903,3.6355681,1.2607752,0.0,1.1112943,0.0,0.25,2.0
2540,XGBoostPoisson,90180A,BLACK+WHITE NECKLACE W TASSEL,2011-12-05/2011-12-11,0.34678897,3.371407,1.1691668,0.0,1.1088737,1.0,0.5,0.0
2541,XGBoostPoisson,90202B,WHITE ENAMEL FLOWER HAIR TIE,2011-12-05/2011-12-11,0.346789,3.7540326,1.3018572,0.0,1.1077743,0.0,0.5,1.0
2542,XGBoostPoisson,17174,ASSTD RASTA KEY-CHAINS,2011-12-05/2011-12-11,0.23157895,4.348157,1.0069416,0.0,1.104654,0.0,2.0,1.0
2543,XGBoostPoisson,40046A,RED DAISY PAPER LAMPSHADE,2011-12-05/2011-12-11,0.16494845,6.027807,0.9942775,0.0,1.1033157,0.0,0.0,6.0
2544,XGBoostPoisson,23623,SET 10 CARD CHRISTMAS WELCOME 17112,2011-12-05/2011-12-11,0.346789,3.448228,1.1958075,0.0,1.1027806,1.0,1.0,0.0
2545,XGBoostPoisson,23646,SET 10 CARDS JINGLE BELLS 16957,2011-12-05/2011-12-11,0.346789,3.2705293,1.1341835,0.0,1.0984962,0.0,0.75,2.0
2546,XGBoostPoisson,22860,EASTER TIN CHICKS PINK DAISY,2011-12-05/2011-12-11,0.18592964,5.2445545,0.97511816,0.0,1.0971442,0.0,1.5,2.0
2547,XGBoostPoisson,71496A,A4 WALL TIDY BLUE OFFICE,2011-12-05/2011-12-11,0.16494843,4.3639474,0.7198263,0.0,1.0946414,0.0,0.0,4.0
2548,XGBoostPoisson,20698,LITTLE PINK MONSTER SOFT TOY,2011-12-05/2011-12-11,0.31182796,3.366014,1.0496173,0.0,1.0933515,0.0,1.5,1.0
2549,XGBoostPoisson,90165B,WHITE ROSEBUD  PEARL EARRINGS,2011-12-05/2011-12-11,0.44345897,3.3734698,1.4959955,3.3734698,1.0775769,2.0,1.25,0.0
2550,XGBoostPoisson,90202A,PURPLE ENAMEL FLOWER HAIR TIE,2011-12-05/2011-12-11,0.346789,3.4952192,1.2121036,0.0,1.0752052,0.0,1.0,1.0
2551,XGBoostPoisson,90202C,GREEN ENAMEL FLOWER HAIR TIE,2011-12-05/2011-12-11,0.31182796,3.6992216,1.1535207,0.0,1.0732474,2.0,0.5,0.0
2552,XGBoostPoisson,84658,WHITE STITCHED CUSHION COVER,2011-12-05/2011-12-11,0.3196126,4.2503138,1.3584538,0.0,1.0723275,0.0,0.0,4.0
2553,XGBoostPoisson,46138B,BLUE CHENILLE SHAGGY CUSHION COVER ,2011-12-05/2011-12-11,0.1866197,4.2917433,0.8009238,0.0,1.0719097,0.0,0.5,3.0
2554,XGBoostPoisson,84661C,PINK SQUARE TABLE CLOCK,2011-12-05/2011-12-11,0.3196126,3.3300524,1.0643266,0.0,1.0704443,1.0,0.25,0.0
2555,XGBoostPoisson,21750,LARGE SKULL WINDMILL,2011-12-05/2011-12-11,0.3196126,3.8837824,1.2413057,0.0,1.0632944,0.0,0.25,3.0
2556,XGBoostPoisson,22244,3 HOOK HANGER MAGIC GARDEN,2011-12-05/2011-12-11,0.030710176,6.7005296,0.20577444,0.0,1.0626596,0.0,0.0,9.0
2557,XGBoostPoisson,15058B,PINK POLKADOT GARDEN PARASOL,2011-12-05/2011-12-11,0.18661971,3.7629766,0.70224565,0.0,1.0617895,0.0,0.25,2.0
2558,XGBoostPoisson,22888,NUMBER TILE VINTAGE FONT 9 ,2011-12-05/2011-12-11,0.346789,3.7491784,1.3001739,0.0,1.0604254,0.0,0.5,1.0
2559,XGBoostPoisson,90059D,DIAMANTE HAIR GRIP PACK/2 PERIDOT,2011-12-05/2011-12-11,0.346789,3.6349397,1.260557,0.0,1.0574311,0.0,0.25,1.0
2560,XGBoostPoisson,90190C,SILVER/AMETHYST DROP EARRINGS LEAF,2011-12-05/2011-12-11,0.5279503,3.1726222,1.6749868,3.1726222,1.0568434,1.0,1.75,0.0
2561,XGBoostPoisson,20774,GREEN FERN NOTEBOOK,2011-12-05/2011-12-11,0.10465117,4.1077538,0.42988122,0.0,1.0546306,0.0,0.0,8.0
2562,XGBoostPoisson,22883,NUMBER TILE VINTAGE FONT 4,2011-12-05/2011-12-11,0.36051503,3.398695,1.2252806,0.0,1.0520468,1.0,0.5,0.0
2563,XGBoostPoisson,22927,GREEN GIANT GARDEN THERMOMETER,2011-12-05/2011-12-11,0.04391892,6.6332903,0.29132694,0.0,1.0512773,0.0,0.0,9.0
2564,XGBoostPoisson,90202D,PINK ENAMEL FLOWER HAIR TIE,2011-12-05/2011-12-11,0.346789,3.420313,1.186127,0.0,1.0501823,0.0,0.75,1.0
2565,XGBoostPoisson,90003B,ROSE COLOUR PAIR HEART HAIR SLIDES,2011-12-05/2011-12-11,0.4214876,3.4731016,1.4638692,0.0,1.0489416,3.0,1.0,0.0
2566,XGBoostPoisson,35638B,PINK/BLUE STRING CURTAIN ,2011-12-05/2011-12-11,0.18661971,4.5342402,0.8461786,0.0,1.0486481,0.0,0.25,2.0
2567,XGBoostPoisson,90168,2 DAISIES HAIR COMB,2011-12-05/2011-12-11,0.5208333,3.506651,1.8263806,3.506651,1.0430468,1.0,0.75,0.0
2568,XGBoostPoisson,90199C,5 STRAND GLASS NECKLACE CRYSTAL,2011-12-05/2011-12-11,0.346789,3.1162677,1.0806874,0.0,1.0424244,1.0,1.0,0.0
2569,XGBoostPoisson,35810B,ENAMEL BLUE RIM COFFEE CONTAINER,2011-12-05/2011-12-11,0.346789,3.8320117,1.3288995,0.0,1.0385464,1.0,1.25,0.0
2570,XGBoostPoisson,90210B,CLEAR ACRYLIC FACETED BANGLE,2011-12-05/2011-12-11,0.18661973,4.886136,0.9118494,0.0,1.0365939,0.0,0.0,5.0
2571,XGBoostPoisson,35638A,PINK AND BLACK STRING CURTAIN,2011-12-05/2011-12-11,0.18661971,4.6061416,0.85959685,0.0,1.0332327,0.0,0.25,2.0
2572,XGBoostPoisson,23640,SET 10 CARDS SCOTTIE DOG 17211,2011-12-05/2011-12-11,0.43333334,3.0256872,1.3111311,0.0,1.0290595,1.0,0.25,0.0
2573,XGBoostPoisson,22824,3 TIER SWEETHEART GARDEN SHELF,2011-12-05/2011-12-11,0.31961256,3.668116,1.172376,0.0,1.0279717,0.0,0.25,1.0
2574,XGBoostPoisson,23066,SMALL DECO JEWELLERY STAND,2011-12-05/2011-12-11,0.06629834,4.7675376,0.31607985,0.0,1.0200603,0.0,0.0,7.0
2575,XGBoostPoisson,90067A,PINK VINTAGE VICTORIAN EARRINGS,2011-12-05/2011-12-11,0.23978202,3.578114,0.85796744,0.0,1.0174146,0.0,1.5,2.0
2576,XGBoostPoisson,84459A,PINK METAL CHICKEN HEART ,2011-12-05/2011-12-11,0.239782,3.921413,0.94028425,0.0,1.0167358,0.0,0.0,5.0
2577,XGBoostPoisson,22858,EASTER TIN KEEPSAKE,2011-12-05/2011-12-11,0.089931585,8.678007,0.7804269,0.0,0.99604446,0.0,0.0,8.0
2578,XGBoostPoisson,90209C,PINK ENAMEL+GLASS HAIR COMB,2011-12-05/2011-12-11,0.23157895,4.8905926,1.1325582,0.0,0.9929411,0.0,0.0,4.0
2579,XGBoostPoisson,90184C,BLACK CHUNKY BEAD BRACELET W STRAP,2011-12-05/2011-12-11,0.4214876,3.2917867,1.3874472,0.0,0.9927167,0.0,1.0,1.0
2580,XGBoostPoisson,84086B,YELLOW/BLUE RETRO RADIO,2011-12-05/2011-12-11,0.16494845,4.972346,0.8201807,0.0,0.99009025,0.0,1.75,2.0
2581,XGBoostPoisson,90059B,DIAMANTE HAIR GRIP PACK/2 BLACK DIA,2011-12-05/2011-12-11,0.346789,3.4733434,1.2045172,0.0,0.9869248,0.0,0.5,1.0
2582,XGBoostPoisson,90010A,MIDNIGHT BLUE GLASS/SILVER BRACELET,2011-12-05/2011-12-11,0.4214876,3.257411,1.3729583,0.0,0.98201275,1.0,1.0,0.0
2583,XGBoostPoisson,90059C,DIAMANTE HAIR GRIP PACK/2 MONTANA,2011-12-05/2011-12-11,0.42148757,3.3635583,1.417698,0.0,0.9794055,0.0,0.75,1.0
2584,XGBoostPoisson,47351B,BLUE  VOILE LAMPSHADE,2011-12-05/2011-12-11,0.15,6.2419953,0.9362993,0.0,0.97930276,0.0,0.0,4.0
2585,XGBoostPoisson,21641,ASSORTED TUTTI FRUTTI KEYRING BALL,2011-12-05/2011-12-11,0.019748654,7.2050953,0.14229093,0.0,0.974061,0.0,0.0,11.0
2586,XGBoostPoisson,90162A,ANT SILVER TURQUOISE BOUDICCA RING,2011-12-05/2011-12-11,0.16494845,5.163354,0.8516872,0.0,0.97124463,0.0,1.5,3.0
2587,XGBoostPoisson,22881,NUMBER TILE VINTAGE FONT 2,2011-12-05/2011-12-11,0.31961256,3.6438727,1.1646276,0.0,0.97087234,0.0,0.5,2.0
2588,XGBoostPoisson,35972,DAISY FOLKART HEART DECORATION,2011-12-05/2011-12-11,0.18661971,4.558572,0.8507194,0.0,0.9696705,0.0,0.0,4.0
2589,XGBoostPoisson,22183,CAKE STAND VICTORIAN FILIGREE MED,2011-12-05/2011-12-11,0.18661971,4.211313,0.785914,0.0,0.9682493,0.0,0.25,3.0
2590,XGBoostPoisson,22878,NUMBER TILE COTTAGE GARDEN No,2011-12-05/2011-12-11,0.239782,3.2772102,0.785816,0.0,0.96713626,0.0,0.5,2.0
2591,XGBoostPoisson,22837,HOT WATER BOTTLE BABUSHKA ,2011-12-05/2011-12-11,0.06629834,5.805806,0.38491532,0.0,0.9670604,0.0,0.0,10.0
2592,XGBoostPoisson,18094C,WHITE AND BLUE CERAMIC OIL BURNER,2011-12-05/2011-12-11,0.08993158,4.5628567,0.4103449,0.0,0.96451706,0.0,0.0,8.0
2593,XGBoostPoisson,21420,OYSTER TRINKET BOX,2011-12-05/2011-12-11,0.42148757,3.44416,1.4516706,0.0,0.9578291,1.0,1.0,0.0
2594,XGBoostPoisson,90011B,BLACK CRYSTAL DROP EARRINGS,2011-12-05/2011-12-11,0.18661971,4.367673,0.8150939,0.0,0.9575553,1.0,0.25,0.0
2595,XGBoostPoisson,85089,CANDY SPOT BUNNY,2011-12-05/2011-12-11,0.3196126,3.205677,1.0245748,0.0,0.95696926,0.0,1.0,2.0
2596,XGBoostPoisson,85211,S/4 GROOVY CAT MAGNETS,2011-12-05/2011-12-11,0.16494845,4.3362746,0.71526176,0.0,0.9561234,0.0,0.0,7.0
2597,XGBoostPoisson,84508A,CAMOUFLAGE DESIGN TEDDY,2011-12-05/2011-12-11,0.030710176,5.377503,0.16514406,0.0,0.9500636,0.0,0.0,10.0
2598,XGBoostPoisson,90185B,AMETHYST DIAMANTE EXPANDABLE RING,2011-12-05/2011-12-11,0.31182796,3.2431393,1.0113015,0.0,0.9459786,0.0,0.25,1.0
2599,XGBoostPoisson,90177A,CLASSIC DIAMANTE EARRINGS JET,2011-12-05/2011-12-11,0.23978202,3.36053,0.80579466,0.0,0.9459008,0.0,0.25,1.0
2600,XGBoostPoisson,90157,RIVIERA NECKLACE,2011-12-05/2011-12-11,0.31182796,3.6439385,1.136282,0.0,0.93903553,1.0,1.5,0.0
2601,XGBoostPoisson,20702,PINK PADDED MOBILE,2011-12-05/2011-12-11,0.23157896,4.0231605,0.9316793,0.0,0.9234867,0.0,0.0,5.0
2602,XGBoostPoisson,72801C,S/4 ROSE PINK DINNER CANDLES,2011-12-05/2011-12-11,0.14545454,5.7207017,0.83210206,0.0,0.91986966,0.0,0.0,7.0
2603,XGBoostPoisson,21281,VINTAGE KITCHEN PRINT SEAFOOD,2011-12-05/2011-12-11,0.23157895,4.478583,1.0371455,0.0,0.9164914,0.0,0.75,3.0
2604,XGBoostPoisson,22871,NUMBER TILE COTTAGE GARDEN 3 ,2011-12-05/2011-12-11,0.20652172,3.8338962,0.79178286,0.0,0.9147367,0.0,0.25,2.0
2605,XGBoostPoisson,20697,LITTLE GREEN MONSTER SOFT TOY,2011-12-05/2011-12-11,0.31182796,3.483963,1.086397,0.0,0.9135202,0.0,1.0,1.0
2606,XGBoostPoisson,84796B,BLUE SAVANNAH PICNIC HAMPER FOR 2,2011-12-05/2011-12-11,0.14545454,4.2600737,0.6196471,0.0,0.91317105,0.0,0.25,3.0
2607,XGBoostPoisson,90096,NECKLACE+BRACELET SET BLUE BLOSSOM,2011-12-05/2011-12-11,0.23157895,3.5971713,0.83302915,0.0,0.91199595,0.0,1.25,3.0
2608,XGBoostPoisson,72783,BLACK SIL'T SQU CANDLE PLATE ,2011-12-05/2011-12-11,0.15,6.464064,0.9696097,0.0,0.9117986,0.0,0.0,4.0
2609,XGBoostPoisson,90081C,LILY BROOCH OLIVE COLOUR,2011-12-05/2011-12-11,0.4236111,3.2840538,1.3911617,0.0,0.9114317,1.0,0.75,0.0
2610,XGBoostPoisson,35400,WOODEN BOX ADVENT CALENDAR ,2011-12-05/2011-12-11,0.18661971,5.3240275,0.9935685,0.0,0.9090238,0.0,1.25,1.0
2611,XGBoostPoisson,22987,"WRAP , SUMMER ROSE DESIGN",2011-12-05/2011-12-11,0.08993158,6.251525,0.5622095,0.0,0.9069272,0.0,0.0,7.0
2612,XGBoostPoisson,84452,METAL RABBIT LADDER EASTER ,2011-12-05/2011-12-11,0.15,5.0785646,0.76178473,0.0,0.90295583,0.0,0.0,6.0
2613,XGBoostPoisson,84509E,SET OF 4 CAROUSEL PLACEMATS ,2011-12-05/2011-12-11,0.23978202,3.1076899,0.74516815,0.0,0.89944404,2.0,0.5,0.0
2614,XGBoostPoisson,90182C,BLACK 3 BEAD DROP EARRINGS,2011-12-05/2011-12-11,0.23978202,3.2566357,0.78088266,0.0,0.8933109,1.0,0.25,0.0
2615,XGBoostPoisson,85230E,STRAWBRY SCENTED VOTIVE CANDLE,2011-12-05/2011-12-11,0.019748654,6.693082,0.13217936,0.0,0.893179,0.0,0.0,12.0
2616,XGBoostPoisson,17084A,TRANQUILITY MASALA INCENSE,2011-12-05/2011-12-11,0.04391892,13.377232,0.58751357,0.0,0.8924067,0.0,0.0,11.0
2617,XGBoostPoisson,90185A,AMBER DIAMANTE EXPANDABLE RING,2011-12-05/2011-12-11,0.346789,3.213881,1.1145386,0.0,0.8911421,0.0,0.25,2.0
2618,XGBoostPoisson,90177E,DROP DIAMANTE EARRINGS GREEN,2011-12-05/2011-12-11,0.23157895,3.484558,0.8069503,0.0,0.89093596,0.0,0.25,1.0
2619,XGBoostPoisson,90016B,GOLD/M.O.P PENDANT ORBIT NECKLACE,2011-12-05/2011-12-11,0.4214876,3.3974047,1.4319639,0.0,0.8903879,0.0,0.75,1.0
2620,XGBoostPoisson,23634,SET 10 CARDS XMAS CHOIR 17068,2011-12-05/2011-12-11,0.23978202,3.1012754,0.7436301,0.0,0.89011985,0.0,0.25,1.0
2621,XGBoostPoisson,16207A,PINK STRAWBERRY HANDBAG ,2011-12-05/2011-12-11,0.16494846,4.0636086,0.670286,0.0,0.8893514,0.0,0.0,4.0
2622,XGBoostPoisson,90190A,SILVER/CRYSTAL DROP EARRINGS W LEAF,2011-12-05/2011-12-11,0.3196126,3.2909322,1.0518234,0.0,0.8891931,0.0,1.0,1.0
2623,XGBoostPoisson,90130A,WHITE STONE/CRYSTAL EARRINGS,2011-12-05/2011-12-11,0.3196126,3.4800944,1.112282,0.0,0.88427436,0.0,1.0,1.0
2624,XGBoostPoisson,90016A,SILVER/M.O.P PENDANT ORBIT NECKLACE,2011-12-05/2011-12-11,0.18592963,3.7870216,0.7041195,0.0,0.8838133,0.0,0.0,5.0
2625,XGBoostPoisson,21269,ANTIQUE CREAM CUTLERY SHELF ,2011-12-05/2011-12-11,0.346789,3.2854452,1.1393563,0.0,0.8774837,0.0,0.25,1.0
2626,XGBoostPoisson,85124C,GREEN JUICY FRUIT PHOTO FRAME,2011-12-05/2011-12-11,0.18592963,3.9799786,0.7399959,0.0,0.8751195,0.0,0.0,6.0
2627,XGBoostPoisson,17191A,ROSE FLOWER CANDLE+INCENSE 16X16CM,2011-12-05/2011-12-11,0.23978204,3.6712375,0.88029677,0.0,0.8750528,2.0,1.0,0.0
2628,XGBoostPoisson,90073,VINTAGE ENAMEL & CRYSTAL EARRINGS,2011-12-05/2011-12-11,0.4214876,3.3409905,1.4081861,0.0,0.87350315,0.0,0.5,1.0
2629,XGBoostPoisson,75178,ASSTD COL BUTTERFLY/CRYSTAL W/CHIME,2011-12-05/2011-12-11,0.08993158,5.829677,0.5242721,0.0,0.8642396,0.0,0.0,7.0
2630,XGBoostPoisson,84422,PINK/BLUE DISC/MIRROR STRING,2011-12-05/2011-12-11,0.043918915,12.810706,0.5626323,0.0,0.86305195,0.0,0.0,11.0
2631,XGBoostPoisson,85096,HILDA CANDY SPOT RABBIT,2011-12-05/2011-12-11,0.346789,3.5964413,1.2472063,0.0,0.8623595,0.0,0.5,1.0
2632,XGBoostPoisson,90146,FINE SILVER NECKLACE W PASTEL FLOWE,2011-12-05/2011-12-11,0.18592964,4.4133415,0.820571,0.0,0.86221445,0.0,0.0,5.0
2633,XGBoostPoisson,90082A,DIAMANTE BOW BROOCH GREEN COLOUR,2011-12-05/2011-12-11,0.42148763,3.0532064,1.2868887,0.0,0.8615728,0.0,0.5,1.0
2634,XGBoostPoisson,90070,RUBY GLASS CLUSTER BRACELET,2011-12-05/2011-12-11,0.346789,3.112246,1.0792927,0.0,0.861465,0.0,1.0,1.0
2635,XGBoostPoisson,21418,STARFISH SOAP DISH,2011-12-05/2011-12-11,0.2777778,3.8023138,1.0561984,0.0,0.8602502,0.0,0.0,5.0
2636,XGBoostPoisson,90176E,DIAMANTE NECKLACE GREEN,2011-12-05/2011-12-11,0.18592964,3.3386507,0.6207541,0.0,0.85509056,1.0,0.25,0.0
2637,XGBoostPoisson,37468,HARDMAN MUG 3 ASSORTED,2011-12-05/2011-12-11,0.16494845,4.179976,0.68948054,0.0,0.8550853,0.0,0.0,6.0
2638,XGBoostPoisson,85024C,PINK SMALL JEWELLED PHOTOFRAME,2011-12-05/2011-12-11,0.346789,3.158936,1.0954843,0.0,0.8549978,0.0,0.5,1.0
2639,XGBoostPoisson,90130C,GREEN STONE/CRYSTAL EARRINGS,2011-12-05/2011-12-11,0.5208333,3.094524,1.6117312,3.094524,0.854852,0.0,0.75,1.0
2640,XGBoostPoisson,85161,ACRYLIC GEOMETRIC LAMP,2011-12-05/2011-12-11,0.31182796,3.2963095,1.0278815,0.0,0.85212487,0.0,0.75,1.0
2641,XGBoostPoisson,84842,HELLO SAILOR BATHROOM SET,2011-12-05/2011-12-11,0.34678897,3.1617098,1.096446,0.0,0.847553,0.0,1.0,1.0
2642,XGBoostPoisson,90183C,BLACK DROP EARRINGS W LONG BEADS,2011-12-05/2011-12-11,0.4236111,3.147798,1.3334422,0.0,0.8470592,1.0,1.0,0.0
2643,XGBoostPoisson,90199B,5 STRAND GLASS NECKLACE AMETHYST,2011-12-05/2011-12-11,0.346789,3.1099043,1.0784806,0.0,0.84545505,2.0,0.75,0.0
2644,XGBoostPoisson,22874,NUMBER TILE COTTAGE GARDEN 6,2011-12-05/2011-12-11,0.18592964,4.185041,0.77812314,0.0,0.84493965,0.0,0.25,3.0
2645,XGBoostPoisson,23143,ZINC WIRE KITCHEN ORGANISER,2011-12-05/2011-12-11,0.3196126,3.846815,1.2294905,0.0,0.8400252,0.0,0.75,1.0
2646,XGBoostPoisson,90214N,"LETTER ""N"" BLING KEY RING",2011-12-05/2011-12-11,0.346789,3.300321,1.144515,0.0,0.8399219,2.0,0.5,0.0
2647,XGBoostPoisson,22157,ANGEL DECORATION WITH LACE PADDED,2011-12-05/2011-12-11,0.019748654,9.602388,0.18963425,0.0,0.83973706,0.0,0.0,13.0
2648,XGBoostPoisson,90032,IVORY SHELL HEART NECKLACE,2011-12-05/2011-12-11,0.16494846,4.333982,0.7148837,0.0,0.83805203,0.0,0.0,5.0
2649,XGBoostPoisson,22827,RUSTIC  SEVENTEEN DRAWER SIDEBOARD,2011-12-05/2011-12-11,0.346789,3.6135035,1.2531233,0.0,0.83731586,0.0,0.25,2.0
2650,XGBoostPoisson,21196,ROUND WHITE CONFETTI IN TUBE,2011-12-05/2011-12-11,0.16494845,5.2107196,0.8595001,0.0,0.83697283,0.0,0.0,5.0
2651,XGBoostPoisson,20903,VINTAGE KEEPSAKE BOX TRAVELOGUE,2011-12-05/2011-12-11,0.14545456,4.445089,0.6465584,0.0,0.8359825,0.0,0.0,6.0
2652,XGBoostPoisson,90196A,PURPLE GEMSTONE NECKLACE 45CM,2011-12-05/2011-12-11,0.346789,3.7387795,1.2965677,0.0,0.83570313,1.0,0.5,0.0
2653,XGBoostPoisson,90039C,FIRE POLISHED GLASS BRACELET BLACK,2011-12-05/2011-12-11,0.23978202,3.7796397,0.90628964,0.0,0.830318,0.0,0.5,1.0
2654,XGBoostPoisson,90011A,MIDNIGHT BLUE CRYSTAL DROP EARRINGS,2011-12-05/2011-12-11,0.18661971,3.8310018,0.7149404,0.0,0.8282987,0.0,0.5,1.0
2655,XGBoostPoisson,84711B,PINK OVAL SHAPE TRINKET BOX,2011-12-05/2011-12-11,0.3196126,3.339182,1.0672445,0.0,0.8250956,0.0,0.75,1.0
2656,XGBoostPoisson,21447,12 IVORY ROSE PEG PLACE SETTINGS,2011-12-05/2011-12-11,0.027972028,7.7314615,0.21626465,0.0,0.8245207,0.0,0.0,10.0
2657,XGBoostPoisson,90214L,"LETTER ""L"" BLING KEY RING",2011-12-05/2011-12-11,0.31961256,3.6073403,1.1529512,0.0,0.82159364,0.0,0.0,5.0
2658,XGBoostPoisson,85163B,BLACK BAROQUE WALL CLOCK ,2011-12-05/2011-12-11,0.20652173,3.3004122,0.6816068,0.0,0.81997603,0.0,0.75,1.0
2659,XGBoostPoisson,84974,S/2 ZINC HEART DESIGN PLANTERS,2011-12-05/2011-12-11,0.3196126,3.6161065,1.1557531,0.0,0.8199272,0.0,0.0,4.0
2660,XGBoostPoisson,84616,SILVER ROCCOCO CHANDELIER,2011-12-05/2011-12-11,0.239782,3.2377453,0.77635306,0.0,0.81931025,0.0,0.25,1.0
2661,XGBoostPoisson,90094,NECKLACE+BRACELET SET FRUIT SALAD ,2011-12-05/2011-12-11,0.39655173,3.3478599,1.3275996,0.0,0.81806105,1.0,1.25,0.0
2662,XGBoostPoisson,90055,CRACKED GLAZE EARRINGS BROWN,2011-12-05/2011-12-11,0.18661971,3.8447723,0.71751034,0.0,0.8159745,0.0,0.5,2.0
2663,XGBoostPoisson,35818B,"ACRYLIC JEWEL ICICLE, BLUE",2011-12-05/2011-12-11,0.15,5.6171126,0.8425669,0.0,0.8123127,0.0,0.0,4.0
2664,XGBoostPoisson,20901,VINTAGE KEEPSAKE BOX PINK FLOWER,2011-12-05/2011-12-11,0.16494845,4.162757,0.6866403,0.0,0.81154513,0.0,0.25,2.0
2665,XGBoostPoisson,90195A,PURPLE GEMSTONE BRACELET,2011-12-05/2011-12-11,0.23978202,3.7298112,0.89434165,0.0,0.80863947,0.0,0.5,3.0
2666,XGBoostPoisson,90211A,DIAMOND LAS VEGAS NECKLACE 45CM,2011-12-05/2011-12-11,0.23978204,3.7359118,0.8958045,0.0,0.8037767,0.0,0.75,1.0
2667,XGBoostPoisson,47367B,PAIR PADDED HANGERS PINK CHECK,2011-12-05/2011-12-11,0.23157896,3.5173182,0.8145369,0.0,0.80158156,0.0,0.0,5.0
2668,XGBoostPoisson,90081A,LILY BROOCH AMETHYST COLOUR,2011-12-05/2011-12-11,0.31182796,3.3691077,1.0505819,0.0,0.80034,0.0,0.5,1.0
2669,XGBoostPoisson,20699,MOUSEY LONG LEGS SOFT TOY,2011-12-05/2011-12-11,0.3196126,3.2709103,1.0454241,0.0,0.78961974,0.0,0.75,2.0
2670,XGBoostPoisson,21067,VINTAGE RED TEATIME MUG,2011-12-05/2011-12-11,0.08993158,4.5557184,0.40970296,0.0,0.789264,0.0,0.0,8.0
2671,XGBoostPoisson,90181A,AMBER GLASS/SHELL/PEARL NECKLACE,2011-12-05/2011-12-11,0.3196126,3.0854979,0.986164,0.0,0.7861059,2.0,0.5,0.0
2672,XGBoostPoisson,90144,SILVER DROP EARRINGS WITH FLOWER,2011-12-05/2011-12-11,0.4236111,3.0735884,1.3020061,0.0,0.78125226,1.0,0.75,0.0
2673,XGBoostPoisson,84711A,SILVER OVAL SHAPE TRINKET BOX,2011-12-05/2011-12-11,0.4236111,3.1914716,1.3519428,0.0,0.7798352,1.0,0.75,0.0
2674,XGBoostPoisson,90024B,NEW BAROQUE B'FLY NECKLACE RED,2011-12-05/2011-12-11,0.31961262,3.0052786,0.960525,0.0,0.7795534,1.0,0.5,0.0
2675,XGBoostPoisson,90033,IVORY SHELL HEART EARRINGS,2011-12-05/2011-12-11,0.23157896,3.3277926,0.77064675,0.0,0.7786963,2.0,0.5,0.0
2676,XGBoostPoisson,90182A,AMBER 3 BEAD DROP EARRINGS,2011-12-05/2011-12-11,0.23157895,4.0085397,0.9282934,0.0,0.7766662,0.0,1.0,2.0
2677,XGBoostPoisson,90018C,SILVER BLACK ORBIT DROP EARRINGS,2011-12-05/2011-12-11,0.31961262,2.9995084,0.95868075,0.0,0.7757985,0.0,0.5,1.0
2678,XGBoostPoisson,90179C,BLACK FINE BEAD NECKLACE W TASSEL,2011-12-05/2011-12-11,0.23157895,3.302803,0.7648597,0.0,0.7743588,2.0,0.5,0.0
2679,XGBoostPoisson,35443,RASTA IN BATH W SPLIFF ASHTRAY,2011-12-05/2011-12-11,0.23157895,3.7173629,0.860863,0.0,0.7740919,0.0,0.75,1.0
2680,XGBoostPoisson,84922,PINK BUTTERFLY WASHBAG,2011-12-05/2011-12-11,0.36051503,3.2479959,1.1709514,0.0,0.7715745,1.0,0.5,0.0
2681,XGBoostPoisson,90036C,"FLOWER GLASS GARLAND NECKL.36""BLUE",2011-12-05/2011-12-11,0.3196126,3.3848453,1.0818392,0.0,0.77040184,1.0,0.5,0.0
2682,XGBoostPoisson,16248B,BLUE HOLE PUNCH,2011-12-05/2011-12-11,0.15,4.5195885,0.6779383,0.0,0.7694677,0.0,0.0,5.0
2683,XGBoostPoisson,84507C,BLUE CIRCLES DESIGN MONKEY DOLL,2011-12-05/2011-12-11,0.18592964,4.1135964,0.76483953,0.0,0.76614165,0.0,0.0,6.0
2684,XGBoostPoisson,90151,SILVER/NATURAL SHELL NECKLACE,2011-12-05/2011-12-11,0.23157895,3.7638454,0.8716274,0.0,0.7647505,0.0,0.5,1.0
2685,XGBoostPoisson,90175C,BLUE GLASS CHUNKY CHARM BRACELET,2011-12-05/2011-12-11,0.15,4.3854284,0.65781426,0.0,0.76206857,0.0,0.5,2.0
2686,XGBoostPoisson,22760,"TRAY, BREAKFAST IN BED",2011-12-05/2011-12-11,0.030710174,6.6081805,0.20293838,0.0,0.7609189,0.0,0.0,12.0
2687,XGBoostPoisson,72140E,BEST DAD CANDLE LETTERS,2011-12-05/2011-12-11,0.125,4.484656,0.560582,0.0,0.7589806,0.0,0.0,7.0
2688,XGBoostPoisson,20821,GOLDIE LOOKING MIRROR,2011-12-05/2011-12-11,0.18592964,3.212163,0.59723634,0.0,0.7558777,0.0,0.5,1.0
2689,XGBoostPoisson,90000A,RASPBERRY ANT COPPER FLOWER NECKLAC,2011-12-05/2011-12-11,0.3196126,3.3458743,1.0693836,0.0,0.7555981,0.0,0.75,2.0
2690,XGBoostPoisson,90082B,DIAMANTE BOW BROOCH RED COLOUR,2011-12-05/2011-12-11,0.23978204,3.4156013,0.8189998,0.0,0.7543845,0.0,0.25,1.0
2691,XGBoostPoisson,90165A,PINK ROSEBUD PEARL EARRINGS,2011-12-05/2011-12-11,0.346789,3.0275078,1.0499064,0.0,0.75218016,0.0,0.75,2.0
2692,XGBoostPoisson,20658,RED SPOTTY LUGGAGE TAG,2011-12-05/2011-12-11,0.053921573,4.404589,0.23750238,0.0,0.75193304,0.0,0.0,9.0
2693,XGBoostPoisson,35607B,BLACK FEATHER CHRISTMAS DECORATION,2011-12-05/2011-12-11,0.043918923,6.137276,0.26954255,0.0,0.75141406,0.0,0.0,11.0
2694,XGBoostPoisson,84206C,CHAMPAGNE TRAY BLANK CARD,2011-12-05/2011-12-11,0.15,4.7673736,0.71510607,0.0,0.7487156,0.0,0.75,1.0
2695,XGBoostPoisson,90022,EDWARDIAN DROP EARRINGS JET BLACK,2011-12-05/2011-12-11,0.346789,3.278298,1.1368777,0.0,0.74486154,0.0,0.25,2.0
2696,XGBoostPoisson,90000D,COPPER/OLIVE GREEN FLOWER NECKLACE,2011-12-05/2011-12-11,0.31182796,3.7638197,1.1736642,0.0,0.74419713,0.0,0.25,1.0
2697,XGBoostPoisson,44242B,PINK FEATHERS CURTAIN,2011-12-05/2011-12-11,0.08993158,6.0494633,0.54403776,0.0,0.7434584,0.0,0.0,9.0
2698,XGBoostPoisson,90180B,PURPLE AMETHYST NECKLACE W TASSEL,2011-12-05/2011-12-11,0.18592964,3.4845028,0.6478723,0.0,0.7415052,2.0,0.5,0.0
2699,XGBoostPoisson,90012A,MIDNIGHT BLUE DROP CRYSTAL NECKLACE,2011-12-05/2011-12-11,0.10465115,5.206968,0.5449152,0.0,0.74143785,0.0,0.0,7.0
2700,XGBoostPoisson,20935,ROUND CACTUS CANDLE,2011-12-05/2011-12-11,0.20652173,3.39367,0.70086664,0.0,0.74097985,0.0,0.75,2.0
2701,XGBoostPoisson,90023,FILIGREE DIAMANTE EARRINGS,2011-12-05/2011-12-11,0.23157895,3.2444577,0.7513481,0.0,0.7402713,0.0,0.5,1.0
2702,XGBoostPoisson,90141C,TURQ PENDANT TRIPLE SHELL NECKLACE,2011-12-05/2011-12-11,0.31182796,3.347889,1.0439653,0.0,0.73759794,0.0,0.5,1.0
2703,XGBoostPoisson,21627,ELEPHANT CARNIVAL POUFFE,2011-12-05/2011-12-11,0.23157895,3.3930116,0.78575003,0.0,0.7369997,0.0,0.0,5.0
2704,XGBoostPoisson,85045,GREEN CHRISTMAS TREE STRING 20LIGHT,2011-12-05/2011-12-11,0.239782,4.271409,1.024207,0.0,0.73699075,0.0,0.0,4.0
2705,XGBoostPoisson,21033,JUMBO BAG CHARLIE AND LOLA TOYS,2011-12-05/2011-12-11,0.019748654,12.656418,0.24994722,0.0,0.7356337,0.0,0.0,12.0
2706,XGBoostPoisson,90175A,WHITE GLASS CHUNKY CHARM BRACELET,2011-12-05/2011-12-11,0.36051506,3.0328188,1.0933769,0.0,0.73347884,0.0,0.5,2.0
2707,XGBoostPoisson,90169,DAISY HAIR COMB,2011-12-05/2011-12-11,0.23157895,3.487865,0.8077161,0.0,0.72734535,0.0,0.0,4.0
2708,XGBoostPoisson,21448,12 DAISY PEGS IN WOOD BOX,2011-12-05/2011-12-11,0.14545454,3.67625,0.5347273,0.0,0.7273183,0.0,0.0,7.0
2709,XGBoostPoisson,84206B,CAT W SUNGLASSES BLANK CARD,2011-12-05/2011-12-11,0.16494845,6.1150513,1.0086682,0.0,0.72678417,0.0,1.25,2.0
2710,XGBoostPoisson,90182B,AMETHYST 3 BEAD DROP EARRINGS,2011-12-05/2011-12-11,0.23157895,3.7137556,0.8600276,0.0,0.72653455,1.0,0.75,0.0
2711,XGBoostPoisson,90163A,PINK ROSEBUD & PEARL NECKLACE,2011-12-05/2011-12-11,0.1866197,3.260254,0.6084276,0.0,0.7253401,0.0,0.75,1.0
2712,XGBoostPoisson,90161A,ANT COPPER RED BOUDICCA BRACELET,2011-12-05/2011-12-11,0.36051506,3.1514182,1.1361337,0.0,0.72378725,0.0,0.5,2.0
2713,XGBoostPoisson,90026D,GLASS BEAD HOOP NECKLACE AMETHYST,2011-12-05/2011-12-11,0.14545454,4.02842,0.585952,0.0,0.7231199,0.0,0.25,2.0
2714,XGBoostPoisson,22849,BREAD BIN DINER STYLE MINT,2011-12-05/2011-12-11,0.089931585,4.5807133,0.4119508,0.0,0.72291034,0.0,0.0,6.0
2715,XGBoostPoisson,90160A,PURPLE BOUDICCA LARGE BRACELET,2011-12-05/2011-12-11,0.15,3.5772605,0.5365891,0.0,0.72191125,0.0,0.0,8.0
2716,XGBoostPoisson,35916B,BLUE FELT HANGING HEART WITH FLOWER,2011-12-05/2011-12-11,0.10465117,3.5127926,0.36761785,0.0,0.72150505,0.0,0.0,6.0
2717,XGBoostPoisson,90206A,GOLD DIAMANTE STAR BROOCH,2011-12-05/2011-12-11,0.23157895,3.0986543,0.7175831,0.0,0.721305,0.0,0.25,1.0
2718,XGBoostPoisson,90089,PINK CRYSTAL SKULL PHONE CHARM,2011-12-05/2011-12-11,0.4214876,3.0621595,1.2906623,0.0,0.72112846,1.0,0.5,0.0
2719,XGBoostPoisson,22823,CHEST NATURAL WOOD 20 DRAWERS,2011-12-05/2011-12-11,0.23157895,3.748063,0.8679725,0.0,0.7188821,0.0,1.0,2.0
2720,XGBoostPoisson,85087,CANDY SPOT CUSHION COVER,2011-12-05/2011-12-11,0.08993158,4.598509,0.41355115,0.0,0.7182686,0.0,0.0,8.0
2721,XGBoostPoisson,21847,GREEN  DIAMANTE PEN IN GIFT BOX,2011-12-05/2011-12-11,0.346789,3.2731357,1.1350875,0.0,0.71579224,0.0,0.25,2.0
2722,XGBoostPoisson,21473,SWEETHEART CREAM STEEL TABLE RECT,2011-12-05/2011-12-11,0.23978202,3.2052722,0.76856667,0.0,0.7142751,0.0,0.25,2.0
2723,XGBoostPoisson,90014C,SILVER/BLACK ORBIT NECKLACE,2011-12-05/2011-12-11,0.18592964,3.4415917,0.6398939,0.0,0.71416044,0.0,0.5,1.0
2724,XGBoostPoisson,90130D,RED STONE/CRYSTAL EARRINGS,2011-12-05/2011-12-11,0.23157895,3.4979415,0.8100496,0.0,0.7138971,1.0,0.5,0.0
2725,XGBoostPoisson,90179B,PURPLE FINE BEAD NECKLACE W TASSEL,2011-12-05/2011-12-11,0.23157895,3.4979415,0.8100496,0.0,0.7138971,1.0,0.5,0.0
2726,XGBoostPoisson,22855,FINE WICKER HEART ,2011-12-05/2011-12-11,0.019748654,9.261646,0.18290505,0.0,0.71167535,0.0,0.0,13.0
2727,XGBoostPoisson,20933,YELLOW POT PLANT CANDLE,2011-12-05/2011-12-11,0.23157895,3.2830276,0.7602801,0.0,0.70933354,1.0,0.25,0.0
2728,XGBoostPoisson,90181B,AMETHYST GLASS/SHELL/PEARL NECKLACE,2011-12-05/2011-12-11,0.346789,3.0433135,1.0553876,0.0,0.70901936,0.0,0.5,2.0
2729,XGBoostPoisson,20670,VIP HOLIDAY PURSE,2011-12-05/2011-12-11,0.346789,3.048781,1.0572836,0.0,0.7078831,0.0,0.5,2.0
2730,XGBoostPoisson,21761,WOOD AND GLASS MEDICINE CABINET,2011-12-05/2011-12-11,0.3196126,3.0432901,0.97267383,0.0,0.7068595,1.0,0.5,0.0
2731,XGBoostPoisson,90019C,SILVER BLACK ORBIT BRACELET,2011-12-05/2011-12-11,0.346789,3.1817732,1.1034039,0.0,0.7068412,0.0,0.25,1.0
2732,XGBoostPoisson,84596L,BISCUITS SMALL BOWL LIGHT BLUE,2011-12-05/2011-12-11,0.027972028,7.4439096,0.20822124,0.0,0.7064432,0.0,0.0,11.0
2733,XGBoostPoisson,21157,RED SPOTTY WASHBAG,2011-12-05/2011-12-11,0.18592964,3.3819237,0.62879986,0.0,0.70640767,0.0,0.0,5.0
2734,XGBoostPoisson,20898,VINTAGE NOTEBOOK TRAVELOGUE,2011-12-05/2011-12-11,0.16494845,4.2514462,0.70126945,0.0,0.7058557,0.0,0.0,6.0
2735,XGBoostPoisson,90141A,GREEN PENDANT TRIPLE SHELL NECKLACE,2011-12-05/2011-12-11,0.23978204,3.0158968,0.7231579,0.0,0.70522004,1.0,0.5,0.0
2736,XGBoostPoisson,90129D,AMBER GLASS TASSLE BAG CHARM,2011-12-05/2011-12-11,0.18661971,3.3870459,0.63208956,0.0,0.69964576,0.0,0.0,6.0
2737,XGBoostPoisson,90155,RESIN NECKLACE W PASTEL BEADS,2011-12-05/2011-12-11,0.20652173,3.1378188,0.6480278,0.0,0.6946148,0.0,0.25,1.0
2738,XGBoostPoisson,35916A,YELLOW FELT HANGING HEART W FLOWER,2011-12-05/2011-12-11,0.08993158,4.4339995,0.39875656,0.0,0.6925218,0.0,0.0,6.0
2739,XGBoostPoisson,21637,ASSORTED SANSKRIT MINI NOTEBOOK,2011-12-05/2011-12-11,0.14545454,4.4724517,0.6505384,0.0,0.6916496,0.0,0.0,7.0
2740,XGBoostPoisson,90122A,PINK CRYSTAL+GLASS BRACELET,2011-12-05/2011-12-11,0.23157895,3.0796113,0.71317315,0.0,0.691488,0.0,0.5,2.0
2741,XGBoostPoisson,22257,FELT FARM ANIMAL SHEEP,2011-12-05/2011-12-11,0.18592964,4.421415,0.8220721,0.0,0.68432873,0.0,0.0,5.0
2742,XGBoostPoisson,90027D,GLASS BEAD HOOP EARRINGS AMETHYST,2011-12-05/2011-12-11,0.23157895,3.2899818,0.76189053,0.0,0.6840541,1.0,0.5,0.0
2743,XGBoostPoisson,22872,NUMBER TILE COTTAGE GARDEN 4,2011-12-05/2011-12-11,0.20652175,3.2138734,0.66373473,0.0,0.68385375,1.0,0.25,0.0
2744,XGBoostPoisson,84201B,HAPPY BIRTHDAY CARD STRIPEY TEDDY,2011-12-05/2011-12-11,0.18592964,3.6361613,0.67607015,0.0,0.6824437,0.0,0.25,1.0
2745,XGBoostPoisson,23134,LARGE ZINC HEART WALL ORGANISER,2011-12-05/2011-12-11,0.030710176,5.677627,0.17436093,0.0,0.6822645,0.0,0.0,11.0
2746,XGBoostPoisson,84016,FLAG OF ST GEORGE CAR FLAG,2011-12-05/2011-12-11,0.06629834,6.7368445,0.44664162,0.0,0.68070215,0.0,0.0,11.0
2747,XGBoostPoisson,90060F,FIRE POLISHED GLASS NECKL GREEN,2011-12-05/2011-12-11,0.18644068,3.099533,0.5778791,0.0,0.67946696,0.0,0.25,1.0
2748,XGBoostPoisson,71496B,A4 WALL TIDY RED FLOWERS,2011-12-05/2011-12-11,0.15,4.0602937,0.6090441,0.0,0.67894965,0.0,0.0,4.0
2749,XGBoostPoisson,90054,CRACKED GLAZE EARRINGS RED,2011-12-05/2011-12-11,0.23157895,2.9946353,0.6934945,0.0,0.67803866,0.0,0.25,1.0
2750,XGBoostPoisson,90039D,FIRE POLISHED GLASS BRACELET GREEN,2011-12-05/2011-12-11,0.31182796,2.9781723,0.9286774,0.0,0.6780149,0.0,0.5,1.0
2751,XGBoostPoisson,44092C,PURPLE/COPPER HANGING LAMPSHADE,2011-12-05/2011-12-11,0.16494845,3.9821262,0.65684557,0.0,0.6762194,0.0,0.0,6.0
2752,XGBoostPoisson,22034,ROBIN CHRISTMAS CARD,2011-12-05/2011-12-11,0.16494843,3.5534878,0.58614224,0.0,0.67364746,0.0,0.5,1.0
2753,XGBoostPoisson,21054,NURSE'S BAG SOFT TOY,2011-12-05/2011-12-11,0.18661971,3.606793,0.6730987,0.0,0.67328143,0.0,0.75,2.0
2754,XGBoostPoisson,90185C,BLACK DIAMANTE EXPANDABLE RING,2011-12-05/2011-12-11,0.23157895,3.4750047,0.8047379,0.0,0.6698033,0.0,0.0,4.0
2755,XGBoostPoisson,90143,SILVER BRACELET W PASTEL FLOWER,2011-12-05/2011-12-11,0.31961256,2.8744612,0.9187139,0.0,0.6697074,1.0,0.25,0.0
2756,XGBoostPoisson,82011A,"BATHROOM SCALES, TROPICAL BEACH",2011-12-05/2011-12-11,0.23157893,3.1865988,0.73794913,0.0,0.66547304,0.0,0.5,3.0
2757,XGBoostPoisson,22245,"HOOK, 1 HANGER ,MAGIC GARDEN",2011-12-05/2011-12-11,0.05392157,8.084045,0.4359044,0.0,0.6651823,0.0,0.0,13.0
2758,XGBoostPoisson,84617,NEW BAROQUE BLACK BOXES,2011-12-05/2011-12-11,0.15,3.738184,0.5607276,0.0,0.65941614,0.0,0.25,2.0
2759,XGBoostPoisson,85049D,BRIGHT BLUES RIBBONS ,2011-12-05/2011-12-11,0.053921573,4.198814,0.22640665,0.0,0.6580389,0.0,0.0,9.0
2760,XGBoostPoisson,35598C,WHITE CHRISTMAS TREE 60CM,2011-12-05/2011-12-11,0.18661971,3.5997062,0.6717761,0.0,0.65461016,0.0,0.5,1.0
2761,XGBoostPoisson,79163,BLACK CHAMPAGNE GLASS,2011-12-05/2011-12-11,0.027972028,7.843258,0.21939182,0.0,0.65038365,0.0,0.0,11.0
2762,XGBoostPoisson,90075,MONTANA DIAMOND CLUSTER NECKLACE,2011-12-05/2011-12-11,0.15,3.917913,0.58768696,0.0,0.6492379,0.0,0.5,1.0
2763,XGBoostPoisson,21331,MOROCCAN BEATEN METAL DISH LARGE,2011-12-05/2011-12-11,0.23157895,3.1050959,0.71907485,0.0,0.64604294,0.0,0.25,2.0
2764,XGBoostPoisson,90175B,PINK GLASS CHUNKY CHARM BRACELET,2011-12-05/2011-12-11,0.31961262,3.0457382,0.9734564,0.0,0.6442355,0.0,0.25,3.0
2765,XGBoostPoisson,90179A,AMBER FINE BEAD NECKLACE W TASSEL,2011-12-05/2011-12-11,0.18661971,3.1830063,0.5940117,0.0,0.6433586,1.0,0.25,0.0
2766,XGBoostPoisson,84824,DANISH ROSE UMBRELLA STAND,2011-12-05/2011-12-11,0.16494845,3.0994773,0.51125395,0.0,0.64318883,0.0,0.25,2.0
2767,XGBoostPoisson,21270,ANTIQUE CREAM CUTLERY CUPBOARD,2011-12-05/2011-12-11,0.23978204,3.1093936,0.74557674,0.0,0.637052,1.0,0.25,0.0
2768,XGBoostPoisson,90189A,SILVER 2 STRAND NECKLACE-LEAF CHARM,2011-12-05/2011-12-11,0.16494845,3.1780252,0.52421033,0.0,0.6323242,0.0,0.25,2.0
2769,XGBoostPoisson,22828,REGENCY MIRROR WITH SHUTTERS,2011-12-05/2011-12-11,0.18592963,3.814621,0.70925105,0.0,0.631457,0.0,0.5,2.0
2770,XGBoostPoisson,90052,CRACKED GLAZE NECKLACE BROWN,2011-12-05/2011-12-11,0.16494845,3.1582227,0.52094394,0.0,0.63110876,0.0,0.25,2.0
2771,XGBoostPoisson,21002,ROSE DU SUD DRAWSTRING BAG,2011-12-05/2011-12-11,0.18592964,3.1814842,0.59153223,0.0,0.63018006,0.0,0.0,6.0
2772,XGBoostPoisson,84497,BUTTONS AND STRIPES NOTEBOOK ,2011-12-05/2011-12-11,0.23157895,3.2052045,0.7422579,0.0,0.62932944,0.0,0.25,2.0
2773,XGBoostPoisson,90026C,GLASS BEAD HOOP NECKLACE GREEN,2011-12-05/2011-12-11,0.15,3.4835987,0.52253985,0.0,0.625943,0.0,0.5,3.0
2774,XGBoostPoisson,79161A,ST GEORGE SET OF 10 PARTY LIGHTS,2011-12-05/2011-12-11,0.18661971,3.9117622,0.73001194,0.0,0.62589145,0.0,0.5,1.0
2775,XGBoostPoisson,90190B,GOLD/AMBER DROP EARRINGS W LEAF,2011-12-05/2011-12-11,0.18592964,2.955414,0.5494991,0.0,0.62511206,0.0,0.25,1.0
2776,XGBoostPoisson,90074,BLACK DIAMOND CLUSTER NECKLACE,2011-12-05/2011-12-11,0.20652172,3.3299303,0.68770295,0.0,0.6246894,1.0,0.25,0.0
2777,XGBoostPoisson,90050,CRACKED GLAZE NECKLACE IVORY,2011-12-05/2011-12-11,0.15,3.6450896,0.5467635,0.0,0.6246466,0.0,0.75,3.0
2778,XGBoostPoisson,35916C,PINK FELT HANGING HEART W FLOWER,2011-12-05/2011-12-11,0.15,3.4277334,0.51416004,0.0,0.62145406,0.0,0.0,6.0
2779,XGBoostPoisson,15044B,BLUE PAPER PARASOL ,2011-12-05/2011-12-11,0.08993158,5.031285,0.45247138,0.0,0.617545,0.0,0.0,9.0
2780,XGBoostPoisson,21738,COSY SLIPPER SHOES SMALL  RED ,2011-12-05/2011-12-11,0.18592963,3.4311886,0.6379596,0.0,0.6154015,0.0,0.0,6.0
2781,XGBoostPoisson,90176B,DIAMANTE NECKLACE BLACK ,2011-12-05/2011-12-11,0.18592964,4.1410837,0.7699502,0.0,0.61355776,0.0,0.25,2.0
2782,XGBoostPoisson,21743,STAR PORTABLE TABLE LIGHT ,2011-12-05/2011-12-11,0.027777776,6.168445,0.17134568,0.0,0.61266756,0.0,0.0,11.0
2783,XGBoostPoisson,90038B,GLASS AND PAINTED BEADS BRACELET OL,2011-12-05/2011-12-11,0.18592964,3.1062918,0.5775517,0.0,0.6083883,0.0,0.25,2.0
2784,XGBoostPoisson,20695,FLORAL BLUE MONSTER,2011-12-05/2011-12-11,0.18661971,3.089116,0.57649,0.0,0.60838664,0.0,0.25,2.0
2785,XGBoostPoisson,84522,PINK PARTY SUNGLASSES,2011-12-05/2011-12-11,0.20652173,2.8926768,0.59740067,0.0,0.6075974,0.0,0.25,1.0
2786,XGBoostPoisson,35591T,TURQUOISE CHRISTMAS TREE ,2011-12-05/2011-12-11,0.18661971,3.9264116,0.7327458,0.0,0.60712475,0.0,0.25,2.0
2787,XGBoostPoisson,21631,HIPPY CHIC DECORATIVE PARASOL,2011-12-05/2011-12-11,0.18592964,3.5048952,0.6516639,0.0,0.5991457,0.0,0.25,2.0
2788,XGBoostPoisson,90186A,AMETHYST HOOP EARRING FLORAL LEAF,2011-12-05/2011-12-11,0.23978202,3.1387792,0.7526228,0.0,0.59501445,1.0,0.25,0.0
2789,XGBoostPoisson,21349,IVY HEART WREATH,2011-12-05/2011-12-11,0.23978202,3.4063277,0.81677616,0.0,0.5948002,0.0,0.0,4.0
2790,XGBoostPoisson,84870B,BLUE GEISHA GIRL ,2011-12-05/2011-12-11,0.18661971,2.8702364,0.5356427,0.0,0.59244424,0.0,0.25,1.0
2791,XGBoostPoisson,90209B,GREEN ENAMEL+GLASS HAIR COMB,2011-12-05/2011-12-11,0.05392157,4.1067157,0.22144055,0.0,0.5909271,0.0,0.0,9.0
2792,XGBoostPoisson,22502,PICNIC BASKET WICKER SMALL,2011-12-05/2011-12-11,0.030710176,7.8119802,0.23990728,0.0,0.59014094,0.0,0.0,10.0
2793,XGBoostPoisson,84527,FLAMES SUNGLASSES PINK LENSES,2011-12-05/2011-12-11,0.18592964,3.25527,0.6052512,0.0,0.5872233,0.0,0.25,1.0
2794,XGBoostPoisson,90093,CLEAR CRYSTAL STAR PHONE CHARM,2011-12-05/2011-12-11,0.23157895,2.84404,0.65861976,0.0,0.58636594,0.0,0.25,1.0
2795,XGBoostPoisson,22206,"MUG , DOTCOMGIFTSHOP.COM ",2011-12-05/2011-12-11,0.15,3.1814446,0.47721672,0.0,0.5852739,0.0,0.25,1.0
2796,XGBoostPoisson,90123D,WHITE HEART OF GLASS BRACELET,2011-12-05/2011-12-11,0.18661971,2.9943073,0.55879676,0.0,0.5831984,1.0,0.25,0.0
2797,XGBoostPoisson,90187B,GREEN DROP EARRINGS W BEAD CLUSTER,2011-12-05/2011-12-11,0.23157895,2.9200778,0.6762285,0.0,0.5806124,0.0,0.25,2.0
2798,XGBoostPoisson,90199D,5 STRAND GLASS NECKLACE AMBER,2011-12-05/2011-12-11,0.18592964,2.9418552,0.54697806,0.0,0.5801751,1.0,0.25,0.0
2799,XGBoostPoisson,90152A,SILVER/NAT SHELL NECKLACE W PENDANT,2011-12-05/2011-12-11,0.18592964,2.8605564,0.5318622,0.0,0.57949394,1.0,0.25,0.0
2800,XGBoostPoisson,85049F,BABY BOOM RIBBONS ,2011-12-05/2011-12-11,0.05392157,4.190656,0.22596675,0.0,0.5788752,0.0,0.0,9.0
2801,XGBoostPoisson,10124G,ARMY CAMO BOOKCOVER TAPE,2011-12-05/2011-12-11,0.15,4.50123,0.6751845,0.0,0.57587767,0.0,0.0,4.0
2802,XGBoostPoisson,84551,CROCHET DOG KEYRING,2011-12-05/2011-12-11,0.08993158,4.4919496,0.4039681,0.0,0.5664027,0.0,0.0,8.0
2803,XGBoostPoisson,85132C,CHARLIE AND LOLA FIGURES TINS,2011-12-05/2011-12-11,0.019748654,19.27175,0.38059112,0.0,0.56087226,0.0,0.0,13.0
2804,XGBoostPoisson,22873,NUMBER TILE COTTAGE GARDEN 5,2011-12-05/2011-12-11,0.23157895,3.1515737,0.72983813,0.0,0.55972916,0.0,0.25,1.0
2805,XGBoostPoisson,90064A,WHITE VINTAGE CRYSTAL EARRINGS,2011-12-05/2011-12-11,0.16494845,2.9774127,0.4911196,0.0,0.55893826,0.0,0.25,2.0
2806,XGBoostPoisson,90188,DROP EARRINGS W FLOWER & LEAF,2011-12-05/2011-12-11,0.20652175,2.9538655,0.6100375,0.0,0.5588958,0.0,0.25,2.0
2807,XGBoostPoisson,90214I,"LETTER ""I"" BLING KEY RING",2011-12-05/2011-12-11,0.14545454,3.5940194,0.5227665,0.0,0.5571711,0.0,0.0,8.0
2808,XGBoostPoisson,90041,PEARL AND CHERRY QUARTZ BRACLET,2011-12-05/2011-12-11,0.18592964,2.9990685,0.55761576,0.0,0.5553931,1.0,0.25,0.0
2809,XGBoostPoisson,22957,SET 3 PAPER VINTAGE CHICK PAPER EGG,2011-12-05/2011-12-11,0.08993158,4.4731007,0.402273,0.0,0.55456316,0.0,0.0,9.0
2810,XGBoostPoisson,21735,TWO DOOR CURIO CABINET,2011-12-05/2011-12-11,0.030710174,4.0145273,0.12328683,0.0,0.55334973,0.0,0.0,11.0
2811,XGBoostPoisson,84660B,BLACK STITCHED WALL CLOCK,2011-12-05/2011-12-11,0.014553014,7.853174,0.114287354,0.0,0.55247694,0.0,0.0,13.0
2812,XGBoostPoisson,90049,IVORY GOLD METAL BAG CHARM,2011-12-05/2011-12-11,0.18592963,3.2736993,0.6086777,0.0,0.5523157,0.0,0.25,1.0
2813,XGBoostPoisson,90173,PAIR BUTTERFLY HAIR CLIPS,2011-12-05/2011-12-11,0.14999999,3.2274756,0.48412132,0.0,0.5516361,0.0,0.0,7.0
2814,XGBoostPoisson,84804B,BLUE DELPHINIUM ARTIFICIAL FLOWER,2011-12-05/2011-12-11,0.089931585,4.599233,0.41361633,0.0,0.5494445,0.0,0.0,9.0
2815,XGBoostPoisson,22655,VINTAGE RED KITCHEN CABINET,2011-12-05/2011-12-11,0.23978204,3.3386073,0.80053806,0.0,0.54884803,0.0,0.0,4.0
2816,XGBoostPoisson,90001B,ANTIQUE MID BLUE FLOWER EARRINGS,2011-12-05/2011-12-11,0.18592963,2.9730675,0.55278134,0.0,0.54826325,0.0,0.25,3.0
2817,XGBoostPoisson,10124A,SPOTS ON RED BOOKCOVER TAPE,2011-12-05/2011-12-11,0.18661971,4.4376845,0.8281594,0.0,0.54766876,0.0,0.0,4.0
2818,XGBoostPoisson,20700,GREEN CAT FLORAL CUSHION COVER ,2011-12-05/2011-12-11,0.08993158,3.7441435,0.33671674,0.0,0.5461227,0.0,0.0,9.0
2819,XGBoostPoisson,21664,RIDGED GLASS STORAGE JAR CREAM LID,2011-12-05/2011-12-11,0.15,3.8988585,0.5848288,0.0,0.5447202,0.0,0.0,6.0
2820,XGBoostPoisson,35914,PINK CHICK EGG WARMER + EGG CUP,2011-12-05/2011-12-11,0.18592964,3.1260152,0.5812189,0.0,0.5442824,0.0,0.0,6.0
2821,XGBoostPoisson,84804A,CREAM DELPHINIUM ARTIFICIAL FLOWER,2011-12-05/2011-12-11,0.08993158,4.6190486,0.41539833,0.0,0.5436989,0.0,0.0,9.0
2822,XGBoostPoisson,21654,RIDGED GLASS FINGER BOWL,2011-12-05/2011-12-11,0.030710174,8.660737,0.26597273,0.0,0.5410728,0.0,0.0,11.0
2823,XGBoostPoisson,22929,SCHOOL DESK AND CHAIR ,2011-12-05/2011-12-11,0.23157895,3.4761152,0.8049951,0.0,0.5394951,0.0,0.0,5.0
2824,XGBoostPoisson,90196B,BLACK GEMSTONE NECKLACE 45CM,2011-12-05/2011-12-11,0.23157895,3.0863795,0.7147405,0.0,0.53944397,0.0,0.25,3.0
2825,XGBoostPoisson,20848,ZINC HEART LATTICE CHARGER SMALL,2011-12-05/2011-12-11,0.20652172,3.0771313,0.6354945,0.0,0.53889054,0.0,0.0,4.0
2826,XGBoostPoisson,90159,COTE D'AZURE NECKLACE,2011-12-05/2011-12-11,0.18592964,3.130292,0.5820141,0.0,0.5381321,0.0,0.25,3.0
2827,XGBoostPoisson,90124C,GREEN MURANO TWIST NECKLACE,2011-12-05/2011-12-11,0.23978202,3.048471,0.73096853,0.0,0.5377094,0.0,0.0,4.0
2828,XGBoostPoisson,22803,IVORY EMBROIDERED QUILT ,2011-12-05/2011-12-11,0.18661971,2.9628181,0.5529203,0.0,0.5370971,0.0,0.25,3.0
2829,XGBoostPoisson,90194,SILVER LARIAT BLACK STONE EARRINGS,2011-12-05/2011-12-11,0.15,3.1247382,0.46871075,0.0,0.532962,0.0,0.0,6.0
2830,XGBoostPoisson,90011C,GREEN CRYSTAL DROP EARRINGS,2011-12-05/2011-12-11,0.16494843,3.0128074,0.49695787,0.0,0.53227323,0.0,0.25,1.0
2831,XGBoostPoisson,90027C,GLASS BEAD HOOP EARRINGS GREEN,2011-12-05/2011-12-11,0.16494843,3.0128074,0.49695787,0.0,0.53227323,0.0,0.25,1.0
2832,XGBoostPoisson,90063B,BLACK VINT ART DEC CRYSTAL NECKLACE,2011-12-05/2011-12-11,0.18592963,3.184678,0.592126,0.0,0.53224593,0.0,0.0,4.0
2833,XGBoostPoisson,20662,FIRST CLASS HOLIDAY PURSE ,2011-12-05/2011-12-11,0.23157896,2.908092,0.6734529,0.0,0.5314617,0.0,0.0,5.0
2834,XGBoostPoisson,20830,SILVER PHOTO FRAME,2011-12-05/2011-12-11,0.14545454,3.71879,0.5409149,0.0,0.53071195,0.0,0.0,9.0
2835,XGBoostPoisson,22700,BLACK AND WHITE DOG BOWL,2011-12-05/2011-12-11,0.10465117,3.1116714,0.32564005,0.0,0.53058785,0.0,0.0,8.0
2836,XGBoostPoisson,21476,STEEL SWEETHEART ROUND TABLE CREAM,2011-12-05/2011-12-11,0.18592964,3.0817952,0.5729971,0.0,0.5303315,0.0,0.0,6.0
2837,XGBoostPoisson,90184A,AMBER CHUNKY BEAD BRACELET W STRAP,2011-12-05/2011-12-11,0.23157895,3.243969,0.7512349,0.0,0.5292124,0.0,0.25,3.0
2838,XGBoostPoisson,84870C,GREEN GEISHA GIRL ,2011-12-05/2011-12-11,0.18644069,3.0980616,0.5776047,0.0,0.5256203,0.0,0.0,5.0
2839,XGBoostPoisson,90063A,WHITE VINT ART DECO CRYSTAL NECKLAC,2011-12-05/2011-12-11,0.23157895,3.327279,0.7705278,0.0,0.5254666,0.0,0.0,4.0
2840,XGBoostPoisson,84725,FREESTYLE CANVAS ART PICTURE,2011-12-05/2011-12-11,0.08993158,3.7840228,0.34030315,0.0,0.52244365,0.0,0.0,10.0
2841,XGBoostPoisson,20663,QUEEN OF THE SKIES HOLIDAY PURSE ,2011-12-05/2011-12-11,0.18592964,2.7982917,0.52028537,0.0,0.5220363,0.0,0.0,6.0
2842,XGBoostPoisson,78033,FLAG OF ST GEORGE CHAIR,2011-12-05/2011-12-11,0.08993158,3.4943142,0.3142492,0.0,0.5209384,0.0,0.0,8.0
2843,XGBoostPoisson,90024F,NEW BAROQUE B'FLY NECKLACE CRYSTAL,2011-12-05/2011-12-11,0.18592966,3.608139,0.67086005,0.0,0.51872385,1.0,0.25,0.0
2844,XGBoostPoisson,84707B,PINK JEWELLED MIRROR TRINKET TRAY,2011-12-05/2011-12-11,0.18592964,2.8968682,0.5386137,0.0,0.5184694,0.0,0.0,6.0
2845,XGBoostPoisson,90176D,DIAMANTE NECKLACE PURPLE,2011-12-05/2011-12-11,0.18592964,2.9349144,0.54568756,0.0,0.5182206,0.0,0.0,4.0
2846,XGBoostPoisson,84800S,SMALL WHITE/PINK ROSE ART FLOWER,2011-12-05/2011-12-11,0.04391892,5.8414826,0.2565516,0.0,0.514438,0.0,0.0,12.0
2847,XGBoostPoisson,84875D,BLUE SQUARE COMPACT MIRROR,2011-12-05/2011-12-11,0.08993158,4.3719616,0.3931774,0.0,0.5107352,0.0,0.0,10.0
2848,XGBoostPoisson,90082D,DIAMANTE BOW BROOCH BLACK COLOUR,2011-12-05/2011-12-11,0.23157896,3.2066011,0.74258137,0.0,0.5104227,0.0,0.25,1.0
2849,XGBoostPoisson,84550,CROCHET LILAC/RED BEAR KEYRING,2011-12-05/2011-12-11,0.16494845,3.0221186,0.49849376,0.0,0.5091813,0.0,0.25,1.0
2850,XGBoostPoisson,90027B,GLASS BEAD HOOP EARRINGS MONTANA,2011-12-05/2011-12-11,0.16494845,3.0221186,0.49849376,0.0,0.5091813,0.0,0.25,1.0
2851,XGBoostPoisson,90076,MONTANA DIAMOND CLUSTER EARRINGS,2011-12-05/2011-12-11,0.16494845,3.0221186,0.49849376,0.0,0.5091813,0.0,0.25,1.0
2852,XGBoostPoisson,47348A,FUSCHIA VOILE POINTY SHOE DEC,2011-12-05/2011-12-11,0.030710172,5.7435064,0.17638408,0.0,0.50818586,0.0,0.0,13.0
2853,XGBoostPoisson,22887,NUMBER TILE VINTAGE FONT 8,2011-12-05/2011-12-11,0.15,3.2048378,0.48072568,0.0,0.50690854,0.0,0.0,7.0
2854,XGBoostPoisson,22281,EASTER TREE YELLOW BIRDS,2011-12-05/2011-12-11,0.15,3.5064263,0.52596396,0.0,0.5036862,0.0,0.0,4.0
2855,XGBoostPoisson,84766,SILVER ROCOCO CANDLE STICK,2011-12-05/2011-12-11,0.18592964,3.8864503,0.7226063,0.0,0.5028815,0.0,0.0,4.0
2856,XGBoostPoisson,90199A,5 STRAND GLASS NECKLACE BLACK,2011-12-05/2011-12-11,0.18592964,3.049436,0.56698054,0.0,0.49823102,0.0,0.0,4.0
2857,XGBoostPoisson,90011D,PURPLE CRYSTAL DROP EARRINGS,2011-12-05/2011-12-11,0.15,3.344019,0.5016029,0.0,0.49679115,0.0,0.25,1.0
2858,XGBoostPoisson,90211B,JET BLACK LAS VEGAS NECKLACE 45CM,2011-12-05/2011-12-11,0.18661973,3.7633486,0.7023151,0.0,0.4928162,0.0,0.0,4.0
2859,XGBoostPoisson,16162L,THE KING GIFT BAG,2011-12-05/2011-12-11,0.08993158,4.047974,0.3640407,0.0,0.4916857,0.0,0.0,11.0
2860,XGBoostPoisson,22854,CREAM SWEETHEART EGG HOLDER,2011-12-05/2011-12-11,0.030710172,6.678056,0.20508423,0.0,0.4911722,0.0,0.0,10.0
2861,XGBoostPoisson,37342,POLKADOT COFFEE CUP & SAUCER PINK,2011-12-05/2011-12-11,0.019748654,14.81425,0.2925615,0.0,0.4908044,0.0,0.0,13.0
2862,XGBoostPoisson,90124B,BLUE MURANO TWIST NECKLACE,2011-12-05/2011-12-11,0.18592964,3.463204,0.64391226,0.0,0.48994017,0.0,0.25,3.0
2863,XGBoostPoisson,90065B,BLACK VINT ART DEC CRYSTAL BRACELET,2011-12-05/2011-12-11,0.18592963,3.6129375,0.6717521,0.0,0.48943067,0.0,0.25,3.0
2864,XGBoostPoisson,90195B,BLACK GEMSTONE BRACELET,2011-12-05/2011-12-11,0.16494843,3.0383067,0.50116396,0.0,0.48835137,0.0,0.25,3.0
2865,XGBoostPoisson,90141E,ORANGE PENDANT TRIPLE SHELL NECKLAC,2011-12-05/2011-12-11,0.14545454,3.7755775,0.5491749,0.0,0.48656672,0.0,0.0,7.0
2866,XGBoostPoisson,90064B,BLACK VINTAGE  CRYSTAL EARRINGS,2011-12-05/2011-12-11,0.18592964,2.7780828,0.51652795,0.0,0.48619643,0.0,0.0,7.0
2867,XGBoostPoisson,90001A,ANTIQUE RASPBERRY FLOWER EARRINGS,2011-12-05/2011-12-11,0.15,2.9427385,0.4414108,0.0,0.4847069,0.0,0.0,4.0
2868,XGBoostPoisson,84549,CROCHET WHITE RABBIT KEYRING ,2011-12-05/2011-12-11,0.15,3.019166,0.45287493,0.0,0.4846273,0.0,0.25,3.0
2869,XGBoostPoisson,90124A,PINK MURANO TWIST NECKLACE,2011-12-05/2011-12-11,0.18592966,3.7377806,0.69496423,0.0,0.4837148,0.0,0.0,5.0
2870,XGBoostPoisson,37491A,YELLOW/PINK CERAMIC CANDLE HOLDER,2011-12-05/2011-12-11,0.16494845,3.0843468,0.5087582,0.0,0.48338035,0.0,0.0,4.0
2871,XGBoostPoisson,79157B,UBO-LIGHT TRIOBASE BLUE,2011-12-05/2011-12-11,0.15,3.7979465,0.569692,0.0,0.48310897,0.0,0.0,5.0
2872,XGBoostPoisson,84921,CREAM AND PINK FLOWERS PONY ,2011-12-05/2011-12-11,0.15,3.7191572,0.5578736,0.0,0.48305783,0.0,0.0,6.0
2873,XGBoostPoisson,84638,SMALL KITCHEN FLOWER POTS PLAQUE,2011-12-05/2011-12-11,0.16494845,3.0082588,0.49620762,0.0,0.48226592,0.0,0.0,6.0
2874,XGBoostPoisson,84247K,"FOLK ART GREETING CARD,pack/12",2011-12-05/2011-12-11,0.16494846,2.8554525,0.47100252,0.0,0.4804104,0.0,0.0,7.0
2875,XGBoostPoisson,90142D,MOP PENDANT SHELL NECKLACE,2011-12-05/2011-12-11,0.14545454,4.381569,0.6373191,0.0,0.47886652,0.0,0.0,6.0
2876,XGBoostPoisson,90028,NEW BAROQUE LARGE NECKLACE BLK/WHIT,2011-12-05/2011-12-11,0.23157895,3.1609426,0.73200774,0.0,0.47814518,0.0,0.0,4.0
2877,XGBoostPoisson,90214V,"LETTER ""V"" BLING KEY RING",2011-12-05/2011-12-11,0.18661973,2.6247044,0.4898216,0.0,0.47537354,0.0,0.0,4.0
2878,XGBoostPoisson,84912A,PINK ROSE WASHBAG,2011-12-05/2011-12-11,0.043918923,4.0519795,0.17795858,0.0,0.47271177,0.0,0.0,10.0
2879,XGBoostPoisson,84952C,MIRROR LOVE BIRD T-LIGHT HOLDER,2011-12-05/2011-12-11,0.15,4.0261745,0.6039262,0.0,0.4714907,0.0,0.0,7.0
2880,XGBoostPoisson,22876,NUMBER TILE COTTAGE GARDEN 8,2011-12-05/2011-12-11,0.10465115,3.5846982,0.3751428,0.0,0.46815526,0.0,0.0,9.0
2881,XGBoostPoisson,37476,CONDIMENT TRAY 4 BOWLS AND 4 SPOONS,2011-12-05/2011-12-11,0.18592963,2.646741,0.49210754,0.0,0.4676059,0.0,0.0,6.0
2882,XGBoostPoisson,90162D,ANT SILVER PURPLE BOUDICCA RING,2011-12-05/2011-12-11,0.16494846,3.0178165,0.4977842,0.0,0.467141,0.0,0.0,5.0
2883,XGBoostPoisson,90014B,GOLD M PEARL  ORBIT NECKLACE,2011-12-05/2011-12-11,0.23157896,2.7039194,0.6261709,0.0,0.46630624,0.0,0.0,5.0
2884,XGBoostPoisson,21364,PEACE SMALL WOOD LETTERS,2011-12-05/2011-12-11,0.16494845,2.7780828,0.45824045,0.0,0.46540412,0.0,0.0,7.0
2885,XGBoostPoisson,22264,FELT FARM ANIMAL WHITE BUNNY ,2011-12-05/2011-12-11,0.1866197,2.6723623,0.49871546,0.0,0.4653708,0.0,0.0,5.0
2886,XGBoostPoisson,21275,ZINC TOP  2 DOOR WOODEN SHELF ,2011-12-05/2011-12-11,0.18592964,2.929437,0.54466915,0.0,0.4647325,0.0,0.25,3.0
2887,XGBoostPoisson,90036E,"FLOWER GLASS GARLD NECKL36""AMETHYST",2011-12-05/2011-12-11,0.18592964,2.6403792,0.49092475,0.0,0.46336782,0.0,0.0,6.0
2888,XGBoostPoisson,90162C,ANT SILVER FUSCHIA BOUDICCA RING,2011-12-05/2011-12-11,0.15,3.3393745,0.5009062,0.0,0.46052527,0.0,0.0,5.0
2889,XGBoostPoisson,85115B,S/4 BLACK DISCO PARTITION PANEL,2011-12-05/2011-12-11,0.089931585,4.593653,0.41311452,0.0,0.45895898,0.0,0.0,7.0
2890,XGBoostPoisson,35645,VINTAGE BEAD PINK JEWEL BOX,2011-12-05/2011-12-11,0.14634146,2.8332062,0.4146155,0.0,0.4568135,0.0,0.0,6.0
2891,XGBoostPoisson,90043,COPPER AND BRASS BAG CHARM,2011-12-05/2011-12-11,0.14634146,2.8332062,0.4146155,0.0,0.4568135,0.0,0.0,6.0
2892,XGBoostPoisson,84660C,PINK STITCHED WALL CLOCK,2011-12-05/2011-12-11,0.027972028,5.280933,0.1477184,0.0,0.45631248,0.0,0.0,12.0
2893,XGBoostPoisson,90129A,PINK GLASS TASSLE BAG CHARM ,2011-12-05/2011-12-11,0.15,2.9212534,0.43818805,0.0,0.45626774,0.0,0.0,8.0
2894,XGBoostPoisson,90214F,"LETTER ""F"" BLING KEY RING",2011-12-05/2011-12-11,0.18661971,2.7868063,0.520073,0.0,0.45385748,0.0,0.0,6.0
2895,XGBoostPoisson,84876D,BLUE HEART COMPACT MIRROR,2011-12-05/2011-12-11,0.04391892,4.5859146,0.20140842,0.0,0.45337847,0.0,0.0,12.0
2896,XGBoostPoisson,90123A,PINK HEART OF GLASS BRACELET,2011-12-05/2011-12-11,0.14545454,2.8979607,0.42152154,0.0,0.45006445,0.0,0.0,7.0
2897,XGBoostPoisson,84798A,PINK FOXGLOVE ARTIIFCIAL FLOWER,2011-12-05/2011-12-11,0.08993158,3.6614733,0.32928208,0.0,0.4494927,0.0,0.0,9.0
2898,XGBoostPoisson,90025F,BAROQUE BUTTERFLY EARRINGS CRYSTAL,2011-12-05/2011-12-11,0.18592963,2.8838928,0.5362011,0.0,0.44854513,0.0,0.0,6.0
2899,XGBoostPoisson,47016,LIGHT DECORATION BATTERY OPERATED,2011-12-05/2011-12-11,0.15,3.6212401,0.54318607,0.0,0.4466949,0.0,0.0,4.0
2900,XGBoostPoisson,90069,RUBY GLASS CLUSTER NECKLACE,2011-12-05/2011-12-11,0.15,3.6212401,0.54318607,0.0,0.4466949,0.0,0.0,4.0
2901,XGBoostPoisson,90176A,CLASSIC DIAMANTE NECKLACE JET,2011-12-05/2011-12-11,0.15,3.6212401,0.54318607,0.0,0.4466949,0.0,0.0,4.0
2902,XGBoostPoisson,84251B,"GREETING CARD, STICKY GORDON",2011-12-05/2011-12-11,0.04391892,4.9023166,0.21530445,0.0,0.44497845,0.0,0.0,10.0
2903,XGBoostPoisson,21363,HOME SMALL WOOD LETTERS,2011-12-05/2011-12-11,0.06629835,3.6021972,0.23881973,0.0,0.44298658,0.0,0.0,10.0
2904,XGBoostPoisson,79336,LIGHT PINK FLOCK GLASS CANDLEHOLDER,2011-12-05/2011-12-11,0.04391892,4.567352,0.20059316,0.0,0.43920666,0.0,0.0,13.0
2905,XGBoostPoisson,35597D,PINK/WHITE CHRISTMAS TREE 30CM,2011-12-05/2011-12-11,0.04391892,6.18773,0.2717584,0.0,0.43469912,0.0,0.0,13.0
2906,XGBoostPoisson,84637,KITCHEN FLOWER POTS WALL PLAQUE,2011-12-05/2011-12-11,0.05392157,3.642908,0.19643132,0.0,0.43317318,0.0,0.0,10.0
2907,XGBoostPoisson,90138,WHITE/PINK MINI CRYSTALS NECKLACE,2011-12-05/2011-12-11,0.15,2.8770943,0.43156415,0.0,0.4298695,0.0,0.0,4.0
2908,XGBoostPoisson,20897,VINTAGE NOTEBOOK PARIS DAYS,2011-12-05/2011-12-11,0.019748654,4.5669804,0.090191714,0.0,0.42967045,0.0,0.0,13.0
2909,XGBoostPoisson,21609,SET 12 LAVENDER  BOTANICAL T-LIGHTS,2011-12-05/2011-12-11,0.030710174,4.3663235,0.13409056,0.0,0.41831186,0.0,0.0,13.0
2910,XGBoostPoisson,84877D,BLUE ROUND COMPACT MIRROR,2011-12-05/2011-12-11,0.06629834,3.979742,0.2638503,0.0,0.4177524,0.0,0.0,10.0
2911,XGBoostPoisson,22656,VINTAGE BLUE KITCHEN CABINET,2011-12-05/2011-12-11,0.10465116,3.4002533,0.35584044,0.0,0.4137239,0.0,0.0,7.0
2912,XGBoostPoisson,90214Y,"LETTER ""Y"" BLING KEY RING",2011-12-05/2011-12-11,0.14634146,3.2839823,0.48058274,0.0,0.40949607,0.0,0.0,6.0
2913,XGBoostPoisson,90178A,AMBER CHUNKY GLASS+BEAD NECKLACE,2011-12-05/2011-12-11,0.18592963,2.9504027,0.5485673,0.0,0.40662202,0.0,0.0,6.0
2914,XGBoostPoisson,35910B,PINK FLOWERS RABBIT EASTER,2011-12-05/2011-12-11,0.15,2.9699988,0.44549984,0.0,0.40651006,0.0,0.0,4.0
2915,XGBoostPoisson,35913B,WHITE/PINK CHICK EASTER DECORATION,2011-12-05/2011-12-11,0.15,2.9699988,0.44549984,0.0,0.40651006,0.0,0.0,4.0
2916,XGBoostPoisson,90163B,WHITE ROSEBUD & PEARL NECKLACE,2011-12-05/2011-12-11,0.15,2.9699988,0.44549984,0.0,0.40651006,0.0,0.0,4.0
2917,XGBoostPoisson,84465,15 PINK FLUFFY CHICKS IN BOX,2011-12-05/2011-12-11,0.15,2.9699988,0.44549984,0.0,0.400753,0.0,0.0,4.0
2918,XGBoostPoisson,21246,RED RETROSPOT BIG BOWL,2011-12-05/2011-12-11,0.027777778,4.093361,0.11370447,0.0,0.40014148,0.0,0.0,13.0
2919,XGBoostPoisson,90001C,ANTIQUE OPAL WHITE FLOWER EARRINGS,2011-12-05/2011-12-11,0.16494845,2.869736,0.47335848,0.0,0.39188612,0.0,0.0,6.0
2920,XGBoostPoisson,90214O,"LETTER ""O"" BLING KEY RING",2011-12-05/2011-12-11,0.16494845,2.869736,0.47335848,0.0,0.39188612,0.0,0.0,6.0
2921,XGBoostPoisson,37489C,GREEN/BLUE FLOWER DESIGN BIG MUG,2011-12-05/2011-12-11,0.08993158,3.255835,0.2928024,0.0,0.3910603,0.0,0.0,11.0
2922,XGBoostPoisson,90214R,"LETTER ""R"" BLING KEY RING",2011-12-05/2011-12-11,0.15,2.7790043,0.41685066,0.0,0.38959745,0.0,0.0,9.0
2923,XGBoostPoisson,22879,NUMBER TILE VINTAGE FONT 0,2011-12-05/2011-12-11,0.14545454,3.0068703,0.43736294,0.0,0.388809,0.0,0.0,8.0
2924,XGBoostPoisson,84919,BLUE CUSHION COVER WITH FLOWER,2011-12-05/2011-12-11,0.08993158,3.4307594,0.3085336,0.0,0.38868907,0.0,0.0,10.0
2925,XGBoostPoisson,84907,PINK YELLOW PATCH CUSHION COVER,2011-12-05/2011-12-11,0.08993158,3.2335033,0.29079404,0.0,0.3866204,0.0,0.0,10.0
2926,XGBoostPoisson,45013,FOLDING SHOE TIDY,2011-12-05/2011-12-11,0.08993158,3.2540054,0.29263785,0.0,0.38147014,0.0,0.0,6.0
2927,XGBoostPoisson,90214Z,"LETTER ""Z"" BLING KEY RING",2011-12-05/2011-12-11,0.15,2.7627003,0.41440508,0.0,0.37814042,0.0,0.0,8.0
2928,XGBoostPoisson,90214P,"LETTER ""P"" BLING KEY RING",2011-12-05/2011-12-11,0.10465115,2.8346167,0.2966459,0.0,0.37315425,0.0,0.0,8.0
2929,XGBoostPoisson,84507B,STRIPES DESIGN MONKEY DOLL,2011-12-05/2011-12-11,0.06629834,3.1817575,0.21094525,0.0,0.37280062,0.0,0.0,12.0
2930,XGBoostPoisson,22877,NUMBER TILE COTTAGE GARDEN 9,2011-12-05/2011-12-11,0.10465116,3.1343203,0.32801026,0.0,0.37156788,0.0,0.0,8.0
2931,XGBoostPoisson,90079,VINTAGE ENAMEL & CRYSTAL NECKLACE,2011-12-05/2011-12-11,0.08993158,2.7061784,0.24337089,0.0,0.37072527,0.0,0.0,8.0
2932,XGBoostPoisson,20773,BLUE PAISLEY NOTEBOOK,2011-12-05/2011-12-11,0.08993158,3.0988593,0.2786853,0.0,0.37021947,0.0,0.0,11.0
2933,XGBoostPoisson,90025A,BAROQUE BUTTERFLY EARRINGS BLACK,2011-12-05/2011-12-11,0.08993158,3.6406655,0.3274108,0.0,0.36804956,0.0,0.0,8.0
2934,XGBoostPoisson,90001D,ANTIQUE OLIVE GREEN FLOWER EARRINGS,2011-12-05/2011-12-11,0.125,2.6810987,0.33513734,0.0,0.36773777,0.0,0.0,8.0
2935,XGBoostPoisson,44089C,LILAC GAUZE BUTTERFLY LAMPSHADE,2011-12-05/2011-12-11,0.08993158,3.3775969,0.3037526,0.0,0.36564577,0.0,0.0,10.0
2936,XGBoostPoisson,20664,TROPICAL HOLIDAY PURSE ,2011-12-05/2011-12-11,0.04391892,3.127759,0.1373678,0.0,0.3599715,0.0,0.0,13.0
2937,XGBoostPoisson,21686,MEDINA STAMPED METAL STOOL,2011-12-05/2011-12-11,0.14545453,2.6094782,0.3795604,0.0,0.3597228,0.0,0.0,9.0
2938,XGBoostPoisson,16207B,PINK HEART RED HANDBAG,2011-12-05/2011-12-11,0.04391892,3.7272272,0.16369578,0.0,0.3578932,0.0,0.0,13.0
2939,XGBoostPoisson,90214T,"LETTER ""T"" BLING KEY RING",2011-12-05/2011-12-11,0.08993158,2.8449996,0.2558553,0.0,0.35638967,0.0,0.0,9.0
2940,XGBoostPoisson,20667,CHERRY BLOSSOM PURSE,2011-12-05/2011-12-11,0.043918915,3.1477337,0.13824505,0.0,0.35583624,0.0,0.0,13.0
2941,XGBoostPoisson,35265,COLOURFUL FLOWER FRUIT BOWL,2011-12-05/2011-12-11,0.08993158,3.295535,0.29637268,0.0,0.35447106,0.0,0.0,9.0
2942,XGBoostPoisson,90051,CRACKED GLAZE NECKLACE RED,2011-12-05/2011-12-11,0.10465116,3.2027082,0.33516714,0.0,0.35172394,0.0,0.0,8.0
2943,XGBoostPoisson,84352,SILVER CHRISTMAS TREE BAUBLE STAND ,2011-12-05/2011-12-11,0.08993158,3.3537226,0.30160555,0.0,0.34146222,0.0,0.0,10.0
2944,XGBoostPoisson,78034B,BLUE NETTING STORAGE HANGER,2011-12-05/2011-12-11,0.08993158,3.1243372,0.28097656,0.0,0.3383094,0.0,0.0,9.0
2945,XGBoostPoisson,90053,CRACKED GLAZE EARRINGS IVORY,2011-12-05/2011-12-11,0.08993158,2.7638268,0.2485553,0.0,0.32302913,0.0,0.0,8.0
2946,XGBoostPoisson,90214B,"LETTER ""B"" BLING KEY RING",2011-12-05/2011-12-11,0.089931585,2.7740624,0.24947582,0.0,0.3039782,0.0,0.0,10.0
2947,XGBoostPoisson,90212C,PURPLE LAS VEGAS BRACELET ROUND,2011-12-05/2011-12-11,0.08993158,3.5666304,0.32075268,0.0,0.30089983,0.0,0.0,12.0
2948,XGBoostPoisson,44092B,BLUE WHITE PLASTIC RINGS LAMPSHADE,2011-12-05/2011-12-11,0.06629834,3.8949537,0.258229,0.0,0.30007088,0.0,0.0,12.0
2949,XGBoostPoisson,90148,LONG SILVER NECKLACE PASTEL FLOWER,2011-12-05/2011-12-11,0.08993158,2.8452184,0.255875,0.0,0.29709607,0.0,0.0,10.0
2950,XGBoostPoisson,90128C,GREEN LEAVES AND BEADS PHONE CHARM,2011-12-05/2011-12-11,0.08993158,2.9362369,0.2640604,0.0,0.29687288,0.0,0.0,9.0
2951,XGBoostPoisson,90024D,NEW BAROQUE B'FLY NECKLACE PINK,2011-12-05/2011-12-11,0.08993158,2.978536,0.26786444,0.0,0.2961509,0.0,0.0,9.0
2952,XGBoostPoisson,46000P,POLYESTER FILLER PAD 65CMx65CM,2011-12-05/2011-12-11,0.089931585,3.207532,0.28845844,0.0,0.2948899,0.0,0.0,13.0
2953,XGBoostPoisson,90025D,BAROQUE BUTTERFLY EARRINGS PINK,2011-12-05/2011-12-11,0.08993158,3.151773,0.28344393,0.0,0.2919567,0.0,0.0,9.0
2954,XGBoostPoisson,22875,NUMBER TILE COTTAGE GARDEN 7,2011-12-05/2011-12-11,0.08993158,2.7404528,0.24645324,0.0,0.29180822,0.0,0.0,10.0
2955,XGBoostPoisson,21784,SHOE SHINE BOX ,2011-12-05/2011-12-11,0.06629834,2.6860535,0.1780809,0.0,0.2891284,0.0,0.0,13.0
2956,XGBoostPoisson,84806A,PINK CANDYSTUFT ARTIFICIAL FLOWER,2011-12-05/2011-12-11,0.06629834,2.953108,0.19578618,0.0,0.28719312,0.0,0.0,13.0
2957,XGBoostPoisson,90122B,JADE CRYSTAL+GLASS BRACELET,2011-12-05/2011-12-11,0.06629835,2.8848014,0.19125758,0.0,0.27680957,0.0,0.0,13.0
2958,XGBoostPoisson,90029,NEW BAROQUE SMALL NECKLACE BLACK,2011-12-05/2011-12-11,0.06629834,2.8848014,0.19125755,0.0,0.27651823,0.0,0.0,13.0
2959,XGBoostPoisson,84033,FLAG OF ST GEORGE ,2011-12-05/2011-12-11,0.06629834,3.092453,0.20502451,0.0,0.2712599,0.0,0.0,11.0
2960,XGBoostPoisson,84805B,BLUE CLIMBING HYDRANGA ART FLOWER,2011-12-05/2011-12-11,0.06629834,3.092453,0.20502451,0.0,0.2712599,0.0,0.0,11.0
2961,XGBoostPoisson,90011E,AMBER CRYSTAL DROP EARRINGS,2011-12-05/2011-12-11,0.08993158,2.8617678,0.2573633,0.0,0.2682496,0.0,0.0,11.0
2962,XGBoostPoisson,20793,BLUE TILED TRAY,2011-12-05/2011-12-11,0.08993158,2.838833,0.25530073,0.0,0.26556358,0.0,0.0,12.0
2963,XGBoostPoisson,35915B,BLUE KNITTED HEN ,2011-12-05/2011-12-11,0.08993158,3.0690522,0.2760047,0.0,0.26068458,0.0,0.0,10.0
2964,XGBoostPoisson,90056,CHUNKY CRACKED GLAZE NECKLACE IVORY,2011-12-05/2011-12-11,0.08993158,2.92317,0.2628853,0.0,0.26068458,0.0,0.0,10.0
2965,XGBoostPoisson,22256,FELT FARM ANIMAL CHICKEN,2011-12-05/2011-12-11,0.06629834,3.150247,0.20885617,0.0,0.2547346,0.0,0.0,12.0
2966,XGBoostPoisson,90156,RESIN BRACELET W PASTEL BEADS,2011-12-05/2011-12-11,0.06629834,2.906766,0.19271377,0.0,0.2544808,0.0,0.0,13.0
2967,XGBoostPoisson,90077,BLACK DIAMOND CLUSTER EARRINGS,2011-12-05/2011-12-11,0.05392157,3.1948485,0.17227125,0.0,0.25411507,0.0,0.0,12.0
2968,XGBoostPoisson,90038C,GLASS AND BEADS BRACELET IVORY,2011-12-05/2011-12-11,0.05392157,2.8252575,0.15234232,0.0,0.25123194,0.0,0.0,13.0
2969,XGBoostPoisson,90132,LIGHT TOPAZ TEAL/AQUA COL NECKLACE,2011-12-05/2011-12-11,0.06629834,2.9688842,0.1968321,0.0,0.24449979,0.0,0.0,13.0
2970,XGBoostPoisson,90140,PINK SWEETIE NECKLACE,2011-12-05/2011-12-11,0.06629834,2.9688842,0.1968321,0.0,0.24449979,0.0,0.0,13.0
2971,XGBoostPoisson,21456,2 PICTURE BOOK EGGS EASTER CHICKS,2011-12-05/2011-12-11,0.05392157,3.0115347,0.16238667,0.0,0.24390516,0.0,0.0,13.0
2972,XGBoostPoisson,90020,FILIGREE DIAMANTE CHAIN,2011-12-05/2011-12-11,0.05392157,3.0115347,0.16238667,0.0,0.24390516,0.0,0.0,13.0
2973,XGBoostPoisson,90027A,GLASS BEAD HOOP EARRINGS BLACK,2011-12-05/2011-12-11,0.05392157,3.2584138,0.17569879,0.0,0.24199419,0.0,0.0,13.0
