StockCode,description,quantity,revenue,invoices,active_weeks,countries,median_price,first_sale,last_sale,quantity_per_invoice
84077,WORLD WAR 2 GLIDERS ASSTD DESIGNS,104335,24006.829999999998,992,101,15,0.29,2009-12-07 13:07:00,2011-12-02 17:06:00,105.17641129032258
85099B,JUMBO BAG RED RETROSPOT,95108,177408.76,3897,102,22,1.95,2009-12-07 11:35:00,2011-12-04 13:55:00,24.405440082114445
21212,PACK OF 72 RETROSPOT CAKE CASES,93090,50706.5,3040,102,26,0.55,2009-12-07 10:33:00,2011-12-04 14:51:00,30.62171052631579
85123A,WHITE HANGING HEART T-LIGHT HOLDER,91737,251100.59,5228,102,23,2.95,2009-12-07 08:13:00,2011-12-04 15:00:00,17.54724560061209
22197,SMALL POPCORN HOLDER,83366,75089.31999999999,2262,102,16,0.85,2009-12-07 11:05:00,2011-12-04 16:02:00,36.85499557913351
23166,MEDIUM CERAMIC TOP STORAGE JAR,77856,81492.97,237,31,10,1.25,2011-01-18 10:01:00,2011-12-02 16:39:00,328.50632911392404
84879,ASSORTED COLOUR BIRD ORNAMENT,77387,125036.59999999999,2739,102,19,1.69,2009-12-07 11:20:00,2011-12-04 14:01:00,28.25374224169405
17003,BROCADE RING PURSE,69909,14617.74,441,96,7,0.25,2009-12-07 17:56:00,2011-12-04 13:00:00,158.52380952380952
21977,PACK OF 60 PINK PAISLEY CAKE CASES,55321,27671.5,1947,102,24,0.55,2009-12-07 10:33:00,2011-12-04 15:19:00,28.413456599897277
84991,60 TEATIME FAIRY CAKE CASES,53277,26607.11,2077,102,22,0.55,2009-12-07 10:33:00,2011-12-04 15:19:00,25.650938854116514
15036,ASSORTED COLOURS SILK FAN,43921,32754.26,977,100,14,0.83,2009-12-07 11:19:00,2011-12-02 17:06:00,44.95496417604913
22492,MINI PAINT SET VINTAGE,43326,27670.670000000002,726,82,23,0.65,2010-05-06 11:50:00,2011-12-02 13:58:00,59.67768595041322
84755,COLOUR GLASS T-LIGHT HOLDER HANGING,40213,25025.59,1242,102,13,0.65,2009-12-07 11:35:00,2011-12-01 16:22:00,32.37761674718197
21213,PACK OF 72 SKULL CAKE CASES,39824,21137.56,1451,102,21,0.55,2009-12-07 15:42:00,2011-12-04 15:19:00,27.445899379738112
20725,LUNCH BAG RED RETROSPOT,39747,70137.21,2991,102,21,1.65,2009-12-07 11:35:00,2011-12-04 15:19:00,13.288866599799398
22386,JUMBO BAG PINK POLKADOT,39335,76055.91,2232,96,17,1.95,2010-01-29 12:35:00,2011-12-04 13:59:00,17.62320788530466
22178,VICTORIAN GLASS HANGING T-LIGHT,39195,50797.88,1768,102,17,1.25,2009-12-07 10:51:00,2011-12-04 15:16:00,22.169117647058822
22616,PACK OF 12 LONDON TISSUES,38582,12267.41,809,82,10,0.29,2010-05-06 11:50:00,2011-12-02 13:12:00,47.69097651421508
21232,STRAWBERRY CERAMIC TRINKET BOX,36757,47626.29,2361,102,24,1.25,2009-12-07 08:24:00,2011-12-04 15:47:00,15.56840321897501
85099F,JUMBO BAG STRAWBERRY,36575,67441.75,1801,101,16,1.95,2009-12-07 11:52:00,2011-12-04 13:59:00,20.308162132148805
84568,GIRLS ALPHABET IRON ON PATCHES,36308,7590.7,300,90,8,0.42,2009-12-07 18:02:00,2011-12-02 16:39:00,121.02666666666667
21915,RED  HARMONICA IN BOX,36286,42660.79,1023,89,20,1.25,2010-03-17 10:22:00,2011-12-02 12:19:00,35.47018572825024
84946,ANTIQUE SILVER TEA GLASS ETCHED,35675,47807.37,1710,102,9,1.25,2009-12-07 10:51:00,2011-12-04 15:18:00,20.862573099415204
84992,72 SWEETHEART FAIRY CAKE CASES,34134,16912.65,1419,102,20,0.55,2009-12-07 17:56:00,2011-12-04 15:19:00,24.054968287526428
71459,HANGING JAM JAR T-LIGHT HOLDER,32713,26479.47,1002,101,10,0.85,2009-12-07 17:56:00,2011-12-01 16:22:00,32.647704590818364
22952,60 CAKE CASES VINTAGE CHRISTMAS,32435,18874.3,1113,50,19,0.55,2010-09-17 15:04:00,2011-12-04 15:13:00,29.141958670260557
21982,PACK OF 12 SUKI TISSUES,31979,10345.869999999999,702,92,11,0.29,2009-12-07 18:02:00,2011-12-02 16:39:00,45.554131054131055
22086,PAPER CHAIN KIT 50'S CHRISTMAS,31533,106989.90000000001,1864,82,12,2.95,2009-12-07 10:38:00,2011-12-04 15:35:00,16.91684549356223
20724,RED RETROSPOT CHARLOTTE BAG,31351,34049.65,1990,102,19,0.85,2009-12-07 11:19:00,2011-12-04 16:07:00,15.754271356783919
22355,CHARLOTTE BAG SUKI DESIGN,30996,43707.4,1698,102,16,0.85,2009-12-07 09:18:00,2011-12-04 14:51:00,18.25441696113074
21975,PACK OF 60 DINOSAUR CAKE CASES,30938,15026.12,1277,102,24,0.55,2009-12-07 15:02:00,2011-12-04 11:45:00,24.227094753328114
21080,SET/20 RED RETROSPOT PAPER NAPKINS,30593,25007.95,2080,102,21,0.85,2009-12-07 10:42:00,2011-12-04 13:32:00,14.708173076923076
85099C,JUMBO  BAG BAROQUE BLACK WHITE,29983,57741.340000000004,1820,102,15,1.95,2009-12-07 14:44:00,2011-12-04 16:02:00,16.474175824175823
16014,SMALL CHINESE STYLE SCISSOR,29275,9481.5,91,58,6,0.42,2009-12-07 11:40:00,2011-12-01 13:32:00,321.7032967032967
84347,ROTATING SILVER ANGELS T-LIGHT HLDR,29049,65821.65,695,75,15,2.55,2009-12-07 17:56:00,2011-12-04 15:54:00,41.79712230215827
21931,JUMBO STORAGE BAG SUKI,28682,60423.29,2265,102,17,1.95,2009-12-07 13:48:00,2011-12-04 13:59:00,12.663134657836645
21731,RED TOADSTOOL LED NIGHT LIGHT,28471,47426.78999999999,1495,101,22,1.65,2009-12-07 10:41:00,2011-12-04 16:07:00,19.044147157190636
47566,PARTY BUNTING,28085,147630.35,2649,101,21,4.95,2009-12-07 11:39:00,2011-12-04 14:51:00,10.602114005285014
22469,HEART OF WICKER SMALL,27811,48759.38,2131,77,15,1.65,2010-04-22 12:12:00,2011-12-04 13:15:00,13.050680431722196
23084,RABBIT NIGHT LIGHT,27536,59757.5,919,30,19,2.08,2011-05-10 14:20:00,2011-12-04 16:02:00,29.963003264417846
22151,PLACE SETTING WHITE HEART,27215,11463.449999999999,700,102,12,0.42,2009-12-07 12:12:00,2011-12-04 15:00:00,38.878571428571426
22411,JUMBO SHOPPER VINTAGE RED PAISLEY,26970,56592.93,2163,96,19,1.95,2010-01-29 13:52:00,2011-12-04 13:59:00,12.468793342579751
21980,PACK OF 12 RED RETROSPOT TISSUES,26958,7530.03,655,100,16,0.29,2009-12-07 15:42:00,2011-12-01 14:55:00,41.157251908396944
21790,VINTAGE SNAP CARDS,26733,23010.5,1828,102,16,0.85,2009-12-07 10:33:00,2011-12-04 14:55:00,14.62417943107221
20727,LUNCH BAG  BLACK SKULL.,26289,44899.47,2302,102,18,1.65,2009-12-07 10:48:00,2011-12-04 15:19:00,11.420069504778454
21498,RED RETROSPOT WRAP,26151,10610.42,786,101,16,0.42,2009-12-07 13:57:00,2011-12-04 12:52:00,33.270992366412216
22423,REGENCY CAKESTAND 3 TIER,26103,325718.47,3880,89,31,12.75,2010-03-15 13:55:00,2011-12-04 16:02:00,6.7275773195876285
84970S,HANGING HEART ZINC T-LIGHT HOLDER,26007,21327.199999999997,1397,102,17,0.85,2009-12-07 17:56:00,2011-12-04 12:52:00,18.61632068718683
37410,BLACK AND WHITE PAISLEY FLOWER MUG,25490,3088.57,31,12,2,1.25,2009-12-07 11:55:00,2010-04-07 14:10:00,822.258064516129
21985,PACK OF 12 HEARTS DESIGN TISSUES,25255,8881.91,895,102,13,0.29,2009-12-07 11:47:00,2011-12-01 16:22:00,28.217877094972067
21929,JUMBO BAG PINK VINTAGE PAISLEY,25250,48936.14,1577,97,15,1.95,2009-12-07 14:10:00,2011-12-04 13:59:00,16.01141407736208
22383,LUNCH BAG SUKI  DESIGN,24946,42968.62,2378,97,17,1.65,2010-01-22 16:28:00,2011-12-04 15:19:00,10.490328006728344
84212,"ASSORTED FLOWER COLOUR ""LEIS""",24740,11926.39,275,88,9,0.65,2009-12-07 15:28:00,2011-11-30 15:27:00,89.96363636363637
20728,LUNCH BAG CARS BLUE,24357,41808.82,2025,102,22,1.65,2009-12-07 11:35:00,2011-12-04 15:19:00,12.028148148148148
20719,WOODLAND CHARLOTTE BAG,24043,26980.48,1543,101,18,0.85,2009-12-07 10:41:00,2011-12-04 16:07:00,15.58198314970836
21181,PLEASE ONE PERSON METAL SIGN,23984,48475.75000000001,1734,77,11,2.1,2009-12-07 12:08:00,2011-12-04 15:19:00,13.831603229527104
21928,JUMBO BAG SCANDINAVIAN PAISLEY,23979,45614.82,1512,100,12,1.95,2009-12-07 14:44:00,2011-12-04 13:59:00,15.859126984126984
84270,ASSTD DESIGN BUBBLE GUM RING,22182,4665.08,454,50,9,0.21,2009-12-07 13:32:00,2010-12-06 16:57:00,48.859030837004404
20726,LUNCH BAG WOODLAND,21845,37996.6,1882,102,20,1.65,2009-12-07 13:24:00,2011-12-04 13:32:00,11.607332624867162
21981,PACK OF 12 WOODLAND TISSUES,21703,5977.889999999999,530,91,16,0.29,2009-12-07 15:42:00,2011-12-02 16:39:00,40.949056603773585
84978,HANGING HEART JAR T-LIGHT HOLDER,21446,28177.350000000002,1404,101,9,1.25,2009-12-07 11:35:00,2011-12-04 13:00:00,15.274928774928775
22417,PACK OF 60 SPACEBOY CAKE CASES,21358,11106.65,1095,96,23,0.55,2010-01-31 15:47:00,2011-12-04 11:45:00,19.50502283105023
84945,MULTI COLOUR SILVER T-LIGHT HOLDER,21305,17480.31,637,90,11,0.85,2009-12-22 15:12:00,2011-12-04 13:00:00,33.445839874411305
21984,PACK OF 12 PINK PAISLEY TISSUES,21139,5957.83,419,99,13,0.29,2009-12-10 11:40:00,2011-12-02 16:39:00,50.45107398568019
20971,PINK BLUE FELT CRAFT TRINKET BOX,21036,27211.86,1116,102,16,1.25,2009-12-07 11:05:00,2011-12-04 15:00:00,18.849462365591396
22384,LUNCH BAG PINK POLKADOT,20689,33894.82,2088,96,23,1.65,2010-01-25 11:18:00,2011-12-04 15:19:00,9.90852490421456
20713,JUMBO BAG OWLS,20503,39973.21,1273,89,16,1.95,2009-12-07 15:26:00,2011-12-02 15:39:00,16.106048703849176
22629,SPACEBOY LUNCH BOX,20441,37303.619999999995,1344,74,21,1.95,2010-07-01 11:59:00,2011-12-04 13:54:00,15.209077380952381
21175,GIN + TONIC DIET METAL SIGN,20356,43066.25,1615,97,15,2.1,2009-12-07 12:08:00,2011-12-04 15:19:00,12.604334365325077
20972,PINK CREAM FELT CRAFT TRINKET BOX,20216,24408.8,1356,102,18,1.25,2009-12-07 12:19:00,2011-12-04 14:40:00,14.908554572271386
84598,BOYS ALPHABET IRON ON PATCHES,20163,4213.86,211,85,6,0.42,2009-12-08 15:49:00,2011-12-01 16:22:00,95.55924170616113
22382,LUNCH BAG SPACEBOY DESIGN,20148,33888.78,2135,97,23,1.65,2010-01-22 16:28:00,2011-12-04 15:19:00,9.437002341920374
23203,JUMBO BAG VINTAGE DOILY,19954,40978.01,1200,31,15,2.08,2011-05-06 15:54:00,2011-12-04 16:07:00,16.628333333333334
22356,CHARLOTTE BAG PINK POLKADOT,19451,20210.01,1545,102,18,0.85,2009-12-07 11:35:00,2011-12-04 16:07:00,12.589644012944984
21166,COOK WITH WINE METAL SIGN,19434,37141.96,1384,94,12,1.95,2009-12-08 15:49:00,2011-12-04 15:19:00,14.041907514450868
21094,SET/6 RED SPOTTY PAPER PLATES,19418,15171.98,972,102,19,0.85,2009-12-10 09:49:00,2011-12-01 16:22:00,19.977366255144034
72741,GRAND CHOCOLATECANDLE,19298,26642.43,894,101,19,1.45,2009-12-07 15:55:00,2011-12-04 11:45:00,21.58612975391499
84836,ZINC METAL HEART DECORATION,19187,23488.87,1365,102,13,1.25,2009-12-07 11:20:00,2011-12-04 12:52:00,14.056410256410256
20668,DISCO BALL CHRISTMAS DECORATION,19182,2249.68,345,72,7,0.12,2009-12-07 11:39:00,2011-12-04 14:45:00,55.6
21231,SWEETHEART CERAMIC TRINKET BOX,18685,23135.04,1431,94,19,1.25,2009-12-07 08:24:00,2011-12-02 11:16:00,13.057302585604472
84692,BOX OF 24 COCKTAIL PARASOLS,18608,9121.99,1100,102,13,0.42,2009-12-07 13:48:00,2011-12-04 12:32:00,16.916363636363638
20914,SET/5 RED RETROSPOT LID GLASS BOWLS,18393,51622.94,1980,102,19,2.95,2009-12-07 10:42:00,2011-12-04 13:20:00,9.289393939393939
22910,PAPER CHAIN KIT VINTAGE CHRISTMAS,17998,56703.62,1374,49,12,2.95,2010-09-19 10:20:00,2011-12-04 14:51:00,13.098981077147016
20723,STRAWBERRY CHARLOTTE BAG,17960,19814.04,1353,102,15,0.85,2009-12-07 09:18:00,2011-12-04 14:51:00,13.27420546932742
22630,DOLLY GIRL LUNCH BOX,17922,33103.89,1313,74,24,1.95,2010-07-01 16:48:00,2011-12-04 13:54:00,13.649657273419649
22470,HEART OF WICKER LARGE,17711,53294.83,1934,76,10,2.95,2010-04-22 12:12:00,2011-12-02 16:30:00,9.15770423991727
22693,GROW A FLYTRAP OR SUNFLOWER IN TIN,17644,20198.06,344,67,12,1.25,2010-08-05 15:01:00,2011-12-02 16:39:00,51.2906976744186
22489,PACK OF 12 TRADITIONAL CRAYONS,17639,7428.67,771,83,20,0.42,2010-03-02 16:36:00,2011-12-04 13:45:00,22.878080415045396
20975,12 PENCILS SMALL TUBE RED RETROSPOT,17636,11539.960000000001,864,87,16,0.65,2009-12-07 12:32:00,2011-12-04 13:59:00,20.412037037037038
20712,JUMBO BAG WOODLAND ANIMALS,17506,36959.91,1381,95,20,2.08,2009-12-07 13:24:00,2011-12-04 16:02:00,12.67632150615496
22585,PACK OF 6 BIRDY GIFT TAGS,17481,21866.57,1074,90,18,1.25,2010-03-10 12:51:00,2011-12-02 16:39:00,16.276536312849164
21326,AGED GLASS SILVER T-LIGHT HOLDER,17202,11228.26,626,100,7,0.65,2009-12-07 11:35:00,2011-12-04 12:44:00,27.47923322683706
22029,SPACEBOY BIRTHDAY CARD,17178,7109.05,1077,101,19,0.42,2009-12-07 18:02:00,2011-12-04 13:54:00,15.949860724233984
21137,BLACK RECORD COVER FRAME,17119,59451.0,599,97,8,3.75,2009-12-07 12:08:00,2011-12-04 12:32:00,28.579298831385643
21497,FANCY FONTS BIRTHDAY WRAP,17100,6822.0,476,98,11,0.42,2009-12-08 12:46:00,2011-12-04 15:18:00,35.924369747899156
22077,6 RIBBONS RUSTIC CHARM,17038,31038.769999999997,1718,93,22,1.65,2009-12-07 17:56:00,2011-12-04 12:52:00,9.917345750873109
21704,BAG 250g SWIRLY MARBLES,17007,13078.619999999999,545,96,12,0.85,2009-12-07 10:33:00,2011-12-04 10:56:00,31.205504587155964
21791,VINTAGE HEADS AND TAILS CARD GAME,17004,22101.79,1258,102,23,1.25,2009-12-07 11:40:00,2011-12-04 13:45:00,13.516693163751988
22385,JUMBO BAG SPACEBOY DESIGN,16987,32277.65,1238,96,17,1.95,2010-01-29 13:46:00,2011-12-04 16:02:00,13.721324717285945
84970L,SINGLE HEART ZINC T-LIGHT HOLDER,16981,16687.42,1057,101,16,0.95,2009-12-07 11:55:00,2011-12-04 13:20:00,16.06527909176916
21733,RED HANGING HEART T-LIGHT HOLDER,16962,48619.22,1694,102,21,2.95,2009-12-07 08:13:00,2011-12-04 15:00:00,10.012987012987013
22909,SET OF 20 VINTAGE CHRISTMAS NAPKINS,16640,14823.24,1052,51,18,0.85,2010-09-16 16:15:00,2011-12-04 15:28:00,15.817490494296578
21088,SET/6 FRUIT SALAD PAPER CUPS,16590,1811.3400000000001,134,58,7,0.19,2009-12-15 17:02:00,2011-11-28 13:26:00,123.80597014925372
82482,WOODEN PICTURE FRAME WHITE FINISH,16551,40895.54,1949,93,14,2.55,2009-12-07 08:13:00,2011-12-04 12:52:00,8.492047203694202
22090,PAPER BUNTING RETROSPOT,16543,49971.43,1685,102,20,2.95,2009-12-07 12:41:00,2011-12-04 16:07:00,9.81780415430267
16156S,WRAP PINK FAIRY CAKES,16536,6506.12,414,95,14,0.42,2009-12-10 07:43:00,2011-12-02 10:22:00,39.94202898550725
21086,SET/6 RED SPOTTY PAPER CUPS,16494,10675.210000000001,832,96,18,0.65,2009-12-08 12:05:00,2011-12-02 16:04:00,19.82451923076923
22961,JAM MAKING SET PRINTED,16321,25339.0,1172,54,26,1.45,2010-07-23 12:29:00,2011-12-04 11:24:00,13.925767918088738
22294,HEART FILIGREE DOVE  SMALL,16000,19826.32,830,101,11,1.25,2009-12-07 11:40:00,2011-12-01 15:56:00,19.27710843373494
21096,SET/6 FRUIT SALAD  PAPER PLATES,15917,2710.05,142,58,8,0.83,2009-12-10 13:59:00,2011-11-20 11:56:00,112.09154929577464
22659,LUNCH BOX I LOVE LONDON,15894,29453.43,1061,75,18,1.95,2010-03-14 12:18:00,2011-12-04 13:32:00,14.980207351555137
22379,RECYCLING BAG RETROSPOT,15717,34469.46,1558,96,16,2.1,2010-01-25 13:46:00,2011-12-04 16:07:00,10.08793324775353
21500,PINK POLKADOT WRAP,15575,6293.5,483,99,19,0.42,2009-12-08 18:07:00,2011-12-02 12:52:00,32.2463768115942
22189,CREAM HEART CARD HOLDER,15516,46866.3,1257,94,12,3.95,2009-12-07 10:33:00,2011-12-04 12:52:00,12.343675417661098
85152,HAND OVER THE CHOCOLATE   SIGN,15502,29744.760000000002,1423,99,11,2.1,2009-12-07 13:45:00,2011-12-04 15:19:00,10.893886156008433
84947,ANTIQUE SILVER TEA GLASS ENGRAVED,15478,18296.32,656,101,5,1.25,2009-12-07 11:05:00,2011-12-04 14:55:00,23.59451219512195
79321,CHILLI LIGHTS,15447,78292.91,1099,95,10,4.95,2009-12-07 08:24:00,2011-12-02 16:39:00,14.055505004549591
40016,CHINESE DRAGON PAPER LANTERNS,15410,5468.58,242,85,6,0.42,2009-12-07 13:48:00,2011-09-21 14:40:00,63.67768595041322
85175,CACTI T-LIGHT CANDLES,15341,6498.3099999999995,435,92,11,0.42,2009-12-09 10:41:00,2011-11-28 11:18:00,35.266666666666666
22551,PLASTERS IN TIN SPACEBOY,15242,25585.679999999997,1275,88,27,1.65,2010-03-25 12:41:00,2011-12-04 13:59:00,11.95450980392157
22326,ROUND SNACK BOXES SET OF4 WOODLAND,15213,43583.23,1367,94,24,2.95,2010-01-07 16:46:00,2011-12-02 16:39:00,11.12874908558888
16033,MINI HIGHLIGHTER PENS,15121,1544.52,50,36,6,0.12,2009-12-10 12:44:00,2011-02-17 15:40:00,302.42
21787,RAIN PONCHO RETROSPOT,15097,11882.86,461,85,13,0.85,2010-03-25 14:22:00,2011-12-04 14:55:00,32.748373101952275
21121,SET/10 RED POLKADOT PARTY CANDLES,14981,18148.88,857,102,20,1.25,2009-12-07 15:42:00,2011-12-04 11:45:00,17.480746791131857
82494L,WOODEN FRAME ANTIQUE WHITE,14955,42820.39,1920,96,11,2.95,2009-12-07 08:13:00,2011-12-04 12:52:00,7.7890625
21210,SET OF 72 RETROSPOT PAPER  DOILIES,14865,21333.37,1131,95,25,1.45,2009-12-07 10:42:00,2011-12-02 16:39:00,13.143236074270558
23199,JUMBO BAG APPLES,14765,30088.15,956,34,15,2.08,2011-04-11 16:47:00,2011-12-04 16:07:00,15.444560669456067
21829,DINOSAUR KEYRINGS ASSORTED,14703,3170.7,399,95,13,0.21,2009-12-07 11:47:00,2011-10-20 12:07:00,36.849624060150376
21499,BLUE POLKADOT WRAP,14702,5912.84,449,95,19,0.42,2009-12-08 18:07:00,2011-12-02 10:22:00,32.74387527839644
22457,NATURAL SLATE HEART CHALKBOARD,14591,45061.770000000004,2018,85,15,2.95,2010-03-04 10:29:00,2011-12-04 15:13:00,7.230426164519326
22045,SPACEBOY GIFT WRAP,14392,5918.64,467,97,19,0.42,2009-12-07 10:51:00,2011-12-02 10:22:00,30.817987152034263
71477,COLOUR GLASS. STAR T-LIGHT HOLDER,14375,42422.23,772,86,6,3.25,2009-12-07 13:23:00,2011-12-02 11:53:00,18.620466321243523
21976,PACK OF 60 MUSHROOM CAKE CASES,14361,7667.1900000000005,932,102,24,0.55,2009-12-07 13:32:00,2011-12-04 11:45:00,15.408798283261802
21918,SET 12 KIDS COLOUR  CHALK STICKS,14325,5891.55,762,102,20,0.42,2009-12-07 11:40:00,2011-12-04 13:59:00,18.799212598425196
22969,HOMEMADE JAM SCENTED CANDLES,14307,21216.129999999997,697,54,20,1.45,2010-11-21 11:28:00,2011-12-04 15:18:00,20.526542324246773
21703,BAG 125g SWIRLY MARBLES,14284,5529.1900000000005,543,101,12,0.42,2009-12-07 17:56:00,2011-12-04 13:32:00,26.30570902394107
75049L,LARGE CIRCULAR MIRROR MOBILE,13914,13086.3,339,79,1,1.25,2009-12-09 11:40:00,2011-12-02 12:52:00,41.04424778761062
22865,HAND WARMER OWL DESIGN,13906,30050.180000000004,1157,46,11,2.1,2010-09-10 13:59:00,2011-12-04 15:00:00,12.019014693171997
22560,TRADITIONAL MODELLING CLAY,13888,16803.3,730,88,12,1.25,2010-03-25 12:41:00,2011-12-04 13:32:00,19.024657534246575
21877,HOME SWEET HOME MUG,13775,15576.960000000001,727,100,13,1.25,2009-12-08 13:38:00,2011-12-02 12:36:00,18.947730398899587
21085,SET/6 WOODLAND PAPER CUPS,13704,1854.0800000000002,63,22,8,0.65,2009-12-08 16:09:00,2010-07-12 12:44:00,217.52380952380952
21091,SET/6 WOODLAND PAPER PLATES,13686,1855.95,44,13,8,0.85,2009-12-08 16:09:00,2010-03-18 12:47:00,311.04545454545456
22577,WOODEN HEART CHRISTMAS SCANDINAVIAN,13660,6975.579999999999,812,63,13,0.85,2010-07-18 11:31:00,2011-12-04 15:28:00,16.822660098522167
37340,MULTICOLOUR SPRING FLOWER MUG,13622,3810.08,196,82,5,0.85,2009-12-07 18:02:00,2011-11-30 15:33:00,69.5
22558,CLOTHES PEGS RETROSPOT PACK 24,13555,19114.43,1186,70,17,1.49,2010-04-14 13:39:00,2011-12-04 12:52:00,11.429173693086003
22297,HEART IVORY TRELLIS SMALL,13526,17451.41,949,102,9,1.25,2009-12-07 11:05:00,2011-12-04 14:01:00,14.252897787144363
22554,PLASTERS IN TIN WOODLAND ANIMALS,13477,22649.249999999996,1254,87,25,1.65,2010-03-25 12:43:00,2011-12-04 13:59:00,10.747208931419458
22556,PLASTERS IN TIN CIRCUS PARADE,13422,22061.85,1177,88,24,1.65,2010-03-25 12:12:00,2011-12-04 13:32:00,11.4035683942226
21986,PACK OF 12 PINK POLKADOT TISSUES,13372,4749.389999999999,454,100,13,0.29,2009-12-07 11:47:00,2011-12-02 16:39:00,29.45374449339207
22740,POLKADOT PEN,13345,11395.31,300,43,11,0.85,2010-09-30 13:57:00,2011-09-26 13:57:00,44.483333333333334
21099,SET/6 STRAWBERRY PAPER CUPS,13265,1499.3400000000001,31,17,5,0.65,2009-12-10 09:49:00,2010-05-07 12:13:00,427.9032258064516
23201,JUMBO BAG ALPHABET,13206,27456.18,880,34,17,2.08,2011-04-11 16:47:00,2011-12-04 13:15:00,15.006818181818181
82580,BATHROOM METAL SIGN,13138,7388.27,1316,102,12,0.55,2009-12-07 10:33:00,2011-12-02 16:39:00,9.983282674772036
20974,12 PENCILS SMALL TUBE SKULL,13093,8599.44,798,99,12,0.65,2009-12-07 11:39:00,2011-11-22 11:18:00,16.407268170426065
21930,JUMBO STORAGE BAG SKULLS,13056,26676.51,1286,102,11,1.95,2009-12-07 13:24:00,2011-12-04 13:59:00,10.152410575427682
22083,PAPER CHAIN KIT RETROSPOT,13000,38357.62,1340,102,18,2.95,2009-12-07 10:33:00,2011-12-02 16:39:00,9.701492537313433
16161P,WRAP ENGLISH ROSE,12948,5330.4,432,87,18,0.42,2009-12-08 12:46:00,2011-11-29 10:01:00,29.97222222222222
20718,RED RETROSPOT SHOPPER BAG,12924,16913.93,1177,102,18,1.25,2009-12-07 08:53:00,2011-12-04 13:59:00,10.980458793542907
22328,ROUND SNACK BOXES SET OF 4 FRUITS,12871,35898.91,1148,98,19,2.95,2010-01-07 16:46:00,2011-12-02 14:48:00,11.211672473867596
21092,SET/6 STRAWBERRY PAPER PLATES,12846,1571.5,28,13,5,0.85,2009-12-07 18:02:00,2010-03-17 13:09:00,458.7857142857143
23209,LUNCH BAG VINTAGE DOILY,12829,20851.37,1070,31,16,1.65,2011-05-08 11:08:00,2011-12-04 13:59:00,11.989719626168224
22534,MAGIC DRAWING SLATE SPACEBOY,12791,5472.79,578,88,15,0.42,2010-03-28 13:10:00,2011-12-02 13:35:00,22.129757785467127
22699,ROSES REGENCY TEACUP AND SAUCER,12791,37336.37,1398,68,21,2.95,2010-08-11 15:46:00,2011-12-04 13:00:00,9.149499284692418
82583,HOT BATHS METAL SIGN,12767,27678.7,1155,97,8,2.1,2009-12-07 10:33:00,2011-12-04 15:19:00,11.053679653679653
21108,FAIRY CAKE FLANNEL ASSORTED COLOUR,12676,24858.760000000002,586,98,17,2.55,2009-12-07 17:56:00,2011-12-04 15:19:00,21.631399317406142
22147,FELTCRAFT BUTTERFLY HEARTS,12620,17594.2,1112,101,15,1.45,2009-12-07 12:19:00,2011-12-01 11:18:00,11.348920863309353
21914,BLUE HARMONICA IN BOX,12589,17211.01,921,90,17,1.25,2010-01-25 15:38:00,2011-12-04 14:55:00,13.668838219326819
22030,SWALLOWS GREETING CARD,12513,5092.62,668,95,12,0.42,2009-12-07 12:19:00,2011-12-02 16:39:00,18.732035928143713
20711,JUMBO BAG TOYS,12512,25502.68,1043,102,14,2.08,2009-12-07 18:02:00,2011-12-01 16:22:00,11.996164908916587
22595,GINGHAM HEART DECORATION,12507,10520.519999999999,792,72,18,0.85,2010-07-16 15:26:00,2011-12-04 12:32:00,15.791666666666666
21889,WOODEN BOX OF DOMINOES,12502,16660.23,1080,102,16,1.25,2009-12-07 10:33:00,2011-12-04 14:15:00,11.575925925925926
22610,PENS ASSORTED FUNNY FACE,12464,5066.5,283,77,6,0.21,2010-02-25 09:16:00,2011-12-02 16:34:00,44.042402826855124
22578,WOODEN STAR CHRISTMAS SCANDINAVIAN,12412,6031.62,744,44,12,0.83,2010-07-18 11:31:00,2011-12-04 15:28:00,16.682795698924732
82600,NO SINGING METAL SIGN,12340,25033.230000000003,1163,96,14,2.1,2009-12-07 12:18:00,2011-12-04 15:19:00,10.61049011177988
22866,HAND WARMER SCOTTY DOG DESIGN,12305,27252.550000000003,1042,35,10,2.1,2010-09-10 13:59:00,2011-12-04 15:00:00,11.809021113243762
22149,FELTCRAFT 6 FLOWER FRIENDS,12286,25368.97,1361,97,18,2.1,2009-12-07 15:28:00,2011-11-10 18:46:00,9.027185892725937
22993,SET OF 4 PANTRY JELLY MOULDS,12242,15974.33,1044,42,19,1.25,2011-02-16 15:13:00,2011-12-04 13:54:00,11.726053639846743
22418,10 COLOUR SPACEBOY PEN,12240,10341.42,576,82,18,0.85,2010-05-06 16:21:00,2011-12-02 13:36:00,21.25
21495,SKULLS AND CROSSBONES WRAP,12240,5024.8,367,99,11,0.42,2009-12-08 17:04:00,2011-12-02 10:22:00,33.35149863760218
22998,TRAVEL CARD WALLET KEEP CALM,12208,5185.8,522,42,6,0.42,2011-02-16 16:56:00,2011-12-04 14:09:00,23.386973180076627
21122,SET/10 PINK POLKADOT PARTY CANDLES,12029,14616.04,785,100,21,1.25,2009-12-07 15:42:00,2011-11-30 14:40:00,15.323566878980891
23206,LUNCH BAG APPLE DESIGN,12028,20514.66,1015,34,18,1.65,2011-04-11 16:47:00,2011-12-04 15:19:00,11.85024630541872
85220,SMALL FAIRY CAKE FRIDGE MAGNETS,11996,6527.0,4,3,3,1.5499999999999998,2009-12-15 14:03:00,2010-02-17 10:51:00,2999.0
21891,TRADITIONAL WOODEN SKIPPING ROPE,11941,15241.02,800,92,17,1.25,2009-12-07 12:42:00,2011-12-04 12:08:00,14.92625
22348,TEA BAG PLATE RED RETROSPOT,11915,10140.439999999999,923,102,21,0.85,2009-12-07 10:41:00,2011-12-04 11:50:00,12.90899241603467
79000,MOROCCAN TEA GLASS,11888,9631.5,428,86,13,0.85,2009-12-07 12:19:00,2011-09-12 16:14:00,27.77570093457944
23310,BUBBLEGUM RING ASSORTED,11821,4896.179999999999,234,26,10,0.42,2011-06-09 11:49:00,2011-12-04 15:18:00,50.51709401709402
22467,GUMBALL COAT RACK,11697,27641.37,1075,76,19,2.55,2010-03-04 14:45:00,2011-12-04 13:20:00,10.88093023255814
85110,BLACK SILVER FLOWER T-LIGHT HOLDER,11520,1138.04,23,18,2,0.85,2009-12-10 09:49:00,2010-09-27 16:30:00,500.8695652173913
23307,SET OF 60 PANTRY DESIGN CAKE CASES,11503,6102.990000000001,607,27,19,0.55,2011-06-03 12:07:00,2011-12-04 15:19:00,18.950576606260295
84949,SILVER HANGING T-LIGHT HOLDER,11479,18302.739999999998,673,100,7,1.65,2009-12-07 12:12:00,2011-12-04 14:01:00,17.056463595839524
22561,WOODEN SCHOOL COLOURING SET,11467,19246.64,891,88,18,1.65,2010-03-25 11:28:00,2011-12-02 10:47:00,12.869809203142536
22555,PLASTERS IN TIN STRONGMAN,11454,18508.809999999998,952,88,24,1.65,2010-03-25 12:12:00,2011-12-04 13:55:00,12.031512605042018
84378,SET OF 3 HEART COOKIE CUTTERS,11442,15077.57,1218,102,17,1.25,2009-12-07 17:56:00,2011-12-04 11:45:00,9.394088669950738
18007,ESSENTIAL BALM 3.5g TIN IN ENVELOPE,11386,1041.42,70,42,6,0.18,2009-12-07 13:48:00,2011-07-20 16:12:00,162.65714285714284
22867,HAND WARMER BIRD DESIGN,11263,24865.61,1014,38,10,2.1,2010-09-10 13:59:00,2011-12-04 15:00:00,11.107495069033531
21871,SAVE THE PLANET MUG,11160,13186.57,748,93,12,1.25,2009-12-07 14:02:00,2011-12-02 16:39:00,14.919786096256685
22027,TEA PARTY BIRTHDAY CARD,11146,4741.43,831,101,19,0.42,2009-12-07 18:02:00,2011-12-02 10:41:00,13.412755716004813
35961,FOLKART ZINC HEART CHRISTMAS DEC,11021,9194.859999999999,618,100,11,0.85,2009-12-07 17:56:00,2011-12-04 13:59:00,17.833333333333332
20993,JAZZ HEARTS MEMO PAD,10966,1332.41,31,12,3,0.85,2009-12-09 15:03:00,2010-03-09 12:48:00,353.741935483871
21672,WHITE SPOT RED CERAMIC DRAWER KNOB,10951,14163.58,801,99,13,1.25,2009-12-07 13:35:00,2011-12-04 15:38:00,13.671660424469414
22951,60 CAKE CASES DOLLY GIRL DESIGN,10924,5741.72,621,63,22,0.55,2010-09-19 12:15:00,2011-12-04 13:45:00,17.59098228663446
21390,FILIGRIS HEART WITH BUTTERFLY,10821,13404.12,578,101,9,1.25,2009-12-08 15:00:00,2011-12-04 14:01:00,18.72145328719723
21916,SET 12 RETRO WHITE CHALK STICKS,10756,4630.25,685,102,8,0.42,2009-12-07 13:48:00,2011-12-04 14:55:00,15.702189781021898
22114,HOT WATER BOTTLE TEA AND SYMPATHY,10754,54294.73,1482,76,18,3.95,2009-12-07 10:41:00,2011-12-04 10:10:00,7.256410256410256
16047,POP ART PEN CASE & PENS,10611,1053.8500000000001,30,21,2,0.85,2009-12-13 15:43:00,2010-10-24 11:17:00,353.7
21385,IVORY HANGING DECORATION  HEART,10558,9123.699999999999,675,96,7,0.85,2009-12-07 12:32:00,2011-12-01 12:53:00,15.641481481481481
23202,JUMBO BAG VINTAGE LEAF,10541,20995.43,854,31,11,2.08,2011-05-06 15:40:00,2011-12-04 16:07:00,12.343091334894613
21314,SMALL GLASS HEART TRINKET POT,10519,22875.350000000002,1039,102,10,2.1,2009-12-07 12:32:00,2011-12-02 16:39:00,10.124157844080846
21506,"FANCY FONT BIRTHDAY CARD,",10516,4393.54,651,102,14,0.42,2009-12-07 11:46:00,2011-12-04 15:18:00,16.153609831029186
15056N,EDWARDIAN PARASOL NATURAL,10509,55157.28,1009,102,13,5.95,2009-12-07 08:13:00,2011-12-04 14:55:00,10.415262636273539
84997D,PINK 3 PIECE MINI DOTS CUTLERY SET,10484,39199.57,1050,97,27,3.75,2009-12-07 12:26:00,2011-12-04 15:19:00,9.984761904761905
17084R,ASSORTED INCENSE PACK,10481,1938.21,64,45,3,0.21,2009-12-08 12:54:00,2011-11-06 14:08:00,163.765625
22112,CHOCOLATE HOT WATER BOTTLE,10448,54493.79,1634,102,16,4.95,2009-12-07 12:08:00,2011-12-04 15:00:00,6.394124847001224
22741,FUNKY DIVA PEN,10387,8928.279999999999,282,60,10,0.85,2010-09-30 14:46:00,2011-12-04 15:00:00,36.833333333333336
21669,BLUE STRIPE CERAMIC DRAWER KNOB,10386,13594.26,791,90,14,1.25,2009-12-07 13:35:00,2011-12-04 15:38:00,13.130214917825537
21967,PACK OF 12 SKULL TISSUES,10372,3063.5599999999995,464,91,13,0.29,2009-12-07 17:56:00,2011-12-01 16:22:00,22.353448275862068
20676,RED RETROSPOT BOWL,10344,12932.050000000001,945,102,22,1.25,2009-12-07 08:53:00,2011-12-02 16:39:00,10.946031746031746
21136,PAINTED METAL PEARS ASSORTED,10341,17129.36,725,101,12,1.69,2009-12-07 11:20:00,2011-12-04 11:50:00,14.26344827586207
22557,PLASTERS IN TIN VINTAGE PAISLEY,10278,17226.55,1109,88,29,1.65,2010-03-25 13:16:00,2011-12-04 14:55:00,9.2678088367899
22666,RECIPE BOX PANTRY YELLOW DESIGN,10270,32186.780000000002,1630,73,23,2.95,2010-07-09 17:17:00,2011-12-04 14:01:00,6.300613496932515
21668,RED STRIPE CERAMIC DRAWER KNOB,10203,13682.59,805,95,12,1.25,2009-12-07 17:56:00,2011-12-04 14:51:00,12.674534161490683
84380,SET OF 3 BUTTERFLY COOKIE CUTTERS,10183,13732.37,1081,102,16,1.25,2009-12-07 17:56:00,2011-12-04 11:45:00,9.419981498612396
15034,PAPER POCKET TRAVELING FAN,10148,1413.4900000000002,251,90,10,0.14,2009-12-07 17:56:00,2011-11-30 15:13:00,40.430278884462155
22444,GROW YOUR OWN PLANT IN A CAN,10132,13856.6,453,54,17,1.25,2010-03-23 11:41:00,2011-05-19 10:47:00,22.36644591611479
22139,RETROSPOT TEA SET CERAMIC 11 PC,10123,50273.630000000005,1997,99,27,4.95,2009-12-07 08:53:00,2011-12-04 16:07:00,5.069103655483225
22632,HAND WARMER RED RETROSPOT,10087,20099.820000000003,752,31,9,2.1,2010-09-20 15:33:00,2011-12-04 13:54:00,13.413563829787234
48138,DOORMAT UNION FLAG,10022,66554.66,1650,101,12,7.49,2009-12-15 11:56:00,2011-12-04 11:55:00,6.073939393939394
22188,BLACK HEART CARD HOLDER,10011,27274.170000000002,558,96,7,3.95,2009-12-14 17:57:00,2011-12-02 17:06:00,17.940860215053764
84029E,RED WOOLLY HOTTIE WHITE HEART.,10005,40770.85,1085,95,10,3.75,2009-12-07 09:42:00,2011-12-04 14:51:00,9.221198156682028
22530,MAGIC DRAWING SLATE DOLLY GIRL,9989,4225.17,462,86,15,0.42,2010-03-28 13:10:00,2011-11-30 17:37:00,21.62121212121212
16046,TEATIME PEN CASE & PENS,9959,1204.41,57,41,2,0.85,2009-12-07 18:02:00,2011-11-28 11:26:00,174.71929824561403
22333,RETROSPOT PARTY BAG + STICKER SET,9949,15506.0,683,101,22,1.65,2009-12-07 10:41:00,2011-11-28 13:56:00,14.566617862371888
23077,DOUGHNUT LIP GLOSS,9930,13108.47,327,37,15,1.25,2011-03-24 08:44:00,2011-12-04 13:45:00,30.36697247706422
21124,SET/10 BLUE SPOTTY PARTY CANDLES,9927,12042.65,612,100,21,1.25,2009-12-07 15:42:00,2011-12-02 13:35:00,16.220588235294116
22652,TRAVEL SEWING KIT,9910,16794.05,830,70,26,1.65,2010-07-18 12:20:00,2011-11-15 16:38:00,11.939759036144578
22662,LUNCH BAG DOLLY GIRL DESIGN,9898,16118.72,985,71,17,1.65,2010-07-19 12:22:00,2011-12-04 13:59:00,10.048730964467005
16161U,WRAP SUKI AND FRIENDS,9876,4021.92,312,96,13,0.42,2009-12-08 12:46:00,2011-12-02 16:34:00,31.653846153846153
21673,WHITE SPOT BLUE CERAMIC DRAWER KNOB,9854,12998.55,748,102,14,1.25,2009-12-07 13:35:00,2011-12-02 10:07:00,13.17379679144385
16237,SLEEPING CAT ERASERS,9824,2114.06,555,101,7,0.21,2009-12-07 13:32:00,2011-12-04 13:15:00,17.7009009009009
20973,12 PENCIL SMALL TUBE WOODLAND,9720,6661.8,635,79,14,0.65,2010-03-17 12:19:00,2011-12-04 13:59:00,15.307086614173228
22734,SET OF 6 RIBBONS VINTAGE CHRISTMAS,9687,26413.7,739,43,17,2.89,2010-09-16 11:40:00,2011-12-04 13:32:00,13.108254397834912
22219,LOVEBIRD HANGING DECORATION WHITE,9641,9150.48,1134,101,13,0.85,2009-12-07 11:46:00,2011-12-04 13:15:00,8.501763668430335
22959,WRAP CHRISTMAS VILLAGE,9613,3929.46,279,32,12,0.42,2010-09-06 17:13:00,2011-12-04 13:32:00,34.45519713261649
84050,PINK HEART SHAPE EGG FRYING PAN,9589,14145.0,703,95,19,1.65,2009-12-07 09:18:00,2011-11-01 10:30:00,13.640113798008535
20685,DOORMAT RED RETROSPOT,9569,64950.27,1670,101,18,7.95,2009-12-07 10:33:00,2011-12-04 12:52:00,5.729940119760479
62018,SOMBRERO,9558,12433.3,125,70,5,1.95,2009-12-11 12:58:00,2011-12-04 11:56:00,76.464
22296,HEART IVORY TRELLIS LARGE,9546,15731.989999999998,811,91,10,1.65,2009-12-08 10:02:00,2011-12-04 14:01:00,11.770653514180024
22697,GREEN REGENCY TEACUP AND SAUCER,9541,29611.23,1330,68,21,2.95,2010-08-11 15:46:00,2011-12-04 15:18:00,7.173684210526316
21908,CHOCOLATE THIS WAY METAL SIGN,9535,18782.2,948,102,16,2.1,2009-12-07 13:45:00,2011-12-04 13:32:00,10.058016877637131
23344,JUMBO BAG 50'S CHRISTMAS,9526,22185.100000000002,671,25,12,2.08,2011-06-15 13:25:00,2011-12-04 16:07:00,14.19672131147541
82484,WOOD BLACK BOARD ANT WHITE FINISH,9506,54876.7,1155,86,15,6.75,2010-04-11 10:30:00,2011-12-04 15:19:00,8.23030303030303
21174,POTTERING IN THE SHED METAL SIGN,9438,18997.829999999998,1094,102,5,2.08,2009-12-07 18:02:00,2011-12-04 15:19:00,8.627056672760512
22759,SET OF 3 NOTEBOOKS IN PARCEL,9380,15866.559999999998,795,69,20,1.65,2010-08-08 12:43:00,2011-11-30 11:08:00,11.79874213836478
22130,PARTY CONE CHRISTMAS DECORATION,9338,10628.66,396,62,12,0.85,2009-12-07 15:28:00,2011-12-02 12:52:00,23.58080808080808
22791,T-LIGHT GLASS FLUTED ANTIQUE,9248,11442.36,419,52,8,1.25,2010-10-22 11:41:00,2011-12-04 15:00:00,22.071599045346062
22381,TOY TIDY PINK POLKADOT,9247,19563.01,1093,97,19,2.1,2010-01-24 13:46:00,2011-12-04 16:07:00,8.460201280878316
21165,BEWARE OF THE CAT METAL SIGN,9236,14922.64,944,98,16,1.69,2009-12-07 13:45:00,2011-12-04 11:45:00,9.783898305084746
16045,POPART WOODEN PENCILS ASST,9212,425.44,73,35,4,0.04,2010-01-07 14:20:00,2011-12-04 13:59:00,126.1917808219178
21238,RED RETROSPOT CUP,9196,7920.83,877,102,20,0.85,2009-12-07 13:57:00,2011-12-04 14:51:00,10.485746864310148
21671,RED SPOT CERAMIC DRAWER KNOB,9185,11954.45,708,89,15,1.25,2009-12-07 17:56:00,2011-11-30 11:18:00,12.97316384180791
84997B,RED 3 PIECE MINI DOTS CUTLERY SET,9136,34016.44,994,102,23,3.75,2009-12-07 12:26:00,2011-12-04 15:19:00,9.191146881287727
22111,SCOTTIE DOG HOT WATER BOTTLE,9131,46452.05,1596,99,16,4.95,2009-12-07 10:48:00,2011-12-04 14:55:00,5.721177944862156
22536,MAGIC DRAWING SLATE PURDEY,9041,3565.24,361,83,10,0.42,2010-03-28 13:31:00,2011-12-02 12:59:00,25.04432132963989
47591D,PINK FAIRY CAKE CHILDRENS APRON,9017,16749.77,1105,98,23,1.95,2009-12-07 09:42:00,2011-12-04 11:45:00,8.160180995475113
22988,SOLDIERS EGG CUP,8961,10768.89,430,45,4,1.25,2010-11-23 12:57:00,2011-12-02 16:39:00,20.83953488372093
22138,BAKING SET 9 PIECE RETROSPOT,8954,43782.880000000005,1826,97,29,4.95,2009-12-07 09:42:00,2011-12-04 13:55:00,4.903614457831325
21156,RETROSPOT CHILDRENS APRON,8919,16575.22,900,101,23,1.95,2009-12-07 08:53:00,2011-12-04 16:07:00,9.91
22158,3 HEARTS HANGING DECORATION RUSTIC,8882,28902.99,706,72,7,2.95,2009-12-14 17:16:00,2011-12-04 15:00:00,12.580736543909348
85160A,WHITE BIRD GARDEN DESIGN MUG,8816,1493.75,32,23,2,1.25,2009-12-10 09:49:00,2011-01-25 17:10:00,275.5
M,Manual,8816,338793.72000000003,776,102,21,2.95,2009-12-08 09:49:00,2011-12-01 13:08:00,11.360824742268042
21868,POTTING SHED TEA MUG,8803,10822.78,849,92,6,1.25,2009-12-07 08:13:00,2011-12-02 16:39:00,10.36866902237927
22960,JAM MAKING SET WITH JARS,8801,37310.57,1132,53,26,4.25,2010-11-28 12:38:00,2011-12-04 14:55:00,7.774734982332156
22544,MINI JIGSAW SPACEBOY,8787,3632.83,323,85,16,0.42,2010-03-25 16:25:00,2011-12-02 16:39:00,27.204334365325078
21670,BLUE SPOT CERAMIC DRAWER KNOB,8746,11935.25,755,98,11,1.25,2009-12-07 17:56:00,2011-12-01 16:22:00,11.584105960264901
21169,YOU'RE CONFUSING ME METAL SIGN,8728,14035.85,756,82,9,1.69,2009-12-08 15:49:00,2011-12-04 12:48:00,11.544973544973544
22084,PAPER CHAIN KIT EMPIRE,8684,24828.510000000002,799,89,6,2.95,2009-12-07 13:24:00,2011-09-26 13:57:00,10.868585732165206
84997C,BLUE 3 PIECE MINI DOTS CUTLERY SET,8664,32223.32,926,100,27,3.75,2009-12-07 12:26:00,2011-12-01 18:03:00,9.356371490280777
21509,COWBOYS AND INDIANS BIRTHDAY CARD,8571,3532.67,616,101,11,0.42,2009-12-07 17:56:00,2011-12-04 13:32:00,13.91396103896104
22907,PACK OF 20 NAPKINS PANTRY DESIGN,8554,7173.07,819,63,19,0.85,2010-09-16 13:06:00,2011-12-04 12:44:00,10.444444444444445
22704,WRAP RED APPLES,8553,3512.26,290,78,14,0.42,2010-05-27 16:54:00,2011-12-04 16:07:00,29.49310344827586
10002,INFLATABLE POLITICAL GLOBE,8531,6823.26,352,69,12,0.85,2009-12-07 16:40:00,2011-04-18 12:56:00,24.235795454545453
22440,BALLOON WATER BOMB PACK OF 35,8503,3391.01,290,77,7,0.42,2010-04-11 12:37:00,2011-12-01 13:08:00,29.320689655172412
22621,TRADITIONAL KNITTING NANCY,8489,13338.909999999998,848,79,16,1.65,2010-05-06 18:01:00,2011-12-02 16:39:00,10.01061320754717
21989,PACK OF 20 SKULL PAPER NAPKINS,8427,6678.139999999999,639,99,17,0.85,2009-12-08 16:09:00,2011-12-04 11:45:00,13.187793427230046
15056BL,EDWARDIAN PARASOL BLACK,8406,42922.82,827,102,14,5.95,2009-12-07 08:13:00,2011-12-02 13:21:00,10.164449818621524
22087,PAPER BUNTING WHITE LACE,8389,25129.22,837,73,13,2.95,2009-12-07 12:19:00,2011-11-24 09:21:00,10.022700119474313
22646,CERAMIC STRAWBERRY CAKE MONEY BANK,8377,12427.43,862,81,16,1.45,2010-05-14 15:41:00,2011-12-04 14:15:00,9.718097447795824
23298,SPOTTY BUNTING,8370,42602.9,1124,31,16,4.95,2011-05-04 13:57:00,2011-12-04 13:59:00,7.44661921708185
22950,36 DOILIES VINTAGE CHRISTMAS,8333,11452.64,352,31,12,1.45,2010-09-19 13:02:00,2011-11-07 11:33:00,23.673295454545453
85184D,S/4 BLUE ROUND DECOUPAGE BOXES,8306,4519.67,63,32,8,2.95,2009-12-07 13:32:00,2010-09-27 16:30:00,131.84126984126985
22727,ALARM CLOCK BAKELIKE RED,8297,33326.38,1326,62,22,3.75,2010-09-24 10:29:00,2011-12-04 14:51:00,6.257164404223228
82581,TOILET METAL SIGN,8288,4585.85,900,102,11,0.55,2009-12-07 10:33:00,2011-12-04 13:59:00,9.20888888888889
22633,HAND WARMER UNION JACK,8277,17012.120000000003,824,34,7,2.1,2010-10-07 09:12:00,2011-12-04 13:59:00,10.044902912621358
23232,WRAP VINTAGE LEAF DESIGN,8276,3331.92,231,44,8,0.42,2011-01-17 12:31:00,2011-11-30 10:18:00,35.82683982683983
23301,GARDENERS KNEELING PAD KEEP CALM,8258,14996.46,867,30,9,1.65,2011-05-15 11:43:00,2011-12-04 15:19:00,9.52479815455594
85150,LADIES & GENTLEMEN METAL SIGN,8189,19761.92,1073,87,12,2.55,2009-12-07 12:18:00,2011-12-04 15:19:00,7.631873252562908
22295,HEART FILIGREE DOVE LARGE,8187,13493.679999999998,681,92,9,1.65,2009-12-07 13:06:00,2011-12-04 12:52:00,12.022026431718063
35970,ZINC FOLKART SLEIGH BELLS,8171,14591.18,666,74,11,1.69,2010-03-19 13:41:00,2011-12-04 14:55:00,12.26876876876877
21559,STRAWBERRY LUNCH BOX WITH CUTLERY,8145,20081.94,1196,102,18,2.55,2009-12-07 13:24:00,2011-12-04 12:32:00,6.8102006688963215
84988,SET OF 72 PINK HEART PAPER DOILIES,8145,12663.689999999999,1000,102,20,1.45,2009-12-07 17:56:00,2011-12-04 14:55:00,8.145
21900,"KEY FOB , SHED",8133,5382.68,812,101,5,0.65,2009-12-07 12:08:00,2011-12-02 16:39:00,10.016009852216749
21098,CHRISTMAS TOILET ROLL,8116,12403.41,563,55,11,1.25,2009-12-07 17:56:00,2011-12-04 13:20:00,14.41563055062167
22661,CHARLOTTE BAG DOLLY GIRL DESIGN,8116,6546.78,622,71,15,0.85,2010-07-19 12:22:00,2011-12-02 16:39:00,13.04823151125402
22065,CHRISTMAS PUDDING TRINKET POT,8104,5892.62,428,58,10,1.45,2009-12-07 11:47:00,2011-12-04 13:59:00,18.934579439252335
16162L,THE KING GIFT BAG,8101,570.4300000000001,30,25,2,0.65,2009-12-09 12:45:00,2011-09-13 11:14:00,270.03333333333336
22531,MAGIC DRAWING SLATE CIRCUS PARADE,8087,3487.18,404,86,14,0.42,2010-03-31 11:58:00,2011-12-02 12:59:00,20.01732673267327
22620,4 TRADITIONAL SPINNING TOPS,8081,10896.13,823,82,21,1.45,2010-05-09 16:10:00,2011-12-04 13:32:00,9.818955042527339
21507,"ELEPHANT, BIRTHDAY CARD,",8048,3379.0099999999998,567,102,14,0.42,2009-12-07 08:53:00,2011-12-02 16:39:00,14.19400352733686
23293,SET OF 12 FAIRY CAKE BAKING CASES,8029,6601.94,527,21,18,0.83,2011-07-12 15:56:00,2011-12-04 15:18:00,15.235294117647058
22698,PINK REGENCY TEACUP AND SAUCER,8010,23732.93,1012,62,18,2.95,2010-08-11 15:46:00,2011-12-04 15:18:00,7.91501976284585
22966,GINGERBREAD MAN COOKIE CUTTER,8010,9840.97,704,51,14,1.25,2010-11-09 12:39:00,2011-12-04 16:07:00,11.377840909090908
84987,SET OF 36 TEATIME PAPER DOILIES,8007,11674.199999999999,798,102,18,1.45,2009-12-07 13:49:00,2011-12-04 12:44:00,10.033834586466165
21154,RED RETROSPOT OVEN GLOVE,7984,11526.39,876,102,16,1.25,2009-12-07 15:26:00,2011-12-04 14:51:00,9.114155251141552
22367,CHILDRENS APRON SPACEBOY DESIGN,7965,15536.619999999999,1131,99,23,1.95,2010-01-10 11:08:00,2011-12-04 12:44:00,7.042440318302387
23076,ICE CREAM SUNDAE LIP GLOSS,7952,9775.92,270,36,16,1.25,2011-03-24 09:44:00,2011-12-04 13:59:00,29.451851851851853
21481,FAWN BLUE HOT WATER BOTTLE,7947,24786.81,993,98,17,2.95,2009-12-07 10:41:00,2011-12-04 12:44:00,8.003021148036254
22335,HEART DECORATION PAINTED ZINC,7894,5182.58,488,100,9,0.65,2009-12-07 12:32:00,2011-12-04 13:15:00,16.17622950819672
23230,WRAP ALPHABET DESIGN,7876,3175.92,232,46,12,0.42,2011-01-13 11:48:00,2011-11-30 16:43:00,33.94827586206897
22047,EMPIRE GIFT WRAP,7875,3209.5,253,88,6,0.42,2009-12-07 15:42:00,2011-11-28 08:48:00,31.126482213438734
21917,SET 12 KIDS  WHITE CHALK STICKS,7820,3244.0099999999998,454,97,15,0.42,2009-12-07 12:19:00,2011-12-04 13:59:00,17.22466960352423
21988,PACK OF 6 SKULL PAPER PLATES,7801,5795.5199999999995,411,99,16,0.85,2009-12-07 15:28:00,2011-11-28 13:26:00,18.980535279805352
20979,36 PENCILS TUBE RED RETROSPOT,7778,9789.2,675,101,19,1.25,2009-12-07 11:35:00,2011-12-02 16:39:00,11.522962962962962
21936,RED RETROSPOT PICNIC BAG,7760,22573.48,1032,101,21,2.95,2009-12-07 18:02:00,2011-12-04 16:02:00,7.51937984496124
23207,LUNCH BAG ALPHABET DESIGN,7748,13173.71,724,34,13,1.65,2011-04-11 16:47:00,2011-12-04 15:19:00,10.701657458563536
21892,TRADITIONAL WOODEN CATCH CUP GAME,7720,9968.4,792,100,15,1.25,2009-12-07 13:57:00,2011-12-04 13:45:00,9.747474747474747
22553,PLASTERS IN TIN SKULLS,7712,12854.889999999998,1073,88,23,1.65,2010-03-25 13:16:00,2011-12-04 13:59:00,7.187325256290774
23204,CHARLOTTE BAG APPLES DESIGN,7699,7424.22,566,34,11,0.85,2011-04-11 16:47:00,2011-12-04 16:07:00,13.602473498233216
22243,5 HOOK HANGER RED MAGIC TOADSTOOL,7678,11860.249999999998,388,80,17,1.65,2009-12-13 12:36:00,2011-11-30 11:31:00,19.788659793814432
48194,DOORMAT HEARTS,7676,48327.88,1324,102,14,7.95,2009-12-07 11:35:00,2011-12-04 10:11:00,5.7975830815709966
22945,CHRISTMAS METAL TAGS ASSORTED,7629,7344.099999999999,336,44,12,0.85,2010-09-19 11:25:00,2011-12-02 16:39:00,22.705357142857142
21830,ASSORTED CREEPY CRAWLIES,7610,3165.44,254,90,4,0.42,2009-12-07 16:40:00,2011-11-23 13:39:00,29.96062992125984
23309,SET OF 60 I LOVE LONDON CAKE CASES,7594,4170.4,389,27,8,0.55,2011-06-02 15:13:00,2011-12-04 15:19:00,19.52185089974293
20677,PINK POLKADOT BOWL,7546,9525.24,740,102,22,1.25,2009-12-07 17:56:00,2011-12-02 16:07:00,10.197297297297297
21392,RED SPOTTY PUDDING BOWL,7539,1465.53,47,35,8,2.1,2009-12-16 11:43:00,2011-03-17 19:01:00,160.40425531914894
21172,PARTY METAL SIGN,7538,11163.65,947,95,11,1.45,2009-12-07 13:45:00,2011-12-04 13:32:00,7.95987328405491
22150,3 STRIPEY MICE FELTCRAFT,7537,13934.16,895,101,12,1.95,2009-12-07 10:42:00,2011-12-04 15:54:00,8.42122905027933
21240,BLUE POLKADOT CUP,7515,6478.86,758,102,21,0.85,2009-12-09 12:30:00,2011-12-02 14:26:00,9.914248021108179
22771,CLEAR DRAWER KNOB ACRYLIC EDWARDIAN,7450,10081.39,507,59,11,1.25,2010-10-17 11:23:00,2011-12-04 12:32:00,14.694280078895464
84375,SET OF 20 KIDS COOKIE CUTTERS,7432,15375.720000000001,767,94,17,2.1,2009-12-07 12:19:00,2011-12-04 14:55:00,9.689700130378096
22726,ALARM CLOCK BAKELIKE GREEN,7426,31457.079999999998,1241,58,17,3.75,2010-09-24 10:29:00,2011-12-04 14:51:00,5.983883964544722
21754,HOME BUILDING BLOCK WORD,7407,45304.39,2019,102,16,5.95,2009-12-07 10:33:00,2011-12-04 11:56:00,3.6686478454680533
22491,PACK OF 12 COLOURED PENCILS,7399,5929.599999999999,388,82,15,0.85,2010-05-06 10:28:00,2011-12-02 12:24:00,19.06958762886598
22464,HANGING METAL HEART LANTERN,7380,12580.739999999998,757,91,10,1.65,2010-03-04 14:50:00,2011-12-04 12:31:00,9.749009247027741
22720,SET OF 3 CAKE TINS PANTRY DESIGN,7352,37232.200000000004,1358,49,22,4.95,2010-12-13 15:13:00,2011-12-02 16:39:00,5.4138438880706925
21786,POLKADOT RAIN HAT,7331,2973.17,434,97,9,0.79,2009-12-07 17:56:00,2011-12-04 12:44:00,16.891705069124423
84520B,PACK 20 ENGLISH ROSE PAPER NAPKINS,7326,6264.67,712,63,13,0.85,2009-12-08 11:07:00,2011-03-03 16:22:00,10.289325842696629
21485,RETROSPOT HEART HOT WATER BOTTLE,7316,35672.47,1311,98,18,4.95,2009-12-07 10:41:00,2011-12-04 13:54:00,5.58047292143402
21519,GIN & TONIC DIET GREETING CARD,7280,3116.28,543,98,14,0.42,2009-12-07 13:17:00,2011-11-24 10:42:00,13.406998158379373
21239,PINK  POLKADOT CUP,7269,6346.09,735,102,21,0.85,2009-12-07 17:56:00,2011-12-02 14:26:00,9.889795918367346
48187,DOORMAT NEW ENGLAND,7210,45668.56,1243,95,13,7.95,2009-12-07 10:33:00,2011-12-04 15:35:00,5.80048270313757
82582,AREA PATROLLED METAL SIGN,7206,14562.02,766,95,8,2.1,2009-12-07 12:18:00,2011-12-04 13:00:00,9.407310704960835
21078,SET/20 STRAWBERRY PAPER NAPKINS,7198,6170.2,739,94,14,0.85,2009-12-07 18:02:00,2011-10-13 14:33:00,9.740189445196211
21082,SET/20 FRUIT SALAD PAPER NAPKINS,7171,1950.25,162,64,6,0.85,2009-12-10 13:59:00,2011-06-28 15:44:00,44.26543209876543
22710,WRAP I LOVE LONDON,7159,2810.78,172,70,10,0.42,2010-05-27 09:17:00,2011-12-04 13:32:00,41.622093023255815
22579,WOODEN TREE CHRISTMAS SCANDINAVIAN,7152,3797.2799999999997,553,43,11,0.85,2010-07-18 11:31:00,2011-11-28 15:54:00,12.933092224231464
22273,FELTCRAFT DOLL MOLLY,7143,19522.23,774,101,16,2.95,2009-12-07 12:19:00,2011-12-04 15:13:00,9.228682170542635
22041,"RECORD FRAME 7"" SINGLE SIZE",7126,17673.59,541,99,5,2.55,2009-12-10 09:49:00,2011-12-02 16:39:00,13.171903881700555
23231,WRAP DOILEY DESIGN,7102,2934.84,254,47,19,0.42,2011-01-12 15:06:00,2011-12-01 10:20:00,27.96062992125984
22198,LARGE POPCORN HOLDER,7102,12397.119999999999,636,59,12,1.65,2009-12-07 10:41:00,2011-02-21 11:35:00,11.166666666666666
20991,JAZZ HEARTS MAGNETIC MEMO PAD,7074,872.21,28,8,4,0.65,2009-12-07 17:56:00,2010-02-19 10:54:00,252.64285714285714
22609,PENS ASSORTED SPACEBALL,7042,2393.0299999999997,197,63,6,0.21,2010-02-23 14:16:00,2011-12-02 16:34:00,35.746192893401016
22712,CARD DOLLY GIRL,7041,2907.88,501,68,18,0.42,2010-05-28 13:23:00,2011-12-02 10:41:00,14.053892215568862
84406B,CREAM CUPID HEARTS COAT HANGER,7030,22748.920000000002,826,100,11,3.25,2009-12-07 11:46:00,2011-12-04 11:56:00,8.51089588377724
23200,JUMBO BAG PEARS,7022,14076.91,583,31,13,2.08,2011-05-06 15:40:00,2011-12-04 13:59:00,12.04459691252144
37370,RETRO COFFEE MUGS ASSORTED,7004,10597.800000000001,481,84,13,1.25,2009-12-07 18:02:00,2011-11-22 12:24:00,14.56133056133056
22082,RIBBON REEL STRIPES DESIGN,6978,11720.74,928,102,12,1.65,2009-12-07 12:19:00,2011-12-01 16:22:00,7.519396551724138
21974,SET OF 36 PAISLEY FLOWER DOILIES,6973,10497.869999999999,795,102,18,1.45,2009-12-07 17:56:00,2011-12-04 12:44:00,8.771069182389937
22352,LUNCH BOX WITH CUTLERY RETROSPOT,6895,17336.29,1085,102,16,2.55,2009-12-07 08:13:00,2011-12-02 10:47:00,6.354838709677419
82552,WASHROOM METAL SIGN,6893,9438.77,779,98,8,1.45,2009-12-07 15:43:00,2011-12-02 17:12:00,8.848523748395378
21242,RED RETROSPOT PLATE,6883,11579.07,641,101,21,1.69,2009-12-07 13:57:00,2011-12-02 10:21:00,10.737909516380656
22488,NATURAL SLATE RECTANGLE CHALKBOARD,6869,11717.179999999998,797,91,11,1.65,2010-03-05 11:31:00,2011-12-01 11:53:00,8.618569636135508
22154,ANGEL DECORATION 3 BUTTONS,6861,2960.83,299,55,5,0.42,2009-12-07 16:38:00,2011-12-02 14:26:00,22.94648829431438
21935,SUKI  SHOULDER BAG,6846,12536.88,889,102,16,1.65,2009-12-07 15:26:00,2011-12-04 12:32:00,7.700787401574803
47503E,ASS FLORAL PRINT SCISSORS,6842,1186.9,25,16,5,1.25,2009-12-08 13:59:00,2010-09-28 15:28:00,273.68
22834,HAND WARMER BABUSHKA DESIGN,6840,11151.02,583,47,8,2.1,2010-09-12 14:34:00,2011-12-04 14:51:00,11.732418524871354
21621,VINTAGE UNION JACK BUNTING,6821,59606.409999999996,1265,100,10,8.5,2009-12-07 08:53:00,2011-12-04 13:20:00,5.3920948616600795
23078,ICE CREAM PEN LIP GLOSS,6802,8511.04,253,37,12,1.25,2011-03-24 10:40:00,2011-12-02 16:39:00,26.885375494071145
21523,DOORMAT FANCY FONT HOME SWEET HOME,6758,45006.89,1083,100,12,7.95,2009-12-07 08:13:00,2011-12-04 13:32:00,6.2400738688827335
48185,DOORMAT FAIRY CAKE,6753,45206.25,961,102,14,7.95,2009-12-07 08:24:00,2011-12-04 11:45:00,7.027055150884495
23170,REGENCY TEA PLATE ROSES,6749,10889.289999999999,432,30,15,1.65,2011-05-10 10:34:00,2011-12-04 13:00:00,15.622685185185185
22037,ROBOT BIRTHDAY CARD,6720,2899.93,616,92,13,0.42,2009-12-07 12:19:00,2011-12-04 15:18:00,10.909090909090908
22419,LIPSTICK PEN RED,6698,3148.0299999999997,496,81,11,0.42,2010-05-07 09:04:00,2011-12-04 14:55:00,13.504032258064516
21875,KINGS CHOICE MUG,6688,7697.4400000000005,393,97,5,1.25,2009-12-07 15:02:00,2011-12-04 11:24:00,17.017811704834607
21535,RED RETROSPOT SMALL MILK JUG,6688,16591.64,1088,101,14,2.55,2009-12-07 10:46:00,2011-12-04 11:24:00,6.147058823529412
22161,HEART DECORATION RUSTIC HANGING,6655,2720.4700000000003,485,91,9,0.79,2009-12-07 18:02:00,2011-12-01 12:01:00,13.721649484536082
22816,CARD MOTORBIKE SANTA,6644,2861.89,418,38,12,0.42,2010-09-16 13:06:00,2011-12-04 13:59:00,15.894736842105264
22983,CARD BILLBOARD FONT,6617,2808.33,541,63,15,0.42,2010-09-14 17:50:00,2011-12-02 14:26:00,12.231053604436228
21508,VINTAGE KID DOLLY CARD,6617,2765.78,531,100,15,0.42,2009-12-07 08:53:00,2011-12-02 16:39:00,12.461393596986817
21313,GLASS HEART T-LIGHT HOLDER,6574,5648.42,401,95,5,0.85,2009-12-07 18:02:00,2011-12-04 14:45:00,16.394014962593516
21155,RED RETROSPOT PEG BAG,6570,16069.55,951,92,12,2.55,2009-12-07 15:26:00,2011-12-04 12:52:00,6.908517350157728
21810,CHRISTMAS HANGING STAR WITH BELL,6562,4117.34,318,41,6,0.83,2009-12-08 12:51:00,2011-12-04 14:55:00,20.635220125786162
21899,"KEY FOB , GARAGE DESIGN",6555,4232.83,606,101,6,0.65,2009-12-07 12:08:00,2011-12-02 13:38:00,10.816831683168317
51014A,"FEATHER PEN,HOT PINK",6522,4466.7,361,91,11,0.83,2009-12-07 13:35:00,2011-12-04 14:15:00,18.066481994459835
23300,GARDENERS KNEELING PAD CUP OF TEA,6497,11182.15,719,30,6,1.65,2011-05-15 11:43:00,2011-12-04 15:19:00,9.03616133518776
84832,ZINC WILLIE WINKIE  CANDLE STICK,6457,5813.37,603,102,15,0.85,2009-12-07 13:17:00,2011-12-04 14:55:00,10.708126036484245
22437,SET OF 9 BLACK SKULL BALLOONS,6447,5400.24,438,85,15,0.85,2010-04-07 16:22:00,2011-12-04 11:45:00,14.719178082191782
21987,PACK OF 6 SKULL PAPER CUPS,6364,3951.65,378,98,15,0.65,2009-12-07 15:28:00,2011-11-28 13:26:00,16.835978835978835
22549,PICTURE DOMINOES,6347,9450.06,694,88,18,1.45,2010-03-25 13:41:00,2011-12-04 14:55:00,9.145533141210375
84971S,SMALL HEART FLOWERS HOOK,6342,5394.389999999999,445,101,8,0.85,2009-12-08 13:08:00,2011-12-02 13:21:00,14.251685393258427
22196,SMALL HEART MEASURING SPOONS,6336,5882.4,942,102,16,0.85,2009-12-07 12:26:00,2011-12-04 14:55:00,6.726114649681529
84029G,KNITTED UNION FLAG HOT WATER BOTTLE,6303,27305.79,953,99,10,3.75,2009-12-07 13:52:00,2011-12-04 14:51:00,6.6138509968520465
22602,CHRISTMAS RETROSPOT HEART WOOD,6297,5339.37,525,71,16,0.85,2010-07-16 15:26:00,2011-12-04 12:52:00,11.994285714285715
20675,BLUE POLKADOT BOWL,6296,7859.150000000001,674,102,21,1.25,2009-12-09 09:42:00,2011-12-02 14:26:00,9.341246290801188
22028,PENNY FARTHING BIRTHDAY CARD,6265,2629.02,496,93,17,0.42,2009-12-08 12:05:00,2011-12-01 12:01:00,12.631048387096774
21811,HANGING HEART WITH BELL,6259,4473.29,372,76,8,1.25,2009-12-07 17:56:00,2011-11-23 12:45:00,16.8252688172043
20717,STRAWBERRY SHOPPER BAG,6253,7700.42,739,102,14,1.25,2009-12-07 11:20:00,2011-11-30 11:30:00,8.461434370771313
21874,GIN AND TONIC MUG,6251,8069.12,599,102,9,1.25,2009-12-07 15:42:00,2011-12-02 16:39:00,10.435726210350584
22046,TEA PARTY  WRAPPING PAPER,6250,2561.0,203,89,16,0.42,2009-12-10 11:27:00,2011-12-02 10:22:00,30.788177339901477
17096,ASSORTED LAQUERED INCENSE HOLDERS,6239,1116.66,75,52,2,0.42,2009-12-10 12:10:00,2011-07-19 15:30:00,83.18666666666667
20996,JAZZ HEARTS ADDRESS BOOK,6205,1664.21,325,88,5,0.42,2009-12-08 17:13:00,2011-12-04 13:59:00,19.092307692307692
22631,CIRCUS PARADE LUNCH BOX,6204,12094.51,651,75,19,1.95,2010-03-14 12:18:00,2011-12-04 14:51:00,9.52995391705069
16044,POP-ART FLUORESCENT PENS,6193,389.22,3,3,2,0.42,2010-01-07 14:20:00,2010-02-18 13:29:00,2064.3333333333335
85049E,SCANDINAVIAN REDS RIBBONS,6185,8264.97,805,100,11,1.25,2009-12-07 11:39:00,2011-12-04 15:35:00,7.683229813664596
22818,CARD CHRISTMAS VILLAGE,6185,2676.7599999999998,393,39,13,0.42,2010-09-16 13:06:00,2011-12-04 13:32:00,15.73791348600509
21429,RED GINGHAM ROSE JEWELLERY BOX,6176,10993.82,960,85,18,1.65,2009-12-07 10:41:00,2011-12-02 16:39:00,6.433333333333334
37423,WHITE WITH BLACK CATS PLATE,6159,833.68,67,38,2,1.66,2009-12-07 18:02:00,2011-03-18 11:30:00,91.92537313432835
23171,REGENCY TEA PLATE GREEN,6157,9863.89,369,30,14,1.65,2011-05-10 10:34:00,2011-12-04 15:18:00,16.685636856368564
23245,SET OF 3 REGENCY CAKE TINS,6156,29902.440000000002,844,26,24,4.95,2011-06-08 12:02:00,2011-12-04 15:18:00,7.293838862559242
85160B,BLACK BIRD GARDEN DESIGN MUG,6155,1032.7,36,27,2,1.25,2009-12-14 18:03:00,2011-11-13 16:22:00,170.97222222222223
22152,PLACE SETTING WHITE STAR,6135,2597.7599999999998,233,73,6,0.42,2009-12-07 18:12:00,2011-12-04 15:00:00,26.330472103004293
21623,VINTAGE UNION JACK MEMOBOARD,6102,44853.63,523,91,9,9.95,2010-02-28 15:58:00,2011-12-04 13:45:00,11.667304015296367
22728,ALARM CLOCK BAKELIKE PINK,6078,23713.72,951,62,17,3.75,2010-09-24 13:04:00,2011-12-04 13:59:00,6.391167192429022
84596B,SMALL DOLLY MIX DESIGN ORANGE BOWL,6076,3974.98,701,98,11,0.83,2009-12-07 17:18:00,2011-12-04 13:59:00,8.667617689015692
72232,FENG SHUI PILLAR CANDLE,6076,1154.44,116,63,2,0.19,2009-12-11 14:20:00,2011-11-30 14:05:00,52.37931034482759
21833,CAMOUFLAGE LED TORCH,6068,10362.2,420,95,8,1.69,2009-12-07 11:39:00,2011-12-02 16:39:00,14.447619047619048
20992,JAZZ HEARTS PURSE NOTEBOOK,6054,3173.58,420,95,6,0.7849999999999999,2009-12-07 18:02:00,2011-12-04 13:59:00,14.414285714285715
22713,CARD I LOVE LONDON,6045,2598.5099999999998,362,79,5,0.42,2010-05-27 20:11:00,2011-12-04 13:32:00,16.69889502762431
21901,"KEY FOB , BACK DOOR",6045,3977.1400000000003,668,101,4,0.65,2009-12-07 12:08:00,2011-12-02 16:38:00,9.04940119760479
22064,PINK DOUGHNUT TRINKET POT,6030,10077.96,657,101,16,1.65,2009-12-07 09:18:00,2011-12-04 11:55:00,9.178082191780822
22900,SET 2 TEA TOWELS I LOVE LONDON,6026,19375.7,704,62,11,3.25,2010-09-24 16:06:00,2011-12-02 16:39:00,8.559659090909092
23295,SET OF 12 MINI LOAF BAKING CASES,6025,4960.16,424,21,15,0.83,2011-07-12 15:56:00,2011-12-04 15:18:00,14.209905660377359
21870,I CAN ONLY PLEASE ONE PERSON MUG,6016,7526.3,616,76,6,1.25,2009-12-07 13:17:00,2011-08-24 09:36:00,9.766233766233766
21983,PACK OF 12 BLUE PAISLEY TISSUES,6008,1835.2399999999998,313,99,10,0.29,2009-12-08 15:49:00,2011-12-02 13:49:00,19.19488817891374
21843,RED RETROSPOT CAKE STAND,6001,63289.439999999995,1484,102,18,10.95,2009-12-07 10:33:00,2011-12-04 13:32:00,4.043800539083558
21700,BIG DOUGHNUT FRIDGE MAGNETS,6001,6729.009999999999,511,94,20,0.85,2009-12-07 10:41:00,2011-11-10 14:01:00,11.743639921722114
85049A,TRADITIONAL CHRISTMAS RIBBONS,5991,7882.99,638,83,11,1.25,2009-12-07 11:39:00,2011-12-04 15:00:00,9.390282131661442
23208,LUNCH BAG VINTAGE LEAF DESIGN,5988,9909.17,643,34,13,1.65,2011-04-12 09:49:00,2011-12-04 15:19:00,9.312597200622085
20983,12 PENCILS TALL TUBE RED RETROSPOT,5968,5195.09,613,101,15,0.85,2009-12-07 11:39:00,2011-12-01 13:08:00,9.735725938009788
22156,HEART DECORATION WITH PEARLS,5965,5362.46,565,102,5,0.85,2009-12-07 17:56:00,2011-12-04 12:32:00,10.557522123893806
47599A,PINK PARTY BAGS,5961,11167.97,368,89,17,2.1,2009-12-11 12:41:00,2011-12-02 16:04:00,16.19836956521739
21746,SMALL RED RETROSPOT WINDMILL,5925,7413.06,484,97,8,1.25,2009-12-09 09:42:00,2011-11-29 08:07:00,12.241735537190083
22227,HANGING HEART MIRROR DECORATION,5918,4269.17,630,102,5,0.65,2009-12-07 12:32:00,2011-12-04 12:31:00,9.393650793650794
22540,MINI JIGSAW CIRCUS PARADE,5911,2361.32,182,76,14,0.42,2010-03-28 15:11:00,2011-11-29 15:06:00,32.47802197802198
21135,VICTORIAN  METAL POSTCARD SPRING,5907,8435.42,397,101,13,1.69,2009-12-07 12:32:00,2011-12-04 13:00:00,14.879093198992443
85061W,WHITE JEWELLED HEART DECORATION,5904,5153.46,458,98,7,0.85,2009-12-07 12:32:00,2011-12-04 14:55:00,12.890829694323145
22722,SET OF 6 SPICE TINS PANTRY DESIGN,5902,24105.34,813,42,20,3.95,2010-11-11 13:24:00,2011-12-04 13:54:00,7.259532595325953
21544,SKULLS  WATER TRANSFER TATTOOS,5893,4894.389999999999,482,100,13,0.85,2009-12-07 13:48:00,2011-12-02 16:39:00,12.226141078838173
21164,HOME SWEET HOME METAL SIGN,5876,16310.730000000001,699,102,17,2.95,2009-12-08 12:48:00,2011-12-04 11:56:00,8.406294706723891
22537,MAGIC DRAWING SLATE DINOSAUR,5860,2420.4900000000002,349,83,10,0.42,2010-03-29 13:55:00,2011-12-02 13:54:00,16.79083094555874
20984,12 PENCILS TALL TUBE POSY,5853,1928.2099999999998,242,72,14,0.29,2009-12-07 11:39:00,2011-10-17 12:50:00,24.18595041322314
22528,GARDENERS KNEELING PAD,5824,7623.41,554,36,3,1.25,2010-03-26 13:03:00,2010-12-07 15:31:00,10.512635379061372
21035,SET/2 RED RETROSPOT TEA TOWELS,5823,18129.66,907,102,17,3.25,2009-12-07 17:56:00,2011-12-04 12:52:00,6.4200661521499445
22563,HAPPY STENCIL CRAFT,5799,6753.9400000000005,521,87,8,1.25,2010-03-24 13:15:00,2011-12-02 16:39:00,11.130518234165066
21479,WHITE SKULL HOT WATER BOTTLE,5786,28838.47,857,57,9,3.75,2009-12-07 09:42:00,2011-12-04 14:51:00,6.751458576429405
84950,ASSORTED COLOUR T-LIGHT HOLDER,5777,3998.27,267,86,8,0.72,2009-12-08 17:24:00,2011-12-02 14:25:00,21.636704119850187
47566B,TEA TIME PARTY BUNTING,5777,25691.89,753,88,13,4.65,2009-12-07 17:56:00,2011-12-04 13:20:00,7.671978751660027
20759,CHRYSANTHEMUM POCKET BOOK,5776,890.28,62,35,3,0.85,2009-12-17 11:43:00,2011-11-22 15:45:00,93.16129032258064
72351B,SET/6 PINK  BUTTERFLY T-LIGHTS,5748,11102.960000000001,492,99,5,2.1,2009-12-07 12:08:00,2011-12-04 10:51:00,11.682926829268293
47590B,PINK HAPPY BIRTHDAY BUNTING,5733,29331.27,869,99,23,5.45,2009-12-07 11:35:00,2011-12-02 16:04:00,6.5972382048331415
22663,JUMBO BAG DOLLY GIRL DESIGN,5726,11373.95,679,71,12,2.08,2010-07-19 12:22:00,2011-12-02 16:39:00,8.43298969072165
20756,GREEN FERN POCKET BOOK,5725,849.01,63,31,4,0.85,2009-12-07 11:35:00,2011-11-22 15:45:00,90.87301587301587
23308,SET OF 60 VINTAGE LEAF CAKE CASES,5712,3078.96,369,27,13,0.55,2011-06-05 14:06:00,2011-12-04 15:19:00,15.479674796747968
23205,CHARLOTTE BAG VINTAGE ALPHABET,5712,5534.2,449,34,10,0.85,2011-04-11 16:47:00,2011-12-04 14:51:00,12.721603563474387
22596,CHRISTMAS STAR WISH LIST CHALKBOARD,5705,6200.15,403,42,11,1.25,2010-07-16 15:26:00,2011-12-04 15:19:00,14.156327543424318
16235,RECYCLED PENCIL WITH RABBIT ERASER,5702,1302.19,298,91,6,0.21,2009-12-07 13:24:00,2011-12-04 13:45:00,19.13422818791946
22986,GINGHAM ROSE WRAP,5695,2347.9,201,61,15,0.42,2010-09-07 10:59:00,2011-11-27 11:22:00,28.333333333333332
85199S,SMALL HANGING IVORY/RED WOOD BIRD,5679,2607.09,463,99,7,0.42,2009-12-07 17:56:00,2011-12-02 16:39:00,12.265658747300217
22155,STAR DECORATION RUSTIC,5669,2539.75,317,59,4,0.42,2009-12-07 16:38:00,2011-12-04 15:00:00,17.883280757097793
21749,LARGE RED RETROSPOT WINDMILL,5657,10980.980000000001,286,90,8,2.1,2009-12-09 09:42:00,2011-11-29 16:33:00,19.77972027972028
22614,PACK OF 12 SPACEBOY TISSUES,5649,1917.6699999999998,358,77,13,0.29,2010-05-06 11:50:00,2011-12-01 16:22:00,15.779329608938548
22338,STAR DECORATION PAINTED ZINC,5637,1981.2200000000003,242,49,12,0.63,2009-12-07 18:02:00,2011-12-04 13:32:00,23.293388429752067
22570,FELTCRAFT CUSHION RABBIT,5631,20901.1,807,85,13,3.75,2010-03-10 09:30:00,2011-11-18 14:14:00,6.977695167286245
22571,ROCKING HORSE RED CHRISTMAS,5617,4977.97,498,49,17,0.85,2010-07-23 15:09:00,2011-12-04 12:32:00,11.279116465863455
82551,LAUNDRY 15C METAL SIGN,5609,8026.09,735,100,10,1.45,2009-12-07 11:05:00,2011-12-02 13:32:00,7.631292517006803
21114,LAVENDER SCENTED FABRIC HEART,5596,7218.64,485,98,13,1.25,2009-12-07 12:32:00,2011-12-04 13:55:00,11.538144329896907
22608,PENS ASSORTED FUNKY JEWELED,5596,1540.27,161,55,5,0.42,2010-02-26 09:47:00,2011-12-01 16:22:00,34.75776397515528
21878,PACK OF 6 SANDCASTLE FLAGS ASSORTED,5582,4580.74,399,81,7,0.85,2010-03-25 14:12:00,2011-12-02 16:39:00,13.989974937343359
21876,POTTERING MUG,5571,7124.7699999999995,600,101,3,1.25,2009-12-07 12:25:00,2011-12-04 11:24:00,9.285
22413,METAL SIGN TAKE IT OR LEAVE IT,5540,15772.840000000002,874,96,20,2.95,2010-01-29 13:52:00,2011-12-04 13:32:00,6.338672768878719
20760,GARDEN PATH POCKET BOOK,5538,1303.46,80,43,5,0.85,2009-12-07 15:15:00,2011-11-24 14:09:00,69.225
22567,20 DOLLY PEGS RETROSPOT,5534,6916.68,501,79,17,1.25,2010-03-26 13:13:00,2011-12-02 16:39:00,11.045908183632735
82578,KITCHEN METAL SIGN,5529,3087.94,690,100,11,0.55,2009-12-07 13:45:00,2011-12-02 17:12:00,8.013043478260869
23343,JUMBO BAG VINTAGE CHRISTMAS,5524,12766.1,449,25,11,2.08,2011-06-13 11:33:00,2011-12-04 16:08:00,12.302895322939866
22569,FELTCRAFT CUSHION BUTTERFLY,5521,20104.43,784,85,10,3.75,2010-03-10 09:30:00,2011-10-25 09:31:00,7.042091836734694
22113,GREY HEART HOT WATER BOTTLE,5507,21018.73,943,63,12,3.75,2009-12-07 11:39:00,2011-12-04 15:16:00,5.839872746553553
21755,LOVE BUILDING BLOCK WORD,5503,33975.36,1656,102,14,5.95,2009-12-07 12:08:00,2011-12-04 13:32:00,3.3230676328502415
22908,PACK OF 20 NAPKINS RED APPLES,5487,4431.93,480,61,14,0.85,2010-09-20 13:44:00,2011-12-04 13:59:00,11.43125
16259,PIECE OF CAMO STATIONERY SET,5473,766.09,55,37,4,0.21,2009-12-07 13:24:00,2011-11-13 11:55:00,99.50909090909092
21243,PINK  POLKADOT PLATE,5459,8995.33,489,99,19,1.69,2009-12-10 09:49:00,2011-12-04 14:51:00,11.16359918200409
22568,FELTCRAFT CUSHION OWL,5455,20154.97,872,90,10,3.75,2010-03-10 09:30:00,2011-11-28 15:54:00,6.2557339449541285
23167,SMALL CERAMIC TOP STORAGE JAR,5434,4173.379999999999,223,30,11,0.83,2011-05-11 14:14:00,2011-12-01 16:22:00,24.367713004484305
22507,MEMO BOARD RETROSPOT  DESIGN,5427,25388.94,887,90,15,4.95,2010-03-11 17:05:00,2011-12-04 13:00:00,6.118376550169109
20758,ABSTRACT CIRCLES POCKET BOOK,5416,945.77,91,50,4,0.85,2009-12-07 12:26:00,2011-12-01 13:28:00,59.51648351648352
85178,VICTORIAN SEWING KIT,5413,5933.59,302,91,15,1.25,2009-12-07 11:51:00,2011-12-04 15:28:00,17.923841059602648
37351,ORANGE FLOWER MUG,5404,612.5099999999999,11,11,2,1.25,2009-12-22 15:06:00,2011-03-20 13:28:00,491.27272727272725
85014B,RED RETROSPOT UMBRELLA,5390,27911.820000000003,853,102,19,5.95,2009-12-07 08:13:00,2011-12-02 11:49:00,6.318874560375146
23355,HOT WATER BOTTLE KEEP CALM,5384,26167.120000000003,725,15,13,4.95,2011-08-22 13:32:00,2011-12-04 15:00:00,7.426206896551724
23284,DOORMAT KEEP CALM AND COME IN,5363,37078.6,700,27,15,7.95,2011-04-27 12:57:00,2011-12-04 15:18:00,7.661428571428571
20757,RED DAISY POCKET BOOK,5347,890.7,78,40,2,0.85,2009-12-07 11:19:00,2011-11-27 12:13:00,68.55128205128206
22593,CHRISTMAS GINGHAM STAR,5344,4733.5599999999995,405,48,16,0.85,2010-07-16 15:26:00,2011-12-04 15:18:00,13.195061728395062
22153,ANGEL DECORATION STARS ON DRESS,5340,2298.78,261,56,6,0.42,2009-12-07 17:56:00,2011-12-04 15:00:00,20.45977011494253
22645,CERAMIC HEART FAIRY CAKE MONEY BANK,5321,9749.72,717,81,11,1.45,2010-05-14 15:41:00,2011-12-04 14:15:00,7.421199442119944
21844,RED RETROSPOT MUG,5310,15115.92,483,99,13,2.95,2009-12-07 18:02:00,2011-11-29 16:47:00,10.993788819875776
22539,MINI JIGSAW DOLLY GIRL,5308,2200.47,239,79,17,0.42,2010-03-26 11:21:00,2011-12-02 16:39:00,22.209205020920503
22711,WRAP CIRCUS PARADE,5302,2178.84,179,69,10,0.42,2010-05-27 18:13:00,2011-12-01 10:31:00,29.620111731843576
22303,COFFEE MUG APPLES DESIGN,5296,12317.28,518,97,9,2.55,2009-12-07 14:58:00,2011-12-02 13:12:00,10.223938223938225
22024,RAINY LADIES BIRTHDAY CARD,5283,2206.66,423,95,11,0.42,2009-12-08 12:05:00,2011-12-02 16:39:00,12.48936170212766
21902,"KEY FOB , FRONT  DOOR",5277,3347.8700000000003,461,99,6,0.65,2009-12-07 12:08:00,2011-11-30 14:33:00,11.446854663774403
22708,WRAP DOLLY GIRL,5275,2119.5,157,69,13,0.42,2010-06-02 11:11:00,2011-12-02 10:22:00,33.59872611464968
20679,EDWARDIAN PARASOL RED,5250,26598.79,683,101,15,5.95,2009-12-07 08:13:00,2011-12-04 15:00:00,7.686676427525622
22714,CARD BIRTHDAY COWBOY,5247,2142.85,354,78,15,0.42,2010-05-28 16:36:00,2011-12-02 16:39:00,14.822033898305085
22466,FAIRY TALE COTTAGE NIGHTLIGHT,5246,9697.96,382,83,17,1.95,2010-03-05 11:31:00,2011-12-04 13:32:00,13.732984293193716
21393,BLUE  SPOTTY PUDDING BOWL,5244,1172.8100000000002,43,30,7,2.1,2010-01-08 16:29:00,2011-03-28 12:23:00,121.95348837209302
37424,WHITE WITH BLACK CATS MUG,5240,1124.48,105,42,2,1.66,2009-12-07 17:56:00,2010-11-21 13:53:00,49.904761904761905
POST,POSTAGE,5239,122783.13,1805,102,25,18.0,2009-12-07 10:42:00,2011-12-04 16:07:00,2.9024930747922437
20729,RED SPOTTY CANDY BAG,5239,1746.73,114,23,7,1.25,2009-12-07 11:35:00,2010-06-16 11:17:00,45.95614035087719
22804,CANDLEHOLDER PINK HANGING HEART,5235,13984.900000000001,663,62,10,2.95,2010-09-23 11:21:00,2011-12-04 13:59:00,7.895927601809955
22601,CHRISTMAS RETROSPOT ANGEL WOOD,5194,4489.45,407,50,15,0.85,2010-07-18 11:31:00,2011-12-04 14:15:00,12.761670761670763
21524,DOORMAT SPOTTY HOME SWEET HOME,5189,35450.54,1125,102,21,7.95,2009-12-07 18:02:00,2011-12-04 11:45:00,4.612444444444445
22584,PACK OF 6 PANNETONE GIFT BOXES,5181,13176.0,582,88,17,2.55,2010-03-10 12:51:00,2011-12-01 15:32:00,8.902061855670103
21592,RETROSPOT CIGAR BOX MATCHES,5175,6122.55,443,96,9,1.25,2009-12-07 12:08:00,2011-12-04 14:55:00,11.681715575620768
21218,RED SPOTTY BISCUIT TIN,5166,20346.25,869,102,19,3.75,2009-12-08 13:08:00,2011-12-02 14:48:00,5.944764096662831
22851,SET 20 NAPKINS FAIRY CAKES DESIGN,5164,4189.57,520,67,10,0.85,2010-08-19 19:03:00,2011-12-04 13:20:00,9.930769230769231
22992,REVOLVER WOODEN RULER,5162,10212.32,330,41,13,1.95,2011-02-17 12:01:00,2011-12-04 12:32:00,15.642424242424243
47556B,TEA TIME TEA TOWELS,5160,13566.98,436,51,8,2.95,2009-12-07 12:26:00,2011-04-18 13:20:00,11.8348623853211
23233,WRAP POPPIES  DESIGN,5150,2095.0,157,46,6,0.42,2011-01-16 13:18:00,2011-11-24 18:13:00,32.802547770700635
22329,ROUND CONTAINER SET OF 5 RETROSPOT,5150,8404.119999999999,604,97,19,1.65,2010-01-10 11:08:00,2011-12-04 14:15:00,8.526490066225165
22716,CARD CIRCUS PARADE,5148,2177.91,438,76,17,0.42,2010-06-01 13:49:00,2011-12-02 16:39:00,11.753424657534246
22835,HOT WATER BOTTLE I AM SO POORLY,5148,26113.72,977,63,10,4.65,2010-09-12 14:58:00,2011-12-04 14:55:00,5.269191402251791
20755,BLUE PAISLEY POCKET BOOK,5133,1079.53,121,52,5,0.85,2009-12-07 12:26:00,2011-11-30 17:37:00,42.421487603305785
21907,I'M ON HOLIDAY METAL SIGN,5113,10753.1,764,96,15,2.1,2010-01-29 11:59:00,2011-12-04 11:45:00,6.692408376963351
84997A,GREEN 3 PIECE MINI DOTS CUTLERY SET,5112,19109.04,571,91,19,3.75,2009-12-07 15:15:00,2011-12-02 13:52:00,8.952714535901926
21069,VINTAGE BILLBOARD TEA MUG,5089,5389.22,275,78,5,1.25,2009-12-07 15:15:00,2011-08-17 15:05:00,18.505454545454544
21381,MINI WOODEN HAPPY BIRTHDAY GARLAND,5087,8537.67,527,102,13,1.69,2009-12-07 12:32:00,2011-12-04 14:51:00,9.652751423149905
47559B,TEA TIME OVEN GLOVE,5064,6237.01,691,98,17,1.25,2009-12-08 11:22:00,2011-12-04 13:59:00,7.328509406657019
15039,SANDALWOOD FAN,5045,4263.7,300,92,8,0.85,2009-12-08 15:49:00,2011-12-01 16:22:00,16.816666666666666
21872,GLAMOROUS  MUG,5032,5086.76,320,92,8,1.25,2009-12-07 14:02:00,2011-12-01 18:43:00,15.725
23286,BLUE VINTAGE SPOT BEAKER,5031,4728.49,217,26,14,0.85,2011-06-12 13:12:00,2011-12-02 16:39:00,23.18433179723502
22131,FOOD CONTAINER SET 3 LOVE HEART,5028,9510.16,667,101,13,1.95,2009-12-07 13:59:00,2011-11-29 15:23:00,7.538230884557721
22174,PHOTO CUBE,5007,10029.9,535,89,9,1.65,2009-12-09 09:42:00,2011-12-02 16:39:00,9.358878504672898
21186,WHITE DOVE HONEYCOMB PAPER GARLAND,4994,8080.2699999999995,347,51,6,1.65,2009-12-07 12:08:00,2010-12-14 15:52:00,14.39193083573487
84670,JAPANESE CROCHETED ANIMAL,4989,2039.22,171,45,7,0.42,2009-12-07 11:35:00,2010-11-22 11:39:00,29.17543859649123
20754,RETROSPOT RED WASHING UP GLOVES,4983,10198.52,829,100,16,2.1,2009-12-07 11:40:00,2011-11-20 14:43:00,6.010856453558504
21380,WOODEN HAPPY BIRTHDAY GARLAND,4980,14442.87,644,101,18,2.95,2009-12-08 13:19:00,2011-12-02 10:22:00,7.732919254658385
22574,HEART WOODEN CHRISTMAS DECORATION,4979,4513.32,404,51,13,0.85,2010-07-18 11:31:00,2011-12-04 12:31:00,12.324257425742575
21244,BLUE POLKADOT PLATE,4978,8162.639999999999,435,96,17,1.69,2009-12-13 11:05:00,2011-11-22 10:41:00,11.443678160919541
15044A,PINK PAPER PARASOL,4962,13202.11,248,80,8,2.95,2009-12-07 11:46:00,2011-12-02 16:39:00,20.008064516129032
23144,ZINC T-LIGHT HOLDER STARS SMALL,4954,4052.18,265,33,10,0.83,2011-04-21 09:36:00,2011-12-04 12:31:00,18.69433962264151
23296,SET OF 6 TEA TIME BAKING CASES,4952,5941.6,369,21,16,1.25,2011-07-12 15:56:00,2011-12-04 15:18:00,13.420054200542005
22173,METAL 4 HOOK HANGER FRENCH CHATEAU,4938,15089.0,970,81,12,2.95,2009-12-07 17:56:00,2011-12-02 14:48:00,5.090721649484536
22079,RIBBON REEL HEARTS DESIGN,4935,8278.95,664,102,11,1.65,2009-12-07 12:32:00,2011-12-04 12:32:00,7.432228915662651
84536A,ENGLISH ROSE NOTEBOOK A7 SIZE,4929,2222.24,593,100,12,0.42,2009-12-08 15:49:00,2011-12-04 13:00:00,8.311973018549747
22144,CHRISTMAS CRAFT LITTLE FRIENDS,4919,11780.58,668,46,13,2.1,2009-12-07 18:02:00,2011-12-04 14:40:00,7.36377245508982
22301,COFFEE MUG CAT + BIRD DESIGN,4907,11837.539999999999,620,101,12,2.55,2009-12-07 10:41:00,2011-12-02 13:12:00,7.914516129032258
22023,EMPIRE BIRTHDAY CARD,4899,2043.62,420,98,7,0.42,2009-12-07 18:02:00,2011-11-30 15:13:00,11.664285714285715
22812,PACK 3 BOXES CHRISTMAS PANNETONE,4875,10726.63,461,37,13,1.95,2010-09-15 13:36:00,2011-11-30 14:11:00,10.574837310195228
22380,TOY TIDY SPACEBOY,4856,10112.3,679,97,20,2.1,2010-01-22 16:28:00,2011-12-02 16:39:00,7.151693667157585
22694,WICKER STAR,4855,10862.210000000001,843,66,6,2.1,2010-07-29 11:23:00,2011-12-04 12:17:00,5.759193357058126
48188,DOORMAT WELCOME PUPPIES,4828,28313.0,679,101,14,7.95,2009-12-07 12:08:00,2011-11-29 13:12:00,7.110456553755522
22573,STAR WOODEN CHRISTMAS DECORATION,4824,4298.179999999999,394,48,12,0.85,2010-07-18 11:31:00,2011-12-02 16:39:00,12.243654822335026
22195,LARGE HEART MEASURING SPOONS,4817,8594.72,767,100,17,1.65,2009-12-07 13:48:00,2011-12-04 11:45:00,6.280312907431552
22302,COFFEE MUG PEARS  DESIGN,4804,10169.09,377,88,7,2.55,2009-12-07 14:58:00,2011-12-04 16:07:00,12.742705570291777
23285,PINK VINTAGE SPOT BEAKER,4800,4561.0,187,26,14,0.85,2011-06-12 13:17:00,2011-12-02 14:26:00,25.668449197860962
22855,FINE WICKER HEART,4795,5979.24,427,47,7,1.25,2010-09-15 12:48:00,2011-08-30 16:43:00,11.229508196721312
22435,SET OF 9 HEART SHAPED BALLOONS,4784,6040.47,531,83,13,1.25,2010-04-08 11:16:00,2011-12-01 16:38:00,9.009416195856874
21504,SKULLS GREETING CARD,4780,1948.72,320,89,5,0.42,2009-12-07 13:48:00,2011-11-28 15:31:00,14.9375
20829,GLITTER HANGING BUTTERFLY STRING,4767,9707.460000000001,467,100,4,2.1,2009-12-07 11:20:00,2011-12-02 14:26:00,10.207708779443255
23243,SET OF TEA COFFEE SUGAR TINS PANTRY,4765,23281.13,458,26,20,4.95,2011-06-08 08:12:00,2011-12-04 15:19:00,10.403930131004367
22944,CHRISTMAS METAL POSTCARD WITH BELLS,4762,3468.19,151,29,8,0.97,2010-09-19 12:39:00,2011-12-04 13:34:00,31.5364238410596
22244,3 HOOK HANGER MAGIC GARDEN,4760,9101.96,431,84,17,1.95,2009-12-09 11:58:00,2011-09-28 15:50:00,11.044083526682135
22242,"HOOK, 5 HANGER , MAGIC TOADSTOOL",4756,7559.909999999999,368,59,18,1.65,2009-12-10 18:36:00,2011-02-16 10:32:00,12.923913043478262
21067,VINTAGE RED TEATIME MUG,4752,3812.96,262,79,9,1.25,2009-12-07 17:56:00,2011-10-04 13:25:00,18.137404580152673
22600,CHRISTMAS RETROSPOT STAR WOOD,4751,4107.889999999999,415,51,15,0.85,2010-07-16 15:26:00,2011-12-04 15:00:00,11.448192771084337
11001,ASSTD DESIGN RACING CAR PEN,4751,7263.61,243,85,12,1.69,2009-12-07 15:15:00,2011-12-04 10:29:00,19.551440329218106
22594,CHRISTMAS GINGHAM TREE,4747,4310.29,402,50,14,0.85,2010-07-18 11:31:00,2011-12-04 12:32:00,11.808457711442786
21679,SKULLS  STICKERS,4745,3919.12,357,94,10,0.85,2009-12-07 13:59:00,2011-12-01 12:53:00,13.291316526610645
71053,WHITE METAL LANTERN,4740,18751.18,710,102,7,3.75,2009-12-07 17:56:00,2011-12-01 17:51:00,6.676056338028169
47590A,BLUE HAPPY BIRTHDAY BUNTING,4736,24076.13,683,86,23,5.45,2009-12-10 11:39:00,2011-12-02 13:54:00,6.934114202049781
82483,WOOD 2 DRAWER CABINET WHITE FINISH,4736,28197.11,1091,93,7,5.95,2009-12-07 08:13:00,2011-12-04 15:35:00,4.340971585701191
22460,EMBOSSED GLASS TEALIGHT HOLDER,4720,6201.97,370,88,5,1.25,2010-03-08 12:40:00,2011-12-04 12:01:00,12.756756756756756
22667,RECIPE BOX RETROSPOT,4715,13231.650000000001,832,66,18,2.95,2010-07-09 17:17:00,2011-12-04 12:52:00,5.6670673076923075
22996,TRAVEL CARD WALLET VINTAGE TICKET,4710,2044.82,397,42,4,0.42,2011-02-17 12:51:00,2011-12-04 14:09:00,11.8639798488665
22985,"WRAP, BILLBOARD FONTS DESIGN",4697,1884.74,135,57,6,0.42,2010-09-07 10:59:00,2011-12-02 14:26:00,34.79259259259259
22271,FELTCRAFT DOLL ROSIE,4684,13401.6,765,98,16,2.95,2009-12-07 13:07:00,2011-11-25 08:55:00,6.122875816993464
23005,TRAVEL CARD WALLET I LOVE LONDON,4676,2098.1,231,27,3,0.42,2011-02-17 13:47:00,2011-12-04 14:09:00,20.242424242424242
22493,PAINT YOUR OWN CANVAS SET,4664,7474.539999999999,407,82,9,1.65,2010-05-07 09:04:00,2011-12-04 13:32:00,11.45945945945946
22421,LIPSTICK PEN FUSCHIA,4648,2310.95,400,79,8,0.42,2010-05-06 14:01:00,2011-12-02 16:39:00,11.62
37352,BIRD IN TREE MUG,4643,504.55,8,7,2,1.25,2009-12-17 11:43:00,2010-11-01 15:14:00,580.375
22245,"HOOK, 1 HANGER ,MAGIC GARDEN",4633,3988.85,413,75,17,0.85,2009-12-09 11:58:00,2011-09-01 13:40:00,11.217917675544793
48184,DOORMAT ENGLISH ROSE,4633,30594.23,834,92,15,7.95,2009-12-08 15:12:00,2011-12-04 13:32:00,5.55515587529976
23581,JUMBO BAG PAISLEY PARK,4629,10778.4,305,6,7,2.08,2011-10-25 10:31:00,2011-12-04 13:59:00,15.177049180327868
22055,MINI CAKE STAND  HANGING STRAWBERY,4619,7960.67,692,97,13,1.65,2009-12-07 17:56:00,2011-12-04 15:19:00,6.67485549132948
23288,GREEN VINTAGE SPOT BEAKER,4615,4434.17,182,26,12,0.85,2011-06-12 13:17:00,2011-12-02 14:26:00,25.357142857142858
20981,12 PENCILS TALL TUBE WOODLAND,4603,3967.16,497,99,19,0.85,2009-12-07 11:39:00,2011-12-02 13:12:00,9.261569416498993
23321,SMALL WHITE HEART OF WICKER,4598,8242.199999999999,607,26,9,1.65,2011-06-09 12:21:00,2011-12-04 13:59:00,7.57495881383855
82486,WOOD S/3 CABINET ANT WHITE FINISH,4587,36936.56,1241,102,8,7.95,2009-12-07 08:13:00,2011-12-04 15:35:00,3.69621273166801
84596F,SMALL MARSHMALLOWS PINK BOWL,4585,3115.69,583,98,11,0.83,2009-12-07 17:18:00,2011-12-04 13:59:00,7.864493996569468
20982,12 PENCILS TALL TUBE SKULLS,4561,3987.66,543,98,12,0.85,2009-12-07 11:39:00,2011-12-02 12:24:00,8.39963167587477
21033,JUMBO BAG CHARLIE AND LOLA TOYS,4552,10042.33,569,86,8,2.95,2009-12-08 14:03:00,2011-09-08 13:53:00,8.0
22053,EMPIRE DESIGN ROSETTE,4548,4015.8199999999997,85,52,4,1.25,2009-12-07 18:02:00,2011-11-08 12:58:00,53.50588235294118
22564,ALPHABET STENCIL CRAFT,4536,5172.85,335,82,6,1.25,2010-03-24 13:15:00,2011-12-02 14:29:00,13.540298507462687
17109B,FLOWER FAIRY INCENSE LAVENDER,4532,877.6999999999999,13,10,3,1.69,2009-12-10 12:21:00,2010-03-05 12:44:00,348.61538461538464
16218,CARTOON  PENCIL SHARPENERS,4529,438.53,94,51,4,0.16,2009-12-08 15:49:00,2011-12-02 13:35:00,48.180851063829785
22533,MAGIC DRAWING SLATE BAKE A CAKE,4513,1780.84,229,71,12,0.42,2010-03-28 13:31:00,2011-11-30 17:37:00,19.707423580786028
21430,SET/3 RED GINGHAM ROSE STORAGE BOX,4502,17516.08,780,78,18,3.75,2009-12-07 13:32:00,2011-12-02 12:24:00,5.771794871794872
22637,PIGGY BANK RETROSPOT,4478,11492.82,598,79,15,2.55,2010-05-20 10:42:00,2011-11-27 11:22:00,7.488294314381271
21934,SKULL SHOULDER BAG,4462,8010.71,702,102,9,1.65,2009-12-07 18:02:00,2011-12-02 16:39:00,6.356125356125356
22535,MAGIC DRAWING SLATE BUNNIES,4454,1862.49,298,84,10,0.42,2010-03-25 13:43:00,2011-12-02 13:54:00,14.946308724832214
22597,MUSICAL ZINC HEART DECORATION,4434,2687.17,277,53,10,0.85,2010-07-25 12:16:00,2011-12-04 13:59:00,16.0072202166065
21484,CHICK GREY HOT WATER BOTTLE,4399,17394.98,823,94,13,3.45,2009-12-07 11:39:00,2011-12-04 14:51:00,5.345078979343864
22456,NATURAL SLATE CHALKBOARD LARGE,4392,21379.23,825,88,7,4.95,2010-03-04 10:29:00,2011-12-02 13:49:00,5.323636363636363
22738,RIBBON REEL SNOWY VILLAGE,4390,7894.55,485,44,11,1.65,2010-09-16 12:20:00,2011-12-04 14:51:00,9.051546391752577
22059,CERAMIC STRAWBERRY DESIGN MUG,4387,6333.82,428,97,13,1.49,2009-12-07 17:56:00,2011-12-04 15:19:00,10.25
37448,CERAMIC CAKE DESIGN SPOTTED MUG,4386,6582.98,507,95,19,1.49,2009-12-07 13:52:00,2011-12-01 16:22:00,8.650887573964496
22772,PINK DRAWER KNOB ACRYLIC EDWARDIAN,4372,5901.79,312,59,8,1.25,2010-10-17 11:23:00,2011-12-04 14:51:00,14.012820512820513
47504E,ENGLISH ROSE SCISSORS,4357,885.21,42,26,5,1.25,2009-12-13 11:28:00,2010-10-12 12:36:00,103.73809523809524
70006,LOVE HEART POCKET WARMER,4340,3989.68,273,59,11,1.65,2009-12-07 11:47:00,2011-12-04 15:28:00,15.897435897435898
22766,PHOTO FRAME CORNICE,4338,12773.02,631,60,9,2.95,2010-10-10 12:45:00,2011-12-04 13:15:00,6.874801901743265
23582,VINTAGE DOILY JUMBO BAG RED,4334,9321.92,238,6,9,2.08,2011-10-25 09:07:00,2011-12-04 13:59:00,18.210084033613445
22962,JAM JAR WITH PINK LID,4331,3603.3799999999997,347,52,19,0.85,2010-11-28 11:04:00,2011-12-02 16:39:00,12.481268011527378
22088,PAPER BUNTING COLOURED LACE,4330,12889.33,612,79,15,2.95,2009-12-07 12:19:00,2011-07-06 10:41:00,7.07516339869281
23294,SET OF 6 SNACK LOAF BAKING CASES,4329,3534.33,341,21,15,0.83,2011-07-12 15:56:00,2011-12-04 15:18:00,12.695014662756599
22670,FRENCH WC SIGN BLUE METAL,4327,5368.43,417,67,10,1.25,2010-08-17 11:21:00,2011-12-02 13:12:00,10.376498800959233
21215,IVORY PAPER CUP CAKE CASES,4322,2518.33,287,95,9,0.55,2009-12-07 17:56:00,2011-11-29 16:47:00,15.059233449477352
22644,CERAMIC CHERRY CAKE MONEY BANK,4317,6835.62,584,80,11,1.45,2010-05-14 15:41:00,2011-12-04 14:15:00,7.392123287671233
16169E,WRAP 50'S  CHRISTMAS,4313,1787.46,142,20,9,0.42,2011-07-21 13:06:00,2011-12-04 16:07:00,30.37323943661972
16053,POPART COL BALLPOINT PEN ASST,4313,185.73,10,10,3,0.21,2010-01-07 14:20:00,2010-11-16 12:50:00,431.3
23297,SET 40 HEART SHAPE PETIT FOUR CASES,4303,6792.23,161,15,14,1.65,2011-07-12 15:56:00,2011-11-22 16:47:00,26.726708074534162
21803,CHRISTMAS TREE STAR DECORATION,4298,1863.1499999999999,312,57,5,0.42,2009-12-07 17:56:00,2011-11-25 15:23:00,13.775641025641026
21802,CHRISTMAS TREE HEART DECORATION,4291,1874.78,318,64,6,0.42,2009-12-07 17:56:00,2011-11-21 11:55:00,13.4937106918239
22241,GARLAND WOODEN HAPPY EASTER,4289,5787.42,471,64,4,1.25,2009-12-08 13:19:00,2011-11-23 10:39:00,9.106157112526539
20828,GLITTER BUTTERFLY CLIPS,4288,10598.34,585,100,6,2.55,2009-12-07 15:19:00,2011-12-04 15:00:00,7.32991452991453
21179,NO JUNK MAIL METAL SIGN,4281,3511.97,503,86,8,1.25,2009-12-08 16:23:00,2011-09-12 16:23:00,8.510934393638172
22336,DOVE DECORATION PAINTED ZINC,4281,2010.3200000000002,201,60,10,0.65,2009-12-07 16:38:00,2011-10-14 14:54:00,21.29850746268657
22970,LONDON BUS COFFEE MUG,4264,9957.28,307,49,7,2.55,2010-12-15 17:28:00,2011-12-02 14:26:00,13.889250814332248
22546,MINI JIGSAW PURDEY,4260,1736.3899999999999,173,67,10,0.42,2010-03-26 13:46:00,2011-12-04 14:55:00,24.6242774566474
21071,VINTAGE BILLBOARD DRINK ME MUG,4247,4961.58,465,95,6,1.25,2009-12-07 15:28:00,2011-10-31 14:41:00,9.133333333333333
21714,CITRONELLA CANDLE GARDEN POT,4245,6130.81,518,94,5,1.25,2009-12-07 12:08:00,2011-12-04 14:55:00,8.194980694980694
21642,ASSORTED TUTTI FRUTTI PEN,4218,2394.1,234,73,5,0.85,2009-12-07 12:42:00,2011-12-01 13:08:00,18.025641025641026
85109,PINK BOUDOIR T-LIGHT HOLDER,4211,475.43,20,16,3,0.85,2009-12-11 11:17:00,2010-12-19 14:03:00,210.55
85172,HYACINTH BULB T-LIGHT CANDLES,4191,2235.2,146,70,6,0.42,2009-12-10 17:09:00,2011-11-29 11:48:00,28.705479452054796
51014C,"FEATHER PEN,COAL BLACK",4191,2696.56,256,85,10,0.83,2009-12-07 18:02:00,2011-12-04 14:15:00,16.37109375
48111,DOORMAT 3 SMILEY CATS,4186,25524.760000000002,702,100,11,7.95,2009-12-07 10:48:00,2011-12-04 11:45:00,5.962962962962963
22617,BAKING SET SPACEBOY DESIGN,4181,20159.61,926,89,23,4.95,2010-03-14 16:18:00,2011-12-04 12:02:00,4.515118790496761
22706,WRAP COWBOYS,4172,1672.24,123,53,12,0.42,2010-06-02 11:11:00,2011-12-02 10:22:00,33.91869918699187
22436,12 COLOURED PARTY BALLOONS,4172,2659.1,285,80,9,0.65,2010-04-07 13:34:00,2011-12-01 16:22:00,14.63859649122807
20731,POSY CANDY BAG,4142,1252.92,73,42,3,1.25,2009-12-07 11:35:00,2011-06-20 14:48:00,56.73972602739726
22332,SKULLS PARTY BAG + STICKER SET,4141,6492.5,378,97,14,1.65,2009-12-09 11:58:00,2011-11-25 11:54:00,10.955026455026456
21558,SKULL LUNCH BOX WITH CUTLERY,4135,10573.72,739,86,13,2.55,2009-12-07 13:24:00,2011-12-02 10:47:00,5.595399188092016
22748,POPPY'S PLAYHOUSE KITCHEN,4127,10122.62,733,62,17,2.1,2010-09-24 14:42:00,2011-12-04 12:01:00,5.6302864938608455
10135,COLOURING PENCILS BROWN TUBE,4126,4427.68,312,92,7,1.25,2009-12-07 08:53:00,2011-12-01 15:32:00,13.224358974358974
22398,MAGNETS PACK OF 4 SWALLOWS,4116,3639.5099999999998,422,82,14,1.25,2010-03-26 14:32:00,2011-12-04 14:55:00,9.753554502369669
21937,STRAWBERRY   PICNIC BAG,4093,11999.63,653,76,13,2.95,2009-12-14 17:16:00,2011-12-04 12:32:00,6.267993874425727
22465,HANGING METAL STAR LANTERN,4090,6916.589999999999,434,86,6,1.65,2010-03-04 14:45:00,2011-12-04 12:31:00,9.423963133640553
22142,CHRISTMAS CRAFT WHITE FAIRY,4089,6081.5599999999995,461,40,11,1.45,2009-12-07 11:51:00,2011-12-04 14:40:00,8.869848156182213
22603,CHRISTMAS RETROSPOT TREE WOOD,4082,3491.66,375,47,14,0.85,2010-07-16 15:26:00,2011-12-04 12:32:00,10.885333333333334
21933,PINK VINTAGE PAISLEY PICNIC BAG,4071,8994.71,612,95,13,2.46,2009-12-14 15:17:00,2011-12-02 16:39:00,6.651960784313726
21818,GLITTER CHRISTMAS HEART,4058,2456.5299999999997,272,61,4,0.85,2009-12-08 13:41:00,2011-12-04 15:00:00,14.919117647058824
23240,SET OF 4 KNICK KNACK TINS DOILY,4046,16459.16,514,26,24,4.15,2011-06-07 13:10:00,2011-12-04 13:54:00,7.871595330739299
16216,LETTER SHAPE PENCIL SHARPENER,4043,363.74,85,51,2,0.16,2009-12-16 11:57:00,2011-12-01 12:01:00,47.56470588235294
22399,MAGNETS PACK OF 4 CHILDHOOD MEMORY,4040,4734.6,277,83,15,1.25,2010-03-26 13:46:00,2011-12-02 10:47:00,14.584837545126353
22979,PANTRY WASHING UP BRUSH,4039,6304.99,372,40,15,1.45,2011-03-02 08:26:00,2011-12-02 16:39:00,10.85752688172043
21068,VINTAGE BILLBOARD LOVE/HATE MUG,4036,4184.71,367,95,8,1.25,2009-12-07 17:56:00,2011-12-02 10:08:00,10.997275204359672
22035,VINTAGE CARAVAN GREETING CARD,4033,1709.36,355,93,8,0.42,2009-12-07 13:48:00,2011-10-31 14:41:00,11.36056338028169
48173C,DOORMAT BLACK FLOCK,4031,22812.14,482,94,9,7.95,2009-12-07 17:56:00,2011-12-04 11:00:00,8.363070539419088
21718,RED METAL BEACH SPADE,4013,5225.42,462,93,7,1.25,2009-12-14 18:03:00,2011-12-04 14:55:00,8.686147186147187
21394,RED POLKADOT BEAKER,4005,1864.6299999999999,150,53,12,0.39,2010-01-26 10:09:00,2011-11-13 11:55:00,26.7
22300,COFFEE MUG DOG + BALL DESIGN,3994,9557.35,502,97,10,2.55,2009-12-07 12:25:00,2011-12-02 14:26:00,7.956175298804781
23103,JINGLE BELL HEART DECORATION,3986,6694.419999999999,351,30,5,1.65,2011-05-11 12:44:00,2011-12-04 13:15:00,11.356125356125355
22026,BANQUET BIRTHDAY  CARD,3985,1695.71,359,97,10,0.42,2009-12-07 18:02:00,2011-11-30 09:00:00,11.100278551532034
84990,60 GOLD AND SILVER FAIRY CAKE CASES,3974,1909.99,181,44,2,0.55,2009-12-07 15:55:00,2011-05-08 13:07:00,21.955801104972377
21531,RED RETROSPOT SUGAR JAM BOWL,3967,9907.08,756,100,15,2.55,2009-12-07 17:56:00,2011-12-02 12:52:00,5.247354497354498
20978,36 PENCILS TUBE SKULLS,3964,5214.21,533,100,12,1.25,2009-12-07 13:24:00,2011-12-04 13:59:00,7.437148217636023
22739,RIBBON REEL CHRISTMAS SOCK BAUBLE,3960,7198.47,589,48,15,1.65,2010-09-16 12:20:00,2011-12-04 13:00:00,6.723259762308999
22745,POPPY'S PLAYHOUSE BEDROOM,3955,9710.390000000001,694,62,17,2.1,2010-09-24 14:42:00,2011-12-04 14:51:00,5.698847262247838
85014A,BLACK/BLUE POLKADOT UMBRELLA,3945,19504.170000000002,658,100,16,5.95,2009-12-07 08:13:00,2011-12-04 15:00:00,5.995440729483283
22562,MONSTERS STENCIL CRAFT,3938,4628.67,383,85,10,1.25,2010-03-24 13:15:00,2011-12-02 16:38:00,10.281984334203655
22025,RING OF ROSES BIRTHDAY CARD,3927,1620.68,282,91,11,0.42,2009-12-08 16:09:00,2011-11-29 16:33:00,13.925531914893616
22212,FOUR HOOK  WHITE LOVEBIRDS,3927,8416.1,806,102,15,2.1,2009-12-07 17:56:00,2011-12-04 10:56:00,4.8722084367245655
23353,6 GIFT TAGS VINTAGE CHRISTMAS,3904,3386.9599999999996,310,18,11,0.83,2011-08-02 14:04:00,2011-12-04 14:15:00,12.593548387096774
22813,PACK 3 BOXES BIRD PANNETONE,3904,7546.82,363,63,11,1.95,2010-09-16 18:09:00,2011-12-04 12:01:00,10.754820936639119
22128,PARTY CONES CANDY ASSORTED,3893,4722.09,192,77,16,1.25,2009-12-07 15:28:00,2011-11-18 12:07:00,20.276041666666668
21034,REX CASH+CARRY JUMBO SHOPPER,3866,3672.7,1828,102,9,0.95,2009-12-07 12:42:00,2011-12-04 14:01:00,2.114879649890591
85062,PEARL CRYSTAL PUMPKIN T-LIGHT HLDR,3859,6316.299999999999,340,97,7,1.65,2009-12-10 14:46:00,2011-12-02 16:39:00,11.35
85198,ASSORTED FARMYARD ANIMALS IN BUCKET,3859,1469.4999999999998,51,26,5,0.85,2009-12-07 11:46:00,2011-05-18 16:37:00,75.66666666666667
23378,PACK OF 12 50'S CHRISTMAS TISSUES,3859,1775.7,161,14,6,0.39,2011-09-01 11:30:00,2011-12-04 14:15:00,23.96894409937888
22619,SET OF 6 SOLDIER SKITTLES,3856,15008.4,689,82,24,3.75,2010-05-07 08:49:00,2011-12-04 16:07:00,5.596516690856314
22439,6 ROCKET BALLOONS,3834,2555.96,354,82,9,0.65,2010-04-08 08:31:00,2011-12-01 19:42:00,10.830508474576272
22991,GIRAFFE WOODEN RULER,3827,7472.629999999999,261,41,10,1.95,2011-02-17 12:01:00,2011-12-04 12:08:00,14.662835249042146
21932,SCANDINAVIAN PAISLEY PICNIC BAG,3824,8402.39,635,92,13,2.46,2009-12-07 18:02:00,2011-12-02 16:39:00,6.022047244094488
22078,RIBBON REEL LACE DESIGN,3815,8125.04,472,86,12,2.1,2009-12-07 12:32:00,2011-12-04 15:18:00,8.082627118644067
22080,RIBBON REEL SPOTS DESIGN,3814,6386.93,502,78,13,1.65,2009-12-07 12:42:00,2011-12-04 12:32:00,7.597609561752988
21216,"SET 3 RETROSPOT TEA,COFFEE,SUGAR",3806,19738.7,781,96,19,4.95,2009-12-07 15:27:00,2011-12-04 15:19:00,4.873239436619718
85049G,CHOCOLATE BOX RIBBONS,3801,4682.41,504,90,12,1.25,2009-12-22 09:52:00,2011-12-04 12:52:00,7.541666666666667
84508A,CAMOUFLAGE DESIGN TEDDY,3800,8068.530000000001,103,64,2,2.55,2009-12-07 13:35:00,2011-09-21 09:54:00,36.89320388349515
21955,DOORMAT UNION JACK GUNS AND ROSES,3768,22783.71,691,100,9,7.49,2009-12-07 08:13:00,2011-12-04 12:32:00,5.4529667149059335
22502,PICNIC BASKET WICKER SMALL,3766,60880.3,924,69,8,5.95,2010-05-23 10:54:00,2011-09-25 14:33:00,4.075757575757576
16011,ANIMAL STICKERS,3763,789.03,110,65,3,0.21,2009-12-07 08:53:00,2011-11-29 09:47:00,34.20909090909091
22505,MEMO BOARD COTTAGE DESIGN,3761,17957.71,739,90,23,4.95,2010-03-10 14:50:00,2011-12-04 15:19:00,5.089309878213802
10133,COLOURING PENCILS BROWN TUBE,3752,2300.16,281,73,8,0.83,2009-12-07 13:17:00,2011-09-07 10:07:00,13.352313167259787
23493,VINTAGE DOILY TRAVEL SEWING KIT,3751,8030.37,383,11,14,1.95,2011-09-22 12:13:00,2011-12-04 15:28:00,9.793733681462141
23172,REGENCY TEA PLATE PINK,3747,6116.709999999999,293,30,14,1.65,2011-05-10 10:34:00,2011-12-04 15:18:00,12.788395904436861
17091J,VANILLA INCENSE IN TIN,3747,2121.02,169,79,5,0.38,2009-12-08 13:41:00,2011-11-29 11:48:00,22.171597633136095
22732,3D VINTAGE CHRISTMAS STICKERS,3734,4939.47,329,41,11,1.25,2010-09-15 15:08:00,2011-12-04 14:15:00,11.349544072948328
22378,WALL TIDY RETROSPOT,3733,6757.11,539,93,17,2.1,2010-01-25 15:07:00,2011-12-01 16:22:00,6.925788497217068
21287,SCENTED VELVET LOUNGE CANDLE,3732,1717.5,90,56,4,0.38,2009-12-14 12:24:00,2011-11-30 17:37:00,41.46666666666667
21591,COSY HOUR CIGAR BOX MATCHES,3726,5688.08,343,69,7,1.25,2009-12-08 16:43:00,2011-11-27 12:52:00,10.862973760932945
21819,GLITTER CHRISTMAS STAR,3722,2179.99,234,41,6,0.85,2009-12-08 10:02:00,2011-12-04 14:55:00,15.905982905982906
23263,SET OF 3 WOODEN HEART DECORATIONS,3722,4906.49,427,27,11,1.25,2011-06-02 14:15:00,2011-12-04 15:18:00,8.716627634660421
23182,TOILET SIGN OCCUPIED OR VACANT,3714,3631.2499999999995,421,40,5,0.83,2011-03-01 17:32:00,2011-12-04 14:55:00,8.821852731591449
21494,ROTATING LEAVES T-LIGHT HOLDER,3713,6106.73,476,88,8,1.66,2009-12-07 13:48:00,2011-12-04 14:55:00,7.800420168067227
20977,36 PENCILS TUBE WOODLAND,3713,4958.04,465,95,17,1.25,2009-12-07 11:39:00,2011-11-07 17:42:00,7.98494623655914
23439,HAND WARMER RED LOVE HEART,3712,8265.900000000001,357,15,8,2.1,2011-08-24 14:23:00,2011-12-04 15:00:00,10.397759103641457
22705,WRAP GREEN PEARS,3708,1557.36,150,63,10,0.42,2010-05-27 16:54:00,2011-12-02 16:34:00,24.72
17039,INLAID WOOD INCENSE HOLDER,3706,837.23,42,27,2,0.29,2009-12-07 13:48:00,2010-08-09 09:23:00,88.23809523809524
21716,BOYS VINTAGE TIN SEASIDE BUCKET,3704,9374.68,491,96,15,2.55,2009-12-13 13:31:00,2011-12-04 14:55:00,7.543788187372709
22274,FELTCRAFT DOLL EMILY,3693,10500.83,633,101,15,2.95,2009-12-07 13:07:00,2011-12-04 14:40:00,5.834123222748815
22615,PACK OF 12 CIRCUS PARADE TISSUES,3687,1130.7099999999998,183,73,10,0.29,2010-05-06 11:50:00,2011-12-01 16:22:00,20.147540983606557
17021,NAMASTE SWAGAT INCENSE,3684,973.4399999999999,75,53,2,0.3,2010-01-22 14:40:00,2011-11-17 14:24:00,49.12
22938,CUPCAKE LACE PAPER SET 6,3684,6883.219999999999,270,60,15,1.95,2010-09-20 14:38:00,2011-12-04 12:32:00,13.644444444444444
21281,VINTAGE KITCHEN PRINT SEAFOOD,3677,1709.15,66,40,5,2.55,2009-12-10 20:16:00,2011-11-09 17:47:00,55.71212121212121
72351A,SET/6 TURQUOISE BUTTERFLY T-LIGHTS,3675,7257.38,390,99,5,2.1,2009-12-08 07:43:00,2011-12-04 10:51:00,9.423076923076923
22749,FELTCRAFT PRINCESS CHARLOTTE DOLL,3673,15026.87,669,63,15,3.75,2010-09-08 10:54:00,2011-12-04 14:40:00,5.490284005979073
22963,JAM JAR WITH GREEN LID,3672,3049.65,312,54,15,0.85,2010-07-23 12:29:00,2011-12-02 16:39:00,11.76923076923077
23354,6 GIFT TAGS 50'S CHRISTMAS,3666,3321.58,307,18,10,0.83,2011-08-02 14:04:00,2011-12-04 14:15:00,11.941368078175897
72008,FROSTED BOX 9 WHITE T-LIGHT CANDLES,3642,1456.62,197,46,5,0.42,2009-12-07 10:51:00,2010-11-14 14:54:00,18.487309644670052
23318,BOX OF 6 MINI VINTAGE CRACKERS,3639,8706.92,351,21,12,2.49,2011-07-04 10:17:00,2011-12-04 13:32:00,10.367521367521368
22331,WOODLAND PARTY BAG + STICKER SET,3631,5957.16,428,99,18,1.65,2009-12-07 10:41:00,2011-12-04 13:32:00,8.483644859813085
22730,ALARM CLOCK BAKELIKE IVORY,3629,14554.32,729,62,12,3.75,2010-09-24 12:05:00,2011-12-04 14:51:00,4.978052126200274
20777,CHRYSANTHEMUM NOTEBOOK,3628,1206.56,158,66,6,1.65,2009-12-07 15:42:00,2011-12-02 16:39:00,22.962025316455698
21584,RETROSPOT SMALL TUBE MATCHES,3620,5824.2,339,84,9,1.65,2009-12-07 10:33:00,2011-12-04 11:45:00,10.678466076696164
22377,BOTTLE BAG RETROSPOT,3612,6899.39,431,95,14,2.1,2010-01-26 11:33:00,2011-11-30 15:13:00,8.380510440835266
23319,BOX OF 6 MINI 50'S CRACKERS,3607,8913.460000000001,378,22,15,2.49,2011-07-07 12:38:00,2011-12-04 16:08:00,9.542328042328043
20778,GARDEN PATH NOTEBOOK,3605,929.12,84,41,4,1.65,2009-12-07 15:42:00,2011-04-26 13:22:00,42.916666666666664
20775,DAISY NOTEBOOK,3601,921.63,110,53,2,1.65,2009-12-11 10:54:00,2011-12-02 16:39:00,32.736363636363635
22775,PURPLE DRAWERKNOB ACRYLIC EDWARDIAN,3596,5125.56,280,59,10,1.25,2010-10-17 11:23:00,2011-12-04 15:38:00,12.842857142857143
20750,RED RETROSPOT MINI CASES,3590,26118.37,877,101,25,7.95,2009-12-07 13:48:00,2011-12-04 13:55:00,4.0935005701254275
79164,BLACK WINE GLASS,3586,3034.91,86,46,1,1.65,2009-12-07 17:56:00,2011-11-07 13:56:00,41.69767441860465
21622,VINTAGE UNION JACK CUSHION COVER,3583,19318.14,602,92,13,4.95,2009-12-07 12:32:00,2011-12-02 12:36:00,5.951827242524917
21207,SKULL AND CROSSBONES  GARLAND,3581,5559.12,278,92,16,1.65,2009-12-08 15:49:00,2011-12-02 10:22:00,12.881294964028777
22668,PINK BABY BUNTING,3580,10874.56,576,73,18,2.95,2010-07-07 16:29:00,2011-12-02 13:46:00,6.215277777777778
37446,MINI CAKE STAND WITH HANGING CAKES,3576,5148.14,391,75,11,1.45,2009-12-07 14:10:00,2011-12-04 10:51:00,9.145780051150895
21912,VINTAGE SNAKES & LADDERS,3574,13984.14,787,102,19,3.75,2009-12-07 15:15:00,2011-12-04 14:55:00,4.5412960609911055
22499,WOODEN UNION JACK BUNTING,3573,21744.690000000002,769,95,8,5.95,2010-02-02 12:03:00,2011-12-04 12:52:00,4.64629388816645
35953,FOLKART STAR CHRISTMAS DECORATIONS,3566,1858.6799999999998,140,33,8,0.61,2009-12-13 13:03:00,2011-12-04 13:15:00,25.47142857142857
22141,CHRISTMAS CRAFT TREE TOP ANGEL,3558,8530.560000000001,545,38,12,2.1,2009-12-07 12:42:00,2011-12-04 14:40:00,6.528440366972477
22185,SLATE TILE NATURAL HANGING,3553,5908.789999999999,441,95,5,1.65,2009-12-07 15:15:00,2011-11-28 10:31:00,8.056689342403628
21715,GIRLS VINTAGE TIN SEASIDE BUCKET,3550,8977.18,485,98,15,2.55,2009-12-13 13:31:00,2011-12-01 16:22:00,7.319587628865979
22094,RED RETROSPOT TISSUE BOX,3544,2637.44,333,91,13,1.25,2009-12-07 17:56:00,2011-12-04 13:32:00,10.642642642642643
22837,HOT WATER BOTTLE BABUSHKA,3534,16455.18,450,31,9,4.65,2010-10-06 16:17:00,2011-09-25 14:37:00,7.8533333333333335
23503,PLAYING CARDS KEEP CALM & CARRY ON,3530,4716.88,314,11,7,1.25,2011-09-22 09:52:00,2011-12-04 14:15:00,11.242038216560509
22548,HEADS AND TAILS SPORTING FUN,3526,4404.31,428,83,11,1.25,2010-03-25 14:22:00,2011-11-13 13:42:00,8.238317757009346
21279,VINTAGE KITCHEN PRINT FRUITS,3521,1606.53,99,58,6,2.55,2009-12-07 18:02:00,2011-12-04 14:55:00,35.56565656565657
22892,SET OF SALT AND PEPPER TOADSTOOLS,3520,4322.06,295,57,10,1.25,2010-10-15 11:45:00,2011-11-22 11:34:00,11.932203389830509
22089,PAPER BUNTING VINTAGE PAISLEY,3494,10267.95,550,98,10,2.95,2009-12-07 11:35:00,2011-11-28 14:39:00,6.352727272727273
23215,JINGLE BELL HEART ANTIQUE SILVER,3492,6880.4400000000005,201,23,4,2.08,2011-06-01 12:19:00,2011-12-04 15:00:00,17.37313432835821
47599B,BLUE PARTY BAGS,3492,6662.54,286,93,15,2.1,2010-01-11 09:53:00,2011-12-02 16:04:00,12.20979020979021
21260,FIRST AID TIN,3477,11447.02,524,101,19,3.25,2009-12-07 13:57:00,2011-12-02 16:39:00,6.635496183206107
22052,VINTAGE CARAVAN GIFT WRAP,3475,1439.5,126,55,10,0.42,2009-12-09 15:20:00,2011-07-11 14:10:00,27.57936507936508
22432,WATERING CAN PINK BUNNY,3471,6623.69,513,88,15,1.95,2010-02-18 15:19:00,2011-11-30 15:13:00,6.766081871345029
23275,SET OF 3 HANGING OWLS OLLIE BEAK,3471,4197.16,300,27,11,1.25,2011-06-02 12:37:00,2011-12-04 15:00:00,11.57
20774,GREEN FERN NOTEBOOK,3468,936.0799999999999,116,53,4,1.65,2009-12-07 12:26:00,2011-10-04 16:33:00,29.896551724137932
22904,CALENDAR PAPER CUT DESIGN,3467,10755.050000000001,463,60,15,2.95,2010-09-19 14:51:00,2011-11-17 12:43:00,7.4881209503239745
22940,FELTCRAFT CHRISTMAS FAIRY,3462,15131.28,573,47,14,4.25,2010-09-06 12:04:00,2011-12-04 14:40:00,6.041884816753926
16048,TEATIME ROUND PENCIL SHARPENER,3460,536.23,104,57,7,0.12,2009-12-07 18:02:00,2011-12-01 16:22:00,33.26923076923077
22339,CHRISTMAS TREE PAINTED ZINC,3448,1337.3600000000001,141,39,9,0.63,2009-12-07 18:02:00,2011-11-20 10:15:00,24.45390070921986
22572,ROCKING HORSE GREEN CHRISTMAS,3439,3087.18,362,49,13,0.85,2010-07-22 15:06:00,2011-11-29 16:23:00,9.5
22920,HERB MARKER BASIL,3436,2166.9900000000002,243,48,8,0.65,2010-11-21 16:11:00,2011-12-02 17:04:00,14.139917695473251
84536B,FAIRY CAKES NOTEBOOK A7 SIZE,3431,1517.71,386,99,10,0.42,2009-12-07 17:56:00,2011-12-01 16:22:00,8.88860103626943
21888,BINGO SET,3427,13429.43,799,102,19,3.75,2009-12-07 15:15:00,2011-12-04 14:15:00,4.289111389236545
20961,STRAWBERRY BATH SPONGE,3426,4534.77,491,97,13,1.25,2009-12-07 11:47:00,2011-12-02 11:45:00,6.977596741344196
22341,LOVE GARLAND PAINTED ZINC,3425,5619.61,233,88,7,1.65,2009-12-07 08:53:00,2011-11-29 16:47:00,14.699570815450643
22402,MAGNETS PACK OF 4 VINTAGE COLLAGE,3423,3009.66,246,78,13,1.25,2010-03-26 13:46:00,2011-12-04 13:59:00,13.914634146341463
46000S,POLYESTER FILLER PAD 40x40cm,3421,4960.45,372,97,10,1.45,2009-12-07 09:42:00,2011-12-04 12:17:00,9.196236559139784
21890,S/6 WOODEN SKITTLES IN COTTON BAG,3420,10210.050000000001,521,99,15,2.95,2009-12-07 17:56:00,2011-12-02 12:59:00,6.564299424184261
51014L,"FEATHER PEN,LIGHT PINK",3411,2193.6499999999996,222,79,10,0.83,2009-12-09 10:46:00,2011-12-04 14:15:00,15.364864864864865
22127,PARTY CONES CARNIVAL ASSORTED,3408,4078.11,151,57,11,1.25,2009-12-07 13:48:00,2011-03-23 12:24:00,22.56953642384106
22066,LOVE HEART TRINKET POT,3407,2692.7999999999997,270,84,9,1.45,2009-12-08 17:41:00,2011-12-04 11:55:00,12.618518518518519
22733,3D TRADITIONAL CHRISTMAS STICKERS,3406,4376.66,328,39,12,1.25,2010-09-17 13:38:00,2011-12-04 14:15:00,10.384146341463415
48116,DOORMAT MULTICOLOUR STRIPE,3403,20276.84,479,86,8,7.49,2009-12-07 18:02:00,2011-11-30 14:46:00,7.104384133611691
21355,TOAST ITS - I LOVE YOU,3401,4152.9800000000005,331,75,11,1.25,2009-12-07 17:56:00,2011-11-27 16:27:00,10.274924471299094
85221,ASSORTED COLOUR SILK COIN PURSE,3401,1592.29,42,17,3,1.25,2009-12-08 15:00:00,2010-05-10 13:28:00,80.97619047619048
23326,HANGING MINI COLOURED BOTTLES,3386,2186.48,72,16,7,0.63,2011-08-11 12:53:00,2011-12-02 11:53:00,47.02777777777778
22792,FLUTED ANTIQUE CANDLE HOLDER,3380,3140.4199999999996,254,54,3,0.85,2010-10-22 13:11:00,2011-12-04 15:00:00,13.307086614173228
22299,PIG KEYRING WITH LIGHT & SOUND,3358,4109.38,187,70,8,1.25,2009-12-07 13:48:00,2011-12-04 10:56:00,17.9572192513369
21903,MAN FLU METAL SIGN,3356,6740.35,397,98,7,2.1,2009-12-07 11:29:00,2011-12-04 13:32:00,8.453400503778338
22817,CARD SUKI BIRTHDAY,3355,1419.36,349,62,8,0.42,2010-09-16 09:54:00,2011-12-04 15:18:00,9.613180515759312
22431,WATERING CAN BLUE ELEPHANT,3350,6735.73,615,91,11,1.95,2010-02-22 10:24:00,2011-12-02 16:38:00,5.4471544715447155
21801,CHRISTMAS TREE DECORATION WITH BELL,3349,1443.03,253,57,4,0.42,2009-12-07 17:56:00,2011-10-30 11:22:00,13.237154150197629
16219,HOUSE SHAPE PENCIL SHARPENER,3347,493.72999999999996,124,59,6,0.21,2009-12-10 09:49:00,2011-12-02 16:39:00,26.991935483870968
85227,SET OF 6 3D KIT CARDS FOR KIDS,3347,2995.48,421,94,14,0.85,2009-12-07 16:40:00,2011-12-04 13:15:00,7.950118764845605
22754,SMALL RED BABUSHKA NOTEBOOK,3338,2894.8199999999997,459,66,14,0.85,2010-08-08 10:55:00,2011-12-04 15:28:00,7.272331154684096
23192,BUNDLE OF 3 ALPHABET EXERCISE BOOKS,3337,5847.69,337,30,11,1.65,2011-05-10 09:58:00,2011-12-04 15:00:00,9.90207715133531
22815,CARD PSYCHEDELIC APPLES,3336,1427.79,331,61,9,0.42,2010-09-16 09:54:00,2011-12-02 16:39:00,10.078549848942599
22984,CARD GINGHAM ROSE,3336,1364.86,212,62,12,0.42,2010-09-12 14:34:00,2011-12-01 11:20:00,15.735849056603774
20773,BLUE PAISLEY NOTEBOOK,3330,949.13,113,56,3,1.65,2009-12-07 12:32:00,2011-09-12 13:43:00,29.469026548672566
20963,APPLE BATH SPONGE,3329,4487.25,483,100,12,1.25,2009-12-07 17:56:00,2011-12-04 13:32:00,6.892339544513457
21280,VINTAGE KITCHEN PRINT VEGETABLES,3327,1785.14,69,47,5,2.55,2009-12-10 20:16:00,2011-11-09 17:47:00,48.21739130434783
22049,WRAP CHRISTMAS SCREEN PRINT,3325,942.25,108,26,5,0.19,2009-12-10 14:50:00,2011-10-20 10:34:00,30.787037037037038
22755,SMALL PURPLE BABUSHKA NOTEBOOK,3323,2889.72,470,67,12,0.85,2010-08-06 17:36:00,2011-12-04 13:59:00,7.0702127659574465
22581,WOOD STOCKING CHRISTMAS SCANDISPOT,3312,2729.04,362,43,10,0.85,2010-07-18 11:31:00,2011-12-04 15:18:00,9.149171270718233
85199L,LARGE HANGING IVORY & RED WOOD BIRD,3310,2186.2200000000003,263,90,9,0.65,2009-12-07 17:56:00,2011-11-29 15:06:00,12.585551330798479
21992,VINTAGE PAISLEY STATIONERY SET,3307,6703.36,651,99,10,2.46,2009-12-07 17:56:00,2011-11-15 14:48:00,5.0798771121351765
20674,GREEN POLKADOT BOWL,3303,4218.58,455,101,15,1.25,2009-12-07 18:02:00,2011-12-02 16:07:00,7.259340659340659
21533,RETRO SPOT LARGE MILK JUG,3295,16360.95,931,102,17,4.95,2009-12-07 14:10:00,2011-12-02 14:48:00,3.539205155746509
23188,VINTAGE  2 METER FOLDING RULER,3292,6122.9,315,25,7,1.65,2011-06-14 09:43:00,2011-12-04 14:45:00,10.450793650793651
21788,KIDS RAIN MAC BLUE,3290,2647.74,197,83,14,0.85,2009-12-07 13:32:00,2011-12-02 13:12:00,16.700507614213198
22545,MINI JIGSAW BUNNIES,3288,1386.25,177,76,10,0.42,2010-03-26 13:46:00,2011-12-02 12:59:00,18.576271186440678
23351,ROLL WRAP 50'S CHRISTMAS,3284,4408.23,321,18,10,1.25,2011-08-04 16:17:00,2011-12-04 15:00:00,10.230529595015577
22819,"BIRTHDAY CARD, RETRO SPOT",3283,1389.56,322,61,13,0.42,2010-09-20 10:20:00,2011-12-02 16:39:00,10.195652173913043
22752,SET 7 BABUSHKA NESTING BOXES,3280,27350.800000000003,677,68,17,8.5,2010-08-06 15:02:00,2011-12-01 17:20:00,4.844903988183161
22132,RED LOVE HEART SHAPE CUP,3280,2919.54,373,97,14,0.85,2009-12-07 08:24:00,2011-12-01 16:22:00,8.793565683646113
35957,SMALLFOLKART BAUBLE CHRISTMAS DEC,3260,1172.97,138,31,3,1.66,2009-12-07 11:39:00,2011-01-13 09:30:00,23.6231884057971
21527,RED RETROSPOT TRADITIONAL TEAPOT,3252,24199.32,801,65,15,7.95,2009-12-07 10:41:00,2011-05-15 16:02:00,4.059925093632959
22050,PINK PAISLEY ROSE GIFT WRAP,3250,1333.0,113,67,12,0.42,2009-12-07 11:41:00,2011-11-10 09:57:00,28.761061946902654
22906,12 MESSAGE CARDS WITH ENVELOPES,3242,6015.63,434,61,7,1.65,2010-09-19 13:05:00,2011-12-04 13:32:00,7.470046082949309
22737,RIBBON REEL CHRISTMAS PRESENT,3239,5777.8,484,45,11,1.65,2010-09-16 12:20:00,2011-12-04 13:32:00,6.6921487603305785
20776,ABSTRACT CIRCLES NOTEBOOK,3239,801.31,81,28,5,1.65,2009-12-07 11:20:00,2010-09-17 14:50:00,39.98765432098765
22148,EASTER CRAFT 4 CHICKS,3232,6470.54,297,49,14,1.95,2009-12-13 10:54:00,2011-12-04 11:50:00,10.882154882154882
22427,ENAMEL FLOWER JUG CREAM,3210,19273.280000000002,798,70,11,5.95,2010-05-14 15:14:00,2011-11-28 14:26:00,4.022556390977444
17033,"BROCADE PURSE,SMALL ARCH BUTTON",3198,844.06,64,25,1,0.29,2009-12-07 11:39:00,2010-10-19 12:48:00,49.96875
22291,"SPRING DEC , HANGING CHICK CREAM",3190,4408.58,263,64,5,1.45,2009-12-17 15:44:00,2011-11-25 14:53:00,12.129277566539924
23198,PANTRY MAGNETIC  SHOPPING LIST,3185,4796.71,454,24,15,1.45,2011-06-22 14:24:00,2011-12-04 12:52:00,7.015418502202643
21832,CHOCOLATE CALCULATOR,3184,5551.46,436,96,13,1.65,2009-12-07 13:24:00,2011-12-02 13:38:00,7.302752293577981
23168,CLASSIC CAFE SUGAR DISPENSER,3178,4391.72,322,30,8,1.25,2011-05-12 08:42:00,2011-12-04 14:55:00,9.869565217391305
21807,WHITE CHRISTMAS STAR DECORATION,3173,1396.11,165,41,4,0.42,2009-12-07 17:56:00,2011-11-22 15:43:00,19.23030303030303
22651,GENTLEMAN SHIRT REPAIR KIT,3165,2706.12,264,64,10,0.85,2010-07-20 15:28:00,2011-12-02 16:39:00,11.988636363636363
20969,RED FLORAL FELTCRAFT SHOULDER BAG,3165,11736.2,586,99,11,3.75,2009-12-07 18:02:00,2011-12-04 14:40:00,5.401023890784983
21413,PERIWINKLE T-LIGHT HOLDER,3162,1131.14,52,32,1,1.25,2009-12-08 15:49:00,2011-11-13 15:29:00,60.80769230769231
47503K,ASSORTED FLORAL SECATEURS,3152,1340.69,40,23,3,1.95,2009-12-08 08:48:00,2010-06-21 16:04:00,78.8
23175,REGENCY MILK JUG PINK,3143,9494.01,319,28,15,3.25,2011-05-10 10:34:00,2011-12-02 16:39:00,9.852664576802507
22898,CHILDRENS APRON APPLES DESIGN,3136,6487.37,461,62,12,1.95,2010-09-26 12:51:00,2011-12-04 16:07:00,6.802603036876356
23546,WRAP PAISLEY PARK,3125,1312.5,116,20,14,0.42,2011-07-19 11:57:00,2011-12-02 13:49:00,26.939655172413794
22051,BLUE SCANDINAVIAN PAISLEY WRAP,3125,1296.5,114,67,10,0.42,2009-12-07 11:41:00,2011-11-24 17:06:00,27.412280701754387
22543,MINI JIGSAW BAKE A CAKE,3121,1256.9099999999999,111,63,10,0.42,2010-03-26 13:46:00,2011-11-27 11:57:00,28.117117117117118
21422,PORCELAIN ROSE SMALL,3120,2585.17,145,73,4,0.85,2009-12-09 13:31:00,2011-11-28 15:54:00,21.517241379310345
21588,RETROSPOT GIANT TUBE MATCHES,3117,7235.55,271,79,6,2.55,2009-12-08 15:12:00,2011-12-02 16:14:00,11.501845018450185
17109C,FLOWER FAIRY INCENSE ROSE,3116,647.71,12,8,2,1.69,2009-12-09 14:48:00,2010-03-03 11:53:00,259.6666666666667
22091,EMPIRE TISSUE BOX,3114,2390.01,308,86,7,1.25,2009-12-07 17:56:00,2011-12-02 12:36:00,10.11038961038961
22575,METAL MERRY CHRISTMAS WREATH,3112,6697.76,329,44,10,1.95,2010-07-18 15:45:00,2011-11-21 14:34:00,9.458966565349543
23000,TRAVEL CARD WALLET TRANSPORT,3110,1338.99,270,42,9,0.42,2011-02-16 16:56:00,2011-12-04 14:09:00,11.518518518518519
22171,3 HOOK PHOTO SHELF ANTIQUE WHITE,3108,23420.83,647,99,10,8.5,2009-12-07 17:18:00,2011-12-04 12:44:00,4.80370942812983
22109,FULL ENGLISH BREAKFAST PLATE,3105,12699.83,600,101,10,3.75,2009-12-07 11:51:00,2011-12-04 13:45:00,5.175
22624,IVORY KITCHEN SCALES,3099,26761.13,1196,78,19,8.5,2010-05-04 10:02:00,2011-12-04 15:19:00,2.5911371237458196
21090,SET/6 COLLAGE PAPER PLATES,3093,1719.6699999999998,275,76,10,0.83,2009-12-16 12:11:00,2011-12-01 12:54:00,11.247272727272728
23583,LUNCH BAG PAISLEY PARK,3087,4958.51,289,6,8,1.65,2011-10-25 09:31:00,2011-12-04 15:19:00,10.681660899653979
48129,DOORMAT TOPIARY,3087,19311.33,527,99,10,7.95,2009-12-07 09:42:00,2011-12-04 15:35:00,5.857685009487666
22750,FELTCRAFT PRINCESS LOLA DOLL,3087,11540.26,633,62,16,3.75,2010-09-06 12:04:00,2011-12-04 15:00:00,4.876777251184834
22129,PARTY CONES CANDY TREE DECORATION,3084,2944.04,165,70,14,0.85,2009-12-08 13:02:00,2011-12-02 16:39:00,18.69090909090909
23367,SET 12 COLOUR PENCILS SPACEBOY,3072,2336.3,262,11,12,0.65,2011-09-22 11:46:00,2011-12-04 13:45:00,11.725190839694656
84929,ASSTD FRUIT+FLOWERS FRIDGE MAGNETS,3072,994.32,92,56,9,0.19,2009-12-16 14:59:00,2011-11-24 13:27:00,33.391304347826086
22576,SWALLOW WOODEN CHRISTMAS DECORATION,3054,2759.42,318,46,13,0.85,2010-07-18 11:31:00,2011-12-02 11:28:00,9.60377358490566
85006,SET 4 NURSERY DES ROUND BOXES,3043,1271.61,36,27,6,2.95,2009-12-14 12:24:00,2011-04-27 14:58:00,84.52777777777777
21650,ASSORTED TUTTI FRUTTI BRACELET,3040,1055.31,185,68,6,0.65,2009-12-07 15:28:00,2011-12-02 16:39:00,16.43243243243243
21590,KINGS CHOICE CIGAR BOX MATCHES,3038,3656.14,267,47,3,1.25,2009-12-07 15:42:00,2010-11-10 15:16:00,11.378277153558052
23174,REGENCY SUGAR BOWL GREEN,3035,12226.31,313,30,18,4.15,2011-05-10 10:34:00,2011-12-02 16:39:00,9.696485623003195
23349,ROLL WRAP VINTAGE CHRISTMAS,3031,4009.5099999999998,311,18,8,1.25,2011-08-04 15:23:00,2011-12-04 13:32:00,9.745980707395498
22327,ROUND SNACK BOXES SET OF 4 SKULLS,3029,9769.310000000001,631,98,14,2.95,2010-01-10 12:13:00,2011-12-04 14:15:00,4.800316957210777
22613,PACK OF 20 SPACEBOY NAPKINS,3026,2397.73,270,75,14,0.85,2010-05-06 11:50:00,2011-12-04 12:44:00,11.207407407407407
23322,LARGE WHITE HEART OF WICKER,3018,8713.560000000001,545,26,6,2.95,2011-06-12 12:01:00,2011-12-04 13:59:00,5.537614678899082
72756,FAIRY CAKE CANDLES,3015,4077.6299999999997,88,6,5,1.49,2009-12-07 11:41:00,2010-06-15 12:11:00,34.26136363636363
22599,CHRISTMAS MUSICAL ZINC STAR,3007,1913.3799999999999,177,34,7,0.83,2010-07-25 12:16:00,2011-12-04 13:59:00,16.98870056497175
22729,ALARM CLOCK BAKELIKE ORANGE,2999,11864.0,612,62,12,3.75,2010-09-24 10:29:00,2011-12-04 14:51:00,4.900326797385621
85232B,SET/3 RUSSIAN DOLL STACKING TINS,2997,14999.410000000002,521,55,15,4.95,2009-12-07 13:35:00,2011-02-11 13:53:00,5.752399232245681
85066,CREAM SWEETHEART MINI CHEST,2980,37235.31,905,98,13,12.75,2009-12-07 11:46:00,2011-12-04 12:52:00,3.292817679558011
22207,FRYING PAN UNION FLAG,2971,12712.21,453,98,7,4.25,2009-12-07 13:35:00,2011-11-30 15:13:00,6.558498896247241
21395,BLUE POLKADOT BEAKER,2968,1401.6,115,47,10,0.39,2009-12-07 13:35:00,2011-11-03 16:56:00,25.808695652173913
22665,RECIPE BOX BLUE SKETCHBOOK DESIGN,2955,9589.84,703,72,14,2.95,2010-07-11 12:00:00,2011-11-25 11:36:00,4.203413940256046
84032A,CHARLIE+LOLA PINK HOT WATER BOTTLE,2953,7941.62,618,88,8,2.95,2009-12-07 13:07:00,2011-12-02 16:39:00,4.7783171521035595
22353,LUNCH BOX WITH CUTLERY FAIRY CAKES,2953,7675.009999999999,470,58,15,2.55,2009-12-07 10:41:00,2011-05-08 12:58:00,6.282978723404256
23165,LARGE CERAMIC TOP STORAGE JAR,2952,4889.44,271,30,9,1.65,2011-05-12 10:10:00,2011-12-02 16:39:00,10.892988929889299
21770,OPEN CLOSED METAL SIGN,2942,14549.29,629,63,21,4.95,2009-12-08 12:54:00,2011-12-04 11:56:00,4.677265500794912
79029,GLASS HONEYPOT WASP CATCHER,2930,5441.82,338,34,5,1.95,2009-12-07 15:15:00,2010-08-09 14:39:00,8.668639053254438
21561,DINOSAUR LUNCH BOX WITH CUTLERY,2929,7187.45,507,100,14,2.55,2009-12-08 11:13:00,2011-12-02 10:47:00,5.777120315581854
20682,RED RETROSPOT CHILDRENS UMBRELLA,2925,9696.86,570,100,19,3.25,2009-12-07 11:39:00,2011-12-04 16:07:00,5.131578947368421
22731,3D CHRISTMAS STAMPS STICKERS,2922,3909.8,257,36,7,1.25,2010-09-16 13:12:00,2011-12-04 14:15:00,11.369649805447471
23376,PACK OF 12 VINTAGE CHRISTMAS TISSUE,2918,1329.8,142,14,3,0.39,2011-09-01 11:30:00,2011-12-04 11:45:00,20.549295774647888
85049C,ROMANTIC PINKS RIBBONS,2917,3663.87,489,95,15,1.25,2009-12-07 18:02:00,2011-12-04 12:52:00,5.965235173824131
22622,BOX OF VINTAGE ALPHABET BLOCKS,2917,29108.82,562,82,17,9.95,2010-05-07 10:44:00,2011-12-01 12:39:00,5.190391459074733
22653,BUTTON BOX,2915,5424.71,371,67,8,1.95,2010-07-19 10:31:00,2011-12-02 16:39:00,7.857142857142857
21809,CHRISTMAS HANGING TREE WITH BELL,2914,2327.38,194,43,6,1.25,2009-12-08 11:46:00,2011-11-28 15:54:00,15.02061855670103
20749,ASSORTED COLOUR MINI CASES,2910,21062.93,747,100,21,7.95,2009-12-07 13:49:00,2011-12-04 12:02:00,3.895582329317269
21084,SET/6 COLLAGE PAPER CUPS,2906,996.66,219,70,9,0.65,2009-12-10 09:49:00,2011-12-01 13:33:00,13.269406392694064
84032B,CHARLIE + LOLA RED HOT WATER BOTTLE,2904,7118.410000000001,556,89,8,2.95,2009-12-07 11:39:00,2011-12-04 14:55:00,5.223021582733813
21648,ASSORTED TUTTI FRUTTI SMALL PURSE,2901,3892.22,222,75,9,1.25,2009-12-07 13:49:00,2011-11-29 16:33:00,13.067567567567568
85015,SET OF 12  VINTAGE POSTCARD SET,2901,2735.85,248,86,17,2.51,2009-12-07 12:32:00,2011-12-02 13:49:00,11.69758064516129
22746,POPPY'S PLAYHOUSE LIVINGROOM,2891,6653.26,557,62,17,2.1,2010-09-24 16:50:00,2011-12-04 14:51:00,5.190305206463195
20966,SANDWICH BATH SPONGE,2888,4078.21,404,71,9,1.25,2009-12-07 13:35:00,2011-08-24 10:22:00,7.148514851485149
22057,CERAMIC PLATE STRAWBERRY DESIGN,2885,3921.16,246,79,7,1.49,2009-12-09 09:51:00,2011-12-04 12:14:00,11.727642276422765
35004C,SET OF 3 COLOURED  FLYING DUCKS,2884,15066.43,345,62,5,5.45,2009-12-07 08:24:00,2011-03-07 14:33:00,8.359420289855073
85230F,JASMINE VOTIVE CANDLE,2872,704.2399999999999,58,39,5,0.29,2009-12-13 11:34:00,2011-11-10 13:28:00,49.51724137931034
22508,DOORSTOP RETROSPOT HEART,2868,11498.4,691,89,13,3.75,2010-03-11 10:26:00,2011-12-04 12:52:00,4.150506512301013
21789,KIDS RAIN MAC PINK,2861,2382.67,211,81,15,0.85,2009-12-07 17:56:00,2011-12-02 16:39:00,13.559241706161137
47503A,ASS FLORAL PRINT MULTI SCREWDRIVER,2851,1400.3700000000001,194,61,10,0.42,2010-04-21 15:24:00,2011-11-28 12:14:00,14.695876288659793
23507,MINI PLAYING CARDS BUFFALO BILL,2849,1139.76,112,11,10,0.42,2011-09-22 14:11:00,2011-12-04 13:15:00,25.4375
22098,BOUDOIR SQUARE TISSUE BOX,2847,1928.38,304,90,11,1.25,2009-12-07 15:42:00,2011-12-04 12:44:00,9.365131578947368
37447,CERAMIC CAKE DESIGN SPOTTED PLATE,2844,4465.139999999999,353,96,13,1.49,2009-12-07 17:56:00,2011-12-02 11:12:00,8.056657223796034
22915,ASSORTED BOTTLE TOP  MAGNETS,2837,1376.96,180,48,14,0.42,2010-11-19 13:09:00,2011-12-04 13:54:00,15.761111111111111
22588,CARD HOLDER GINGHAM HEART,2837,7724.76,478,54,13,2.55,2010-07-16 15:26:00,2011-12-02 16:39:00,5.935146443514644
82001S,VINYL RECORD FRAME SILVER,2836,10174.98,221,82,5,3.75,2009-12-07 12:56:00,2011-11-30 13:22:00,12.832579185520363
85111,SILVER GLITTER FLOWER VOTIVE HOLDER,2832,931.4399999999999,74,42,2,0.29,2010-01-31 14:25:00,2011-12-02 16:39:00,38.270270270270274
16008,SMALL FOLDING SCISSOR(POINTED EDGE),2829,385.52,82,42,8,0.12,2010-03-19 14:02:00,2011-12-04 15:13:00,34.5
22532,MAGIC DRAWING SLATE LEAP FROG,2828,1086.82,173,66,9,0.42,2010-03-28 13:38:00,2011-11-30 17:37:00,16.346820809248555
22895,SET OF 2 TEA TOWELS APPLE AND PEARS,2828,8566.460000000001,404,62,13,3.25,2010-09-24 16:50:00,2011-12-04 14:15:00,7.0
22999,TRAVEL CARD WALLET VINTAGE LEAF,2826,1220.75,214,42,8,0.42,2011-02-17 12:51:00,2011-12-04 14:09:00,13.205607476635514
22672,FRENCH BATHROOM SIGN BLUE METAL,2822,4683.349999999999,365,66,9,1.65,2010-08-17 11:21:00,2011-12-02 13:32:00,7.7315068493150685
85217,ASSORTED ICE CREAM FRIDGE MAGNETS,2813,1931.19,158,37,11,0.65,2009-12-09 09:42:00,2010-09-09 15:44:00,17.803797468354432
23306,SET OF 36 DOILIES PANTRY DESIGN,2807,4120.46,276,27,13,1.45,2011-06-05 11:29:00,2011-12-04 12:32:00,10.170289855072463
85212,MINI PAINTED GARDEN DECORATION,2806,1087.8999999999999,119,66,5,0.85,2009-12-07 18:02:00,2011-11-29 12:09:00,23.57983193277311
21680,WOODLAND  STICKERS,2804,2432.96,256,87,9,0.85,2009-12-08 16:09:00,2011-12-02 16:39:00,10.953125
23313,VINTAGE CHRISTMAS BUNTING,2796,14779.08,373,21,9,4.95,2011-07-12 15:15:00,2011-12-04 15:13:00,7.49597855227882
22566,FELTCRAFT HAIRBAND PINK AND PURPLE,2793,2327.91,284,77,7,0.85,2010-03-10 12:39:00,2011-12-02 12:59:00,9.834507042253522
21163,DO NOT TOUCH MY STUFF DOOR HANGER,2792,1744.34,247,82,4,1.45,2009-12-09 09:42:00,2011-10-28 12:34:00,11.303643724696355
22040,BOTANICAL ROSE GIFT WRAP,2790,1133.8,93,60,6,0.42,2009-12-17 12:30:00,2011-11-17 10:01:00,30.0
20751,FUNKY WASHING UP GLOVES ASSORTED,2786,5911.960000000001,462,101,13,2.1,2009-12-07 11:40:00,2011-12-04 12:32:00,6.03030303030303
22115,METAL SIGN EMPIRE TEA,2782,5481.14,481,99,7,2.95,2009-12-07 17:56:00,2011-12-04 15:19:00,5.783783783783784
84509F,SET OF 4 NEW ENGLAND PLACEMATS,2780,2452.35,45,30,4,3.75,2009-12-10 17:04:00,2010-11-10 10:50:00,61.77777777777778
22774,RED DRAWER KNOB ACRYLIC EDWARDIAN,2779,3576.06,183,53,8,1.25,2010-10-17 11:23:00,2011-11-30 15:13:00,15.185792349726777
22989,SET 2 PANTRY DESIGN TEA TOWELS,2778,8855.22,360,44,18,3.25,2011-02-03 17:01:00,2011-12-04 14:15:00,7.716666666666667
85216,ASSORTED CAKES FRIDGE MAGNETS,2776,2099.6400000000003,181,55,11,0.65,2009-12-07 15:42:00,2011-11-18 12:48:00,15.337016574585636
22709,WRAP WEDDING DAY,2774,1089.08,76,49,10,0.42,2010-06-02 11:11:00,2011-10-25 08:26:00,36.5
22433,WATERING CAN GREEN DINOSAUR,2771,5170.45,420,86,14,1.95,2010-02-18 18:33:00,2011-11-30 15:13:00,6.597619047619047
16012,FOOD/DRINK SPONGE STICKERS,2768,580.08,79,49,6,0.21,2009-12-13 14:01:00,2011-12-04 14:09:00,35.037974683544306
22350,ILLUSTRATED CAT BOWL,2768,7684.12,315,90,9,2.55,2009-12-07 12:58:00,2011-12-02 13:12:00,8.787301587301588
21824,PAINTED METAL STAR WITH HOLLY BELLS,2759,2314.93,207,40,5,1.45,2009-12-09 09:42:00,2011-11-15 12:02:00,13.328502415458937
21278,VINTAGE KITCHEN PRINT PUDDINGS,2758,1654.4499999999998,118,49,8,2.55,2009-12-08 15:49:00,2011-07-15 14:05:00,23.372881355932204
21993,FLORAL FOLK STATIONERY SET,2755,5004.99,553,94,11,2.46,2009-12-07 15:42:00,2011-12-04 12:52:00,4.981916817359855
22292,HANGING CHICK  YELLOW DECORATION,2755,3738.9399999999996,221,69,5,1.45,2009-12-17 15:44:00,2011-11-25 14:53:00,12.46606334841629
22494,EMERGENCY FIRST AID TIN,2752,3700.15,461,96,22,1.25,2010-01-29 13:53:00,2011-12-04 14:55:00,5.969631236442516
23571,TRADITIONAL NAUGHTS & CROSSES,2752,6228.9,237,7,8,1.65,2011-10-21 14:23:00,2011-12-04 16:02:00,11.611814345991561
21447,12 IVORY ROSE PEG PLACE SETTINGS,2750,3808.81,333,89,8,1.25,2009-12-07 15:42:00,2011-09-21 15:43:00,8.258258258258259
22478,BIRDHOUSE GARDEN MARKER,2746,3808.65,312,86,11,1.25,2010-03-05 10:37:00,2011-12-04 10:53:00,8.801282051282051
21217,RED RETROSPOT ROUND CAKE TINS,2745,28093.199999999997,890,101,18,9.95,2009-12-07 11:46:00,2011-12-02 14:48:00,3.0842696629213484
22048,BIRTHDAY BANQUET GIFT WRAP,2740,1134.8,99,63,9,0.42,2009-12-14 13:19:00,2011-11-09 17:47:00,27.67676767676768
16049,TEATIME GEL PENS ASST,2737,508.64,31,19,1,0.42,2009-12-09 16:24:00,2011-05-25 11:44:00,88.29032258064517
23210,WHITE ROCKING HORSE HAND PAINTED,2733,3388.38,173,26,13,1.25,2011-06-02 09:04:00,2011-12-04 16:08:00,15.797687861271676
23173,REGENCY TEAPOT ROSES,2732,24462.33,405,30,17,9.95,2011-05-10 10:34:00,2011-12-02 16:39:00,6.745679012345679
21713,CITRONELLA CANDLE FLOWERPOT,2730,5137.110000000001,389,87,4,2.1,2009-12-08 15:49:00,2011-12-04 14:55:00,7.017994858611825
22095,LADS ONLY TISSUE BOX,2724,2817.55,267,74,2,1.25,2009-12-07 13:59:00,2011-12-02 16:39:00,10.202247191011235
21201,TROPICAL  HONEYCOMB PAPER GARLAND,2719,6438.95,229,93,7,2.55,2009-12-09 10:41:00,2011-11-30 15:13:00,11.873362445414847
22715,CARD WEDDING DAY,2717,1133.93,218,67,12,0.42,2010-06-01 15:01:00,2011-11-27 13:26:00,12.463302752293577
37444A,YELLOW BREAKFAST CUP AND SAUCER,2704,539.41,41,34,3,2.95,2009-12-07 18:02:00,2011-07-13 12:06:00,65.95121951219512
47587A,PINK FAIRY CAKE COASTER,2703,1094.78,24,13,3,1.66,2009-12-10 09:49:00,2010-05-14 12:05:00,112.625
22893,MINI CAKE STAND T-LIGHT HOLDER,2694,1294.75,180,54,8,0.42,2010-10-15 13:48:00,2011-11-30 15:13:00,14.966666666666667
21539,RED RETROSPOT BUTTER DISH,2689,13334.380000000001,695,98,11,4.95,2009-12-07 13:48:00,2011-11-01 14:54:00,3.869064748201439
22285,"DECORATION HEN ON NEST, HANGING",2688,4218.32,258,77,6,1.65,2009-12-08 15:49:00,2011-11-30 13:13:00,10.418604651162791
17084N,FAIRY DREAMS INCENSE,2688,622.41,181,80,1,0.42,2009-12-07 13:48:00,2011-11-28 15:31:00,14.850828729281767
84691,PACK 20 DOLLY PEGS,2686,2170.25,225,38,9,0.85,2009-12-07 13:48:00,2011-05-31 09:38:00,11.937777777777777
21123,SET/10 IVORY POLKADOT PARTY CANDLES,2682,3313.11,241,87,15,1.25,2009-12-13 13:53:00,2011-12-02 16:39:00,11.12863070539419
22899,CHILDREN'S APRON DOLLY GIRL,2676,5562.320000000001,407,61,15,2.1,2010-09-26 12:51:00,2011-12-04 11:24:00,6.574938574938575
21077,SET/20 WOODLAND PAPER NAPKINS,2675,1979.6599999999999,185,38,10,0.85,2009-12-07 13:48:00,2010-09-09 17:46:00,14.45945945945946
22964,3 PIECE SPACEBOY COOKIE CUTTER SET,2675,5571.990000000001,392,54,14,2.1,2010-11-21 13:46:00,2011-12-04 14:55:00,6.823979591836735
21745,GAOLERS KEYS DECORATIVE GARDEN,2666,9068.3,473,100,10,3.75,2009-12-07 13:57:00,2011-12-04 12:52:00,5.636363636363637
84535B,FAIRY CAKES NOTEBOOK A6 SIZE,2660,1728.43,318,97,12,0.65,2009-12-07 17:56:00,2011-11-30 14:41:00,8.364779874213836
16236,KITTY PENCIL ERASERS,2641,589.03,252,88,7,0.21,2009-12-07 13:59:00,2011-12-04 13:15:00,10.48015873015873
23328,SET 6 SCHOOL MILK BOTTLES IN CRATE,2641,12238.7,385,17,9,3.75,2011-08-08 15:42:00,2011-12-04 14:55:00,6.85974025974026
22358,KINGS CHOICE TEA CADDY,2637,8312.550000000001,597,99,12,2.95,2010-01-06 13:56:00,2011-12-04 11:45:00,4.417085427135678
21702,SET 5 MINI GATEAUX  FRIDGE MAGNETS,2636,918.6800000000001,8,5,5,1.69,2009-12-15 10:02:00,2010-02-15 11:57:00,329.5
85176,SEWING SUSAN 21 NEEDLE SET,2633,2181.92,291,91,8,0.85,2009-12-08 12:38:00,2011-12-02 16:39:00,9.048109965635739
21428,SET3 BOOK BOX GREEN GINGHAM FLOWER,2630,10766.32,447,83,18,4.25,2009-12-07 11:05:00,2011-12-01 16:22:00,5.883668903803132
23506,MINI PLAYING CARDS SPACEBOY,2630,1086.78,135,11,10,0.42,2011-09-22 12:02:00,2011-12-04 13:15:00,19.48148148148148
47504K,ENGLISH ROSE GARDEN SECATEURS,2624,3037.58,308,89,9,1.95,2009-12-11 12:31:00,2011-11-09 16:33:00,8.519480519480519
22343,PARTY PIZZA DISH RED RETROSPOT,2621,1650.9499999999998,174,78,13,0.85,2009-12-07 14:34:00,2011-12-04 12:32:00,15.063218390804598
22347,PIZZA SLICE DISH,2621,2988.55,102,30,5,1.25,2009-12-07 15:42:00,2010-08-20 14:07:00,25.69607843137255
22501,PICNIC BASKET WICKER LARGE,2612,30339.36,762,75,10,9.95,2010-05-21 16:37:00,2011-11-06 15:01:00,3.4278215223097113
21041,RED RETROSPOT OVEN GLOVE DOUBLE,2609,8868.78,507,76,9,2.95,2009-12-07 15:26:00,2011-11-23 14:07:00,5.145956607495069
22718,CARD CAT AND TREE,2593,1136.32,263,75,11,0.42,2010-06-01 13:49:00,2011-11-27 16:19:00,9.859315589353612
23508,MINI PLAYING CARDS DOLLY GIRL,2592,1145.06,114,11,10,0.42,2011-09-22 14:11:00,2011-12-04 11:45:00,22.736842105263158
22075,6 RIBBONS ELEGANT CHRISTMAS,2592,4304.82,317,66,7,1.65,2009-12-07 11:40:00,2011-12-04 15:35:00,8.176656151419559
22441,GROW YOUR OWN BASIL IN ENAMEL MUG,2591,5610.150000000001,464,83,11,2.1,2010-03-23 11:13:00,2011-12-04 14:55:00,5.584051724137931
23346,SPACEBOY BEAKER,2590,3057.58,173,20,12,1.25,2011-07-24 16:13:00,2011-12-04 12:01:00,14.971098265895954
22625,RED KITCHEN SCALES,2586,22548.86,935,77,20,8.5,2010-05-04 12:18:00,2011-12-04 15:19:00,2.7657754010695186
21806,WHITE CHRISTMAS HEART DECORATION,2581,1121.11,121,31,3,0.42,2009-12-07 13:46:00,2010-11-29 16:32:00,21.330578512396695
23350,ROLL WRAP VINTAGE SPOT,2568,3245.72,285,18,8,1.25,2011-08-04 15:23:00,2011-12-04 15:00:00,9.010526315789473
79323W,WHITE CHERRY LIGHTS,2564,15407.240000000002,304,23,5,6.75,2009-12-07 08:13:00,2010-09-16 09:07:00,8.43421052631579
21949,SET OF 6 STRAWBERRY CHOPSTICKS,2561,3104.29,254,82,11,1.25,2009-12-07 18:02:00,2011-12-02 12:24:00,10.082677165354331
23154,SET OF 4 JAM JAR MAGNETS,2558,5573.04,229,37,16,2.08,2011-03-25 11:01:00,2011-12-02 16:07:00,11.170305676855895
23157,SET OF 6 NATIVITY MAGNETS,2556,5138.93,162,24,11,2.08,2011-03-31 13:40:00,2011-11-29 16:47:00,15.777777777777779
17038,PORCELAIN BUDAH INCENSE HOLDER,2556,252.02,53,44,2,0.1,2009-12-14 15:57:00,2011-11-24 12:48:00,48.22641509433962
23158,SET OF 5 LUCKY CAT MAGNETS,2555,5318.79,240,37,11,2.08,2011-03-25 14:50:00,2011-12-02 16:39:00,10.645833333333334
22268,EASTER DECORATION SITTING BUNNY,2554,1271.29,236,62,4,0.85,2009-12-13 15:38:00,2011-11-10 15:32:00,10.822033898305085
85048,15CM CHRISTMAS GLASS BALL 20 LIGHTS,2554,20021.8,486,58,7,7.95,2009-12-07 08:24:00,2011-12-04 14:01:00,5.255144032921811
21158,MOODY GIRL DOOR HANGER,2546,1747.61,296,88,5,1.45,2009-12-14 13:23:00,2011-12-01 13:08:00,8.60135135135135
23570,TRADITIONAL PICK UP STICKS GAME,2545,4594.88,246,7,7,1.25,2011-10-21 13:13:00,2011-12-04 13:15:00,10.345528455284553
85038,6 CHOCOLATE LOVE HEART T-LIGHTS,2545,5358.410000000001,367,87,9,2.1,2009-12-07 13:24:00,2011-12-04 10:51:00,6.9346049046321525
21586,KINGS CHOICE GIANT TUBE MATCHES,2544,5919.3,232,72,5,2.55,2009-12-07 12:25:00,2011-11-07 11:16:00,10.96551724137931
22366,DOORMAT AIRMAIL,2536,17209.3,566,98,20,7.95,2010-01-04 16:11:00,2011-11-28 12:33:00,4.480565371024735
85042,ANTIQUE LILY FAIRY LIGHTS,2533,11505.19,271,45,5,4.95,2009-12-07 11:19:00,2010-11-16 12:50:00,9.346863468634686
22110,BIRD HOUSE HOT WATER BOTTLE,2530,8186.71,491,87,9,2.55,2009-12-07 11:39:00,2011-12-04 15:28:00,5.15274949083503
47503F,ASS FLORAL PRINT TORCH,2529,667.25,7,5,2,1.65,2009-12-09 14:48:00,2010-03-09 13:26:00,361.2857142857143
23445,ICE CREAM BUBBLES,2528,2045.0399999999997,96,15,9,0.83,2011-08-24 11:31:00,2011-12-01 12:01:00,26.333333333333332
22434,BALLOON PUMP WITH 10 BALLOONS,2526,4690.36,274,77,12,1.95,2010-04-07 13:34:00,2011-12-04 13:59:00,9.218978102189782
21845,DAIRY MAID STRIPE MUG,2521,3758.4100000000003,158,78,5,2.95,2009-12-09 09:42:00,2011-11-28 11:27:00,15.955696202531646
22814,CARD PARTY GAMES,2520,1069.05,286,60,13,0.42,2010-09-21 15:46:00,2011-12-02 16:39:00,8.811188811188812
22582,PACK OF 6 SWEETIE GIFT BOXES,2520,6317.26,293,78,18,2.55,2010-03-10 12:51:00,2011-12-04 12:32:00,8.600682593856655
22997,TRAVEL CARD WALLET UNION JACK,2514,1079.45,214,41,3,0.42,2011-02-17 13:47:00,2011-12-04 14:09:00,11.74766355140187
21491,SET OF THREE VINTAGE GIFT WRAPS,2513,4691.71,212,23,8,1.95,2009-12-07 12:13:00,2010-12-16 17:31:00,11.85377358490566
22607,WOODEN ROUNDERS GARDEN SET,2511,22679.2,735,70,8,8.5,2010-04-08 19:40:00,2011-12-04 14:55:00,3.416326530612245
21911,GARDEN METAL SIGN,2511,4023.0999999999995,339,64,7,1.65,2009-12-07 13:52:00,2011-04-15 10:42:00,7.407079646017699
23510,MINI PLAYING CARDS GYMKHANA,2509,1110.48,111,11,9,0.42,2011-09-22 14:11:00,2011-12-01 16:22:00,22.603603603603602
22654,DELUXE SEWING KIT,2509,16771.27,584,71,14,5.95,2010-07-19 11:59:00,2011-12-02 16:39:00,4.296232876712328
22085,PAPER CHAIN KIT SKULLS,2507,6774.68,221,91,11,2.95,2009-12-14 13:36:00,2011-11-30 16:43:00,11.343891402714933
22690,DOORMAT HOME SWEET HOME BLUE,2507,15658.3,430,69,15,7.95,2010-06-28 13:53:00,2011-12-04 10:11:00,5.830232558139535
51008,AFGHAN SLIPPER SOCK PAIR,2504,8033.8,77,40,7,3.45,2009-12-07 12:13:00,2011-11-27 13:26:00,32.51948051948052
23121,PACK OF 6 COCKTAIL PARASOL STRAWS,2500,1000.02,110,24,6,0.42,2011-06-17 12:22:00,2011-12-04 15:19:00,22.727272727272727
22941,CHRISTMAS LIGHTS 10 REINDEER,2498,20599.010000000002,462,31,14,8.5,2010-10-21 10:47:00,2011-12-04 15:35:00,5.406926406926407
21577,SAVE THE PLANET COTTON TOTE BAG,2492,5520.8,448,97,22,2.25,2009-12-07 09:18:00,2011-12-02 13:20:00,5.5625
22349,DOG BOWL CHASING BALL DESIGN,2491,10239.9,345,93,10,3.75,2009-12-07 13:07:00,2011-12-02 13:12:00,7.220289855072464
22360,GLASS JAR ENGLISH CONFECTIONERY,2489,7471.4800000000005,416,87,8,2.95,2009-12-13 13:39:00,2011-12-02 16:39:00,5.983173076923077
84828,JUNGLE POPSICLES ICE LOLLY HOLDERS,2488,3287.96,347,88,14,1.25,2009-12-09 09:51:00,2011-12-02 10:41:00,7.170028818443804
22736,RIBBON REEL MAKING SNOWMEN,2486,4421.01,398,45,12,1.65,2010-09-16 12:20:00,2011-12-04 14:51:00,6.2462311557788945
82599,FANNY'S REST STOPMETAL SIGN,2482,5420.14,499,72,6,2.1,2009-12-07 12:18:00,2011-05-08 12:36:00,4.973947895791583
22809,SET OF 6 T-LIGHTS SANTA,2482,7385.660000000001,365,35,9,2.95,2010-09-20 12:21:00,2011-12-02 16:07:00,6.8
22266,EASTER DECORATION HANGING BUNNY,2476,1027.57,159,57,3,0.65,2009-12-17 08:55:00,2011-12-04 15:19:00,15.572327044025156
23236,STORAGE TIN VINTAGE DOILY,2472,6984.78,319,26,20,2.89,2011-06-08 12:44:00,2011-12-04 13:54:00,7.7492163009404385
21880,RED RETROSPOT TAPE,2462,1273.49,321,92,13,0.43,2009-12-09 14:48:00,2011-12-04 16:07:00,7.669781931464175
84937,KASHMIR FOLKART TUMBLERS,2460,5204.02,117,21,6,2.1,2009-12-08 15:49:00,2010-05-07 17:49:00,21.025641025641026
21354,TOAST ITS - BEST MUM,2460,2960.54,213,67,9,1.25,2009-12-07 17:56:00,2011-12-01 11:18:00,11.549295774647888
22978,PANTRY ROLLING PIN,2457,9512.76,234,42,10,3.75,2011-02-17 13:28:00,2011-12-04 11:45:00,10.5
22725,ALARM CLOCK BAKELIKE CHOCOLATE,2456,10006.6,535,62,12,3.75,2010-09-24 13:04:00,2011-12-04 14:51:00,4.590654205607477
46000M,POLYESTER FILLER PAD 45x45cm,2453,3802.15,344,94,9,1.55,2009-12-07 15:55:00,2011-12-02 14:02:00,7.130813953488372
23340,VINTAGE CHRISTMAS CAKE FRILL,2452,3938.4799999999996,142,18,3,1.65,2011-07-31 15:31:00,2011-12-04 10:51:00,17.267605633802816
40001,WHITE BAMBOO RIBS LAMPSHADE,2448,1881.05,119,69,4,0.85,2009-12-10 15:56:00,2011-11-13 11:15:00,20.571428571428573
85230E,STRAWBRY SCENTED VOTIVE CANDLE,2445,628.41,66,47,3,0.29,2009-12-08 13:08:00,2011-09-11 15:44:00,37.04545454545455
20970,PINK FLORAL FELTCRAFT SHOULDER BAG,2445,9198.710000000001,554,102,12,3.75,2009-12-07 12:19:00,2011-12-04 15:00:00,4.413357400722021
22956,36 FOIL HEART CAKE CASES,2441,4837.030000000001,251,54,15,2.1,2010-11-04 16:16:00,2011-12-04 14:55:00,9.725099601593625
22400,MAGNETS PACK OF 4 HOME SWEET HOME,2441,2043.98,229,70,10,1.25,2010-03-30 12:27:00,2011-12-04 14:55:00,10.65938864628821
21245,GREEN POLKADOT PLATE,2432,4061.6499999999996,296,97,15,1.69,2009-12-08 12:33:00,2011-11-30 14:52:00,8.216216216216216
37450,CERAMIC CAKE BOWL + HANGING CAKES,2422,6946.13,382,95,13,2.95,2009-12-07 14:10:00,2011-12-04 15:19:00,6.340314136125654
22133,PINK LOVE HEART SHAPE CUP,2420,2213.63,315,98,12,0.85,2009-12-07 13:48:00,2011-12-01 16:22:00,7.682539682539683
23345,DOLLY GIRL BEAKER,2417,2837.7,165,20,11,1.25,2011-07-24 16:13:00,2011-12-04 12:01:00,14.648484848484848
22284,HEN HOUSE DECORATION,2408,3923.6899999999996,295,86,4,1.65,2009-12-13 13:21:00,2011-12-02 16:39:00,8.162711864406779
22477,WATERING CAN GARDEN MARKER,2407,3339.52,271,77,9,1.25,2010-03-05 10:37:00,2011-11-30 15:13:00,8.881918819188192
21211,SET OF 72 SKULL PAPER  DOILIES,2403,3362.74,236,90,11,1.45,2009-12-18 11:18:00,2011-11-28 13:26:00,10.182203389830509
22717,CARD DOG AND BALL,2402,1015.93,212,71,10,0.42,2010-06-02 11:11:00,2011-11-28 15:34:00,11.330188679245284
22971,QUEENS GUARD COFFEE MUG,2402,5765.7,266,49,6,2.55,2010-12-16 10:52:00,2011-12-02 16:39:00,9.030075187969924
22321,BIRD DECORATION RED RETROSPOT,2402,2231.22,294,94,16,0.85,2009-12-07 10:33:00,2011-11-30 15:13:00,8.170068027210885
22412,METAL SIGN NEIGHBOURHOOD WITCH,2401,5140.820000000001,402,90,5,2.1,2010-01-29 14:37:00,2011-11-10 16:15:00,5.972636815920398
22406,MONEY BOX KINGS CHOICE DESIGN,2397,3099.7599999999998,203,71,8,1.25,2010-03-26 13:46:00,2011-12-04 14:55:00,11.807881773399014
21328,BALLOONS  WRITING SET,2394,4499.24,618,99,9,1.65,2009-12-07 17:56:00,2011-12-02 10:52:00,3.8737864077669903
37503,TEA TIME CAKE STAND IN GIFT BOX,2393,24609.18,499,33,14,10.75,2009-12-07 11:47:00,2010-08-01 10:09:00,4.7955911823647295
21058,PARTY INVITES WOODLAND,2387,2043.83,270,92,14,0.85,2009-12-08 09:19:00,2011-12-04 14:15:00,8.84074074074074
21823,PAINTED METAL HEART WITH HOLLY BELL,2385,2324.19,206,46,3,1.45,2009-12-08 13:27:00,2011-11-15 12:02:00,11.577669902912621
22529,MAGIC DRAWING SLATE GO TO THE FAIR,2383,961.35,150,64,7,0.42,2010-03-28 13:31:00,2011-11-29 15:06:00,15.886666666666667
22773,GREEN DRAWER KNOB ACRYLIC EDWARDIAN,2374,3141.35,225,55,7,1.25,2010-10-17 11:23:00,2011-12-04 15:38:00,10.551111111111112
72818,CHRISTMAS DECOUPAGE CANDLE,2372,1264.43,124,33,6,0.85,2009-12-14 11:31:00,2011-10-31 14:09:00,19.129032258064516
21896,POTTING SHED TWINE,2370,4899.54,282,90,6,2.1,2009-12-09 09:51:00,2011-11-22 13:02:00,8.404255319148936
16238,PARTY TIME PENCIL ERASERS,2370,539.34,225,84,7,0.21,2009-12-07 13:59:00,2011-12-04 13:15:00,10.533333333333333
22669,RED BABY BUNTING,2369,7543.91,433,72,12,2.95,2010-07-06 14:46:00,2011-12-02 13:46:00,5.471131639722864
22480,RED TEA TOWEL CLASSIC DESIGN,2368,2863.06,263,67,9,1.25,2010-03-05 11:16:00,2011-08-28 16:09:00,9.003802281368822
22943,CHRISTMAS LIGHTS 10 VINTAGE BAUBLES,2366,11534.79,346,39,9,4.95,2010-10-21 10:47:00,2011-12-04 14:51:00,6.838150289017341
22674,FRENCH TOILET SIGN BLUE METAL,2359,2927.78,292,66,9,1.25,2010-08-17 11:21:00,2011-12-01 16:22:00,8.07876712328767
21291,SMALL POLKADOT CHOCOLATE GIFT BAG,2359,2030.33,149,74,8,0.85,2009-12-07 17:56:00,2011-11-28 14:37:00,15.832214765100671
23320,GIANT 50'S CHRISTMAS CRACKER,2357,6640.27,293,22,9,2.89,2011-07-05 12:47:00,2011-12-04 16:08:00,8.044368600682594
22980,PANTRY SCRUBBING BRUSH,2356,3891.8999999999996,286,41,11,1.65,2011-02-16 13:02:00,2011-12-02 16:39:00,8.237762237762238
21990,MODERN FLORAL STATIONERY SET,2356,4310.29,473,91,10,2.46,2009-12-07 15:15:00,2011-12-04 13:59:00,4.980972515856236
23545,WRAP RED VINTAGE DOILY,2355,973.1,81,20,13,0.42,2011-07-20 13:30:00,2011-12-02 10:22:00,29.074074074074073
21292,SMALL STRIPES CHOCOLATE GIFT BAG,2352,1407.17,89,54,8,0.85,2009-12-08 12:05:00,2011-11-23 17:43:00,26.426966292134832
85204,HANGING WOOD AND FELT FLOWER,2345,459.94,153,76,5,0.42,2009-12-14 17:57:00,2011-11-29 13:12:00,15.326797385620916
21272,SALLE DE BAIN HOOK,2345,3104.76,337,83,8,1.25,2009-12-07 18:02:00,2011-08-11 10:14:00,6.958456973293768
21161,KEEP OUT BOYS DOOR HANGER,2338,1768.2099999999998,199,66,5,1.45,2009-12-07 13:45:00,2011-06-08 12:44:00,11.748743718592964
23187,FRENCH STYLE STORAGE JAR BONBONS,2338,695.06,74,22,7,0.29,2011-03-08 12:05:00,2011-11-03 16:56:00,31.594594594594593
20985,HEART CALCULATOR,2337,3000.69,283,89,11,1.25,2009-12-07 17:56:00,2011-12-04 13:59:00,8.257950530035336
22757,LARGE RED BABUSHKA NOTEBOOK,2333,2907.91,277,64,10,1.25,2010-08-08 15:53:00,2011-12-02 16:39:00,8.422382671480145
22224,WHITE LOVEBIRD LANTERN,2332,7377.09,390,99,9,2.95,2009-12-07 11:46:00,2011-12-02 16:39:00,5.97948717948718
22995,TRAVEL CARD WALLET SUKI,2331,1030.67,256,42,3,0.42,2011-02-17 12:51:00,2011-12-02 16:39:00,9.10546875
84847,FLORAL BATHROOM SET,2330,1149.73,49,35,3,3.75,2009-12-14 18:37:00,2011-08-01 17:37:00,47.55102040816327
21399,BLUE POLKADOT COFFEE MUG,2330,1466.44,117,52,7,1.63,2009-12-07 13:59:00,2011-06-05 10:50:00,19.914529914529915
23032,DRAWER KNOB CRACKLE GLAZE IVORY,2328,3853.68,199,24,10,1.65,2011-06-14 13:51:00,2011-11-27 11:05:00,11.698492462311558
47568,ENGLISH ROSE DESIGN PEG BAG,2325,4854.72,396,36,10,2.1,2009-12-07 10:48:00,2010-08-22 13:41:00,5.871212121212121
22365,DOORMAT RESPECTABLE HOUSE,2324,15225.92,439,97,14,7.95,2010-01-04 16:11:00,2011-12-04 14:55:00,5.29384965831435
22208,WOOD STAMP SET THANK YOU,2323,2962.9799999999996,410,87,8,1.65,2009-12-07 17:56:00,2011-12-04 13:15:00,5.6658536585365855
22304,COFFEE MUG BLUE PAISLEY DESIGN,2322,4555.45,161,73,9,2.55,2009-12-07 12:31:00,2011-11-28 15:54:00,14.422360248447205
85206A,CREAM FELT EASTER EGG BASKET,2321,3973.0099999999998,317,32,11,1.65,2010-01-12 11:45:00,2011-03-17 18:24:00,7.321766561514195
22482,BLUE TEA TOWEL CLASSIC DESIGN,2319,2739.43,214,58,9,1.25,2010-03-05 11:16:00,2011-07-05 13:07:00,10.836448598130842
21162,TOXIC AREA  DOOR HANGER,2317,1574.59,267,86,9,1.45,2009-12-07 13:59:00,2011-12-01 19:42:00,8.677902621722847
22170,PICTURE FRAME WOOD TRIPLE PORTRAIT,2316,15178.52,559,95,9,6.75,2009-12-07 12:08:00,2011-12-04 13:00:00,4.143112701252236
21883,STARS GIFT TAPE,2314,1175.28,218,77,10,0.65,2009-12-09 13:31:00,2011-12-04 12:08:00,10.614678899082568
84510A,SET OF 4 ENGLISH ROSE COASTERS,2310,3131.44,456,100,12,1.25,2009-12-08 12:05:00,2011-12-04 13:54:00,5.065789473684211
85049D,BRIGHT BLUES RIBBONS,2306,2892.96,395,84,13,1.25,2009-12-08 11:07:00,2011-09-28 15:50:00,5.837974683544304
21100,CHARLIE AND LOLA CHARLOTTE BAG,2304,3438.8199999999997,254,59,7,1.65,2009-12-07 15:26:00,2011-03-22 16:56:00,9.070866141732283
37449,CERAMIC CAKE STAND + HANGING CAKES,2304,21603.15,462,84,15,9.95,2009-12-07 09:42:00,2011-12-02 12:07:00,4.987012987012987
22623,BOX OF VINTAGE JIGSAW BLOCKS,2302,12361.43,535,81,13,4.95,2010-05-06 20:01:00,2011-12-04 14:15:00,4.302803738317757
72586,SET OF 6 HALLOWEEN GHOST T-LIGHTS,2302,1009.68,182,60,6,0.42,2010-01-13 17:08:00,2011-12-01 16:22:00,12.648351648351648
21403,BLUE EGG  SPOON,2301,516.41,153,74,9,0.42,2009-12-09 09:51:00,2011-11-29 16:33:00,15.03921568627451
21126,SET OF 6 GIRLS CELEBRATION CANDLES,2301,2319.22,276,93,14,1.25,2009-12-09 09:42:00,2011-12-02 16:39:00,8.33695652173913
22649,STRAWBERRY FAIRY CAKE TEAPOT,2300,11520.2,485,80,17,4.95,2010-05-14 15:41:00,2011-12-04 15:19:00,4.742268041237113
22520,CHILDS GARDEN TROWEL BLUE,2294,2011.28,369,57,9,0.85,2010-03-25 14:12:00,2011-05-17 11:02:00,6.2168021680216805
23159,SET OF 5 PANCAKE DAY MAGNETS,2293,4713.52,223,37,19,2.08,2011-03-25 11:01:00,2011-11-28 15:34:00,10.282511210762332
23089,GLASS BON BON JAR,2292,4070.8399999999997,218,30,6,1.95,2011-05-12 15:17:00,2011-12-04 14:55:00,10.513761467889909
23368,SET 12 COLOUR PENCILS DOLLY GIRL,2291,1613.3500000000001,218,11,11,0.65,2011-09-22 12:45:00,2011-12-04 13:45:00,10.509174311926605
22319,HAIRCLIPS FORTIES FABRIC ASSORTED,2290,1528.38,157,73,12,0.65,2009-12-08 13:04:00,2011-11-23 11:22:00,14.585987261146498
22521,CHILDS GARDEN TROWEL PINK,2288,1987.9299999999998,370,54,10,0.85,2010-03-25 14:12:00,2011-05-05 15:47:00,6.183783783783784
21389,IVORY HANGING DECORATION  BIRD,2287,1997.8899999999999,260,83,5,0.85,2009-12-08 15:12:00,2011-12-04 13:55:00,8.796153846153846
21066,VINTAGE RED MUG,2282,1492.17,130,70,2,1.25,2009-12-08 12:46:00,2011-12-01 11:53:00,17.553846153846155
22422,TOOTHPASTE TUBE PEN,2277,1662.0800000000002,332,72,11,1.25,2010-05-07 13:58:00,2011-12-04 13:59:00,6.858433734939759
21488,RED WHITE SCARF  HOT WATER BOTTLE,2276,9365.28,341,41,11,3.95,2009-12-07 13:52:00,2011-03-01 09:55:00,6.674486803519062
23119,PACK OF 6 LARGE FRUIT STRAWS,2274,1391.7,147,25,10,0.62,2011-06-17 08:57:00,2011-12-04 15:19:00,15.46938775510204
22580,ADVENT CALENDAR GINGHAM SACK,2273,12916.210000000001,487,45,16,5.95,2010-07-20 14:22:00,2011-12-02 16:39:00,4.66735112936345
22429,ENAMEL MEASURING JUG CREAM,2273,9794.09,619,81,9,4.25,2010-03-18 13:00:00,2011-12-04 12:29:00,3.6720516962843295
84792,ENCHANTED BIRD COATHANGER 5 HOOK,2265,9961.75,508,101,11,4.65,2009-12-07 12:08:00,2011-12-04 11:56:00,4.458661417322834
22093,MOTORING TISSUE BOX,2260,1357.17,265,74,9,1.06,2009-12-07 18:02:00,2011-12-01 12:54:00,8.528301886792454
23290,SPACEBOY CHILDRENS BOWL,2256,2694.3900000000003,202,25,14,1.25,2011-06-13 16:33:00,2011-12-04 13:45:00,11.168316831683168
20956,PORCELAIN T-LIGHT HOLDERS ASSORTED,2256,2980.0,227,68,2,1.25,2009-12-07 17:56:00,2011-12-02 12:02:00,9.938325991189428
23356,LOVE HOT WATER BOTTLE,2255,12700.460000000001,447,15,9,5.95,2011-08-22 12:52:00,2011-12-04 14:55:00,5.0447427293064875
10123G,ARMY CAMO WRAPPING TAPE,2249,162.16,15,10,2,0.65,2010-07-15 15:01:00,2010-11-29 15:26:00,149.93333333333334
21948,SET OF 6 CAKE CHOPSTICKS,2248,2855.1,256,93,7,2.46,2009-12-07 17:56:00,2011-11-30 15:13:00,8.78125
85040B,SET/4 BLUE FLOWER CANDLES IN BOWL,2248,3513.6699999999996,246,64,4,1.65,2009-12-07 11:40:00,2011-04-10 12:53:00,9.138211382113822
22751,FELTCRAFT PRINCESS OLIVIA DOLL,2247,8356.25,458,64,16,3.75,2010-09-05 10:54:00,2011-12-04 15:00:00,4.906113537117904
23311,VINTAGE CHRISTMAS STOCKING,2245,5997.95,320,21,12,2.55,2011-07-14 13:28:00,2011-12-04 13:20:00,7.015625
22798,ANTIQUE GLASS DRESSING TABLE POT,2243,6932.6900000000005,344,58,5,2.95,2010-10-22 13:27:00,2011-12-04 15:00:00,6.520348837209302
21259,VICTORIAN SEWING BOX SMALL,2241,13488.41,636,102,10,5.95,2009-12-07 11:29:00,2011-12-04 15:00:00,3.5235849056603774
22305,COFFEE MUG PINK PAISLEY DESIGN,2240,4642.68,140,79,8,2.55,2009-12-07 12:31:00,2011-11-28 15:54:00,16.0
23082,SET 6 PAPER TABLE LANTERN HEARTS,2239,8217.41,286,30,9,3.75,2011-05-11 11:57:00,2011-12-04 12:08:00,7.828671328671328
22522,CHILDS GARDEN FORK BLUE,2238,1904.9599999999998,333,72,10,0.85,2010-03-25 14:12:00,2011-11-24 13:06:00,6.7207207207207205
85184C,S/4 VALENTINE DECOUPAGE HEART BOX,2236,4758.62,332,89,12,2.95,2009-12-07 16:40:00,2011-12-04 13:20:00,6.734939759036145
23122,PARTY CHARMS 50 PIECES,2234,1709.5,127,24,9,0.83,2011-06-17 11:38:00,2011-12-04 15:19:00,17.590551181102363
85078,SCANDINAVIAN 3 HEARTS NAPKIN RING,2234,1036.42,161,62,5,0.65,2009-12-08 15:49:00,2011-11-02 15:33:00,13.875776397515528
22072,RED RETROSPOT TEA CUP AND SAUCER,2234,8870.84,489,95,8,3.75,2009-12-07 10:46:00,2011-12-04 15:19:00,4.568507157464213
23380,PACK OF 12 VINTAGE DOILY TISSUES,2229,935.5699999999999,113,13,8,0.39,2011-09-05 12:00:00,2011-12-01 16:22:00,19.72566371681416
16016,LARGE CHINESE STYLE SCISSOR,2224,1796.8,101,67,7,0.85,2009-12-07 11:40:00,2011-12-01 13:32:00,22.019801980198018
22354,RETROSPOT PADDED SEAT CUSHION,2219,8417.1,276,87,11,3.75,2009-12-09 13:49:00,2011-11-23 11:47:00,8.039855072463768
23155,KNICKERBOCKERGLORY MAGNET ASSORTED,2215,1899.79,134,36,12,0.83,2011-03-25 11:01:00,2011-11-30 15:13:00,16.529850746268657
23109,PACK OF SIX LED TEA LIGHTS,2213,6367.650000000001,253,29,8,2.89,2011-05-11 12:43:00,2011-12-04 15:18:00,8.74703557312253
21439,BASKET OF TOADSTOOLS,2213,2777.4,232,84,12,1.25,2009-12-10 16:39:00,2011-12-02 16:39:00,9.538793103448276
21112,"SWISS ROLL TOWEL, PINK  SPOTS",2211,5445.88,185,74,7,2.95,2009-12-07 10:21:00,2011-11-24 14:40:00,11.95135135135135
23374,RED SPOT PAPER GIFT BAG,2210,1780.3,124,18,7,0.82,2011-08-02 14:23:00,2011-12-04 15:00:00,17.822580645161292
22334,DINOSAUR PARTY BAG + STICKER SET,2210,3519.3599999999997,261,92,10,1.65,2009-12-14 14:35:00,2011-11-29 16:33:00,8.46743295019157
23211,RED ROCKING HORSE HAND PAINTED,2208,2753.91,146,26,10,1.25,2011-06-02 09:37:00,2011-12-04 16:08:00,15.123287671232877
22169,FAMILY ALBUM WHITE PICTURE FRAME,2203,18864.45,681,97,11,8.5,2009-12-07 17:56:00,2011-12-04 13:00:00,3.234948604992658
21294,ETCHED GLASS COASTER,2203,1593.3999999999999,134,68,6,1.25,2009-12-07 13:49:00,2011-10-26 14:42:00,16.440298507462686
20730,STRAWBERRY CANDY BAG,2202,989.06,98,23,5,0.87,2009-12-09 11:46:00,2010-09-05 10:54:00,22.46938775510204
21658,GLASS  BEURRE DISH,2202,9171.64,512,79,9,3.95,2009-12-07 14:10:00,2011-08-11 10:14:00,4.30078125
85071B,RED CHARLIE+LOLA PERSONAL DOORSIGN,2200,1229.5600000000002,158,60,5,0.39,2009-12-10 12:21:00,2011-12-04 15:19:00,13.924050632911392
21167,WHITE SAGE INCENSE,2199,532.29,110,66,1,0.42,2009-12-10 12:10:00,2011-11-28 10:49:00,19.990909090909092
22810,SET OF 6 T-LIGHTS SNOWMEN,2196,6720.280000000001,326,37,7,2.95,2010-09-20 12:21:00,2011-12-01 13:22:00,6.736196319018405
22805,BLUE DRAWER KNOB ACRYLIC EDWARDIAN,2193,2973.93,227,59,9,1.25,2010-10-17 11:23:00,2011-12-04 15:38:00,9.66079295154185
21383,PACK OF 12 STICKY BUNNIES,2188,1578.23,318,75,7,0.65,2009-12-09 09:51:00,2011-12-01 16:22:00,6.880503144654088
22043,CHRISTMAS CARD SCREEN PRINT,2185,614.21,124,39,7,0.42,2009-12-10 18:27:00,2011-12-02 13:35:00,17.620967741935484
84596G,SMALL CHOCOLATES PINK BOWL,2185,1400.27,339,88,9,0.83,2009-12-09 09:42:00,2011-12-04 13:59:00,6.445427728613569
85017B,ENVELOPE 50 BLOSSOM IMAGES,2183,1349.83,312,88,15,0.83,2009-12-07 17:56:00,2011-11-08 18:41:00,6.996794871794871
22675,FRENCH KITCHEN SIGN BLUE METAL,2183,2692.69,262,66,9,1.25,2010-08-17 11:21:00,2011-12-02 13:32:00,8.33206106870229
21563,RED HEART SHAPE LOVE BUCKET,2182,6386.820000000001,347,94,9,2.95,2009-12-08 13:58:00,2011-12-04 11:45:00,6.2881844380403455
23334,IVORY WICKER HEART SMALL,2181,1426.99,117,17,3,0.63,2011-08-08 14:37:00,2011-12-02 16:39:00,18.641025641025642
72802C,VANILLA SCENT CANDLE JEWELLED BOX,2177,5995.8099999999995,266,86,5,4.25,2009-12-09 15:03:00,2011-11-04 14:07:00,8.18421052631579
23108,SET OF 10 LED DOLLY LIGHTS,2176,13013.46,359,30,18,6.25,2011-05-11 10:18:00,2011-12-02 16:39:00,6.061281337047354
21398,RED POLKADOT COFFEE  MUG,2175,2013.5,122,53,7,2.1,2009-12-09 09:51:00,2011-04-19 16:52:00,17.827868852459016
21578,WOODLAND DESIGN  COTTON TOTE BAG,2172,4977.14,373,91,21,2.25,2009-12-07 10:41:00,2011-11-06 12:50:00,5.823056300268097
22523,CHILDS GARDEN FORK PINK,2170,1870.4599999999998,350,75,11,0.85,2010-03-25 14:12:00,2011-11-30 15:13:00,6.2
35471D,SET OF 3 BIRD LIGHT PINK FEATHER,2167,1523.6,337,87,10,1.25,2009-12-07 17:56:00,2011-12-04 14:55:00,6.43026706231454
47567B,TEA TIME KITCHEN APRON,2162,11633.43,346,89,13,5.95,2009-12-10 16:21:00,2011-12-04 11:45:00,6.2485549132947975
35954,SMALL FOLKART STAR CHRISTMAS DEC,2161,839.08,107,37,3,0.42,2009-12-07 18:02:00,2011-11-09 16:10:00,20.19626168224299
21012,ANTIQUE ALL GLASS CANDLESTICK,2161,4026.7400000000002,280,88,3,2.46,2009-12-08 09:24:00,2011-12-04 14:15:00,7.7178571428571425
23212,HEART WREATH DECORATION WITH BELL,2158,2662.98,168,26,7,1.25,2011-06-02 09:04:00,2011-12-04 12:31:00,12.845238095238095
22707,WRAP MONSTER FUN,2157,905.94,83,54,8,0.42,2010-05-27 15:28:00,2011-12-02 10:22:00,25.987951807228917
23191,BUNDLE OF 3 RETRO NOTE BOOKS,2153,3539.8499999999995,270,30,9,1.65,2011-05-10 08:58:00,2011-12-04 15:00:00,7.974074074074074
23176,ABC TREASURE BOOK BOX,2153,4659.09,221,40,17,2.25,2011-03-02 12:10:00,2011-12-04 13:32:00,9.7420814479638
16043,POP ART PUSH DOWN RUBBER,2145,180.29999999999998,13,11,2,0.42,2009-12-16 13:23:00,2011-06-09 19:33:00,165.0
35924,HANGING FAIRY CAKE DECORATION,2144,4003.17,181,74,8,2.1,2009-12-07 18:02:00,2011-11-22 16:47:00,11.845303867403315
21397,BLUE  SPOTTY EGG CUP,2143,1995.8799999999999,178,57,5,1.25,2009-12-09 09:51:00,2011-05-09 16:30:00,12.039325842696629
21206,STRAWBERRY HONEYCOMB  GARLAND,2143,3048.1,237,88,8,1.65,2009-12-07 13:48:00,2011-11-23 13:34:00,9.042194092827005
23035,DRAWER KNOB CERAMIC IVORY,2141,3114.6099999999997,184,25,8,1.45,2011-06-14 13:15:00,2011-12-04 12:44:00,11.63586956521739
22753,SMALL YELLOW BABUSHKA NOTEBOOK,2140,1864.9499999999998,381,64,10,0.85,2010-08-08 10:55:00,2011-12-04 15:28:00,5.616797900262467
21192,WHITE BELL HONEYCOMB PAPER,2139,3807.3999999999996,209,66,3,1.65,2009-12-07 18:02:00,2011-11-27 13:26:00,10.23444976076555
21866,UNION JACK FLAG LUGGAGE TAG,2126,3525.25,437,97,6,1.25,2009-12-07 10:51:00,2011-12-02 16:39:00,4.864988558352403
22948,METAL DECORATION NAUGHTY CHILDREN,2124,2118.9,176,55,7,0.85,2010-09-16 09:54:00,2011-12-02 10:23:00,12.068181818181818
23241,TREASURE TIN GYMKHANA DESIGN,2124,4539.17,348,26,16,2.08,2011-06-08 12:49:00,2011-12-04 14:55:00,6.103448275862069
23247,BISCUIT TIN 50'S CHRISTMAS,2122,6464.37,296,24,13,2.89,2011-06-08 13:09:00,2011-12-04 16:08:00,7.168918918918919
47593B,SCOTTIE DOGS BABY BIB,2122,1215.18,347,88,10,0.83,2010-01-19 14:16:00,2011-12-02 16:39:00,6.115273775216139
90167,BEADED LOVE HEART JEWELLERY SET,2121,1733.1699999999998,103,39,4,0.85,2009-12-07 12:19:00,2010-12-05 11:10:00,20.59223300970874
22692,DOORMAT WELCOME TO OUR HOME,2121,15816.93,597,71,16,7.95,2010-06-28 13:53:00,2011-12-04 13:54:00,3.5527638190954773
21224,SET/4 SKULL BADGES,2119,2630.63,300,95,9,1.25,2009-12-07 13:24:00,2011-12-02 16:39:00,7.0633333333333335
84989A,75 GREEN FAIRY CAKE CASES,2114,1087.8700000000001,147,60,6,0.55,2009-12-09 09:42:00,2011-11-27 16:27:00,14.380952380952381
21125,SET 6 FOOTBALL CELEBRATION CANDLES,2113,2195.25,241,88,15,1.25,2009-12-09 11:58:00,2011-12-02 14:26:00,8.767634854771785
21640,ASSORTED TUTTI FRUTTI  FOB NOTEBOOK,2113,1946.55,194,78,5,0.85,2009-12-07 11:35:00,2011-12-02 16:14:00,10.891752577319588
22217,T-LIGHT HOLDER HANGING LACE,2111,2712.24,196,82,4,1.25,2009-12-09 14:48:00,2011-12-04 11:32:00,10.770408163265307
22315,200 RED + WHITE BENDY STRAWS,2111,2713.09,368,96,11,1.25,2009-12-09 15:20:00,2011-11-28 15:31:00,5.736413043478261
22994,TRAVEL CARD WALLET RETROSPOT,2109,918.37,211,42,7,0.42,2011-02-16 16:56:00,2011-12-04 14:09:00,9.995260663507109
23100,SILVER BELLS TABLE DECORATION,2099,2650.79,248,29,9,1.25,2011-05-11 11:57:00,2011-12-04 14:55:00,8.463709677419354
22073,RED RETROSPOT STORAGE JAR,2096,8352.89,465,70,16,3.75,2009-12-07 10:41:00,2011-05-04 13:17:00,4.50752688172043
85230B,CINNAMON SCENTED VOTIVE CANDLE,2096,554.0799999999999,67,45,6,0.29,2009-12-08 13:08:00,2011-11-30 08:38:00,31.28358208955224
22063,CERAMIC BOWL WITH STRAWBERRY DESIGN,2096,6125.4400000000005,343,93,11,2.95,2009-12-09 13:44:00,2011-12-04 15:19:00,6.110787172011662
22261,FELT EGG COSY WHITE RABBIT,2094,2006.21,235,64,8,0.85,2009-12-07 18:02:00,2011-11-29 16:47:00,8.91063829787234
21677,HEARTS  STICKERS,2094,1826.6499999999999,270,84,6,0.85,2009-12-07 13:35:00,2011-12-01 12:53:00,7.7555555555555555
85049F,BABY BOOM RIBBONS,2093,2612.75,310,87,14,1.25,2009-12-08 12:38:00,2011-09-26 12:45:00,6.751612903225807
22337,ANGEL DECORATION PAINTED ZINC,2089,1297.8200000000002,136,35,10,0.65,2009-12-07 17:56:00,2011-12-02 12:52:00,15.360294117647058
85049B,LUSH GREENS RIBBONS,2087,2604.55,332,56,9,1.25,2009-12-07 13:48:00,2011-01-26 14:19:00,6.286144578313253
22420,LIPSTICK PEN BABY PINK,2085,999.73,227,68,8,0.42,2010-05-07 13:58:00,2011-12-01 13:08:00,9.185022026431717
17091A,LAVENDER INCENSE IN TIN,2084,1284.6399999999999,116,58,5,1.25,2009-12-09 14:48:00,2011-05-18 11:58:00,17.96551724137931
22099,CARAVAN SQUARE TISSUE BOX,2084,1531.97,281,89,11,1.25,2009-12-07 17:56:00,2011-12-04 13:59:00,7.4163701067615655
22231,JIGSAW TREE WITH BIRDHOUSE,2082,2645.95,292,90,14,1.45,2009-12-10 15:45:00,2011-12-04 15:19:00,7.13013698630137
22587,FELTCRAFT HAIRBAND RED AND BLUE,2073,1801.8,294,78,8,0.85,2010-03-10 10:01:00,2011-12-02 16:39:00,7.051020408163265
21241,GREEN SPOTTY CUP,2070,1760.0,253,43,12,0.85,2009-12-07 17:56:00,2010-10-12 12:59:00,8.181818181818182
22565,FELTCRAFT HAIRBANDS PINK AND WHITE,2069,1875.26,270,80,8,0.85,2010-03-10 11:46:00,2011-12-02 16:39:00,7.662962962962963
21107,CREAM SLICE FLANNEL PINK SPOT,2062,5975.280000000001,297,86,12,2.95,2009-12-07 10:21:00,2011-12-01 11:18:00,6.942760942760943
23148,MINIATURE ANTIQUE ROSE HOOK IVORY,2062,1752.3999999999999,238,33,10,0.83,2011-04-21 08:43:00,2011-12-04 12:44:00,8.663865546218487
22896,PEG BAG APPLES DESIGN,2059,5162.94,360,62,10,2.55,2010-09-26 14:01:00,2011-12-04 14:51:00,5.719444444444444
22357,KINGS CHOICE BISCUIT TIN,2056,9273.76,453,96,14,4.25,2010-01-07 11:31:00,2011-12-02 16:39:00,4.5386313465783665
22586,FELTCRAFT HAIRBAND PINK AND BLUE,2055,1782.4799999999998,285,77,9,0.85,2010-03-10 09:30:00,2011-12-02 16:39:00,7.2105263157894735
23002,TRAVEL CARD WALLET SKULLS,2055,885.03,184,42,2,0.42,2011-02-16 16:56:00,2011-12-04 13:15:00,11.168478260869565
21159,MOODY BOY  DOOR HANGER,2054,1392.26,238,85,4,1.45,2009-12-07 13:45:00,2011-12-01 13:08:00,8.630252100840336
85118,HEART T-LIGHT HOLDER,2054,1133.68,81,39,3,1.25,2009-12-07 18:02:00,2011-01-17 17:57:00,25.358024691358025
23333,IVORY WICKER HEART MEDIUM,2052,2649.2,225,17,6,1.25,2011-08-08 14:37:00,2011-12-04 12:17:00,9.12
16169K,WRAP FOLK ART,2050,648.25,59,33,4,0.42,2009-12-14 10:49:00,2011-09-28 16:07:00,34.74576271186441
21747,SMALL SKULL WINDMILL,2047,2448.53,151,67,5,1.25,2009-12-09 11:58:00,2011-11-30 14:00:00,13.556291390728477
84030E,ENGLISH ROSE HOT WATER BOTTLE,2047,8742.07,473,64,12,4.25,2009-12-11 15:40:00,2011-12-04 13:00:00,4.3276955602537
22364,GLASS JAR DIGESTIVE BISCUITS,2045,6452.18,332,85,12,2.95,2010-03-15 17:29:00,2011-12-01 19:54:00,6.159638554216867
21143,ANTIQUE GLASS HEART DECORATION,2044,4058.6499999999996,176,39,4,1.95,2009-12-07 13:49:00,2011-08-22 14:38:00,11.613636363636363
23366,SET 12 COLOURING PENCILS DOILY,2043,1520.8500000000001,179,11,10,0.65,2011-09-22 11:46:00,2011-12-04 13:45:00,11.41340782122905
22922,FRIDGE MAGNETS US DINER ASSORTED,2043,1758.0,110,41,12,0.85,2010-11-19 14:30:00,2011-12-02 10:23:00,18.572727272727274
85040A,S/4 PINK FLOWER CANDLES IN BOWL,2042,3583.2,387,97,10,1.65,2009-12-09 09:42:00,2011-12-04 13:32:00,5.276485788113695
23292,SPACEBOY CHILDRENS CUP,2040,2530.55,208,25,15,1.25,2011-06-13 16:33:00,2011-12-02 16:39:00,9.807692307692308
22550,HOLIDAY FUN LUDO,2039,7579.84,417,86,17,3.75,2010-03-25 13:41:00,2011-12-04 14:15:00,4.889688249400479
16169M,WRAP DAISY CARPET,2035,630.45,58,42,4,0.42,2010-01-26 11:32:00,2011-12-02 10:22:00,35.08620689655172
22076,6 RIBBONS EMPIRE,2034,3287.5199999999995,349,96,10,1.65,2009-12-07 15:42:00,2011-12-04 14:55:00,5.828080229226361
23145,ZINC T-LIGHT HOLDER STAR LARGE,2034,1929.7199999999998,164,33,10,0.95,2011-04-21 10:52:00,2011-12-04 10:53:00,12.402439024390244
22293,HANGING CHICK GREEN DECORATION,2033,2857.16,224,70,5,1.45,2009-12-09 14:16:00,2011-11-22 11:18:00,9.075892857142858
10125,MINI FUNKY DESIGN TAPES,2024,1647.78,158,69,6,0.85,2009-12-07 12:19:00,2011-12-04 12:08:00,12.810126582278482
21805,WHITE CHRISTMAS TREE DECORATION,2023,870.87,92,23,3,0.42,2009-12-08 13:27:00,2010-11-21 11:58:00,21.98913043478261
23177,TREASURE ISLAND BOOK BOX,2022,4495.16,258,40,16,2.25,2011-03-02 12:10:00,2011-12-04 12:29:00,7.837209302325581
21070,VINTAGE BILLBOARD MUG,2020,2058.59,223,91,6,1.25,2009-12-07 18:02:00,2011-11-29 15:33:00,9.058295964125561
85131A,BEADED PEARL HEART WHITE ON STICK,2019,1611.73,198,65,4,0.83,2009-12-18 14:22:00,2011-10-30 15:55:00,10.196969696969697
22747,POPPY'S PLAYHOUSE BATHROOM,2016,4440.02,394,61,15,2.1,2010-09-24 16:50:00,2011-12-04 14:51:00,5.116751269035533
23101,SILVER STARS TABLE DECORATION,2016,1725.55,210,27,10,0.83,2011-05-12 12:01:00,2011-12-04 14:55:00,9.6
84754,S/15 SILVER GLASS BAUBLES IN BAG,2015,2549.59,208,47,4,1.25,2009-12-07 12:32:00,2011-09-23 13:11:00,9.6875
85049H,URBAN BLACK RIBBONS,2014,2014.78,321,88,11,1.25,2009-12-07 18:02:00,2011-12-02 16:39:00,6.274143302180685
22264,FELT FARM ANIMAL WHITE BUNNY,2013,1150.59,167,53,7,0.85,2009-12-14 18:37:00,2011-10-24 17:03:00,12.053892215568862
21587,COSY HOUR GIANT TUBE MATCHES,2012,5022.599999999999,248,39,3,2.55,2009-12-07 11:40:00,2011-10-18 10:53:00,8.112903225806452
22262,FELT EGG COSY CHICKEN,2011,1925.9299999999998,300,82,8,0.85,2009-12-07 18:02:00,2011-12-01 16:22:00,6.703333333333333
22949,36 DOILIES DOLLY GIRL,2009,2855.27,176,56,14,1.45,2010-09-19 12:15:00,2011-11-29 12:09:00,11.414772727272727
37444B,BLUE BREAKFAST CUP AND SAUCER,2008,403.7,27,20,3,2.95,2009-12-14 18:37:00,2011-03-28 12:23:00,74.37037037037037
22187,GREEN CHRISTMAS TREE CARD HOLDER,2005,6315.59,342,45,6,4.25,2009-12-07 11:55:00,2011-12-02 10:08:00,5.862573099415204
35160,BUDDHA INCENSE HOLDER ASSORTED,2003,1466.11,50,34,2,0.85,2009-12-08 12:54:00,2010-10-12 16:53:00,40.06
22134,MINI LADLE LOVE HEART RED,2002,907.16,284,94,9,0.83,2009-12-07 12:26:00,2011-12-01 16:22:00,7.049295774647887
23256,CHILDRENS CUTLERY SPACEBOY,2001,8197.95,352,35,19,4.15,2011-04-07 11:30:00,2011-12-04 15:35:00,5.684659090909091
21873,IF YOU CAN'T STAND THE HEAT MUG,2000,2339.21,190,80,5,1.25,2009-12-08 14:56:00,2011-12-01 18:43:00,10.526315789473685
85132C,CHARLIE AND LOLA FIGURES TINS,2000,5415.04,299,65,10,5.79,2009-12-07 13:49:00,2011-09-02 09:38:00,6.688963210702341
22604,SET OF 4 NAPKIN CHARMS CUTLERY,2000,4894.99,241,59,9,2.55,2010-07-23 12:02:00,2011-12-04 15:19:00,8.298755186721992
20653,CHERRY BLOSSOM LUGGAGE TAG,1999,518.67,78,44,5,1.25,2010-01-08 11:16:00,2011-11-28 15:54:00,25.628205128205128
23434,3 RAFFIA RIBBONS 50'S CHRISTMAS,1999,1805.93,188,13,8,0.79,2011-09-11 10:58:00,2011-12-04 12:48:00,10.632978723404255
85230A,OPIUM SCENTED VOTIVE CANDLE,1992,497.03999999999996,48,37,3,0.29,2009-12-13 11:34:00,2011-12-02 12:52:00,41.5
85218,S/5 MINI ICE CREAM FRIDGE MAGNETS,1992,625.1999999999999,2,2,2,0.875,2010-01-14 14:53:00,2010-02-15 11:57:00,996.0
21329,DINOSAURS  WRITING SET,1988,3586.7,530,98,6,1.65,2009-12-07 15:15:00,2011-12-02 16:39:00,3.750943396226415
21214,SET OF 72 IVORY PAPER DOILIES,1988,2894.72,194,34,8,1.45,2009-12-08 15:49:00,2010-10-08 13:23:00,10.24742268041237
22074,6 RIBBONS SHIMMERING PINKS,1986,2116.8599999999997,269,85,8,1.65,2009-12-09 09:51:00,2011-12-02 16:39:00,7.382899628252788
22061,LARGE CAKE STAND  HANGING STRAWBERY,1984,18396.97,497,97,13,9.95,2009-12-08 07:59:00,2011-12-04 12:14:00,3.9919517102615694
22136,LOVE HEART SOCK HANGER,1983,3305.4799999999996,261,86,9,1.65,2009-12-07 12:26:00,2011-10-31 13:05:00,7.597701149425287
21785,RAIN PONCHO,1980,1492.53,98,43,6,0.85,2009-12-07 13:59:00,2011-02-15 14:44:00,20.20408163265306
16169N,WRAP BLUE RUSSIAN FOLKART,1975,605.25,54,28,7,0.42,2009-12-07 15:02:00,2010-12-06 12:06:00,36.574074074074076
22416,SET OF 36 DOILIES SPACEBOY DESIGN,1970,2763.3599999999997,176,82,13,1.45,2010-02-03 08:50:00,2011-12-04 11:45:00,11.193181818181818
84975,HEART SHAPED MIRROR,1966,3225.84,208,47,5,1.69,2009-12-07 13:17:00,2010-12-08 15:12:00,9.451923076923077
72807C,SET/3 VANILLA SCENTED CANDLE IN BOX,1964,8395.22,339,87,10,4.25,2009-12-08 15:10:00,2011-11-25 14:25:00,5.793510324483776
23436,VINTAGE CHRISTMAS GIFT BAG LARGE,1956,2327.75,109,17,6,1.25,2011-08-02 14:04:00,2011-12-01 16:22:00,17.94495412844037
22917,HERB MARKER ROSEMARY,1955,1355.1000000000001,243,52,7,0.65,2010-11-21 11:03:00,2011-12-02 17:04:00,8.045267489711934
23090,VINTAGE GLASS T-LIGHT HOLDER,1955,1650.2099999999998,138,27,6,0.83,2011-05-16 08:13:00,2011-12-04 14:01:00,14.166666666666666
79323P,PINK CHERRY LIGHTS,1952,11835.02,231,21,5,6.75,2009-12-07 08:13:00,2011-01-11 13:54:00,8.45021645021645
22897,OVEN MITT APPLES DESIGN,1946,2874.73,292,62,9,1.45,2010-09-26 16:06:00,2011-12-04 13:59:00,6.664383561643835
22525,CHILDRENS GARDEN GLOVES PINK,1946,2748.79,328,55,13,1.25,2010-03-25 14:12:00,2011-04-18 16:31:00,5.932926829268292
22191,IVORY DINER WALL CLOCK,1945,16012.79,610,85,13,8.5,2009-12-07 13:59:00,2011-12-02 12:24:00,3.1885245901639343
22311,OFFICE MUG WARMER BLACK+SILVER,1943,6200.2300000000005,287,80,14,2.95,2009-12-07 15:55:00,2011-12-04 13:15:00,6.770034843205575
23266,SET OF 3 WOODEN STOCKING DECORATION,1936,2566.11,298,26,9,1.25,2011-06-09 15:34:00,2011-12-04 16:08:00,6.496644295302014
22179,SET 10 LIGHTS NIGHT OWL,1936,13757.84,547,98,10,6.75,2009-12-07 16:40:00,2011-12-04 13:32:00,3.539305301645338
84849B,FAIRY SOAP SOAP HOLDER,1933,3237.33,291,77,11,1.69,2009-12-07 17:56:00,2011-07-20 12:58:00,6.642611683848798
22479,DAISY GARDEN MARKER,1931,2671.5099999999998,212,71,5,1.25,2010-03-05 16:02:00,2011-12-01 19:54:00,9.108490566037736
23186,FRENCH STYLE STORAGE JAR CAFE,1928,803.8,68,25,5,0.29,2011-03-08 17:23:00,2011-11-30 17:22:00,28.352941176470587
22044,CHRISTMAS CARD STACK OF PRESENTS,1928,545.24,88,26,5,0.42,2009-12-07 14:58:00,2011-11-07 12:29:00,21.90909090909091
35971,ROSE FOLKART HEART DECORATIONS,1927,1895.1499999999999,212,86,3,1.25,2009-12-07 17:56:00,2011-12-01 16:22:00,9.089622641509434
22592,CARDHOLDER HOLLY WREATH METAL,1927,7631.95,292,41,9,3.75,2010-07-27 09:05:00,2011-12-02 16:39:00,6.5993150684931505
72225C,LAVENDER SCENT CAKE CANDLE,1926,466.38,38,33,4,0.29,2009-12-17 19:33:00,2011-11-29 09:48:00,50.68421052631579
22524,CHILDRENS GARDEN GLOVES BLUE,1925,2713.23,293,59,11,1.25,2010-03-25 14:12:00,2011-05-24 08:49:00,6.5699658703071675
22286,"DECORATION , WOBBLY RABBIT , METAL",1924,2177.52,193,53,3,1.65,2009-12-21 17:14:00,2011-12-01 12:01:00,9.968911917098445
72349B,SET/6 PURPLE BUTTERFLY T-LIGHTS,1919,3885.8300000000004,270,91,3,2.1,2009-12-07 15:28:00,2011-12-04 10:51:00,7.107407407407408
23004,TRAVEL CARD WALLET PANTRY,1919,863.79,212,42,7,0.42,2011-02-16 16:56:00,2011-12-04 14:09:00,9.05188679245283
22758,LARGE PURPLE BABUSHKA NOTEBOOK,1919,2393.56,283,63,11,1.25,2010-08-06 17:36:00,2011-12-04 10:56:00,6.780918727915195
85114B,IVORY ENCHANTED FOREST PLACEMAT,1919,3435.83,210,84,7,1.65,2009-12-07 13:59:00,2011-11-30 08:17:00,9.138095238095238
22916,HERB MARKER THYME,1916,1327.6000000000001,242,53,7,0.65,2010-11-21 16:11:00,2011-12-02 17:04:00,7.917355371900826
23332,IVORY WICKER HEART LARGE,1915,3298.5499999999997,270,18,5,1.65,2011-08-07 15:43:00,2011-12-04 12:17:00,7.092592592592593
22186,RED STAR CARD HOLDER,1912,5113.06,319,51,8,2.95,2009-12-07 13:49:00,2011-12-02 14:48:00,5.993730407523511
23437,50'S CHRISTMAS GIFT BAG LARGE,1903,2318.95,122,15,6,1.25,2011-08-22 15:05:00,2011-12-04 13:59:00,15.598360655737705
35095B,RED VICTORIAN FABRIC OVAL BOX,1897,738.62,165,76,3,0.42,2009-12-09 13:00:00,2011-11-30 15:13:00,11.496969696969696
85053,FRENCH ENAMEL CANDLEHOLDER,1892,4074.4100000000003,354,70,12,2.1,2009-12-07 17:56:00,2011-12-04 14:55:00,5.344632768361582
21384,IVORY HANGING DECORATION  BUTTERFLY,1892,1784.6899999999998,146,21,2,0.85,2009-12-07 11:46:00,2010-05-19 15:10:00,12.95890410958904
85071A,BLUE CHARLIE+LOLA PERSONAL DOORSIGN,1891,1373.6100000000001,142,58,7,0.39,2009-12-08 12:51:00,2011-12-04 15:19:00,13.316901408450704
85224,ASSORTED COLOUR SILK GLASSES CASE,1882,1068.96,58,37,1,2.1,2009-12-07 17:56:00,2011-03-23 16:45:00,32.44827586206897
22396,MAGNETS PACK OF 4 RETRO PHOTO,1881,1419.55,181,73,11,0.9550000000000001,2010-03-26 13:46:00,2011-12-04 13:59:00,10.392265193370166
23399,HOME SWEET HOME HANGING HEART,1878,1692.81,213,14,4,0.85,2011-09-04 12:54:00,2011-12-04 11:24:00,8.816901408450704
22918,HERB MARKER PARSLEY,1878,1285.45,240,52,8,0.65,2010-11-21 16:11:00,2011-12-02 17:04:00,7.825
20733,GOLD MINI TAPE MEASURE,1874,1405.85,280,79,6,0.83,2009-12-08 16:43:00,2011-12-02 16:39:00,6.692857142857143
20657,TROPICAL LUGGAGE TAG,1873,721.47,116,60,6,1.25,2009-12-07 18:02:00,2011-11-11 09:05:00,16.146551724137932
22583,PACK OF 6 HANDBAG GIFT BOXES,1870,4943.28,346,83,16,2.55,2010-03-10 12:51:00,2011-12-02 16:39:00,5.404624277456647
22251,BIRDHOUSE DECORATION MAGIC GARDEN,1869,2312.72,297,81,5,1.25,2009-12-17 17:16:00,2011-12-02 16:39:00,6.292929292929293
21327,SKULLS WRITING SET,1867,3264.12,478,101,6,1.65,2009-12-07 15:15:00,2011-12-02 10:52:00,3.905857740585774
22193,RED DINER WALL CLOCK,1864,15661.220000000001,598,76,16,8.5,2009-12-07 17:56:00,2011-12-04 10:10:00,3.117056856187291
21452,TOADSTOOL MONEY BOX,1861,5679.500000000001,401,87,16,2.95,2010-03-18 13:10:00,2011-12-04 13:55:00,4.640897755610973
23504,PLAYING CARDS JUBILEE UNION JACK,1861,2760.34,191,11,4,1.25,2011-09-22 11:46:00,2011-12-04 14:15:00,9.743455497382199
23287,RED VINTAGE SPOT BEAKER,1860,1584.9,193,25,13,0.85,2011-06-13 16:33:00,2011-12-01 16:22:00,9.637305699481866
23280,FOLDING BUTTERFLY MIRROR HOT PINK,1860,1481.28,150,29,10,0.83,2011-05-09 16:35:00,2011-12-04 13:00:00,12.4
21007,ETCHED GLASS DROPLET DECORATION,1858,864.0,43,16,1,0.38,2009-12-07 11:05:00,2010-09-23 12:25:00,43.2093023255814
22101,MIRROR MOSAIC VOTIVE HOLDER,1857,2686.47,113,62,2,2.46,2009-12-07 13:49:00,2011-11-25 14:02:00,16.43362831858407
15056P,EDWARDIAN PARASOL PINK,1853,10302.87,337,98,9,5.95,2009-12-08 07:59:00,2011-12-02 12:40:00,5.498516320474778
85231B,CINAMMON SET OF 9 T-LIGHTS,1853,1697.99,350,88,7,0.85,2009-12-07 11:05:00,2011-12-04 14:55:00,5.2942857142857145
22972,CHILDREN'S SPACEBOY MUG,1851,3165.3099999999995,235,49,10,1.65,2010-11-24 13:13:00,2011-12-01 17:20:00,7.876595744680851
23083,SET 6 PAPER TABLE LANTERN STARS,1847,6891.3,227,29,7,3.75,2011-05-15 11:17:00,2011-12-04 15:18:00,8.136563876651982
21945,STRAWBERRIES  DESIGN FLANNEL,1845,1280.0,229,71,7,1.63,2009-12-07 18:02:00,2011-11-30 15:13:00,8.056768558951966
23147,SINGLE ANTIQUE ROSE HOOK IVORY,1842,2714.5,257,33,9,1.45,2011-04-21 08:43:00,2011-12-04 12:44:00,7.167315175097277
22097,SWALLOW SQUARE TISSUE BOX,1837,1181.98,237,86,10,1.25,2009-12-09 09:42:00,2011-12-02 14:26:00,7.751054852320675
23365,SET 12 COLOUR PENCILS LOVE LONDON,1834,1445.13,158,11,6,0.65,2011-09-22 12:13:00,2011-12-02 13:36:00,11.60759493670886
22361,GLASS JAR DAISY FRESH COTTON WOOL,1832,5969.51,487,88,13,2.95,2010-03-15 17:29:00,2011-12-04 13:32:00,3.761806981519507
21014,SWISS CHALET TREE DECORATION,1831,910.2399999999999,184,44,5,0.85,2009-12-09 09:42:00,2011-11-23 13:27:00,9.951086956521738
23550,WRAP ALPHABET POSTER,1830,752.6,63,19,5,0.42,2011-07-18 11:42:00,2011-11-30 16:43:00,29.047619047619047
22265,EASTER DECORATION NATURAL CHICK,1828,1198.0500000000002,167,60,4,0.65,2009-12-09 14:16:00,2011-11-29 13:12:00,10.946107784431138
22676,FRENCH BLUE METAL DOOR SIGN 1,1827,2457.6,302,67,7,1.25,2010-08-17 11:21:00,2011-12-02 17:12:00,6.049668874172186
22102,MIRROR MOSAIC T-LIGHT HOLDER,1827,1166.94,56,43,2,1.65,2009-12-09 11:01:00,2011-11-28 14:44:00,32.625
22965,3 TRADITIONAl BISCUIT CUTTERS  SET,1826,3792.3200000000006,254,54,13,2.1,2010-11-21 14:36:00,2011-12-04 11:50:00,7.188976377952756
21011,GLITTER SNOW PEAR TREE DECORATION,1826,1353.5,116,24,3,1.45,2009-12-07 13:48:00,2010-12-21 10:35:00,15.741379310344827
23196,VINTAGE LEAF MAGNETIC NOTEPAD,1824,2734.0,284,24,11,1.45,2011-06-23 11:51:00,2011-12-02 16:39:00,6.422535211267606
21336,GOLD WASHBAG,1822,521.52,42,27,3,2.95,2009-12-07 18:02:00,2011-06-29 15:58:00,43.38095238095238
22276,WASH BAG VINTAGE ROSE PAISLEY,1820,4705.67,354,90,20,2.55,2009-12-07 12:32:00,2011-11-04 15:18:00,5.141242937853107
21542,WOODLAND WATER TRANSFER TATTOOS,1820,1548.05,183,35,8,0.85,2009-12-07 13:48:00,2010-10-10 13:23:00,9.94535519125683
35649,VINTAGE BEAD COSMETIC BAG,1819,1343.01,49,34,2,2.46,2009-12-13 11:16:00,2011-12-02 16:39:00,37.12244897959184
85194L,HANGING SPRING FLOWER EGG LARGE,1818,1560.6299999999999,147,38,5,0.85,2009-12-07 11:46:00,2011-11-22 16:47:00,12.36734693877551
21171,BATHROOM METAL SIGN,1817,2535.69,253,75,7,1.45,2009-12-07 13:52:00,2011-08-11 10:14:00,7.181818181818182
23194,GYMKHANA TREASURE BOOK BOX,1816,4015.98,205,40,12,2.25,2011-03-02 12:10:00,2011-12-04 13:32:00,8.858536585365854
22483,RED GINGHAM TEDDY BEAR,1815,5268.29,343,90,17,2.95,2010-03-04 11:11:00,2011-12-04 11:45:00,5.291545189504373
79163,BLACK CHAMPAGNE GLASS,1813,1207.83,63,40,2,0.39,2009-12-10 11:39:00,2011-09-18 12:21:00,28.77777777777778
22605,WOODEN CROQUET GARDEN SET,1812,23162.53,631,84,14,12.75,2010-04-08 19:40:00,2011-12-04 14:55:00,2.8716323296354993
23264,SET OF 3 WOODEN SLEIGH DECORATIONS,1812,2464.55,280,26,11,1.25,2011-06-09 15:34:00,2011-12-04 15:00:00,6.4714285714285715
22547,MINI JIGSAW DINOSAUR,1805,805.49,181,75,8,0.42,2010-03-26 14:45:00,2011-12-02 12:59:00,9.972375690607734
23163,REGENCY SUGAR TONGS,1801,4420.740000000001,200,32,7,2.49,2011-04-27 12:49:00,2011-12-02 16:39:00,9.005
21503,TOYBOX  WRAP,1801,740.42,64,43,8,0.42,2009-12-16 17:06:00,2011-11-30 16:43:00,28.140625
22067,CHOC TRUFFLE GOLD TRINKET POT,1798,2970.33,244,92,10,1.65,2009-12-07 13:52:00,2011-12-04 11:55:00,7.368852459016393
85116,BLACK CANDELABRA T-LIGHT HOLDER,1794,2166.34,175,75,6,1.66,2009-12-07 13:59:00,2011-10-14 11:08:00,10.251428571428571
20960,WATERMELON BATH SPONGE,1792,2402.64,201,55,7,1.25,2009-12-07 13:35:00,2011-03-07 10:12:00,8.91542288557214
84818,DANISH ROSE PHOTO FRAME,1785,2374.6,213,78,9,2.51,2009-12-14 17:57:00,2011-10-30 16:15:00,8.380281690140846
22342,HOME GARLAND PAINTED ZINC,1785,2455.33,226,91,7,1.65,2009-12-07 11:46:00,2011-11-28 15:31:00,7.898230088495575
22371,AIRLINE BAG VINTAGE TOKYO 78,1784,8713.1,671,91,13,4.25,2010-02-12 15:38:00,2011-12-04 12:44:00,2.6587183308494784
21906,PHARMACIE FIRST AID TIN,1782,12845.92,421,92,19,6.75,2010-01-29 13:53:00,2011-12-02 16:39:00,4.232779097387174
90057,DIAMANTE RING ASSORTED IN BOX.,1780,2645.88,36,20,3,1.25,2009-12-09 14:25:00,2011-12-01 14:30:00,49.44444444444444
22070,SMALL RED RETROSPOT MUG IN BOX,1779,5472.94,303,85,16,3.75,2009-12-07 11:39:00,2011-11-30 15:33:00,5.871287128712871
21411,GINGHAM HEART  DOORSTOP RED,1777,7598.31,577,98,9,4.25,2009-12-07 15:42:00,2011-12-04 15:28:00,3.079722703639515
22957,SET 3 PAPER VINTAGE CHICK PAPER EGG,1775,5014.650000000001,214,17,14,2.95,2011-01-14 14:11:00,2011-09-29 13:38:00,8.294392523364486
85041,SET/4 PINK ORCHID CANDLES IN BOWL,1773,2365.69,84,25,3,1.65,2009-12-09 14:16:00,2010-07-15 15:08:00,21.107142857142858
21675,BUTTERFLIES STICKERS,1773,1561.9599999999998,262,86,9,0.85,2009-12-07 17:56:00,2011-12-02 13:20:00,6.767175572519084
22919,HERB MARKER MINT,1767,1229.0900000000001,240,51,7,0.65,2010-11-22 12:53:00,2011-12-02 17:04:00,7.3625
35095A,BLUE VICTORIAN FABRIC OVAL BOX,1766,699.7099999999999,154,72,5,0.83,2009-12-09 13:00:00,2011-12-02 16:39:00,11.467532467532468
72484,ROSES IN WHITE HEART CANDLE,1766,926.3800000000001,61,10,2,1.25,2009-12-07 18:02:00,2010-03-04 12:32:00,28.950819672131146
85177,BASKET OF FLOWERS SEWING KIT,1764,1461.7199999999998,136,71,6,0.85,2009-12-08 13:04:00,2011-12-01 13:28:00,12.970588235294118
21705,BAG 500g SWIRLY MARBLES,1761,2831.7599999999998,198,55,5,1.65,2010-07-25 15:44:00,2011-12-04 12:48:00,8.893939393939394
85194S,HANGING SPRING FLOWER EGG SMALL,1760,889.46,131,54,3,0.65,2010-01-05 14:12:00,2011-12-04 12:32:00,13.435114503816793
23330,DECORATIVE WICKER HEART MEDIUM,1759,2239.59,209,17,4,1.25,2011-08-08 13:53:00,2011-12-04 12:31:00,8.416267942583731
22650,CERAMIC PIRATE CHEST MONEY BANK,1757,2650.0699999999997,273,77,12,1.45,2010-05-14 15:41:00,2011-11-30 16:23:00,6.435897435897436
22175,PINK OWL SOFT TOY,1756,5082.21,351,95,11,2.95,2009-12-07 12:08:00,2011-12-04 15:35:00,5.002849002849003
23006,TRAVEL CARD WALLET FLOWER MEADOW,1754,759.84,171,41,5,0.42,2011-02-16 16:56:00,2011-12-04 12:32:00,10.257309941520468
23438,RED SPOT GIFT BAG LARGE,1751,2135.0,103,18,6,1.25,2011-08-03 12:20:00,2011-12-04 15:00:00,17.0
21421,PORCELAIN ROSE LARGE,1750,2091.98,102,47,4,1.25,2009-12-07 11:46:00,2011-05-24 14:00:00,17.15686274509804
18097C,WHITE TALL PORCELAIN T-LIGHT HOLDER,1743,3869.1,204,78,4,2.55,2009-12-07 11:05:00,2011-11-24 09:26:00,8.544117647058824
21624,VINTAGE UNION JACK DOORSTOP,1743,10450.33,389,89,6,5.95,2009-12-07 15:42:00,2011-12-04 12:52:00,4.480719794344473
21634,ASSORTED MINI MADRAS NOTEBOOK,1742,1464.8899999999999,66,45,3,1.25,2009-12-09 09:42:00,2011-10-16 15:13:00,26.393939393939394
22103,MIRROR MOSAIC T-LIGHT HOLDER ROUND,1740,1750.74,70,50,4,1.65,2009-12-08 15:49:00,2011-10-24 17:03:00,24.857142857142858
21340,CLASSIC METAL BIRDCAGE PLANT HOLDER,1739,18939.67,408,76,13,12.75,2009-12-07 16:56:00,2011-12-04 15:18:00,4.262254901960785
22921,HERB MARKER CHIVES,1738,1200.3700000000001,213,48,6,0.65,2010-11-21 16:11:00,2011-12-02 17:04:00,8.15962441314554
22117,METAL SIGN HER DINNER IS SERVED,1737,5122.04,222,83,11,2.95,2009-12-08 13:38:00,2011-12-02 13:38:00,7.824324324324325
37327,ASSTD MULTICOLOUR CIRCLES MUG,1736,1046.62,87,38,1,0.42,2010-01-26 10:13:00,2011-11-10 12:01:00,19.95402298850575
79030G,"TUMBLER, NEW ENGLAND",1733,1433.25,119,49,9,1.65,2009-12-10 16:35:00,2011-06-03 17:09:00,14.563025210084033
22468,BABUSHKA LIGHTS STRING OF 10,1732,11502.52,410,85,14,6.75,2010-03-08 12:44:00,2011-12-02 12:13:00,4.224390243902439
22598,CHRISTMAS MUSICAL ZINC TREE,1731,1085.86,134,31,5,0.83,2010-07-26 09:50:00,2011-12-04 13:59:00,12.917910447761194
23327,HANGING CLEAR MINI BOTTLE,1730,1048.6200000000001,40,13,3,0.63,2011-08-10 16:01:00,2011-11-29 15:09:00,43.25
35832,WOOLLY HAT SOCK GLOVE ADVENT STRING,1729,5251.950000000001,183,21,9,2.95,2009-12-07 17:56:00,2010-11-04 14:49:00,9.448087431693988
21944,KITTENS DESIGN FLANNEL,1726,1065.26,190,66,7,0.85,2009-12-07 18:02:00,2011-12-02 16:39:00,9.08421052631579
23551,PACK OF 12 PAISLEY PARK TISSUES,1726,790.0999999999999,125,14,7,0.39,2011-09-01 15:56:00,2011-12-02 16:39:00,13.808
23229,VINTAGE DONKEY TAIL GAME,1726,6211.11,243,25,14,3.75,2011-06-14 12:09:00,2011-12-04 14:15:00,7.102880658436214
16169P,WRAP GREEN RUSSIAN FOLKART,1725,523.25,47,30,5,0.42,2009-12-14 10:49:00,2010-12-19 11:35:00,36.702127659574465
22628,PICNIC BOXES SET OF 3 RETROSPOT,1724,8268.8,348,72,16,4.95,2010-07-01 11:59:00,2011-12-04 16:07:00,4.954022988505747
84880,WHITE WIRE EGG HOLDER,1723,9846.35,372,85,6,5.95,2009-12-10 14:13:00,2011-11-29 10:45:00,4.631720430107527
22779,WOODEN OWLS LIGHT GARLAND,1721,6571.85,189,52,12,4.25,2010-10-24 11:14:00,2011-12-04 13:32:00,9.105820105820106
84012,MAGIC SHEEP WOOL GROWING FROM PAPER,1720,2514.57,168,65,8,1.66,2009-12-09 14:02:00,2011-12-04 14:55:00,10.238095238095237
22310,IVORY KNITTED MUG COSY,1714,3064.49,216,77,6,3.29,2009-12-07 18:02:00,2011-12-01 16:22:00,7.935185185185185
22902,TOTE BAG I LOVE LONDON,1713,3494.17,197,58,9,2.1,2010-09-26 14:42:00,2011-12-04 12:02:00,8.695431472081218
84006,MAGIC TREE -PAPER FLOWERS,1710,1603.77,201,72,4,0.85,2009-12-07 17:56:00,2011-12-01 13:08:00,8.507462686567164
22199,FRYING PAN RED RETROSPOT,1710,7213.14,381,95,14,4.25,2009-12-07 17:56:00,2011-12-04 15:19:00,4.488188976377953
22403,MAGNETS PACK OF 4 VINTAGE LABELS,1702,1190.82,210,69,9,1.25,2010-03-29 10:10:00,2011-12-02 10:23:00,8.104761904761904
23161,REGENCY CAKE FORK,1702,2113.32,95,28,7,1.25,2011-05-03 10:43:00,2011-12-01 16:22:00,17.91578947368421
21774,DECORATIVE CATS BATHROOM BOTTLE,1698,2101.13,359,98,8,2.46,2009-12-07 17:56:00,2011-12-02 16:39:00,4.729805013927576
23238,SET OF 4 KNICK KNACK TINS LONDON,1694,7154.34,257,26,13,4.15,2011-06-07 14:03:00,2011-12-02 12:02:00,6.591439688715953
22776,SWEETHEART CAKESTAND 3 TIER,1692,17291.18,680,59,13,9.95,2010-10-17 11:20:00,2011-12-04 12:31:00,2.488235294117647
23329,DECORATIVE WICKER HEART LARGE,1691,2911.1499999999996,226,18,4,1.65,2011-08-07 15:43:00,2011-12-04 12:31:00,7.482300884955753
22340,NOEL GARLAND PAINTED ZINC,1689,1382.9699999999998,169,34,9,0.83,2009-12-14 17:16:00,2011-12-02 16:39:00,9.994082840236686
21541,DINOSAURS WATER TRANSFER TATTOOS,1688,1487.54,196,44,8,0.85,2009-12-07 13:59:00,2010-11-15 14:49:00,8.612244897959183
23352,ROLL WRAP 50'S RED CHRISTMAS,1688,2272.01,191,17,6,1.25,2011-08-04 16:17:00,2011-12-04 14:15:00,8.837696335078535
23190,BUNDLE OF 3 SCHOOL EXERCISE BOOKS,1688,2738.7999999999997,199,30,8,1.65,2011-05-09 16:35:00,2011-12-04 12:01:00,8.482412060301508
22409,MONEY BOX BISCUITS DESIGN,1684,2287.96,162,68,12,1.25,2010-03-26 13:46:00,2011-12-04 14:55:00,10.395061728395062
23120,PACK OF 6 SMALL FRUIT STRAWS,1683,681.18,98,24,5,0.42,2011-06-17 12:22:00,2011-12-02 14:26:00,17.1734693877551
22671,FRENCH LAUNDRY SIGN BLUE METAL,1682,2793.24,241,63,5,1.65,2010-08-17 11:21:00,2011-12-04 14:55:00,6.979253112033195
21402,RED  EGG  SPOON,1681,326.28,146,66,9,0.42,2009-12-09 09:51:00,2011-12-02 16:39:00,11.513698630136986
23271,CHRISTMAS TABLE SILVER CANDLE SPIKE,1679,1437.73,98,20,7,0.83,2011-06-13 15:44:00,2011-12-04 12:01:00,17.132653061224488
84341B,SMALL PINK MAGIC CHRISTMAS TREE,1676,884.62,114,37,4,0.85,2009-12-07 17:56:00,2011-11-15 14:48:00,14.701754385964913
23254,CHILDRENS CUTLERY DOLLY GIRL,1674,6778.620000000001,289,35,21,4.15,2011-04-07 11:30:00,2011-12-02 14:25:00,5.7923875432525955
22634,CHILDS BREAKFAST SET SPACEBOY,1673,15787.289999999999,491,80,20,9.95,2010-05-20 09:27:00,2011-12-02 14:25:00,3.4073319755600813
85016,SET OF 6 VINTAGE NOTELETS KIT,1672,2015.34,163,65,10,2.51,2009-12-07 17:56:00,2011-05-31 10:45:00,10.257668711656441
21826,EIGHT PIECE DINOSAUR SET,1670,2157.77,229,60,5,1.25,2009-12-07 11:39:00,2011-03-16 13:00:00,7.292576419213974
21684,SMALL MEDINA STAMPED METAL BOWL,1670,1335.51,101,61,5,0.85,2009-12-11 09:58:00,2011-12-02 16:39:00,16.534653465346533
23497,CLASSIC CHROME BICYCLE BELL,1669,2383.17,159,6,11,1.45,2011-10-28 13:04:00,2011-12-04 14:55:00,10.49685534591195
15044B,BLUE PAPER PARASOL,1669,4641.18,188,68,7,2.95,2009-12-07 11:46:00,2011-09-28 15:50:00,8.877659574468085
85197,SET OF 12 MINI BUNNIES IN A BUCKET,1668,957.36,73,26,5,2.1,2010-01-05 14:12:00,2011-07-29 17:28:00,22.84931506849315
85226A,WHITE/BLUE PULL BACK RACING CAR,1668,903.1700000000001,137,40,8,0.55,2009-12-07 16:40:00,2010-11-24 15:31:00,12.175182481751825
22228,BUNNY WOODEN PAINTED WITH BIRD,1664,1415.4699999999998,270,68,6,0.85,2009-12-10 09:49:00,2011-12-04 15:19:00,6.162962962962963
21973,SET OF 36 MUSHROOM PAPER DOILIES,1664,2404.97,206,74,17,1.45,2009-12-07 10:41:00,2011-11-28 11:18:00,8.077669902912621
85183B,CHARLIE & LOLA WASTEPAPER BIN FLORA,1662,2576.5099999999998,169,72,9,1.25,2009-12-11 14:20:00,2011-12-04 15:28:00,9.834319526627219
23234,BISCUIT TIN VINTAGE CHRISTMAS,1661,4859.99,261,25,12,2.89,2011-06-14 12:24:00,2011-12-02 16:39:00,6.363984674329502
16168M,FUNKY MONKEY GIFT BAG MEDIUM,1661,501.47,99,63,2,0.42,2009-12-09 14:31:00,2011-12-02 16:39:00,16.77777777777778
21641,ASSORTED TUTTI FRUTTI KEYRING BALL,1658,932.7099999999999,107,58,3,1.63,2009-12-07 17:56:00,2011-09-16 13:32:00,15.495327102803738
72760B,VINTAGE CREAM 3 BASKET CAKE STAND,1657,15979.369999999999,475,87,14,9.95,2009-12-07 11:46:00,2011-12-04 10:29:00,3.488421052631579
85230G,ORANGE VOTIVE CANDLE,1656,418.79999999999995,45,37,4,0.29,2010-02-17 14:01:00,2011-12-02 12:52:00,36.8
22230,JIGSAW TREE WITH WATERING CAN,1654,1131.24,191,76,9,0.85,2009-12-07 17:56:00,2011-12-04 15:19:00,8.659685863874346
22635,CHILDS BREAKFAST SET DOLLY GIRL,1653,15725.359999999999,480,77,21,9.95,2010-05-20 09:27:00,2011-12-02 13:12:00,3.44375
35598D,PINK/WHITE CHRISTMAS TREE 60CM,1652,1259.01,99,43,7,2.46,2009-12-07 15:26:00,2011-12-04 12:14:00,16.68686868686869
37444C,PINK BREAKFAST CUP AND SAUCER,1651,661.78,52,31,4,5.91,2009-12-09 09:42:00,2011-03-28 12:23:00,31.75
23265,SET OF 3 WOODEN TREE DECORATIONS,1650,2228.21,274,26,9,1.25,2011-06-09 15:34:00,2011-12-04 16:08:00,6.021897810218978
22821,GIFT BAG PSYCHEDELIC APPLES,1649,1038.68,179,56,5,0.65,2010-09-15 16:28:00,2011-12-02 16:39:00,9.212290502793296
23371,SET 36 COLOUR PENCILS SPACEBOY,1648,2221.43,169,11,10,1.25,2011-09-22 12:02:00,2011-12-04 13:59:00,9.751479289940828
21947,SET OF 6 HEART CHOPSTICKS,1646,2259.08,288,90,12,1.25,2009-12-07 18:02:00,2011-12-02 16:39:00,5.715277777777778
20886,BOX OF 9 PEBBLE CANDLES,1646,3292.27,297,90,8,1.95,2009-12-07 16:38:00,2011-11-07 12:06:00,5.542087542087542
21864,UNION JACK FLAG PASSPORT COVER,1644,4038.8500000000004,391,97,5,2.1,2009-12-07 12:42:00,2011-12-01 11:18:00,4.20460358056266
21249,WOODLAND  HEIGHT CHART STICKERS,1640,4693.88,251,96,16,2.95,2009-12-07 13:32:00,2011-11-29 16:47:00,6.53386454183267
35015,JACOBS LADDER SMALL,1639,108.10000000000001,34,21,4,0.06,2009-12-15 15:27:00,2010-11-07 13:47:00,48.205882352941174
22036,DINOSAUR BIRTHDAY CARD,1637,690.07,134,35,6,0.42,2009-12-07 11:46:00,2010-10-04 14:30:00,12.216417910447761
21414,SCALLOP SHELL SOAP DISH,1637,870.89,36,25,4,2.1,2009-12-07 18:02:00,2011-02-22 16:13:00,45.47222222222222
21942,SKULLS DESIGN FLANNEL,1636,1092.3899999999999,208,68,4,0.87,2009-12-07 15:55:00,2011-12-01 16:22:00,7.865384615384615
22249,DECORATION WHITE CHICK MAGIC GARDEN,1635,1433.03,242,60,5,0.85,2009-12-13 13:39:00,2011-11-28 13:06:00,6.756198347107438
23501,KEY RING BASEBALL BOOT UNION JACK,1633,1995.4,98,9,4,1.25,2011-10-05 10:11:00,2011-12-02 14:26:00,16.663265306122447
47580,TEA TIME DES TEA COSY,1631,4216.929999999999,331,88,12,2.55,2009-12-07 18:02:00,2011-12-04 11:45:00,4.927492447129909
22974,CHILDRENS DOLLY GIRL MUG,1630,2779.3499999999995,206,49,9,1.65,2010-11-24 16:18:00,2011-12-04 11:24:00,7.912621359223301
37342,POLKADOT COFFEE CUP & SAUCER PINK,1629,1731.4,131,48,6,2.46,2009-12-07 17:56:00,2011-09-02 14:42:00,12.435114503816793
23156,SET OF 5 MINI GROCERY MAGNETS,1627,3344.25,201,37,13,2.08,2011-03-25 11:01:00,2011-12-02 16:07:00,8.09452736318408
23480,MINI LIGHTS WOODLAND MUSHROOMS,1627,6011.11,186,7,16,3.75,2011-10-19 15:09:00,2011-12-04 16:02:00,8.74731182795699
84884A,ANT WHITE WIRE HEART SPIRAL,1627,5947.05,298,89,4,3.95,2009-12-07 10:21:00,2011-12-02 16:39:00,5.459731543624161
23227,FILIGREE HEART BUTTERFLY WHITE,1626,2045.22,112,28,3,1.25,2011-05-26 12:00:00,2011-12-02 14:25:00,14.517857142857142
21110,LARGE CAKE TOWEL PINK SPOTS,1625,7621.0,323,87,14,6.75,2009-12-07 10:21:00,2011-11-25 15:23:00,5.030959752321982
21773,DECORATIVE ROSE BATHROOM BOTTLE,1625,1871.8799999999999,304,95,3,2.46,2009-12-07 17:56:00,2011-12-01 16:22:00,5.345394736842105
23291,DOLLY GIRL CHILDRENS CUP,1618,2035.4,187,25,15,1.25,2011-06-13 16:33:00,2011-12-02 16:39:00,8.6524064171123
22042,CHRISTMAS CARD SINGING ANGEL,1618,576.79,119,36,8,0.42,2009-12-07 14:58:00,2011-12-04 13:32:00,13.596638655462185
22487,WHITE WOOD GARDEN PLANT LADDER,1617,16236.05,889,89,17,9.95,2010-03-05 16:02:00,2011-12-01 16:22:00,1.8188976377952757
23289,DOLLY GIRL CHILDRENS BOWL,1614,1997.65,186,25,14,1.25,2011-06-13 16:33:00,2011-12-02 09:19:00,8.67741935483871
23251,VINTAGE RED ENAMEL TRIM MUG,1613,2002.16,117,25,6,1.25,2011-06-14 10:00:00,2011-12-04 12:31:00,13.786324786324787
21817,GLITTER CHRISTMAS TREE,1611,1012.59,123,31,3,0.85,2009-12-10 20:04:00,2011-11-09 15:17:00,13.097560975609756
20707,CRAZY DAISY HEART DECORATION,1611,1238.65,197,72,7,0.83,2009-12-10 09:44:00,2011-11-28 15:54:00,8.17766497461929
22780,LIGHT GARLAND BUTTERFILES PINK,1610,6112.34,176,50,8,4.25,2010-10-22 11:07:00,2011-12-04 13:32:00,9.147727272727273
22639,SET OF 4 NAPKIN CHARMS HEARTS,1610,3980.39,270,67,6,2.55,2010-07-18 12:49:00,2011-12-04 15:19:00,5.962962962962963
22636,CHILDS BREAKFAST SET CIRCUS PARADE,1609,13352.4,485,77,18,8.5,2010-05-20 11:19:00,2011-12-04 12:02:00,3.3175257731958765
20832,RED FLOCK LOVE HEART PHOTO FRAME,1607,1067.4099999999999,155,61,2,0.85,2009-12-07 17:56:00,2011-11-28 13:56:00,10.36774193548387
85039B,S/4 IVORY MINI ROSE CANDLE IN BOWL,1606,2101.37,256,76,2,1.65,2009-12-07 10:33:00,2011-12-02 16:39:00,6.2734375
21015,DARK BIRD HOUSE TREE DECORATION,1604,710.63,174,41,6,0.83,2009-12-08 12:25:00,2011-12-04 13:59:00,9.218390804597702
22157,ANGEL DECORATION WITH LACE PADDED,1604,1371.5,116,27,3,0.85,2009-12-08 13:41:00,2011-08-31 14:28:00,13.827586206896552
23213,STAR WREATH DECORATION WITH BELL,1602,2017.85,142,23,8,1.25,2011-06-02 09:04:00,2011-12-04 13:15:00,11.28169014084507
22306,SILVER MUG BONE CHINA TREE OF LIFE,1601,2295.0,160,40,9,1.25,2009-12-09 09:51:00,2011-12-02 10:47:00,10.00625
21614,SET OF 12 ROSE BOTANICAL T-LIGHTS,1599,4455.570000000001,188,55,8,2.95,2009-12-09 14:48:00,2011-05-31 10:43:00,8.50531914893617
20748,KENSINGTON COFFEE SET,1592,14164.980000000001,176,65,6,12.75,2009-12-07 14:58:00,2011-11-28 13:06:00,9.045454545454545
22322,BIRD DECORATION GREEN POLKADOT,1592,1506.11,269,84,7,0.85,2009-12-07 15:26:00,2011-11-11 13:06:00,5.9182156133829
21204,DAISIES  HONEYCOMB GARLAND,1591,2654.9399999999996,202,85,7,1.65,2009-12-07 13:48:00,2011-12-01 16:22:00,7.876237623762377
22033,BOTANICAL ROSE GREETING CARD,1591,676.89,127,58,6,0.42,2009-12-07 11:46:00,2011-11-22 15:41:00,12.527559055118111
21846,PINK DIAMANTE PEN IN GIFT BOX,1591,3754.46,258,80,5,4.21,2009-12-07 15:26:00,2011-12-04 14:45:00,6.166666666666667
21059,PARTY INVITES DINOSAURS,1589,1341.05,218,88,9,0.85,2009-12-10 12:21:00,2011-12-04 14:15:00,7.2889908256880735
22702,BLACK AND WHITE CAT BOWL,1589,3156.3199999999997,94,51,8,2.1,2010-06-23 16:31:00,2011-12-02 16:39:00,16.904255319148938
15044D,RED PAPER PARASOL,1587,4520.74,222,81,7,2.95,2009-12-07 17:56:00,2011-11-28 15:54:00,7.148648648648648
85064,CREAM SWEETHEART LETTER RACK,1583,7416.04,275,40,6,5.45,2009-12-07 15:26:00,2011-01-27 12:40:00,5.756363636363637
22677,FRENCH BLUE METAL DOOR SIGN 2,1583,2143.03,280,63,8,1.25,2010-08-17 11:21:00,2011-12-02 17:12:00,5.6535714285714285
84826,ASSTD DESIGN 3D PAPER STICKERS,1582,800.6,48,33,6,0.85,2009-12-08 13:38:00,2011-11-11 11:11:00,32.958333333333336
22559,SEASIDE FLYING DISC,1580,1979.49,200,71,8,1.25,2010-03-25 14:22:00,2011-11-25 16:14:00,7.9
22135,MINI LADLE LOVE HEART PINK,1578,779.29,302,94,6,0.83,2009-12-07 10:41:00,2011-12-02 16:39:00,5.225165562913907
17129F,BLUE GLASS GEMS IN BAG,1577,1679.55,143,79,1,1.63,2009-12-07 17:56:00,2011-11-10 12:37:00,11.027972027972028
20714,POSY SHOPPER BAG,1575,640.93,24,4,2,0.86,2009-12-09 16:24:00,2010-01-12 09:47:00,65.625
23373,VINTAGE CHRISTMAS PAPER GIFT BAG,1574,1266.07,97,17,5,0.82,2011-08-02 14:04:00,2011-12-04 15:13:00,16.22680412371134
79067,CORONA MEXICAN TRAY,1573,6203.1,385,54,8,3.75,2009-12-07 18:02:00,2010-12-21 15:20:00,4.085714285714285
22627,MINT KITCHEN SCALES,1571,13762.17,637,72,18,8.5,2010-05-04 10:02:00,2011-12-04 10:35:00,2.466248037676609
22318,FIVE HEART HANGING DECORATION,1568,4933.8,384,97,15,2.95,2009-12-07 11:46:00,2011-12-02 13:11:00,4.083333333333333
20738,GREEN MINI TAPE MEASURE,1567,1263.47,68,36,5,0.85,2009-12-08 11:13:00,2010-11-29 12:06:00,23.044117647058822
85196,EASTER BUNNIES ON A STICK,1564,831.0400000000001,71,12,6,0.55,2009-12-07 11:46:00,2010-03-29 17:17:00,22.028169014084508
79191C,RETRO PLASTIC ELEPHANT TRAY,1560,1231.71,148,74,9,0.85,2009-12-07 17:56:00,2011-12-02 10:41:00,10.54054054054054
84849D,HOT BATHS SOAP HOLDER,1558,2618.27,260,88,6,1.69,2010-01-14 16:16:00,2011-12-01 19:42:00,5.992307692307692
21556,CERAMIC STRAWBERRY MONEY BOX,1558,4106.36,281,77,9,2.55,2009-12-07 08:53:00,2011-11-23 12:20:00,5.544483985765124
21756,BATH BUILDING BLOCK WORD,1554,9601.17,563,81,12,5.95,2009-12-07 10:33:00,2011-12-04 11:56:00,2.7602131438721136
72802B,OCEAN SCENT CANDLE IN JEWELLED BOX,1552,4229.22,208,78,6,4.25,2009-12-09 15:20:00,2011-11-03 19:15:00,7.461538461538462
37495,FAIRY CAKE BIRTHDAY CANDLE SET,1548,5683.57,325,90,20,3.75,2009-12-07 09:18:00,2011-11-21 10:27:00,4.763076923076923
20734,SILVER MINI TAPE MEASURE,1548,1430.6699999999998,109,57,7,0.85,2009-12-07 15:42:00,2011-04-06 11:14:00,14.20183486238532
21717,EASTER TIN BUCKET,1548,4019.0899999999997,174,42,12,2.55,2009-12-16 13:15:00,2011-03-22 11:05:00,8.89655172413793
22795,SWEETHEART RECIPE BOOK STAND,1548,10753.22,477,47,9,6.75,2010-10-17 10:42:00,2011-12-04 14:40:00,3.2452830188679247
21879,HEARTS GIFT TAPE,1547,649.8100000000001,148,53,7,0.65,2009-12-09 14:48:00,2011-12-04 12:02:00,10.452702702702704
23169,CLASSIC GLASS COOKIE JAR,1546,6617.2,308,30,9,4.15,2011-05-12 10:10:00,2011-12-04 14:55:00,5.01948051948052
17164B,ASS COL SMALL SAND GECKO P'WEIGHT,1546,615.48,79,42,2,0.42,2009-12-13 12:19:00,2011-01-26 14:51:00,19.569620253164558
22405,MONEY BOX POCKET MONEY DESIGN,1546,1955.94,209,70,14,1.25,2010-03-26 13:46:00,2011-12-02 16:39:00,7.3971291866028706
35923,CANDY HEART HANGING DECORATION,1545,1023.77,112,57,4,1.25,2009-12-08 12:33:00,2011-12-01 11:51:00,13.794642857142858
22260,FELT EGG COSY BLUE RABBIT,1542,1571.32,236,70,7,1.63,2009-12-07 18:02:00,2011-12-01 16:22:00,6.533898305084746
23500,KEY RING BASEBALL BOOT ASSORTED,1541,1928.45,87,9,6,1.25,2011-10-04 13:58:00,2011-12-04 15:00:00,17.71264367816092
21905,MORE BUTTER METAL SIGN,1538,2074.63,257,87,5,1.66,2009-12-07 13:45:00,2011-11-29 15:39:00,5.98443579766537
85206B,PINK FELT EASTER EGG BASKET,1538,2477.2999999999997,183,17,5,1.65,2009-12-14 14:02:00,2011-01-20 19:16:00,8.404371584699453
22923,FRIDGE MAGNETS LES ENFANTS ASSORTED,1535,1274.09,86,38,10,0.85,2010-11-19 10:51:00,2011-12-02 10:23:00,17.848837209302324
72817,SET OF 2 CHRISTMAS DECOUPAGE CANDLE,1534,1647.53,211,41,8,1.25,2009-12-14 13:09:00,2011-11-23 13:39:00,7.270142180094787
23382,BOX OF 6 CHRISTMAS CAKE DECORATIONS,1533,5949.26,197,8,12,3.75,2011-10-13 13:42:00,2011-12-02 16:07:00,7.781725888324873
22034,ROBIN CHRISTMAS CARD,1533,638.21,90,22,9,0.42,2009-12-09 13:29:00,2011-11-25 15:23:00,17.033333333333335
20658,RED SPOTTY LUGGAGE TAG,1530,2177.2599999999998,342,86,9,1.25,2009-12-07 10:51:00,2011-09-26 13:57:00,4.473684210526316
22784,LANTERN CREAM GAZEBO,1529,7600.72,360,56,10,4.95,2010-10-22 10:59:00,2011-12-04 11:56:00,4.247222222222222
84596L,BISCUITS SMALL BOWL LIGHT BLUE,1526,1001.4599999999999,252,69,7,0.83,2009-12-10 09:49:00,2011-09-18 12:21:00,6.055555555555555
47480,HANGING PHOTO CLIP ROPE LADDER,1526,2522.14,144,72,8,1.65,2009-12-07 15:55:00,2011-12-02 16:39:00,10.597222222222221
21203,BUTTERFLIES  HONEYCOMB GARLAND,1525,2503.8999999999996,143,34,5,1.65,2009-12-07 13:48:00,2010-08-17 15:49:00,10.664335664335665
23135,SMALL ZINC HEART WALL ORGANISER,1523,5356.42,44,22,1,5.75,2011-04-19 16:52:00,2011-12-01 11:53:00,34.61363636363637
22458,CAST IRON HOOK GARDEN FORK,1523,3790.47,173,49,4,2.55,2010-03-04 11:44:00,2011-04-20 11:05:00,8.803468208092486
23193,BUFFALO BILL TREASURE BOOK BOX,1521,3277.12,169,40,11,2.25,2011-03-02 12:10:00,2011-12-04 11:00:00,9.0
22250,DECORATION  BUTTERFLY  MAGIC GARDEN,1519,1379.7,256,80,4,0.85,2009-12-13 13:39:00,2011-11-16 15:23:00,5.93359375
21445,12 PINK ROSE PEG PLACE SETTINGS,1516,1880.8400000000001,143,60,5,1.25,2009-12-09 15:28:00,2011-07-22 13:53:00,10.601398601398602
22424,ENAMEL BREAD BIN CREAM,1515,20622.92,726,81,10,12.75,2010-05-16 11:35:00,2011-12-04 15:19:00,2.0867768595041323
16015,MEDIUM CHINESE STYLE SCISSOR,1512,684.18,63,53,1,0.5,2009-12-07 11:40:00,2011-11-17 17:34:00,24.0
22081,RIBBON REEL FLORA + FAUNA,1511,2670.08,291,93,9,1.65,2009-12-07 16:38:00,2011-11-28 15:54:00,5.1924398625429555
84763,ZINC FINISH 15CM PLANTER POTS,1509,1893.0,168,67,3,1.25,2009-12-09 12:18:00,2011-05-27 14:01:00,8.982142857142858
23331,DECORATIVE WICKER HEART SMALL,1506,996.9000000000001,99,17,2,0.63,2011-08-10 16:01:00,2011-12-04 12:31:00,15.212121212121213
84842,HELLO SAILOR BATHROOM SET,1505,744.1500000000001,35,29,2,3.75,2009-12-07 17:56:00,2011-11-27 11:57:00,43.0
84509A,SET OF 4 ENGLISH ROSE PLACEMATS,1503,5802.96,394,101,11,3.75,2009-12-08 12:05:00,2011-12-02 16:39:00,3.814720812182741
23221,REINDEER HEART DECORATION SILVER,1503,1315.6499999999999,137,24,8,0.83,2011-05-31 15:53:00,2011-12-02 16:39:00,10.97080291970803
20735,BLACK MINI TAPE MEASURE,1503,1527.54,197,66,2,0.85,2009-12-07 13:48:00,2011-12-01 19:42:00,7.629441624365482
21257,VICTORIAN SEWING BOX MEDIUM,1501,13398.03,512,100,9,7.95,2009-12-07 11:29:00,2011-12-04 12:18:00,2.931640625
20716,PARTY FOOD SHOPPER BAG,1498,1881.29,242,72,8,1.25,2009-12-14 17:57:00,2011-06-29 11:46:00,6.190082644628099
22181,SNOWSTORM PHOTO FRAME FRIDGE MAGNET,1498,1253.98,134,61,10,0.85,2009-12-07 13:59:00,2011-11-29 14:20:00,11.17910447761194
84839,SWEETHEART KEY CABINET,1495,8551.3,381,39,7,6.75,2009-12-07 17:56:00,2010-10-26 13:39:00,3.9238845144356955
20652,BLUE POLKADOT LUGGAGE TAG,1494,994.51,166,73,8,1.25,2009-12-07 18:02:00,2011-12-02 16:39:00,9.0
21626,VINTAGE UNION JACK PENNANT,1490,3003.02,201,73,2,1.95,2009-12-14 13:06:00,2011-11-21 16:24:00,7.412935323383085
21643,ASSORTED TUTTI FRUTTI MIRROR,1488,2074.81,198,76,5,1.25,2009-12-07 17:56:00,2011-11-15 14:32:00,7.515151515151516
21609,SET 12 LAVENDER  BOTANICAL T-LIGHTS,1488,4153.84,213,76,6,2.95,2009-12-07 15:28:00,2011-08-30 14:09:00,6.985915492957746
21356,TOAST ITS - FAIRY FLOWER,1486,1892.3999999999999,329,86,8,1.25,2009-12-07 17:56:00,2011-12-02 16:39:00,4.5167173252279635
22269,EGG CUP NATURAL CHICKEN,1486,1337.73,200,75,5,1.25,2009-12-08 15:49:00,2011-11-28 15:54:00,7.43
22211,WOOD STAMP SET FLOWERS,1482,1938.7599999999998,274,85,7,1.63,2009-12-08 15:49:00,2011-11-30 15:13:00,5.408759124087592
22210,WOOD STAMP SET BEST WISHES,1481,1788.9899999999998,272,79,9,1.63,2009-12-09 15:03:00,2011-12-04 13:15:00,5.444852941176471
23228,FILIGREE HEART BIRD WHITE,1478,1926.77,119,27,4,1.25,2011-05-26 10:25:00,2011-12-02 16:39:00,12.420168067226891
22071,SMALL WHITE RETROSPOT MUG IN BOX,1476,4149.67,241,80,15,3.75,2009-12-07 11:39:00,2011-12-04 12:32:00,6.124481327800829
23547,WRAP FLOWER SHOP,1475,619.5,58,19,5,0.42,2011-07-20 14:39:00,2011-12-01 10:20:00,25.43103448275862
84459B,YELLOW METAL CHICKEN HEART,1475,2341.77,213,54,5,1.49,2009-12-07 11:46:00,2011-04-07 19:05:00,6.924882629107981
85186A,EASTER BUNNY GARLAND OF FLOWERS,1472,685.04,158,38,4,0.42,2009-12-07 11:46:00,2011-04-14 19:15:00,9.316455696202532
20752,BLUE POLKADOT WASHING UP GLOVES,1470,2794.2000000000003,346,90,11,2.1,2009-12-07 13:49:00,2011-11-27 14:50:00,4.2485549132947975
22719,GUMBALL MONOCHROME COAT RACK,1467,1987.83,235,51,5,2.46,2010-04-25 12:43:00,2011-05-10 15:03:00,6.242553191489361
22222,CAKE PLATE LOVEBIRD WHITE,1466,6021.51,393,99,13,4.95,2009-12-08 15:49:00,2011-12-01 19:42:00,3.7302798982188294
23370,SET 36 COLOURING PENCILS DOILY,1462,2023.45,135,11,9,1.25,2011-09-22 12:02:00,2011-12-04 11:55:00,10.829629629629629
22924,FRIDGE MAGNETS LA VIE EN ROSE,1452,1271.2199999999998,90,42,7,0.85,2010-11-19 14:30:00,2011-12-02 10:23:00,16.133333333333333
23431,NATURAL HANGING QUILTED HEARTS,1449,1171.23,72,15,8,0.83,2011-08-26 09:55:00,2011-12-01 11:20:00,20.125
23268,SET OF 2 CERAMIC CHRISTMAS REINDEER,1447,2018.1399999999999,89,20,11,1.45,2011-06-12 11:47:00,2011-11-20 11:09:00,16.258426966292134
21063,PARTY INVITES JAZZ HEARTS,1447,1245.29,234,89,8,0.85,2009-12-08 13:58:00,2011-12-04 14:15:00,6.183760683760684
85060,WOOD FAN WITH FLOWER DESIGN,1446,1740.48,86,27,3,1.25,2009-12-08 15:12:00,2010-07-26 12:34:00,16.813953488372093
85183A,CHARLIE & LOLA WASTEPAPER BIN BLUE,1445,2103.97,135,66,7,1.25,2009-12-11 14:20:00,2011-12-04 15:28:00,10.703703703703704
23160,REGENCY TEA SPOON,1444,1779.72,75,26,8,1.25,2011-05-03 10:43:00,2011-12-01 16:22:00,19.253333333333334
22096,PINK PAISLEY SQUARE TISSUE BOX,1440,847.75,174,67,7,0.39,2009-12-14 17:57:00,2011-11-28 12:14:00,8.275862068965518
85203,HANGING WOOD AND FELT BUTTERFLY,1439,655.83,223,85,5,0.42,2009-12-08 15:49:00,2011-11-29 13:12:00,6.452914798206278
21922,UNION STRIPE WITH FRINGE  HAMMOCK,1438,11142.07,384,77,10,7.95,2010-04-11 10:16:00,2011-12-02 16:39:00,3.7447916666666665
35004B,SET OF 3 BLACK FLYING DUCKS,1438,6602.450000000001,266,84,3,5.79,2009-12-07 17:56:00,2011-12-04 11:50:00,5.406015037593985
47421,ASSORTED COLOUR LIZARD SUCTION HOOK,1437,561.78,72,51,5,0.42,2010-02-07 14:58:00,2011-11-29 17:52:00,19.958333333333332
21209,MULTICOLOUR HONEYCOMB FAN,1435,1352.05,133,68,9,1.65,2009-12-16 14:12:00,2011-11-24 16:59:00,10.789473684210526
21884,CAKES AND BOWS GIFT  TAPE,1435,655.16,159,75,7,0.65,2009-12-10 09:49:00,2011-12-04 11:45:00,9.025157232704403
85032A,ROMANTIC IMAGES GIFT WRAP SET,1432,1306.48,155,54,7,0.65,2009-12-14 17:57:00,2011-12-02 13:20:00,9.238709677419354
21431,GREEN GINGHAM FLOWER JEWELLERY BOX,1430,2416.79,264,44,11,1.65,2009-12-07 13:24:00,2010-11-16 13:04:00,5.416666666666667
23381,PACK OF 12 VINTAGE LEAF TISSUES,1429,534.55,70,13,4,0.39,2011-09-05 12:00:00,2011-12-02 16:39:00,20.414285714285715
79190B,RETRO PLASTIC POLKA TRAY,1428,578.73,128,73,4,0.42,2009-12-08 17:44:00,2011-12-02 16:07:00,11.15625
85131D,BEADED CRYSTAL HEART PINK ON STICK,1426,1073.56,263,71,4,0.83,2009-12-17 15:44:00,2011-12-02 16:39:00,5.422053231939164
22519,CHILDS GARDEN BRUSH PINK,1425,2968.7700000000004,258,56,10,2.1,2010-03-25 14:12:00,2011-06-07 07:49:00,5.523255813953488
21042,RED RETROSPOT APRON,1424,8412.2,385,92,10,5.95,2009-12-07 11:20:00,2011-11-30 11:08:00,3.6987012987012986
22735,RIBBON REEL SOCKS AND MITTENS,1424,2497.54,226,37,10,1.65,2010-09-16 12:20:00,2011-12-04 14:51:00,6.300884955752212
21191,LARGE WHITE HONEYCOMB PAPER BELL,1424,3261.4700000000003,191,63,5,2.1,2009-12-07 18:02:00,2011-12-02 16:39:00,7.455497382198953
85039A,SET/4 RED MINI ROSE CANDLE IN BOWL,1424,1620.37,241,74,4,1.63,2009-12-07 18:02:00,2011-12-02 16:39:00,5.908713692946058
22279,POCKET BAG BLUE PAISLEY RED SPOT,1423,2065.4500000000003,206,76,9,1.25,2009-12-10 12:03:00,2011-12-02 16:39:00,6.907766990291262
22267,EASTER DECORATION EGG BUNNY,1423,1272.36,115,47,4,1.25,2009-12-07 11:46:00,2011-11-28 14:06:00,12.373913043478261
84993A,75 GREEN PETIT FOUR CASES,1418,625.94,171,76,5,0.42,2009-12-07 18:02:00,2011-11-21 16:24:00,8.292397660818713
85231G,ORANGE SCENTED SET/9 T-LIGHTS,1415,1228.61,238,84,3,0.85,2009-12-07 11:05:00,2011-10-12 16:36:00,5.945378151260504
21391,FRENCH LAVENDER SCENT HEART,1414,1805.5900000000001,174,74,5,2.1,2009-12-11 15:55:00,2011-11-21 11:57:00,8.126436781609195
21200,MULTICOLOUR HONEYCOMB PAPER GARLAND,1413,2038.56,124,69,5,1.65,2009-12-08 13:04:00,2011-11-27 13:26:00,11.39516129032258
21330,WOODLAND ANIMAL  WRITING SET,1413,2373.7,189,38,6,1.65,2009-12-07 17:56:00,2010-11-07 15:58:00,7.476190476190476
22021,BLUE FELT EASTER EGG BASKET,1413,2430.31,233,30,7,1.65,2009-12-14 14:02:00,2011-03-21 11:24:00,6.064377682403434
21258,VICTORIAN SEWING BOX LARGE,1412,20060.98,498,71,8,12.75,2009-12-07 13:49:00,2011-12-02 16:39:00,2.8353413654618476
21289,LARGE STRIPES CHOCOLATE GIFT BAG,1412,1548.06,101,64,7,1.25,2009-12-08 12:05:00,2011-11-27 13:26:00,13.98019801980198
20846,ZINC HEART LATTICE T-LIGHT HOLDER,1409,1896.97,165,77,7,1.25,2009-12-14 18:03:00,2011-11-29 15:23:00,8.539393939393939
16225,RATTLE SNAKE EGGS,1408,1184.66,148,59,3,1.25,2009-12-08 15:49:00,2011-12-04 13:59:00,9.513513513513514
22146,EASTER CRAFT IVY WREATH WITH CHICK,1407,2621.43,106,18,7,1.95,2009-12-08 18:18:00,2011-01-25 13:15:00,13.273584905660377
21284,RETROSPOT CANDLE  SMALL,1406,1574.81,126,60,8,1.69,2009-12-07 15:26:00,2011-12-04 14:15:00,11.158730158730158
21401,BLUE PUDDING SPOON,1406,310.78,117,64,6,0.42,2009-12-07 13:59:00,2011-12-04 14:55:00,12.017094017094017
23162,REGENCY TEA STRAINER,1406,5102.64,171,31,9,3.75,2011-04-27 14:48:00,2011-12-01 16:22:00,8.222222222222221
37471,MULTICOLOUR DOTS PLATE,1405,197.85,10,10,2,3.7399999999999998,2009-12-22 09:52:00,2011-10-12 14:05:00,140.5
22696,WICKER WREATH LARGE,1405,2771.33,284,56,4,1.95,2010-07-29 19:56:00,2011-12-02 13:49:00,4.947183098591549
22454,MEASURING TAPE BABUSHKA RED,1405,3933.63,179,57,13,2.95,2010-03-19 16:43:00,2011-11-16 11:05:00,7.849162011173185
15060B,FAIRY CAKE DESIGN UMBRELLA,1404,6397.68,444,95,11,3.75,2009-12-07 09:42:00,2011-11-18 14:14:00,3.1621621621621623
23323,WHITE WICKER STAR,1404,2977.8,278,24,5,2.1,2011-06-23 18:33:00,2011-12-04 13:45:00,5.0503597122302155
22686,FRENCH BLUE METAL DOOR SIGN No,1403,1852.43,219,64,6,1.25,2010-08-17 11:21:00,2011-12-02 17:12:00,6.406392694063927
16156N,"WRAP, FRIENDSHIP ON GREEN",1400,588.0,53,22,1,0.42,2009-12-09 15:20:00,2010-06-21 14:25:00,26.41509433962264
85186C,BUNNY EGG GARLAND,1399,657.36,151,38,5,0.42,2009-12-07 11:46:00,2011-10-20 09:28:00,9.264900662251655
22518,CHILDS GARDEN BRUSH BLUE,1398,2899.8,266,54,11,2.1,2010-03-25 14:12:00,2011-05-16 13:35:00,5.2556390977443606
21061,PARTY INVITES FOOTBALL,1396,1046.56,163,82,9,0.85,2009-12-08 16:43:00,2011-12-04 14:15:00,8.56441717791411
22678,FRENCH BLUE METAL DOOR SIGN 3,1395,1865.65,244,63,7,1.25,2010-08-17 11:21:00,2011-12-02 17:12:00,5.717213114754099
22430,ENAMEL WATERING CAN CREAM,1395,6751.4800000000005,354,80,11,4.95,2010-05-14 15:37:00,2011-11-28 14:06:00,3.940677966101695
22538,MINI JIGSAW GO TO THE FAIR,1395,601.3100000000001,85,54,7,0.42,2010-03-28 13:38:00,2011-11-29 15:06:00,16.41176470588235
22192,BLUE DINER WALL CLOCK,1394,11816.54,528,83,15,8.5,2009-12-07 14:58:00,2011-12-02 10:32:00,2.640151515151515
23242,TREASURE TIN BUFFALO BILL,1394,2869.3900000000003,204,26,13,2.08,2011-06-08 12:49:00,2011-12-04 12:01:00,6.833333333333333
23197,SKETCHBOOK MAGNETIC SHOPPING LIST,1392,2147.52,233,24,9,1.45,2011-06-23 11:51:00,2011-12-04 12:32:00,5.9742489270386265
21471,STRAWBERRY RAFFIA FOOD COVER,1390,5039.31,311,92,7,3.75,2009-12-09 09:51:00,2011-12-02 16:39:00,4.469453376205788
22955,36 FOIL STAR CAKE CASES,1389,2828.63,178,47,15,2.1,2010-11-04 12:18:00,2011-12-02 16:39:00,7.803370786516854
DOT,DOTCOM POSTAGE,1386,287752.75,1386,101,1,153.20499999999998,2009-12-07 17:56:00,2011-12-02 16:39:00,1.0
22277,COSMETIC BAG VINTAGE ROSE PAISLEY,1385,2887.7000000000003,243,85,14,2.1,2009-12-07 18:02:00,2011-11-29 16:33:00,5.699588477366255
22700,BLACK AND WHITE DOG BOWL,1384,3155.4,98,44,8,2.95,2010-07-01 12:57:00,2011-10-07 13:17:00,14.122448979591837
21532,DAIRY MAID SUGAR JAM BOWL,1383,1411.31,87,35,3,2.1,2009-12-09 09:42:00,2010-10-11 12:00:00,15.89655172413793
85174,S/4 CACTI CANDLES,1380,6745.59,334,89,8,4.95,2009-12-07 15:26:00,2011-11-30 15:33:00,4.131736526946108
23312,VINTAGE CHRISTMAS GIFT SACK,1379,5736.01,204,21,7,4.15,2011-07-17 13:25:00,2011-12-04 16:08:00,6.759803921568627
22459,CAST IRON HOOK GARDEN TROWEL,1378,3389.74,172,51,6,2.55,2010-03-04 11:44:00,2011-04-27 11:47:00,8.011627906976743
84247G,"DECOUPAGE,GREETING CARD,",1378,587.55,105,56,8,0.42,2009-12-08 08:48:00,2011-07-14 13:41:00,13.123809523809523
85213,MINI  ZINC GARDEN DECORATIONS,1378,828.9999999999999,80,47,7,0.85,2009-12-13 13:39:00,2011-07-31 11:45:00,17.225
21655,HANGING RIDGE GLASS T-LIGHT HOLDER,1370,2223.12,84,26,6,1.69,2009-12-09 11:40:00,2011-02-11 13:53:00,16.30952380952381
79066K,RETRO MOD TRAY,1369,1188.77,234,88,7,0.85,2009-12-07 17:56:00,2011-12-02 13:28:00,5.85042735042735
23028,DRAWER KNOB CRACKLE GLAZE BLUE,1369,2377.1299999999997,137,21,13,1.65,2011-06-14 13:51:00,2011-11-02 13:46:00,9.992700729927007
22121,NOEL WOODEN BLOCK LETTERS,1365,8472.19,406,55,7,5.95,2009-12-07 11:05:00,2011-11-29 18:14:00,3.3620689655172415
23372,SET 36 COLOUR PENCILS DOLLY GIRL,1363,1706.9,139,11,9,1.25,2011-09-22 13:51:00,2011-12-04 11:55:00,9.805755395683454
85093,CANDY SPOT EGG WARMER HARE,1361,1091.21,152,62,6,0.83,2009-12-07 18:02:00,2011-11-03 16:56:00,8.953947368421053
85222,ASSORTED COLOUR SILK COSMETIC PURSE,1361,1482.98,44,21,2,2.1,2009-12-08 11:13:00,2010-06-21 16:07:00,30.931818181818183
20681,PINK SPOTTY CHILDS UMBRELLA,1358,4597.08,330,64,15,3.25,2009-12-07 11:39:00,2011-03-10 13:58:00,4.115151515151515
85035C,ROSE 3 WICK MORRIS BOX CANDLE,1354,2685.35,196,63,7,4.03,2009-12-07 14:58:00,2011-11-27 14:40:00,6.908163265306122
22680,FRENCH BLUE METAL DOOR SIGN 5,1354,1815.53,228,64,8,1.25,2010-08-17 11:21:00,2011-12-02 11:53:00,5.93859649122807
22820,GIFT BAG BIRTHDAY,1353,845.1300000000001,110,46,8,0.65,2010-09-15 16:28:00,2011-12-02 16:39:00,12.3
21564,PINK  HEART SHAPE LOVE BUCKET,1352,4046.9700000000003,282,95,10,2.95,2009-12-08 17:10:00,2011-11-29 17:52:00,4.794326241134752
35400,WOODEN BOX ADVENT CALENDAR,1352,12785.85,388,30,8,8.95,2009-12-07 17:56:00,2011-11-23 14:35:00,3.484536082474227
79323LP,LIGHT PINK CHERRY LIGHTS,1351,7982.97,158,21,3,6.75,2009-12-08 11:44:00,2010-10-25 16:08:00,8.550632911392405
22254,FELT TOADSTOOL LARGE,1347,1728.46,142,67,11,1.25,2009-12-08 15:14:00,2011-12-04 12:18:00,9.485915492957746
23534,WALL ART STOP FOR TEA,1347,8156.07,248,10,9,5.95,2011-10-02 14:37:00,2011-12-04 15:55:00,5.431451612903226
22258,FELT FARM ANIMAL RABBIT,1341,1289.8,130,39,5,1.25,2010-01-07 12:22:00,2011-11-25 14:53:00,10.315384615384616
22451,SILK PURSE BABUSHKA RED,1339,4496.99,238,51,12,3.35,2010-03-17 10:34:00,2011-05-13 11:12:00,5.626050420168068
72816,SET/3 CHRISTMAS DECOUPAGE CANDLES,1337,1658.85,134,39,8,1.25,2009-12-08 13:41:00,2011-10-17 13:31:00,9.977611940298507
22591,CARDHOLDER GINGHAM CHRISTMAS TREE,1337,3787.85,203,35,7,2.55,2010-07-16 15:26:00,2011-12-01 16:22:00,6.586206896551724
22344,PARTY PIZZA DISH PINK POLKADOT,1336,745.5899999999999,124,60,11,0.85,2009-12-07 14:34:00,2011-12-04 12:32:00,10.774193548387096
21651,HANGING GLASS ETCHED TEALIGHT,1333,2154.16,121,49,7,1.65,2009-12-11 10:54:00,2011-02-21 13:51:00,11.016528925619834
21463,MIRRORED DISCO BALL,1331,7346.21,294,96,7,5.95,2009-12-08 13:28:00,2011-12-04 14:45:00,4.5272108843537415
21116,OWL DOORSTOP,1330,7695.58,522,101,10,8.29,2009-12-07 15:43:00,2011-11-30 15:33:00,2.5478927203065136
22426,ENAMEL WASH BOWL CREAM,1330,5112.97,369,79,9,3.75,2010-04-08 10:57:00,2011-12-04 14:51:00,3.6043360433604335
21881,CUTE CATS TAPE,1328,549.34,114,57,7,0.65,2009-12-08 15:49:00,2011-12-04 16:07:00,11.649122807017545
22287,"DECORATION , WOBBLY CHICKEN, METAL",1328,1415.9499999999998,120,46,3,1.65,2009-12-21 17:14:00,2011-12-01 12:01:00,11.066666666666666
23681,LUNCH BAG RED VINTAGE DOILY,1327,2129.23,114,5,6,1.65,2011-11-06 12:36:00,2011-12-04 12:32:00,11.640350877192983
23029,DRAWER KNOB CRACKLE GLAZE GREEN,1326,2261.02,152,25,13,1.65,2011-06-14 13:51:00,2011-12-04 13:59:00,8.723684210526315
23225,CHERUB HEART DECORATION SILVER,1323,1136.01,83,18,5,0.83,2011-06-02 09:37:00,2011-12-01 19:42:00,15.939759036144578
22449,SILK PURSE BABUSHKA PINK,1323,4374.45,308,76,19,3.35,2010-03-17 10:34:00,2011-11-24 11:52:00,4.295454545454546
84507B,STRIPES DESIGN MONKEY DOLL,1322,1695.1799999999998,109,56,2,2.55,2009-12-08 09:19:00,2011-09-07 12:41:00,12.128440366972477
21357,TOAST ITS - DINOSAUR,1322,1732.06,197,53,7,1.25,2009-12-07 17:56:00,2011-03-28 12:52:00,6.710659898477157
85014D,PINK/BROWN DOTS RUFFLED UMBRELLA,1319,4799.6,78,13,9,5.95,2009-12-08 07:59:00,2010-03-29 14:19:00,16.91025641025641
23375,50'S CHRISTMAS PAPER GIFT BAG,1319,1079.3999999999999,98,15,3,0.82,2011-08-22 10:39:00,2011-12-04 13:59:00,13.459183673469388
22272,FELTCRAFT DOLL MARIA,1318,3682.7200000000003,285,68,13,2.95,2009-12-08 13:58:00,2011-05-22 11:51:00,4.624561403508772
22203,MILK PAN RED RETROSPOT,1316,5286.05,372,96,14,3.75,2009-12-08 15:49:00,2011-12-04 11:45:00,3.5376344086021505
22673,FRENCH GARDEN SIGN BLUE METAL,1316,1662.5,193,60,6,1.25,2010-08-17 11:21:00,2011-12-04 14:55:00,6.818652849740933
22840,ROUND CAKE TIN VINTAGE RED,1315,9936.53,397,58,14,7.95,2010-10-13 16:17:00,2011-12-02 14:48:00,3.3123425692695214
21894,POTTING SHED SEED ENVELOPES,1314,1827.32,243,84,5,1.25,2009-12-07 17:56:00,2011-11-29 16:47:00,5.407407407407407
21187,WHITE BELL HONEYCOMB PAPER GARLAND,1314,2194.2799999999997,138,57,3,1.65,2009-12-07 16:40:00,2011-08-04 16:32:00,9.521739130434783
21540,DAIRY MAID CERAMIC BUTTER DISH,1312,2343.8,80,34,2,4.25,2009-12-10 13:27:00,2010-09-09 15:44:00,16.4
22209,WOOD STAMP SET HAPPY BIRTHDAY,1311,1651.8999999999999,246,83,7,1.65,2009-12-14 17:57:00,2011-12-04 13:15:00,5.329268292682927
21706,FOLDING UMBRELLA RED/WHITE POLKADOT,1310,4822.22,245,91,12,4.95,2009-12-07 16:56:00,2011-12-02 12:13:00,5.346938775510204
22288,HANGING METAL RABBIT DECORATION,1307,1520.92,117,41,4,1.25,2010-01-05 14:12:00,2011-11-22 13:20:00,11.17094017094017
22664,TOY TIDY DOLLY GIRL DESIGN,1307,2851.13,258,69,11,2.1,2010-07-22 16:37:00,2011-12-02 16:39:00,5.065891472868217
23549,WRAP BIRD GARDEN,1305,548.1,52,19,6,0.42,2011-07-19 11:57:00,2011-12-01 10:31:00,25.096153846153847
21199,PINK  HEART CONFETTI IN TUBE,1305,1495.6999999999998,149,71,9,1.65,2009-12-07 15:02:00,2011-12-02 10:22:00,8.758389261744966
21538,DAIRY MAID  PUDDING BOWL,1305,1913.26,49,26,1,3.75,2009-12-07 12:42:00,2010-12-09 13:34:00,26.632653061224488
23377,PACK OF 12 DOLLY GIRL TISSUES,1305,560.43,125,14,6,0.39,2011-09-04 12:41:00,2011-12-02 16:39:00,10.44
21593,SWALLOW CIGAR BOX MATCHES,1303,1519.31,86,22,2,1.25,2009-12-07 12:08:00,2010-05-23 13:03:00,15.151162790697674
72801G,4 BURGUNDY WINE DINNER CANDLES,1303,771.12,60,39,1,1.25,2009-12-11 13:31:00,2011-11-15 15:23:00,21.716666666666665
51020A,SUMMER FUN DESIGN SHOWER CAP,1303,463.30999999999995,50,38,2,1.25,2009-12-16 17:34:00,2011-04-27 11:26:00,26.06
22589,CARDHOLDER GINGHAM STAR,1302,3552.38,234,37,9,2.55,2010-07-16 15:26:00,2011-12-02 16:39:00,5.564102564102564
20665,RED RETROSPOT PURSE,1300,4135.55,340,93,17,2.95,2009-12-07 16:56:00,2011-12-01 16:22:00,3.823529411764706
21637,ASSORTED SANSKRIT MINI NOTEBOOK,1300,1663.94,87,43,6,1.25,2009-12-07 17:56:00,2011-10-10 15:27:00,14.942528735632184
48189,DOOR MAT FRIENDSHIP,1298,8308.79,263,61,9,7.49,2009-12-09 12:32:00,2011-04-26 10:32:00,4.935361216730038
22973,CHILDREN'S CIRCUS PARADE MUG,1297,2211.77,151,50,8,1.65,2010-11-23 17:53:00,2011-12-04 12:08:00,8.589403973509933
22744,MAKE YOUR OWN MONSOON CARD KIT,1288,4055.84,282,62,10,2.95,2010-08-10 17:02:00,2011-12-02 15:39:00,4.567375886524823
85132A,CHARLIE + LOLA BISCUITS TINS,1287,4759.32,248,59,8,8.379999999999999,2009-12-07 13:49:00,2011-05-24 11:31:00,5.189516129032258
23217,LAUREL HEART ANTIQUE SILVER,1287,1575.43,94,22,1,1.25,2011-06-02 09:37:00,2011-12-04 13:15:00,13.691489361702128
22309,TEA COSY RED  STRIPE,1286,3324.6299999999997,251,88,10,2.55,2009-12-07 17:56:00,2011-11-29 11:23:00,5.123505976095617
22807,SET OF 6 T-LIGHTS TOADSTOOLS,1285,3932.0800000000004,278,58,9,2.95,2010-09-20 14:49:00,2011-12-04 10:51:00,4.622302158273381
22410,MONEY BOX HOUSEKEEPING DESIGN,1285,1637.04,191,70,10,1.25,2010-03-26 13:46:00,2011-12-02 16:39:00,6.727748691099476
16168S,FUNKY MONKEY GIFT BAG SMALL,1283,126.82999999999998,11,6,1,0.29,2009-12-10 11:55:00,2010-02-05 15:04:00,116.63636363636364
22445,PENCIL CASE LIFE IS BEAUTIFUL,1281,3919.8,271,76,14,2.95,2010-03-17 15:24:00,2011-12-01 16:37:00,4.726937269372693
85034C,3 ROSE MORRIS BOXED CANDLES,1281,2519.94,187,53,6,1.25,2009-12-08 13:46:00,2011-12-04 13:32:00,6.850267379679145
85071C,"CHARLIE+LOLA""EXTREMELY BUSY"" SIGN",1279,828.16,135,61,3,0.83,2009-12-08 13:04:00,2011-12-04 15:19:00,9.474074074074075
22695,WICKER WREATH SMALL,1278,1938.02,205,51,4,1.45,2010-07-29 19:56:00,2011-12-04 14:55:00,6.234146341463415
22359,GLASS JAR KINGS CHOICE,1276,4043.44,200,73,7,2.95,2010-03-16 08:23:00,2011-12-04 13:32:00,6.38
22801,ANTIQUE GLASS PEDESTAL BOWL,1276,5178.87,294,57,7,3.75,2010-10-22 13:11:00,2011-12-04 14:01:00,4.340136054421769
23102,SILVER HEARTS TABLE DECORATION,1274,1075.03,157,27,7,0.83,2011-05-11 11:57:00,2011-12-04 13:00:00,8.114649681528663
21060,PARTY INVITES BALLOON GIRL,1271,944.4,150,74,5,0.85,2009-12-08 13:58:00,2011-12-04 14:15:00,8.473333333333333
85114A,BLACK ENCHANTED FOREST PLACEMAT,1270,2110.9,103,55,3,1.65,2010-06-21 12:56:00,2011-12-01 19:42:00,12.330097087378642
22452,MEASURING TAPE BABUSHKA PINK,1269,3352.2000000000003,253,73,15,2.95,2010-03-21 15:23:00,2011-11-22 12:48:00,5.015810276679842
21198,WHITE HEART CONFETTI IN TUBE,1268,1445.6399999999999,115,64,5,1.65,2009-12-16 17:58:00,2011-11-22 12:09:00,11.02608695652174
84821,DANISH ROSE DELUXE COASTER,1266,732.62,71,51,7,0.85,2009-12-22 09:41:00,2011-11-25 13:23:00,17.830985915492956
23432,PRETTY HANGING QUILTED HEARTS,1264,1078.3999999999999,73,14,9,0.83,2011-08-31 10:06:00,2011-12-02 13:17:00,17.315068493150687
21039,RED RETROSPOT SHOPPING BAG,1263,3296.1499999999996,221,89,12,2.55,2009-12-07 13:37:00,2011-11-30 14:00:00,5.714932126696833
21927,BLUE/CREAM STRIPE CUSHION COVER,1260,1728.24,192,66,4,1.25,2010-04-11 14:28:00,2011-12-01 19:42:00,6.5625
84459A,PINK METAL CHICKEN HEART,1260,2031.3999999999999,199,69,6,1.49,2009-12-07 18:02:00,2011-10-30 16:17:00,6.331658291457287
22679,FRENCH BLUE METAL DOOR SIGN 4,1259,1687.05,226,64,8,1.25,2010-08-17 11:21:00,2011-12-02 17:12:00,5.570796460176991
21419,CONCH SHELL,1258,569.91,18,13,2,3.75,2009-12-17 15:44:00,2010-07-14 17:13:00,69.88888888888889
23433,HANGING QUILTED PATCHWORK APPLES,1258,1108.58,89,14,10,0.83,2011-08-26 12:49:00,2011-12-04 13:32:00,14.134831460674157
22316,200 BENDY SKULL STRAWS,1256,1431.57,118,68,7,1.25,2009-12-09 14:02:00,2011-12-04 14:15:00,10.64406779661017
22743,MAKE YOUR OWN FLOWERPOWER CARD KIT,1256,4328.160000000001,333,62,10,2.95,2010-08-10 12:40:00,2011-12-01 19:42:00,3.7717717717717716
21407,BROWN CHECK CAT DOORSTOP,1256,5717.43,437,95,7,4.25,2009-12-07 11:20:00,2011-11-22 11:18:00,2.874141876430206
23031,DRAWER KNOB CRACKLE GLAZE PINK,1255,2111.0699999999997,150,25,9,1.65,2011-06-14 13:51:00,2011-12-04 15:00:00,8.366666666666667
37479B,CUBIC MUG FLOCK BLUE ON BROWN,1253,1095.85,32,26,3,0.825,2010-01-11 09:35:00,2011-06-15 13:35:00,39.15625
17109D,FLOWER FAIRY INCENSE BOUQUET,1251,588.17,37,28,4,1.69,2009-12-10 14:44:00,2011-04-21 12:34:00,33.810810810810814
22859,EASTER TIN BUNNY BOUQUET,1250,2085.75,165,32,13,1.65,2010-10-05 09:43:00,2011-11-15 16:34:00,7.575757575757576
20866,BLUE ROSE FABRIC MIRROR,1250,1317.77,177,68,9,1.25,2009-12-07 18:02:00,2011-12-02 16:39:00,7.062146892655368
16169C,WRAP BLUE REINDEER,1250,525.0,39,11,3,0.42,2009-12-07 15:15:00,2010-11-04 18:34:00,32.05128205128205
72800E,4 IVORY DINNER CANDLES SILVER FLOCK,1250,2422.46,263,86,6,2.55,2009-12-07 13:24:00,2011-12-02 16:39:00,4.752851711026616
70007,HI TEC ALPINE HAND WARMER,1248,1613.6599999999999,192,50,7,1.65,2009-12-07 11:47:00,2011-12-01 16:22:00,6.5
85169A,IVORY LOVE BIRD CANDLE,1247,1374.73,148,67,7,1.25,2009-12-08 15:12:00,2011-11-30 15:13:00,8.425675675675675
21653,GLASS ETCHED T-LIGHT HOLDER LARGE,1246,2565.67,111,41,5,2.1,2010-01-13 17:51:00,2010-11-22 09:22:00,11.225225225225225
37482B,CUBIC MUG BLUE POLKA DOT,1245,1112.61,8,7,2,2.55,2010-01-19 13:31:00,2010-08-01 11:22:00,155.625
21743,STAR PORTABLE TABLE LIGHT,1243,3618.88,173,54,2,2.95,2009-12-07 17:56:00,2011-09-13 11:24:00,7.184971098265896
22541,MINI JIGSAW LEAP FROG,1239,500.86,62,45,8,0.42,2010-03-28 11:20:00,2011-12-01 16:22:00,19.983870967741936
21382,SET/4 SPRING FLOWER DECORATION,1238,1665.66,152,56,3,1.63,2010-05-16 15:52:00,2011-12-01 12:01:00,8.144736842105264
23189,SET OF 12 FORK CANDLES,1234,3458.36,137,18,8,2.89,2011-08-03 15:38:00,2011-12-02 16:14:00,9.007299270072993
22190,LOCAL CAFE MUG,1234,2418.77,223,77,5,2.1,2009-12-07 17:56:00,2011-12-04 14:55:00,5.533632286995516
21666,RIDGED GLASS T-LIGHT HOLDER,1234,803.1500000000001,82,54,4,0.65,2009-12-11 11:06:00,2011-12-04 15:16:00,15.048780487804878
22789,T-LIGHT HOLDER SWEETHEART HANGING,1233,2407.61,194,52,2,1.95,2010-10-17 12:03:00,2011-12-04 12:52:00,6.355670103092783
84559A,3D SHEET OF DOG STICKERS,1232,1103.8799999999999,216,83,5,0.85,2009-12-07 13:48:00,2011-12-02 16:39:00,5.703703703703703
22857,ASSORTED EASTER GIFT TAGS,1230,1048.28,66,22,10,0.85,2010-10-05 09:43:00,2011-10-24 14:10:00,18.636363636363637
21446,12 RED ROSE PEG PLACE SETTINGS,1228,1632.33,225,90,10,1.25,2009-12-07 15:42:00,2011-11-30 17:37:00,5.457777777777777
22975,SPACEBOY CHILDRENS EGG CUP,1228,1647.52,185,48,7,1.25,2010-11-24 14:29:00,2011-12-02 16:07:00,6.6378378378378375
23426,METAL SIGN DROP YOUR PANTS,1223,3268.05,194,13,7,2.89,2011-09-05 16:22:00,2011-12-04 13:32:00,6.304123711340206
23226,FILIGREE HEART DAISY WHITE,1219,1561.67,96,27,6,1.25,2011-05-31 12:11:00,2011-12-04 13:15:00,12.697916666666666
47469,ASSORTED SHAPES PHOTO CLIP SILVER,1218,592.98,28,22,2,0.65,2010-01-19 13:09:00,2011-11-30 10:37:00,43.5
75131,METAL TUBE CHIME ON BAMBOO,1217,1543.03,68,46,2,1.69,2009-12-11 11:17:00,2011-04-04 14:00:00,17.897058823529413
22345,PARTY PIZZA DISH BLUE POLKADOT,1216,636.75,119,61,10,0.85,2009-12-07 14:34:00,2011-12-04 12:32:00,10.218487394957982
18098C,PORCELAIN BUTTERFLY OIL BURNER,1213,3201.63,232,63,4,2.95,2009-12-07 15:28:00,2011-08-08 13:11:00,5.228448275862069
20986,BLUE CALCULATOR RULER,1211,1518.61,199,76,5,1.25,2009-12-08 15:49:00,2011-12-04 13:59:00,6.085427135678392
16054,POPART RECT PENCIL SHARPENER ASST,1210,159.0,39,26,4,0.12,2010-01-07 14:20:00,2011-12-04 13:59:00,31.025641025641026
22844,VINTAGE CREAM DOG FOOD CONTAINER,1210,11400.0,487,59,14,8.5,2010-10-17 13:40:00,2011-12-04 11:56:00,2.484599589322382
44234,ASSORTED CIRCULAR MOBILE,1210,259.76,54,41,2,0.21,2009-12-14 15:17:00,2011-12-02 13:21:00,22.40740740740741
85202,HANGING WOOD AND FELT HEART,1208,570.09,208,73,3,0.42,2009-12-14 17:57:00,2011-11-29 13:12:00,5.8076923076923075
20871,OPULENT VELVET SET/3 CANDLES,1206,1861.3500000000001,119,35,5,2.1,2009-12-07 15:55:00,2010-12-14 15:52:00,10.134453781512605
23086,ZINC  STAR T-LIGHT HOLDER,1206,1424.05,45,22,4,1.25,2011-05-16 15:47:00,2011-12-01 11:20:00,26.8
22162,HEART GARLAND RUSTIC PADDED,1205,3699.55,258,67,4,2.95,2009-12-07 18:02:00,2011-11-24 09:26:00,4.670542635658915
22163,HEART STRING MEMO HOLDER HANGING,1199,2090.6,185,63,6,2.95,2009-12-08 15:49:00,2011-12-02 16:39:00,6.481081081081081
35810A,ENAMEL PINK COFFEE CONTAINER,1199,1592.14,170,76,11,2.1,2009-12-09 12:18:00,2011-10-30 13:06:00,7.052941176470588
21925,UNION STRIPE CUSHION COVER,1197,1557.33,165,62,2,1.25,2010-04-11 12:45:00,2011-11-08 12:58:00,7.254545454545455
79337,BLUE FLOCK GLASS CANDLEHOLDER,1194,502.03000000000003,21,19,3,0.38,2010-01-04 13:25:00,2011-07-08 15:22:00,56.857142857142854
22307,GOLD MUG BONE CHINA TREE OF LIFE,1193,1790.52,116,39,7,1.65,2009-12-07 18:02:00,2011-12-02 10:21:00,10.28448275862069
23379,PACK OF 12 RED APPLE TISSUES,1191,447.45,67,13,5,0.39,2011-09-05 12:00:00,2011-12-01 16:22:00,17.776119402985074
85106,CUT GLASS HEXAGON T-LIGHT HOLDER,1190,2271.24,59,34,1,2.55,2009-12-08 15:12:00,2011-11-28 13:37:00,20.16949152542373
22145,CHRISTMAS CRAFT HEART STOCKING,1189,2508.1600000000003,181,28,10,2.1,2009-12-07 15:42:00,2010-12-08 14:43:00,6.569060773480663
23267,SET OF 4 SANTA PLACE SETTINGS,1187,1513.2,105,22,10,1.25,2011-06-23 13:51:00,2011-12-04 16:08:00,11.304761904761905
22247,BUNNY DECORATION MAGIC GARDEN,1184,1022.79,182,47,3,0.85,2009-12-13 13:39:00,2011-11-25 14:53:00,6.5054945054945055
22216,T-LIGHT HOLDER WHITE LACE,1184,1112.55,106,63,4,0.85,2009-12-07 18:02:00,2011-11-30 15:13:00,11.169811320754716
84558A,3D DOG PICTURE PLAYING CARDS,1181,3394.92,190,72,6,2.95,2009-12-07 13:59:00,2011-11-25 16:14:00,6.21578947368421
21654,RIDGED GLASS FINGER BOWL,1181,817.31,81,45,2,1.45,2009-12-14 15:31:00,2011-09-18 12:21:00,14.580246913580247
23499,SET 12 VINTAGE DOILY CHALK,1179,528.32,97,7,4,0.42,2011-10-20 13:54:00,2011-12-02 16:39:00,12.154639175257731
21676,FLOWERS  STICKERS,1179,880.1899999999999,156,75,5,0.85,2009-12-09 14:25:00,2011-12-02 16:39:00,7.5576923076923075
22312,OFFICE MUG WARMER POLKADOT,1178,4067.32,257,83,15,2.95,2009-12-07 15:55:00,2011-12-04 13:15:00,4.583657587548638
22218,CAKE STAND LACE WHITE,1178,5143.76,251,47,14,4.25,2009-12-07 18:02:00,2010-12-15 16:50:00,4.693227091633466
21111,"SWISS ROLL TOWEL, CHOCOLATE  SPOTS",1177,2914.57,203,69,11,2.95,2009-12-07 17:56:00,2011-12-04 15:19:00,5.798029556650246
47422,ASSORTED MONKEY SUCTION CUP HOOK,1177,458.34,66,49,4,0.42,2010-02-07 14:58:00,2011-12-01 19:42:00,17.833333333333332
82613D,METAL SIGN CUPCAKE SINGLE HOOK,1177,1266.6499999999999,265,84,11,1.25,2009-12-07 18:02:00,2011-11-17 14:40:00,4.441509433962264
23360,SET 8 CANDLES VINTAGE DOILY,1177,2276.65,111,18,6,1.95,2011-08-02 11:33:00,2011-12-02 16:39:00,10.603603603603604
22104,MIRROR MOSAIC CANDLE PLATE,1176,950.15,96,64,1,1.63,2009-12-08 12:12:00,2011-11-29 17:52:00,12.25
85189,HANGING BUTTERFLY  EGG,1176,967.9499999999999,68,21,4,0.85,2009-12-16 13:49:00,2011-03-16 15:45:00,17.294117647058822
22176,BLUE OWL SOFT TOY,1172,3507.3300000000004,253,88,12,2.95,2009-12-07 12:08:00,2011-10-31 11:10:00,4.632411067193676
22414,DOORMAT NEIGHBOURHOOD WITCH,1171,7118.35,213,88,10,7.95,2010-01-10 11:47:00,2011-11-28 15:54:00,5.497652582159624
84748,FOLK FELT HANGING MULTICOL GARLAND,1170,1781.12,93,41,3,2.51,2009-12-18 10:59:00,2011-11-29 16:33:00,12.580645161290322
82567,"AIRLINE LOUNGE,METAL SIGN",1170,2432.09,475,98,4,2.1,2009-12-07 17:56:00,2011-12-04 11:45:00,2.463157894736842
82597,BOMBS AWAY METAL SIGN,1169,2479.1600000000003,208,45,2,2.1,2009-12-07 11:52:00,2010-11-01 09:14:00,5.6201923076923075
72598,SET/12 TAPER CANDLES,1167,1074.0,147,68,4,0.85,2009-12-07 11:35:00,2011-11-29 12:50:00,7.938775510204081
22967,SET 3 SONG BIRD PAPER EGGS ASSORTED,1165,3253.71,137,18,11,2.95,2011-01-14 14:11:00,2011-06-06 13:48:00,8.503649635036496
23270,SET OF 2 CERAMIC PAINTED HEARTS,1165,1630.33,121,26,9,1.45,2011-06-02 19:50:00,2011-12-04 12:32:00,9.62809917355372
22681,FRENCH BLUE METAL DOOR SIGN 6,1164,1552.14,187,63,7,1.25,2010-08-17 11:21:00,2011-12-02 11:53:00,6.224598930481283
22200,FRYING PAN PINK POLKADOT,1164,5311.68,335,92,9,4.25,2009-12-07 10:41:00,2011-12-04 15:19:00,3.4746268656716417
22854,CREAM SWEETHEART EGG HOLDER,1160,5624.5,244,46,5,4.95,2010-09-16 14:08:00,2011-09-22 12:23:00,4.754098360655738
22481,BLACK TEA TOWEL CLASSIC DESIGN,1158,1261.21,208,73,4,1.25,2010-03-07 14:31:00,2011-12-04 14:45:00,5.5673076923076925
23281,FOLDING BUTTERFLY MIRROR RED,1157,907.66,96,27,9,0.83,2011-05-10 14:20:00,2011-12-04 14:55:00,12.052083333333334
35951,FOLKART BAUBLE CHRISTMAS DECORATION,1157,633.88,40,21,3,1.25,2009-12-13 13:03:00,2010-11-25 13:51:00,28.925
22682,FRENCH BLUE METAL DOOR SIGN 7,1156,1509.36,181,63,6,1.25,2010-08-17 11:21:00,2011-12-02 17:12:00,6.386740331491713
22255,FELT TOADSTOOL  SMALL,1154,1100.76,138,65,8,0.85,2009-12-09 10:46:00,2011-12-04 12:18:00,8.36231884057971
23483,HANGING  BUTTERFLY T-LIGHT HOLDER,1153,1433.31,67,9,3,1.25,2011-10-03 12:47:00,2011-12-04 11:50:00,17.208955223880597
21615,4 LAVENDER BOTANICAL DINNER CANDLES,1152,2252.35,161,49,8,1.25,2009-12-08 16:20:00,2011-12-04 15:00:00,7.15527950310559
22847,BREAD BIN DINER STYLE IVORY,1152,18251.649999999998,477,50,19,16.95,2010-10-14 09:44:00,2011-12-04 15:19:00,2.4150943396226414
21469,POLKA DOT RAFFIA FOOD COVER,1151,3429.51,206,77,4,3.75,2009-12-07 13:49:00,2011-11-14 14:24:00,5.587378640776699
40003,WHITE BAMBOO RIBS LAMPSHADE,1150,1257.02,60,42,2,1.25,2009-12-18 17:06:00,2011-06-06 14:12:00,19.166666666666668
20803,SMALL PINK GLASS SUNDAE DISH,1149,874.4599999999999,84,47,4,1.65,2009-12-07 17:18:00,2011-05-01 13:45:00,13.678571428571429
21386,IVORY HANGING DECORATION  EGG,1148,680.78,105,47,3,0.85,2010-01-11 14:39:00,2011-12-04 12:32:00,10.933333333333334
35964,FOLKART CLIP ON STARS,1148,660.08,122,34,4,0.83,2009-12-09 09:42:00,2011-12-04 15:19:00,9.40983606557377
23113,PANTRY CHOPPING BOARD,1146,5817.22,53,12,10,4.95,2011-09-16 10:02:00,2011-12-01 16:22:00,21.62264150943396
84466,TOP SECRET PEN SET,1144,1215.4399999999998,59,24,1,1.25,2009-12-07 13:59:00,2011-07-14 13:00:00,19.389830508474578
85107,CUT GLASS T-LIGHT HOLDER OCTAGON,1143,2163.07,66,41,1,2.55,2009-12-11 12:55:00,2011-11-28 13:37:00,17.318181818181817
84493,BLUE/PINK NEST STRIPE BOX,1142,111.11999999999999,5,5,2,2.55,2010-06-13 14:40:00,2010-09-27 16:30:00,228.4
84279P,CHERRY BLOSSOM  DECORATIVE FLASK,1141,4461.67,298,96,12,3.75,2009-12-07 13:32:00,2011-12-01 16:22:00,3.8288590604026846
23274,STAR T-LIGHT HOLDER WILLIE WINKIE,1140,1925.8799999999997,112,23,6,1.65,2011-06-05 14:06:00,2011-12-02 16:39:00,10.178571428571429
17001,HEAVENS SCENT FRAGRANCE OILS ASSTD,1139,278.46999999999997,21,15,2,0.29,2009-12-22 12:38:00,2011-02-28 14:48:00,54.23809523809524
21869,POTTING SHED COFFEE MUG,1138,1332.6000000000001,98,21,2,1.25,2009-12-07 08:13:00,2010-05-23 14:04:00,11.612244897959183
22858,EASTER TIN KEEPSAKE,1135,1877.34,139,23,13,1.65,2010-11-08 09:20:00,2011-10-06 18:08:00,8.16546762589928
84559B,3D SHEET OF CAT STICKERS,1135,1010.27,189,74,5,0.85,2009-12-07 13:48:00,2011-11-02 13:50:00,6.005291005291006
22498,WOODEN REGATTA BUNTING,1133,6919.5,379,90,7,5.95,2010-02-03 13:09:00,2011-12-01 19:42:00,2.9894459102902373
21581,SKULLS  DESIGN  COTTON TOTE BAG,1133,1794.44,196,72,8,2.25,2009-12-07 17:56:00,2011-11-25 15:23:00,5.780612244897959
22683,FRENCH BLUE METAL DOOR SIGN 8,1131,1501.66,190,65,7,1.25,2010-08-17 11:21:00,2011-12-02 11:53:00,5.9526315789473685
22982,PANTRY PASTRY BRUSH,1130,1501.67,206,39,11,1.25,2011-03-02 12:18:00,2011-12-04 12:32:00,5.485436893203883
35809A,ENAMEL PINK TEA CONTAINER,1130,1652.08,175,67,10,2.1,2009-12-07 15:26:00,2011-06-09 15:34:00,6.457142857142857
21616,4 PEAR BOTANICAL DINNER CANDLES,1129,2379.23,183,59,6,2.46,2009-12-08 16:20:00,2011-12-04 13:32:00,6.169398907103825
22236,CAKE STAND 3 TIER MAGIC GARDEN,1127,13965.519999999999,421,89,17,12.75,2009-12-10 10:17:00,2011-11-23 16:34:00,2.676959619952494
84944,SET OF 6 KASHMIR FOLKART BAUBLES,1127,3095.17,190,47,8,4.25,2009-12-07 15:15:00,2011-11-04 16:35:00,5.931578947368421
22968,ROSE COTTAGE KEEPSAKE BOX,1125,11144.9,304,49,13,9.95,2010-10-29 10:28:00,2011-11-30 15:13:00,3.700657894736842
22038,BOTANICAL LAVENDER GIFT WRAP,1125,470.5,44,37,5,0.42,2009-12-22 12:05:00,2011-11-17 10:01:00,25.568181818181817
23505,PLAYING CARDS I LOVE LONDON,1124,1553.8700000000001,103,11,7,1.25,2011-09-22 12:55:00,2011-12-04 14:15:00,10.912621359223301
84247L,FAWN AND MUSHROOM GREETING CARD,1123,491.45,107,40,7,0.42,2009-12-13 14:51:00,2011-04-19 11:33:00,10.495327102803738
37379B,BLUE CHERRY BLOSSOM CUP & SAUCER,1122,181.5,3,3,3,1.25,2010-03-04 09:32:00,2010-03-23 13:52:00,374.0
21725,SWEETIES  STICKERS,1122,1021.13,164,79,6,0.85,2009-12-07 13:35:00,2011-11-17 14:26:00,6.841463414634147
72799F,IVORY PILLAR CANDLE GOLD FLOCK,1121,2067.85,100,48,5,2.95,2009-12-07 15:28:00,2011-11-25 12:20:00,11.21
85032D,YULETIDE IMAGES GIFT WRAP SET,1118,1264.68,130,45,5,1.63,2009-12-20 14:59:00,2011-10-06 13:29:00,8.6
84519A,TOMATO CHARLIE+LOLA COASTER SET,1117,2595.2000000000003,194,86,5,2.95,2009-12-09 09:51:00,2011-12-04 15:19:00,5.757731958762887
22768,FAMILY PHOTO FRAME CORNICE,1115,10620.029999999999,345,60,9,9.95,2010-10-10 12:45:00,2011-12-04 13:00:00,3.2318840579710146
84078A,SET/4 WHITE RETRO STORAGE CUBES,1114,43289.05,325,95,12,39.95,2009-12-07 15:26:00,2011-12-04 11:50:00,3.4276923076923076
84596E,SMALL LICORICE DES PINK BOWL,1113,1119.02,198,54,7,1.25,2009-12-08 17:10:00,2011-04-01 11:46:00,5.621212121212121
17129D,CLEAR COLOUR GLASS GEMS IN BAG,1111,1337.58,36,10,1,0.85,2009-12-07 15:26:00,2010-03-05 11:50:00,30.86111111111111
23250,VINTAGE RED TRIM ENAMEL BOWL,1109,1443.53,106,25,9,1.25,2011-06-14 10:00:00,2011-12-04 12:31:00,10.462264150943396
21777,RECIPE BOX WITH METAL HEART,1109,8940.36,360,49,4,7.95,2009-12-07 10:48:00,2010-12-06 10:08:00,3.0805555555555557
22800,ANTIQUE TALL SWIRLGLASS TRINKET POT,1108,4489.18,261,56,4,3.75,2010-10-22 13:27:00,2011-12-04 14:01:00,4.245210727969349
23302,KNEELING MAT HOUSEWORK  DESIGN,1107,1822.5099999999998,213,29,4,1.65,2011-05-15 15:31:00,2011-12-04 15:19:00,5.197183098591549
23535,WALL ART BICYCLE SAFETY,1107,7075.38,195,10,8,5.95,2011-10-02 14:37:00,2011-12-04 14:55:00,5.676923076923077
21358,TOAST ITS - HAPPY BIRTHDAY,1107,1372.89,214,85,9,1.25,2009-12-14 14:35:00,2011-12-02 16:39:00,5.172897196261682
22863,SOAP DISH BROCANTE,1106,3163.6600000000003,168,54,13,2.95,2010-09-23 09:11:00,2011-12-01 11:51:00,6.583333333333333
85034B,3 WHITE CHOC MORRIS BOXED CANDLES,1106,2447.71,137,45,7,3.29,2009-12-08 13:46:00,2011-12-04 11:00:00,8.072992700729927
22942,CHRISTMAS LIGHTS 10 SANTAS,1104,9093.9,224,24,9,8.5,2010-10-21 10:04:00,2011-12-04 15:35:00,4.928571428571429
21867,PINK UNION JACK  LUGGAGE TAG,1101,1500.32,275,90,3,1.25,2009-12-07 13:24:00,2011-12-02 16:39:00,4.003636363636364
22976,CIRCUS PARADE CHILDRENS EGG CUP,1101,1431.55,145,48,5,1.25,2010-11-24 16:18:00,2011-12-02 14:26:00,7.593103448275862
84510B,SET OF 4 FAIRY CAKES COASTERS,1100,1383.06,134,24,3,1.25,2009-12-07 11:47:00,2010-07-07 12:45:00,8.208955223880597
85017A,ENVELOPE 50 ROMANTIC IMAGES,1099,743.05,166,44,9,0.83,2009-12-07 17:56:00,2011-04-03 15:07:00,6.620481927710843
84510F,SET OF 4 NEW ENGLAND COASTERS,1095,426.43,35,24,1,1.25,2009-12-07 17:56:00,2010-10-07 16:28:00,31.285714285714285
21913,VINTAGE SEASIDE JIGSAW PUZZLES,1093,4163.77,290,96,14,3.75,2009-12-08 15:49:00,2011-11-30 15:13:00,3.768965517241379
22107,PIZZA PLATE IN BOX,1093,4364.1,342,86,9,3.75,2009-12-07 14:02:00,2011-12-04 13:15:00,3.195906432748538
22930,BAKING MOULD HEART MILK CHOCOLATE,1093,2798.91,183,48,9,2.55,2010-12-08 10:40:00,2011-12-02 16:39:00,5.972677595628415
22689,DOORMAT MERRY CHRISTMAS RED,1092,8366.72,264,47,9,7.95,2010-06-28 13:53:00,2011-11-28 15:54:00,4.136363636363637
20801,LARGE PINK GLASS SUNDAE DISH,1092,1422.0,111,45,4,2.46,2010-01-18 11:39:00,2011-05-25 16:08:00,9.837837837837839
21115,ROSE CARAVAN DOORSTOP,1090,7552.36,399,98,13,6.75,2009-12-07 13:32:00,2011-12-04 15:28:00,2.7318295739348373
21470,FLOWER VINE RAFFIA FOOD COVER,1089,4126.7,310,92,6,3.75,2009-12-09 09:51:00,2011-12-01 12:55:00,3.5129032258064514
85114C,RED ENCHANTED FOREST PLACEMAT,1089,2050.62,149,64,6,1.65,2009-12-07 13:59:00,2011-12-02 10:52:00,7.308724832214765
21828,EIGHT PIECE SNAKE  SET,1088,1365.14,169,79,5,1.25,2009-12-07 11:39:00,2011-12-04 10:56:00,6.437869822485207
21721,CANDY SHOP  STICKER SHEET,1085,982.0,140,57,9,0.85,2009-12-07 18:02:00,2011-12-02 16:39:00,7.75
47585A,PINK FAIRY CAKE CUSHION COVER,1084,2612.88,148,65,9,3.75,2009-12-07 17:56:00,2011-12-01 13:08:00,7.324324324324325
21730,GLASS STAR FROSTED T-LIGHT HOLDER,1084,5338.06,276,68,7,4.95,2009-12-07 12:12:00,2011-12-02 16:07:00,3.927536231884058
21351,CINAMMON & ORANGE WREATH,1082,3588.0,170,32,5,6.75,2009-12-09 13:16:00,2011-12-02 16:39:00,6.364705882352941
40018F,CHERRY DESIGN PAPERLANTERNS,1082,2080.83,116,35,7,1.95,2009-12-14 17:57:00,2010-09-05 10:54:00,9.327586206896552
51020B,STRIPY DESIGN SHOWER CAP,1082,485.61999999999995,59,40,1,1.25,2009-12-07 15:42:00,2011-04-27 11:26:00,18.338983050847457
90058B,CRYSTAL STUD EARRINGS ASSORTED COL,1082,509.08000000000004,29,22,1,0.38,2009-12-23 16:21:00,2011-12-01 14:30:00,37.310344827586206
22685,FRENCH BLUE METAL DOOR SIGN 0,1081,1393.38,159,58,6,1.25,2010-08-17 11:21:00,2011-12-02 11:53:00,6.79874213836478
21518,BANK ACCOUNT  GREETING  CARD,1081,457.48,106,55,5,0.42,2009-12-07 17:56:00,2011-07-12 16:11:00,10.19811320754717
77101A,UNION FLAG WINDSOCK,1081,1254.72,87,43,2,1.25,2009-12-07 17:56:00,2011-03-21 11:49:00,12.425287356321839
21991,BOHEMIAN COLLAGE STATIONERY SET,1079,1868.11,276,74,3,2.46,2009-12-07 15:42:00,2011-12-04 13:59:00,3.9094202898550723
22485,SET OF 2 WOODEN MARKET CRATES,1077,14415.039999999999,417,90,16,12.75,2010-03-05 11:31:00,2011-12-01 14:58:00,2.58273381294964
23126,FELTCRAFT GIRL AMELIE KIT,1077,5356.95,280,40,11,4.95,2011-03-02 16:26:00,2011-12-02 16:07:00,3.8464285714285715
22031,BOTANICAL LAVENDER BIRTHDAY CARD,1075,472.17,136,65,3,0.42,2009-12-16 17:06:00,2011-11-30 15:13:00,7.904411764705882
21400,RED PUDDING SPOON,1075,211.81,89,53,5,0.42,2009-12-07 13:59:00,2011-12-04 14:55:00,12.07865168539326
37343,SPOTS DESIGN MUG W PINK INSIDE,1074,1692.52,98,49,3,1.65,2009-12-07 09:42:00,2011-03-09 14:30:00,10.959183673469388
20663,QUEEN OF THE SKIES HOLIDAY PURSE,1074,369.41,44,30,4,2.51,2009-12-10 15:45:00,2011-10-17 13:31:00,24.40909090909091
23389,SPACEBOY MINI BACKPACK,1073,4564.77,219,13,12,4.15,2011-09-11 13:39:00,2011-12-04 13:54:00,4.899543378995434
22514,CHILDS GARDEN SPADE BLUE,1072,2161.6200000000003,228,71,7,2.1,2010-03-28 11:30:00,2011-12-02 16:39:00,4.701754385964913
21486,PINK HEART DOTS HOT WATER BOTTLE,1071,3457.82,281,42,7,3.75,2009-12-07 12:25:00,2010-12-07 18:36:00,3.811387900355872
35920,FOUR RABBIT EASTER DECORATIONS,1070,296.34,24,15,3,1.25,2010-01-27 16:41:00,2011-04-19 15:37:00,44.583333333333336
17013D,ORIGAMI ROSE INCENSE IN TUBE,1068,572.4,31,27,3,1.65,2009-12-09 09:42:00,2011-06-07 10:05:00,34.45161290322581
35958,FOLKART ZINC STAR CHRISTMAS DEC,1068,931.0799999999999,78,27,4,0.85,2009-12-08 11:46:00,2010-12-09 14:55:00,13.692307692307692
21208,PASTEL COLOUR HONEYCOMB FAN,1065,971.8399999999999,118,68,10,1.65,2009-12-16 15:48:00,2011-12-04 15:19:00,9.025423728813559
23134,LARGE ZINC HEART WALL ORGANISER,1065,6431.110000000001,38,17,2,8.25,2011-04-20 13:18:00,2011-09-18 14:56:00,28.026315789473685
22606,WOODEN SKITTLES GARDEN SET,1065,14818.14,372,78,9,15.95,2010-04-08 19:40:00,2011-11-21 12:59:00,2.8629032258064515
20867,PINK ROSE FABRIC MIRROR,1063,1046.75,143,54,9,1.25,2009-12-07 18:02:00,2011-12-02 16:39:00,7.433566433566433
22232,JIGSAW TOADSTOOLS 3 PIECE,1063,1257.9299999999998,152,66,13,1.65,2009-12-07 17:56:00,2011-12-04 15:19:00,6.993421052631579
21720,CAKE SHOP  STICKER SHEET,1060,922.16,110,44,10,0.85,2009-12-07 13:35:00,2011-07-26 09:51:00,9.636363636363637
22346,PARTY PIZZA DISH GREEN POLKADOT,1059,553.43,95,47,8,0.85,2009-12-07 14:34:00,2011-12-04 12:32:00,11.147368421052631
23509,MINI PLAYING CARDS FUN FAIR,1055,447.29,61,11,5,0.42,2011-09-22 14:11:00,2011-12-04 13:15:00,17.295081967213115
21644,ASSORTED TUTTI FRUTTI HEART BOX,1055,1417.51,132,62,3,1.25,2009-12-07 17:56:00,2011-11-27 16:27:00,7.992424242424242
21619,4 VANILLA BOTANICAL CANDLES,1054,1901.65,197,56,7,2.46,2009-12-08 16:20:00,2011-12-04 14:55:00,5.350253807106599
21062,PARTY INVITES SPACEMAN,1053,875.87,136,73,11,0.85,2009-12-08 16:43:00,2011-12-02 13:20:00,7.742647058823529
21972,SET OF 36 DINOSAUR PAPER DOILIES,1052,1554.8799999999999,169,84,11,1.45,2009-12-09 14:25:00,2011-12-01 16:22:00,6.224852071005917
72807B,SET/3 OCEAN SCENT CANDLE JEWEL BOX,1051,4607.47,221,85,8,4.25,2009-12-07 12:32:00,2011-11-24 09:26:00,4.755656108597285
20802,SMALL GLASS SUNDAE DISH CLEAR,1051,1596.81,116,72,2,1.65,2009-12-16 17:58:00,2011-11-28 10:31:00,9.060344827586206
22202,MILK PAN PINK RETROSPOT,1049,4230.41,254,63,9,3.75,2009-12-07 10:42:00,2011-05-05 19:16:00,4.1299212598425195
23012,GLASS APOTHECARY BOTTLE PERFUME,1048,4067.2000000000003,236,25,11,3.95,2011-06-14 13:04:00,2011-12-04 15:54:00,4.440677966101695
21910,WAY OUT METAL SIGN,1048,1368.4799999999998,107,46,5,1.65,2009-12-07 13:52:00,2011-02-16 16:57:00,9.794392523364486
84926E,FLOWERS TILE COASTER,1047,455.95,49,32,2,0.29,2010-03-21 14:16:00,2011-11-20 15:36:00,21.367346938775512
22122,SET OF 2 FANCY FONT TEA TOWELS,1045,3130.2200000000003,175,35,6,2.95,2009-12-07 17:56:00,2010-08-20 15:32:00,5.9714285714285715
85200,BUNNY EGG BOX,1045,1319.09,105,26,5,1.25,2009-12-07 11:46:00,2011-04-18 13:36:00,9.952380952380953
22515,CHILDS GARDEN SPADE PINK,1044,2125.54,206,67,7,2.1,2010-03-28 11:30:00,2011-12-02 16:39:00,5.067961165048544
47591B,SCOTTIES CHILDRENS APRON,1044,1679.55,278,56,6,1.65,2009-12-07 11:39:00,2011-02-02 13:35:00,3.7553956834532376
84580,MOUSE TOY WITH PINK T-SHIRT,1043,3995.34,433,96,10,3.75,2009-12-07 17:56:00,2011-12-04 15:35:00,2.4087759815242493
22246,MAGIC GARDEN FELT GARLAND,1038,2192.35,181,72,4,1.95,2009-12-13 12:19:00,2011-11-24 09:50:00,5.734806629834254
22723,SET OF 6 HERB TINS SKETCHBOOK,1038,4091.2400000000002,278,50,10,3.95,2010-12-13 15:13:00,2011-12-04 15:19:00,3.7338129496402876
16202B,PASTEL BLUE PHOTO ALBUM,1038,523.01,21,19,4,5.55,2010-02-26 09:47:00,2011-04-19 14:49:00,49.42857142857143
23369,SET 36 COLOUR PENCILS LOVE LONDON,1037,1481.54,115,11,7,1.25,2011-09-22 12:13:00,2011-12-04 13:59:00,9.017391304347827
21472,LADYBIRD + BEE RAFFIA FOOD COVER,1037,3990.4500000000003,276,69,6,3.75,2009-12-08 13:14:00,2011-07-15 15:32:00,3.7572463768115942
85017C,ENVELOPE 50 CURIOUS IMAGES,1035,675.79,112,47,9,0.83,2009-12-07 17:56:00,2011-05-12 20:13:00,9.241071428571429
22472,TV DINNER TRAY DOLLY GIRL,1034,4989.37,238,72,14,4.95,2010-03-08 16:53:00,2011-12-04 13:32:00,4.34453781512605
22756,LARGE YELLOW BABUSHKA NOTEBOOK,1031,1313.56,193,58,7,1.25,2010-08-08 15:53:00,2011-12-02 16:39:00,5.341968911917099
23096,PETIT TRAY CHIC,1030,1726.8199999999997,143,29,4,1.65,2011-05-10 16:00:00,2011-12-02 16:39:00,7.2027972027972025
20967,GREY FLORAL FELTCRAFT SHOULDER BAG,1026,3860.38,282,67,11,3.75,2009-12-07 12:19:00,2011-10-26 14:42:00,3.6382978723404253
35648,VINTAGE BEAD PINK PURSE,1026,1238.74,133,52,4,1.63,2009-12-09 09:51:00,2011-11-30 17:37:00,7.714285714285714
23548,WRAP MAGIC FOREST,1025,430.5,41,17,5,0.42,2011-07-20 14:39:00,2011-11-30 16:43:00,25.0
23237,SET OF 4 KNICK KNACK TINS LEAF,1024,4154.04,169,26,12,4.15,2011-06-08 13:35:00,2011-12-04 13:54:00,6.059171597633136
20770,ABSTRACT CIRCLE JOURNAL,1021,2129.39,199,76,6,2.55,2009-12-10 13:09:00,2011-11-27 11:47:00,5.130653266331659
21426,WOODLAND STORAGE BOX SMALL,1021,1629.51,97,67,9,2.1,2009-12-09 09:42:00,2011-11-30 14:46:00,10.525773195876289
21882,SKULLS TAPE,1021,478.24,114,62,6,0.65,2009-12-07 15:42:00,2011-11-28 13:26:00,8.956140350877194
21333,CLASSIC WHITE FRAME,1021,3085.8900000000003,212,60,8,2.95,2009-12-07 15:26:00,2011-04-05 12:37:00,4.816037735849057
23132,SMALL IVORY HEART WALL ORGANISER,1017,5107.93,149,31,4,5.75,2011-04-19 16:52:00,2011-12-04 12:44:00,6.825503355704698
22374,AIRLINE BAG VINTAGE JET SET RED,1016,5054.05,425,91,13,4.25,2010-02-14 11:57:00,2011-12-04 12:44:00,2.3905882352941177
21248,DOOR HANGER  MUM + DADS ROOM,1014,1255.52,153,74,8,1.45,2009-12-09 09:51:00,2011-11-30 14:05:00,6.627450980392157
22283,6 EGG HOUSE PAINTED WOOD,1014,8382.15,373,96,9,7.95,2009-12-07 11:46:00,2011-11-30 10:06:00,2.7184986595174263
21467,CHERRY CROCHET FOOD COVER,1012,3203.23,246,82,9,3.75,2009-12-11 10:37:00,2011-11-23 13:51:00,4.1138211382113825
22947,WOODEN ADVENT CALENDAR RED,1011,12704.15,209,33,12,16.63,2010-09-16 12:27:00,2011-11-30 15:33:00,4.837320574162679
22684,FRENCH BLUE METAL DOOR SIGN 9,1011,1339.98,161,60,7,1.25,2010-08-17 11:21:00,2011-12-02 11:53:00,6.279503105590062
22248,DECORATION  PINK CHICK MAGIC GARDEN,1010,896.47,171,63,4,0.85,2009-12-13 13:39:00,2011-11-16 15:14:00,5.906432748538012
79030D,TUMBLER BAROQUE,1009,711.64,61,38,5,0.97,2009-12-08 12:05:00,2011-11-10 19:40:00,16.540983606557376
23299,FOOD COVER WITH BEADS SET 2,1008,3743.04,143,29,9,3.75,2011-05-04 13:57:00,2011-11-29 12:06:00,7.048951048951049
21324,HANGING MEDINA LANTERN SMALL,1008,2828.01,174,60,6,2.95,2009-12-14 15:17:00,2011-05-09 16:37:00,5.793103448275862
21219,SET/4 BADGES BALLOON GIRL,1007,1289.61,170,74,8,1.25,2009-12-07 09:18:00,2011-11-30 15:13:00,5.923529411764706
21636,MADRAS NOTEBOOK MEDIUM,1007,976.89,96,46,4,0.75,2009-12-09 09:42:00,2011-12-02 16:34:00,10.489583333333334
84569D,PACK 6 HEART/ICE-CREAM PATCHES,1007,1265.01,174,78,10,1.25,2009-12-07 15:15:00,2011-11-24 09:21:00,5.787356321839081
22314,OFFICE MUG WARMER CHOC+BLUE,1006,3637.3,232,81,13,4.95,2009-12-07 10:41:00,2011-12-04 13:15:00,4.336206896551724
20800,LARGE GLASS SUNDAE DISH CLEAR,1005,303.96,5,5,2,5.06,2010-01-11 09:37:00,2010-03-30 14:29:00,201.0
84016,FLAG OF ST GEORGE CAR FLAG,1004,3791.67,62,22,2,0.42,2009-12-07 18:02:00,2011-09-14 16:36:00,16.193548387096776
72799E,IVORY PILLAR CANDLE SILVER FLOCK,1001,2347.88,161,65,4,2.95,2009-12-11 12:45:00,2011-11-30 15:13:00,6.217391304347826
21926,RED/CREAM STRIPE CUSHION COVER,1001,1315.27,146,60,4,1.25,2010-04-11 14:28:00,2011-11-29 17:52:00,6.8561643835616435
22612,TEA COSY VINTAGE UNION JACK,1001,3984.99,109,24,4,3.75,2010-03-28 11:30:00,2010-09-28 12:44:00,9.18348623853211
23691,WRAP KEEP CALM BIRTHDAY,1000,408.0,31,5,2,0.42,2011-11-02 11:52:00,2011-12-04 15:00:00,32.25806451612903
21589,SWALLOW GIANT TUBE MATCHES,999,2299.05,78,26,5,2.55,2009-12-07 13:59:00,2010-06-17 10:30:00,12.807692307692308
21726,MULTI HEARTS  STICKERS,996,860.4399999999999,146,61,7,0.85,2009-12-07 17:56:00,2011-11-06 14:14:00,6.821917808219178
23061,VINTAGE EMBOSSED HEART,996,1307.72,114,32,4,1.25,2011-04-19 13:57:00,2011-12-01 17:56:00,8.736842105263158
22977,DOLLY GIRL CHILDRENS EGG CUP,995,1305.23,136,42,5,1.25,2010-11-24 16:18:00,2011-12-02 16:39:00,7.3161764705882355
22229,BUNNY WOODEN PAINTED WITH FLOWER,994,834.7099999999999,183,54,6,0.85,2009-12-07 11:46:00,2011-12-04 15:19:00,5.4316939890710385
21808,"CHRISTMAS GARLAND STARS,TREES",992,2672.36,139,35,5,3.75,2009-12-09 14:48:00,2011-11-22 15:43:00,7.136690647482014
22120,WELCOME  WOODEN BLOCK LETTERS,990,10014.699999999999,357,79,10,9.95,2009-12-07 11:05:00,2011-12-04 11:56:00,2.773109243697479
21195,PINK  HONEYCOMB PAPER BALL,989,2101.46,148,57,7,2.1,2009-12-07 17:56:00,2011-05-17 16:09:00,6.6824324324324325
22905,CALENDAR IN SEASON DESIGN,988,2799.94,182,48,6,2.95,2010-09-19 14:51:00,2011-12-02 12:02:00,5.428571428571429
21724,PANDA AND BUNNIES STICKER SHEET,988,878.28,171,74,5,0.85,2009-12-07 18:02:00,2011-11-30 09:53:00,5.777777777777778
21579,LOLITA  DESIGN  COTTON TOTE BAG,988,1459.84,129,68,12,2.25,2009-12-07 17:56:00,2011-11-25 16:14:00,7.658914728682171
85035B,CHOCOLATE 3 WICK MORRIS BOX CANDLE,985,2535.04,130,51,5,4.25,2009-12-10 16:21:00,2011-10-27 19:56:00,7.576923076923077
22767,TRIPLE PHOTO FRAME CORNICE,985,9289.18,289,58,7,9.95,2010-10-10 12:45:00,2011-12-04 11:56:00,3.4083044982698962
84989B,75 BLACK FAIRY CAKE CASES,985,496.95,56,25,3,0.55,2009-12-07 17:56:00,2010-08-08 15:53:00,17.589285714285715
23255,CHILDRENS CUTLERY CIRCUS PARADE,984,3972.7200000000003,152,35,17,4.15,2011-04-10 12:53:00,2011-12-02 13:12:00,6.473684210526316
21363,HOME SMALL WOOD LETTERS,984,5296.4800000000005,401,80,5,4.95,2010-01-05 14:32:00,2011-09-25 14:33:00,2.453865336658354
21656,RIDGED GLASS POSY VASE,981,1606.76,138,64,7,1.45,2009-12-07 10:51:00,2011-05-03 16:06:00,7.108695652173913
22845,VINTAGE CREAM CAT FOOD CONTAINER,979,6628.87,387,59,15,6.35,2010-10-15 15:38:00,2011-12-04 11:56:00,2.5297157622739017
21707,FOLDING UMBRELLA BLACKBLUE POLKADOT,978,4051.3,166,70,10,4.95,2009-12-07 16:56:00,2011-12-02 12:13:00,5.891566265060241
85162B,BLACK RETRODISC LAMPSHADE,977,1905.15,13,11,2,1.95,2009-12-07 16:28:00,2010-06-08 12:55:00,75.15384615384616
23359,SET OF 12 T-LIGHTS VINTAGE DOILY,977,1841.11,77,18,4,1.95,2011-08-02 12:27:00,2011-12-02 13:46:00,12.688311688311689
22278,OVERNIGHT BAG VINTAGE ROSE PAISLEY,977,5637.53,367,98,13,4.95,2009-12-07 13:49:00,2011-11-30 15:33:00,2.662125340599455
16161G,WRAP BAD HAIR DAY,975,97.5,33,28,4,0.1,2010-01-19 17:12:00,2011-11-24 11:19:00,29.545454545454547
84924F,PSYCHEDELIC METAL SIGN CALENDAR,975,274.55,10,8,2,2.27,2009-12-22 14:31:00,2011-07-29 17:19:00,97.5
16161M,WRAP  PINK FLOCK,975,407.5,36,29,2,0.42,2009-12-07 15:42:00,2010-12-02 18:15:00,27.083333333333332
85047,WHITE BEADED GARLAND STRING 20LIGHT,975,6194.28,223,45,4,6.35,2009-12-07 13:49:00,2011-01-27 15:36:00,4.37219730941704
22946,WOODEN ADVENT CALENDAR CREAM,974,15026.67,274,43,12,16.95,2010-09-16 12:27:00,2011-12-04 12:44:00,3.5547445255474455
23034,DRAWER KNOB CERAMIC BLACK,974,1434.06,86,24,8,1.45,2011-06-14 13:51:00,2011-12-04 12:18:00,11.325581395348838
21537,RED RETROSPOT PUDDING BOWL,973,4193.91,247,81,12,4.25,2009-12-07 17:56:00,2011-12-01 09:20:00,3.9392712550607287
21620,SET OF 4 ROSE BOTANICAL CANDLES,973,2014.29,200,65,5,2.46,2009-12-09 14:48:00,2011-12-04 14:15:00,4.865
85226C,BLUE PULL BACK RACING CAR,973,508.91,79,34,3,0.55,2009-12-07 16:40:00,2010-11-09 13:50:00,12.316455696202532
22778,GLASS CLOCHE SMALL,972,3844.46,194,53,7,3.95,2010-10-18 08:13:00,2011-11-24 12:48:00,5.010309278350515
21318,GLASS CHALICE BLUE SMALL,972,900.42,93,47,7,1.65,2009-12-13 15:54:00,2011-05-09 16:30:00,10.451612903225806
47570B,TEA TIME TABLE CLOTH,971,9600.970000000001,223,62,8,10.65,2009-12-07 09:42:00,2011-03-29 15:18:00,4.354260089686099
22647,CERAMIC LOVE HEART MONEY BANK,970,882.41,77,44,4,1.45,2010-05-14 15:41:00,2011-12-04 14:15:00,12.597402597402597
22032,BOTANICAL LILY GREETING CARD,968,413.08,110,56,7,0.42,2009-12-07 11:46:00,2011-11-25 10:20:00,8.8
20941,FROG CANDLE,967,853.5699999999999,119,56,5,1.25,2009-12-08 11:27:00,2011-07-06 15:15:00,8.126050420168067
21288,STRIPEY CHOCOLATE NESTING BOXES,965,2501.8500000000004,215,83,9,2.95,2009-12-07 12:32:00,2011-12-02 16:39:00,4.488372093023256
23220,REINDEER HEART DECORATION GOLD,964,837.0799999999999,94,18,4,0.83,2011-06-09 13:09:00,2011-12-02 16:39:00,10.25531914893617
15044C,PURPLE PAPER PARASOL,964,3015.32,228,82,7,2.95,2009-12-08 15:49:00,2011-11-27 13:26:00,4.228070175438597
23283,DOORMAT VINTAGE LEAF,964,6729.88,218,26,9,7.95,2011-04-27 13:06:00,2011-12-04 10:11:00,4.422018348623853
84969,BOX OF 6 ASSORTED COLOUR TEASPOONS,964,4254.64,338,92,13,4.25,2009-12-09 09:42:00,2011-12-04 13:00:00,2.8520710059171597
17084P,DRAGONS BLOOD INCENSE,963,211.41,68,45,2,0.42,2009-12-07 13:48:00,2011-11-22 15:41:00,14.161764705882353
21009,ETCHED GLASS STAR TREE DECORATION,963,1389.99,92,23,3,1.25,2009-12-07 13:48:00,2010-12-17 17:30:00,10.467391304347826
23056,FLOWERS CHANDELIER T-LIGHT HOLDER,963,2898.12,39,23,4,6.25,2011-04-19 14:56:00,2011-11-23 13:39:00,24.692307692307693
22811,SET OF 6 T-LIGHTS CACTI,963,2784.39,129,47,4,2.95,2010-09-21 16:06:00,2011-12-04 14:55:00,7.465116279069767
72225D,VANILLA SCENT CAKE CANDLE,962,219.45999999999998,11,8,2,0.29,2009-12-17 19:33:00,2010-05-13 10:15:00,87.45454545454545
23130,MISTLETOE HEART WREATH GREEN,962,3988.98,184,28,5,4.15,2011-05-01 11:55:00,2011-12-04 14:45:00,5.228260869565218
20772,GARDEN PATH JOURNAL,960,1820.82,156,66,6,2.55,2009-12-08 15:25:00,2011-11-30 17:37:00,6.153846153846154
85068,CREAM SWEETHEART SHELF + HOOKS,959,6639.29,196,30,8,7.95,2010-04-29 11:53:00,2010-11-15 09:32:00,4.892857142857143
21625,VINTAGE UNION JACK APRON,959,6803.38,325,97,9,6.95,2009-12-07 13:24:00,2011-12-01 15:05:00,2.9507692307692306
22215,CAKE STAND WHITE TWO TIER LACE,958,8181.0,329,93,16,8.5,2009-12-07 11:41:00,2011-12-04 12:32:00,2.911854103343465
22937,BAKING MOULD CHOCOLATE CUPCAKES,958,2522.72,157,40,11,2.55,2010-12-08 10:40:00,2011-11-24 09:26:00,6.101910828025478
84827,ASS DES PHONE SPONGE CRAFT STICKER,956,483.4,27,22,4,0.65,2009-12-08 13:56:00,2011-10-20 15:57:00,35.407407407407405
21520,BOOZE & WOMEN GREETING CARD,955,409.94,106,57,5,0.42,2009-12-08 08:48:00,2011-11-30 15:13:00,9.00943396226415
21530,DAIRY MAID TOASTRACK,954,1350.7900000000002,158,75,4,2.95,2009-12-09 09:42:00,2011-12-02 16:39:00,6.037974683544304
22313,OFFICE MUG WARMER PINK,954,3085.48,129,62,11,2.95,2009-12-07 10:41:00,2011-12-04 13:15:00,7.395348837209302
84927D,LA PALMIERA TILE HOOK,953,211.29000000000002,28,20,4,2.1,2010-04-18 15:53:00,2011-07-25 13:57:00,34.035714285714285
21109,"LARGE CAKE TOWEL, CHOCOLATE SPOTS",953,3996.0099999999998,204,74,8,6.75,2009-12-07 17:56:00,2011-12-04 15:19:00,4.671568627450981
16156L,"WRAP, CAROUSEL",950,399.0,36,33,8,0.42,2010-01-10 12:25:00,2011-12-02 10:22:00,26.38888888888889
84031A,CHARLIE+LOLA RED HOT WATER BOTTLE,947,3950.03,291,72,10,4.21,2009-12-07 14:58:00,2011-12-04 15:28:00,3.254295532646048
23129,HEART SHAPED HOLLY WREATH,947,3974.63,170,25,10,4.15,2011-05-18 15:39:00,2011-12-02 16:39:00,5.570588235294117
47591C,BLUE FAIRY CAKE CHILD'S APRON,947,1808.18,141,33,4,1.95,2009-12-07 09:42:00,2010-08-15 13:18:00,6.716312056737588
21638,ASSORTED TUTTI FRUTTI NOTEBOOK,945,2045.8400000000001,130,63,6,2.1,2009-12-07 17:56:00,2011-11-29 12:34:00,7.269230769230769
21424,WOODLAND STORAGE BOX LARGE,945,2832.14,139,70,8,5.91,2009-12-09 09:42:00,2011-10-25 17:31:00,6.798561151079137
22233,JIGSAW RABBIT AND BIRDHOUSE,944,1204.4599999999998,162,67,8,1.65,2009-12-09 13:49:00,2011-12-04 15:19:00,5.827160493827161
22252,BIRDCAGE DECORATION TEALIGHT HOLDER,944,1160.56,112,66,11,1.25,2009-12-10 17:27:00,2011-11-23 14:07:00,8.428571428571429
85188A,GREEN METAL SWINGING BUNNY,944,824.9699999999999,105,26,3,0.85,2009-12-09 09:42:00,2011-04-21 10:19:00,8.99047619047619
22642,SET OF 4 NAPKIN CHARMS STARS,942,2303.0,135,43,6,2.55,2010-07-18 12:49:00,2011-12-04 15:19:00,6.977777777777778
16254,TRANSPARENT ACRYLIC TAPE DISPENSER,941,305.66,40,24,2,1.63,2010-01-11 09:30:00,2011-11-30 14:17:00,23.525
16051,TEATIME PENCIL W STAMP ASST,941,84.69,4,4,3,0.42,2009-12-10 15:45:00,2010-06-09 13:08:00,235.25
21448,12 DAISY PEGS IN WOOD BOX,939,1613.7699999999998,207,79,2,1.65,2009-12-07 15:26:00,2011-10-16 12:06:00,4.536231884057971
23131,MISTLETOE HEART WREATH CREAM,939,3823.53,114,32,5,4.15,2011-04-26 16:45:00,2011-11-30 15:50:00,8.236842105263158
85032B,BLOSSOM IMAGES GIFT WRAP SET,939,920.4900000000001,144,52,8,0.65,2010-01-22 14:17:00,2011-12-02 16:39:00,6.520833333333333
22933,BAKING MOULD EASTER EGG MILK CHOC,938,2577.1800000000003,120,25,6,2.95,2010-12-09 12:20:00,2011-11-22 12:07:00,7.816666666666666
22180,RETROSPOT LAMP,938,9741.75,398,94,14,9.95,2009-12-08 08:48:00,2011-11-07 12:06:00,2.35678391959799
16258B,DAISY ERASERS IN BAG,935,186.6,10,3,1,0.19,2009-12-08 13:04:00,2009-12-22 12:01:00,93.5
72800B,4 PURPLE FLOCK DINNER CANDLES,935,1235.52,85,50,4,2.55,2009-12-09 09:42:00,2011-11-30 10:54:00,11.0
47504H,ENGLISH ROSE SPIRIT LEVEL,934,1009.32,130,52,7,1.6,2010-01-13 17:08:00,2011-12-04 12:32:00,7.184615384615385
85131B,BEADED CRYSTAL HEART GREEN ON STICK,934,719.12,213,65,1,0.83,2009-12-16 17:58:00,2011-12-02 16:39:00,4.384976525821596
22256,FELT FARM ANIMAL CHICKEN,933,1200.07,119,43,8,1.25,2009-12-07 11:46:00,2011-09-07 16:48:00,7.840336134453781
22092,BLUE PAISLEY TISSUE BOX,930,591.74,138,59,7,0.39,2009-12-18 14:08:00,2011-12-02 13:49:00,6.739130434782608
21454,PAINTED PINK RABBIT,930,800.87,192,59,3,0.85,2010-01-11 09:37:00,2011-11-29 15:09:00,4.84375
23093,SMALL PARISIENNE HEART PHOTO FRAME,930,2194.6000000000004,138,30,3,2.49,2011-05-11 12:32:00,2011-12-02 11:16:00,6.739130434782608
22497,SET OF 2 TINS VINTAGE BATHROOM,928,4234.82,278,83,13,4.25,2010-01-31 12:27:00,2011-11-25 11:54:00,3.338129496402878
21822,GLITTER CHRISTMAS TREE WITH BELLS,928,1212.89,127,31,4,1.63,2009-12-11 15:40:00,2011-12-04 15:00:00,7.307086614173229
23273,HEART T-LIGHT HOLDER WILLIE WINKIE,927,1564.9899999999998,104,26,8,1.65,2011-06-05 14:06:00,2011-12-02 16:39:00,8.913461538461538
84815,SET OF 3 DANISH ROSE PLANTERS,926,1183.8200000000002,53,24,9,4.25,2009-12-10 16:39:00,2010-06-15 16:17:00,17.471698113207548
21396,RED SPOTTY EGG CUP,926,1158.13,73,17,6,1.25,2009-12-07 13:52:00,2010-05-16 11:24:00,12.684931506849315
85173,SET/6 FROG PRINCE T-LIGHT CANDLES,926,1678.0,141,72,4,2.55,2009-12-10 20:16:00,2011-11-30 14:46:00,6.567375886524823
22438,BALLOON ART MAKE YOUR OWN FLOWERS,924,1700.83,154,63,6,1.95,2010-04-11 13:01:00,2011-12-04 11:45:00,6.0
23123,COCKTAIL SWORDS 50 PIECES,921,747.15,92,23,5,0.83,2011-06-17 11:38:00,2011-12-04 15:19:00,10.01086956521739
21683,MEDIUM MEDINA STAMPED METAL BOWL,920,2704.09,147,74,6,2.95,2009-12-10 12:10:00,2011-11-20 11:37:00,6.258503401360544
21534,DAIRY MAID LARGE MILK JUG,919,4674.59,333,99,4,4.95,2009-12-10 14:48:00,2011-12-01 19:54:00,2.75975975975976
22068,BLACK PIRATE TREASURE CHEST,919,1859.7499999999998,249,94,4,1.65,2009-12-09 09:51:00,2011-11-29 16:33:00,3.6907630522088355
85132B,CHARLIE AND LOLA TABLE TINS,917,2747.63,121,38,8,1.95,2009-12-07 13:35:00,2011-06-19 13:26:00,7.578512396694215
16258A,SWIRLY CIRCULAR RUBBERS IN BAG,915,345.25,95,51,6,0.42,2009-12-11 15:40:00,2011-12-04 13:15:00,9.631578947368421
22838,3 TIER CAKE TIN RED AND CREAM,914,13044.38,265,49,13,14.95,2010-10-14 12:49:00,2011-12-02 14:48:00,3.449056603773585
22474,SPACEBOY TV DINNER TRAY,912,4576.49,241,74,15,4.95,2010-03-08 08:45:00,2011-12-04 14:55:00,3.784232365145228
20666,ECONOMY HOLIDAY PURSE,911,412.45000000000005,46,28,4,2.51,2009-12-08 15:12:00,2011-07-20 16:12:00,19.804347826086957
21466,RED FLOWER CROCHET FOOD COVER,911,3400.28,267,88,4,3.75,2009-12-09 09:51:00,2011-11-30 09:00:00,3.411985018726592
85130B,BEADED CRYSTAL HEART GREEN LARGE,910,917.54,82,50,3,1.12,2010-01-11 09:35:00,2011-11-20 15:36:00,11.097560975609756
21557,SET OF 6 FUNKY BEAKERS,910,3074.75,291,92,6,2.95,2009-12-07 13:59:00,2011-11-30 15:13:00,3.127147766323024
22275,WEEKEND BAG VINTAGE ROSE PAISLEY,910,7569.33,294,46,10,8.5,2009-12-07 09:42:00,2010-12-02 16:51:00,3.0952380952380953
23244,ROUND STORAGE TIN VINTAGE LEAF,910,1678.9199999999998,106,26,11,1.95,2011-06-08 13:35:00,2011-12-04 13:54:00,8.584905660377359
85054,FRENCH ENAMEL POT W LID,909,2458.92,202,88,9,2.95,2009-12-08 17:10:00,2011-11-28 15:54:00,4.5
79051A,SMOKEY GREY COLOUR D.O.F. GLASS,907,361.52,51,36,4,0.29,2009-12-09 09:51:00,2011-12-04 12:18:00,17.784313725490197
22611,VINTAGE UNION JACK SHOPPING BAG,907,4338.63,195,58,8,4.95,2010-03-28 11:30:00,2011-11-25 11:58:00,4.651282051282052
23013,GLASS APOTHECARY BOTTLE TONIC,906,3559.6600000000003,213,25,8,3.95,2011-06-14 14:49:00,2011-12-04 15:54:00,4.253521126760563
72807A,SET/3 ROSE CANDLE IN JEWELLED BOX,905,4128.39,210,81,9,4.25,2009-12-09 09:51:00,2011-11-24 09:26:00,4.309523809523809
35598B,BLACK CHRISTMAS TREE 60CM,904,838.32,53,28,8,2.95,2009-12-07 12:32:00,2011-11-30 17:22:00,17.056603773584907
47518F,ICON PLACEMAT POP ART ELVIS,903,153.14,34,27,5,0.12,2010-01-26 13:15:00,2011-11-29 12:09:00,26.558823529411764
21188,3D HEARTS  HONEYCOMB PAPER GARLAND,900,2735.94,127,69,7,2.95,2009-12-07 18:02:00,2011-08-03 10:56:00,7.086614173228346
16169F,WRAP BLIZZARD,900,378.0,31,10,2,0.42,2009-12-07 10:42:00,2010-10-17 16:08:00,29.032258064516128
21719,LOVELY BONBON STICKER SHEET,899,802.3,136,74,8,0.85,2009-12-09 09:51:00,2011-12-02 16:39:00,6.610294117647059
79160,HEART SHAPE WIRELESS DOORBELL,899,1854.63,200,69,2,2.1,2009-12-07 15:26:00,2011-12-02 13:49:00,4.495
85231L,LAVENDER SCENTED SET/9 T-LIGHTS,899,719.3499999999999,100,17,3,0.85,2009-12-07 11:05:00,2010-05-02 15:10:00,8.99
21688,SILVER PLATE CANDLE BOWL SMALL,898,2798.1700000000005,140,72,5,2.95,2009-12-09 09:51:00,2011-11-30 09:53:00,6.414285714285715
22253,6 CROCHET STRAWBERRIES,898,1075.78,81,17,6,1.25,2009-12-07 10:41:00,2010-04-08 13:19:00,11.08641975308642
20661,BLUE SPOTTY PURSE,897,974.0200000000001,122,57,7,2.51,2009-12-07 16:56:00,2011-12-01 16:22:00,7.352459016393443
21645,ASSORTED TUTTI FRUTTI ROUND BOX,896,1513.2999999999997,124,44,6,1.65,2009-12-07 18:02:00,2010-11-16 16:08:00,7.225806451612903
21455,PAINTED YELLOW WOODEN DAISY,895,792.17,166,56,2,0.85,2010-01-28 09:09:00,2011-11-28 14:06:00,5.391566265060241
82613B,"METAL SIGN,CUPCAKE SINGLE HOOK",892,977.93,219,87,10,1.25,2009-12-08 15:49:00,2011-12-02 16:39:00,4.073059360730594
21040,MODERN VINTAGE COTTON SHOPPING BAG,892,1115.51,67,31,6,2.55,2009-12-08 15:25:00,2011-03-15 15:37:00,13.313432835820896
35967,FOLK ART METAL STAR T-LIGHT HOLDER,890,453.63,105,48,2,0.38,2009-12-07 13:06:00,2011-12-02 16:39:00,8.476190476190476
48197,DOOR MAT BIRD ON THE WIRE,890,5837.400000000001,219,33,6,7.49,2009-12-07 13:48:00,2010-07-28 15:14:00,4.063926940639269
22100,SKULLS SQUARE TISSUE BOX,890,654.21,121,61,6,1.25,2009-12-07 15:42:00,2011-12-01 16:22:00,7.355371900826446
22687,DOORMAT CHRISTMAS VILLAGE,887,5651.63,144,33,7,7.95,2010-06-28 13:53:00,2011-11-29 16:33:00,6.159722222222222
21432,SET OF 3 CASES WOODLAND DESIGN,882,5096.91,227,47,14,5.95,2009-12-07 12:26:00,2010-11-19 13:07:00,3.8854625550660793
85071D,CHARLIE+LOLA MY ROOM DOOR SIGN,881,540.75,109,49,2,0.39,2009-12-08 13:04:00,2011-12-04 15:19:00,8.082568807339449
22221,CAKE STAND LOVEBIRD 2 TIER PINK,881,6631.53,152,79,12,9.95,2009-12-17 13:15:00,2011-12-04 12:14:00,5.796052631578948
85162C,WHITE RETRODISC LAMPSHADE,880,1794.8999999999999,45,18,2,1.95,2009-12-07 16:28:00,2010-06-08 12:53:00,19.555555555555557
21352,EUCALYPTUS & PINECONE  WREATH,877,3090.03,156,43,3,5.91,2009-12-07 17:56:00,2011-11-15 16:42:00,5.621794871794871
22856,ASSORTED EASTER DECORATIONS  BELLS,877,1059.8500000000001,32,21,5,1.25,2010-10-17 11:58:00,2011-11-20 11:50:00,27.40625
23138,SINGLE WIRE HOOK IVORY HEART,877,1224.9299999999998,81,33,3,1.45,2011-04-21 10:19:00,2011-11-30 15:13:00,10.82716049382716
85036C,ROSE 1 WICK MORRIS BOXED CANDLE,875,1616.27,126,52,3,4.25,2009-12-07 14:58:00,2011-11-23 13:46:00,6.944444444444445
20868,SILVER FABRIC MIRROR,874,514.09,66,40,4,0.85,2009-12-09 12:57:00,2011-11-30 11:17:00,13.242424242424242
21744,SNOWFLAKE PORTABLE TABLE LIGHT,874,2626.36,213,43,6,2.95,2009-12-07 12:42:00,2011-11-24 13:40:00,4.103286384976526
22721,SET OF 3 CAKE TINS SKETCHBOOK,873,4332.12,272,49,12,4.95,2010-12-14 11:48:00,2011-12-04 15:28:00,3.2095588235294117
21652,GLASS ETCHED T-LIGHT HOLDER MEDIUM,872,1701.1399999999999,77,28,7,1.95,2009-12-14 08:40:00,2010-08-05 11:30:00,11.324675324675324
84327A,PINK JUMPER LARRY THE LAMB,872,1657.25,113,34,2,2.1,2009-12-08 11:27:00,2010-08-05 14:35:00,7.716814159292035
22660,DOORMAT I LOVE LONDON,871,5768.61,193,65,14,7.95,2010-06-28 13:53:00,2011-12-02 13:28:00,4.512953367875648
21775,DECORATIVE FLORE BATHROOM BOTTLE,869,1313.77,272,90,4,2.46,2009-12-07 17:56:00,2011-12-01 16:22:00,3.1948529411764706
22932,BAKING MOULD TOFFEE CUP CHOCOLATE,868,1960.0800000000002,69,37,7,2.55,2010-12-08 10:40:00,2011-11-16 11:46:00,12.579710144927537
21528,DAIRY MAID TRADITIONAL TEAPOT,868,5482.36,251,94,5,6.95,2009-12-09 09:42:00,2011-11-29 15:09:00,3.458167330677291
20840,FRENCH FLORAL CUSHION COVER,868,1397.32,89,44,6,2.55,2009-12-18 12:33:00,2011-12-02 13:20:00,9.752808988764045
23541,WALL ART CLASSIC PUDDINGS,865,6715.84,148,10,4,8.25,2011-10-02 14:37:00,2011-12-01 16:22:00,5.844594594594595
72802A,ROSE SCENT CANDLE IN JEWELLED BOX,865,3602.77,180,77,7,4.25,2009-12-07 14:58:00,2011-12-01 11:18:00,4.805555555555555
22688,DOORMAT PEACE ON EARTH BLUE,864,4748.45,92,32,7,7.95,2010-06-28 13:53:00,2011-12-02 16:38:00,9.391304347826088
21865,PINK UNION JACK  PASSPORT COVER,861,1998.94,284,91,3,2.1,2009-12-07 14:58:00,2011-12-02 16:39:00,3.0316901408450705
22280,POCKET BAG PINK PAISELY BROWN SPOT,860,1211.73,151,65,6,1.25,2009-12-10 12:03:00,2011-11-30 17:37:00,5.695364238410596
84660A,WHITE STITCHED WALL CLOCK,860,855.26,51,28,3,0.79,2009-12-18 17:15:00,2011-10-03 16:46:00,16.862745098039216
23087,ZINC  HEART T-LIGHT HOLDER,860,1070.98,65,24,3,1.25,2011-05-13 12:13:00,2011-12-01 16:22:00,13.23076923076923
22781,GUMBALL MAGAZINE RACK,858,6925.9400000000005,301,59,9,7.65,2010-10-17 10:56:00,2011-12-02 16:39:00,2.8504983388704317
21286,RETRO SPOT CANDLE  LARGE,858,1505.6299999999999,88,47,8,2.55,2009-12-07 17:56:00,2011-12-02 15:39:00,9.75
23489,VINTAGE BELLS GARLAND,858,2529.98,148,7,4,2.89,2011-10-20 10:10:00,2011-12-04 14:55:00,5.797297297297297
23526,WALL ART DOG LICENCE,856,5247.34,131,9,5,5.95,2011-10-03 11:01:00,2011-12-04 14:55:00,6.534351145038168
21145,ANTIQUE GLASS PLACE SETTING,856,1226.47,47,31,3,1.25,2009-12-07 13:24:00,2011-11-16 13:25:00,18.21276595744681
21665,TRIANGULAR RIDGED GLASS POSY HOLDER,855,616.9000000000001,71,20,3,0.65,2009-12-09 09:51:00,2010-05-26 13:38:00,12.04225352112676
37500,TEA TIME TEAPOT IN GIFT BOX,855,6545.29,251,86,14,9.95,2009-12-08 11:22:00,2011-12-04 11:45:00,3.406374501992032
21202,DOLLY HONEYCOMB GARLAND,854,1103.48,66,50,6,1.65,2009-12-14 11:30:00,2011-11-17 11:02:00,12.93939393939394
21723,ALPHABET HEARTS STICKER SHEET,853,754.75,130,69,6,0.85,2009-12-07 17:56:00,2011-11-30 14:00:00,6.561538461538461
23530,WALL ART ONLY ONE PERSON,853,3629.7400000000002,79,9,5,4.95,2011-10-03 11:37:00,2011-12-02 14:30:00,10.79746835443038
21693,SMALL HAMMERED SILVER CANDLEPOT,853,2595.5200000000004,117,65,6,2.95,2009-12-08 15:49:00,2011-11-30 15:13:00,7.2905982905982905
72038P,PRICE'S CANDLE PEACH,850,100.5,8,8,1,0.21,2010-01-04 12:57:00,2010-08-27 12:18:00,106.25
22039,BOTANICAL LILY GIFT WRAP,850,353.0,30,23,3,0.42,2009-12-22 12:05:00,2011-10-25 13:46:00,28.333333333333332
22425,ENAMEL COLANDER CREAM,849,4281.740000000001,297,79,8,4.95,2010-05-16 11:35:00,2011-12-01 16:22:00,2.8585858585858586
84817,DANISH ROSE DECORATIVE PLATE,849,855.5400000000001,71,48,9,2.1,2010-02-08 13:56:00,2011-12-01 19:54:00,11.95774647887324
16052,TEATIME PUSH DOWN RUBBER,848,281.32,35,27,3,0.42,2009-12-16 17:01:00,2011-06-09 19:33:00,24.228571428571428
21897,POTTING SHED CANDLE CITRONELLA,848,2585.17,101,42,4,2.95,2009-12-07 13:59:00,2011-04-27 11:47:00,8.396039603960396
22911,PAPER CHAIN KIT LONDON,847,2436.65,163,54,7,2.95,2010-09-19 13:05:00,2011-12-01 18:43:00,5.196319018404908
23014,GLASS APOTHECARY BOTTLE ELIXIR,846,3341.0200000000004,201,24,9,3.95,2011-06-14 13:04:00,2011-12-04 13:32:00,4.208955223880597
17012C,ORIGAMI LAVENDER INCENSE/CANDL SET,846,935.4599999999999,109,59,3,2.46,2010-02-05 11:32:00,2011-12-04 13:45:00,7.761467889908257
85032C,CURIOUS IMAGES GIFT WRAP SET,845,904.7700000000001,152,55,6,1.63,2009-12-08 12:33:00,2011-12-01 16:22:00,5.559210526315789
79320,FLAMINGO LIGHTS,845,4092.62,143,40,7,4.95,2009-12-07 09:18:00,2010-09-22 15:12:00,5.909090909090909
84676,BATH DUCK WATERING CAN,844,2090.6600000000003,108,29,6,2.95,2009-12-07 13:57:00,2010-08-18 11:16:00,7.814814814814815
23080,RED METAL BOX TOP SECRET,844,7167.76,235,30,13,8.25,2011-05-11 10:18:00,2011-12-04 14:55:00,3.5914893617021275
22495,SET OF 2 ROUND TINS CAMEMBERT,843,2580.69,221,73,13,2.95,2010-01-29 13:46:00,2011-12-02 16:39:00,3.81447963800905
21732,RED HANGING METAL STAR TLIGHT HLDR,842,2919.4500000000003,48,27,2,3.75,2009-12-07 11:35:00,2010-09-28 09:34:00,17.541666666666668
23184,BULL DOG BOTTLE OPENER,841,4525.2300000000005,251,39,9,4.95,2011-03-06 10:05:00,2011-12-04 15:19:00,3.350597609561753
21735,TWO DOOR CURIO CABINET,839,10854.61,253,72,5,12.75,2009-12-07 17:56:00,2011-09-16 13:53:00,3.316205533596838
23249,VINTAGE RED ENAMEL TRIM PLATE,839,1421.1499999999999,79,25,7,1.65,2011-06-14 10:00:00,2011-12-04 12:31:00,10.620253164556962
85170A,SET/6 IVORY BIRD T-LIGHT CANDLES,839,1563.96,80,42,2,2.1,2009-12-07 18:02:00,2010-12-07 15:54:00,10.4875
23404,HOME SWEET HOME BLACKBOARD,836,3903.21,158,13,7,4.95,2011-09-05 10:15:00,2011-12-04 12:44:00,5.291139240506329
22450,SILK PURSE BABUSHKA BLUE,834,2798.28,180,61,13,3.35,2010-03-17 10:34:00,2011-11-28 15:34:00,4.633333333333334
22263,FELT EGG COSY LADYBIRD,834,624.9,103,55,5,0.85,2009-12-07 17:56:00,2011-11-28 15:54:00,8.097087378640778
79336,LIGHT PINK FLOCK GLASS CANDLEHOLDER,833,358.23,19,18,2,0.38,2009-12-09 09:42:00,2011-09-02 15:48:00,43.8421052631579
21442,GREEN BIRDHOUSE DECORATION,833,678.37,129,70,7,0.85,2009-12-15 18:33:00,2011-11-20 13:33:00,6.457364341085271
85215,ASSORTED CHEESE FRIDGE MAGNETS,831,643.89,66,43,7,0.65,2009-12-10 20:16:00,2011-08-10 15:29:00,12.590909090909092
21617,4 LILY  BOTANICAL DINNER CANDLES,831,2123.76,167,68,3,3.75,2009-12-08 11:52:00,2011-11-21 15:18:00,4.976047904191617
20990,SPRING FLOWER CHOPSTICKS SET/5,831,1581.34,96,25,3,1.95,2009-12-07 18:02:00,2010-06-13 11:36:00,8.65625
35001W,HAND OPEN SHAPE DECO.WHITE,830,2605.04,181,45,2,3.49,2009-12-07 11:35:00,2010-12-16 10:08:00,4.585635359116022
22069,BROWN  PIRATE TREASURE CHEST,830,1997.87,244,87,5,3.36,2009-12-07 18:02:00,2011-12-01 16:22:00,3.401639344262295
22516,CHILDS GARDEN RAKE BLUE,829,1659.3000000000002,158,55,6,2.1,2010-03-28 11:30:00,2011-12-02 16:39:00,5.246835443037975
23531,WALL ART BIG LOVE,829,4791.33,102,9,4,6.95,2011-10-03 11:37:00,2011-12-01 18:43:00,8.127450980392156
23347,I LOVE LONDON BEAKER,829,1031.29,91,20,7,1.25,2011-07-24 16:15:00,2011-12-02 16:39:00,9.10989010989011
21348,PINK SPOTS CHOCOLATE NESTING BOXES,829,1989.4,128,46,6,2.95,2009-12-08 12:05:00,2011-01-26 10:51:00,6.4765625
21076,SET/20 COLLAGE PAPER NAPKIN,826,700.0999999999999,90,14,5,0.85,2009-12-09 10:48:00,2010-03-16 13:28:00,9.177777777777777
21827,EIGHT PIECE CREEPY CRAWLIE SET,822,1043.4,127,45,4,1.25,2009-12-07 11:39:00,2011-03-29 17:23:00,6.47244094488189
17164D,ASS COL SMALL SAND FROG P'WEIGHT,821,323.21999999999997,24,10,1,0.42,2009-12-07 13:57:00,2010-03-19 10:02:00,34.208333333333336
20850,ZINC HEART LATTICE PLANTER BOWL,820,713.8000000000001,23,15,2,2.95,2010-01-06 10:53:00,2010-11-11 15:09:00,35.65217391304348
22626,BLACK KITCHEN SCALES,818,7008.05,334,81,18,8.5,2010-04-30 15:57:00,2011-12-04 15:19:00,2.4491017964071857
22842,BISCUIT TIN VINTAGE RED,817,5295.29,236,57,14,6.75,2010-10-13 16:17:00,2011-11-29 15:09:00,3.461864406779661
85034A,3 GARDENIA MORRIS BOXED CANDLES,815,2234.83,130,56,4,4.25,2009-12-08 09:46:00,2011-11-23 09:34:00,6.269230769230769
84467,ENGLISH ROSE DESIGN QUILTED THROW,815,17437.71,82,16,4,25.49,2009-12-10 12:10:00,2010-07-27 08:57:00,9.939024390243903
44235,ASS COL CIRCLE MOBILE,814,302.99999999999994,21,18,1,0.42,2010-01-13 15:24:00,2011-12-02 13:21:00,38.76190476190476
84625A,PINK NEW BAROQUECANDLESTICK CANDLE,812,1166.7,79,47,8,2.95,2009-12-07 13:59:00,2011-11-29 15:09:00,10.278481012658228
84596J,MIXED NUTS LIGHT GREEN BOWL,810,621.74,138,56,5,1.25,2009-12-09 09:42:00,2011-05-23 09:43:00,5.869565217391305
22846,BREAD BIN DINER STYLE RED,810,12977.55,338,55,20,16.95,2010-10-14 13:38:00,2011-12-04 15:54:00,2.396449704142012
23282,FOLDING BUTTERFLY MIRROR IVORY,807,748.8199999999999,132,29,6,0.83,2011-05-09 16:35:00,2011-12-04 12:08:00,6.113636363636363
84534B,FAIRY CAKE NOTEBOOK A5 SIZE,807,759.41,182,52,5,0.85,2009-12-07 15:15:00,2011-01-20 12:16:00,4.434065934065934
21190,PINK HEARTS PAPER GARLAND,806,1337.59,111,41,6,1.65,2009-12-13 13:39:00,2011-11-25 12:20:00,7.261261261261262
84279B,CHERRY BLOSSOM DECORATIVE FLASK,805,3055.87,212,48,13,3.75,2009-12-10 09:49:00,2011-06-17 11:07:00,3.797169811320755
22517,CHILDS GARDEN RAKE PINK,804,1583.18,150,59,6,2.1,2010-03-26 14:16:00,2011-12-01 19:42:00,5.36
21898,POTTING SHED ROSE CANDLE,801,2462.1099999999997,108,43,3,2.95,2009-12-11 13:52:00,2011-04-27 11:47:00,7.416666666666667
23435,3 RAFFIA RIBBONS VINTAGE CHRISTMAS,801,713.45,91,13,4,0.83,2011-09-09 16:13:00,2011-12-02 16:39:00,8.802197802197803
23068,ALUMINIUM STAMPED HEART,800,1944.5200000000002,134,33,6,2.49,2011-04-18 14:01:00,2011-12-04 12:52:00,5.970149253731344
22796,PHOTO FRAME 3 CLASSIC HANGING,799,7950.799999999999,312,59,10,9.95,2010-10-10 11:32:00,2011-12-04 11:56:00,2.5608974358974357
22931,BAKING MOULD HEART WHITE CHOCOLATE,798,1925.05,126,40,11,2.55,2010-12-08 10:40:00,2011-11-29 16:47:00,6.333333333333333
22116,METAL SIGN HIS DINNER IS SERVED,798,1043.69,188,75,3,1.63,2009-12-11 11:52:00,2011-12-04 15:19:00,4.24468085106383
23146,TRIPLE HOOK ANTIQUE IVORY ROSE,797,2641.9700000000003,226,33,8,3.29,2011-04-19 13:49:00,2011-12-04 15:28:00,3.5265486725663715
20767,BLUE PAISLEY JOURNAL,797,1700.95,174,79,5,2.55,2009-12-07 12:32:00,2011-12-02 16:39:00,4.580459770114943
23393,HOME SWEET HOME CUSHION COVER,797,3171.79,225,14,9,3.75,2011-09-04 12:07:00,2011-12-04 14:55:00,3.542222222222222
21647,ASSORTED TUTTI FRUTTI LARGE PURSE,795,1776.9800000000002,137,51,6,2.1,2009-12-07 15:15:00,2011-11-27 12:00:00,5.802919708029197
22890,NOVELTY BISCUITS CAKE STAND 3 TIER,794,7742.24,255,57,11,9.95,2010-10-14 17:13:00,2011-11-28 15:54:00,3.1137254901960785
20692,FLORAL ELEPHANT SOFT TOY,792,3233.36,130,31,6,4.25,2009-12-07 08:53:00,2010-09-08 15:30:00,6.092307692307692
84519B,CARROT CHARLIE+LOLA COASTER SET,790,1700.7,203,85,5,2.95,2009-12-09 09:51:00,2011-12-04 15:19:00,3.8916256157635467
21465,PINK FLOWER CROCHET FOOD COVER,790,2864.3900000000003,184,83,3,3.75,2009-12-18 14:08:00,2011-12-01 12:55:00,4.293478260869565
21160,KEEP OUT GIRLS DOOR HANGER,789,544.3,55,27,2,1.45,2009-12-07 13:59:00,2010-12-14 15:52:00,14.345454545454546
23388,WOODLAND MINI BACKPACK,788,3278.5800000000004,142,13,11,4.15,2011-09-11 15:47:00,2011-12-02 13:49:00,5.549295774647887
21441,BLUE BIRDHOUSE DECORATION,788,628.86,126,68,10,0.85,2009-12-13 12:04:00,2011-11-28 15:54:00,6.253968253968254
72800F,4 IVORY DINNER CANDLES GOLD FLOCK,788,970.87,60,33,4,2.55,2009-12-08 13:41:00,2010-11-21 12:29:00,13.133333333333333
84249D,FAIRY CAKE GREETINGS CARD,787,332.18,61,25,1,0.42,2010-01-05 11:16:00,2010-08-23 14:38:00,12.901639344262295
21064,BOOM BOX SPEAKER BOYS,785,4179.45,153,58,8,5.95,2009-12-07 09:18:00,2011-12-04 14:55:00,5.130718954248366
23214,JINGLE BELL HEART ANTIQUE GOLD,783,1678.46,98,22,6,2.08,2011-06-01 12:19:00,2011-12-04 15:00:00,7.989795918367347
84509G,SET OF 4 FAIRY CAKE PLACEMATS,783,2016.7,154,70,8,3.75,2009-12-16 10:39:00,2011-12-04 15:19:00,5.084415584415584
23223,CHRISTMAS TREE HANGING SILVER,783,726.4499999999999,82,19,2,0.83,2011-06-23 09:38:00,2011-12-04 14:01:00,9.548780487804878
84422,PINK/BLUE DISC/MIRROR STRING,782,427.95,38,33,1,0.85,2009-12-20 12:10:00,2011-09-16 13:13:00,20.57894736842105
20671,BLUE TEATIME PRINT BOWL,782,1028.44,141,49,5,1.25,2009-12-07 15:02:00,2010-12-09 13:34:00,5.546099290780142
22453,MEASURING TAPE BABUSHKA BLUE,782,2156.8700000000003,141,58,14,2.95,2010-03-21 14:16:00,2011-12-01 13:47:00,5.546099290780142
85130D,BEADED CRYSTAL HEART PINK LARGE,782,951.4699999999999,104,65,1,1.65,2009-12-08 17:41:00,2011-12-02 12:52:00,7.519230769230769
21016,LIGHT BIRD HOUSE TREE DECORATION,782,536.93,74,20,4,0.85,2009-12-07 18:02:00,2010-11-26 11:50:00,10.567567567567568
22473,TV DINNER TRAY VINTAGE PAISLEY,781,3012.42,202,70,9,4.95,2010-03-11 10:05:00,2011-12-04 15:28:00,3.866336633663366
23552,BICYCLE PUNCTURE REPAIR KIT,779,1668.0,69,2,4,2.08,2011-11-25 10:58:00,2011-12-04 14:55:00,11.289855072463768
20702,PINK PADDED MOBILE,779,3283.95,244,77,17,4.25,2009-12-07 13:35:00,2011-10-26 13:07:00,3.192622950819672
23239,SET OF 4 KNICK KNACK TINS POPPIES,778,3241.6000000000004,165,26,11,4.15,2011-06-08 12:44:00,2011-12-04 12:44:00,4.715151515151515
20669,RED HEART LUGGAGE TAG,778,1078.35,207,76,7,1.25,2009-12-07 18:02:00,2011-11-29 16:47:00,3.758454106280193
71101E,STANDING FAIRY POLE SUPPORT,777,626.13,47,37,4,0.85,2009-12-13 13:39:00,2011-11-21 12:40:00,16.53191489361702
23222,CHRISTMAS TREE HANGING GOLD,776,695.4399999999999,71,16,4,0.83,2011-06-23 09:38:00,2011-12-02 13:49:00,10.929577464788732
22831,WHITE BROCANTE SOAP DISH,776,2286.28,138,48,10,2.95,2010-11-07 14:51:00,2011-12-01 15:11:00,5.6231884057971016
22363,GLASS JAR MARMALADE,776,2282.96,164,76,9,2.95,2010-03-15 13:06:00,2011-12-02 16:39:00,4.7317073170731705
21812,GARLAND WITH HEARTS AND BELLS,775,3775.1400000000003,196,63,9,4.95,2009-12-07 18:02:00,2011-11-29 15:39:00,3.954081632653061
21820,GLITTER HEART GARLAND WITH BELLS,774,3045.58,174,58,4,3.75,2009-12-07 12:12:00,2011-12-02 13:35:00,4.448275862068965
22165,"DIAMANTE HEART SHAPED WALL MIRROR,",774,6713.39,252,86,2,12.75,2009-12-08 08:48:00,2011-12-01 11:53:00,3.0714285714285716
23057,BEADED CHANDELIER T-LIGHT HOLDER,773,1768.67,45,23,4,4.95,2011-04-18 11:10:00,2011-11-18 11:35:00,17.177777777777777
22119,PEACE WOODEN BLOCK LETTERS,772,5152.1,314,81,7,6.95,2009-12-07 12:08:00,2011-12-04 15:28:00,2.4585987261146496
23133,LARGE IVORY HEART WALL ORGANISER,770,5421.64,152,32,4,8.25,2011-04-20 13:18:00,2011-12-01 19:42:00,5.065789473684211
22841,ROUND CAKE TIN VINTAGE GREEN,768,5947.2,302,59,12,7.95,2010-10-13 16:17:00,2011-12-01 11:43:00,2.543046357615894
82613C,"METAL SIGN,CUPCAKE SINGLE HOOK",767,813.62,184,79,4,1.25,2009-12-09 09:51:00,2011-12-02 16:39:00,4.168478260869565
22742,MAKE YOUR OWN PLAYTIME CARD KIT,766,2283.86,168,58,10,2.95,2010-08-10 17:02:00,2011-12-02 15:39:00,4.559523809523809
21106,CREAM SLICE FLANNEL CHOCOLATE SPOT,764,2349.4900000000002,166,73,10,2.95,2009-12-07 18:02:00,2011-12-02 16:39:00,4.602409638554217
23088,ZINC HEART FLOWER T-LIGHT HOLDER,764,976.38,71,25,3,1.25,2011-05-12 18:19:00,2011-12-01 16:22:00,10.76056338028169
84924D,LA PALMIERA METAL SIGN CALENDAR,763,268.86,14,13,2,3.75,2010-01-08 15:16:00,2010-11-11 12:13:00,54.5
22390,PAPERWEIGHT CHILDHOOD MEMORIES,763,1419.8799999999999,77,49,9,2.55,2010-03-26 13:46:00,2011-11-29 16:47:00,9.909090909090908
22289,"DECORATION , HANGING METAL CHICKEN",763,814.91,75,41,3,1.25,2010-01-10 11:08:00,2011-11-22 11:18:00,10.173333333333334
84625C,BLUE NEW BAROQUE CANDLESTICK CANDLE,763,1003.5,69,40,8,2.95,2009-12-16 17:01:00,2011-10-03 16:04:00,11.057971014492754
21010,ETCHED GLASS BIRD TREE DECORATION,760,1002.26,76,19,4,1.25,2009-12-07 13:06:00,2010-10-24 14:08:00,10.0
22062,CERAMIC BOWL WITH LOVE HEART DESIGN,760,1245.2,125,66,5,2.46,2009-12-07 18:02:00,2011-10-14 11:08:00,6.08
23269,SET OF 2 CERAMIC CHRISTMAS TREES,759,1118.1,87,22,6,1.45,2011-06-12 11:47:00,2011-12-04 12:32:00,8.724137931034482
22953,BIRTHDAY PARTY CORDON BARRIER TAPE,759,947.3,118,45,6,1.25,2010-11-04 16:16:00,2011-11-29 12:34:00,6.432203389830509
22862,LOVE HEART NAPKIN BOX,758,3373.22,221,19,6,4.25,2010-09-16 13:06:00,2011-01-25 13:46:00,3.429864253393665
21904,HOUSE WRECKING METAL SIGN,757,1201.52,145,57,2,2.1,2009-12-08 12:54:00,2011-05-25 17:31:00,5.220689655172414
21458,2 PICTURE BOOK EGGS EASTER BUNNY,756,834.24,87,30,5,1.25,2009-12-14 13:30:00,2011-11-09 15:09:00,8.689655172413794
23569,TRADTIONAL ALPHABET STAMP SET,756,3812.28,171,7,10,4.95,2011-10-21 15:36:00,2011-12-04 16:02:00,4.421052631578948
22691,DOORMAT WELCOME SUNRISE,753,5149.81,215,63,8,7.95,2010-06-28 13:53:00,2011-12-04 10:29:00,3.5023255813953487
72130,COLUMBIAN CANDLE ROUND,753,306.35,57,42,1,0.65,2009-12-13 11:49:00,2011-11-30 15:13:00,13.210526315789474
85094,CANDY SPOT EGG WARMER RABBIT,752,354.35,104,43,4,0.83,2009-12-15 18:33:00,2011-12-04 11:24:00,7.230769230769231
21416,CLAM SHELL LARGE,751,603.0600000000001,22,18,3,3.75,2009-12-13 15:17:00,2011-03-22 16:08:00,34.13636363636363
85018D,YULETIDE IMAGES S/6 PAPER BOXES,750,886.3499999999999,77,22,3,2.55,2009-12-08 15:49:00,2011-01-14 14:39:00,9.74025974025974
16161E,WRAP BOUDOIR,750,75.0,9,6,1,0.1,2009-12-07 13:48:00,2010-02-22 17:10:00,83.33333333333333
85129D,BEADED CRYSTAL HEART PINK SMALL,750,1101.2,163,74,1,2.46,2009-12-07 17:56:00,2011-11-29 16:47:00,4.601226993865031
79190A,RETRO PLASTIC 70'S TRAY,749,343.75,111,73,4,0.42,2009-12-16 09:37:00,2011-12-02 16:07:00,6.747747747747748
72131,COLUMBIAN CANDLE RECTANGLE,748,692.28,56,34,2,1.95,2009-12-10 17:09:00,2011-11-25 11:02:00,13.357142857142858
85188B,PINK METAL SWINGING BUNNY,748,660.88,74,21,3,0.85,2010-01-11 12:29:00,2011-03-27 12:06:00,10.108108108108109
23348,CHILDRENS TOY COOKING UTENSIL SET,746,1633.81,168,24,8,2.08,2011-04-18 13:49:00,2011-11-23 12:20:00,4.440476190476191
21246,RED RETROSPOT BIG BOWL,745,3665.8300000000004,206,76,16,4.95,2009-12-07 18:02:00,2011-09-04 16:09:00,3.616504854368932
22362,GLASS JAR PEACOCK BATH SALTS,743,2393.05,250,82,9,2.95,2010-03-15 09:28:00,2011-12-04 13:32:00,2.972
21307,SET/4 BUTTERFLY MIRROR MAGNETS,743,629.49,68,36,2,2.1,2009-12-07 17:56:00,2011-07-13 12:06:00,10.926470588235293
84660B,BLACK STITCHED WALL CLOCK,743,887.95,59,37,3,3.36,2009-12-09 09:42:00,2011-09-01 14:26:00,12.59322033898305
84031B,CHARLIE LOLA BLUE HOT WATER BOTTLE,743,2986.44,255,72,10,4.21,2009-12-07 09:42:00,2011-12-04 14:55:00,2.9137254901960783
23118,PARISIENNE JEWELLERY DRAWER,740,5565.64,245,30,9,7.5,2011-05-10 15:05:00,2011-12-04 13:00:00,3.020408163265306
84926D,LA PALMIERA TILE COASTER,738,347.27,43,32,4,0.835,2010-03-21 14:16:00,2011-11-29 16:33:00,17.162790697674417
35096A,BLUE VICTORIAN FABRIC HEART BOX,738,260.66999999999996,47,12,2,0.84,2009-12-07 17:56:00,2010-03-05 13:21:00,15.702127659574469
47310M,"SMALL POP BOX,FUNKY MONKEY",738,992.66,167,70,3,1.63,2009-12-09 09:51:00,2011-12-02 16:39:00,4.419161676646707
22903,CALENDAR FAMILY FAVOURITES,738,2036.74,78,37,5,2.95,2010-09-26 10:53:00,2011-12-02 16:39:00,9.461538461538462
72801E,S/4 FESTIVE GREEN DINNER CANDLES,735,362.25,19,13,1,1.25,2009-12-11 12:09:00,2010-09-02 16:47:00,38.68421052631579
21051,RIBBONS PURSE,734,1442.13,121,58,10,2.1,2009-12-08 13:56:00,2011-11-22 12:40:00,6.066115702479339
22475,SKULL DESIGN TV DINNER TRAY,733,3760.0800000000004,247,81,8,4.95,2010-03-05 14:30:00,2011-12-04 15:19:00,2.967611336032389
21189,WHITE HONEYCOMB PAPER GARLAND,733,1551.58,109,56,5,1.65,2009-12-14 17:16:00,2011-12-02 16:39:00,6.724770642201835
85231E,STRAWBERRY SCENTED SET/9 T-LIGHTS,732,605.98,93,22,3,0.85,2009-12-08 12:30:00,2010-06-13 13:30:00,7.870967741935484
21696,SMALL SILVER TRELLIS CANDLEPOT,731,2198.0400000000004,105,60,5,2.95,2009-12-07 11:05:00,2011-11-23 14:35:00,6.961904761904762
78124,MAGAZINE RACK GEBRA ASSORTED,729,965.31,30,25,4,1.25,2009-12-14 17:16:00,2011-11-28 14:12:00,24.3
20768,GREEN FERN JOURNAL,729,1434.8799999999999,143,68,3,2.55,2009-12-08 17:10:00,2011-11-30 17:37:00,5.0979020979020975
22060,LARGE CAKE STAND HANGING HEARTS,728,5629.91,156,63,8,9.95,2009-12-08 17:13:00,2011-05-23 14:11:00,4.666666666666667
21285,RETROSPOT CANDLE  MEDIUM,727,1161.8100000000002,76,47,7,2.1,2009-12-08 17:08:00,2011-11-30 14:38:00,9.56578947368421
37502,TEA TIME MUG IN GIFT BOX,727,2209.88,161,30,8,2.95,2009-12-07 12:26:00,2010-07-30 16:50:00,4.515527950310559
20662,FIRST CLASS HOLIDAY PURSE,727,468.38000000000005,48,32,6,2.51,2009-12-08 15:12:00,2011-10-24 17:07:00,15.145833333333334
22448,PIN CUSHION BABUSHKA RED,726,2367.78,116,58,10,3.35,2010-03-18 16:28:00,2011-12-04 15:28:00,6.258620689655173
17012A,ORIGAMI VANILLA INCENSE/CANDLE SET,724,795.8199999999999,93,52,3,2.46,2009-12-14 17:57:00,2011-12-02 14:25:00,7.78494623655914
84660C,PINK STITCHED WALL CLOCK,723,980.48,83,44,3,3.75,2009-12-08 14:03:00,2011-09-08 11:56:00,8.710843373493976
72803A,ROSE SCENT CANDLE JEWELLED DRAWER,723,1549.25,96,62,5,4.25,2009-12-09 16:00:00,2011-11-06 11:55:00,7.53125
21813,GARLAND WITH STARS AND BELLS,723,3387.63,168,41,5,4.95,2009-12-07 17:56:00,2011-12-02 16:39:00,4.303571428571429
23224,CHERUB HEART DECORATION GOLD,722,629.3399999999999,65,16,4,0.83,2011-06-02 09:04:00,2011-12-02 16:39:00,11.107692307692307
17012B,ORIGAMI JASMINE INCENSE/CANDLE SET,721,867.4499999999999,126,58,3,2.46,2009-12-08 15:49:00,2011-11-30 14:17:00,5.722222222222222
47505,MINATURE COLOURED GARDENING SET,721,3441.9100000000003,171,21,8,4.95,2009-12-08 12:33:00,2010-06-07 12:43:00,4.216374269005848
84819,DANISH ROSE ROUND SEWING BOX,721,1196.31,80,46,12,4.25,2009-12-15 10:21:00,2011-12-04 15:28:00,9.0125
21130,COLOURFUL STANDING GNOME,720,1194.0200000000002,48,22,6,3.45,2009-12-07 13:48:00,2010-06-30 12:30:00,15.0
23566,EGG CUP MILKMAID HEIDI,720,972.61,74,7,6,1.25,2011-10-17 10:10:00,2011-12-04 10:56:00,9.72972972972973
84051,ASS COLOUR GLOWING TIARAS,720,585.88,57,40,4,0.85,2009-12-14 18:37:00,2011-12-02 14:26:00,12.631578947368421
17136A,BLUE STONES ON WIRE FOR CANDLE,719,59.86,33,27,2,0.08,2010-01-07 14:04:00,2011-11-03 18:49:00,21.78787878787879
22223,CAKE PLATE LOVEBIRD PINK,719,3320.0,172,76,9,4.95,2009-12-08 16:40:00,2011-12-04 15:47:00,4.180232558139535
22618,COOKING SET RETROSPOT,718,6984.349999999999,242,50,15,9.95,2010-03-14 16:18:00,2011-05-06 19:37:00,2.9669421487603307
85025C,PINK HEART SHAPE PHOTO FRAME,718,1282.61,124,63,2,1.65,2009-12-07 11:39:00,2011-08-24 13:23:00,5.790322580645161
21547,CERAMIC BIRDHOUSE CRESTED TIT SMALL,716,1836.5300000000002,116,52,6,2.95,2009-12-07 12:08:00,2011-03-22 13:11:00,6.172413793103448
85019B,BLOSSOM  IMAGES NOTEBOOK SET,716,979.97,46,33,7,1.25,2010-03-18 20:02:00,2011-11-29 12:52:00,15.565217391304348
23395,BELLE JARDINIERE CUSHION COVER,715,3091.09,201,14,10,3.75,2011-09-04 12:07:00,2011-12-04 14:55:00,3.557213930348259
71038,WHITE HANGING BEADS CANDLE HOLDER,715,3778.3500000000004,143,73,2,5.45,2009-12-07 10:51:00,2011-11-28 11:00:00,5.0
84925F,PSYCHEDELIC WALL THERMOMETER,714,873.11,34,27,2,2.55,2010-01-12 15:57:00,2011-07-31 15:24:00,21.0
22476,EMPIRE UNION JACK TV DINNER TRAY,714,4004.67,264,80,8,4.95,2010-03-07 12:35:00,2011-12-04 15:19:00,2.7045454545454546
21456,2 PICTURE BOOK EGGS EASTER CHICKS,714,746.05,63,22,4,1.25,2010-01-12 16:02:00,2011-08-30 10:47:00,11.333333333333334
23033,DRAWER KNOB CERAMIC RED,713,1057.45,73,24,6,1.45,2011-06-14 13:51:00,2011-11-29 17:23:00,9.767123287671232
21794,CLASSIC FRENCH STYLE BASKET NATURAL,713,3552.09,178,70,3,6.75,2010-01-27 13:20:00,2011-10-25 15:34:00,4.00561797752809
84356,POMPOM CURTAIN,712,3600.94,129,65,7,6.95,2009-12-07 17:56:00,2011-12-04 15:00:00,5.51937984496124
72128,COLUMBIAN CANDLE ROUND,712,438.97999999999996,87,56,2,0.85,2009-12-07 12:42:00,2011-11-27 15:02:00,8.183908045977011
21323,HANGING MEDINA LANTERN LARGE,712,2395.49,77,26,3,4.25,2009-12-07 17:56:00,2010-07-23 08:24:00,9.246753246753247
35968,FOLK ART METAL HEART T-LIGHT HOLDER,711,341.7,73,45,3,0.38,2009-12-09 09:42:00,2011-11-01 14:29:00,9.73972602739726
47021G,SET/6 BEAD COASTERS GAUZE BAG GOLD,709,536.96,69,41,3,1.25,2009-12-07 17:56:00,2011-06-23 09:14:00,10.27536231884058
23127,FELTCRAFT GIRL NICOLE KIT,707,3609.61,185,39,10,4.95,2011-03-02 16:26:00,2011-12-02 16:07:00,3.8216216216216217
17109A,FLOWER FAIRY INCENSE LILY,705,326.85,12,8,2,1.69,2009-12-09 14:48:00,2010-03-26 14:29:00,58.75
21710,FOLDING UMBRELLA PINKWHITE POLKADOT,705,2131.06,107,62,9,4.95,2009-12-08 16:23:00,2011-11-25 11:41:00,6.588785046728972
85170D,SET/6 PINK BIRD T-LIGHT CANDLES,704,1238.19,142,73,3,2.46,2009-12-07 18:02:00,2011-11-30 15:13:00,4.957746478873239
22118,JOY WOODEN BLOCK LETTERS,703,3635.15,249,70,5,4.95,2009-12-07 11:05:00,2011-12-04 14:55:00,2.823293172690763
72801C,S/4 ROSE PINK DINNER CANDLES,703,522.6899999999999,54,37,3,1.25,2009-12-11 15:40:00,2011-10-11 16:25:00,13.018518518518519
20878,SET/9 CHRISTMAS T-LIGHTS SCENTED,702,900.84,80,19,2,1.25,2009-12-07 11:05:00,2010-12-05 16:24:00,8.775
23494,VINTAGE DOILY DELUXE SEWING KIT,701,4594.2300000000005,184,11,13,5.95,2011-09-25 12:31:00,2011-12-04 15:28:00,3.8097826086956523
21311,SET/4 BIRD MIRROR MAGNETS,700,536.24,93,51,2,2.1,2009-12-08 15:49:00,2011-12-04 15:19:00,7.526881720430108
23502,PLAYING CARDS VINTAGE DOILY,697,875.16,91,11,9,1.25,2011-09-22 12:02:00,2011-12-02 17:06:00,7.65934065934066
21825,PAINTED METAL TREE WITH HOLLY BELLS,695,994.91,67,20,4,1.45,2009-12-08 13:27:00,2010-11-14 16:32:00,10.373134328358208
21545,CERAMIC BIRDHOUSE BUTTERFLY SMALL,695,1631.13,80,29,4,2.95,2009-12-07 15:26:00,2010-07-23 08:24:00,8.6875
85059,FRENCH ENAMEL WATER BASIN,695,2369.9700000000003,207,85,5,3.75,2009-12-07 17:56:00,2011-11-29 15:09:00,3.357487922705314
20670,VIP HOLIDAY PURSE,694,378.85,48,32,3,2.51,2009-12-08 16:43:00,2011-11-15 16:38:00,14.458333333333334
21611,SET OF 12 LILY BOTANICAL T-LIGHTS,694,2013.9,140,44,5,2.95,2009-12-07 15:26:00,2010-10-27 12:55:00,4.957142857142857
21146,ANTIQUE GLASS RIDGED HANGING BALL,693,1355.27,57,16,3,1.95,2009-12-07 13:49:00,2010-11-02 11:27:00,12.157894736842104
85167B,BLACK GRAND BAROQUE PHOTO FRAME,692,1426.34,59,34,3,4.25,2009-12-14 17:57:00,2011-04-08 09:25:00,11.728813559322035
21316,SMALL CHUNKY GLASS ROMAN  BOWL,691,1140.21,46,30,1,2.95,2009-12-13 16:05:00,2011-04-10 13:36:00,15.021739130434783
22442,GROW YOUR OWN FLOWERS SET OF 3,690,4398.12,154,57,9,7.95,2010-03-23 12:41:00,2011-12-04 15:19:00,4.48051948051948
85232D,SET/3 DECOUPAGE STACKING TINS,690,3566.75,215,80,17,4.95,2009-12-07 15:28:00,2011-12-01 19:54:00,3.2093023255813953
22105,MIRROR MOSAIC GOBLET CANDLE HOLDER,689,1282.31,53,39,4,4.21,2009-12-07 11:46:00,2011-11-29 16:33:00,13.0
22325,MOBILE VINTAGE HEARTS,689,3090.4900000000002,221,80,16,4.95,2010-01-04 14:00:00,2011-11-29 13:37:00,3.1176470588235294
21576,LETS GO SHOPPING COTTON TOTE BAG,688,1584.48,197,80,12,2.25,2009-12-07 09:18:00,2011-11-25 14:25:00,3.4923857868020303
37413,ICON MUG REVOLUTIONARY,688,278.64,78,34,2,0.39,2011-02-07 11:42:00,2011-12-02 14:26:00,8.820512820512821
21709,FOLDING UMBRELLA CHOCOLATE POLKADOT,686,2827.2200000000003,114,67,5,4.95,2009-12-08 15:49:00,2011-12-04 13:45:00,6.017543859649122
23235,STORAGE TIN VINTAGE LEAF,686,1888.16,99,24,9,2.89,2011-06-08 12:44:00,2011-12-04 13:54:00,6.929292929292929
23110,PARISIENNE KEY CABINET,685,4040.8,248,30,12,5.75,2011-05-11 10:32:00,2011-12-04 11:56:00,2.7620967741935485
20891,LARGE GLASS ROSE SCENTED CANDLE,684,236.32999999999998,3,3,1,7.95,2010-01-12 09:47:00,2010-04-19 10:36:00,228.0
22935,BAKING MOULD ROSE MILK CHOCOLATE,684,2040.56,62,34,5,3.25,2010-12-08 10:46:00,2011-11-29 16:47:00,11.03225806451613
21612,SET 12 WILDFLOWER BOTANICAL T-LIGHT,684,1975.2000000000003,107,32,4,2.95,2009-12-07 15:26:00,2010-09-29 14:43:00,6.392523364485982
22443,GROW YOUR OWN HERBS SET OF 3,683,5393.43,264,66,10,7.95,2010-03-23 12:18:00,2011-08-05 15:38:00,2.587121212121212
21482,MUSHROOM BLUE HOT WATER BOTTLE,683,2103.8900000000003,163,33,9,2.95,2009-12-07 11:39:00,2010-10-17 16:17:00,4.190184049079755
85130A,BEADED PEARL HEART WHITE LARGE,682,1165.9999999999998,84,43,4,1.65,2009-12-17 16:38:00,2011-05-23 16:32:00,8.119047619047619
37441,ASSORTED WHITE EMBOSSED CHINA MUGS,682,1602.0,52,25,1,2.1,2009-12-08 17:13:00,2010-08-02 11:09:00,13.115384615384615
85084,HOLLY TOP CHRISTMAS STOCKING,682,681.4,84,19,2,0.85,2009-12-08 13:43:00,2010-12-21 12:44:00,8.119047619047619
22926,IVORY GIANT GARDEN THERMOMETER,680,4150.31,216,25,8,5.95,2010-11-21 10:49:00,2011-05-10 10:00:00,3.1481481481481484
22167,OVAL WALL MIRROR DIAMANTE,679,5951.86,294,92,3,9.95,2009-12-08 08:48:00,2011-12-04 13:00:00,2.3095238095238093
84799,SPRIG LAVENDER ARTIFICIAL FLOWER,678,528.78,31,25,3,1.25,2010-01-21 14:01:00,2011-04-14 10:42:00,21.870967741935484
21306,SET/4 DAISY MIRROR MAGNETS,678,338.31,65,43,3,0.38,2009-12-13 12:04:00,2011-12-04 15:19:00,10.430769230769231
35001G,HAND OPEN SHAPE GOLD,678,2144.9,97,53,5,4.25,2009-12-10 15:35:00,2011-12-04 15:00:00,6.989690721649485
21562,HAWAIIAN GRASS SKIRT,678,970.2800000000001,73,51,6,1.25,2010-01-07 16:46:00,2011-11-21 12:53:00,9.287671232876713
21437,24 HANGING EASTER EGGS FLORAL TUB,677,2350.92,109,14,3,3.75,2009-12-08 18:18:00,2010-03-28 15:16:00,6.2110091743119265
21043,APRON MODERN VINTAGE COTTON,677,1921.03,141,49,4,4.13,2009-12-07 15:42:00,2011-06-07 17:09:00,4.801418439716312
21276,TWO EMBOSSED HEART MINI DRAWERS,676,1551.99,28,8,4,1.95,2009-12-08 14:56:00,2010-04-08 16:21:00,24.142857142857142
23390,DOLLY GIRL MINI BACKPACK,675,2734.3700000000003,153,13,12,4.15,2011-09-11 13:39:00,2011-12-04 11:45:00,4.411764705882353
20849,ZINC HEART LATTICE DOUBLE PLANTER,674,593.03,24,19,2,3.75,2009-12-07 17:56:00,2010-11-21 15:56:00,28.083333333333332
20950,SET/6  ANGEL T-LIGHTS WHITE/GOLD,674,331.86,78,23,3,0.42,2009-12-07 11:05:00,2010-11-28 14:57:00,8.64102564102564
21157,RED SPOTTY WASHBAG,673,1572.3500000000001,170,63,9,2.1,2009-12-09 08:58:00,2011-10-25 17:31:00,3.958823529411765
79341,WILLOW BRANCH LIGHTS.,673,4061.17,68,18,2,6.75,2009-12-07 09:42:00,2010-04-20 10:35:00,9.897058823529411
21457,2 PICTURE BOOK EGGS EASTER DUCKS,673,701.0,64,27,4,1.25,2010-01-12 16:02:00,2011-11-09 15:09:00,10.515625
21618,4 WILDFLOWER BOTANICAL CANDLES,672,1726.24,135,63,4,3.29,2009-12-08 16:20:00,2011-11-14 17:40:00,4.977777777777778
22290,STANDING METAL RABBIT WITH EGG,670,1223.02,78,15,1,2.1,2009-12-09 13:16:00,2010-03-31 17:13:00,8.58974358974359
21815,STAR  T-LIGHT HOLDER,670,1044.01,89,35,6,1.45,2009-12-07 11:05:00,2011-11-23 12:58:00,7.52808988764045
22270,HAPPY EASTER HANGING DECORATION,669,2578.67,152,56,8,3.75,2009-12-10 11:55:00,2011-11-22 17:21:00,4.401315789473684
21741,COSY SLIPPER SHOES LARGE GREEN,668,2174.7700000000004,179,62,8,2.95,2009-12-07 15:42:00,2011-11-16 12:08:00,3.7318435754189943
20764,ABSTRACT CIRCLES SKETCHBOOK,668,2059.56,186,77,6,3.75,2009-12-07 18:02:00,2011-12-02 16:07:00,3.5913978494623655
21468,BUTTERFLY CROCHET FOOD COVER,668,2357.64,141,75,3,3.75,2009-12-18 11:18:00,2011-11-29 13:06:00,4.73758865248227
72800A,S/4 BLACK DINNER CANDLE SILVER FLOC,667,720.1700000000001,41,18,2,2.55,2009-12-07 17:56:00,2010-05-16 12:51:00,16.26829268292683
21548,CERAMIC BIRDHOUSE FINCH BLUE ROOF,665,1716.7,101,37,5,2.95,2009-12-07 15:26:00,2010-11-01 15:14:00,6.584158415841584
84926A,WAKE UP COCKEREL TILE COASTER,664,293.08,51,35,3,1.25,2010-03-03 12:34:00,2011-12-01 12:36:00,13.019607843137255
84469,ROSE DES PADDED FLOOR CUSHION,663,2242.46,43,12,4,2.95,2009-12-11 15:40:00,2010-03-24 10:30:00,15.418604651162791
16202A,PASTEL PINK PHOTO ALBUM,661,278.32,20,17,3,5.55,2009-12-17 12:34:00,2011-04-17 13:43:00,33.05
35915C,PEACH KNITTED HEN,661,789.89,81,29,4,0.83,2009-12-18 10:59:00,2011-04-18 15:16:00,8.160493827160494
20747,PICCADILLY TEA SET,660,8865.63,96,20,4,14.95,2009-12-07 14:58:00,2010-05-16 12:07:00,6.875
22168,ORGANISER WOOD ANTIQUE WHITE,659,5475.93,312,66,10,8.5,2009-12-08 11:44:00,2011-04-12 11:58:00,2.1121794871794872
85159B,"WHITE TEA,COFFEE,SUGAR JARS",658,1490.5,87,59,9,1.95,2010-01-13 17:51:00,2011-11-30 17:22:00,7.563218390804598
21821,GLITTER STAR GARLAND WITH BELLS,658,2632.46,140,38,4,3.75,2009-12-07 15:28:00,2011-11-29 16:16:00,4.7
84976,RECTANGULAR SHAPED MIRROR,658,707.62,53,37,6,1.69,2009-12-09 09:51:00,2011-12-02 16:39:00,12.415094339622641
23055,IVORY CHANDELIER T-LIGHT HOLDER,657,1395.18,38,21,4,6.25,2011-04-19 14:56:00,2011-11-18 11:35:00,17.289473684210527
22220,CAKE STAND LOVEBIRD 2 TIER WHITE,657,6520.839999999999,248,87,10,9.95,2009-12-07 11:46:00,2011-12-04 12:14:00,2.649193548387097
72487,ROSES WHITE ROUND CANDLE,657,261.59,8,2,1,0.935,2009-12-10 14:44:00,2009-12-14 18:37:00,82.125
20931,BLUE POT PLANT CANDLE,656,2198.19,151,71,6,3.75,2009-12-07 16:40:00,2011-12-02 16:39:00,4.344370860927152
22324,BLUE POLKADOT KIDS BAG,655,1751.1699999999998,146,70,6,4.13,2010-01-07 12:34:00,2011-12-02 16:39:00,4.486301369863014
37482P,CUBIC MUG PINK POLKADOT,654,858.36,80,34,5,2.55,2009-12-13 11:02:00,2011-04-13 11:48:00,8.175
85130C,BEADED CRYSTAL HEART BLUE  LARGE,654,733.9399999999999,66,44,3,0.79,2010-01-05 13:23:00,2011-12-02 12:52:00,9.909090909090908
22763,KEY CABINET MA CAMPAGNE,653,5311.01,130,54,6,9.95,2010-10-10 14:17:00,2011-12-02 17:12:00,5.023076923076923
22308,TEA COSY BLUE STRIPE,651,1981.34,197,86,8,4.96,2009-12-07 17:56:00,2011-12-02 16:39:00,3.3045685279187818
22939,APRON APPLE DELIGHT,650,3290.04,180,54,11,4.95,2010-09-26 16:06:00,2011-11-29 17:52:00,3.611111111111111
84800L,LARGE WHITE/PINK ROSE ART FLOWER,650,970.7900000000001,38,31,4,2.12,2010-01-19 13:09:00,2011-06-03 17:07:00,17.105263157894736
23052,RECYCLED ACAPULCO MAT TURQUOISE,648,5849.5599999999995,276,40,15,8.25,2011-03-04 13:58:00,2011-12-02 14:16:00,2.347826086956522
72819,CUPID DESIGN SCENTED CANDLES,647,1103.54,84,56,7,2.55,2009-12-16 17:01:00,2011-12-04 15:28:00,7.7023809523809526
21814,HEART T-LIGHT HOLDER,646,981.7299999999999,93,41,4,1.45,2009-12-07 18:02:00,2011-11-29 11:23:00,6.946236559139785
20889,JARDIN DE FEMME SCENTED CANDLE,646,362.5,10,8,3,1.9000000000000001,2009-12-17 09:09:00,2010-03-26 14:29:00,64.6
10123C,HEARTS WRAPPING TAPE,646,249.86,61,34,5,0.65,2009-12-07 18:02:00,2011-03-31 13:14:00,10.59016393442623
84625D,WHITE NEWBAROQUE CANDLESTICK CANDLE,646,781.54,50,25,4,2.95,2009-12-11 10:54:00,2010-11-17 13:53:00,12.92
23396,LE JARDIN BOTANIQUE CUSHION COVER,644,2691.91,191,14,7,3.75,2011-09-04 12:07:00,2011-12-04 14:55:00,3.3717277486910993
72728,ROSE SCENT CANDLES IN GLASS,643,523.15,54,23,3,0.85,2009-12-10 18:27:00,2010-08-04 14:41:00,11.907407407407407
85035A,GARDENIA 3 WICK MORRIS BOXED CANDLE,643,2332.15,176,66,8,4.25,2009-12-07 10:51:00,2011-10-26 16:43:00,3.653409090909091
23473,WOODLAND SMALL RED FELT HEART,642,522.14,49,7,8,0.83,2011-10-20 12:24:00,2011-12-04 13:55:00,13.10204081632653
84985A,SET OF 72 GREEN PAPER DOILIES,642,1015.2299999999999,152,59,8,1.45,2009-12-08 07:43:00,2011-03-01 17:28:00,4.223684210526316
37461,FUNKY MONKEY MUG,641,689.4699999999999,91,43,1,1.25,2009-12-07 15:15:00,2010-12-05 15:12:00,7.043956043956044
21781,MA CAMPAGNE CUTLERY BOX,641,9870.1,354,81,8,14.95,2009-12-08 15:12:00,2011-07-10 16:18:00,1.810734463276836
84520D,PACK OF 20 FAIRY CAKE PAPER NAPKINS,641,587.62,83,10,4,0.85,2009-12-07 11:47:00,2010-02-26 11:59:00,7.72289156626506
21220,SET/4 BADGES DOGS,641,847.37,148,71,7,1.25,2009-12-07 15:42:00,2011-11-30 11:48:00,4.331081081081081
47502,POLKADOT CUTLERY 24 PCS IN TRAY,640,6855.75,79,31,5,12.75,2009-12-09 09:42:00,2010-09-13 12:26:00,8.10126582278481
23392,SPACEBOY ROCKET LOLLY MAKERS,640,1390.32,105,13,10,2.08,2011-09-06 10:42:00,2011-12-02 16:39:00,6.095238095238095
82607A,GLASS BONBON JAR PARFUME AUX FLEURE,638,891.15,154,40,2,1.25,2009-12-15 15:18:00,2010-10-12 11:34:00,4.142857142857143
22891,TEA FOR ONE POLKADOT,634,3028.88,223,54,7,4.25,2010-10-15 08:41:00,2011-12-02 12:13:00,2.8430493273542603
84968C,SET OF 16 VINTAGE PISTACHIO CUTLERY,632,7565.5,189,75,8,12.75,2009-12-10 20:22:00,2011-11-23 12:05:00,3.3439153439153437
21849,SILVER DIAMANTE PEN IN GIFT BOX,632,1478.56,133,60,2,4.21,2009-12-07 17:56:00,2011-12-04 14:45:00,4.7518796992481205
23498,CLASSIC BICYCLE CLIPS,632,906.3199999999999,60,2,2,1.45,2011-11-25 10:58:00,2011-12-04 14:55:00,10.533333333333333
72800D,4 BLUE DINNER CANDLES SILVER FLOCK,630,1017.66,85,55,3,2.55,2009-12-07 13:24:00,2011-11-28 13:37:00,7.411764705882353
23529,WALL ART DOLLY GIRL,630,1982.0300000000002,35,9,3,3.75,2011-10-03 12:48:00,2011-11-29 16:47:00,18.0
20615,BLUE POLKADOT PASSPORT COVER,628,1042.83,188,78,4,2.1,2009-12-07 14:58:00,2011-11-30 15:33:00,3.3404255319148937
22853,CAT BOWL VINTAGE CREAM,628,2140.18,142,53,8,3.25,2010-10-15 11:47:00,2011-12-04 11:56:00,4.422535211267606
22323,PINK POLKADOT KIDS BAG,625,1628.37,112,42,6,1.95,2009-12-16 11:57:00,2011-01-12 13:19:00,5.580357142857143
21695,SMALL SILVER FLOWER CANDLE POT,625,1934.5900000000001,100,59,3,2.95,2009-12-14 10:27:00,2011-11-30 09:53:00,6.25
35965,FOLKART HEART NAPKIN RINGS,625,1402.5600000000002,171,71,4,2.95,2009-12-07 18:02:00,2011-11-15 17:00:00,3.654970760233918
79190D,RETRO PLASTIC DAISY TRAY,623,289.02,109,69,4,0.42,2009-12-14 14:35:00,2011-12-02 16:07:00,5.715596330275229
35646,VINTAGE BEAD PINK EVENING BAG,623,985.96,96,37,3,2.46,2009-12-23 13:36:00,2011-12-02 16:39:00,6.489583333333333
21851,LILAC DIAMANTE PEN IN GIFT BOX,622,1441.17,145,59,2,4.21,2009-12-08 12:34:00,2011-11-29 16:33:00,4.289655172413793
21613,S/12 VANILLA  BOTANICAL T-LIGHTS,621,1829.0000000000002,142,71,5,2.95,2009-12-07 15:28:00,2011-10-27 13:33:00,4.373239436619718
85019A,ROMANTIC IMAGES NOTEBOOK SET,621,882.54,47,40,1,1.25,2010-01-05 15:55:00,2011-11-21 15:10:00,13.212765957446809
22496,SET OF 2 ROUND TINS DUTCH CHEESE,620,1908.4,184,79,13,2.95,2010-01-29 13:46:00,2011-11-30 14:00:00,3.369565217391304
21946,PARTY TIME DESIGN FLANNEL,619,355.39,65,40,6,0.85,2009-12-07 17:56:00,2011-11-28 11:18:00,9.523076923076923
21379,CAMPHOR WOOD PORTOBELLO MUSHROOM,618,687.24,118,67,2,2.46,2009-12-07 17:56:00,2011-12-04 10:10:00,5.237288135593221
85180A,RED HEARTS LIGHT CHAIN,616,1571.49,95,35,3,4.65,2009-12-09 11:52:00,2011-11-24 12:48:00,6.484210526315789
23564,EGG CUP MILKMAID INGRID,615,791.75,65,8,5,1.25,2011-10-13 13:50:00,2011-12-02 16:39:00,9.461538461538462
85036A,GARDENIA 1 WICK MORRIS BOXED CANDLE,615,2372.21,162,79,3,4.25,2009-12-07 14:52:00,2011-10-31 14:41:00,3.7962962962962963
22408,MONEY BOX CONFECTIONERY DESIGN,614,784.63,92,52,7,1.25,2010-03-26 13:46:00,2011-11-30 09:53:00,6.673913043478261
21373,MIRRORED WALL ART SNOWFLAKES,614,526.99,58,29,4,0.75,2009-12-07 18:02:00,2011-12-02 09:19:00,10.586206896551724
21222,SET/4 BADGES BEETLES,614,788.64,127,67,7,1.25,2009-12-07 13:59:00,2011-11-29 16:33:00,4.834645669291339
21408,SPOTTY PINK DUCK DOORSTOP,614,2807.64,224,84,8,4.25,2009-12-07 14:31:00,2011-12-04 15:28:00,2.7410714285714284
23536,WALL ART VILLAGE SHOW,612,3345.81,80,9,5,5.95,2011-10-03 13:49:00,2011-12-04 14:55:00,7.65
22860,EASTER TIN CHICKS PINK DAISY,612,1060.85,111,22,10,1.65,2010-10-05 09:43:00,2011-11-18 14:50:00,5.513513513513513
84509B,SET OF 4 FAIRY CAKE PLACEMATS,611,2302.11,185,85,12,3.75,2009-12-07 10:51:00,2011-11-27 15:44:00,3.3027027027027027
72800C,4 PINK DINNER CANDLE SILVER FLOCK,611,886.13,73,48,3,2.55,2009-12-07 15:26:00,2011-11-30 10:54:00,8.36986301369863
23403,LETTER HOLDER HOME SWEET HOME,609,2118.14,127,13,3,3.75,2011-09-05 12:00:00,2011-12-04 15:13:00,4.7952755905511815
21205,MULTICOLOUR 3D BALLS GARLAND,609,1615.57,141,78,5,2.55,2009-12-07 13:48:00,2011-12-02 14:30:00,4.319148936170213
84913A,SOFT PINK ROSE TOWEL,608,2211.54,266,76,6,3.36,2009-12-09 09:42:00,2011-11-07 16:16:00,2.2857142857142856
84750B,BLACK SMALL GLASS CAKE STAND,607,1135.77,76,39,2,1.95,2009-12-09 09:42:00,2011-04-19 14:49:00,7.9868421052631575
22056,CERAMIC PLATE LOVE HEART DESIGN,607,656.87,34,18,3,1.49,2009-12-08 12:38:00,2010-07-27 15:45:00,17.852941176470587
85162A,SILVER RETRODISC LAMPSHADE,606,1224.32,19,12,2,1.95,2009-12-07 16:28:00,2010-06-08 12:53:00,31.894736842105264
84684,BEACH HUT PHOTO FRAME,606,713.05,38,18,3,2.55,2009-12-14 16:11:00,2010-06-04 15:50:00,15.947368421052632
22137,BATHROOM SET LOVE HEART DESIGN,606,1508.28,43,32,6,2.95,2009-12-14 18:03:00,2011-08-11 11:45:00,14.093023255813954
20890,SMALL GLASS ROSE SCENTED CANDLE,605,202.62,4,4,1,2.025,2010-01-21 14:30:00,2010-04-19 10:36:00,151.25
22701,PINK DOG BOWL,605,1233.54,143,57,4,2.95,2010-06-22 16:28:00,2011-12-04 15:19:00,4.230769230769231
20839,FRENCH PAISLEY CUSHION COVER,604,966.62,112,46,5,2.95,2009-12-07 18:02:00,2011-12-01 14:50:00,5.392857142857143
84934,ASSTD DESIGN POP ART SLIM PEN,603,515.1,10,9,3,0.85,2009-12-09 11:01:00,2010-04-09 10:30:00,60.3
10134,COLOURING PENCILS BROWN TUBE,602,692.38,49,28,4,1.25,2009-12-07 12:19:00,2010-11-12 13:43:00,12.285714285714286
85065,CREAM SWEETHEART TRAYS,602,7322.94,249,45,5,12.75,2009-12-07 09:42:00,2010-10-29 09:57:00,2.4176706827309236
23252,VINTAGE RED ENAMEL TRIM JUG,601,2254.11,136,26,8,3.75,2011-06-12 12:00:00,2011-12-02 13:28:00,4.419117647058823
84796B,BLUE SAVANNAH PICNIC HAMPER FOR 2,600,4999.79,180,48,6,8.29,2010-03-05 10:05:00,2011-11-08 09:29:00,3.3333333333333335
22389,PAPERWEIGHT SAVE THE PLANET,600,1213.48,83,51,6,2.55,2010-03-30 12:27:00,2011-12-02 16:39:00,7.228915662650603
22393,PAPERWEIGHT VINTAGE COLLAGE,600,1354.3999999999999,107,60,6,2.55,2010-03-26 13:46:00,2011-12-04 15:28:00,5.607476635514018
22843,BISCUIT TIN VINTAGE GREEN,594,3845.2200000000003,176,53,9,6.75,2010-10-15 08:41:00,2011-11-30 08:43:00,3.375
22372,AIRLINE BAG VINTAGE WORLD CHAMPION,593,3018.6,281,84,14,4.25,2010-02-11 11:24:00,2011-12-02 12:59:00,2.110320284697509
79302M,"ART LIGHTS,FUNK MONKEY",593,1690.73,102,61,4,2.95,2009-12-08 15:49:00,2011-11-28 15:31:00,5.813725490196078
72755C,FLOWER FAIRY OIL BURNER SET ROSE,592,767.0,14,8,2,1.25,2009-12-22 12:01:00,2010-03-26 14:29:00,42.285714285714285
85036B,CHOCOLATE 1 WICK MORRIS BOX CANDLE,591,1500.4099999999999,84,42,5,3.81,2009-12-07 14:58:00,2011-11-17 15:16:00,7.035714285714286
17165D,ASS COL LARGE SAND FROG P'WEIGHT,590,571.62,85,42,2,1.05,2009-12-13 12:19:00,2011-01-12 15:22:00,6.9411764705882355
22259,FELT FARM ANIMAL HEN,590,482.95,72,26,2,1.25,2010-01-24 15:14:00,2011-04-26 13:05:00,8.194444444444445
21251,DINOSAUR HEIGHT CHART STICKER SET,590,1663.0000000000002,128,70,11,2.95,2009-12-07 13:35:00,2011-11-30 15:13:00,4.609375
21943,CAKES AND RABBITS DESIGN FLANNEL,589,525.9,147,65,7,0.85,2009-12-07 18:02:00,2011-11-25 15:23:00,4.006802721088436
22934,BAKING MOULD EASTER EGG WHITE CHOC,589,1707.47,78,25,7,2.95,2010-12-10 09:35:00,2011-11-11 13:06:00,7.551282051282051
21262,WHITE GOOSE FEATHER CHRISTMAS TREE,589,2287.8700000000003,126,46,7,2.95,2009-12-10 09:49:00,2011-12-04 15:13:00,4.674603174603175
72799A,BLACK PILLAR CANDLE SILVER FLOCK,588,816.6,17,11,1,2.95,2009-12-09 10:48:00,2010-08-04 12:39:00,34.588235294117645
22320,BIRDS MOBILE VINTAGE DESIGN,588,3479.34,174,79,19,5.95,2009-12-16 12:17:00,2011-12-02 13:11:00,3.3793103448275863
84659A,WHITE TRAVEL ALARM CLOCK,587,1464.34,223,71,4,2.51,2009-12-11 12:31:00,2011-11-21 10:35:00,2.632286995515695
82616B,FRAPPUCINO SCARF KNITTING KIT,587,924.6,119,53,3,2.46,2009-12-07 12:26:00,2011-12-02 16:39:00,4.932773109243698
21065,BOOM BOX SPEAKER GIRLS,586,1373.78,106,52,3,4.255,2009-12-07 13:59:00,2011-12-02 16:39:00,5.528301886792453
84637,KITCHEN FLOWER POTS WALL PLAQUE,585,1454.49,114,52,6,4.96,2009-12-14 18:37:00,2011-09-23 14:49:00,5.131578947368421
20771,CHRYSANTHEMUM  JOURNAL,585,1148.1299999999999,136,65,5,2.55,2009-12-07 17:56:00,2011-11-30 17:37:00,4.301470588235294
22471,TV DINNER TRAY AIR HOSTESS,583,2465.28,170,69,13,4.95,2010-03-11 10:26:00,2011-12-04 15:47:00,3.429411764705882
21708,FOLDING UMBRELLA CREAM POLKADOT,583,2187.4300000000003,122,63,7,4.95,2009-12-09 09:51:00,2011-11-28 11:00:00,4.778688524590164
85086A,CANDY SPOT HEART DECORATION,583,561.93,150,55,4,0.85,2009-12-07 17:56:00,2011-08-12 16:30:00,3.8866666666666667
82616C,MIDNIGHT GLAMOUR SCARF KNITTING KIT,582,929.65,129,54,2,2.46,2009-12-07 17:56:00,2011-12-02 16:39:00,4.511627906976744
23398,HANGING HEART BONHEUR,582,512.49,63,14,5,0.85,2011-09-04 14:08:00,2011-12-04 11:24:00,9.238095238095237
22375,AIRLINE BAG VINTAGE JET SET BROWN,581,2914.88,278,89,9,4.25,2010-02-14 12:22:00,2011-12-02 16:39:00,2.0899280575539567
23091,ZINC HERB GARDEN CONTAINER,580,3656.32,209,27,4,6.25,2011-05-11 09:28:00,2011-11-10 18:04:00,2.77511961722488
85185B,PINK HORSE SOCK PUPPET,580,1792.7500000000002,176,79,5,2.95,2009-12-07 13:59:00,2011-11-30 17:37:00,3.2954545454545454
22822,CREAM WALL PLANTER HEART SHAPED,578,3342.9900000000002,180,49,5,5.95,2010-11-07 12:21:00,2011-11-29 16:47:00,3.2111111111111112
22183,CAKE STAND VICTORIAN FILIGREE MED,578,3229.01,206,60,3,5.91,2009-12-09 09:44:00,2011-11-13 12:19:00,2.8058252427184467
90058A,CRYSTAL STUD EARRINGS CLEAR DISPLAY,576,218.88,13,11,1,0.38,2009-12-10 14:13:00,2011-11-14 12:07:00,44.30769230769231
22839,3 TIER CAKE TIN GREEN AND CREAM,575,8868.789999999999,256,59,10,14.95,2010-10-14 14:11:00,2011-12-01 19:42:00,2.24609375
23559,WOODLAND BUNNIES LOLLY MAKERS,575,1291.59,110,13,10,2.08,2011-09-08 13:07:00,2011-12-02 16:39:00,5.2272727272727275
23164,REGENCY CAKE SLICE,575,2688.77,89,29,8,4.95,2011-05-03 10:43:00,2011-12-04 15:18:00,6.46067415730337
17012F,ORIGAMI SANDLEWOOD INCENSE/CAND SET,574,665.62,102,48,3,2.46,2010-03-03 11:53:00,2011-12-04 13:45:00,5.627450980392157
20619,TROPICAL PASSPORT COVER,573,999.86,190,80,6,2.1,2009-12-07 14:58:00,2011-12-02 16:39:00,3.0157894736842104
47574A,ENGLISH ROSE SCENTED HANGING FLOWER,573,792.73,129,42,6,2.46,2009-12-09 09:51:00,2011-10-07 15:45:00,4.441860465116279
23048,SET OF 10 LANTERNS FAIRY LIGHT STAR,571,2335.19,96,28,8,4.15,2011-04-28 13:35:00,2011-12-04 12:32:00,5.947916666666667
21804,WHITE CHRISTMAS GARLAND STARS TREES,570,2131.68,133,34,2,3.75,2009-12-08 12:25:00,2011-12-02 11:28:00,4.285714285714286
20684,STRAWBERRY DREAM CHILDS UMBRELLA,570,1873.9,171,67,7,3.25,2009-12-08 13:58:00,2011-07-22 10:52:00,3.3333333333333335
21678,PAISLEY PATTERN  STICKERS,569,418.03999999999996,78,52,6,0.85,2009-12-11 15:37:00,2011-11-25 11:25:00,7.294871794871795
20686,DOLLY MIXTURE CHILDREN'S UMBRELLA,569,1934.59,180,82,7,3.25,2009-12-09 09:42:00,2011-12-01 12:53:00,3.161111111111111
23525,WALL ART BUFFALO BILL,568,1807.6100000000001,49,10,2,3.75,2011-10-02 15:50:00,2011-12-04 11:55:00,11.591836734693878
23124,18PC WOODEN CUTLERY SET DISPOSABLE,567,751.38,43,15,4,1.25,2011-06-17 13:17:00,2011-11-03 15:56:00,13.186046511627907
23515,EMBROIDERED RIBBON REEL DAISY,566,1135.8899999999999,68,11,12,2.08,2011-09-22 14:10:00,2011-12-02 14:30:00,8.323529411764707
22317,FIVE CATS HANGING DECORATION,566,1765.69,162,75,15,2.95,2009-12-07 11:46:00,2011-11-29 11:23:00,3.493827160493827
85025B,EAU DE NILE HEART SHAPE PHOTO FRAME,566,975.5199999999999,92,53,3,1.65,2009-12-07 11:39:00,2011-11-24 09:06:00,6.1521739130434785
22914,BLUE COAT RACK PARIS FASHION,565,2684.23,167,50,14,4.95,2010-11-19 10:58:00,2011-12-01 09:20:00,3.3832335329341316
23511,EMBROIDERED RIBBON REEL EMILY,565,1233.38,93,11,11,2.08,2011-09-22 12:23:00,2011-12-02 16:39:00,6.075268817204301
84678,CLASSICAL ROSE SMALL VASE,565,1108.28,81,47,5,2.55,2009-12-08 13:59:00,2011-03-23 10:15:00,6.9753086419753085
10120,DOGGY RUBBER,564,121.74,70,41,2,0.21,2009-12-08 15:49:00,2011-12-04 13:15:00,8.057142857142857
35647,VINTAGE BEAD PINK SHADE,563,748.24,74,36,1,1.25,2009-12-08 15:49:00,2011-03-11 12:29:00,7.608108108108108
23513,EMBROIDERED RIBBON REEL SUSIE,563,1105.97,68,11,10,2.08,2011-09-22 14:18:00,2011-12-04 12:44:00,8.279411764705882
35915B,BLUE KNITTED HEN,563,713.7299999999999,67,26,5,0.83,2009-12-18 10:59:00,2011-09-23 17:04:00,8.402985074626866
22123,PING MICROWAVE APRON,562,1592.6,152,73,5,4.13,2009-12-10 12:44:00,2011-12-04 15:28:00,3.6973684210526314
20622,VIPPASSPORT COVER,561,1079.26,120,66,6,2.1,2009-12-07 13:59:00,2011-12-02 16:39:00,4.675
21194,PINK  HONEYCOMB PAPER FAN,560,733.25,91,51,8,2.1,2009-12-14 18:03:00,2011-12-01 19:24:00,6.153846153846154
84760L,LARGE HANGING GLASS+ZINC LANTERN,560,896.0,1,1,1,1.6,2010-05-04 13:59:00,2010-05-04 13:59:00,560.0
22894,TABLECLOTH RED APPLES DESIGN,559,5140.88,191,54,10,9.95,2010-09-24 16:50:00,2011-11-28 14:06:00,2.926701570680628
84951A,SET OF 4 PISTACHIO LOVEBIRD COASTER,558,763.8299999999999,131,58,2,1.66,2009-12-07 17:56:00,2011-11-30 15:13:00,4.259541984732825
35818P,"ACRYLIC JEWEL ICICLE, PINK",557,241.39,24,18,2,0.38,2010-05-14 12:00:00,2011-11-30 10:45:00,23.208333333333332
84569A,PACK 3 IRON ON DOG PATCHES,557,691.11,107,59,10,1.25,2009-12-08 12:38:00,2011-11-24 09:26:00,5.205607476635514
35981C,WHITE SNOW SCANDINAVIAN STOCKING,557,252.34,60,20,1,0.38,2009-12-08 11:46:00,2010-10-17 16:17:00,9.283333333333333
21361,LOVE LARGE WOOD LETTERS,556,7361.74,286,67,7,12.75,2010-02-11 12:31:00,2011-07-22 17:21:00,1.944055944055944
72122,COFFEE SCENT PILLAR CANDLE,555,553.65,112,62,2,0.95,2009-12-13 11:32:00,2011-12-01 16:22:00,4.955357142857143
23152,IVORY SWEETHEART WIRE LETTER RACK,554,2080.65,159,33,4,3.75,2011-04-20 11:19:00,2011-12-04 12:52:00,3.4842767295597485
20893,HANGING BAUBLE T-LIGHT HOLDER SMALL,554,1295.8400000000001,74,47,3,2.55,2009-12-22 14:31:00,2011-12-04 12:13:00,7.486486486486487
35607A,PINK FLUFFY CHRISTMAS DECORATION,554,118.43,31,20,4,0.19,2009-12-11 12:31:00,2011-01-18 17:34:00,17.870967741935484
21682,LARGE MEDINA STAMPED METAL BOWL,553,2737.8900000000003,150,80,7,4.95,2009-12-11 12:55:00,2011-12-04 13:00:00,3.6866666666666665
35637A,IVORY STRING CURTAIN WITH POLE,551,1445.05,53,35,4,5.95,2009-12-13 15:16:00,2011-11-27 13:49:00,10.39622641509434
23026,DRAWER KNOB VINTAGE GLASS STAR,550,1186.48,61,24,5,2.08,2011-06-16 17:08:00,2011-11-28 15:54:00,9.01639344262295
72132,COLUMBIAN CUBE CANDLE,549,462.15,28,20,2,1.95,2009-12-21 12:20:00,2011-11-27 14:30:00,19.607142857142858
84313C,ORANGE TV TRAY TABLE,548,1442.3899999999999,73,44,2,4.25,2010-01-11 09:34:00,2011-06-02 09:38:00,7.506849315068493
22282,12 EGG HOUSE PAINTED WOOD,548,7126.7300000000005,210,87,9,12.75,2009-12-07 18:02:00,2011-11-28 14:06:00,2.6095238095238096
23695,DOILY THANK YOU CARD,547,235.26,45,4,4,0.42,2011-11-09 14:11:00,2011-12-04 13:59:00,12.155555555555555
84535A,ENGLISH ROSE NOTEBOOK A6 SIZE,547,301.84000000000003,56,18,1,0.65,2009-12-07 17:56:00,2011-05-08 13:32:00,9.767857142857142
22852,DOG BOWL VINTAGE CREAM,547,2382.53,154,54,9,4.25,2010-10-15 11:47:00,2011-12-04 11:56:00,3.551948051948052
20798,CLEAR MILKSHAKE GLASS,547,1290.95,81,41,4,2.1,2009-12-07 18:02:00,2011-01-25 13:38:00,6.753086419753086
72801D,S/4 SKY BLUE DINNER CANDLES,547,438.67,58,40,2,1.25,2009-12-15 12:03:00,2011-11-25 16:14:00,9.431034482758621
21549,CERAMIC BIRDHOUSE RED ROOF SMALL,544,1261.54,48,16,3,2.95,2009-12-07 12:08:00,2010-04-13 13:21:00,11.333333333333334
23418,LAVENDER TOILETTE BOTTLE,542,1132.75,75,13,3,2.08,2011-09-11 10:53:00,2011-12-04 14:55:00,7.226666666666667
23003,TRAVEL CARD WALLET VINTAGE ROSE,542,226.2,53,16,3,0.42,2011-02-16 16:56:00,2011-06-12 12:34:00,10.226415094339623
84971L,LARGE HEART FLOWERS HOOK,541,667.19,52,15,2,1.25,2009-12-07 11:46:00,2010-04-07 12:45:00,10.403846153846153
22526,WHEELBARROW FOR CHILDREN,541,6614.79,205,73,6,12.75,2010-03-26 13:05:00,2011-12-01 12:25:00,2.6390243902439026
79328,BLUE FLOCK GLASS CANDLEHOLDER,541,234.27,14,12,2,0.38,2009-12-11 10:37:00,2010-07-26 14:36:00,38.642857142857146
21694,SMALL REGAL  SILVER CANDLEPOT,541,1545.8200000000002,66,45,2,2.95,2009-12-07 11:05:00,2011-11-20 11:37:00,8.196969696969697
21349,IVY HEART WREATH,540,3894.5,163,29,9,6.75,2009-12-07 18:02:00,2011-11-01 15:55:00,3.312883435582822
84951B,SET OF 4 BLACK LOVEBIRD COASTERS,540,782.98,118,49,2,1.66,2009-12-10 09:49:00,2011-12-04 15:19:00,4.576271186440678
22125,UNION JACK HOT WATER BOTTLE,539,3378.3900000000003,153,16,3,5.95,2009-12-07 13:07:00,2011-11-23 13:53:00,3.522875816993464
85170C,SET/6 EAU DE NIL BIRD T-LIGHTS,539,980.57,104,58,4,2.46,2009-12-14 18:37:00,2011-11-29 17:52:00,5.1826923076923075
84526,GIANT BLACK SUNGLASSES,536,1499.7399999999998,33,24,1,1.95,2009-12-11 14:39:00,2010-11-18 12:14:00,16.242424242424242
21895,POTTING SHED SOW 'N' GROW SET,535,1629.23,80,35,3,4.25,2009-12-13 13:03:00,2010-12-09 16:31:00,6.6875
84683,CLASSICAL ROSE CANDLESTAND,533,506.57,45,32,3,1.25,2009-12-10 14:44:00,2011-05-03 13:52:00,11.844444444444445
85039C,S/4 BLACK MINI ROSE CANDLE IN BOWL,533,507.82,111,60,1,1.65,2009-12-18 17:06:00,2011-12-02 16:39:00,4.801801801801802
22446,PIN CUSHION BABUSHKA PINK,532,1580.97,174,56,10,2.51,2010-03-18 14:09:00,2011-12-04 15:28:00,3.057471264367816
21378,SMALL TALL CAMPHOR WOOD TOADSTOOL,531,703.16,82,52,2,1.65,2009-12-07 17:56:00,2011-12-04 10:10:00,6.475609756097561
21580,RABBIT  DESIGN  COTTON TOTE BAG,530,1297.0,166,65,7,2.25,2009-12-09 09:51:00,2011-11-30 15:31:00,3.1927710843373496
84993B,75 BLACK PETIT FOUR CASES,530,234.84,83,45,3,0.42,2009-12-10 10:29:00,2011-08-08 13:46:00,6.385542168674699
72755D,FLOWER FAIRY OIL BURNER SET SUMMER,529,676.25,12,7,2,1.25,2009-12-07 13:48:00,2010-03-26 14:29:00,44.083333333333336
22513,DOORSTOP FOOTBALL DESIGN,529,1817.11,158,64,6,3.75,2010-03-14 12:05:00,2011-12-04 15:19:00,3.348101265822785
84968A,SET OF 16 VINTAGE ROSE CUTLERY,528,6512.04,203,80,7,12.75,2009-12-10 09:49:00,2011-12-04 15:13:00,2.600985221674877
35824B,"HANGING FLOWERS+MIRROR,BLUE",528,203.24,6,5,2,0.38,2009-12-10 08:29:00,2010-05-14 12:00:00,88.0
21056,DOCTOR'S BAG SOFT TOY,528,4755.42,189,78,12,8.95,2009-12-09 13:11:00,2011-12-04 13:32:00,2.7936507936507935
21464,DISCO BALL ROTATOR BATTERY OPERATED,527,2235.75,212,89,6,4.25,2009-12-08 13:28:00,2011-12-01 14:38:00,2.4858490566037736
23543,WALL ART KEEP CALM,527,4060.21,98,9,7,8.25,2011-10-03 11:26:00,2011-12-04 12:52:00,5.377551020408164
22376,AIRLINE BAG VINTAGE JET SET WHITE,525,2611.14,243,84,10,4.25,2010-02-14 12:22:00,2011-12-04 13:45:00,2.1604938271604937
22990,COTTON APRON PANTRY DESIGN,524,2572.2000000000003,151,44,10,4.95,2011-02-06 14:33:00,2011-11-30 15:13:00,3.4701986754966887
16256B,FLOWER PENCIL/RUBBER+5 MINI PENCILS,523,231.52,34,21,2,0.42,2009-12-07 13:24:00,2010-06-10 18:50:00,15.382352941176471
23216,LAUREL HEART ANTIQUE GOLD,523,627.02,42,20,2,1.25,2011-06-02 09:37:00,2011-12-02 14:26:00,12.452380952380953
23112,PARISIENNE CURIO CABINET,522,4277.6,232,30,12,7.5,2011-05-11 12:47:00,2011-12-02 16:39:00,2.25
21221,SET/4 BADGES CUTE CREATURES,522,690.88,103,56,5,1.25,2009-12-07 16:40:00,2011-11-30 15:13:00,5.067961165048544
85169D,PINK LOVE BIRD CANDLE,521,603.98,88,55,5,1.25,2009-12-14 17:57:00,2011-11-29 12:07:00,5.920454545454546
20869,GOLD FABRIC MIRROR,521,290.28000000000003,49,36,4,0.85,2009-12-09 12:57:00,2011-11-28 14:37:00,10.63265306122449
84750A,PINK SMALL GLASS CAKE STAND,520,1133.03,100,23,4,3.08,2009-12-07 17:56:00,2011-03-20 10:13:00,5.2
84912B,GREEN ROSE WASHBAG,518,1842.82,254,81,7,3.36,2009-12-09 12:57:00,2011-12-02 16:39:00,2.0393700787401574
79323GR,GREEN CHERRY LIGHTS,518,3107.7400000000002,78,18,3,6.75,2009-12-08 13:08:00,2010-04-20 13:43:00,6.641025641025641
22214,CANDLE PLATE LACE WHITE,517,1239.78,88,50,7,2.55,2009-12-13 15:16:00,2011-11-16 15:16:00,5.875
37330,SPOTS MUG,517,927.4599999999999,28,20,2,1.95,2010-01-11 09:38:00,2011-03-22 12:25:00,18.464285714285715
20766,GARDEN PATH SKETCHBOOK,516,1540.97,153,70,5,3.75,2009-12-08 15:25:00,2011-12-04 15:00:00,3.372549019607843
35962,12 ASS ZINC CHRISTMAS DECORATIONS,515,1197.7800000000002,78,23,2,2.1,2009-12-07 11:40:00,2010-10-20 14:42:00,6.602564102564102
21026,SPACE OWL,515,669.28,118,50,7,1.25,2009-12-07 18:02:00,2011-12-02 16:39:00,4.364406779661017
84199,GLOW IN DARK DOLPHINS,514,112.67999999999999,63,37,5,0.21,2009-12-14 14:35:00,2011-12-01 12:53:00,8.158730158730158
23490,T-LIGHT HOLDER HANGING LOVE BIRD,512,1916.56,95,8,3,3.75,2011-10-14 12:33:00,2011-12-04 13:15:00,5.389473684210526
21283,NATURAL BARK CANDLE SMALL,511,1622.29,80,41,5,3.25,2009-12-09 09:42:00,2010-11-24 10:03:00,6.3875
22204,MILK PAN BLUE POLKADOT,509,1921.79,162,70,11,3.75,2009-12-14 17:57:00,2011-12-04 15:19:00,3.1419753086419755
22058,CERAMIC LOVE HEARTS DESIGN MUG,508,775.9,99,34,3,1.49,2009-12-08 15:49:00,2010-11-21 15:24:00,5.1313131313131315
21319,GLASS CHALICE GREEN  SMALL,508,743.6099999999999,65,42,4,1.65,2009-12-07 13:35:00,2011-04-10 13:36:00,7.815384615384615
22281,EASTER TREE YELLOW BIRDS,508,3268.01,147,38,7,5.95,2009-12-07 18:02:00,2011-11-02 12:46:00,3.45578231292517
85214,TUB 24 PINK FLOWER PEGS,507,874.68,165,63,2,1.65,2010-01-11 09:35:00,2011-08-10 16:19:00,3.0727272727272728
47504F,ENGLISH ROSE TORCH,507,163.45999999999998,9,3,2,1.65,2009-12-07 11:39:00,2010-02-15 11:57:00,56.333333333333336
22106,MIRROR MOSAIC HURRICANE LAMP,504,1565.18,77,50,3,5.06,2010-01-15 12:38:00,2011-12-01 16:22:00,6.545454545454546
84997b,CHILDRENS CUTLERY RETROSPOT RED,504,4239.67,81,51,1,8.29,2010-06-24 11:40:00,2011-11-30 14:46:00,6.222222222222222
23092,LARGE ANTIQUE WHITE PHOTO FRAME,503,3599.0,131,28,5,7.9,2011-05-16 10:43:00,2011-12-04 11:56:00,3.8396946564885495
20933,YELLOW POT PLANT CANDLE,502,1310.98,50,30,2,3.75,2009-12-11 15:40:00,2011-11-30 14:00:00,10.04
82615,PINK MARSHMALLOW SCARF KNITTING KIT,502,1384.08,80,32,4,2.95,2009-12-07 12:26:00,2010-12-01 16:11:00,6.275
85169C,EAU DE NIL LOVE BIRD CANDLE,501,560.61,68,45,4,1.25,2009-12-08 15:12:00,2011-11-28 11:18:00,7.367647058823529
21698,MOCK LOBSTER FRIDGE MAGNET,501,387.7,109,62,4,1.63,2009-12-08 17:24:00,2011-11-30 15:13:00,4.5963302752293576
84673B,BLUE FLY SWAT,501,388.38,131,66,4,0.65,2009-12-07 18:02:00,2011-11-28 15:54:00,3.8244274809160306
84581,DOG TOY WITH PINK CROCHET SKIRT,499,1893.77,231,87,8,3.75,2009-12-08 11:27:00,2011-12-04 15:35:00,2.16017316017316
79338,DARK PINK FLOCK GLASS CANDLEHOLDER,499,224.15,11,7,1,1.65,2009-12-07 17:56:00,2010-03-02 10:37:00,45.36363636363637
20976,12 PENCILS SMALL TUBE POSY,499,343.84000000000003,72,33,3,0.65,2009-12-07 11:39:00,2010-10-04 14:30:00,6.930555555555555
84673A,PINK FLY SWAT,498,312.24,97,46,2,0.65,2009-12-09 09:51:00,2011-11-24 15:02:00,5.134020618556701
21427,SKULLS STORAGE BOX SMALL,498,980.16,116,60,5,2.1,2009-12-07 15:42:00,2011-11-30 09:53:00,4.293103448275862
72780,BLACK SILOUETTE CANDLE PLATE,498,404.58,42,35,3,0.85,2009-12-09 15:28:00,2011-12-02 12:52:00,11.857142857142858
22182,CAKE STAND VICTORIAN FILIGREE SMALL,497,2046.85,166,67,5,4.21,2010-01-11 09:38:00,2011-12-04 15:28:00,2.9939759036144578
72750B,FLOWER FAIRY SET 3 CANDLES LAVENDER,496,1047.2,39,26,3,1.95,2009-12-14 15:51:00,2010-11-11 15:43:00,12.717948717948717
75178,ASSTD COL BUTTERFLY/CRYSTAL W/CHIME,496,272.68,24,19,2,1.25,2010-02-18 13:29:00,2011-10-10 14:25:00,20.666666666666668
20617,FIRST CLASS PASSPORT COVER,495,982.46,102,64,9,2.1,2009-12-07 14:58:00,2011-11-28 13:37:00,4.852941176470588
23512,EMBROIDERED RIBBON REEL ROSIE,495,962.79,53,11,12,2.08,2011-09-22 14:10:00,2011-12-04 12:44:00,9.339622641509434
84927E,FLOWERS TILE HOOK,494,224.31,29,24,3,2.1,2010-02-02 09:39:00,2011-07-18 11:47:00,17.03448275862069
21792,CLASSIC FRENCH STYLE BASKET GREEN,494,2517.88,141,60,2,6.75,2010-01-20 11:57:00,2011-08-03 12:58:00,3.50354609929078
84912A,PINK ROSE WASHBAG,494,1796.44,230,72,7,3.36,2009-12-08 12:33:00,2011-09-22 12:41:00,2.1478260869565218
23050,RECYCLED ACAPULCO MAT GREEN,493,4236.79,202,39,12,8.25,2011-03-04 13:58:00,2011-12-02 16:39:00,2.4405940594059405
22500,SET OF 2 TINS JARDIN DE PROVENCE,493,2538.56,180,81,8,4.95,2010-01-31 12:27:00,2011-12-04 15:00:00,2.738888888888889
85159A,"BLACK TEA,COFFEE,SUGAR JARS",492,1248.98,82,53,4,1.95,2009-12-07 17:56:00,2011-12-04 15:19:00,6.0
85123a,WHITE HANGING HEART T-LIGHT HOLDER,492,3284.8999999999996,95,47,1,6.63,2010-06-08 15:24:00,2011-11-30 14:46:00,5.178947368421053
21768,WALL MOUNTED VINTAGE ORGANISER,491,6650.95,157,30,5,14.95,2009-12-08 15:49:00,2010-11-15 09:32:00,3.127388535031847
17165B,ASS COL LARGE SAND GECKO P'WEIGHT,491,474.33000000000004,54,29,1,1.05,2009-12-16 12:06:00,2010-10-10 11:41:00,9.092592592592593
21377,SMALL CAMPHOR WOOD FIELD  MUSHROOM,491,717.27,92,60,3,3.29,2009-12-07 17:56:00,2011-12-04 10:11:00,5.336956521739131
71028B,SILVER BLUE EGG T-LIGHT HOLDER,490,220.88000000000002,11,5,1,1.65,2009-12-07 17:56:00,2010-01-17 11:55:00,44.54545454545455
21425,SKULLS STORAGE BOX LARGE,490,1230.68,91,54,1,2.95,2009-12-07 17:56:00,2011-11-30 14:11:00,5.384615384615385
21692,SILVER LATTICE VANILLA CANDLE POT,489,1857.87,106,47,3,3.75,2009-12-07 11:05:00,2011-02-25 11:56:00,4.613207547169812
21529,RETRO SPOT CERAMIC TOASTRACK,489,1729.19,146,33,5,3.45,2009-12-07 17:56:00,2010-09-13 13:29:00,3.3493150684931505
22925,BLUE GIANT GARDEN THERMOMETER,488,2989.52,191,46,8,5.95,2010-11-22 12:26:00,2011-10-28 12:09:00,2.554973821989529
23007,SPACEBOY BABY GIFT SET,488,7615.369999999999,175,37,13,16.95,2011-03-09 12:37:00,2011-12-04 12:02:00,2.7885714285714287
85067,CREAM SWEETHEART WALL CABINET,488,8050.389999999999,169,50,6,18.95,2009-12-08 10:41:00,2011-01-13 15:18:00,2.8875739644970415
23358,HOT STUFF HOT WATER BOTTLE,488,1795.18,75,15,8,3.75,2011-08-21 15:17:00,2011-12-04 14:51:00,6.506666666666667
82613A,"METAL SIGN,CUPCAKE SINGLE HOOK",487,659.9,113,50,5,1.25,2009-12-08 15:49:00,2011-07-14 13:41:00,4.3097345132743365
37492B,BLUE YELLOW FLOWER PIGGY BANK,486,927.8999999999999,42,26,2,4.65,2009-12-11 13:31:00,2010-10-05 13:01:00,11.571428571428571
22783,SET 3 WICKER OVAL BASKETS W LIDS,482,6316.3,45,19,6,19.95,2010-10-26 08:11:00,2011-06-14 11:28:00,10.71111111111111
23397,FOOT STOOL HOME SWEET HOME,482,4957.93,212,14,7,9.95,2011-09-04 12:24:00,2011-12-02 16:38:00,2.2735849056603774
84797A,PINK HAWAIIAN PICNIC HAMPER FOR 4,481,3361.25,44,9,4,11.02,2010-01-29 17:55:00,2010-06-04 16:13:00,10.931818181818182
85166B,BLACK METAL BAROQUE PHOTO FRAME,480,826.6,37,26,2,3.75,2009-12-09 09:42:00,2010-11-14 14:47:00,12.972972972972974
17014D,ORIGAMI ROSE INCENSE CONES,479,204.36,8,7,2,1.65,2010-01-14 09:41:00,2010-08-20 09:23:00,59.875
85187,S/12 MINI RABBIT EASTER,479,816.4799999999999,109,38,3,1.65,2010-01-13 17:44:00,2011-11-27 13:26:00,4.394495412844036
17012D,ORIGAMI ROSE INCENSE/CANDLE SET,479,607.77,107,49,3,2.46,2010-03-12 11:19:00,2011-12-04 13:45:00,4.4766355140186915
84926F,PSYCHEDELIC TILE COASTER,479,269.83,39,31,2,1.25,2009-12-16 14:59:00,2011-11-30 09:00:00,12.282051282051283
23568,EGG CUP HENRIETTA HEN CREAM,478,618.08,43,8,3,1.25,2011-10-16 16:13:00,2011-12-02 16:39:00,11.116279069767442
23514,EMBROIDERED RIBBON REEL SALLY,478,977.39,74,11,11,2.08,2011-09-22 14:10:00,2011-12-04 12:44:00,6.45945945945946
21223,SET/4 BADGES WOODLAND ANIMAL,478,566.94,39,17,5,1.25,2009-12-07 17:56:00,2010-04-08 11:36:00,12.256410256410257
23452,HEART MINI PORTRAIT FRAME,477,933.0899999999999,78,8,4,1.95,2011-10-14 13:35:00,2011-12-02 12:36:00,6.115384615384615
22788,BROCANTE COAT RACK,476,3942.62,84,32,7,9.95,2010-10-17 09:54:00,2011-06-15 13:05:00,5.666666666666667
15058A,BLUE POLKADOT GARDEN PARASOL,476,3153.73,148,54,8,7.95,2010-01-24 12:12:00,2011-11-23 12:48:00,3.2162162162162162
23528,WALL ART SPACEBOY,475,1474.65,47,9,4,3.75,2011-10-03 11:01:00,2011-12-01 14:38:00,10.106382978723405
22201,FRYING PAN BLUE POLKADOT,471,1937.8600000000001,157,70,9,4.25,2009-12-08 13:41:00,2011-12-04 15:19:00,3.0
21374,MIRRORED WALL ART SKULLS,470,809.67,71,49,4,1.25,2009-12-18 17:15:00,2011-12-01 11:10:00,6.619718309859155
84968D,SET OF 16 VINTAGE RED CUTLERY,470,5356.0,104,45,8,12.75,2009-12-08 13:46:00,2011-12-02 14:26:00,4.519230769230769
21147,JINGLE BELLS TREE DECORATION,470,849.76,114,37,2,2.1,2009-12-23 11:51:00,2011-12-01 16:22:00,4.12280701754386
46776F,WOVEN ROSE GARDEN CUSHION COVER,470,1602.24,151,68,1,4.21,2010-01-04 13:03:00,2011-12-02 16:39:00,3.1125827814569536
84849A,HELLO SAILOR BLUE SOAP HOLDER,470,833.57,103,64,7,1.69,2009-12-08 14:56:00,2011-11-24 15:05:00,4.563106796116505
15058C,ICE CREAM DESIGN GARDEN PARASOL,469,2742.93,121,50,5,7.95,2010-01-24 12:12:00,2011-11-15 16:57:00,3.87603305785124
84856S,SMALL TAHITI BEACH BAG,467,1877.21,33,22,3,4.65,2009-12-14 17:57:00,2011-03-30 12:04:00,14.151515151515152
85031C,CURIOUS IMAGES SCRAP BOOK SET,467,960.34,98,37,3,3.36,2009-12-07 17:56:00,2010-12-16 11:53:00,4.76530612244898
85031A,ROMANTIC IMAGES SCRAP BOOK SET,467,904.58,96,43,3,3.36,2009-12-07 17:56:00,2011-04-13 14:17:00,4.864583333333333
22927,GREEN GIANT GARDEN THERMOMETER,467,2936.94,161,41,6,5.95,2010-11-21 15:56:00,2011-09-29 18:53:00,2.900621118012422
22981,PANTRY APPLE CORER,466,696.88,103,34,7,1.45,2011-03-03 15:02:00,2011-12-02 16:39:00,4.524271844660194
21017,RED BIRD HOUSE TREE DECORATION,464,391.65999999999997,83,23,2,1.28,2009-12-07 18:02:00,2010-11-19 13:07:00,5.590361445783133
85031B,BLOSSOM IMAGES SCRAP BOOK SET,463,835.22,79,38,3,3.36,2009-12-07 17:56:00,2010-12-16 19:19:00,5.860759493670886
20688,BEAUTY SPEED EXPRESSO CUPS,463,326.95,10,5,2,5.95,2009-12-07 17:18:00,2010-03-17 13:09:00,46.3
37501,TEA TIME TEA SET IN GIFT BOX,463,3252.6800000000003,171,69,12,6.95,2009-12-07 11:47:00,2011-08-10 16:19:00,2.7076023391812867
81952V,ROUND PURPLE CLOCK WITH SUCKER,463,158.17,45,31,3,0.19,2009-12-16 09:17:00,2011-11-27 16:02:00,10.28888888888889
23524,WALL ART HORSE & PONY,463,1475.2900000000002,56,10,3,3.75,2011-10-02 13:46:00,2011-12-04 11:55:00,8.267857142857142
21610,SET 12 PEAR BOTANICAL T-LIGHTS,462,1326.8700000000001,91,42,4,2.95,2009-12-08 16:20:00,2010-11-18 13:18:00,5.076923076923077
23325,RUSTIC STRAWBERRY JAM POT SMALL,462,740.9399999999999,35,15,4,1.65,2011-08-11 16:30:00,2011-11-27 15:38:00,13.2
23081,GREEN METAL BOX ARMY SUPPLIES,461,3860.37,133,30,9,8.25,2011-05-10 13:33:00,2011-12-04 16:02:00,3.4661654135338344
84674,FLYING PIG WATERING CAN,459,1172.98,105,68,8,2.95,2009-12-08 15:49:00,2011-12-01 16:22:00,4.371428571428571
35969,FOLKART CROWN TABLE DECORATIONS,459,490.71,71,31,6,1.65,2009-12-07 15:26:00,2010-11-18 13:55:00,6.464788732394366
21739,COSY SLIPPER SHOES SMALL GREEN,459,1347.66,164,60,7,2.95,2009-12-07 14:58:00,2011-12-02 16:39:00,2.798780487804878
23125,6PC WOOD PLATE SET DISPOSABLE,459,574.88,38,17,3,2.46,2011-06-17 14:46:00,2011-11-29 16:47:00,12.078947368421053
23400,SHELF WITH 4 HOOKS HOME SWEET HOME,458,2390.59,105,13,4,6.25,2011-09-06 11:55:00,2011-11-30 15:33:00,4.3619047619047615
35651,VINTAGE BEAD PINK SCARF,458,1049.6699999999998,62,26,4,1.65,2010-08-18 16:21:00,2011-11-10 14:28:00,7.387096774193548
85045,GREEN CHRISTMAS TREE STRING 20LIGHT,457,2163.73,77,28,3,4.95,2009-12-07 08:24:00,2011-11-02 12:45:00,5.935064935064935
72772,SET/4 SCENTED CANDLES IN RAMEKINS,457,615.84,9,5,1,1.25,2009-12-13 13:24:00,2010-01-17 11:55:00,50.77777777777778
23049,RECYCLED ACAPULCO MAT RED,456,3896.84,186,40,12,8.25,2011-03-04 13:58:00,2011-12-01 14:38:00,2.4516129032258065
20762,GREEN FERN SKETCHBOOK,456,1336.29,134,63,4,3.75,2009-12-07 13:48:00,2011-11-27 13:29:00,3.4029850746268657
22428,ENAMEL FIRE BUCKET CREAM,456,3344.46,188,75,3,6.95,2010-04-08 10:57:00,2011-12-02 16:38:00,2.425531914893617
21144,PINK POODLE HANGING DECORATION,456,236.38000000000002,54,23,6,0.38,2009-12-07 13:48:00,2010-12-21 15:19:00,8.444444444444445
22777,GLASS CLOCHE LARGE,455,3838.82,100,23,3,8.5,2010-10-22 10:59:00,2011-07-21 18:21:00,4.55
23075,PARLOUR CERAMIC WALL HOOK,454,1885.6000000000001,77,30,6,4.15,2011-04-18 14:21:00,2011-11-28 11:27:00,5.896103896103896
17084J,LOVE POTION MASALA INCENSE,454,95.34,19,18,2,0.21,2010-02-04 12:08:00,2011-09-13 14:53:00,23.894736842105264
23419,HOME SWEET HOME BOTTLE,454,991.9,81,13,4,2.08,2011-09-11 10:53:00,2011-12-04 12:52:00,5.604938271604938
21197,MULTICOLOUR  CONFETTI IN TUBE,453,661.81,45,32,8,1.65,2010-03-03 13:57:00,2011-12-02 10:22:00,10.066666666666666
21364,PEACE SMALL WOOD LETTERS,453,3285.11,161,51,2,6.75,2009-12-07 13:06:00,2011-10-13 12:38:00,2.813664596273292
20703,BLUE PADDED SOFT MOBILE,453,1916.97,165,48,15,4.25,2009-12-07 08:53:00,2011-04-14 11:45:00,2.7454545454545456
20761,BLUE PAISLEY SKETCHBOOK,452,1395.93,140,70,5,3.75,2009-12-07 13:48:00,2011-12-04 15:00:00,3.2285714285714286
84925D,LA PALMIERA WALL THERMOMETER,452,677.45,26,20,2,2.55,2009-12-07 12:42:00,2011-06-23 11:38:00,17.384615384615383
79191B,RETRO PLASTIC POLKA TRAY,450,371.02,64,43,5,0.85,2009-12-10 09:49:00,2011-11-17 15:17:00,7.03125
23406,HOME SWEET HOME KEY HOLDER,450,2372.7400000000002,107,13,3,6.25,2011-09-05 10:15:00,2011-12-04 12:17:00,4.205607476635514
22913,RED COAT RACK PARIS FASHION,448,2086.27,120,45,12,4.95,2010-11-19 10:58:00,2011-12-01 09:20:00,3.7333333333333334
84251G,"GREETING CARD, OVERCROWDED POOL.",447,122.14,88,46,5,0.42,2010-01-14 17:43:00,2011-12-01 12:01:00,5.079545454545454
20838,FRENCH LATTICE CUSHION COVER,445,562.51,62,33,4,0.85,2010-02-14 11:52:00,2011-11-29 16:47:00,7.17741935483871
21850,BLUE  DIAMANTE PEN IN GIFT BOX,444,1051.45,104,48,3,4.21,2009-12-10 09:49:00,2011-12-04 14:45:00,4.269230769230769
23424,GINGHAM RECIPE BOOK BOX,443,2374.69,129,14,7,4.95,2011-09-04 16:09:00,2011-12-04 10:29:00,3.434108527131783
84789,ENCHANTED BIRD PLANT CAGE,443,1550.89,123,54,3,3.75,2009-12-22 11:32:00,2011-07-21 14:52:00,3.6016260162601625
21255,"FRENCH BOTTLE , LAVENDER",443,800.29,89,17,2,1.65,2009-12-07 12:08:00,2010-04-18 11:24:00,4.977528089887641
17084A,TRANQUILITY MASALA INCENSE,442,92.82,18,17,1,0.21,2010-02-04 12:08:00,2011-09-13 14:53:00,24.555555555555557
21365,MIRRORED WALL ART STARS,441,686.9200000000001,74,45,4,2.95,2009-12-07 13:35:00,2011-12-01 11:10:00,5.95945945945946
20854,BLUE PATCH PURSE PINK HEART,440,709.7199999999999,106,45,4,1.65,2009-12-09 15:03:00,2011-02-20 12:01:00,4.150943396226415
72811,SMALL ZINC/GLASS CANDLEHOLDER,439,331.51,20,18,2,1.49,2009-12-07 12:08:00,2011-11-29 14:58:00,21.95
85131C,BEADED CRYSTAL HEART BLUE ON STICK,439,320.15,72,49,3,0.83,2010-01-28 17:13:00,2011-11-14 15:27:00,6.097222222222222
35609A,PINK FEATHER CHRISTMAS DECORATION,438,111.42,21,14,4,0.19,2009-12-14 13:09:00,2010-12-10 14:59:00,20.857142857142858
15058B,PINK POLKADOT GARDEN PARASOL,438,3327.67,156,55,10,7.95,2010-01-13 17:51:00,2011-11-17 12:55:00,2.8076923076923075
21795,SET OF 3 BLUE STRIPE BASKET,437,3683.9400000000005,78,29,2,12.75,2009-12-08 16:20:00,2010-08-11 11:58:00,5.602564102564102
21687,SILVER PLATE CANDLE BOWL LARGE,436,1712.58,94,36,2,3.75,2009-12-09 09:42:00,2010-09-14 13:45:00,4.638297872340425
84908B,BLUE 5 PATCH FLOWER CUSHION COVER,435,1052.29,35,22,1,5.91,2010-03-02 13:25:00,2010-11-18 13:55:00,12.428571428571429
85129A,"WHITE PEARL BEADED HEART, SMALL",435,555.27,71,33,3,1.25,2009-12-08 09:56:00,2010-08-29 14:30:00,6.126760563380282
23128,FELTCRAFT BOY JEAN-PAUL KIT,434,2177.6800000000003,133,38,11,4.95,2011-03-03 13:45:00,2011-12-04 15:00:00,3.263157894736842
21842,PINK HEART CANDY BUTTON CALCULATOR,434,1026.75,41,9,4,2.55,2009-12-07 11:47:00,2010-03-04 12:39:00,10.585365853658537
23553,LANDMARK FRAME CAMDEN TOWN,433,4946.19,63,7,1,12.5,2011-10-20 10:04:00,2011-12-04 11:56:00,6.873015873015873
84908A,PINK 5 PATCH FLOWER CUSHION COVER,432,1045.16,36,23,1,5.91,2010-02-07 11:57:00,2010-11-12 09:18:00,12.0
84685,BEACH HUT KEY CABINET,432,1342.83,123,52,4,7.62,2009-12-10 09:44:00,2011-05-22 11:34:00,3.5121951219512195
84910A,PINK PAISLEY CUSHION COVER,431,1224.44,52,39,2,5.95,2009-12-18 12:33:00,2011-07-20 16:12:00,8.288461538461538
84569B,PACK 3 FIRE ENGINE/CAR PATCHES,431,554.68,74,40,7,1.25,2009-12-07 15:15:00,2011-03-22 09:30:00,5.824324324324325
84507C,BLUE CIRCLES DESIGN MONKEY DOLL,431,629.54,68,50,2,2.55,2009-12-07 17:56:00,2011-10-23 11:10:00,6.338235294117647
20769,DAISY JOURNAL,431,790.96,77,46,5,2.55,2009-12-07 11:19:00,2011-11-29 13:43:00,5.597402597402597
23008,DOLLY GIRL BABY GIFT SET,430,6687.24,131,36,15,16.95,2011-03-09 15:20:00,2011-12-04 12:02:00,3.282442748091603
20689,RETRO SISTERS EXPRESSO CUPS,429,614.1,41,20,7,5.95,2009-12-07 15:42:00,2010-07-14 16:20:00,10.463414634146341
35811A,ENAMEL PINK SUGAR CONTAINER,428,750.37,83,35,2,2.1,2009-12-09 12:18:00,2010-10-08 12:18:00,5.156626506024097
23556,LANDMARK FRAME COVENT GARDEN,428,4824.55,49,7,2,12.5,2011-10-19 12:28:00,2011-12-04 13:45:00,8.73469387755102
85028S,FRENCH CHATEAU SMALL FRUITBOWL,427,641.97,31,18,4,1.95,2009-12-15 13:48:00,2011-04-08 11:54:00,13.774193548387096
23058,CHRISTMAS HANGING SNOWFLAKE,427,376.92,42,12,4,0.79,2011-09-14 09:27:00,2011-12-02 16:39:00,10.166666666666666
84806B,WHITE CANDYSTUFT ARTIFICIAL FLOWER,426,558.66,31,27,3,1.45,2010-03-14 11:55:00,2011-11-22 13:11:00,13.741935483870968
85124C,GREEN JUICY FRUIT PHOTO FRAME,426,1123.8899999999999,121,63,4,2.55,2009-12-08 09:35:00,2011-10-23 12:46:00,3.520661157024793
85169B,BLACK LOVE BIRD CANDLE,425,495.42,91,48,3,1.25,2009-12-09 09:42:00,2011-11-30 14:00:00,4.670329670329671
18094C,WHITE AND BLUE CERAMIC OIL BURNER,425,588.02,95,59,4,2.46,2009-12-09 09:42:00,2011-10-07 13:17:00,4.473684210526316
84968B,S/16 VINTAGE IVORY CUTLERY,424,5630.41,133,36,5,12.75,2009-12-07 10:51:00,2011-04-06 11:34:00,3.18796992481203
20831,GOLD PHOTO FRAME,423,883.74,74,51,4,2.1,2009-12-10 20:16:00,2011-11-13 13:41:00,5.716216216216216
22703,PINK CAT BOWL,423,841.6700000000001,149,56,4,1.63,2010-06-23 14:49:00,2011-12-04 15:19:00,2.838926174496644
37422,WHITE WITH BLACK CATS BOWL,423,275.08,68,22,1,1.66,2009-12-08 17:10:00,2010-05-26 12:47:00,6.220588235294118
22643,SET OF 4 NAPKIN CHARMS LEAVES,422,964.7199999999999,90,41,2,2.55,2010-07-18 12:49:00,2011-12-04 15:19:00,4.688888888888889
85019C,CURIOUS  IMAGES NOTEBOOK SET,422,646.94,24,20,3,4.25,2010-03-02 14:59:00,2011-06-09 10:06:00,17.583333333333332
72529W,WHITE ADVENT CANDLE,421,803.61,37,14,2,2.12,2009-12-07 13:24:00,2010-09-30 14:25:00,11.378378378378379
47471,RAINBOW PEGS PHOTO CLIP STRING,421,287.06,59,47,2,0.65,2009-12-14 18:03:00,2011-11-28 12:14:00,7.135593220338983
35817P,"ACRYLIC JEWEL SNOWFLAKE,PINK",420,216.7,11,10,1,0.38,2010-05-14 12:00:00,2011-08-12 12:37:00,38.18181818181818
84688,BEACH HUT DESIGN BLACKBOARD,420,1305.02,79,44,4,4.25,2009-12-07 18:02:00,2011-05-12 16:52:00,5.3164556962025316
20700,GREEN CAT FLORAL CUSHION COVER,420,1125.05,103,51,3,4.13,2009-12-07 13:35:00,2011-09-28 16:13:00,4.077669902912621
84913B,MINT GREEN ROSE TOWEL,419,1583.77,199,66,7,3.36,2009-12-14 17:57:00,2011-12-02 13:22:00,2.1055276381909547
21247,SET OF RED SALAD SERVERS,419,658.3199999999999,78,36,6,1.49,2009-12-08 12:33:00,2010-10-25 15:23:00,5.371794871794871
85099b,JUMBO BAG RED RETROSPOT,419,2111.64,25,10,1,5.06,2010-06-04 14:55:00,2010-10-15 11:40:00,16.76
21742,LARGE ROUND WICKER PLATTER,419,2540.1800000000003,185,81,3,5.95,2009-12-10 14:48:00,2011-12-04 13:00:00,2.264864864864865
22257,FELT FARM ANIMAL SHEEP,419,345.47999999999996,57,26,3,1.25,2010-01-21 09:30:00,2011-10-30 11:09:00,7.350877192982456
21555,CERAMIC STRAWBERRY TRINKET TRAY,418,1113.79,130,68,7,2.55,2009-12-15 11:09:00,2011-12-01 16:22:00,3.2153846153846155
21002,ROSE DU SUD DRAWSTRING BAG,417,1507.22,184,57,9,3.36,2009-12-21 17:14:00,2011-10-23 11:42:00,2.266304347826087
23394,POSTE FRANCE CUSHION COVER,417,1760.87,141,14,5,3.75,2011-09-04 12:07:00,2011-12-04 14:55:00,2.9574468085106385
85208,SET/12 FUNKY FELT FLOWER PEG IN BAG,415,826.44,84,48,1,2.1,2009-12-07 12:32:00,2011-11-29 10:57:00,4.940476190476191
23554,LANDMARK FRAME OXFORD STREET,415,4705.57,54,7,2,12.5,2011-10-19 12:28:00,2011-12-04 11:56:00,7.685185185185185
23219,LAUREL STAR ANTIQUE SILVER,414,543.76,58,16,3,1.25,2011-06-02 09:04:00,2011-12-04 14:01:00,7.137931034482759
22407,MONEY BOX FIRST ADE DESIGN,414,511.76,73,47,6,1.25,2010-03-26 13:46:00,2011-11-23 11:11:00,5.671232876712328
23555,LANDMARK FRAME NOTTING HILL,414,4680.61,47,7,2,12.5,2011-10-19 14:12:00,2011-12-04 13:59:00,8.808510638297872
23527,WALL ART ANIMALS AND NATURE,413,1402.31,46,9,2,3.75,2011-10-03 12:17:00,2011-12-04 11:55:00,8.978260869565217
72799C,PINK PILLAR CANDLE SILVER FLOCK,413,718.39,38,26,1,2.95,2009-12-09 09:42:00,2011-12-01 11:20:00,10.868421052631579
35972,DAISY FOLKART HEART DECORATION,413,573.67,85,40,1,1.25,2009-12-07 17:56:00,2011-11-06 14:56:00,4.858823529411764
85119,WATERING CAN SINGLE HOOK PISTACHIO,413,567.48,39,26,4,1.69,2009-12-15 17:05:00,2010-12-07 15:34:00,10.58974358974359
46776B,WOVEN BERRIES CUSHION COVER,412,1299.87,145,67,2,4.21,2009-12-07 17:56:00,2011-12-01 16:22:00,2.8413793103448275
22461,SAVOY ART DECO CLOCK,410,3607.81,146,59,1,12.75,2010-03-07 10:58:00,2011-08-12 12:37:00,2.808219178082192
23558,LANDMARK FRAME LONDON BRIDGE,410,4628.91,49,7,2,12.5,2011-10-19 12:28:00,2011-12-04 11:56:00,8.36734693877551
23022,SMALL BONNE JAM JAR  T-LIGHT HOLDER,409,781.12,21,14,2,2.08,2011-06-15 15:35:00,2011-12-04 14:45:00,19.476190476190474
20765,CHRYSANTHEMUM SKETCHBOOK,408,1159.45,143,65,2,3.75,2009-12-11 11:39:00,2011-11-27 16:08:00,2.8531468531468533
84802B,PURPLE ANEMONE ARTIFICIAL FLOWER,408,384.72,16,13,2,1.69,2010-01-05 13:58:00,2011-03-01 12:46:00,25.5
35818B,"ACRYLIC JEWEL ICICLE, BLUE",408,180.05,11,10,2,0.38,2010-04-13 14:27:00,2011-11-01 14:29:00,37.09090909090909
84569C,PACK 4 FLOWER/BUTTERFLY PATCHES,408,569.58,85,39,6,1.25,2009-12-07 16:40:00,2011-03-25 13:54:00,4.8
23521,WALL ART CAT AND BIRD,408,768.96,39,9,2,2.89,2011-10-03 11:37:00,2011-12-02 16:39:00,10.461538461538462
84396,6 HOOK JEWELLERY STAND BLACK DRESS,407,1091.07,44,10,2,8.47,2009-12-07 17:56:00,2010-02-24 10:18:00,9.25
20856,DENIM PATCH PURSE PINK BUTTERFLY,407,672.4399999999999,121,58,6,1.65,2009-12-11 11:26:00,2011-08-09 14:18:00,3.3636363636363638
21440,12 MINI TOADSTOOL PEGS,406,515.06,87,29,3,1.25,2009-12-10 11:42:00,2010-07-01 16:48:00,4.666666666666667
47594B,SCOTTIES DESIGN WASHBAG,405,797.8399999999999,119,56,8,1.95,2009-12-08 17:41:00,2011-11-08 10:44:00,3.403361344537815
20655,QUEEN OF SKIES LUGGAGE TAG,404,594.66,185,81,4,1.25,2009-12-08 12:33:00,2011-12-04 13:32:00,2.1837837837837837
20830,SILVER PHOTO FRAME,404,958.3100000000001,81,53,3,2.1,2009-12-10 20:16:00,2011-10-02 15:33:00,4.987654320987654
21360,JOY LARGE WOOD LETTERS,403,2544.56,91,47,3,9.95,2009-12-08 15:12:00,2011-06-06 15:31:00,4.428571428571429
84596K,JELLY BABIES YELLOW SMALL BOWL,403,512.16,88,35,3,1.25,2009-12-09 14:38:00,2010-11-16 17:03:00,4.579545454545454
22849,BREAD BIN DINER STYLE MINT,403,6287.73,162,41,11,16.95,2010-10-14 09:44:00,2011-10-20 10:41:00,2.4876543209876543
23482,PEARLISED IVORY HEART LARGE,401,632.9699999999999,37,7,3,1.65,2011-10-14 14:04:00,2011-12-04 14:01:00,10.837837837837839
20715,LITTLE FLOWER SHOPPER BAG,400,424.0,1,1,1,1.06,2010-01-07 12:34:00,2010-01-07 12:34:00,400.0
84638,SMALL KITCHEN FLOWER POTS PLAQUE,399,1086.81,68,40,4,6.95,2010-02-05 09:58:00,2011-10-20 12:43:00,5.867647058823529
22143,CHRISTMAS CRAFT HEART DECORATIONS,398,826.6800000000001,55,25,2,2.1,2009-12-07 12:42:00,2010-10-27 16:04:00,7.236363636363636
85049a,TRADITIONAL CHRISTMAS RIBBONS,398,1332.8,46,28,1,3.29,2010-08-13 18:07:00,2011-11-30 15:33:00,8.652173913043478
23324,RUSTIC STRAWBERRY JAM POT LARGE,397,807.7800000000001,43,15,4,2.08,2011-08-05 15:45:00,2011-11-27 15:38:00,9.232558139534884
21635,MADRAS NOTEBOOK LARGE,397,851.49,41,29,2,3.75,2009-12-09 09:51:00,2011-07-13 11:00:00,9.682926829268293
85087,CANDY SPOT CUSHION COVER,396,1331.44,145,48,5,3.29,2010-01-05 15:29:00,2011-10-07 15:09:00,2.731034482758621
35271S,GOLD PRINT PAPER BAG,396,75.89,19,12,1,0.19,2009-12-13 15:38:00,2010-12-02 13:49:00,20.842105263157894
21250,SET OF SKULL WALL STICKERS,395,973.8100000000001,58,40,5,2.95,2009-12-08 14:20:00,2011-11-30 15:13:00,6.810344827586207
22808,SET OF 6 T-LIGHTS EASTER CHICKS,394,1211.38,80,28,4,2.95,2010-09-20 14:49:00,2011-11-22 11:18:00,4.925
23697,A PRETTY THANK YOU CARD,394,167.72,28,4,3,0.42,2011-11-09 14:11:00,2011-12-04 13:59:00,14.071428571428571
23357,HOT WATER BOTTLE SEX BOMB,394,1770.45,85,15,7,4.95,2011-08-21 15:17:00,2011-12-04 15:00:00,4.635294117647059
21268,VINTAGE BLUE TINSEL REEL,393,253.26000000000002,47,24,5,0.42,2009-12-07 15:26:00,2010-12-02 15:46:00,8.361702127659575
84033,FLAG OF ST GEORGE,392,735.38,49,26,3,1.65,2010-01-15 12:22:00,2011-09-14 16:36:00,8.0
20654,FIRST CLASS LUGGAGE TAG,392,494.17,115,63,8,1.25,2009-12-07 15:15:00,2011-12-04 13:32:00,3.408695652173913
85092,CANDY SPOT TEA COSY,391,622.57,24,15,3,3.35,2010-01-11 09:37:00,2011-02-20 13:21:00,16.291666666666668
21737,SET 3 WICKER LOG BASKETS,391,7223.009999999999,158,42,4,19.95,2009-12-07 12:41:00,2010-10-18 12:58:00,2.4746835443037973
21320,GLASS CHALICE GREEN  LARGE,391,895.49,54,34,3,2.55,2009-12-22 09:41:00,2011-04-07 13:09:00,7.2407407407407405
84907,PINK YELLOW PATCH CUSHION COVER,390,980.9499999999999,35,26,2,5.79,2009-12-10 09:49:00,2011-09-21 15:22:00,11.142857142857142
23565,EGG CUP MILKMAID HELGA,390,551.63,56,8,5,1.25,2011-10-16 12:19:00,2011-12-04 10:56:00,6.964285714285714
35599D,PINK AND WHITE CHRISTMAS TREE 120CM,389,1282.3400000000001,95,36,5,5.91,2009-12-07 17:56:00,2011-12-04 12:14:00,4.094736842105263
90209C,PINK ENAMEL+GLASS HAIR COMB,388,731.24,63,45,2,2.1,2009-12-15 13:21:00,2011-10-31 14:41:00,6.158730158730159
21816,CHRISTMAS TREE T-LIGHT HOLDER,388,581.68,44,23,4,1.45,2009-12-07 17:56:00,2011-11-27 13:00:00,8.818181818181818
84800S,SMALL WHITE/PINK ROSE ART FLOWER,388,292.04,19,17,1,1.25,2010-02-19 12:34:00,2011-09-11 14:09:00,20.42105263157895
84986B,SET OF 36 SILVER PAPER DOILIES,387,572.2199999999999,68,29,4,1.45,2009-12-07 13:24:00,2010-10-13 14:03:00,5.6911764705882355
35471A,SET OF 3 BIRD L.BLUE FEATHER,387,452.85,77,31,4,1.25,2009-12-10 16:35:00,2010-11-14 16:16:00,5.025974025974026
23314,VINTAGE CHRISTMAS TABLECLOTH,387,4713.12,108,18,5,12.5,2011-07-15 10:44:00,2011-12-04 11:55:00,3.5833333333333335
84686,BEACH HUT MIRROR,386,1001.84,73,37,3,4.25,2009-12-11 16:48:00,2011-07-10 16:18:00,5.287671232876712
22794,SWEETHEART WIRE MAGAZINE RACK,386,3247.5,207,58,6,7.95,2010-10-17 16:06:00,2011-12-04 13:20:00,1.8647342995169083
22184,CAKE STAND VICTORIAN FILIGREE LARGE,385,2853.07,144,46,6,8.5,2009-12-08 12:25:00,2011-01-27 11:05:00,2.673611111111111
46776A,WOVEN BUBBLE GUM CUSHION COVER,385,1187.63,116,60,2,4.13,2009-12-14 18:37:00,2011-11-30 15:13:00,3.3189655172413794
17011F,ORIGAMI SANDLEWOOD INCENSE+FLOWER,385,336.20000000000005,20,19,3,2.1,2009-12-16 12:39:00,2011-05-19 12:10:00,19.25
35911A,MULTICOLOUR RABBIT EGG WARMER,385,455.99,94,43,5,0.85,2009-12-10 15:45:00,2011-11-04 15:18:00,4.095744680851064
21264,WHITE GOOSE FEATHER TREE 60CM,385,906.15,65,32,5,1.95,2009-12-08 17:44:00,2011-12-04 13:59:00,5.923076923076923
35819B,"ACRYLIC HANGING JEWEL,BLUE",385,192.3,32,22,3,0.38,2009-12-14 18:03:00,2011-11-30 15:58:00,12.03125
84968E,SET OF 16 VINTAGE BLACK CUTLERY,384,4440.0199999999995,95,52,5,12.75,2009-12-07 15:42:00,2011-12-01 11:00:00,4.042105263157895
62096A,PINK/YELLOW FLOWERS HANDBAG,383,592.79,89,38,3,1.95,2010-01-07 12:37:00,2011-02-24 14:32:00,4.303370786516854
84813,SET OF 4 DIAMOND NAPKIN RINGS,383,3087.71,91,49,2,12.75,2009-12-08 18:18:00,2011-11-10 14:28:00,4.208791208791209
21841,BABY MOUSE RED GINGHAM DRESS,383,1641.57,124,54,7,4.25,2009-12-07 13:59:00,2011-11-29 10:57:00,3.088709677419355
23139,SINGLE WIRE HOOK PINK HEART,382,516.2199999999999,24,21,2,1.45,2011-04-21 10:19:00,2011-11-29 18:05:00,15.916666666666666
22511,RETROSPOT BABUSHKA DOORSTOP,381,1027.35,104,50,8,3.75,2010-03-12 11:19:00,2011-12-04 15:35:00,3.6634615384615383
85129C,BEADED CRYSTAL HEART BLUE SMALL,381,497.77,63,41,2,1.25,2009-12-14 08:40:00,2011-11-10 12:37:00,6.0476190476190474
35991,SET/6 BLACK SNOWFLAKE T-LIGHTS,381,189.63,48,21,1,0.42,2009-12-07 11:05:00,2010-11-17 14:05:00,7.9375
22848,BREAD BIN DINER STYLE PINK,381,6128.599999999999,151,53,12,16.95,2010-10-14 17:59:00,2011-10-30 13:51:00,2.5231788079470197
90209B,GREEN ENAMEL+GLASS HAIR COMB,380,730.66,97,49,1,2.11,2009-12-09 09:42:00,2011-10-02 10:58:00,3.917525773195876
22864,MUG AND COASTER SET RED CIRCLES,378,158.76,2,2,1,0.42,2010-06-02 14:48:00,2010-06-29 15:17:00,189.0
23218,LAUREL STAR ANTIQUE GOLD,378,480.57,39,13,3,1.25,2011-07-18 11:55:00,2011-12-01 19:42:00,9.692307692307692
21153,RED SPOTTY TABLECLOTH,377,4057.9900000000002,132,34,8,10.65,2009-12-07 12:26:00,2010-09-22 15:17:00,2.856060606060606
35980C,REDWHITE STRIPE SCANDINAVIAN HEART,377,147.64000000000001,29,18,1,0.38,2009-12-14 15:51:00,2010-10-13 10:46:00,13.0
84247E,PACK/12 XMAS FUN CARD,376,1064.0500000000002,96,29,5,2.95,2010-06-30 15:35:00,2011-12-01 16:22:00,3.9166666666666665
21738,COSY SLIPPER SHOES SMALL  RED,376,1171.48,121,43,4,2.95,2009-12-07 14:58:00,2011-10-20 12:43:00,3.1074380165289255
72750A,FLOWER FAIRY SET OF 3 LILY CANDLES,375,751.25,15,10,2,1.95,2009-12-14 15:51:00,2010-04-23 11:12:00,25.0
75013B,"STRING OF 8 BUTTERFLIES,PINK",375,635.9699999999999,69,38,2,1.65,2009-12-08 15:49:00,2011-01-16 13:41:00,5.434782608695652
85124A,PINK JUICY FRUIT PHOTO FRAME,375,1026.79,93,32,4,2.55,2009-12-07 18:02:00,2010-10-01 13:40:00,4.032258064516129
21055,TOOL BOX SOFT TOY,375,3690.24,214,84,14,8.95,2009-12-09 13:22:00,2011-11-30 14:00:00,1.7523364485981308
21649,ASSORTED TUTTI FRUTTI PHOTO FRAME,374,1014.97,20,4,1,2.95,2009-12-08 07:42:00,2010-01-08 11:50:00,18.7
84663A,GRASS HOPPER WOODEN WALL CLOCK,373,746.39,64,43,6,5.91,2009-12-07 14:58:00,2011-11-20 14:04:00,5.828125
21697,SET 5 MINI DOUGHNUT FRIDGE MAGNET,372,295.08000000000004,7,6,6,1.69,2009-12-07 10:41:00,2010-02-15 11:57:00,53.142857142857146
84875B,GREEN SQUARE COMPACT MIRROR,372,503.55,39,19,2,1.25,2010-04-18 12:07:00,2011-11-29 12:34:00,9.538461538461538
21371,MIRRORED WALL ART POPPIES,372,521.2099999999999,61,42,7,2.55,2009-12-08 15:49:00,2011-12-01 11:10:00,6.098360655737705
22806,SET OF 6 T-LIGHTS WEDDING CAKE,370,1074.02,52,32,4,2.95,2010-09-20 14:08:00,2011-12-01 08:51:00,7.115384615384615
84875D,BLUE SQUARE COMPACT MIRROR,370,480.0,36,15,1,1.25,2009-12-11 11:26:00,2011-09-23 13:18:00,10.277777777777779
23542,WALL ART 70'S ALPHABET,369,2844.95,84,9,7,8.25,2011-10-03 11:01:00,2011-12-01 16:22:00,4.392857142857143
23342,MINT DINER WALL CLOCK,369,3142.41,160,24,10,8.5,2011-06-24 09:22:00,2011-12-02 10:32:00,2.30625
84952C,MIRROR LOVE BIRD T-LIGHT HOLDER,368,682.51,41,22,1,3.75,2009-12-07 13:06:00,2011-10-11 12:36:00,8.975609756097562
71270,PHOTO CLIP LINE,368,520.48,79,56,5,1.25,2009-12-18 11:18:00,2011-12-01 19:42:00,4.658227848101266
22172,METAL SHELF WITH RAIL,368,3349.12,177,33,7,8.5,2009-12-08 07:59:00,2010-09-29 13:17:00,2.07909604519774
21054,NURSE'S BAG SOFT TOY,367,3395.35,176,68,10,8.95,2009-12-07 15:26:00,2011-11-14 12:45:00,2.085227272727273
40018E,TEA TIME PAPER LANTERNS,367,803.87,78,22,4,1.95,2009-12-07 17:56:00,2010-07-25 11:46:00,4.705128205128205
23085,ANTIQUE SILVER BAUBLE LAMP,366,3479.23,74,20,4,10.4,2011-05-16 12:25:00,2011-12-02 08:55:00,4.945945945945946
85232A,SET/3 POLKA DOT STACKING TINS,365,1840.38,132,61,8,4.95,2009-12-16 14:12:00,2011-06-06 16:41:00,2.765151515151515
46118,FUNKY MONKEY CUSHION COVER,365,489.14,67,41,2,0.85,2009-12-08 12:33:00,2011-12-02 16:39:00,5.447761194029851
20888,SET 3 JARDIN DE FEMME SCENT CANDLES,364,529.62,16,10,2,3.75,2009-12-07 17:56:00,2010-03-26 14:29:00,22.75
23391,I LOVE LONDON MINI BACKPACK,364,1503.72,80,13,8,4.15,2011-09-11 11:29:00,2011-12-01 12:53:00,4.55
22194,BLACK DINER WALL CLOCK,364,3135.6,157,70,9,8.5,2009-12-07 14:58:00,2011-08-11 10:14:00,2.3184713375796178
23335,EGG FRYING PAN IVORY,363,755.51,91,24,5,2.08,2011-06-13 16:33:00,2011-12-04 10:35:00,3.989010989010989
84597C,RETRO PINK BALL ASHTRAY,363,449.73,43,29,5,1.25,2009-12-09 09:34:00,2011-06-02 19:50:00,8.44186046511628
84970s,HANGING HEART ZINC T-LIGHT HOLDER,363,763.24,94,48,1,2.08,2010-06-04 14:55:00,2011-11-30 14:11:00,3.8617021276595747
84997d,CHILDRENS CUTLERY POLKADOT PINK,363,3031.06,78,47,1,8.29,2010-02-19 11:07:00,2011-11-30 15:33:00,4.653846153846154
22504,CABIN BAG VINTAGE RETROSPOT,363,7895.179999999999,113,46,12,29.95,2010-05-04 15:45:00,2011-11-25 11:12:00,3.2123893805309733
22512,DOORSTOP RACING CAR DESIGN,362,938.79,66,40,4,3.75,2010-03-12 11:19:00,2011-12-04 15:19:00,5.484848484848484
84595E,LARGE TORTILLA DESIGN RED BOWL,361,701.0699999999999,42,33,3,3.29,2009-12-09 09:42:00,2011-08-02 16:11:00,8.595238095238095
23518,EMBROIDERED RIBBON REEL RACHEL,361,980.41,44,11,8,2.89,2011-09-22 14:10:00,2011-12-02 14:30:00,8.204545454545455
23051,RECYCLED ACAPULCO MAT BLUE,361,3173.73,159,37,11,8.25,2011-03-04 13:58:00,2011-11-24 13:25:00,2.270440251572327
84952B,BLACK LOVE BIRD T-LIGHT HOLDER,361,600.53,42,24,2,2.51,2009-12-11 14:39:00,2011-11-14 15:27:00,8.595238095238095
82494l,WOODEN FRAME ANTIQUE WHITE,361,3015.0,82,39,1,8.29,2010-05-05 14:23:00,2011-12-02 10:08:00,4.402439024390244
22638,SET OF 4 NAPKIN CHARMS CROWNS,361,700.47,70,34,5,2.55,2010-07-23 14:16:00,2011-12-04 14:55:00,5.1571428571428575
72127,COLUMBIAN CANDLE ROUND,360,438.44,64,43,1,1.25,2009-12-18 16:04:00,2011-11-23 14:35:00,5.625
23412,HEART MIRROR ANTIQUE WHITE,358,2354.8,76,6,1,7.5,2011-09-06 09:53:00,2011-10-10 17:26:00,4.7105263157894735
23053,RECYCLED ACAPULCO MAT PINK,358,3188.06,160,35,15,8.25,2011-03-04 13:58:00,2011-12-01 14:38:00,2.2375
37492D,PURPLE GREEN FLOWER PIGGY BANK,358,669.04,25,14,1,4.65,2009-12-08 11:13:00,2010-05-21 09:40:00,14.32
21417,COCKLE SHELL DISH,357,903.3900000000001,108,65,2,4.13,2009-12-08 15:49:00,2011-11-20 15:00:00,3.3055555555555554
21765,HANGING METAL BIRD BATH,357,2972.29,141,40,7,7.95,2009-12-14 17:57:00,2010-11-15 14:11:00,2.5319148936170213
47420,ASSORTED COLOUR SUCTION CUP HOOK,357,67.83000000000001,30,26,1,0.19,2010-02-07 14:58:00,2011-12-04 15:00:00,11.9
22760,"TRAY, BREAKFAST IN BED",356,4506.889999999999,120,41,9,12.75,2010-10-10 14:17:00,2011-09-05 10:00:00,2.966666666666667
85098B,BLUE FLYING SINGING CANARY,356,1403.32,108,43,7,3.75,2009-12-07 13:35:00,2010-11-18 14:25:00,3.2962962962962963
23338,EGG FRYING PAN RED,355,754.01,97,25,4,2.08,2011-06-12 13:17:00,2011-12-04 14:55:00,3.6597938144329896
20943,SET/6 GINGERBREAD STAR T-LIGHTS,354,501.18,66,20,5,1.25,2009-12-07 11:05:00,2010-10-22 11:40:00,5.363636363636363
84228,HEN HOUSE W CHICK STANDING,354,156.07,46,25,5,0.625,2009-12-07 17:56:00,2011-11-29 08:07:00,7.695652173913044
85180B,PINK HEARTS LIGHT CHAIN,353,966.14,64,35,4,4.23,2009-12-09 11:52:00,2011-12-02 12:40:00,5.515625
85124B,BLUE JUICY FRUIT PHOTO FRAME,353,938.4699999999999,102,63,3,2.55,2009-12-08 09:35:00,2011-11-24 09:21:00,3.4607843137254903
21438,TUB 24 HANGING EASTER EGGS SPOTTY,353,1154.8200000000002,35,12,3,3.75,2009-12-08 18:18:00,2010-03-18 19:29:00,10.085714285714285
21793,CLASSIC FRENCH STYLE BASKET BROWN,353,1627.3600000000001,102,54,2,3.95,2010-01-20 11:57:00,2011-12-01 16:22:00,3.4607843137254903
21667,GLASS CAKE COVER AND PLATE,352,6092.349999999999,161,47,6,16.95,2009-12-07 17:56:00,2011-01-12 12:31:00,2.186335403726708
22640,SET OF 4 NAPKIN CHARMS 3 KEYS,352,757.27,85,50,4,2.55,2010-06-24 12:49:00,2011-12-02 15:39:00,4.141176470588236
20701,PINK CAT FLORAL CUSHION COVER,351,700.71,48,20,3,4.13,2009-12-07 13:35:00,2011-06-30 15:56:00,7.3125
23025,DRAWER KNOB VINTAGE GLASS BALL,350,760.8000000000001,54,20,4,2.08,2011-06-27 08:50:00,2011-12-02 10:32:00,6.481481481481482
16161C,WRAP SPEED DEMONS,350,35.0,1,1,1,0.1,2009-12-22 12:01:00,2009-12-22 12:01:00,350.0
85055,FRENCH ENAMEL UTENSIL HOLDER,349,1405.44,105,51,4,3.75,2009-12-07 17:56:00,2011-01-18 10:22:00,3.323809523809524
16212,FUNKY GIRLZ ASST MAGNETIC MEMO PAD,347,274.66,35,26,3,0.65,2009-12-07 18:02:00,2010-11-12 13:43:00,9.914285714285715
20897,VINTAGE NOTEBOOK PARIS DAYS,347,830.72,72,43,4,2.95,2009-12-07 17:56:00,2011-08-30 10:29:00,4.819444444444445
23046,PAPER LANTERN 9 POINT DELUXE STAR,347,2098.19,35,20,3,6.65,2011-05-08 11:41:00,2011-12-04 13:15:00,9.914285714285715
23523,WALL ART TREASURE AHOY,347,1125.0600000000002,38,9,2,3.75,2011-10-03 11:37:00,2011-12-04 11:55:00,9.131578947368421
21847,GREEN  DIAMANTE PEN IN GIFT BOX,347,675.37,71,40,2,2.57,2009-12-08 12:34:00,2011-11-16 15:23:00,4.887323943661972
21317,GLASS SPHERE CANDLE STAND MEDIUM,347,1398.9,71,51,2,5.45,2009-12-13 11:05:00,2011-12-02 12:52:00,4.887323943661972
84858C,PINK RIVIERA HANDBAG,347,611.0699999999999,30,22,1,5.95,2009-12-18 17:24:00,2011-04-13 11:48:00,11.566666666666666
21027,NINJA RABBIT PINK,345,421.11,76,40,5,1.25,2009-12-09 09:51:00,2011-11-21 12:05:00,4.5394736842105265
23557,LANDMARK FRAME BAKER STREET,345,3855.31,29,7,1,12.5,2011-10-19 13:23:00,2011-11-30 10:12:00,11.89655172413793
84876B,GREEN HEART COMPACT MIRROR,344,488.31,40,27,2,1.25,2009-12-10 19:35:00,2011-11-30 14:17:00,8.6
85088,CANDY SPOT HAND BAG,344,717.5500000000001,76,48,8,2.1,2009-12-08 12:33:00,2011-11-30 15:13:00,4.526315789473684
47594A,CAROUSEL DESIGN WASHBAG,344,678.3,105,57,7,1.95,2009-12-14 17:57:00,2011-11-24 13:06:00,3.276190476190476
16239,BALLERINA HEART DECORATION.,344,484.46000000000004,18,8,2,2.95,2009-12-09 09:51:00,2010-03-02 12:24:00,19.11111111111111
17181,CIRCLE OF FRIENDS CANDLE HOLDER,343,590.9599999999999,63,26,3,5.06,2009-12-07 17:56:00,2010-08-05 10:44:00,5.444444444444445
40046A,RED DAISY PAPER LAMPSHADE,343,457.07,61,37,3,1.25,2009-12-07 17:56:00,2011-10-17 12:33:00,5.622950819672131
72739B,WHITE CHOCOLATE SCENT CANDLE,343,282.28000000000003,25,7,1,2.51,2009-12-07 11:29:00,2010-01-26 12:46:00,13.72
85091,CANDY SPOT BREAD BASKETS,343,548.81,20,13,2,4.95,2009-12-14 17:16:00,2010-08-15 11:47:00,17.15
21722,SWEET PUDDING STICKER SHEET,343,321.09,76,49,5,0.85,2009-12-07 13:35:00,2011-12-02 16:39:00,4.5131578947368425
47503J,SET/3 FLORAL GARDEN TOOLS IN BAG,342,2694.95,73,36,3,7.95,2009-12-07 15:26:00,2010-12-07 15:59:00,4.684931506849315
44230,SQUARE MIRROR CURTAIN,342,3341.8700000000003,51,25,2,7.95,2009-12-09 09:56:00,2010-10-10 13:31:00,6.705882352941177
16244B,MAXWELL 2 TONE BLUE 60 PAGE PHOTO A,341,747.9699999999999,26,14,1,4.21,2009-12-14 18:37:00,2011-05-11 15:16:00,13.115384615384615
22054,MINI CAKE STAND HANGING HEARTS,341,620.23,69,13,4,1.65,2009-12-08 15:49:00,2010-03-08 12:35:00,4.942028985507246
79144B,PAINTED LIGHTBULB STAR+ MOON,341,173.97,85,54,4,0.83,2009-12-14 12:24:00,2011-12-01 16:22:00,4.011764705882353
23522,WALL ART DOG AND BALL,340,705.4,29,9,1,2.89,2011-10-03 11:01:00,2011-11-29 17:12:00,11.724137931034482
84997c,CHILDRENS CUTLERY POLKADOT BLUE,339,2842.81,72,45,1,8.29,2010-08-31 11:20:00,2011-12-02 10:07:00,4.708333333333333
20989,URBAN CHIC CHOPSTICKS SET/5,338,647.63,50,13,2,1.95,2009-12-07 17:56:00,2010-03-17 12:54:00,6.76
21689,SILVER VANILLA  FLOWER CANDLE POT,338,1253.12,59,41,3,3.75,2009-12-07 11:05:00,2011-12-02 13:28:00,5.728813559322034
20659,ECONOMY LUGGAGE TAG,338,476.39,130,66,4,1.25,2009-12-07 17:56:00,2011-11-28 15:54:00,2.6
71143,SILVER BOOK MARK WITH BEADS,337,483.60999999999996,94,42,1,2.51,2009-12-07 13:24:00,2011-07-13 16:07:00,3.5851063829787235
21923,RED/CREAM STRIPE FRINGE HAMMOCK,336,2645.29,118,28,5,7.95,2009-12-14 18:37:00,2010-08-03 11:32:00,2.847457627118644
17011C,ORIGAMI LAVENDER INCENSE+FLOWER,335,221.4,2,1,1,2.475,2009-12-14 18:03:00,2009-12-16 12:39:00,167.5
21293,MIRRORED DOVE WALL DECORATION,335,851.3100000000001,82,43,3,3.36,2009-12-09 13:16:00,2011-11-30 15:13:00,4.085365853658536
85117,NIGHTINGALE COATHOOK WHITE,335,574.52,59,18,2,1.65,2009-12-07 10:21:00,2010-05-04 10:02:00,5.677966101694915
72134,COLUMBIAN  CUBE CANDLE,335,128.33,28,23,2,0.85,2009-12-13 11:49:00,2011-10-30 13:37:00,11.964285714285714
22166,WALL MIRROR RECTANGLE DIAMANTE PINK,335,3124.89,151,78,1,15.79,2009-12-07 13:35:00,2011-11-30 14:46:00,2.218543046357616
20851,ZINC HEART LATTICE TRAY OVAL,335,429.57,28,23,2,5.95,2009-12-08 15:00:00,2011-04-27 16:54:00,11.964285714285714
23072,MARIE ANTOINETTE TRINKET BOX SILVER,334,1273.76,30,16,4,12.5,2011-05-08 11:37:00,2011-10-26 13:36:00,11.133333333333333
23517,EMBROIDERED RIBBON REEL REBECCA,332,987.7,61,11,8,2.89,2011-09-22 12:23:00,2011-12-02 14:30:00,5.442622950819672
84876D,BLUE HEART COMPACT MIRROR,331,600.52,35,28,1,3.75,2009-12-16 17:01:00,2011-09-11 13:51:00,9.457142857142857
21282,NATURAL BARK CANDLE LARGE,331,1423.63,67,37,4,4.25,2009-12-09 09:42:00,2010-11-14 12:47:00,4.940298507462686
17108D,FLOWER FAIRY SUMMER BOUQUET SACHET,331,139.02,21,11,3,0.42,2009-12-10 12:21:00,2010-03-28 14:53:00,15.761904761904763
85014C,BLUE/BROWN DOTS RUFFLED UMBRELLA,331,1544.88,61,20,1,5.95,2009-12-07 10:51:00,2010-06-11 15:03:00,5.426229508196721
23107,WHITE HEARTS WIRE PLANT POT HOLDER,330,981.6,68,26,3,2.89,2011-05-12 15:21:00,2011-12-01 13:08:00,4.852941176470588
84402D,PINK DRESS JEWELLERY STAND,329,301.64,9,8,1,0.85,2009-12-22 09:52:00,2010-03-19 13:51:00,36.55555555555556
20952,PORCELAIN CHERUB BELL SMALL,329,150.72,24,17,3,0.42,2009-12-10 13:59:00,2010-11-23 17:43:00,13.708333333333334
21117,BLOND DOLL DOORSTOP,328,502.08,26,24,4,1.25,2009-12-10 14:44:00,2011-11-23 13:46:00,12.615384615384615
20936,FORKED CACTUS CANDLE,328,824.6600000000001,72,51,2,2.95,2009-12-09 09:51:00,2011-11-29 16:47:00,4.555555555555555
23538,WALL ART VINTAGE HEART,328,1308.85,30,9,1,4.95,2011-10-03 11:37:00,2011-11-30 15:13:00,10.933333333333334
20704,MR ROBOT SOFT TOY,328,1302.07,76,45,9,6.95,2009-12-07 13:35:00,2011-12-02 13:58:00,4.315789473684211
35004G,SET OF 3 GOLD FLYING DUCKS,327,1319.6599999999999,71,48,2,6.35,2009-12-07 17:56:00,2011-11-23 15:44:00,4.605633802816901
85104,SILVER GLASS T-LIGHT SET,327,977.4900000000001,49,34,1,2.95,2009-12-09 15:28:00,2011-11-21 15:18:00,6.673469387755102
84251F,"GREETING CARD, RITA",326,79.11,47,27,2,0.19,2009-12-07 18:02:00,2010-09-20 15:32:00,6.9361702127659575
20898,VINTAGE NOTEBOOK TRAVELOGUE,326,687.88,52,31,4,2.95,2009-12-08 12:34:00,2011-10-23 13:49:00,6.269230769230769
21173,LOO ROLL  METAL SIGN,326,576.91,69,14,3,1.65,2009-12-07 17:56:00,2010-04-01 12:07:00,4.72463768115942
84798B,PURPLE FOXGLOVE ARTIIFCIAL FLOWER,326,492.90000000000003,10,9,2,2.55,2010-01-07 12:34:00,2011-03-22 13:54:00,32.6
84858B,BLUE RIVIERA HANDBAG,326,431.0,9,5,1,1.25,2010-04-28 10:50:00,2010-06-02 14:48:00,36.22222222222222
84499,BLACK FLOWER CANDLE PLATE,326,272.16999999999996,41,25,1,0.85,2009-12-16 17:58:00,2011-01-04 11:34:00,7.951219512195122
21462,"NURSERY A,B,C PAINTED LETTERS",326,2226.96,160,80,7,6.75,2009-12-11 13:36:00,2011-12-04 15:28:00,2.0375
21253,SET OF PICTURE FRAME  STICKERS,326,1197.52,117,68,4,5.79,2009-12-07 13:59:00,2011-12-02 10:08:00,2.786324786324786
47481,50CM METAL STRING WITH  7 CLIPS,325,263.23,43,35,6,0.85,2009-12-07 17:56:00,2011-11-29 17:52:00,7.558139534883721
47563A,RETRO LONGBOARD IRONING BOARD COVER,324,780.64,141,62,2,3.29,2009-12-07 15:26:00,2011-12-02 16:39:00,2.297872340425532
72739C,DARK CHOCOLATE SCENTCANDLE,324,273.94,22,7,1,1.25,2009-12-07 11:29:00,2010-01-27 12:39:00,14.727272727272727
35824P,"HANGING FLOWERS+MIRROR,PINK",324,136.44,3,3,1,0.38,2010-03-22 14:34:00,2010-04-23 11:12:00,108.0
21089,SET/6 GREEN SPRING PAPER CUPS,323,112.54,40,29,4,0.19,2010-01-15 15:05:00,2011-08-17 14:25:00,8.075
35810B,ENAMEL BLUE RIM COFFEE CONTAINER,323,513.51,66,38,9,2.1,2009-12-10 20:22:00,2011-11-30 14:03:00,4.893939393939394
84797B,BLUE SAVANNAH PICNIC HAMPER FOR 4,323,1845.2,33,7,3,4.95,2009-12-14 18:03:00,2010-06-01 12:00:00,9.787878787878787
84795C,OCEAN STRIPE HAMMOCK,322,2728.7400000000002,129,28,3,7.95,2009-12-11 16:48:00,2011-01-31 15:27:00,2.496124031007752
84984B,RED PEONY CUSHION COVER,322,541.3,16,13,2,4.65,2010-01-08 16:29:00,2011-11-08 11:03:00,20.125
47597,NEW ENGLAND TEATOWELS,322,644.88,124,28,2,1.66,2009-12-10 12:21:00,2010-08-31 12:30:00,2.596774193548387
22394,PAPERWEIGHT KINGS CHOICE,321,534.54,52,37,3,2.55,2010-04-06 11:21:00,2011-11-30 09:53:00,6.173076923076923
84927F,PSYCHEDELIC TILE HOOK,321,267.86,60,41,3,2.1,2009-12-16 14:59:00,2011-12-02 14:25:00,5.35
23179,CLOCK MAGNET MUM'S KITCHEN,321,922.19,50,26,8,2.89,2011-03-03 15:02:00,2011-11-24 09:26:00,6.42
20862,PINK PATCH PENCIL CASE BLUE HEART,321,676.1400000000001,33,15,4,2.1,2009-12-07 15:28:00,2010-06-30 08:36:00,9.727272727272727
20998,ROSE DU SUD OVEN GLOVE,320,930.46,126,70,8,2.95,2009-12-08 16:09:00,2011-10-14 13:54:00,2.5396825396825395
21796,SET OF 3 RED STRIPE BASKETS,320,2731.19,65,29,2,12.75,2009-12-08 16:20:00,2010-08-11 11:58:00,4.923076923076923
23469,CARD HOLDER LOVE BIRD SMALL,320,1288.88,68,10,7,4.15,2011-09-30 09:39:00,2011-12-02 16:39:00,4.705882352941177
84251B,"GREETING CARD, STICKY GORDON",319,84.84,61,30,3,0.42,2010-03-08 12:08:00,2011-09-25 16:05:00,5.229508196721311
84854,GIRLY PINK TOOL SET,317,1716.5700000000002,94,38,7,4.95,2009-12-07 15:26:00,2010-12-01 09:41:00,3.372340425531915
23010,CIRCUS PARADE BABY GIFT SET,315,4879.599999999999,111,35,11,16.95,2011-03-09 12:37:00,2011-12-04 12:02:00,2.8378378378378377
23071,MARIE ANTOINETTE TRINKET BOX GOLD,315,1205.1,19,14,5,12.5,2011-04-20 11:11:00,2011-10-26 13:36:00,16.57894736842105
22177,5 HOOK BLACKBOARD ORGANISER,315,2990.21,119,22,4,9.95,2009-12-08 09:35:00,2010-08-25 12:39:00,2.6470588235294117
47592A,CAROUSEL DES CHILD'S OVERALL,315,603.77,97,32,5,1.66,2009-12-08 13:08:00,2010-09-13 11:28:00,3.247422680412371
84791,GINGHAM HEART DECORATION,315,1020.8100000000001,99,29,3,2.95,2009-12-07 12:32:00,2010-07-20 11:06:00,3.1818181818181817
21711,FOLDING UMBRELLA WHITE/RED POLKADOT,315,1213.13,66,47,5,4.95,2009-12-11 13:49:00,2011-11-24 14:40:00,4.7727272727272725
46126A,ELVIS WALLHANGING / CURTAIN,314,416.24,47,29,2,1.25,2010-01-22 11:28:00,2011-05-18 11:08:00,6.680851063829787
22912,YELLOW COAT RACK PARIS FASHION,313,1471.0900000000001,108,46,9,4.95,2010-11-19 10:58:00,2011-11-28 14:06:00,2.8981481481481484
84687,BEACH HUT SHELF W 3 DRAWERS,313,1202.11,72,46,6,5.95,2009-12-15 17:56:00,2011-11-13 16:24:00,4.347222222222222
21924,BLUE/CREAM STRIPE FRINGE HAMMOCK,313,2461.36,121,34,4,7.95,2009-12-18 16:36:00,2010-10-18 12:43:00,2.5867768595041323
72799B,PURPLE PILLAR CANDLE BLACK FLOCK,312,438.21000000000004,15,3,2,2.95,2009-12-07 18:02:00,2010-01-05 15:55:00,20.8
20825,GOLD WINE GLASS,312,1066.3200000000002,5,4,1,3.75,2010-03-25 13:05:00,2010-11-14 11:30:00,62.4
35607B,BLACK FEATHER CHRISTMAS DECORATION,312,62.3,17,15,1,0.19,2009-12-11 11:52:00,2011-09-15 12:16:00,18.352941176470587
22164,STRING OF STARS CARD HOLDER,312,871.2800000000001,47,30,4,2.95,2009-12-08 15:49:00,2011-11-28 12:14:00,6.638297872340425
84689,S/2 BEACH HUT TREASURE CHESTS,312,742.9,40,23,4,5.95,2009-12-18 12:33:00,2011-05-04 12:29:00,7.8
10080,GROOVY CACTUS INFLATABLE,311,125.88999999999999,25,19,1,0.39,2010-07-29 18:49:00,2011-11-21 17:04:00,12.44
21415,CLAM SHELL SMALL,311,696.9300000000001,79,58,3,2.1,2009-12-09 09:42:00,2011-11-21 10:22:00,3.9367088607594938
22765,NEWSPAPER STAND,311,3508.3,53,10,4,14.95,2010-10-10 14:17:00,2010-12-09 14:09:00,5.867924528301887
21028,NINJA RABBIT BLACK,310,404.02,89,51,2,1.25,2009-12-07 13:59:00,2011-11-28 15:54:00,3.4831460674157304
20804,GLASS CHICKEN BUTTER DISH,310,543.88,52,15,1,3.36,2009-12-07 11:51:00,2010-07-01 10:44:00,5.961538461538462
23178,JAM CLOCK MAGNET,309,905.3100000000001,63,28,9,2.89,2011-03-03 15:02:00,2011-11-30 17:37:00,4.904761904761905
21750,LARGE SKULL WINDMILL,309,663.85,62,42,3,2.1,2009-12-14 15:51:00,2011-11-08 18:41:00,4.983870967741935
35241,ENAMEL BLUE RIM BISCUIT BIN,308,1626.47,129,58,14,4.95,2009-12-07 15:15:00,2011-05-03 15:59:00,2.387596899224806
35653,VINTAGE BEAD NOTEBOOK,308,970.59,110,51,4,2.95,2009-12-09 13:00:00,2011-08-11 11:45:00,2.8
85103,SILVER T-LIGHT SETTING,308,2092.68,82,46,2,6.75,2009-12-08 12:12:00,2011-07-19 12:38:00,3.7560975609756095
23185,FRENCH STYLE STORAGE JAR JAM,308,112.24,29,20,2,0.29,2011-03-04 14:42:00,2011-11-24 16:59:00,10.620689655172415
23453,OVAL  MINI PORTRAIT FRAME,307,598.43,45,8,4,1.95,2011-10-14 12:33:00,2011-12-02 12:36:00,6.822222222222222
84804B,BLUE DELPHINIUM ARTIFICIAL FLOWER,307,464.05000000000007,17,13,1,2.95,2010-01-05 13:58:00,2011-09-27 11:01:00,18.058823529411764
20826,SILVER APERITIF GLASS,307,188.96,13,10,1,1.69,2010-05-16 14:54:00,2011-05-18 11:08:00,23.615384615384617
23401,RUSTIC MIRROR WITH LACE HEART,307,1663.8000000000002,76,13,3,6.25,2011-09-07 16:27:00,2011-12-04 15:18:00,4.0394736842105265
21388,IVORY HANGING DECORATION  CHICKEN,305,285.07,28,12,1,0.85,2009-12-08 15:12:00,2010-03-29 16:47:00,10.892857142857142
37464,ROBOT MUG IN DISPLAY BOX,305,414.79,77,33,3,1.25,2009-12-07 15:15:00,2010-12-17 16:53:00,3.961038961038961
22861,EASTER TIN CHICKS IN GARDEN,305,522.93,50,15,7,1.65,2010-12-12 11:44:00,2011-04-21 16:17:00,6.1
62094B,TURQ ICE CREAM BUM BAG,305,677.99,67,38,5,5.06,2010-01-19 09:05:00,2011-02-04 10:40:00,4.552238805970149
37345,ASSTD HEARTS DESIGN MUGS,305,529.85,7,4,2,1.95,2009-12-07 17:56:00,2010-01-07 12:34:00,43.57142857142857
23408,PHOTO FRAME LINEN AND LACE SMALL,304,632.32,58,13,3,2.08,2011-09-07 16:27:00,2011-12-02 15:29:00,5.241379310344827
84805B,BLUE CLIMBING HYDRANGA ART FLOWER,304,506.40000000000003,7,7,2,3.75,2010-01-07 12:34:00,2011-09-16 14:04:00,43.42857142857143
47593A,CAROUSEL DESIGN BABY BIB,303,306.67,97,44,5,0.85,2009-12-07 13:59:00,2011-03-29 16:05:00,3.1237113402061856
84859C,PINK DISCO HANDBAG,303,550.77,38,25,3,1.95,2009-12-11 11:10:00,2011-11-25 11:20:00,7.973684210526316
17107D,"FLOWER FAIRY,5 SUMMER B'DRAW LINERS",303,772.65,83,49,5,2.55,2009-12-10 12:21:00,2011-11-25 16:13:00,3.6506024096385543
79144C,PAINTED LIGHTBULB RAINBOW DESIGN,302,176.82,94,59,2,0.83,2009-12-14 17:57:00,2011-12-01 16:22:00,3.2127659574468086
84869,CANDY BUTTON PHOTO ALBUM,302,703.54,26,14,2,5.95,2009-12-09 11:58:00,2010-04-23 11:12:00,11.615384615384615
85125,SMALL ROUND CUT GLASS CANDLESTICK,301,1439.91,60,41,3,4.95,2009-12-13 11:23:00,2011-11-27 11:12:00,5.016666666666667
21322,GLASS SPHERE CANDLE STAND LARGE,301,590.45,14,4,2,6.65,2009-12-09 13:11:00,2010-01-11 14:35:00,21.5
20935,ROUND CACTUS CANDLE,300,574.48,46,25,1,2.95,2009-12-08 15:25:00,2011-11-16 16:08:00,6.521739130434782
23694,PAISLEY PARK CARD,299,130.69,32,3,1,0.42,2011-11-14 13:42:00,2011-12-02 16:39:00,9.34375
22509,SEWING BOX RETROSPOT DESIGN,298,4778.8099999999995,161,70,11,16.95,2010-03-10 14:50:00,2011-12-04 15:28:00,1.8509316770186335
22415,WHITE TISSUE REAM,298,2369.1,190,50,4,7.95,2009-12-07 13:07:00,2011-01-26 11:27:00,1.568421052631579
72051S,BAG OF SILVER STONES,297,189.19,52,38,1,0.84,2009-12-15 18:33:00,2011-04-13 12:57:00,5.711538461538462
84795B,SUNSET CHECK HAMMOCK,297,2371.14,95,47,4,7.95,2009-12-07 18:02:00,2011-11-08 09:07:00,3.126315789473684
21265,PINK GOOSE FEATHER TREE 60CM,297,658.79,32,23,5,1.95,2009-12-16 10:45:00,2011-12-04 13:59:00,9.28125
85211,S/4 GROOVY CAT MAGNETS,297,443.65,69,46,2,1.65,2009-12-07 18:02:00,2011-10-13 12:21:00,4.304347826086956
21779,MA CAMPAGNE MINI WOODEN CHEST,297,1063.8000000000002,20,4,2,2.95,2009-12-07 12:42:00,2010-01-15 15:22:00,14.85
21312,LARGE CHUNKY GLASS ROMAN BOWL,297,1165.67,24,16,1,6.75,2010-01-18 13:15:00,2010-09-12 11:44:00,12.375
84086C,PINK/PURPLE RETRO RADIO,297,884.75,88,49,9,2.95,2009-12-09 09:42:00,2011-11-30 13:08:00,3.375
22641,SET OF 4 NAPKIN CHARMS INSTRUMENT,297,702.53,68,38,3,2.55,2010-07-21 14:38:00,2011-11-29 15:06:00,4.367647058823529
23341,PINK DINER WALL CLOCK,297,2648.2200000000003,116,24,11,8.5,2011-06-24 09:22:00,2011-12-02 10:32:00,2.560344827586207
47578A,ENGLISH ROSE SMALL SCENTED FLOWER,297,270.6,67,47,3,0.85,2009-12-07 18:02:00,2011-12-04 13:45:00,4.432835820895522
35816P,"ACRYLIC JEWEL ANGEL,PINK",297,137.43,9,8,3,1.25,2010-02-18 13:29:00,2011-08-16 13:12:00,33.0
85026B,EAU DE NILE JEWELLED T-LIGHT HOLDER,297,364.15,27,25,1,0.85,2009-12-10 12:10:00,2011-11-24 14:40:00,11.0
22510,GINGHAM BABUSHKA DOORSTOP,296,805.77,83,51,7,3.75,2010-03-12 11:19:00,2011-12-04 15:19:00,3.566265060240964
21728,METAL MEDINA LANTERN,296,2747.61,38,21,1,12.75,2009-12-14 17:16:00,2010-07-23 08:24:00,7.7894736842105265
84809B,PINK CHRYSANTHEMUMS ART FLOWER,296,351.6,8,7,1,2.1,2010-01-27 12:19:00,2011-02-25 10:53:00,37.0
23516,EMBROIDERED RIBBON REEL SOPHIE,295,1054.85,41,10,7,3.75,2011-09-25 12:22:00,2011-12-02 14:30:00,7.195121951219512
23027,DRAWER KNOB VINTAGE GLASS HEXAGON,295,627.95,30,18,4,2.08,2011-06-22 14:38:00,2011-12-02 10:32:00,9.833333333333334
21127,COLOURFUL FISHING GNOME,295,986.13,46,23,4,5.95,2009-12-07 13:48:00,2010-06-10 13:52:00,6.413043478260869
84682,CLASSICAL ROSE DISH,295,596.94,49,32,1,2.95,2009-12-08 12:38:00,2010-09-27 13:10:00,6.020408163265306
20932,PINK POT PLANT CANDLE,295,1090.26,77,55,4,3.75,2009-12-10 09:49:00,2011-12-02 16:39:00,3.831168831168831
21095,SET/6 POSIES PAPER PLATES,295,274.57,40,31,3,0.85,2009-12-17 14:08:00,2011-06-16 19:59:00,7.375
85063,CREAM SWEETHEART MAGAZINE RACK,295,5218.389999999999,173,46,5,16.95,2009-12-09 09:42:00,2010-11-18 14:52:00,1.7052023121387283
84968F,SET OF 16 VINTAGE SKY BLUE CUTLERY,294,3520.77,128,57,9,12.75,2009-12-07 10:51:00,2011-11-13 11:37:00,2.296875
71495B,CD WALL TIDY RED FLOWERS,294,111.57000000000001,18,17,3,0.42,2010-01-28 12:42:00,2011-11-24 12:33:00,16.333333333333332
20618,QUEEN OF THE SKIES PASSPORT COVER,294,640.04,134,72,4,2.1,2009-12-07 18:02:00,2011-11-28 13:37:00,2.1940298507462686
23402,HOME SWEET HOME 3 PEG HANGER,293,1124.9,65,13,3,3.75,2011-09-05 12:00:00,2011-12-04 12:17:00,4.507692307692308
23660,HENRIETTA HEN MUG,293,500.80999999999995,36,6,4,1.65,2011-10-13 13:43:00,2011-12-02 14:26:00,8.13888888888889
23067,HANGING ENGRAVED METAL HEART,292,1228.3600000000001,76,30,3,4.15,2011-04-26 16:45:00,2011-12-04 13:59:00,3.8421052631578947
72023F,RED ORGANIC CANDLE IN GLASS,292,369.02,46,18,1,1.25,2009-12-07 13:32:00,2010-08-08 14:51:00,6.3478260869565215
62095B,TURQOISE ICE CREAM SUNHAT,292,310.83,21,12,3,1.69,2010-02-01 09:52:00,2010-11-28 14:57:00,13.904761904761905
84919,BLUE CUSHION COVER WITH FLOWER,291,1619.84,43,32,3,6.95,2009-12-09 13:25:00,2011-09-21 15:22:00,6.767441860465116
23054,RECYCLED ACAPULCO MAT LAVENDER,291,2555.17,127,34,12,8.25,2011-03-04 13:58:00,2011-11-29 16:33:00,2.2913385826771653
84859A,SILVER DISCO HANDBAG,291,605.27,57,38,3,1.95,2009-12-11 11:10:00,2011-11-25 11:20:00,5.105263157894737
71279,PINK GLASS CANDLEHOLDER,291,966.21,77,52,3,2.95,2009-12-07 17:56:00,2011-11-09 16:14:00,3.779220779220779
84457,SET/3 RABBITS FLOWER SKIPPPING ROPE,291,278.72999999999996,64,28,3,0.85,2010-01-24 14:57:00,2011-11-09 15:09:00,4.546875
79323G,GOLD  CHERRY LIGHTS,291,1852.63,53,17,1,6.75,2009-12-07 18:02:00,2010-04-19 12:39:00,5.490566037735849
20863,BLUE PATCH PENCIL CASE PINK HEART,290,588.63,47,25,4,2.1,2009-12-07 15:28:00,2010-08-15 16:00:00,6.170212765957447
21263,GREEN GOOSE FEATHER TREE 60CM,290,640.74,52,24,4,1.95,2010-09-13 09:56:00,2011-12-04 14:55:00,5.576923076923077
22785,SQUARECUSHION COVER PINK UNION FLAG,290,2023.85,114,37,5,6.75,2010-10-17 10:42:00,2011-12-01 13:28:00,2.543859649122807
85023B,EAU DE NILE JEWELLED PHOTOFRAME,290,674.7,36,29,4,2.55,2009-12-22 14:15:00,2011-11-16 10:55:00,8.055555555555555
84877B,GREEN ROUND COMPACT MIRROR,289,497.57,41,30,3,2.46,2009-12-09 09:51:00,2011-11-30 14:17:00,7.048780487804878
90200D,PINK SWEETHEART BRACELET,289,1210.8,137,69,3,4.24,2009-12-07 17:56:00,2011-11-30 15:13:00,2.1094890510948905
82076,BEECH WOOD PHOTO FRAME,288,396.78,17,5,1,3.36,2009-12-07 17:56:00,2010-01-27 12:39:00,16.941176470588236
35912B,WHITE/PINK CHICK DECORATION,288,355.58000000000004,30,25,5,1.25,2010-01-07 12:22:00,2011-10-30 11:09:00,9.6
84631,FRUIT TREE AND BIRDS WALL PLAQUE,288,1106.16,50,30,3,7.95,2009-12-16 12:11:00,2011-06-30 15:56:00,5.76
20699,MOUSEY LONG LEGS SOFT TOY,288,780.04,85,46,6,2.55,2009-12-07 13:35:00,2011-11-17 12:55:00,3.388235294117647
21133,PAINTED BIRD ASSORTED CHRISTMAS,288,486.72,31,15,1,1.69,2009-12-08 12:25:00,2010-09-13 12:56:00,9.290322580645162
35915A,CREAM KNITTED HEN,288,365.76,1,1,1,1.27,2009-12-18 10:59:00,2009-12-18 10:59:00,288.0
23272,TREE T-LIGHT HOLDER WILLIE WINKIE,287,511.2699999999999,37,17,3,1.65,2011-06-22 11:30:00,2011-12-01 19:54:00,7.756756756756757
46115B,GREEN POP ART MAO CUSHION COVER,286,54.34,22,16,1,0.19,2010-05-11 15:03:00,2011-03-04 14:28:00,13.0
85144,JARDIN ETCHED GLASS CHEESE DISH,286,1039.6,69,35,4,7.25,2010-01-14 14:18:00,2011-05-03 13:52:00,4.144927536231884
21025,SPACE FROG,286,376.09,77,34,4,1.25,2009-12-16 16:02:00,2011-12-02 16:39:00,3.7142857142857144
23478,WOODLAND LARGE PINK FELT HEART,285,324.40000000000003,13,5,3,1.25,2011-10-20 12:07:00,2011-12-01 14:17:00,21.923076923076923
79323S,SILVER CHERRY LIGHTS,285,1739.3300000000002,42,16,2,6.75,2009-12-08 12:41:00,2010-09-16 09:07:00,6.785714285714286
21444,BLUE CHALET BIRDFEEDER,285,863.4100000000001,31,15,3,3.75,2009-12-10 09:44:00,2010-04-26 10:57:00,9.193548387096774
84796A,PINK HAWAIIAN PICNIC HAMPER FOR 2,284,2072.9500000000003,111,46,4,8.47,2009-12-07 17:56:00,2011-12-02 14:26:00,2.5585585585585586
35096B,RED VICTORIAN FABRIC HEART BOX,284,102.27000000000001,22,9,1,0.42,2009-12-07 17:56:00,2010-03-05 13:21:00,12.909090909090908
22391,PAPERWEIGHT HOME SWEET HOME,284,619.98,62,40,4,2.55,2010-03-30 12:27:00,2011-11-29 16:47:00,4.580645161290323
85113,POLKA DOT PISTACHIO PAIL,283,587.46,46,16,4,2.1,2009-12-08 15:49:00,2010-08-19 13:48:00,6.1521739130434785
18098c,PORCELAIN BUTTERFLY OIL BURNER,283,1433.08,130,32,1,5.06,2009-12-22 15:05:00,2010-12-21 15:17:00,2.1769230769230767
22928,YELLOW GIANT GARDEN THERMOMETER,283,1911.92,111,41,5,5.95,2010-11-22 14:39:00,2011-12-02 16:39:00,2.5495495495495497
23474,WOODLAND SMALL BLUE FELT HEART,282,242.85999999999999,34,6,6,0.83,2011-10-24 13:37:00,2011-12-02 14:48:00,8.294117647058824
85170B,SET/6 BLACK BIRD T-LIGHT CANDLES,282,471.61,57,40,1,2.1,2009-12-14 18:37:00,2011-11-29 17:52:00,4.947368421052632
84840,SWEETHEART CARRY-ALL BASKET,282,2430.82,140,36,4,8.5,2010-05-02 15:48:00,2011-03-25 12:21:00,2.0142857142857142
84859B,BLUE DISCO HANDBAG,281,429.33,17,14,1,1.95,2010-02-03 13:52:00,2011-11-25 11:20:00,16.529411764705884
21261,GREEN GOOSE FEATHER CHRISTMAS TREE,281,1112.7800000000002,75,36,6,7.46,2009-12-07 16:38:00,2011-11-25 12:20:00,3.7466666666666666
21550,CERAMIC BIRDHOUSE CRESTED TIT LARGE,281,1488.21,61,21,1,5.95,2009-12-07 13:23:00,2010-05-21 17:19:00,4.60655737704918
20616,CHERRY BLOSSOM PASSPORT COVER,280,439.91,118,61,2,1.66,2009-12-22 09:41:00,2011-11-28 15:31:00,2.3728813559322033
22108,PING! MICROWAVE PLATE,279,896.66,118,57,4,3.36,2009-12-07 15:26:00,2011-12-04 15:19:00,2.364406779661017
84932C,SMALL ORIENTAL BLUE FOLDING STOOL,279,589.9,33,18,8,1.95,2009-12-15 13:12:00,2010-06-30 13:17:00,8.454545454545455
84584,PINK GINGHAM CAT WITH SCARF,278,683.93,73,45,8,2.55,2009-12-09 09:42:00,2011-07-10 13:46:00,3.808219178082192
84843,WHITE SOAP RACK WITH 2 BOTTLES,278,1719.16,109,67,8,5.95,2009-12-07 17:56:00,2011-12-02 12:07:00,2.55045871559633
72753B,S/3 FLWR FAIRY LAVENDER CANDLES,277,604.9300000000001,12,7,2,2.1,2009-12-07 13:48:00,2010-03-26 14:29:00,23.083333333333332
20793,BLUE TILED TRAY,277,483.51,20,19,2,6.75,2009-12-08 13:19:00,2011-09-08 10:35:00,13.85
17014A,ORIGAMI VANILLA INCENSE CONES,276,170.13,16,14,1,1.65,2009-12-09 09:42:00,2011-06-27 13:58:00,17.25
23111,PARISIENNE SEWING BOX,276,3402.26,130,29,9,12.5,2011-05-11 13:20:00,2011-12-02 15:25:00,2.123076923076923
84809A,WHITE CHRYSANTHEMUMS ART FLOWER,276,474.84000000000003,21,19,3,2.1,2010-01-27 12:19:00,2011-06-01 17:18:00,13.142857142857142
17091B,JASMINE TEA INCENSE IN TIN,275,315.73,50,29,2,1.25,2009-12-08 13:41:00,2010-09-09 19:23:00,5.5
21410,COUNTRY COTTAGE  DOORSTOP GREEN,274,1343.98,144,47,6,4.25,2009-12-07 15:42:00,2010-12-07 15:32:00,1.9027777777777777
16119,FUNKY GIRL ADDRESS BOOK,273,130.71,8,3,2,1.25,2009-12-10 16:21:00,2009-12-22 14:15:00,34.125
23065,LARGE DECO JEWELLERY STAND,273,3427.44,99,28,6,12.5,2011-04-15 16:11:00,2011-10-20 12:23:00,2.757575757575758
84820,DANISH ROSE TRINKET TRAYS,273,859.87,50,38,10,5.95,2010-01-19 17:49:00,2011-12-02 14:48:00,5.46
22936,BAKING MOULD ROSE WHITE CHOCOLATE,273,869.71,47,28,5,3.25,2010-12-08 10:46:00,2011-11-29 16:33:00,5.808510638297872
84931B,BLUE SCOTTIE DOG W FLOWER PATTERN,273,683.77,82,52,4,2.55,2009-12-14 17:57:00,2011-11-30 13:08:00,3.3292682926829267
20913,SET/5 BLUE SPOTTY LID GLASS BOWLS,273,762.3199999999999,26,5,2,2.95,2009-12-08 15:12:00,2010-01-17 16:01:00,10.5
84801A,PINK HYDRANGEA ART FLOWER,272,427.44000000000005,15,14,1,2.1,2010-01-05 14:12:00,2011-11-23 11:47:00,18.133333333333333
84509C,SET OF 4 POLKADOT PLACEMATS,272,1059.79,93,58,5,3.75,2009-12-07 18:02:00,2011-11-25 14:25:00,2.924731182795699
37467,PIG MUG IN TWO COLOUR DESIGNS,272,324.21,63,40,5,4.13,2009-12-07 17:18:00,2011-10-10 14:37:00,4.317460317460317
35933,PINK STOCKING CHRISTMAS DECORATION,271,113.14,27,17,4,0.38,2010-09-20 13:44:00,2011-11-06 12:26:00,10.037037037037036
21256,"FRENCH BOTTLE, BRASSERIE DES ARTIST",270,493.37999999999994,60,10,1,1.65,2009-12-07 12:08:00,2010-02-18 12:25:00,4.5
85127,SMALL SQUARE CUT GLASS CANDLESTICK,270,1649.19,77,50,3,4.95,2009-12-16 12:16:00,2011-11-29 15:08:00,3.5064935064935066
21332,MOROCCAN BEATEN METAL MIRROR,269,1631.42,49,31,3,12.75,2009-12-09 11:58:00,2011-08-15 14:51:00,5.489795918367347
84905,PINK BUTTERFLY CUSHION COVER,269,1007.91,105,44,2,5.06,2009-12-16 15:48:00,2011-06-29 15:58:00,2.5619047619047617
85028L,FRENCH CHATEAU LARGE FRUIT BOWL,269,638.11,26,19,3,7.95,2009-12-21 11:08:00,2011-04-08 11:54:00,10.346153846153847
23023,RIDGED BONNE JAM JAR T-LIGHT HOLDER,268,427.91999999999996,24,14,2,1.65,2011-06-20 15:47:00,2011-11-24 14:40:00,11.166666666666666
23106,ZINC HEARTS PLANT POT HOLDER,268,797.4200000000001,49,24,1,2.89,2011-05-13 10:44:00,2011-11-25 14:53:00,5.469387755102041
84761,IVORY HANGING BIRD PLANTER,268,748.4499999999999,60,28,3,2.55,2009-12-08 17:08:00,2010-09-16 19:43:00,4.466666666666667
21134,VICTORIAN METAL POSTCARD CHRISTMAS,267,440.54999999999995,37,19,2,1.65,2009-12-07 12:13:00,2010-11-16 16:46:00,7.216216216216216
20763,DAISY SKETCHBOOK,266,699.11,73,46,2,3.75,2009-12-07 11:19:00,2011-11-27 16:08:00,3.643835616438356
84510C,SET OF 4 POLKADOT COASTERS,266,389.17,96,65,2,1.25,2009-12-07 18:02:00,2011-12-01 19:42:00,2.7708333333333335
C2,CARRIAGE,266,13326.0,265,90,4,50.0,2009-12-07 09:25:00,2011-12-01 17:51:00,1.0037735849056604
84984A,GREEN PEONY CUSHION COVER,266,462.12,17,14,3,4.65,2010-01-08 16:29:00,2011-11-08 11:03:00,15.647058823529411
82605,OLD DOC RUSSEL METAL SIGN,266,588.6700000000001,123,51,2,2.1,2009-12-08 14:56:00,2011-03-18 11:30:00,2.16260162601626
20894,HANGING BAUBLE T-LIGHT HOLDER LARGE,265,821.4000000000001,77,42,2,2.95,2009-12-14 10:27:00,2011-12-01 08:51:00,3.4415584415584415
16207B,PINK HEART RED HANDBAG,265,457.65000000000003,46,20,2,2.51,2009-12-11 13:49:00,2011-08-30 10:49:00,5.760869565217392
20705,MRS ROBOT SOFT TOY,265,980.59,52,39,7,6.95,2009-12-07 13:35:00,2011-12-04 15:19:00,5.096153846153846
35599B,BLACK CHRISTMAS TREE 120CM,264,923.13,48,28,6,5.91,2009-12-11 15:40:00,2011-12-04 12:14:00,5.5
21459,YELLOW EASTER EGG HUNT START POST,263,520.55,44,24,2,1.95,2010-01-28 10:08:00,2011-04-18 14:50:00,5.9772727272727275
21784,SHOE SHINE BOX,263,3093.3799999999997,167,67,6,9.95,2009-12-07 13:49:00,2011-09-01 13:40:00,1.5748502994011977
17012E,ORIGAMI OPIUM INCENSE/CANDLE SET,263,296.78999999999996,29,17,2,2.51,2009-12-16 12:39:00,2010-12-15 15:34:00,9.068965517241379
84218,BOX/12 CHICK & EGG IN BASKET,261,503.51,96,21,5,1.95,2010-01-31 15:40:00,2011-03-31 11:25:00,2.71875
23041,PAPER LANTERN 9 POINT SNOW STAR,261,1099.71,51,24,1,4.15,2011-04-28 13:35:00,2011-12-04 12:02:00,5.117647058823529
17011A,ORIGAMI VANILLA INCENSE+FLOWER,261,179.56,12,10,2,3.1550000000000002,2009-12-22 09:41:00,2010-08-20 09:23:00,21.75
21087,SET/6 POSIES PAPER CUPS,260,168.08,32,22,3,0.65,2010-01-25 15:42:00,2011-04-19 14:49:00,8.125
23475,WOODLAND SMALL PINK FELT HEART,260,220.6,29,6,5,0.83,2011-10-27 16:23:00,2011-12-04 13:55:00,8.96551724137931
84916,HAND TOWEL PALE BLUE W FLOWERS,260,640.48,57,34,4,4.21,2009-12-13 16:05:00,2011-05-04 11:00:00,4.56140350877193
21412,VINTAGE GOLD TINSEL REEL,260,229.9,58,19,4,0.42,2009-12-07 15:26:00,2010-11-21 10:38:00,4.482758620689655
23066,SMALL DECO JEWELLERY STAND,259,2137.81,85,24,5,8.25,2011-04-18 14:01:00,2011-10-13 14:33:00,3.0470588235294116
84932A,SMALL GREEN PEONY FOLDING STOOL,258,568.6,22,13,7,1.95,2010-01-21 14:01:00,2010-06-14 13:31:00,11.727272727272727
48195,DOOR MAT GREEN PAISLEY,258,1553.74,82,24,4,7.49,2009-12-08 13:56:00,2010-07-22 12:17:00,3.1463414634146343
23009,I LOVE LONDON BABY GIFT SET,258,4016.2499999999995,99,37,8,16.95,2011-03-09 15:17:00,2011-12-01 16:37:00,2.606060606060606
23485,BOTANICAL GARDENS WALL CLOCK,258,5743.92,79,7,5,25.0,2011-10-20 14:51:00,2011-12-04 11:56:00,3.2658227848101267
85008,SET OF 3 CONEY ISLAND OVAL BOXES,257,999.32,96,46,6,4.95,2009-12-07 18:02:00,2011-04-10 14:16:00,2.6770833333333335
21664,RIDGED GLASS STORAGE JAR CREAM LID,257,1027.32,66,45,2,3.75,2009-12-07 15:28:00,2011-10-17 12:22:00,3.893939393939394
21662,VINTAGE GLASS COFFEE CADDY,257,1669.65,105,55,2,5.95,2009-12-07 17:56:00,2011-08-15 14:17:00,2.447619047619048
62096B,PURPLE/TURQ FLOWERS HANDBAG,257,441.99,82,33,2,1.95,2009-12-07 18:02:00,2011-03-07 14:51:00,3.1341463414634148
21690,SILVER  CANDLEPOT JARDIN,256,983.34,81,43,2,3.75,2009-12-08 12:51:00,2011-01-30 15:48:00,3.1604938271604937
17013B,ORIGAMI JASMINE INCENSE IN TUBE,256,221.03,3,2,1,1.27,2009-12-09 09:42:00,2009-12-16 12:39:00,85.33333333333333
47503G,ASS FLORAL PRINT TAPE MEASURE,256,331.04,30,13,2,1.25,2009-12-07 18:02:00,2010-03-12 11:19:00,8.533333333333333
85049e,SCANDINAVIAN REDS RIBBONS,256,853.77,56,35,1,3.29,2010-06-24 11:33:00,2011-11-30 14:11:00,4.571428571428571
23153,ZINC SWEETHEART WIRE LETTER RACK,256,990.73,87,31,2,3.75,2011-04-18 14:32:00,2011-11-25 14:25:00,2.942528735632184
23024,LARGE BONNE JAM JAR  T-LIGHT HOLDER,255,667.8500000000001,11,9,3,2.89,2011-06-22 15:41:00,2011-11-14 13:55:00,23.181818181818183
23253,16 PIECE CUTLERY SET PANTRY DESIGN,255,3783.67,68,29,9,15.95,2011-04-18 13:13:00,2011-11-24 12:40:00,3.75
21657,MILK BOTTLE WITH GLASS STOPPER,255,1945.69,116,53,4,6.95,2009-12-08 13:04:00,2011-02-20 13:18:00,2.1982758620689653
21443,OLIVE CHALET BIRDFEEDER,255,716.4,24,12,1,3.75,2009-12-08 15:49:00,2010-03-30 13:35:00,10.625
35966,FOLKART CHRISTMAS TREE T-LIGHT HOLD,254,109.64,25,17,1,0.38,2009-12-09 09:42:00,2011-08-24 10:45:00,10.16
84601A,NEW BAROQUE IVORY CUSHION COVER,254,620.64,14,12,2,2.95,2009-12-10 16:21:00,2010-07-15 13:16:00,18.142857142857142
81952B,ROUND BLUE CLOCK W/SUCKER,254,84.56,20,12,2,0.745,2010-01-11 14:39:00,2011-07-26 13:03:00,12.7
23451,SQUARE MINI PORTRAIT FRAME,254,502.59999999999997,46,8,3,1.95,2011-10-14 14:04:00,2011-12-02 12:02:00,5.521739130434782
47591d,PINK FAIRY CAKE CHILDRENS APRON,253,1274.3799999999999,72,40,1,4.96,2010-08-13 17:00:00,2011-11-29 15:08:00,3.513888888888889
22987,"WRAP , SUMMER ROSE DESIGN",252,105.84,11,11,1,0.42,2010-09-07 10:59:00,2011-10-10 16:36:00,22.90909090909091
15030,FAN BLACK FRAME,252,73.08,25,23,1,0.29,2009-12-13 14:38:00,2011-11-10 12:01:00,10.08
84249A,"GREETING CARD,SQUARE, DOUGHNUTS",251,112.39,33,25,2,0.42,2010-02-04 16:16:00,2011-11-22 15:41:00,7.606060606060606
20864,DENIM PATCH PENCIL CASE BUTTERFLY,251,496.04,28,17,4,2.1,2009-12-07 15:28:00,2010-10-24 14:21:00,8.964285714285714
84800M,MEDIUM WHITE/PINK ROSE ART FLOWER,250,357.22,27,21,1,1.69,2010-01-28 17:13:00,2011-08-28 12:06:00,9.25925925925926
20736,PINK MINI TAPE MEASURE,250,199.5,12,7,1,0.85,2009-12-08 11:13:00,2010-03-14 15:07:00,20.833333333333332
22782,SET 3 WICKER STORAGE BASKETS,249,3587.5499999999997,82,38,5,24.95,2010-10-27 15:04:00,2011-11-28 10:49:00,3.0365853658536586
21275,ZINC TOP  2 DOOR WOODEN SHELF,249,1714.48,55,32,4,16.95,2009-12-08 16:23:00,2011-11-10 18:04:00,4.527272727272727
21836,GINGHAM OVEN GLOVE RED HEART,249,1003.89,100,39,6,3.75,2009-12-07 18:02:00,2011-01-20 15:22:00,2.49
22124,SET OF 2 TEA TOWELS PING MICROWAVE,249,693.1800000000001,123,66,3,2.51,2009-12-07 13:59:00,2011-12-04 15:19:00,2.024390243902439
46776C,WOVEN FROST CUSHION COVER,249,867.93,92,50,3,4.21,2009-12-10 09:49:00,2011-12-02 16:39:00,2.7065217391304346
20857,BLUE ROSE PATCH PURSE PINK BUTTERFL,248,409.2,72,41,5,1.65,2009-12-09 14:25:00,2011-02-17 13:28:00,3.4444444444444446
23407,SET OF 2 TRAYS HOME SWEET HOME,247,2503.6099999999997,123,14,7,9.95,2011-09-04 12:07:00,2011-12-04 13:20:00,2.008130081300813
84251C,"GREETING CARD, TWO SISTERS.",247,76.68,53,24,3,0.42,2009-12-14 13:19:00,2011-08-04 16:32:00,4.660377358490566
79072,TEATIME CAKE TIN WITH HANDLE,246,2684.7,94,15,6,9.95,2009-12-07 09:42:00,2010-03-29 15:02:00,2.617021276595745
21131,GOLD STANDING GNOME,246,1061.36,47,39,5,4.25,2009-12-07 17:56:00,2011-11-18 15:59:00,5.23404255319149
23079,TOADSTOOL BEDSIDE LIGHT,246,2180.7,102,29,8,8.95,2011-05-11 13:20:00,2011-12-04 13:32:00,2.411764705882353
84657,GREEN ROSE CUSHION COVER,246,517.48,20,8,3,3.1500000000000004,2009-12-18 12:33:00,2010-04-19 14:59:00,12.3
84846A,SCENTED CANDLE IN DIGITALIS TIN,245,554.95,53,36,1,2.1,2009-12-08 15:49:00,2011-10-10 14:37:00,4.622641509433962
20865,PATCHWORK PENCIL CASE BUTTERFLY,245,483.49,29,17,4,2.1,2009-12-08 11:13:00,2010-06-30 08:36:00,8.448275862068966
82616A,BUBBLE GUM SCARF KNITTING KIT,244,493.41,45,25,3,2.95,2009-12-07 12:26:00,2010-10-27 13:00:00,5.4222222222222225
71496A,A4 WALL TIDY BLUE OFFICE,244,148.01000000000002,17,16,3,1.46,2010-03-01 10:14:00,2011-11-02 14:31:00,14.352941176470589
23316,RED REFECTORY CLOCK,244,2421.92,105,24,10,9.95,2011-06-23 18:44:00,2011-12-02 13:21:00,2.323809523809524
23405,HOME SWEET HOME 2 DRAWER CABINET,243,1237.73,66,13,3,4.95,2011-09-05 11:18:00,2011-12-02 15:48:00,3.6818181818181817
46000U,POLYESTER FILLER PAD 30CMx30CM,243,303.75,50,41,5,1.25,2010-01-06 13:56:00,2011-12-04 12:17:00,4.86
47367B,PAIR PADDED HANGERS PINK CHECK,242,834.95,95,61,5,3.36,2009-12-14 18:37:00,2011-10-26 12:14:00,2.5473684210526315
23539,WALL ART LOVES' SECRET,242,1191.69,39,10,1,5.95,2011-10-02 15:50:00,2011-12-01 18:43:00,6.205128205128205
84715,SET OF 6 ICE CREAM SKITTLES,241,734.8900000000001,47,28,5,2.95,2009-12-07 17:56:00,2011-04-13 13:47:00,5.127659574468085
46000R,POLYESTER FILLER PAD 45x30cm,241,349.45,60,42,3,1.45,2010-01-26 14:18:00,2011-11-29 17:52:00,4.016666666666667
22829,SWEETHEART WIRE WALL TIDY,241,2468.5699999999997,118,46,6,9.95,2010-11-10 12:54:00,2011-11-11 14:50:00,2.042372881355932
77081,FLOWER WINDMILL,241,305.81,32,19,2,1.25,2009-12-07 17:56:00,2010-08-31 15:36:00,7.53125
85205B,PINK FELT EASTER RABBIT GARLAND,241,669.38,61,24,4,2.55,2010-01-11 09:37:00,2011-04-21 18:06:00,3.9508196721311477
47347B,BLUE FLOWER T-LIGHT HOLDER,240,179.88,11,8,1,1.25,2009-12-07 13:35:00,2010-03-08 15:49:00,21.818181818181817
84615,PINK ROUND BUTTERFLY MIRROR,240,748.48,21,9,2,1.95,2009-12-08 12:38:00,2010-04-12 16:38:00,11.428571428571429
22797,CHEST OF DRAWERS GINGHAM HEART,240,4155.32,138,47,7,16.95,2010-10-17 12:59:00,2011-11-30 10:48:00,1.7391304347826086
37492C,GREEN BLUE FLOWER PIGGY BANK,240,467.99999999999994,22,14,1,4.65,2009-12-11 13:31:00,2010-05-18 13:04:00,10.909090909090908
75149N,STRING CRYSTALS NATURAL,240,300.0,21,13,1,1.25,2009-12-14 13:09:00,2010-05-04 13:49:00,11.428571428571429
72815,3 WICK CHRISTMAS BRIAR CANDLE,239,922.11,61,19,3,3.75,2009-12-08 13:41:00,2011-01-26 12:40:00,3.918032786885246
21030,SPACE CADET RED,239,290.9,51,31,5,1.25,2009-12-16 16:02:00,2011-11-21 12:05:00,4.686274509803922
84837,WHITE SWEETHEARTS CABINET 4 DRAWERS,238,3017.71,133,33,2,12.75,2009-12-08 12:38:00,2010-08-02 11:07:00,1.7894736842105263
22954,HEN PARTY CORDON BARRIER TAPE,238,293.89,50,35,2,1.25,2010-11-05 14:21:00,2011-11-24 14:40:00,4.76
22799,SWEETHEART WIRE FRUIT BOWL,238,1976.59,105,44,6,8.5,2010-10-18 09:36:00,2011-12-04 15:28:00,2.2666666666666666
84856L,LARGE TAHITI BEACH BAG,238,1492.28,81,37,3,5.95,2009-12-17 17:54:00,2011-03-18 11:22:00,2.9382716049382718
23040,PAPER LANTERN 9 POINT SNOW STAR,237,1284.39,36,20,5,5.75,2011-04-28 13:35:00,2011-12-04 12:02:00,6.583333333333333
23427,STOOL HOME SWEET HOME,236,2848.08,113,12,5,12.5,2011-09-04 12:07:00,2011-12-04 11:56:00,2.088495575221239
23074,EMBOSSED HEART TRINKET BOX,235,510.04,42,13,3,2.08,2011-09-11 13:51:00,2011-12-04 15:00:00,5.595238095238095
23598,PAPER BUNTING VINTAGE PARTY,235,713.1300000000001,40,4,3,2.95,2011-11-10 16:20:00,2011-12-04 14:15:00,5.875
21366,MIRRORED WALL ART PHOTO FRAMES,235,1127.25,76,47,2,4.25,2009-12-10 10:47:00,2011-11-23 11:32:00,3.0921052631578947
21477,STRING OF 20 ROSE LIGHTS,234,2761.1099999999997,33,7,2,12.75,2009-12-07 09:42:00,2010-03-31 14:12:00,7.090909090909091
85179B,WHITE BITTY LIGHT CHAIN,234,1000.8,42,21,1,4.65,2009-12-07 11:20:00,2010-11-15 11:49:00,5.571428571428571
22786,CUSHION COVER PINK UNION JACK,234,1531.6000000000001,90,36,4,5.95,2010-10-17 13:07:00,2011-12-01 09:20:00,2.6
35824C,"HANGING FLOWERS+MIRROR,CLEAR",234,115.56,7,5,2,0.38,2009-12-07 11:46:00,2010-04-08 16:49:00,33.42857142857143
79063C,"RETRO PILL BOX KEY CHAIN,THE KING",234,43.46,13,11,2,0.19,2011-03-09 12:35:00,2011-11-27 15:02:00,18.0
84726,LILLIES CANVAS PICTURE,233,394.84999999999997,5,4,1,1.65,2010-03-03 11:53:00,2010-08-20 12:28:00,46.6
84807,RED POPPY ARTIFICIAL FLOWER,233,215.93,7,7,1,1.69,2010-01-07 11:52:00,2010-05-14 12:00:00,33.285714285714285
84984C,ORIENTAL BLUE C/COVER,232,401.16,16,13,2,4.65,2009-12-09 13:25:00,2010-11-14 15:22:00,14.5
84915,HAND TOWEL PINK FLOWER AND DAISY,232,451.3,36,27,4,4.21,2010-03-30 11:14:00,2011-12-02 16:39:00,6.444444444444445
79406,FROSTED WHITE BASE,232,57.85,19,18,1,0.22,2010-01-07 13:07:00,2011-11-03 11:29:00,12.210526315789474
85129B,BEADED CRYSTAL HEART GREEN SMALL,232,312.65,55,41,2,1.25,2009-12-15 13:40:00,2011-11-25 14:25:00,4.218181818181818
84932D,SMALL ORIENTAL RED FOLDING STOOL,231,506.71,19,10,5,1.95,2009-12-13 15:01:00,2010-04-20 11:37:00,12.157894736842104
84595B,LARGE TRIFLE DESIGN L BLUE BOWL,230,408.9,16,14,2,3.75,2009-12-15 15:21:00,2010-06-27 13:11:00,14.375
35914,PINK CHICK EGG WARMER + EGG CUP,230,309.28,54,25,3,0.85,2009-12-10 15:45:00,2011-10-19 15:08:00,4.2592592592592595
84231,EASTER BUNNY WITH BASKET ON BACK,230,166.21,50,23,1,0.65,2010-01-24 14:57:00,2011-11-04 12:05:00,4.6
84970l,SINGLE HEART ZINC T-LIGHT HOLDER,229,478.82,62,38,1,2.08,2010-05-26 12:38:00,2011-12-02 10:08:00,3.693548387096774
22447,PIN CUSHION BABUSHKA BLUE,229,759.99,79,43,7,3.35,2010-03-23 08:55:00,2011-11-24 09:21:00,2.8987341772151898
23060,HEART BEADED TRELLIS DECORATION,229,486.57,40,21,2,2.08,2011-04-18 10:41:00,2011-12-04 14:55:00,5.725
72814,SET OF 3 CHRISTMAS BRIAR CANDLES,229,829.1700000000001,47,19,4,3.75,2009-12-07 15:42:00,2010-11-22 12:59:00,4.872340425531915
35822B,"ACRYLIC BEAD CHAIN, BLUE",229,87.02,1,1,1,0.38,2010-01-27 12:39:00,2010-01-27 12:39:00,229.0
84917,WHITE HAND TOWEL WITH BUTTERFLY,229,686.03,53,31,3,4.21,2010-01-07 19:34:00,2011-05-26 10:44:00,4.320754716981132
17027A,INCENSE BAZAAR CANNABIS,228,84.84,2,2,1,0.355,2010-02-04 13:47:00,2010-03-10 11:21:00,114.0
23470,CARD HOLDER LOVE BIRD LARGE,228,1435.5,82,10,4,6.25,2011-10-02 13:26:00,2011-12-04 15:00:00,2.7804878048780486
21661,VINTAGE GLASS TEA CADDY,227,1445.91,97,43,3,5.95,2009-12-09 09:42:00,2011-02-22 13:20:00,2.3402061855670104
23411,TRELLIS COAT RACK,227,1118.6100000000001,56,14,3,4.95,2011-09-04 14:08:00,2011-12-02 17:12:00,4.053571428571429
84661B,BLACK SQUARE TABLE CLOCK,227,509.24,46,36,3,2.55,2009-12-16 17:58:00,2011-12-04 15:19:00,4.934782608695652
85020,ROUND PINK HEART MIRROR,227,503.98,56,40,3,2.1,2009-12-09 14:38:00,2011-11-27 13:49:00,4.053571428571429
84192,ASSORTED COLOUR METAL CAT,226,271.1,38,28,1,1.25,2010-02-08 14:00:00,2011-12-04 15:00:00,5.947368421052632
84666,SQUARE CHERRY BLOSSOM CABINET,226,892.7,33,16,1,3.95,2009-12-09 09:34:00,2011-04-19 14:49:00,6.848484848484849
72606A,BROWN ANTIQUE CUBE CANDLE,226,94.92,18,13,1,0.42,2010-01-11 13:24:00,2010-10-05 13:12:00,12.555555555555555
84927A,WAKE UP COCKEREL TILE HOOK,226,157.61,33,27,3,2.1,2010-02-03 17:04:00,2011-08-09 14:18:00,6.848484848484849
84313B,BLUE TV TRAY TABLE,226,1146.69,82,39,5,4.25,2009-12-14 18:37:00,2011-04-01 09:25:00,2.7560975609756095
84665,SQUARE CHERRY BLOSSOM CABINET,226,1364.7,47,34,3,5.95,2009-12-09 09:34:00,2011-11-08 13:22:00,4.808510638297872
84923,PINK BUTTERFLY HANDBAG W BOBBLES,225,980.47,145,64,1,4.13,2010-02-04 14:19:00,2011-12-02 16:39:00,1.5517241379310345
23415,HOME SWEET HOME HOOK,225,372.00999999999993,38,12,5,1.65,2011-09-07 15:52:00,2011-12-04 15:19:00,5.921052631578948
71495A,CD WALL TIDY BLUE OFFICE,225,87.96000000000001,20,17,1,0.83,2010-02-09 16:18:00,2011-11-24 12:33:00,11.25
23519,EMBROIDERED RIBBON REEL CLAIRE,224,792.31,24,9,6,3.75,2011-09-25 12:22:00,2011-11-24 09:21:00,9.333333333333334
20836,FRENCH PAISLEY CUSHION COVER,224,250.0,22,19,2,0.83,2010-03-02 15:28:00,2011-11-24 11:52:00,10.181818181818182
84806A,PINK CANDYSTUFT ARTIFICIAL FLOWER,223,224.47,16,15,3,1.45,2010-01-24 15:54:00,2011-09-04 13:07:00,13.9375
20980,36 PENCILS TUBE POSY,223,268.49,54,32,2,1.25,2009-12-07 11:39:00,2011-08-08 14:53:00,4.12962962962963
21691,SILVER VANILLA FLOWER CANDLE POT,223,863.49,66,34,2,3.75,2009-12-09 13:00:00,2010-10-29 17:17:00,3.378787878787879
23481,PEARLISED IVORY HEART SMALL,222,273.67,27,7,2,1.25,2011-10-17 15:06:00,2011-12-04 14:01:00,8.222222222222221
47504G,ENGLISH ROSE TAPE MEASURE,222,300.05,49,20,4,1.25,2009-12-07 15:26:00,2010-05-11 11:29:00,4.530612244897959
72750C,"F.FAIRY S/3 CANDLE/GLASS, ROSE",222,448.9,13,9,3,1.95,2009-12-11 15:52:00,2010-03-30 13:13:00,17.076923076923077
84760S,SMALL HANGING GLASS+ZINC LANTERN,222,360.21,36,32,3,1.45,2009-12-09 09:42:00,2011-05-12 20:13:00,6.166666666666667
21631,HIPPY CHIC DECORATIVE PARASOL,221,1571.75,54,33,1,12.75,2009-12-09 13:16:00,2011-11-17 14:24:00,4.092592592592593
21350,GINGHAM HEART WREATH,221,635.95,41,16,3,2.95,2009-12-09 13:11:00,2010-11-05 11:17:00,5.390243902439025
23064,CINDERELLA CHANDELIER,221,3717.56,23,16,4,49.95,2011-04-28 13:35:00,2011-11-03 14:32:00,9.608695652173912
23183,MOTHER'S KITCHEN SPOON REST,220,922.41,81,30,7,3.75,2011-03-03 15:02:00,2011-11-25 14:25:00,2.7160493827160495
79323B,BLACK CHERRY LIGHTS,219,1403.33,49,19,2,6.75,2009-12-09 09:42:00,2011-02-11 13:53:00,4.469387755102041
84706D,CHERRY BLOSSOM TABLE CLOCK,219,500.19,16,14,4,1.95,2009-12-18 17:15:00,2011-05-22 11:29:00,13.6875
21837,CROSS STITCH ALPHABET CUSHION COVER,218,1459.15,82,21,4,5.95,2009-12-07 16:38:00,2010-05-18 16:28:00,2.658536585365854
72140E,BEST DAD CANDLE LETTERS,218,156.72,29,25,2,0.85,2009-12-07 18:02:00,2011-10-16 11:06:00,7.517241379310345
23491,VINTAGE JINGLE BELLS HEART,218,1815.26,75,7,3,8.25,2011-10-20 10:10:00,2011-12-04 14:01:00,2.9066666666666667
47570,ENGLISH ROSE TABLE CLOTH,217,2330.01,75,20,5,10.65,2009-12-13 16:03:00,2010-04-26 14:22:00,2.8933333333333335
85024B,EAU DE NILE JEWELLED PHOTOFRAME,217,329.25,19,18,3,1.65,2010-01-19 17:32:00,2011-11-20 11:34:00,11.421052631578947
79403,FROSTED WHITE BASE,216,199.01999999999998,36,27,2,0.85,2009-12-18 17:06:00,2011-12-02 12:52:00,6.0
81950B,FLOWER BLUE CLOCK W/SUCKER,215,125.89,33,26,4,0.85,2009-12-16 09:17:00,2011-08-17 13:21:00,6.515151515151516
84801B,WHITE HYDRANGEA ART FLOWER,214,345.00000000000006,18,15,2,2.1,2009-12-17 17:46:00,2011-04-06 14:23:00,11.88888888888889
21536,DAIRY MAID  SMALL  MILK JUG,213,457.94000000000005,58,13,3,2.1,2009-12-10 18:27:00,2010-03-30 15:25:00,3.6724137931034484
17013C,ORIGAMI LAVENDER INCENSE IN TUBE,213,89.46000000000001,2,2,1,0.42,2009-12-16 12:39:00,2010-03-03 11:53:00,106.5
21226,POCKET MIRROR WOODLAND,213,230.54999999999998,37,23,3,1.25,2009-12-11 15:40:00,2011-11-25 11:12:00,5.756756756756757
47566b,TEA TIME PARTY BUNTING,212,1761.2599999999998,113,35,1,8.29,2010-06-24 11:33:00,2011-11-08 15:24:00,1.8761061946902655
23422,PANTRY HOOK BALLOON WHISK,212,473.76,46,12,5,2.08,2011-09-07 16:48:00,2011-12-04 14:55:00,4.608695652173913
23336,EGG FRYING PAN PINK,211,479.88,79,24,4,2.08,2011-06-13 16:33:00,2011-12-04 10:35:00,2.670886075949367
85030,FRENCH CHATEAU OVAL PLATTER,211,531.4499999999999,29,17,4,7.95,2009-12-15 13:48:00,2011-04-08 11:54:00,7.275862068965517
21474,SWEETHEART CREAM STEEL FOLDIN BENCH,210,4189.5,94,27,4,19.95,2010-01-21 14:30:00,2010-09-12 11:29:00,2.234042553191489
20794,BLUE  TILE HOOK,210,583.51,46,40,3,2.55,2010-01-07 19:34:00,2011-12-02 16:39:00,4.565217391304348
23423,PANTRY 3 HOOK ROLLING PIN HANGER,210,832.02,62,13,6,3.75,2011-09-08 13:38:00,2011-12-04 12:44:00,3.3870967741935485
16243B,BROWN COZY SQUARE PHOTO ALBUM,210,429.69,6,4,1,5.975,2009-12-16 11:57:00,2010-03-11 10:13:00,35.0
23409,PHOTO FRAME LINEN AND LACE LARGE,209,779.1800000000001,42,12,3,3.75,2011-09-07 16:00:00,2011-12-04 12:18:00,4.976190476190476
17011D,ORIGAMI ROSE INCENSE+FLOWER,209,135.70000000000002,4,3,2,1.375,2009-12-15 18:33:00,2010-08-20 09:23:00,52.25
84909A,PINK PAISLEY QUILT,209,2797.55,30,7,2,12.75,2009-12-09 13:25:00,2010-03-24 12:04:00,6.966666666666667
23461,SWEETHEART BIRD HOUSE,209,891.5300000000001,85,10,2,4.15,2011-09-29 15:57:00,2011-12-04 12:52:00,2.458823529411765
37476,CONDIMENT TRAY 4 BOWLS AND 4 SPOONS,208,2000.65,76,44,4,9.95,2009-12-11 13:31:00,2011-10-20 15:57:00,2.736842105263158
23315,IVORY REFECTORY CLOCK,207,2004.51,83,24,6,9.95,2011-06-23 18:44:00,2011-12-02 13:21:00,2.4939759036144578
84795A,PASTEL STRIPE HAMMOCK,207,1688.0700000000002,69,21,3,7.95,2009-12-13 14:38:00,2010-08-04 16:38:00,3.0
84804A,CREAM DELPHINIUM ARTIFICIAL FLOWER,206,386.90000000000003,17,14,1,2.95,2010-01-19 13:09:00,2011-09-27 11:01:00,12.117647058823529
21950,SET OF 6 DOTS CHOPSTICKS,206,250.78,16,8,1,2.57,2009-12-07 17:56:00,2010-04-01 15:04:00,12.875
71406C,BLACK ORANGE SQUEEZER,206,87.8,33,28,3,0.42,2009-12-14 18:37:00,2011-11-29 17:52:00,6.242424242424242
23661,MILK MAIDS MUG,206,357.25999999999993,28,8,2,1.65,2011-10-13 13:43:00,2011-11-30 09:53:00,7.357142857142857
84578,ELEPHANT TOY WITH BLUE T-SHIRT,205,787.86,102,17,2,3.75,2009-12-07 18:02:00,2010-04-09 09:26:00,2.0098039215686274
23567,EGG CUP HENRIETTA HEN PINK,205,276.82,34,8,2,1.25,2011-10-14 09:35:00,2011-12-02 14:26:00,6.029411764705882
84597B,RETRO BROWN BALL ASHTRAY,205,259.37,27,21,3,1.25,2009-12-09 09:34:00,2011-06-19 11:10:00,7.592592592592593
46000P,POLYESTER FILLER PAD 65CMx65CM,205,871.25,46,28,3,4.25,2009-12-07 13:49:00,2011-09-04 14:36:00,4.456521739130435
84675,FROG KING WATERING CAN,205,565.6700000000001,61,29,4,2.95,2009-12-14 17:16:00,2011-01-17 13:23:00,3.360655737704918
23476,WOODLAND LARGE RED FELT HEART,205,264.72,22,7,6,1.25,2011-10-20 12:07:00,2011-11-30 15:43:00,9.318181818181818
85033S,SET/6 SILVER REINDEER T-LIGHTS,204,207.35,42,10,1,0.65,2009-12-07 11:05:00,2010-11-08 14:48:00,4.857142857142857
84918,CREAM CUSHION COVER WITH FLOWERS,204,967.32,62,23,2,5.91,2009-12-18 12:33:00,2010-09-27 12:45:00,3.2903225806451615
20902,VINTAGE KEEPSAKE BOX PARIS DAYS,204,1499.22,115,58,6,12.72,2009-12-07 17:56:00,2011-08-10 16:51:00,1.7739130434782608
20823,GOLD WINE GOBLET,204,312.36,17,12,1,4.25,2009-12-18 10:24:00,2011-06-09 14:23:00,12.0
21359,RELAX LARGE WOOD LETTERS,204,2052.68,70,47,3,15.95,2009-12-10 13:34:00,2011-08-11 14:54:00,2.914285714285714
84658,WHITE STITCHED CUSHION COVER,204,1127.48,59,43,6,6.95,2009-12-08 13:27:00,2011-11-03 15:18:00,3.457627118644068
84948,SILVER HANGING T-LIGHT HOLDER DOME,204,345.35999999999996,30,12,3,1.65,2009-12-07 13:48:00,2010-05-11 10:56:00,6.8
84931A,PINK SCOTTIE DOG W FLOWER PATTERN,203,508.52,81,50,4,2.55,2009-12-07 17:56:00,2011-11-30 08:50:00,2.506172839506173
21780,MA CAMPAGNE 4 DRAWER WALL SHELF,203,1745.85,32,4,3,11.14,2009-12-08 12:34:00,2010-01-13 17:08:00,6.34375
20621,ECONOMY PASSPORT COVER,202,441.17,30,19,2,2.1,2009-12-07 13:59:00,2010-09-02 13:57:00,6.733333333333333
72267,PREMIUM CHURCH CANDLE,201,386.96000000000004,30,8,1,2.1,2009-12-07 13:48:00,2010-03-28 10:54:00,6.7
85099f,JUMBO BAG STRAWBERRY,201,1016.3599999999999,25,17,1,5.06,2010-07-26 11:00:00,2011-01-11 14:42:00,8.04
22762,CUPBOARD 3 DRAWER MA CAMPAGNE,200,3216.8199999999997,132,50,8,14.95,2010-10-10 14:17:00,2011-12-02 13:17:00,1.5151515151515151
47343A,FUSCHIA FLOWER PURSE WITH BEADS,200,206.26,23,20,3,1.49,2009-12-17 15:44:00,2011-08-07 15:52:00,8.695652173913043
46776E,WOVEN CANDY CUSHION COVER,200,641.45,76,43,1,4.21,2010-01-04 13:03:00,2011-11-30 15:13:00,2.6315789473684212
84766,SILVER ROCOCO CANDLE STICK,200,638.0,27,21,2,5.95,2010-01-14 14:10:00,2011-11-03 19:28:00,7.407407407407407
47586A,PINK FAIRY CAKE CUSHION COVER,200,270.43,29,23,3,2.55,2009-12-14 18:37:00,2011-11-23 10:09:00,6.896551724137931
90114,SUMMER DAISIES BAG CHARM,200,501.7,108,50,3,2.46,2010-02-02 11:40:00,2011-11-23 12:43:00,1.8518518518518519
22790,"MIRROR, ARCHED GEORGIAN",200,3884.0000000000005,1,1,1,19.42,2010-10-14 09:46:00,2010-10-14 09:46:00,200.0
23181,BULL DOG BOTTLE TOP WALL CLOCK,199,1700.31,80,34,5,8.25,2011-03-08 09:23:00,2011-12-01 12:13:00,2.4875
84352,SILVER CHRISTMAS TREE BAUBLE STAND,199,3386.93,120,33,7,16.95,2009-12-08 15:49:00,2011-09-21 16:15:00,1.6583333333333334
84977,WIRE FLOWER T-LIGHT HOLDER,199,251.33,40,31,2,1.25,2009-12-13 13:24:00,2011-03-18 11:22:00,4.975
23533,WALL ART GARDEN HAVEN,198,965.49,31,9,2,5.95,2011-10-03 11:01:00,2011-12-01 10:31:00,6.387096774193548
21367,MIRRORED WALL ART GENTS,198,264.52,58,35,1,2.55,2009-12-08 15:49:00,2011-11-29 12:09:00,3.413793103448276
79315W,FLYING SAUCER TABLE LIGHT IN WHITE,198,605.47,12,10,1,2.95,2009-12-18 17:06:00,2010-08-09 18:31:00,16.5
21478,SILVER SKULL HOT WATER BOTTLE,197,799.77,87,28,2,3.75,2010-01-19 12:15:00,2010-10-31 16:16:00,2.264367816091954
21338,MARAKESH LANTERN SMALL,197,861.3499999999999,12,8,1,5.95,2009-12-07 13:23:00,2010-04-13 14:27:00,16.416666666666668
84857C,PINK MONTE CARLO HANDBAG,197,445.03,17,13,2,1.95,2010-06-16 08:54:00,2011-07-04 15:46:00,11.588235294117647
23532,WALL ART WORK REST AND PLAY,196,865.44,27,9,3,4.95,2011-10-02 15:50:00,2011-11-30 15:13:00,7.2592592592592595
20799,PINK MILKSHAKE GLASS,196,338.13,24,14,3,2.1,2009-12-07 17:18:00,2010-06-21 13:18:00,8.166666666666666
D,Discount,196,397.89,5,5,1,32.29,2010-04-15 18:08:00,2010-11-30 11:57:00,39.2
22889,NUMBER TILE VINTAGE FONT No,195,322.99,38,25,1,4.13,2010-10-25 16:43:00,2011-11-24 09:26:00,5.131578947368421
84798A,PINK FOXGLOVE ARTIIFCIAL FLOWER,195,432.45000000000005,10,9,2,2.55,2010-01-05 14:12:00,2011-09-28 15:18:00,19.5
72024U,LILAC VOTIVE CANDLE,194,40.74,9,8,1,0.21,2010-01-17 11:31:00,2011-06-27 12:49:00,21.555555555555557
84920,PINK FLOWER FABRIC PONY,194,779.13,86,48,6,3.75,2009-12-07 18:02:00,2011-11-28 12:14:00,2.255813953488372
84531B,BLUE KNITTED EGG COSY,194,164.01,42,25,6,0.61,2009-12-07 18:02:00,2011-04-18 13:49:00,4.619047619047619
21032,SPACE CADET WHITE,193,239.66,49,32,3,1.25,2009-12-13 15:17:00,2011-11-30 11:48:00,3.938775510204082
21627,ELEPHANT CARNIVAL POUFFE,193,3736.45,114,70,5,29.17,2009-12-08 15:49:00,2011-10-24 14:47:00,1.6929824561403508
23039,T-LIGHT HOLDER SILVER HEART HANDLE,193,388.01,27,13,2,1.95,2011-06-19 10:35:00,2011-12-01 12:39:00,7.148148148148148
84767,ZINC POLICE BOX LANTERN,193,783.7,4,4,2,5.95,2009-12-14 11:10:00,2010-03-14 11:55:00,48.25
84664,CHERRY BLOSSOM BATHROOM CABINET,193,955.35,51,17,1,4.95,2009-12-09 09:34:00,2010-10-24 14:49:00,3.784313725490196
90200C,BLUE SWEETHEART BRACELET,192,814.8100000000001,91,45,3,4.24,2009-12-15 18:33:00,2011-03-22 09:23:00,2.10989010989011
21681,GIANT MEDINA STAMPED METAL BOWL,192,1861.6599999999999,74,37,4,9.95,2009-12-07 15:42:00,2011-02-22 15:00:00,2.5945945945945947
20819,SILVER TEDDY BEAR,192,556.49,58,42,8,3.75,2009-12-07 08:53:00,2011-11-30 11:17:00,3.310344827586207
21018,BIRD BOX CHRISTMAS TREE DECORATION,191,164.01,38,17,2,0.85,2009-12-10 15:36:00,2010-12-17 17:30:00,5.026315789473684
21736,GOLD SCROLL GLASS T-LIGHT HOLDER,191,385.09000000000003,26,23,2,2.1,2009-12-07 13:00:00,2011-04-06 12:08:00,7.346153846153846
84531A,PINK KNITTED EGG COSY,191,169.35999999999999,45,23,5,0.83,2009-12-07 18:02:00,2011-04-18 13:49:00,4.2444444444444445
37494A,FAIRY CAKE CERAMIC BUTTER DISH,191,659.7800000000001,47,11,2,5.91,2009-12-07 13:35:00,2010-04-01 15:04:00,4.0638297872340425
23495,SET OF 3 PANTRY WOODEN SPOONS,190,256.86,34,6,2,1.25,2011-10-30 11:55:00,2011-12-04 14:55:00,5.588235294117647
85027L,FRENCH CHATEAU LARGE PLATTER,190,538.5,40,25,7,1.95,2010-01-17 14:53:00,2011-04-19 15:02:00,4.75
79063D,"RETRO PILL BOX , REVOLUTIONARY",189,35.14,11,9,1,0.19,2011-02-09 13:41:00,2011-11-27 16:05:00,17.181818181818183
21368,MIRRORED WALL ART LADIES,189,203.04,46,34,1,0.75,2009-12-08 15:49:00,2011-11-25 11:58:00,4.108695652173913
35937,CERISE+GOLD CHRISTMAS STOCKING DEC,188,71.44,17,10,2,0.38,2009-12-15 17:25:00,2010-10-18 17:11:00,11.058823529411764
84795D,SEASIDE STRIPE HAMMOCK,188,1530.8400000000001,82,21,4,7.95,2010-01-25 15:42:00,2010-08-03 11:32:00,2.292682926829268
85179A,GREEN BITTY LIGHT CHAIN,188,424.76,61,24,4,2.46,2009-12-09 11:52:00,2011-12-04 13:32:00,3.081967213114754
20780,BLACK EAR MUFF HEADPHONES,188,1111.29,91,39,5,5.49,2009-12-07 11:35:00,2011-12-02 16:39:00,2.065934065934066
90214A,"LETTER ""A"" BLING KEY RING",187,204.60999999999999,100,57,1,0.85,2009-12-07 15:15:00,2011-11-30 14:00:00,1.87
90200E,GREEN SWEETHEART BRACELET,187,780.59,83,55,3,4.25,2009-12-08 15:49:00,2011-12-02 16:39:00,2.253012048192771
21000,ROSE DU SUD COSMETICS BAG,187,733.1899999999999,90,59,9,3.36,2009-12-08 16:09:00,2011-12-01 16:22:00,2.077777777777778
23455,SMALL PARLOUR PICTURE FRAME,187,511.63000000000005,31,8,3,2.89,2011-10-16 15:44:00,2011-12-04 12:44:00,6.032258064516129
72349b,SET/6 PURPLE BUTTERFLY T-LIGHTS,186,773.73,106,46,1,4.13,2009-12-22 14:48:00,2011-12-02 10:08:00,1.7547169811320755
84452,METAL RABBIT LADDER EASTER,186,175.95999999999998,43,22,2,0.85,2009-12-09 09:51:00,2011-10-20 09:28:00,4.325581395348837
85185D,FROG SOCK PUPPET,186,600.2900000000001,63,37,4,2.95,2009-12-07 17:56:00,2011-05-25 17:12:00,2.9523809523809526
84522,PINK PARTY SUNGLASSES,186,311.86,26,22,3,1.95,2009-12-07 13:35:00,2011-11-22 13:25:00,7.153846153846154
20903,VINTAGE KEEPSAKE BOX TRAVELOGUE,186,906.8,85,46,4,6.35,2009-12-08 12:34:00,2011-10-23 13:49:00,2.1882352941176473
84932B,SMALL PINK PEONY FOLDING STOOL,186,375.8,16,10,5,1.95,2010-01-21 14:01:00,2010-04-26 11:36:00,11.625
22832,BROCANTE SHELF WITH HOOKS,185,2033.15,85,40,8,10.75,2010-11-09 15:45:00,2011-11-29 14:58:00,2.176470588235294
84802A,WHITE ANEMONE ARTIFICIAL FLOWER,185,312.65000000000003,24,20,1,1.69,2009-12-11 11:26:00,2010-12-19 14:03:00,7.708333333333333
21839,MUMMY MOUSE RED GINGHAM RIBBON,185,998.3900000000001,76,37,2,5.45,2009-12-07 13:59:00,2011-03-27 14:28:00,2.4342105263157894
35921,EASTER BUNNY HANGING GARLAND,183,330.32,49,24,3,1.25,2010-01-22 09:48:00,2011-04-19 16:52:00,3.7346938775510203
84741C,CITRUS GARLAND FELT FLOWERS,183,368.24,50,29,2,1.95,2009-12-07 13:35:00,2011-04-27 14:01:00,3.66
47589,CONGRATULATIONS BUNTING,183,1008.73,76,35,4,5.45,2009-12-15 08:01:00,2011-05-24 10:24:00,2.4078947368421053
23037,CANDLE HOLDER SILVER MADELINE,183,302.06999999999994,18,11,2,1.65,2011-06-24 12:44:00,2011-12-01 11:20:00,10.166666666666666
22764,"RUSTIC WOODEN CABINET, GLASS DOORS",183,3462.49,25,9,3,24.95,2010-10-12 13:19:00,2011-03-25 12:10:00,7.32
90062,CARNIVAL BRACELET,183,2323.11,102,47,1,12.75,2009-12-07 18:02:00,2011-04-28 16:21:00,1.7941176470588236
35833P,4 PINK FLOCK CHRISTMAS BALLS,182,330.32,63,28,2,1.25,2009-12-10 19:35:00,2011-11-24 15:02:00,2.888888888888889
85141,JARDIN ETCHED GLASS FRUITBOWL,182,1286.44,71,42,3,10.75,2009-12-15 14:10:00,2011-06-16 14:26:00,2.563380281690141
23140,TRIPLE WIRE HOOK IVORY HEART,182,766.1,52,25,2,4.15,2011-04-19 16:52:00,2011-11-13 14:09:00,3.5
75011,BLUE DAISY MOBILE,181,172.51,15,15,2,0.79,2009-12-11 15:40:00,2011-11-28 13:56:00,12.066666666666666
23484,HEART TRELLIS TRIPLE T-LIGHT HOLDER,181,524.19,32,10,1,2.89,2011-09-30 10:18:00,2011-12-04 16:02:00,5.65625
22830,UTILTY CABINET WITH HOOKS,181,3760.71,18,9,2,26.95,2010-10-22 12:26:00,2011-01-16 13:25:00,10.055555555555555
35838A,S/6 MULTICOLOUR ORNAMENETAL CANDLE,180,184.4,20,7,1,0.85,2009-12-07 13:48:00,2010-09-29 12:49:00,9.0
21376,LARGE  TALL CAMPHOR WOOD TOADSTOOL,179,828.11,45,34,2,5.45,2009-12-14 17:16:00,2011-12-04 10:11:00,3.977777777777778
23020,GLASS  SONGBIRD STORAGE JAR,178,2166.84,74,25,12,12.5,2011-06-14 13:40:00,2011-12-04 16:02:00,2.4054054054054053
20934,SET/3 POT PLANT CANDLES,178,1077.9,70,37,4,5.45,2009-12-07 17:56:00,2011-11-04 14:54:00,2.5428571428571427
84925A,WAKE UP COCKEREL WALL THERMOMETER,178,336.73999999999995,16,13,1,2.55,2009-12-09 09:42:00,2010-03-28 14:53:00,11.125
84872A,TEATIME FUNKY FLOWER BACKPACK FOR 2,177,1983.54,102,34,1,11.02,2010-03-05 10:05:00,2011-07-26 13:57:00,1.7352941176470589
71510,SQUARE METAL CANDLEHOLDER BASE,177,112.05,17,15,1,0.85,2009-12-17 16:38:00,2011-11-24 19:59:00,10.411764705882353
71215,METAL BASE FOR CANDLES,177,68.1,12,11,1,0.42,2009-12-09 10:41:00,2011-05-26 16:30:00,14.75
47579,TEA TIME BREAKFAST BASKET,176,397.57000000000005,52,32,2,2.1,2009-12-07 18:02:00,2010-12-05 13:00:00,3.3846153846153846
16244A,MAXWELL 2 TONE PINK 60 PAGE PHOTO A,176,436.51,24,11,1,4.21,2009-12-07 17:56:00,2010-03-15 15:58:00,7.333333333333333
23425,STORAGE TIN HOME SWEET HOME,176,497.36,44,14,5,2.49,2011-09-04 16:09:00,2011-12-04 14:55:00,4.0
85114c,RED ENCHANTED FOREST PLACEMAT,176,582.75,39,31,1,3.29,2009-12-22 15:05:00,2011-11-30 14:11:00,4.512820512820513
71403,"PINK/WHITE ""KEEP CLEAN"" BULLET BIN",175,650.0100000000001,68,46,4,5.79,2009-12-09 15:20:00,2011-11-16 12:25:00,2.573529411764706
21633,SUNFLOWER DECORATIVE PARASOL,174,1637.07,71,42,3,12.75,2009-12-09 09:51:00,2011-11-21 10:27:00,2.4507042253521125
22769,CHALKBOARD KITCHEN ORGANISER,174,3656.86,45,12,3,24.95,2010-10-10 11:58:00,2011-01-04 13:25:00,3.8666666666666667
85167A,WHITE GRAND BAROQUE PHOTO FRAME,174,388.3,13,6,1,4.25,2009-12-10 20:16:00,2010-03-31 12:52:00,13.384615384615385
72140F,HAPPY ANNIVERSARY CANDLE LETTERS,174,68.76,13,11,7,0.42,2010-03-26 14:16:00,2010-11-24 14:39:00,13.384615384615385
15056n,EDWARDIAN PARASOL NATURAL,173,2170.4,116,52,1,12.46,2010-06-08 15:24:00,2011-11-30 14:11:00,1.4913793103448276
17090A,LAVENDER INCENSE 40 CONES IN TIN,173,182.65,26,24,2,1.25,2009-12-10 20:04:00,2011-11-24 10:24:00,6.653846153846154
85095,THREE CANVAS LUGGAGE TAGS,173,254.96,48,21,4,1.28,2010-08-19 13:32:00,2011-12-01 16:22:00,3.6041666666666665
84997a,CHILDRENS CUTLERY POLKADOT GREEN,173,1440.33,78,44,1,8.29,2010-04-26 13:27:00,2011-11-30 14:46:00,2.217948717948718
23036,T-LIGHT HOLDER SILVER PETIT FOUR,172,217.42000000000002,15,12,1,1.25,2011-06-22 11:59:00,2011-11-30 16:21:00,11.466666666666667
84592,CROCHET ROSE PURSE WITH SUEDE BACK,172,533.45,46,37,4,2.95,2009-12-14 17:57:00,2011-11-30 14:41:00,3.739130434782609
21274,EMBOSSED HEART 3 DRAWER SHELF,172,2382.44,102,42,4,12.75,2009-12-07 13:23:00,2010-11-05 11:58:00,1.6862745098039216
84709B,PINK OVAL JEWELLED MIRROR,171,984.73,84,47,4,5.95,2009-12-09 09:42:00,2011-06-26 13:45:00,2.0357142857142856
85033G,SET/6 GOLD REINDEER T-LIGHT CANDLES,171,218.75,22,5,1,1.95,2009-12-07 11:05:00,2010-09-21 12:37:00,7.7727272727272725
35610B,BLACK CHRISTMAS FLOCK DROPLET,171,134.07,12,10,1,1.25,2009-12-10 18:27:00,2010-12-13 09:52:00,14.25
37479P,CUBIC MUG FLOCK PINK ON BROWN,170,160.08,34,27,4,0.39,2010-06-11 15:03:00,2011-11-08 12:25:00,5.0
90209A,PURPLE ENAMEL+GLASS HAIR COMB,170,319.2,9,9,3,2.1,2010-01-28 17:35:00,2011-11-04 11:43:00,18.88888888888889
23317,BLUE REFECTORY CLOCK,170,1737.6,79,24,7,9.95,2011-06-26 13:46:00,2011-12-02 12:03:00,2.151898734177215
21629,SQUARE FLOOR CUSHION VINTAGE RED,170,1897.19,100,60,1,15.79,2009-12-07 17:56:00,2011-12-01 19:42:00,1.7
23337,EGG FRYING PAN MINT,169,361.77,64,23,3,2.08,2011-06-13 16:33:00,2011-11-30 13:05:00,2.640625
16256C,HEARTS PENCIL/RUBBER+5 MINI PENCILS,169,70.98,10,10,1,0.42,2009-12-13 15:17:00,2010-05-23 13:16:00,16.9
23413,VINTAGE COFFEE GRINDER BOX,169,883.6700000000001,56,13,4,4.95,2011-09-07 16:00:00,2011-12-04 11:00:00,3.017857142857143
35815P,"ACRYLIC JEWEL SNOWFLAKE, PINK",168,75.88000000000001,7,6,2,0.38,2010-10-18 16:52:00,2011-09-26 10:57:00,24.0
84508B,STRIPES DESIGN TEDDY,168,451.21,73,55,3,2.55,2009-12-13 09:58:00,2011-11-27 16:27:00,2.3013698630136985
21418,STARFISH SOAP DISH,168,502.73999999999995,61,48,2,2.55,2009-12-07 18:02:00,2011-10-24 17:09:00,2.7540983606557377
84562A,PINK/WHITE RIBBED MELAMINE JUG,167,1362.3600000000001,77,41,7,7.95,2009-12-11 12:17:00,2011-02-20 13:18:00,2.168831168831169
85136C,RED SHARK HELICOPTER,167,1356.29,117,46,3,7.95,2009-12-07 11:05:00,2011-12-04 15:16:00,1.4273504273504274
22869,NUMBER TILE COTTAGE GARDEN 1,167,393.63,57,38,3,4.13,2010-10-17 13:46:00,2011-11-29 15:39:00,2.9298245614035086
90086,CRYSTAL FROG PHONE CHARM,167,172.04,44,33,1,1.63,2010-03-03 11:40:00,2011-12-02 16:14:00,3.7954545454545454
21196,ROUND WHITE CONFETTI IN TUBE,166,287.09,21,20,6,1.65,2010-02-08 16:48:00,2011-10-24 13:37:00,7.904761904761905
21038,SET/4 MODERN VINTAGE COTTON NAPKINS,166,355.48,52,33,3,2.95,2009-12-16 17:01:00,2011-05-04 13:52:00,3.1923076923076925
20997,ROSE DU SUD CUSHION COVER,166,780.22,80,42,6,4.21,2009-12-08 16:09:00,2011-12-02 16:39:00,2.075
85128,PLANTPOT SINGLE HOOK PISTACHIO,166,185.52,3,3,1,1.69,2009-12-07 17:56:00,2010-01-12 15:57:00,55.333333333333336
23520,EMBROIDERED RIBBON REEL RUBY,166,596.8,31,10,5,3.75,2011-09-22 12:23:00,2011-12-01 16:05:00,5.354838709677419
84773,RED ROSE AND LACE C/COVER,166,489.70000000000005,46,28,3,2.95,2009-12-09 09:56:00,2010-12-05 14:25:00,3.608695652173913
20694,FLORAL PINK MONSTER,165,614.55,53,36,5,3.75,2009-12-15 18:33:00,2011-11-22 15:41:00,3.1132075471698113
23420,PANTRY HOOK TEA STRAINER,164,351.37,32,11,3,2.08,2011-09-15 12:46:00,2011-12-04 12:44:00,5.125
23454,THREE MINI HANGING FRAMES,164,691.7,48,7,2,4.15,2011-10-21 13:13:00,2011-12-04 12:17:00,3.4166666666666665
23544,WALL ART MID CENTURY MODERN,163,1011.8299999999999,19,7,1,8.25,2011-10-03 13:49:00,2011-12-02 15:11:00,8.578947368421053
21344,MOROCCAN BEATEN METAL DISH,163,719.97,24,21,4,9.95,2009-12-16 09:37:00,2011-12-04 14:01:00,6.791666666666667
37462B,"PET MUG, BUDGIE",163,81.26,28,20,1,0.84,2009-12-08 15:49:00,2010-10-12 15:20:00,5.821428571428571
90200B,BLACK SWEETHEART BRACELET,162,686.22,77,53,2,4.25,2009-12-07 17:56:00,2011-12-02 16:39:00,2.103896103896104
85096,HILDA CANDY SPOT RABBIT,162,669.42,64,43,3,3.75,2010-01-07 11:52:00,2011-11-23 12:20:00,2.53125
82585,SWEET VALENCIA CANDLE+CUP,161,228.19,44,11,1,1.25,2009-12-07 12:08:00,2010-03-02 17:13:00,3.659090909090909
21628,TRIANGULAR POUFFE VINTAGE,161,3124.95,84,53,5,29.17,2009-12-08 12:48:00,2011-11-16 15:23:00,1.9166666666666667
20814,SILVER FINCH DECORATION,161,173.89000000000001,8,5,1,1.25,2009-12-10 07:43:00,2010-02-24 13:15:00,20.125
21480,PINK STRIPE HOT WATER BOTTLE,160,517.36,35,3,1,2.95,2009-12-07 12:25:00,2009-12-22 15:13:00,4.571428571428571
23421,PANTRY HOOK SPATULA,160,349.2,33,13,4,2.08,2011-09-08 13:38:00,2011-12-04 12:44:00,4.848484848484849
84877D,BLUE ROUND COMPACT MIRROR,160,371.84999999999997,43,34,3,3.36,2009-12-09 09:42:00,2011-09-25 16:05:00,3.7209302325581395
16020C,CLEAR STATIONERY BOX SET,160,134.5,39,24,1,0.85,2009-12-07 13:24:00,2011-07-05 17:09:00,4.102564102564102
21299,EDWARDIAN TOILET ROLL UNIT,159,863.8100000000001,28,13,2,8.35,2009-12-10 09:44:00,2010-03-12 10:40:00,5.678571428571429
35911B,PINK/FLOWER RABBIT EGG WARMER,159,184.76000000000002,24,14,2,2.1,2009-12-11 16:11:00,2011-03-22 09:27:00,6.625
47503H,ASS FLORAL PRINT SPIRIT LEVEL,159,245.32999999999998,59,38,1,1.95,2009-12-08 13:59:00,2011-11-22 14:04:00,2.694915254237288
23070,EDWARDIAN HEART PHOTO FRAME,159,701.25,43,24,2,4.15,2011-05-04 14:11:00,2011-12-04 13:00:00,3.697674418604651
84898F,YELLOW FLOWERS FELT HANDBAG KIT,159,340.15000000000003,50,30,4,2.1,2010-02-02 15:22:00,2011-03-24 16:45:00,3.18
20837,FRENCH FLORAL CUSHION COVER,159,170.37,17,13,3,0.83,2010-03-02 15:28:00,2011-11-20 11:06:00,9.352941176470589
47591A,CAROUSEL DES CHILD'S APRON,159,262.94,67,32,4,1.65,2009-12-08 13:08:00,2010-08-24 14:59:00,2.373134328358209
21630,FLOOR CUSHION ELEPHANT CARNIVAL,158,1927.45,92,57,5,13.62,2009-12-07 17:56:00,2011-11-27 12:01:00,1.7173913043478262
23456,MEDIUM PARLOUR PICTURE FRAME,158,634.1,36,8,2,4.15,2011-10-16 12:25:00,2011-12-04 12:44:00,4.388888888888889
84661A,WHITE SQUARE TABLE CLOCK,158,250.09,37,29,4,2.55,2009-12-07 12:42:00,2011-11-20 14:04:00,4.27027027027027
84029C,BROWN FURRY HOT WATER BOTTLE,157,577.85,35,4,1,3.75,2009-12-07 13:48:00,2010-01-05 09:29:00,4.485714285714286
21473,SWEETHEART CREAM STEEL TABLE RECT,157,3212.16,90,45,3,19.95,2009-12-13 10:48:00,2011-11-20 15:35:00,1.7444444444444445
23339,EGG FRYING PAN BLUE,157,351.16,68,21,4,2.08,2011-06-13 16:33:00,2011-11-30 14:17:00,2.3088235294117645
22395,PAPERWEIGHT VINTAGE PAISLEY,155,382.95,46,32,4,2.55,2010-04-13 11:04:00,2011-12-01 16:22:00,3.369565217391304
90161C,ANT COPPER LIME BOUDICCA BRACELET,155,774.0500000000001,93,59,2,4.98,2009-12-07 17:56:00,2011-12-02 16:14:00,1.6666666666666667
79030A,"TUMBLER, ENGLISH ROSE",155,366.45,29,11,6,1.65,2009-12-07 13:35:00,2010-07-29 10:43:00,5.344827586206897
90214S,"LETTER ""S"" BLING KEY RING",155,169.09,79,47,2,0.85,2009-12-07 12:32:00,2011-11-14 09:00:00,1.9620253164556962
22870,NUMBER TILE COTTAGE GARDEN 2,155,367.96999999999997,46,33,3,4.13,2010-10-18 09:36:00,2011-11-29 15:08:00,3.369565217391304
21893,POTTING SHED SEED TIN,154,502.5,13,8,2,4.25,2009-12-07 18:02:00,2010-02-15 14:15:00,11.846153846153847
84360,TABLE LAMP WHITE SHADE WOOD BASE,153,833.39,37,32,1,5.95,2009-12-15 17:56:00,2011-11-25 09:27:00,4.135135135135135
90090,PINK CRYSTAL HEART PHONE CHARM,153,134.22,19,12,1,0.85,2009-12-07 17:56:00,2010-11-25 13:32:00,8.052631578947368
21372,MIRRORED WALL ART TABLE LAMP,153,248.89000000000001,47,34,4,1.655,2009-12-14 13:30:00,2011-11-28 15:54:00,3.25531914893617
72801F,S/4 FESTIVE RED DINNER CANDLES,152,190.0,16,5,1,1.25,2009-12-08 08:48:00,2010-01-28 12:59:00,9.5
90201B,BLACK ENAMEL FLOWER RING,152,448.38000000000005,52,44,4,2.96,2009-12-09 09:51:00,2011-12-04 13:45:00,2.923076923076923
84625B,BLCK NEW BAROQUE CANDLESTICK CANDLE,152,246.8,14,10,3,2.95,2009-12-07 13:59:00,2010-03-24 11:56:00,10.857142857142858
23094,LE GRAND TRAY CHIC SET,152,1924.92,79,29,8,12.5,2011-05-11 09:55:00,2011-11-28 15:31:00,1.9240506329113924
21551,CERAMIC BIRDHOUSE BUTTERFLY LARGE,152,716.75,16,6,1,5.95,2009-12-07 12:08:00,2010-01-29 17:25:00,9.5
46775D,SUNSET COLOUR CHUNKY KNITTED THROW,152,1921.24,94,55,5,11.02,2009-12-13 13:31:00,2011-12-02 11:12:00,1.6170212765957446
35594,WOODEN CHRISTMAS TREE 3 HANGING,151,94.62,36,24,1,0.42,2009-12-07 17:56:00,2010-10-29 15:00:00,4.194444444444445
16050,TEATIME PENCIL WITH RUBBER,151,46.45,8,7,1,0.4,2010-02-16 17:24:00,2010-04-19 11:13:00,18.875
20783,HEART EAR MUFF HEADPHONES,151,951.46,47,21,3,5.49,2009-12-07 11:35:00,2010-08-16 15:36:00,3.2127659574468086
72754B,F FAIRY POTPOURRI CUSHIONS LAVENDER,151,105.43,5,3,2,0.65,2009-12-10 15:33:00,2010-01-08 14:12:00,30.2
90129A,PINK GLASS TASSLE BAG CHARM,151,295.38,73,43,2,1.66,2009-12-14 14:33:00,2011-10-03 16:04:00,2.0684931506849313
47559b,TEA TIME OVEN GLOVE,151,501.59,42,33,1,3.36,2010-02-19 10:55:00,2011-05-27 15:17:00,3.5952380952380953
51012C,"FEATHER DUSTER, COAL BLACK",151,188.75,22,7,1,1.25,2009-12-09 14:48:00,2010-02-26 11:38:00,6.863636363636363
85135C,RED DRAGONFLY HELICOPTER,150,1219.72,102,46,2,7.95,2009-12-07 08:53:00,2011-12-02 12:24:00,1.4705882352941178
35821B,"JEWELLED DECORATION,BLUE",150,57.0,3,3,1,0.38,2009-12-10 08:29:00,2010-04-08 16:49:00,50.0
16169D,WRAP WINTER FOREST,150,63.0,5,1,1,0.42,2009-12-07 15:02:00,2009-12-13 12:04:00,30.0
84509E,SET OF 4 CAROUSEL PLACEMATS,149,313.88,31,24,2,3.36,2010-01-11 09:37:00,2011-12-04 15:19:00,4.806451612903226
23540,WALL ART THE MAGIC FOREST,149,944.51,13,7,2,6.95,2011-10-03 14:34:00,2011-11-30 17:37:00,11.461538461538462
84744,S/6 SEW ON CROCHET FLOWERS,149,188.77,31,25,5,1.25,2009-12-07 15:15:00,2011-11-15 17:26:00,4.806451612903226
20753,RETRO PINK SPOT WASHING UP GLOVES,148,353.20000000000005,39,6,3,2.1,2009-12-07 18:02:00,2010-01-18 12:36:00,3.7948717948717947
90208,PAIR OF PINK FLOWER CLUSTER SLIDE,148,359.22,60,42,3,2.54,2009-12-07 18:02:00,2011-11-30 15:13:00,2.466666666666667
84952A,CLEAR LOVE BIRD T-LIGHT HOLDER,147,388.78,38,21,2,2.51,2009-12-11 14:39:00,2011-11-14 15:27:00,3.8684210526315788
82081,PINK HEARTS PHOTO ALBUM,147,379.77,20,9,1,7.62,2009-12-08 09:35:00,2010-02-24 10:18:00,7.35
20696,FLORAL SOFT CAR TOY,147,602.9399999999999,59,41,7,3.75,2009-12-09 10:46:00,2011-11-11 13:06:00,2.4915254237288136
84984D,ORIENTAL RED C/COVER,147,353.91,20,16,3,4.65,2009-12-09 09:42:00,2011-11-08 11:03:00,7.35
90200A,PURPLE SWEETHEART BRACELET,146,618.2,87,51,2,4.25,2009-12-10 09:49:00,2011-12-02 16:39:00,1.6781609195402298
21554,CERAMIC BIRDHOUSE RED ROOF LARGE,146,641.75,16,5,2,5.95,2009-12-07 12:08:00,2010-01-21 14:30:00,9.125
23115,RED APPLES CHOPPING BOARD,146,728.94,41,10,5,4.95,2011-09-30 13:54:00,2011-12-04 16:07:00,3.5609756097560976
85195,HANGING HEART BASKET,145,265.14,16,14,3,2.1,2009-12-18 10:59:00,2011-03-16 15:45:00,9.0625
84510E,SET OF 4 GREEN CAROUSEL COASTERS,145,117.14,27,23,1,2.46,2010-01-11 09:37:00,2011-12-04 15:19:00,5.37037037037037
90170,DAISY HAIR BAND,145,241.32999999999998,68,43,4,1.67,2009-12-07 18:02:00,2011-12-02 16:39:00,2.1323529411764706
90085,CRYSTAL STILETTO PHONE CHARM,145,134.43,26,19,1,0.85,2009-12-07 18:02:00,2011-12-02 16:14:00,5.576923076923077
85135B,BLUE DRAGONFLY HELICOPTER,145,1175.31,109,41,2,7.95,2009-12-07 15:56:00,2011-11-17 13:16:00,1.3302752293577982
85126,LARGE ROUND CUTGLASS CANDLESTICK,144,988.16,32,28,3,6.75,2009-12-13 13:27:00,2010-12-21 15:19:00,4.5
79308B,MOSAIC CANDLE DISH BLUE PURPLE,144,122.39999999999999,2,2,1,0.85,2010-06-02 14:48:00,2010-06-29 15:17:00,72.0
37483,ENGLISH ROSE MUG IN GIFT BOX,143,232.89,10,5,1,2.55,2010-05-16 11:24:00,2010-06-08 11:51:00,14.3
90087,CRYSTAL SEA HORSE PHONE CHARM,143,154.28,49,36,2,1.63,2009-12-07 18:02:00,2011-11-28 15:54:00,2.9183673469387754
37399,"ASS RETROSPOOF MUGS,SPORTS",143,75.0,6,3,1,1.25,2009-12-13 15:55:00,2009-12-22 12:01:00,23.833333333333332
35610A,PINK CHRISTMAS FLOCK DROPLET,143,105.43,12,10,2,1.25,2009-12-07 17:56:00,2010-12-15 12:01:00,11.916666666666666
23073,GEORGIAN TRINKET BOX,143,1706.5,61,25,4,12.5,2011-04-19 08:17:00,2011-12-01 19:42:00,2.3442622950819674
35916C,PINK FELT HANGING HEART W FLOWER,143,153.95,40,29,2,1.63,2009-12-14 17:16:00,2011-10-18 17:00:00,3.575
21552,CERAMIC BIRDHOUSE BLACK ROSE  LARGE,143,712.7,30,9,2,5.95,2009-12-07 12:08:00,2010-06-03 11:35:00,4.766666666666667
21476,STEEL SWEETHEART ROUND TABLE CREAM,142,2219.5099999999998,85,41,4,14.95,2010-01-19 10:01:00,2011-10-19 13:58:00,1.6705882352941177
90129B,TURQUOISE GLASS TASSLE BAG CHARM,142,318.15000000000003,60,40,2,1.66,2009-12-10 16:21:00,2011-11-22 15:43:00,2.3666666666666667
47013C,WINE BOTTLE DRESSING DARK BLUE,142,39.06999999999999,26,22,1,0.29,2009-12-16 14:59:00,2011-06-20 17:14:00,5.461538461538462
79071B,ENGLISH ROSE METAL WASTE BIN,142,433.70000000000005,66,38,2,2.95,2010-02-01 13:25:00,2011-06-13 13:44:00,2.1515151515151514
20782,CAMOUFLAGE EAR MUFF HEADPHONES,142,883.37,75,34,4,5.49,2009-12-07 11:35:00,2011-12-01 13:08:00,1.8933333333333333
47013A,WINE BOTTLE DRESSING LT.BLUE,141,39.87,25,20,1,0.29,2009-12-16 14:59:00,2011-04-19 14:23:00,5.64
22503,CABIN BAG VINTAGE PAISLEY,141,3178.02,54,36,10,29.95,2010-04-30 15:57:00,2011-11-27 11:22:00,2.611111111111111
35817B,"ACRYLIC JEWEL SNOWFLAKE,BLUE",141,53.58,1,1,1,0.38,2010-05-14 12:00:00,2010-05-14 12:00:00,141.0
23414,ZINC BOX SIGN HOME,141,1378.75,64,14,5,9.95,2011-09-04 16:09:00,2011-11-30 17:37:00,2.203125
23150,IVORY SWEETHEART SOAP DISH,141,370.85,47,24,5,2.49,2011-04-21 10:19:00,2011-12-02 15:48:00,3.0
21001,ROSE DU SUD WASHBAG,140,713.67,89,56,7,4.21,2009-12-16 12:17:00,2011-11-30 15:13:00,1.5730337078651686
16207A,PINK STRAWBERRY HANDBAG,140,414.68,74,38,2,2.95,2009-12-17 15:27:00,2011-11-06 16:14:00,1.8918918918918919
84708B,PINK JEWELLED PHOTO FRAME,140,722.89,51,40,4,4.95,2009-12-08 15:00:00,2011-12-01 13:47:00,2.7450980392156863
20855,PINK PATCH PURSE BLUE HEART,140,230.99999999999997,45,25,3,1.65,2009-12-09 14:25:00,2010-09-15 11:22:00,3.111111111111111
84450B,PINK/YELLOW RABBIT SAT EASTER,139,84.55,35,12,3,0.81,2009-12-10 09:49:00,2010-04-01 15:04:00,3.9714285714285715
84609,TALL ROCOCO CANDLE HOLDER,139,1255.24,37,31,2,8.5,2009-12-16 11:57:00,2011-11-29 11:50:00,3.7567567567567566
35816B,"ACRYLIC JEWEL ANGEL,BLUE",139,58.07,3,3,1,1.25,2009-12-16 11:57:00,2010-05-14 12:00:00,46.333333333333336
84563A,PINK & WHITE BREAKFAST TRAY,139,685.15,62,34,7,5.95,2009-12-07 17:56:00,2011-05-17 10:57:00,2.2419354838709675
90214L,"LETTER ""L"" BLING KEY RING",138,153.12,65,45,2,0.85,2009-12-07 12:32:00,2011-10-24 17:03:00,2.123076923076923
85190,PINK FLOWER HANGING HEART,138,122.46,17,6,1,0.85,2009-12-14 17:57:00,2010-03-17 16:33:00,8.117647058823529
72753A,S/3 FLWR FAIRY LILLY CANDLES,138,312.86,10,5,3,2.1,2009-12-07 13:48:00,2010-01-27 12:39:00,13.8
23114,VINTAGE LEAF CHOPPING BOARD,138,683.5,43,10,9,4.95,2011-09-30 13:54:00,2011-11-29 16:47:00,3.2093023255813953
37333,"RETRO ""TEA FOR ONE""",138,764.14,56,36,2,4.95,2009-12-16 10:16:00,2011-05-03 12:13:00,2.4642857142857144
90214C,"LETTER ""C"" BLING KEY RING",138,153.74,64,41,2,1.05,2009-12-09 15:03:00,2011-12-01 16:22:00,2.15625
90098,NECKLACE+BRACELET PINK BUTTERFLY,137,301.28,55,29,3,2.55,2009-12-18 17:06:00,2011-11-25 11:20:00,2.4909090909090907
84706A,ENGLISH ROSE TABLE CLOCK,137,325.88,7,5,3,8.95,2009-12-17 09:09:00,2010-02-28 11:36:00,19.571428571428573
84219,BOX/12 MOTHER & CHICK IN BASKET/BOW,137,303.86,28,9,3,2.55,2010-01-31 11:01:00,2010-03-28 10:13:00,4.892857142857143
72753D,S/3 FLWR FAIRY SUMMER CANDLES,136,285.6,8,4,2,2.1,2009-12-07 13:48:00,2010-01-17 11:55:00,17.0
20695,FLORAL BLUE MONSTER,136,565.88,57,29,4,4.25,2009-12-07 17:56:00,2011-11-17 15:08:00,2.3859649122807016
90161B,ANT COPPER TURQ BOUDICCA BRACELET,136,679.37,70,49,2,4.98,2009-12-09 09:42:00,2011-11-30 15:13:00,1.9428571428571428
90214J,"LETTER ""J"" BLING KEY RING",136,147.16,81,48,1,0.85,2009-12-10 14:13:00,2011-11-14 09:00:00,1.6790123456790123
85164B,BLACK BAROQUE CUCKOO CLOCK,136,1760.8899999999999,61,28,3,12.75,2009-12-07 13:06:00,2010-09-29 13:17:00,2.2295081967213113
21758,VINTAGE SHELLS PRINT,135,1069.76,79,54,2,6.45,2009-12-10 20:16:00,2011-12-01 16:22:00,1.7088607594936709
46776D,WOVEN SUNSET CUSHION COVER,135,582.91,70,40,2,4.21,2010-01-11 09:33:00,2011-11-30 15:13:00,1.9285714285714286
84770,ROUND GEORGIAN SILVER MIRROR,135,419.25000000000006,16,6,1,2.95,2010-02-28 13:55:00,2010-04-08 17:44:00,8.4375
84805A,CREAM CLIMBING HYDRANGA ART FLOWER,135,197.85,7,7,2,3.75,2010-03-02 10:49:00,2011-12-02 13:54:00,19.285714285714285
90198A,VINTAGE ROSE BEAD BRACELET RASPBERR,135,572.08,79,52,2,4.24,2009-12-14 17:16:00,2011-12-02 16:39:00,1.7088607594936709
79191D,RETRO PLASTIC DAISY TRAY,135,139.69,53,38,1,0.85,2009-12-07 15:15:00,2011-12-02 16:39:00,2.547169811320755
22872,NUMBER TILE COTTAGE GARDEN 4,134,303.03999999999996,37,27,3,4.13,2010-10-18 09:36:00,2011-11-29 15:08:00,3.6216216216216215
90120D,WHITE MURANO TWIST BRACELET,134,554.13,40,28,1,4.25,2009-12-07 18:02:00,2011-02-09 13:37:00,3.35
20795,LARGE BLUE PROVENCAL CERAMIC BALL,134,304.57,28,24,3,2.1,2009-12-09 13:00:00,2011-12-02 13:17:00,4.785714285714286
20672,PINK TEATIME PRINT BOWL,134,190.72,34,10,2,1.25,2009-12-07 15:02:00,2010-03-05 14:42:00,3.9411764705882355
84933C,LARGE BLUE ORIENTAL FOLDING STOOL,133,287.15,5,4,1,2.1,2009-12-13 13:09:00,2010-01-22 13:41:00,26.6
17178,FLAT PALM T-LIGHT HOLDER,133,156.65,24,16,1,1.25,2009-12-08 12:54:00,2010-09-16 14:08:00,5.541666666666667
47598,NEW ENGLAND EGG WARMER,133,83.37,28,16,2,0.55,2009-12-07 15:42:00,2010-06-25 15:13:00,4.75
84725,FREESTYLE CANVAS ART PICTURE,133,212.24999999999997,28,21,1,1.65,2009-12-17 15:44:00,2011-09-22 17:19:00,4.75
84924A,WAKE UP COCKEREL CALENDAR SIGN,132,567.25,61,38,3,3.75,2009-12-08 12:33:00,2011-12-02 13:49:00,2.1639344262295084
90030B,RED KUKUI COCONUT SEED NECKLACE,132,280.26,34,28,5,5.94,2009-12-09 09:51:00,2011-12-02 13:54:00,3.8823529411764706
90201D,GREEN ENAMEL FLOWER RING,132,388.47,56,42,3,2.95,2009-12-18 17:06:00,2011-11-28 15:31:00,2.357142857142857
90210D,PURPLE ACRYLIC FACETED BANGLE,132,206.23000000000002,22,15,2,2.95,2009-12-14 17:57:00,2011-11-10 13:44:00,6.0
21632,VINTAGE PINK DECORATIVE PARASOL,131,1063.47,52,27,3,12.75,2010-03-08 12:44:00,2011-01-18 17:34:00,2.519230769230769
21375,LARGE CAMPHOR WOOD FIELD MUSHROOM,131,795.4399999999999,59,41,3,10.79,2010-01-11 09:37:00,2011-12-04 10:11:00,2.2203389830508473
35833G,4 GOLD FLOCK CHRISTMAS BALLS,131,208.81,33,15,2,1.25,2009-12-11 15:52:00,2010-12-06 10:08:00,3.9696969696969697
23099,FRENCH CARRIAGE LANTERN,131,878.8100000000001,54,24,2,6.65,2011-05-16 14:30:00,2011-12-02 16:39:00,2.425925925925926
82011C,BATHROOM SCALES FOOTPRINTS IN SAND,131,595.1800000000001,71,43,2,3.75,2009-12-07 18:02:00,2011-11-23 15:44:00,1.8450704225352113
21308,LOUVRE VANITY MIRROR,131,697.95,5,3,1,17.35,2009-12-07 18:02:00,2010-01-12 15:57:00,26.2
23136,IVORY WIRE SWEETHEART LETTER TRAY,131,496.89,48,21,3,3.75,2011-04-21 10:19:00,2011-12-04 12:52:00,2.7291666666666665
35916A,YELLOW FELT HANGING HEART W FLOWER,129,112.03999999999999,44,30,1,0.74,2009-12-07 17:56:00,2011-10-18 17:00:00,2.9318181818181817
90093,CLEAR CRYSTAL STAR PHONE CHARM,129,118.46,21,18,2,0.85,2009-12-14 18:37:00,2011-11-23 13:39:00,6.142857142857143
90129E,PURPLE GLASS TASSLE BAG CHARM,129,263.14,59,43,1,1.66,2009-12-16 12:17:00,2011-11-24 09:26:00,2.1864406779661016
90104,PURPLE FRANGIPANI HAIRCLIP,129,108.11,49,27,3,0.83,2010-06-21 13:04:00,2011-04-18 13:49:00,2.63265306122449
21031,SPACE CADET BLACK,129,157.95,36,29,2,1.25,2009-12-13 15:17:00,2011-11-16 12:18:00,3.5833333333333335
85136A,YELLOW SHARK HELICOPTER,128,1038.28,98,47,4,7.95,2009-12-08 15:49:00,2011-12-04 14:59:00,1.3061224489795917
35004S,SET OF 3 SILVER FLYING DUCKS,128,364.2,16,3,1,6.35,2009-12-07 08:24:00,2009-12-23 10:54:00,8.0
84563B,BLUE & WHITE BREAKFAST TRAY,128,590.04,59,34,6,4.21,2009-12-20 13:28:00,2011-06-19 12:23:00,2.169491525423729
22877,NUMBER TILE COTTAGE GARDEN 9,128,271.64,28,19,3,1.95,2010-10-18 09:36:00,2011-10-04 16:37:00,4.571428571428571
90201A,PURPLE ENAMEL FLOWER RING,128,377.04,53,42,3,2.95,2009-12-13 11:34:00,2011-11-18 15:59:00,2.4150943396226414
21252,SET OF MEADOW  FLOWER STICKERS,128,319.19000000000005,13,7,3,2.95,2009-12-07 11:46:00,2010-01-25 12:33:00,9.846153846153847
90214K,"LETTER ""K"" BLING KEY RING",128,150.32,79,49,1,1.25,2009-12-07 12:32:00,2011-11-14 09:00:00,1.620253164556962
22878,NUMBER TILE COTTAGE GARDEN No,128,330.26000000000005,45,31,2,4.13,2010-10-18 09:36:00,2011-11-16 15:16:00,2.8444444444444446
22330,72 ROUND PINK DOILIES,127,196.45,21,8,4,1.45,2009-12-13 11:05:00,2010-02-07 12:15:00,6.0476190476190474
84933B,LARGE PINK PEONY FOLDING STOOL,127,266.70000000000005,4,3,2,2.1,2009-12-13 13:09:00,2010-01-22 13:52:00,31.75
22871,NUMBER TILE COTTAGE GARDEN 3,127,289.39,30,26,3,4.13,2010-10-18 09:36:00,2011-11-16 15:16:00,4.233333333333333
22874,NUMBER TILE COTTAGE GARDEN 6,126,272.02,28,17,3,1.95,2010-10-18 09:36:00,2011-11-09 16:14:00,4.5
84405A,S/3 PINK COL METAL BASKET W HANDLE,126,1003.9100000000001,47,26,4,12.75,2009-12-22 09:52:00,2010-10-05 12:39:00,2.6808510638297873
20957,PORCELAIN HANGING BELL SMALL,126,184.60999999999999,15,13,3,1.45,2010-04-11 15:54:00,2010-11-29 09:46:00,8.4
21740,COSY SLIPPER SHOES LARGE RED,126,436.59000000000003,47,7,3,2.95,2009-12-07 14:58:00,2010-05-30 15:27:00,2.6808510638297873
90214M,"LETTER ""M"" BLING KEY RING",125,135.09,62,40,1,1.05,2009-12-09 15:03:00,2011-11-14 09:00:00,2.0161290322580645
35633B,BLUE TINSEL GARLAND,125,23.75,11,8,1,0.19,2009-12-07 13:48:00,2010-11-28 15:09:00,11.363636363636363
20827,GOLD APERITIF GLASS,125,107.60000000000001,7,6,1,2.12,2010-05-16 14:54:00,2011-04-21 12:34:00,17.857142857142858
82587,TEXRIO TOMATOES CANDLE+CUP,125,163.03,39,18,1,1.25,2009-12-07 12:08:00,2010-05-13 15:42:00,3.2051282051282053
22882,NUMBER TILE VINTAGE FONT 3,125,253.13,49,33,1,2.17,2010-10-19 12:17:00,2011-12-01 19:42:00,2.5510204081632653
85007,SET OF 3 VINTAGE TEA TIME BOXES,125,369.92,20,7,3,4.65,2009-12-10 16:30:00,2010-03-02 12:24:00,6.25
84007,MAGIC GARDEN MOUNT FUJI,124,323.72999999999996,30,22,1,2.55,2009-12-07 13:35:00,2010-11-30 14:15:00,4.133333333333334
17011E,ORIGAMI OPIUM SCENT INCENSE+FLOWER,124,80.60000000000001,1,1,1,0.65,2009-12-16 12:39:00,2009-12-16 12:39:00,124.0
22868,NUMBER TILE COTTAGE GARDEN 0,124,270.38,27,22,3,1.95,2010-10-18 09:36:00,2011-11-21 15:18:00,4.592592592592593
84458,S/3 RABBIT FLOWER/EGG/CARROT ROPE,124,105.39999999999999,20,7,2,0.85,2010-01-18 11:31:00,2010-03-21 15:50:00,6.2
90161D,ANT COPPER PINK BOUDICCA BRACELET,123,613.15,69,45,2,4.98,2009-12-09 09:42:00,2011-12-02 16:14:00,1.7826086956521738
21129,SILVER FISHING GNOME,123,936.44,59,40,1,6.95,2010-01-18 13:15:00,2011-11-29 11:48:00,2.0847457627118646
90125A,PINK BERTIE GLASS BEAD BAG CHARM,122,127.27,15,13,1,1.66,2010-06-03 14:02:00,2011-07-13 16:07:00,8.133333333333333
84933A,LARGE GREEN PEONY FOLDING STOOL,122,271.90000000000003,4,3,1,2.1,2009-12-07 13:48:00,2010-02-01 17:16:00,30.5
72789,BASKET/8 SCENTED LOVE TOKEN CANDLES,122,461.53,45,22,2,3.75,2009-12-10 14:19:00,2010-10-10 16:01:00,2.7111111111111112
72781,BLACK SILOUETTE CANDLE PLATE,121,229.5,15,12,3,2.1,2009-12-17 14:38:00,2010-10-11 10:33:00,8.066666666666666
21769,VINTAGE POST OFFICE CABINET,121,7794.97,46,33,3,79.95,2009-12-09 16:26:00,2010-12-07 16:43:00,2.630434782608696
21369,MIRRORED WALL ART SPLODGES,121,210.36,21,18,3,1.25,2009-12-23 12:07:00,2011-11-04 13:15:00,5.761904761904762
23142,IVORY WIRE KITCHEN ORGANISER,121,1220.8200000000002,40,20,5,10.4,2011-04-21 10:19:00,2011-11-27 13:29:00,3.025
22875,NUMBER TILE COTTAGE GARDEN 7,121,260.09,28,22,3,1.95,2010-10-18 09:36:00,2011-09-20 12:35:00,4.321428571428571
22873,NUMBER TILE COTTAGE GARDEN 5,120,262.5,31,27,4,1.95,2010-10-17 13:46:00,2011-11-25 14:25:00,3.870967741935484
21004,ROSE DU SUD CHILDS APRON,120,544.02,61,36,4,4.25,2009-12-09 09:51:00,2010-11-05 11:17:00,1.9672131147540983
22833,HALL CABINET WITH 3 DRAWERS,120,4163.54,13,8,2,49.95,2010-11-04 18:40:00,2011-02-03 11:39:00,9.23076923076923
35916B,BLUE FELT HANGING HEART WITH FLOWER,120,109.47,45,27,1,0.63,2009-12-07 17:56:00,2011-10-18 17:00:00,2.6666666666666665
84823,DANISH ROSE FOLDING CHAIR,120,1210.0,29,9,4,7.95,2010-04-26 14:12:00,2011-02-07 13:15:00,4.137931034482759
85072,OCCASIONS GIFT CARD ASSORTMENT,120,66.0,1,1,1,0.55,2009-12-10 15:45:00,2009-12-10 15:45:00,120.0
84901,BLACK FACE LAMB WITH PANTS,120,459.33,71,34,1,3.75,2009-12-07 18:02:00,2010-10-20 15:25:00,1.6901408450704225
21639,ASSORTED TUTTI FRUTTI KEYRING,119,101.14999999999999,7,2,1,0.85,2009-12-08 15:12:00,2010-03-03 13:57:00,17.0
85146,JARDIN ETCHED GLASS SMALL BELL JAR,118,599.38,29,19,1,5.95,2010-03-26 15:32:00,2011-04-07 13:11:00,4.068965517241379
23486,ANTIQUE HEART SHELF UNIT,118,1993.1399999999999,68,7,4,16.65,2011-10-20 12:21:00,2011-12-04 10:30:00,1.7352941176470589
90125D,PURPLE BERTIE GLASS BEAD BAG CHARM,118,181.54,32,21,2,2.1,2009-12-10 16:21:00,2011-07-13 16:07:00,3.6875
85044,RED REINDEER STRING OF 20 LIGHTS,118,645.82,35,16,1,4.95,2009-12-07 12:42:00,2010-11-22 13:42:00,3.3714285714285714
35638B,PINK/BLUE STRING CURTAIN,118,313.28999999999996,11,11,1,5.95,2009-12-09 09:42:00,2011-11-20 14:01:00,10.727272727272727
21659,GLASS CAKE STAND,118,1830.9199999999998,64,29,4,14.95,2009-12-08 14:03:00,2010-11-07 12:31:00,1.84375
21128,GOLD FISHING GNOME,118,826.0300000000001,56,44,3,12.46,2009-12-17 10:20:00,2011-11-18 15:59:00,2.107142857142857
22876,NUMBER TILE COTTAGE GARDEN 8,118,252.22,23,19,3,1.95,2010-10-18 09:36:00,2011-09-27 18:41:00,5.130434782608695
23045,PAPER LANTERN 5 POINT STAR MOON,117,489.69000000000005,24,15,3,4.15,2011-05-05 18:16:00,2011-11-29 15:23:00,4.875
72771B,BURG FLOCK GOLD CUP/CANDLE,117,56.9,8,2,1,0.42,2009-12-10 09:49:00,2009-12-15 18:33:00,14.625
23597,PAPER BUNTING PAISLEY PARK,117,337.67,25,4,3,2.95,2011-11-10 16:27:00,2011-12-04 14:15:00,4.68
90134,OLD ROSE COMBO BEAD NECKLACE,117,344.39,92,58,1,2.96,2009-12-22 09:41:00,2011-12-02 16:39:00,1.2717391304347827
90214E,"LETTER ""E"" BLING KEY RING",117,132.03,64,41,2,1.25,2009-12-10 14:07:00,2011-11-14 09:00:00,1.828125
84782A,PINK 3 TIER GLASS PLATE STAND,117,814.95,25,15,2,12.75,2009-12-10 10:57:00,2010-08-19 14:49:00,4.68
84972L,GIANT PINK HEART MEMO HOLDER,117,462.15000000000003,46,11,1,3.95,2009-12-09 13:22:00,2010-07-14 12:05:00,2.5434782608695654
90201C,RED ENAMEL FLOWER RING,117,345.14000000000004,44,35,4,2.95,2009-12-23 15:30:00,2011-11-16 15:23:00,2.659090909090909
84620,BLUE GINGHAM ROSE CUSHION COVER,116,716.86,48,30,4,5.95,2009-12-14 08:40:00,2010-12-15 14:12:00,2.4166666666666665
23021,GLASS BONNE JAM JAR,116,484.22,26,15,6,4.15,2011-06-20 09:41:00,2011-11-22 16:24:00,4.461538461538462
21185,HOME SWEET HOME  BLACKBOARD,116,754.7399999999999,37,13,3,6.35,2009-12-08 11:44:00,2010-07-05 12:49:00,3.135135135135135
23104,IVORY CAFE HANGING LAMP,116,1380.42,44,23,4,12.5,2011-05-11 14:29:00,2011-12-02 12:52:00,2.6363636363636362
37475,SET/4 COLOURFUL MIXING BOWLS,116,1160.56,72,47,6,9.95,2009-12-14 11:48:00,2011-12-02 13:49:00,1.6111111111111112
84030e,ENGLISH ROSE HOT WATER BOTTLE,116,942.8800000000001,44,26,1,8.47,2010-09-30 12:33:00,2011-12-04 14:51:00,2.6363636363636362
21321,GLASS CHALICE BLUE  LARGE,115,283.95,16,12,1,2.55,2009-12-10 09:49:00,2010-04-09 12:33:00,7.1875
35600D,PINK AND WHITE CHRISTMAS TREE 180CM,115,395.25,9,8,2,2.95,2009-12-07 15:26:00,2010-09-28 14:23:00,12.777777777777779
84559D,3D SHEET OF SEA WORLD STICKERS,114,98.66,27,21,1,0.85,2009-12-09 09:51:00,2010-11-15 17:01:00,4.222222222222222
21269,ANTIQUE CREAM CUTLERY SHELF,114,1036.84,65,42,6,8.5,2009-12-08 14:56:00,2011-11-22 14:43:00,1.7538461538461538
85163B,BLACK BAROQUE WALL CLOCK,114,1243.7,65,41,4,12.75,2009-12-22 09:52:00,2011-11-23 15:44:00,1.7538461538461538
35822P,"ACRYLIC BEAD CHAIN, PINK",114,43.32,1,1,1,0.38,2010-01-27 12:39:00,2010-01-27 12:39:00,114.0
62086A,PINK RETRO BIG FLOWER BAG,113,220.35,24,19,1,1.95,2010-03-01 12:21:00,2011-06-23 14:11:00,4.708333333333333
21460,GREEN EASTER EGG HUNT START POST,113,249.64999999999998,27,18,2,1.95,2010-01-29 09:21:00,2011-03-23 11:48:00,4.185185185185185
84247N,PACK/12 BLUE FOLKART CARDS,113,297.48,53,38,3,2.95,2010-01-11 14:39:00,2011-11-27 16:19:00,2.1320754716981134
84803A,PINK ALLIUM  ARTIFICIAL FLOWER,112,189.28,17,14,2,1.69,2010-01-07 11:52:00,2011-02-14 12:11:00,6.588235294117647
84985B,SET OF 72 BLACK PAPER DOILIES,112,168.57999999999998,20,10,2,1.45,2009-12-09 09:51:00,2010-03-07 13:44:00,5.6
22770,MIRROR CORNICE,112,1799.62,71,42,7,14.95,2010-10-12 13:39:00,2011-12-04 14:55:00,1.5774647887323943
84762B,PINK PICNIC BARBECUE BUCKET,112,829.12,47,21,3,8.47,2009-12-09 09:42:00,2010-09-12 13:03:00,2.382978723404255
84227,HEN HOUSE W CHICK IN NEST,112,47.04,13,8,1,0.42,2010-02-18 12:34:00,2011-03-14 15:40:00,8.615384615384615
72754A,FLOWER FAIRY POTPOURRI CUSHION LILY,112,84.24000000000001,4,3,1,1.17,2009-12-10 14:44:00,2010-02-24 10:18:00,28.0
85080,PADDED RED HEART DECORATION,112,54.51,21,10,1,0.42,2009-12-07 15:42:00,2010-09-26 15:07:00,5.333333333333333
90013A,MIDNIGHT BLUE VINTAGE EARRINGS,111,419.18,75,51,3,3.81,2009-12-07 17:56:00,2011-12-02 16:39:00,1.48
22881,NUMBER TILE VINTAGE FONT 2,111,214.69,35,29,1,4.13,2010-10-25 16:43:00,2011-11-15 12:25:00,3.1714285714285713
84537B,FAIRY CAKES GIFT BAG,111,46.62,10,9,1,0.42,2009-12-13 11:32:00,2010-03-15 14:01:00,11.1
22880,NUMBER TILE VINTAGE FONT 1,111,230.26999999999998,37,25,1,4.13,2010-10-25 16:43:00,2011-11-15 12:25:00,3.0
79192A,RETRO PLASTIC 70'S TRAY,111,148.89,32,24,1,1.25,2009-12-07 15:15:00,2011-02-02 17:06:00,3.46875
84520b,PACK 20 ENGLISH ROSE PAPER NAPKINS,110,257.4,10,6,1,2.085,2010-03-05 14:41:00,2010-09-21 13:13:00,11.0
72750D,F.FAIRY S/3 CANDLE/GLASS,110,226.5,11,7,2,1.95,2009-12-07 13:48:00,2010-01-28 11:40:00,10.0
15056bl,EDWARDIAN PARASOL BLACK,110,1381.02,84,50,1,12.46,2009-12-22 15:06:00,2011-11-29 11:23:00,1.3095238095238095
22884,NUMBER TILE VINTAGE FONT 5,110,217.26,39,33,1,4.13,2010-10-21 14:55:00,2011-11-30 12:32:00,2.8205128205128207
23537,WALL ART I LOVE LONDON,110,576.1800000000001,33,9,2,4.95,2011-10-03 14:52:00,2011-11-30 15:13:00,3.3333333333333335
90108,BLUE BLOSSOM HAIR CLIP,109,125.83000000000001,21,18,3,1.05,2010-01-15 15:47:00,2011-12-01 16:22:00,5.190476190476191
84358,FLOOR LAMP SHADE WOOD BASE,109,995.6,28,26,1,9.95,2010-01-18 13:15:00,2011-08-09 12:07:00,3.892857142857143
23180,MUM'S KITCHEN CLOCK,109,599.64,47,27,5,4.95,2011-03-04 09:46:00,2011-12-02 16:39:00,2.3191489361702127
84899F,YELLOW PURPLE DAISY FELT PURSE KIT,109,171.89,48,27,2,2.51,2009-12-08 15:49:00,2010-11-26 11:20:00,2.2708333333333335
21331,MOROCCAN BEATEN METAL DISH LARGE,108,921.1800000000001,28,24,6,12.75,2009-12-16 09:37:00,2011-11-16 15:52:00,3.857142857142857
84926C,FAIRY CAKES TILE COASTER,108,149.46,26,13,2,1.25,2009-12-07 17:56:00,2010-08-05 14:57:00,4.153846153846154
44242B,PINK FEATHERS CURTAIN,108,120.28,8,8,2,1.25,2010-02-28 16:14:00,2011-09-26 16:59:00,13.5
21699,SET 5 MINI CHOCOLATE FRIDGE MAGNETS,108,82.44,3,3,2,1.69,2009-12-15 10:02:00,2010-02-15 11:57:00,36.0
23479,WIRE EGG BASKET,108,826.02,41,7,4,7.85,2011-10-17 12:41:00,2011-12-02 16:44:00,2.6341463414634148
79303B,BLUE STAR BLOCK TABLE LAMP,108,333.53,9,8,1,5.91,2009-12-22 09:41:00,2010-08-09 18:29:00,12.0
82001s,VINYL RECORD FRAME SILVER,108,806.16,25,16,1,7.46,2010-07-30 12:47:00,2011-12-02 10:08:00,4.32
82607C,GLASS BONBON JAR. SUPERFINES,108,165.54,41,11,2,2.51,2009-12-10 09:49:00,2010-03-09 12:48:00,2.6341463414634148
82093,HEART SHAPE BUTTON FRAME,108,228.84,22,5,1,3.43,2009-12-07 17:56:00,2010-01-22 11:28:00,4.909090909090909
22885,NUMBER TILE VINTAGE FONT 6,108,193.73999999999998,32,26,1,2.17,2010-10-20 15:56:00,2011-11-24 13:01:00,3.375
90115,SUMMER BUTTERFLIES BAG CHARM,107,276.40999999999997,59,27,2,2.51,2010-05-24 12:01:00,2011-06-02 11:13:00,1.8135593220338984
72133,COLUMBIAN CANDLE RECTANGLE,107,117.71000000000001,30,24,1,1.25,2009-12-13 11:49:00,2011-12-02 13:58:00,3.566666666666667
22883,NUMBER TILE VINTAGE FONT 4,107,204.79,32,26,1,4.13,2010-10-18 15:44:00,2011-11-30 15:13:00,3.34375
84830,LARGE ENGLISH ARBORETUM,107,1118.65,6,5,1,16.95,2009-12-17 16:58:00,2010-03-07 13:00:00,17.833333333333332
37462E,"PET MUG, GOLDFISH",106,46.29,27,22,1,0.83,2010-01-10 14:02:00,2011-11-28 14:12:00,3.925925925925926
23460,SWEETHEART WALL TIDY,106,987.18,41,7,3,9.95,2011-10-20 12:57:00,2011-12-02 11:53:00,2.5853658536585367
10138,ASSORTED COLOUR JUMBO PEN,106,46.12,15,8,1,0.42,2009-12-07 13:57:00,2010-04-20 12:46:00,7.066666666666666
85049g,CHOCOLATE BOX RIBBONS,106,259.3,49,36,1,2.46,2010-11-30 11:51:00,2011-12-02 10:07:00,2.163265306122449
84437A,S/6 PINK EASTER DECS IN BOX,106,90.94999999999999,18,9,2,0.85,2010-01-11 09:37:00,2010-04-09 16:54:00,5.888888888888889
37492A,YELLOW RED FLOWER PIGGY BANK,106,206.76999999999998,9,3,2,4.65,2009-12-08 11:13:00,2009-12-23 07:57:00,11.777777777777779
84600,NEW BAROQUE JEWELLERY BOX,105,894.42,49,34,5,7.95,2009-12-07 15:42:00,2011-12-04 12:29:00,2.142857142857143
84429A,MEDIUM PINK BUDDHA HEAD,105,356.89000000000004,39,29,4,2.95,2009-12-07 17:56:00,2011-11-30 10:54:00,2.6923076923076925
20910,VINTAGE PHOTO ALBUM PARIS DAYS,105,756.12,46,35,2,6.35,2009-12-07 15:26:00,2010-12-16 11:53:00,2.282608695652174
84762C,GREEN PICNIC BARBECUE BUCKET,105,761.25,43,18,2,8.47,2009-12-07 18:02:00,2010-05-21 15:24:00,2.441860465116279
90120B,BLUE MURANO TWIST BRACELET,105,443.14,41,31,2,4.25,2009-12-09 12:57:00,2011-11-17 14:24:00,2.5609756097560976
18096C,WHITE ROUND PORCELAIN TLIGHT HOLDER,105,268.09999999999997,18,7,3,2.55,2009-12-07 15:55:00,2010-02-24 09:24:00,5.833333333333333
35004P,SET OF 3 PINK FLYING DUCKS,104,553.82,39,16,1,5.91,2009-12-07 08:24:00,2010-12-10 13:27:00,2.6666666666666665
90005A,JADE GREEN ENAMEL HAIR COMB,104,212.54999999999998,55,33,2,2.11,2009-12-07 17:56:00,2011-04-27 17:18:00,1.8909090909090909
90096,NECKLACE+BRACELET SET BLUE BLOSSOM,104,243.60999999999999,49,34,1,2.46,2010-01-05 16:50:00,2011-11-13 16:18:00,2.122448979591837
90116,FRUIT SALAD BAG CHARM,104,220.6,62,43,2,2.46,2010-02-02 11:40:00,2011-12-02 16:14:00,1.6774193548387097
90198B,VINTAGE ROSE BEAD BRACELET BLACK,104,441.9,49,36,2,4.25,2009-12-07 17:56:00,2011-12-04 12:32:00,2.122448979591837
90129C,GREEN GLASS TASSLE BAG CHARM,104,234.53,49,33,1,1.66,2010-01-11 09:34:00,2011-11-16 15:23:00,2.122448979591837
79534,MULTICOLOUR GLASS PLATE,104,57.2,15,13,1,0.55,2009-12-13 13:53:00,2010-10-05 13:12:00,6.933333333333334
85081,PADDED HOLLY CHRISTMAS DECORATION,104,46.17,21,10,1,0.42,2009-12-09 14:48:00,2010-10-07 15:33:00,4.9523809523809526
21729,SMALL MARAKESH METAL  LANTERN,103,350.99,22,6,1,3.25,2009-12-07 11:47:00,2010-01-18 13:20:00,4.681818181818182
72812,LARGE ZINC GLASS CANDLEHOLDER,103,280.2,29,25,3,4.13,2009-12-11 16:48:00,2011-11-29 16:47:00,3.5517241379310347
35809B,ENAMEL BLUE RIM TEA CONTAINER,103,225.44,32,21,4,2.1,2009-12-08 15:00:00,2011-04-11 14:11:00,3.21875
90013B,BLACK VINTAGE EARRINGS,103,424.59000000000003,78,52,1,4.24,2009-12-07 17:56:00,2011-11-30 15:13:00,1.3205128205128205
47348A,FUSCHIA VOILE POINTY SHOE DEC,103,62.01,16,12,3,0.39,2010-04-11 10:35:00,2011-09-01 17:14:00,6.4375
21003,ROSE DU SUD CUSHION COVER,102,607.22,61,33,4,5.79,2010-03-02 16:36:00,2011-12-01 16:22:00,1.6721311475409837
85163A,WHITE BAROQUE WALL CLOCK,102,1045.42,56,38,5,12.75,2010-02-01 17:13:00,2011-11-23 15:44:00,1.8214285714285714
90002D,FLOWER BURST SILVER RING CRYSTAL,102,358.24,33,25,1,3.75,2009-12-08 13:41:00,2011-05-08 16:13:00,3.090909090909091
84508C,BLUE CIRCLES DESIGN TEDDY,102,277.27,42,37,2,2.55,2009-12-13 13:17:00,2011-11-17 12:59:00,2.4285714285714284
20785,FUSCHIA RETRO BAR STOOL,102,3672.35,36,26,2,34.0,2010-01-22 11:28:00,2011-04-06 12:08:00,2.8333333333333335
23457,LARGE PARLOUR PICTURE FRAME,102,500.38,27,8,2,4.95,2011-10-16 15:44:00,2011-12-04 15:18:00,3.7777777777777777
84509a,SET OF 4 ENGLISH ROSE PLACEMATS,102,762.68,71,38,1,7.46,2009-12-22 15:13:00,2011-12-02 10:08:00,1.4366197183098592
23044,PAPER LANTERN 9 POINT HOLLY STAR S,101,423.29,25,17,2,4.15,2011-05-08 11:41:00,2011-12-01 13:28:00,4.04
23042,PAPER LANTERN 7 POINT SNOW STAR,101,684.9300000000001,27,17,1,6.65,2011-04-28 13:35:00,2011-12-01 19:24:00,3.740740740740741
46775E,CANDY POP CHUNKY KNITTED THROW,101,1282.9,51,14,2,11.02,2009-12-11 16:11:00,2010-09-12 11:43:00,1.9803921568627452
45016,DECORATIVE NET CANOPY LEOPARD,101,423.73,25,18,1,7.62,2009-12-14 18:37:00,2010-09-09 11:20:00,4.04
21193,WHITE HONEYCOMB PAPER FAN,101,244.57,18,12,1,2.1,2009-12-13 11:46:00,2010-04-07 14:12:00,5.611111111111111
35963,FOLKART ZINC CLIP ON ANGEL WINGS,101,38.38,11,10,1,0.38,2009-12-16 12:09:00,2010-09-22 15:58:00,9.181818181818182
35838B,S/6 SILVER ORNAMENETAL CANDLE,100,85.0,23,10,1,0.85,2009-12-09 14:30:00,2010-09-28 11:35:00,4.3478260869565215
20781,GOLD EAR MUFF HEADPHONES,100,564.77,58,36,4,5.49,2009-12-07 13:07:00,2011-12-01 13:08:00,1.7241379310344827
35913B,WHITE/PINK CHICK EASTER DECORATION,100,92.39,21,18,2,0.85,2010-01-07 12:22:00,2011-11-06 12:25:00,4.761904761904762
90082D,DIAMANTE BOW BROOCH BLACK COLOUR,100,644.7099999999999,49,33,1,6.35,2009-12-09 09:51:00,2011-11-27 15:18:00,2.0408163265306123
85090,CANDY SPOT APRON,100,531.38,51,27,4,4.65,2009-12-07 15:42:00,2010-11-24 14:49:00,1.9607843137254901
20784,RED RETRO BAR STOOL,100,3492.65,36,23,1,34.0,2009-12-18 12:23:00,2010-10-21 12:09:00,2.7777777777777777
84462,3 PINK HEN+CHICKS IN BASKET,100,114.86,14,11,2,1.25,2010-02-02 10:47:00,2011-04-14 15:26:00,7.142857142857143
90175A,WHITE GLASS CHUNKY CHARM BRACELET,100,900.8,57,43,2,9.15,2009-12-07 18:02:00,2011-11-15 16:57:00,1.7543859649122806
35637C,PINK STRING CURTAIN WITH POLE,100,331.14,19,18,2,5.95,2010-01-14 08:30:00,2011-11-27 13:49:00,5.2631578947368425
82095,HEART BUTTONS JEWELLERY BOX,100,600.91,48,33,4,4.96,2009-12-09 14:48:00,2011-07-05 16:53:00,2.0833333333333335
22825,DECORATIVE PLANT POT WITH FRIEZE,100,799.02,38,28,1,7.95,2010-10-22 09:06:00,2011-11-27 14:30:00,2.6315789473684212
20786,BLACK RETRO BAR STOOL,99,3533.9,31,18,1,34.0,2010-01-22 11:28:00,2010-10-22 14:23:00,3.193548387096774
20796,SMALL BLUE PROVENCAL CERAMIC BALL,99,182.15999999999997,22,19,2,1.65,2009-12-09 13:00:00,2011-11-10 12:01:00,4.5
90120C,GREEN MURANO TWIST BRACELET,99,419.88,51,38,1,4.24,2009-12-09 09:51:00,2011-11-17 14:24:00,1.9411764705882353
84081,WHITE CERAMIC PARTY SET (5PCS),99,380.65,19,11,1,4.25,2009-12-08 15:49:00,2010-07-14 14:17:00,5.2105263157894735
84661C,PINK SQUARE TABLE CLOCK,99,130.91,21,17,2,2.55,2009-12-10 09:49:00,2011-12-04 15:19:00,4.714285714285714
84461,12 PINK HEN+CHICKS IN BASKET,99,253.79,40,18,3,2.55,2010-01-31 11:01:00,2011-04-20 13:59:00,2.475
23149,ANTIQUE IVORY WIRE BOWL SMALL,99,251.45000000000002,21,14,2,2.49,2011-05-03 11:34:00,2011-11-29 13:06:00,4.714285714285714
85121C,RETRO LAUNDRY TUB PISTACHIO,98,918.91,53,27,6,8.5,2009-12-07 18:02:00,2010-11-17 17:01:00,1.849056603773585
22886,NUMBER TILE VINTAGE FONT 7,98,174.16,29,25,1,2.17,2010-10-25 16:43:00,2011-12-01 19:42:00,3.3793103448275863
35922,EASTER BUNNY WREATH,97,575.99,36,23,6,4.95,2009-12-22 09:52:00,2011-04-08 11:28:00,2.6944444444444446
79532,MOSAIC GLASS BALL CANDLEHOLDER,97,121.25,18,13,1,1.25,2010-06-07 15:31:00,2010-10-05 13:12:00,5.388888888888889
75172,PAINTED SEA SHELL METAL WINDCHIME,97,100.31,11,10,1,0.79,2010-06-23 14:34:00,2011-07-04 16:35:00,8.818181818181818
21228,"POCKET MIRROR ""GLAMOROUS""",97,122.57,31,24,1,1.25,2009-12-09 12:57:00,2011-03-09 13:56:00,3.129032258064516
85024C,PINK SMALL JEWELLED PHOTOFRAME,97,160.04999999999998,41,32,1,1.65,2009-12-07 11:39:00,2011-11-22 13:11:00,2.3658536585365852
90199C,5 STRAND GLASS NECKLACE CRYSTAL,97,572.59,30,23,1,6.35,2009-12-17 13:38:00,2011-11-29 16:47:00,3.2333333333333334
85097B,BLUE ROCKING SINGING CANARY,97,379.39,34,18,4,3.75,2009-12-08 15:49:00,2010-08-09 12:22:00,2.8529411764705883
20906,VINTAGE NOTEBOOK BEAUTY GIRL,97,347.17,44,25,2,2.95,2009-12-07 17:56:00,2011-04-03 15:07:00,2.2045454545454546
16206B,RED PURSE WITH PINK HEART,96,116.4,16,12,2,1.25,2010-01-31 16:02:00,2011-01-26 12:29:00,6.0
47351B,BLUE  VOILE LAMPSHADE,96,264.0,13,12,2,2.95,2010-04-11 13:37:00,2011-11-06 13:00:00,7.384615384615385
79329,PINK FLOCK GLASS CANDLEHOLDER,96,59.339999999999996,6,6,1,1.65,2009-12-16 15:38:00,2011-04-10 15:07:00,16.0
35931,PINK STAR CHRISTMAS DECORATION,96,36.48,13,10,2,0.38,2009-12-13 11:23:00,2010-11-12 14:05:00,7.384615384615385
90160C,TURQ+RED BOUDICCA LARGE BRACELET,96,669.9300000000001,44,40,2,6.95,2009-12-22 14:31:00,2011-11-30 15:13:00,2.1818181818181817
72801d,4 SKY BLUE DINNER CANDLES,96,237.76,58,39,1,2.46,2010-01-25 15:40:00,2011-11-23 11:11:00,1.6551724137931034
22802,FAUX FUR CHOCOLATE THROW,96,1822.29,58,27,2,19.95,2010-10-28 14:15:00,2011-12-02 14:25:00,1.6551724137931034
84712B,PINK JEWELLED PHOTO FRAME,96,751.6,58,39,2,7.95,2009-12-11 14:39:00,2011-11-30 17:37:00,1.6551724137931034
35815B,"ACRYLIC JEWEL SNOWFLAKE,BLUE",95,43.940000000000005,3,2,1,0.38,2009-12-07 18:02:00,2009-12-15 17:25:00,31.666666666666668
84707A,SILVER JEWELLED MIRROR TRINKET TRAY,95,987.38,60,37,4,9.95,2009-12-07 15:42:00,2011-12-04 14:55:00,1.5833333333333333
35819P,"ACRYLIC HANGING JEWEL,PINK",95,66.55,7,6,2,0.38,2011-09-16 13:13:00,2011-11-13 16:13:00,13.571428571428571
84576,BLUE CAT BISCUIT BARREL PINK HEART,95,331.09000000000003,31,21,3,4.13,2009-12-22 09:41:00,2011-07-20 10:08:00,3.064516129032258
82607E,GLASS BONBON JAR. D'AMANDES,95,118.75,24,13,1,1.25,2009-12-15 15:18:00,2010-10-31 16:26:00,3.9583333333333335
17014E,ORIGAMI OPIUM INCENSE CONES,95,36.599999999999994,6,6,2,1.65,2010-05-10 11:05:00,2010-08-20 09:23:00,15.833333333333334
35610C,WHITE CHRISTMAS FLOCK DROPLET,94,81.56,8,8,1,1.25,2009-12-10 09:49:00,2010-12-13 09:52:00,11.75
23416,CHAMBRE HOOK,94,164.05999999999997,17,11,2,1.65,2011-09-12 13:43:00,2011-12-04 15:19:00,5.529411764705882
84497,BUTTONS AND STRIPES NOTEBOOK,94,375.88,35,26,1,3.75,2009-12-09 14:48:00,2011-11-15 14:48:00,2.6857142857142855
90120A,PINK MURANO TWIST BRACELET,93,395.68,41,27,1,4.25,2009-12-07 17:56:00,2011-01-25 10:45:00,2.268292682926829
47562,ENGLISH ROSE IRONING BOARD COVER,93,348.75,36,15,1,3.75,2009-12-08 14:03:00,2010-03-29 11:55:00,2.5833333333333335
85089,CANDY SPOT BUNNY,93,299.84000000000003,28,18,3,2.95,2009-12-21 17:14:00,2011-11-17 15:08:00,3.3214285714285716
84870C,GREEN GEISHA GIRL,93,330.36,41,23,5,3.75,2009-12-14 17:57:00,2011-10-30 13:06:00,2.268292682926829
84454,WOBBLING METAL CHICKEN EASTER,93,85.53,18,9,2,0.85,2009-12-07 11:46:00,2010-04-09 16:54:00,5.166666666666667
21420,OYSTER TRINKET BOX,92,310.04,29,27,2,3.25,2010-01-04 13:36:00,2011-11-28 11:18:00,3.1724137931034484
84680,CLASSICAL ROSE URN,92,356.40000000000003,16,11,3,7.95,2009-12-08 13:59:00,2010-09-05 11:42:00,5.75
85179C,PINK BITTY LIGHT CHAIN,92,199.49,34,14,2,2.46,2009-12-14 14:35:00,2011-12-01 16:22:00,2.7058823529411766
23477,WOODLAND LARGE BLUE FELT HEART,92,123.47,13,7,4,1.25,2011-10-20 12:07:00,2011-11-30 15:43:00,7.076923076923077
DCGSSGIRL,GIRLS PARTY BAG,92,295.63,23,16,1,3.29,2010-06-21 15:13:00,2011-11-16 15:23:00,4.0
20892,SET/3 TALL GLASS CANDLE HOLDER PINK,92,1038.25,36,28,3,12.75,2009-12-13 11:46:00,2010-12-21 15:19:00,2.5555555555555554
23562,SET OF 6 RIBBONS PERFECTLY PRETTY,92,268.78,22,2,1,2.89,2011-11-27 12:29:00,2011-12-04 13:34:00,4.181818181818182
90210B,CLEAR ACRYLIC FACETED BANGLE,92,222.04000000000002,23,19,2,2.95,2009-12-10 14:19:00,2011-10-27 14:52:00,4.0
82011B,BATHROOM SCALES RUBBER DUCKS,92,345.05,47,37,3,3.75,2009-12-09 09:42:00,2011-11-23 15:44:00,1.9574468085106382
22887,NUMBER TILE VINTAGE FONT 8,91,158.41,27,24,1,4.13,2010-10-18 15:44:00,2011-10-12 16:36:00,3.3703703703703702
72803B,OCEAN SCENT CANDLE JEWELLED DRAWER,91,403.63,35,23,1,4.25,2009-12-07 14:58:00,2010-11-01 13:26:00,2.6
85145,JARDIN ETCHED GLASS LARGE BELL JAR,91,809.05,30,21,1,12.75,2009-12-17 15:39:00,2011-04-28 16:11:00,3.033333333333333
21132,SILVER STANDING GNOME,91,474.11,45,34,6,4.25,2009-12-14 18:37:00,2011-11-16 17:24:00,2.022222222222222
90147,CHUNKY SILVER NECKLACE PASTEL FLOWE,91,917.55,57,41,1,9.95,2009-12-10 14:19:00,2011-11-27 15:18:00,1.5964912280701755
90059A,DIAMANTE HAIR GRIP PACK/2 CRYSTAL,91,151.89,45,33,3,1.69,2009-12-16 17:58:00,2011-12-02 16:39:00,2.022222222222222
21303,FILIGREE WALL MIRROR  ANTIQUE WHITE,91,909.5899999999999,28,10,3,16.95,2009-12-07 11:29:00,2010-03-10 12:51:00,3.25
23117,POPPY FIELDS CHOPPING BOARD,91,491.33000000000004,43,10,5,4.95,2011-09-30 13:54:00,2011-12-02 10:35:00,2.116279069767442
84753A,PINK EAU DE COLOGNE BOTTLE,90,86.22,22,6,1,0.85,2009-12-10 17:27:00,2010-02-19 12:34:00,4.090909090909091
84870B,BLUE GEISHA GIRL,90,322.61,40,27,5,3.75,2009-12-07 11:35:00,2011-11-24 09:26:00,2.25
90192,JADE DROP EARRINGS W FILIGREE,89,443.90000000000003,49,34,3,4.98,2009-12-07 16:38:00,2011-11-27 15:18:00,1.816326530612245
84974,S/2 ZINC HEART DESIGN PLANTERS,89,879.55,57,43,1,9.95,2010-01-06 13:56:00,2011-11-01 12:25:00,1.5614035087719298
23496,PANTRY KITCHEN THERMOMETER,88,116.05,23,6,2,1.25,2011-10-30 11:55:00,2011-12-02 16:39:00,3.8260869565217392
85135A,YELLOW DRAGONFLY HELICOPTER,88,704.79,58,33,1,7.95,2009-12-08 17:10:00,2011-11-29 11:48:00,1.5172413793103448
23069,EDWARDIAN PHOTO FRAME,88,556.21,32,21,3,6.25,2011-04-26 15:04:00,2011-12-04 13:00:00,2.75
85165,CANDY PINK FRENCH BOUDOIR CLOCK,88,852.86,57,22,2,8.47,2009-12-16 17:01:00,2010-06-21 15:13:00,1.543859649122807
72715,SPHERICAL IVORY CANDLE,88,36.96,13,11,1,0.42,2010-02-16 15:35:00,2010-08-26 12:38:00,6.769230769230769
16162M,THE KING GIFT BAG 25x24x12cm,88,36.96,13,10,1,0.42,2010-06-14 12:39:00,2011-11-27 13:26:00,6.769230769230769
21734,SMALL MARAKESH LANTERN ON STICK,88,479.62,25,11,2,5.6850000000000005,2009-12-07 18:02:00,2010-03-10 16:24:00,3.52
17090D,VANILLA INCENSE 40 CONES IN TIN,88,105.2,28,25,1,1.25,2009-12-13 11:34:00,2011-07-11 11:38:00,3.142857142857143
21553,CERAMIC BIRDHOUSE FINCH BLUE  LARGE,87,556.37,36,9,2,5.95,2009-12-07 13:49:00,2010-04-06 15:08:00,2.4166666666666665
90119,METALIC LEAVES BAG CHARMS,87,218.47,40,33,2,2.46,2010-06-23 10:53:00,2011-12-02 16:14:00,2.175
90030C,BROWN KUKUI COCONUT SEED NECKLACE,87,151.3,16,13,5,3.41,2009-12-09 09:51:00,2011-11-25 10:20:00,5.4375
84671B,CROCHET BEAR WITH BLUE STRIPES,86,240.26,24,4,1,2.55,2009-12-07 13:07:00,2010-01-11 09:34:00,3.5833333333333335
90210C,RED   ACRYLIC FACETED BANGLE,86,131.26000000000002,9,8,1,2.95,2010-02-09 13:08:00,2011-06-29 15:58:00,9.555555555555555
17129C,SKY BLUE COLOUR GLASS GEMS IN BAG,86,57.98,11,10,1,0.85,2009-12-09 15:03:00,2010-05-04 10:47:00,7.818181818181818
84455,SET OF 3 RABBIT CARROTS EASTER,85,77.96,20,12,2,0.85,2010-01-11 09:35:00,2010-04-09 16:54:00,4.25
16202C,BEIGE PHOTO ALBUM,85,207.19,11,8,3,1.95,2009-12-08 13:41:00,2010-05-06 12:40:00,7.7272727272727275
21304,ARCHED GREY MIRROR,85,578.83,17,9,2,12.75,2009-12-08 10:41:00,2010-04-13 14:36:00,5.0
85121B,RETRO LAUNDRY TUB PINK,85,919.39,47,20,5,8.5,2009-12-08 15:49:00,2010-06-27 13:11:00,1.8085106382978724
84472,PINK AND LILAC QUILTED THROW,85,3310.42,28,17,3,45.95,2009-12-09 14:02:00,2010-05-11 13:30:00,3.0357142857142856
84874B,BLUE TRAVEL FIRST AID KIT,85,140.10999999999999,35,30,3,1.65,2010-01-19 15:39:00,2011-08-02 09:29:00,2.4285714285714284
90071,RUBY GLASS CLUSTER EARRINGS,85,106.47,71,48,1,1.26,2009-12-10 09:49:00,2011-12-02 16:39:00,1.1971830985915493
84705B,FAIRY CAKES PHOTO FRAME,84,113.27,3,2,1,1.25,2009-12-08 12:30:00,2009-12-23 07:57:00,28.0
90112,PINK DOLLY HAIR CLIPS,84,91.25,20,17,1,1.05,2009-12-07 11:05:00,2010-12-23 16:31:00,4.2
84873a,FUNKY FLOWER PICNIC BAG FOR 4,84,928.3199999999999,55,10,1,11.02,2009-12-22 14:48:00,2010-06-04 14:49:00,1.5272727272727273
35793,S/3 PUPPIES CHRISTMAS DECORATIONS,83,139.49,12,3,1,2.95,2009-12-07 11:40:00,2009-12-22 15:09:00,6.916666666666667
20901,VINTAGE KEEPSAKE BOX PINK FLOWER,83,742.48,64,33,3,12.72,2009-12-10 09:49:00,2011-11-14 14:39:00,1.296875
84706C,PINK FLOCK TABLE CLOCK,83,161.85,3,3,1,1.95,2009-12-17 09:09:00,2010-01-27 12:39:00,27.666666666666668
22486,PLASMATRONIC LAMP,83,760.43,35,25,2,12.75,2010-03-08 12:45:00,2011-11-30 15:13:00,2.3714285714285714
21461,BLUE EASTER EGG HUNT START POST,82,171.04,23,14,2,1.95,2010-01-29 09:21:00,2011-04-06 17:08:00,3.5652173913043477
22879,NUMBER TILE VINTAGE FONT 0,82,134.4,21,19,1,4.13,2010-10-19 15:36:00,2011-10-04 16:37:00,3.9047619047619047
84464,S/60 PINK FLUFFY CHICKS IN BOX,82,179.1,11,6,2,2.55,2010-01-08 15:19:00,2010-02-19 14:11:00,7.454545454545454
90173,PAIR BUTTERFLY HAIR CLIPS,81,306.64,51,35,2,3.81,2009-12-09 09:51:00,2011-10-12 11:41:00,1.588235294117647
45008C,DECORATIVE NET CANOPY CREAM,81,774.17,33,18,6,8.95,2009-12-14 18:03:00,2010-07-14 14:30:00,2.4545454545454546
16248B,BLUE HOLE PUNCH,81,101.25,12,9,1,1.25,2010-09-20 12:54:00,2011-10-30 15:55:00,6.75
90013C,GREEN VINTAGE EARRINGS,81,325.92,53,40,3,4.15,2009-12-16 17:01:00,2011-12-02 16:39:00,1.528301886792453
90129F,RED GLASS TASSLE BAG CHARM,80,180.31,40,30,3,1.66,2009-12-16 12:17:00,2011-11-17 14:24:00,2.0
23019,SMALL APOTHECARY MEASURING JAR,80,620.8000000000001,27,17,5,8.25,2011-06-21 14:00:00,2011-12-04 14:55:00,2.962962962962963
90125C,TURQUOISE BERTIE GLASS BEAD CHARM,80,76.14999999999999,9,8,1,1.63,2009-12-20 14:40:00,2011-05-26 14:09:00,8.88888888888889
20835,FRENCH LATTICE CUSHION COVER,80,87.02,10,9,2,0.83,2010-03-03 16:37:00,2011-11-10 15:23:00,8.0
21757,LIGHTHOUSE PRINTED METAL SIGN,80,454.3,42,20,1,4.95,2009-12-08 14:03:00,2011-02-17 12:29:00,1.9047619047619047
46775A,BUBBLE GUM CHUNKY KNITTED THROW,80,940.01,30,5,2,11.02,2009-12-11 16:11:00,2010-02-24 13:48:00,2.6666666666666665
90030A,SPOTTED WHITE NATURAL SEED NECKLACE,79,113.76,10,8,4,1.0,2009-12-09 09:51:00,2011-11-28 13:51:00,7.9
23462,ROCOCO WALL MIRROR WHITE,79,1587.09,45,7,3,19.95,2011-10-20 13:06:00,2011-12-02 12:52:00,1.7555555555555555
90089,PINK CRYSTAL SKULL PHONE CHARM,79,79.22999999999999,23,21,1,1.63,2009-12-08 15:49:00,2011-11-29 16:47:00,3.4347826086956523
90143,SILVER BRACELET W PASTEL FLOWER,79,599.13,41,32,1,7.5,2009-12-14 18:03:00,2011-12-01 16:22:00,1.9268292682926829
35597B,BLACKCHRISTMAS TREE 30CM,78,224.1,7,7,3,1.25,2009-12-13 15:54:00,2010-12-06 12:15:00,11.142857142857142
84745B,BLUE HANGING GINGHAM EASTER HEN,78,32.76,16,16,1,0.42,2010-01-10 14:26:00,2011-04-27 12:08:00,4.875
23580,SNACK TRAY HAPPY FOREST,78,158.64,17,2,2,1.95,2011-11-27 11:57:00,2011-12-04 13:34:00,4.588235294117647
84529C,YELLOW KNITTED KIDS RUCKSACK,78,414.74,37,13,3,4.21,2009-12-16 10:39:00,2010-06-04 15:50:00,2.108108108108108
84414B,FUSCHIA/GREEN STRIPE WOOLLY BLANKET,78,536.24,9,6,2,5.95,2009-12-10 15:45:00,2010-03-25 11:28:00,8.666666666666666
84206A,3 BLACK CATS W HEARTS BLANK CARD,78,14.820000000000002,8,6,2,0.19,2010-01-25 15:54:00,2011-11-25 11:54:00,9.75
40002,WHITE BAMBOO RIBS LAMPSHADE,78,66.3,1,1,1,0.85,2009-12-18 11:18:00,2009-12-18 11:18:00,78.0
22888,NUMBER TILE VINTAGE FONT 9,78,126.69999999999999,22,19,1,4.13,2010-11-04 13:14:00,2011-11-24 14:06:00,3.5454545454545454
37508,NEW ENGLAND CERAMIC CAKE SERVER,78,198.89999999999998,42,26,1,2.55,2009-12-08 13:41:00,2010-08-24 17:21:00,1.8571428571428572
90205C,LARGE CRYSTAL DIAMANTE HAIRSLIDE,78,122.31,24,20,2,1.65,2009-12-09 09:42:00,2011-11-28 15:31:00,3.25
20818,GOLD TEDDY BEAR,77,231.0,24,19,2,3.75,2009-12-10 11:55:00,2011-05-04 13:36:00,3.2083333333333335
84865,NEW BAROQUE BLACK PHOTO ALBUM,77,639.42,48,29,4,8.5,2009-12-22 09:41:00,2011-07-01 13:02:00,1.6041666666666667
23043,PAPER LANTERN 9 POINT HOLLY STAR L,77,493.67,21,12,1,6.25,2011-05-05 18:16:00,2011-11-25 15:23:00,3.6666666666666665
84527,FLAMES SUNGLASSES PINK LENSES,77,146.10999999999999,22,18,1,1.95,2010-03-30 12:36:00,2011-11-25 11:20:00,3.5
16201A,PASTEL PINK PHOTO ALBUM,77,166.57,7,6,1,1.95,2010-02-26 09:47:00,2010-09-09 11:00:00,11.0
84226,HEN HOUSE W FAMILY IN BARN & NEST,77,58.31,18,15,2,0.85,2010-02-28 13:55:00,2011-06-08 10:45:00,4.277777777777778
23487,SWEET HEART CAKE CARRIER,77,765.7299999999999,42,7,4,9.95,2011-10-14 11:15:00,2011-11-25 16:13:00,1.8333333333333333
DCGSSBOY,BOYS PARTY BAG,77,251.35,21,17,1,3.29,2010-06-21 15:13:00,2011-12-01 16:22:00,3.6666666666666665
90210A,GREY ACRYLIC FACETED BANGLE,77,174.94,19,14,2,2.95,2009-12-10 14:19:00,2011-06-29 15:58:00,4.052631578947368
90214R,"LETTER ""R"" BLING KEY RING",77,88.71,47,37,1,0.85,2009-12-07 13:59:00,2011-09-29 15:13:00,1.6382978723404256
78033,FLAG OF ST GEORGE CHAIR,76,370.6,16,14,2,5.95,2010-01-27 16:34:00,2011-10-06 09:37:00,4.75
35603C,SET/16 WHITE SHINY & MATT BAUBLES,76,33.6,21,15,1,0.42,2009-12-07 15:26:00,2010-11-09 12:07:00,3.619047619047619
79303D,LILAC FLOWER BLOCK TABLE LAMP,76,260.37,17,10,1,5.91,2009-12-09 11:52:00,2010-08-09 18:31:00,4.470588235294118
22655,VINTAGE RED KITCHEN CABINET,76,12845.0,53,31,3,125.0,2010-07-12 10:43:00,2011-11-01 15:06:00,1.4339622641509433
90214G,"LETTER ""G"" BLING KEY RING",75,85.92999999999999,45,33,1,0.85,2009-12-13 13:03:00,2011-11-14 09:00:00,1.6666666666666667
21270,ANTIQUE CREAM CUTLERY CUPBOARD,75,861.68,50,26,4,12.75,2009-12-08 14:56:00,2011-11-28 14:44:00,1.5
20845,ZINC HEART LATTICE 2 WALL PLANTER,75,489.27,23,17,2,6.35,2009-12-14 17:16:00,2011-08-16 13:13:00,3.260869565217391
21102,"CANDLE IN JAR COLLAGE , VANILLA",75,203.23,18,10,2,2.55,2009-12-07 14:58:00,2010-03-12 13:08:00,4.166666666666667
84549,CROCHET WHITE RABBIT KEYRING,75,137.26999999999998,16,15,2,1.65,2009-12-08 17:44:00,2011-11-08 18:41:00,4.6875
84510a,SET OF 4 ENGLISH ROSE COASTERS,75,185.7,58,33,1,2.46,2010-06-24 11:35:00,2011-06-28 11:53:00,1.293103448275862
20847,ZINC HEART LATTICE CHARGER LARGE,75,311.57,25,24,3,3.75,2009-12-10 20:22:00,2011-11-25 11:54:00,3.0
23116,VEGETABLE GARDEN CHOPPING BOARD,75,377.49,21,10,3,4.95,2011-09-30 15:04:00,2011-12-01 16:22:00,3.5714285714285716
84925E,FLOWERS WALL THERMOMETER,74,127.49999999999999,2,2,1,2.125,2009-12-11 10:37:00,2010-01-12 15:57:00,37.0
84367,LA STREGA CANVAS PICTURE,74,126.29999999999998,8,8,1,1.65,2009-12-09 09:34:00,2010-08-04 08:05:00,9.25
82553,POP'S GREASY SPOON METAL SIGN,74,153.92999999999998,32,8,1,3.36,2009-12-07 18:02:00,2010-02-18 13:15:00,2.3125
84877A,PINK ROUND COMPACT MIRROR,74,185.66,17,16,2,3.75,2009-12-17 17:54:00,2011-06-13 15:30:00,4.352941176470588
72129,COLUMBIAN CANDLE ROUND,74,49.11000000000001,18,15,1,0.65,2009-12-18 16:04:00,2010-09-29 13:00:00,4.111111111111111
72709,IVORY SCULPTED RND CANDLE,74,62.9,13,12,2,0.85,2010-04-19 14:08:00,2011-11-13 16:22:00,5.6923076923076925
90214D,"LETTER ""D"" BLING KEY RING",74,81.36,46,37,1,0.85,2010-01-12 17:15:00,2011-11-14 09:00:00,1.608695652173913
84989a,75 GREEN FAIRY CAKE CASES,74,150.57,41,37,1,2.08,2010-06-04 14:59:00,2011-08-24 10:22:00,1.8048780487804879
23417,BATHROOM HOOK,73,126.13,18,9,1,1.65,2011-09-07 15:52:00,2011-12-04 15:19:00,4.055555555555555
90094,NECKLACE+BRACELET SET FRUIT SALAD,73,185.07,37,22,1,2.55,2010-06-27 13:11:00,2011-11-29 12:06:00,1.972972972972973
90158,ST TROPEZ NECKLACE,73,365.96000000000004,59,44,1,4.98,2009-12-14 17:16:00,2011-12-02 16:39:00,1.2372881355932204
23444,Next Day Carriage,73,1110.0,73,25,1,15.0,2011-05-26 16:11:00,2011-12-04 10:56:00,1.0
84782C,GREEN 3 TIER GLASS PLATE STAND,73,497.15,17,14,3,12.75,2009-12-10 10:57:00,2010-09-06 10:19:00,4.294117647058823
84482,BUTTONS DESIGN JEWELLERY BOX,73,285.52,31,20,1,3.75,2009-12-08 12:38:00,2010-10-03 14:36:00,2.3548387096774195
44217M,MULTICOLOUR FEATHERS CURTAIN,72,236.40000000000003,3,1,1,3.95,2010-02-15 13:20:00,2010-02-15 13:29:00,24.0
23016,GLASS TWIST BON BON JAR,72,559.55,23,14,1,7.85,2011-06-16 16:57:00,2011-12-01 12:01:00,3.130434782608696
84616,SILVER ROCCOCO CHANDELIER,72,1472.62,25,17,2,29.95,2009-12-16 13:16:00,2011-11-22 08:26:00,2.88
23492,VINTAGE JINGLE BELLS WREATH,72,602.38,27,7,2,8.25,2011-10-20 10:10:00,2011-12-02 16:44:00,2.6666666666666665
90206C,CRYSTAL DIAMANTE STAR BROOCH,72,362.33000000000004,51,37,1,4.98,2009-12-14 17:16:00,2011-11-29 16:47:00,1.411764705882353
84596I,WRAP SWEETS LIGHT PINK SMALL BOWL,72,80.62,10,6,1,1.25,2010-02-19 18:04:00,2010-04-11 13:01:00,7.2
90018A,SILVER M.O.P ORBIT DROP EARRINGS,72,304.54,53,38,3,4.24,2009-12-14 17:16:00,2011-11-30 15:13:00,1.3584905660377358
21752,GLASS CAKE STAND MIRRORED BASE,71,1139.67,33,15,5,14.95,2009-12-09 09:56:00,2010-09-09 17:46:00,2.1515151515151514
46138B,BLUE CHENILLE SHAGGY CUSHION COVER,71,156.29,25,22,2,1.95,2009-12-07 17:56:00,2011-11-13 15:58:00,2.84
47583A,SET OF 3 WICKER BASKET ROSE,71,612.8199999999999,6,4,1,24.95,2010-01-11 13:51:00,2010-02-17 16:40:00,11.833333333333334
90160D,PINK BOUDICCA LARGE BRACELET,70,487.52000000000004,24,22,2,6.95,2009-12-10 14:19:00,2011-11-17 14:24:00,2.9166666666666665
44241C,BLUE BUTTERFLY ON SPRING,70,59.5,8,7,1,0.85,2010-01-25 15:36:00,2010-08-04 13:42:00,8.75
90040B,MURANO STYLE GLASS BRACELET BLACK,70,252.07,35,30,2,3.73,2009-12-08 15:49:00,2011-05-06 15:40:00,2.0
90160B,RED BOUDICCA LARGE BRACELET,70,483.55,28,24,2,6.95,2010-01-13 17:51:00,2011-11-09 15:07:00,2.5
84902,PINK KNITTED COW STUFFED TOY,70,272.18,47,22,1,3.75,2009-12-07 17:56:00,2010-07-04 13:31:00,1.4893617021276595
23560,SET OF 6 RIBBONS COUNTRY STYLE,70,213.9,16,2,3,2.89,2011-11-27 11:57:00,2011-12-02 15:39:00,4.375
16202E,BLACK PHOTO ALBUM,70,139.32999999999998,13,10,1,1.95,2009-12-14 17:57:00,2011-04-17 13:43:00,5.384615384615385
84247C,PACK/12 BLUE REINDEER CARD,70,206.50000000000003,20,13,3,2.95,2009-12-07 14:58:00,2010-11-29 11:54:00,3.5
84247K,"FOLK ART GREETING CARD,pack/12",70,218.73000000000002,26,23,3,2.95,2009-12-07 18:02:00,2011-10-16 16:13:00,2.6923076923076925
23137,ZINC WIRE SWEETHEART LETTER TRAY,70,259.37,21,13,1,3.75,2011-04-21 16:53:00,2011-11-30 17:37:00,3.3333333333333335
85112,S/3 TEAR DROP CUT GLASS DECORATION,70,129.74,20,5,1,1.25,2009-12-07 13:24:00,2010-02-07 11:57:00,3.5
20787,BLUE RETRO BAR STOOL,69,2535.1,30,16,1,34.0,2010-01-17 12:40:00,2010-09-22 15:11:00,2.3
84619,BLUE GINGHAM ROSE QUILT,69,1485.1100000000001,26,9,3,45.95,2009-12-07 09:42:00,2010-03-03 09:10:00,2.6538461538461537
84447,6 RABBIT CHAIN EASTER,69,72.42,19,7,3,1.66,2010-01-27 16:41:00,2010-03-23 12:11:00,3.6315789473684212
90184C,BLACK CHUNKY BEAD BRACELET W STRAP,69,624.8399999999999,47,34,2,8.95,2009-12-10 15:56:00,2011-11-25 16:14:00,1.4680851063829787
90185D,CRYSTAL DIAMANTE EXPANDABLE RING,68,289.0,34,22,1,4.25,2009-12-18 17:06:00,2011-06-02 17:26:00,2.0
37487B,YELLOW/ORANGE FLOWER DESIGN PLATE,68,19.72,2,1,1,0.29,2011-04-11 11:51:00,2011-04-13 11:48:00,34.0
90145,SILVER HOOP EARRINGS WITH FLOWER,68,413.65000000000003,41,36,4,5.95,2009-12-07 18:02:00,2011-11-29 10:57:00,1.6585365853658536
44089C,LILAC GAUZE BUTTERFLY LAMPSHADE,68,28.56,18,15,1,0.42,2010-02-04 12:08:00,2011-09-23 13:12:00,3.7777777777777777
90186A,AMETHYST HOOP EARRING FLORAL LEAF,68,200.70000000000002,32,21,1,2.95,2009-12-08 14:36:00,2011-11-29 16:33:00,2.125
90203,SILVER CHARM NECKLACE 70CM,68,511.77,33,21,1,7.5,2009-12-08 15:49:00,2010-10-25 11:54:00,2.0606060606060606
48173c,DOORMAT BLACK FLOCK,68,1095.81,36,22,1,16.98,2010-03-29 14:56:00,2011-05-03 09:44:00,1.8888888888888888
90129D,AMBER GLASS TASSLE BAG CHARM,67,161.57000000000002,34,25,2,1.66,2009-12-16 12:17:00,2011-10-19 15:08:00,1.9705882352941178
72799D,BLUE PILLAR CANDLE SILVER FLOCK,67,200.41,16,12,2,2.95,2009-12-07 18:02:00,2010-09-29 13:20:00,4.1875
90214H,"LETTER ""H"" BLING KEY RING",67,70.19,49,34,1,0.85,2009-12-09 15:03:00,2011-11-18 15:59:00,1.3673469387755102
84745A,PINK HANGING GINGHAM EASTER HEN,66,27.72,14,14,1,0.42,2010-01-10 14:26:00,2011-04-27 12:08:00,4.714285714285714
85205A,IVORY FELT EASTER RABBIT GARLAND,66,168.29999999999998,21,8,1,2.55,2010-02-02 12:47:00,2010-03-23 12:11:00,3.142857142857143
21686,MEDINA STAMPED METAL STOOL,65,2460.1400000000003,33,28,1,39.95,2009-12-11 14:34:00,2011-10-02 15:33:00,1.9696969696969697
37468,HARDMAN MUG 3 ASSORTED,65,39.81,14,12,1,0.39,2009-12-18 17:15:00,2011-10-19 16:16:00,4.642857142857143
23471,SIX DRAWER OFFICE TIDY,65,616.79,27,10,2,9.95,2011-09-30 15:02:00,2011-12-02 17:12:00,2.4074074074074074
90164B,WHITE  ROSEBUD PEARL BRACELET,65,347.65,33,30,1,7.64,2009-12-09 09:42:00,2011-11-30 14:33:00,1.9696969696969697
84882,GREEN WIRE STANDING CANDLE HOLDER,65,285.68,35,31,1,3.75,2009-12-11 14:20:00,2011-11-30 17:37:00,1.8571428571428572
90019A,SILVER M.O.P ORBIT BRACELET,65,337.93,48,40,3,5.4,2009-12-15 18:33:00,2011-11-29 16:47:00,1.3541666666666667
85168B,BLACK BAROQUE CARRIAGE CLOCK,65,592.48,48,29,2,8.47,2010-01-05 15:29:00,2011-12-02 16:39:00,1.3541666666666667
44236,PINK/PURPLE CIRCLE CURTAIN,64,112.32000000000001,12,10,1,4.65,2010-01-24 11:03:00,2011-08-21 16:24:00,5.333333333333333
90184B,AMETHYST CHUNKY BEAD BRACELET W STR,64,579.13,42,33,2,8.95,2009-12-07 18:02:00,2011-12-02 16:14:00,1.5238095238095237
23017,APOTHECARY MEASURING JAR,64,751.4000000000001,21,16,5,12.5,2011-06-26 13:56:00,2011-11-21 16:25:00,3.0476190476190474
77079,DOLPHIN WINDMILL,64,135.68,12,11,1,2.12,2010-03-03 13:57:00,2011-06-12 12:01:00,5.333333333333333
84707B,PINK JEWELLED MIRROR TRINKET TRAY,64,589.27,48,36,3,8.47,2009-12-08 15:00:00,2011-10-19 16:16:00,1.3333333333333333
21663,VINTAGE GLASS SUGAR CADDY,63,416.81,30,14,1,5.95,2009-12-08 15:49:00,2010-04-13 13:31:00,2.1
90214B,"LETTER ""B"" BLING KEY RING",63,68.85,39,30,1,0.85,2009-12-09 15:03:00,2011-09-21 15:34:00,1.6153846153846154
85039a,SET/4 RED MINI ROSE CANDLE IN BOWL,63,209.16,43,31,1,3.29,2010-02-19 10:49:00,2011-11-30 15:33:00,1.4651162790697674
72740A,LARGE STRAWBERRY CHOCOLATE CANDLE,63,130.89,10,3,1,3.86,2009-12-07 11:29:00,2010-01-05 12:13:00,6.3
23576,SNACK TRAY RED VINTAGE DOILY,63,129.39,15,2,3,1.95,2011-11-27 12:13:00,2011-12-04 13:34:00,4.2
90149,SILVER FLOWR PINK SHELL NECKLACE,62,410.26000000000005,9,8,1,7.5,2010-01-31 15:17:00,2011-12-02 16:39:00,6.888888888888889
90042A,FRESHWATER PEARL BRACELET GOLD,62,158.24,32,20,1,2.54,2009-12-07 17:56:00,2011-04-13 16:58:00,1.9375
79342B,BROWN FLOWER LIGHTS,62,487.0,28,12,1,6.75,2009-12-08 12:41:00,2010-04-06 13:30:00,2.2142857142857144
84509c,SET OF 4 POLKADOT PLACEMATS,62,467.64,41,28,1,7.62,2010-03-29 15:06:00,2011-11-23 11:11:00,1.5121951219512195
90214N,"LETTER ""N"" BLING KEY RING",62,69.72,38,35,1,0.85,2009-12-07 15:15:00,2011-11-30 14:00:00,1.631578947368421
17013F,ORIGAMI SANDLEWOOD INCENSE IN TUBE,62,26.7,5,5,2,1.65,2009-12-21 17:20:00,2010-08-20 09:23:00,12.4
21761,WOOD AND GLASS MEDICINE CABINET,62,1724.9,21,19,3,29.95,2010-01-18 12:59:00,2011-12-04 13:20:00,2.9523809523809526
37474,SET/4 2 TONE EGG SHAPE MIXING BOWLS,62,641.0999999999999,43,30,5,9.95,2009-12-10 16:39:00,2010-12-06 16:57:00,1.441860465116279
84402B,PURPLE DRESS JEWELLERY STAND,62,51.14,4,2,2,0.79,2010-11-17 12:57:00,2011-07-21 16:10:00,15.5
84906,PINK B'FLY C/COVER W BOBBLES,62,283.67,20,18,3,5.95,2010-01-06 13:56:00,2011-05-23 11:52:00,3.1
90070,RUBY GLASS CLUSTER BRACELET,62,378.65000000000003,34,30,2,6.23,2009-12-09 09:42:00,2011-11-24 09:26:00,1.8235294117647058
84251J,"GREETING CARD, THE BLACK CAT",62,32.0,16,10,2,0.84,2009-12-07 18:02:00,2010-06-07 10:54:00,3.875
84613C,BLUE NEW BAROQUE FLOCK CANDLESTICK,62,258.06,12,11,1,4.65,2010-03-15 16:13:00,2010-12-08 12:35:00,5.166666666666667
84388,WISE MAN STAR SHAPE EGG PAN,62,75.83999999999999,19,10,1,1.65,2009-12-07 15:15:00,2011-04-19 15:02:00,3.263157894736842
90161A,ANT COPPER RED BOUDICCA BRACELET,61,305.38,40,33,1,5.035,2009-12-10 14:19:00,2011-11-16 15:16:00,1.525
72369A,PINK CLEAR GLASS CANDLE PLATE,61,93.78999999999999,13,12,1,1.25,2010-01-04 10:43:00,2011-11-28 13:37:00,4.6923076923076925
90130B,TURQ STONE/CRYSTAL EARRINGS,61,179.34,46,34,1,2.95,2009-12-14 18:03:00,2011-12-02 16:39:00,1.326086956521739
35645,VINTAGE BEAD PINK JEWEL BOX,61,301.81,34,24,3,4.25,2009-12-09 14:48:00,2011-10-20 13:06:00,1.7941176470588236
22824,3 TIER SWEETHEART GARDEN SHELF,61,2153.9500000000003,48,31,4,35.95,2010-11-07 14:17:00,2011-11-23 08:17:00,1.2708333333333333
90010B,BLACK/WHITE GLASS/SILVER BRACELET,61,559.0899999999999,32,22,1,8.95,2009-12-14 17:57:00,2011-04-10 11:45:00,1.90625
90059D,DIAMANTE HAIR GRIP PACK/2 PERIDOT,61,101.72,38,30,3,1.69,2009-12-15 13:21:00,2011-11-24 09:21:00,1.605263157894737
72821,CUPID SCENTED CANDLE IN GLASS,61,100.64999999999999,14,11,1,1.65,2010-01-31 14:25:00,2011-02-10 16:17:00,4.357142857142857
79026B,"S/4 ICON COASTER,ELVIS LIVES",61,72.64999999999999,31,18,1,1.25,2009-12-07 17:56:00,2011-05-18 14:50:00,1.967741935483871
90185B,AMETHYST DIAMANTE EXPANDABLE RING,61,259.03000000000003,31,22,2,4.25,2009-12-09 09:51:00,2011-11-22 15:41:00,1.967741935483871
44091C,MULTICOLOUR CRUSOE CHECK LAMPSHADE,61,30.66,17,14,2,0.42,2009-12-17 19:54:00,2010-08-04 16:27:00,3.588235294117647
47592B,SCOTTIES DESIGN CHILD'S OVERALL,61,119.3,25,12,2,2.1,2009-12-07 15:28:00,2010-07-21 10:42:00,2.44
17014F,ORIGAMI SANDLEWOOD INCENSE CONES,61,23.699999999999996,4,4,2,1.65,2010-01-21 13:33:00,2010-08-20 09:23:00,15.25
23575,SNACK TRAY PAISLEY PARK,61,129.85,15,2,2,1.95,2011-11-27 11:57:00,2011-12-04 13:32:00,4.066666666666666
23579,SNACK TRAY I LOVE LONDON,60,134.44,17,4,3,1.95,2011-10-18 13:11:00,2011-12-04 13:32:00,3.5294117647058822
79331,PINK FLOCK GLASS CANDLEHOLDER,60,73.6,9,8,1,1.65,2010-02-10 13:32:00,2011-04-07 12:04:00,6.666666666666667
72801c,4 ROSE PINK DINNER CANDLES,60,148.75,35,22,1,2.46,2010-02-19 11:06:00,2011-11-30 15:33:00,1.7142857142857142
90197B,BLACK GLASS BRACELET W HEART CHARMS,60,301.94,48,32,2,5.035,2009-12-07 17:56:00,2011-12-01 08:51:00,1.25
82011A,"BATHROOM SCALES, TROPICAL BEACH",59,246.58,34,29,2,3.75,2010-02-03 08:50:00,2011-11-13 16:16:00,1.7352941176470589
23428,IVORY RETRO KITCHEN WALL CLOCK,59,486.81,24,3,4,8.15,2011-11-17 10:01:00,2011-12-04 12:44:00,2.4583333333333335
90154,LAZER CUT NECKLACE W PASTEL BEADS,59,439.65,7,7,1,8.95,2010-06-07 13:02:00,2011-11-18 13:25:00,8.428571428571429
22657,HEN & 2 CHICKS IN BASKET,59,50.15,7,7,1,0.85,2010-01-31 16:02:00,2010-03-21 10:30:00,8.428571428571429
20660,VIP LUGGAGE TAG,59,73.75,20,11,2,1.25,2009-12-09 11:58:00,2010-08-01 12:02:00,2.95
90185C,BLACK DIAMANTE EXPANDABLE RING,59,250.71,30,22,2,4.25,2009-12-08 13:41:00,2011-10-31 14:41:00,1.9666666666666666
22803,IVORY EMBROIDERED QUILT,59,2237.84,36,19,5,39.95,2010-10-22 14:04:00,2011-11-13 14:44:00,1.6388888888888888
90042C,FRESHWATER PEARL BRACELET IVORY,59,150.20999999999998,26,19,1,2.54,2010-06-02 11:54:00,2011-01-11 13:16:00,2.269230769230769
23141,TRIPLE WIRE HOOK PINK HEART,58,248.82000000000002,21,15,2,4.15,2011-04-19 16:52:00,2011-11-30 15:13:00,2.761904761904762
23561,SET OF 6 RIBBONS PARTY,58,170.52,6,2,1,2.89,2011-11-27 13:29:00,2011-12-02 16:39:00,9.666666666666666
23047,PAPER LANTERN 5 POINT SEQUIN STAR,58,333.5,25,19,1,5.75,2011-05-08 11:41:00,2011-11-24 12:30:00,2.32
23305,SET 4 PICNIC CUTLERY BLUEBERRY,58,113.1,7,4,2,1.95,2011-10-23 15:27:00,2011-11-14 08:29:00,8.285714285714286
10124A,SPOTS ON RED BOOKCOVER TAPE,58,24.36,18,16,1,0.42,2010-03-19 14:05:00,2011-11-06 13:00:00,3.2222222222222223
37491C,GREEN/BLUE CERAMIC CANDLE HOLDER,58,167.52,10,7,1,1.65,2009-12-11 15:40:00,2011-07-18 13:33:00,5.8
22826,LOVE SEAT ANTIQUE WHITE METAL,58,6210.0,41,24,3,85.0,2010-12-10 15:45:00,2011-11-23 12:13:00,1.4146341463414633
90195A,PURPLE GEMSTONE BRACELET,58,513.1999999999999,40,23,1,8.95,2009-12-10 14:19:00,2011-11-09 16:14:00,1.45
84762A,WHITE PICNIC BARBECUE BUCKET,58,508.78,28,14,3,10.75,2010-01-08 10:43:00,2010-06-30 11:08:00,2.0714285714285716
90186B,CRYSTAL HOOP EARRING FLORAL LEAF,57,168.26000000000002,31,24,1,2.95,2009-12-10 09:49:00,2011-11-29 11:05:00,1.8387096774193548
20664,TROPICAL HOLIDAY PURSE,57,155.41,31,24,1,2.95,2009-12-15 13:40:00,2011-08-30 10:39:00,1.8387096774193548
84559a,3D SHEET OF DOG STICKERS,57,95.69999999999999,40,25,1,1.69,2010-02-01 11:20:00,2011-06-27 09:12:00,1.425
84533B,FAIRY CAKES ROUND NESTING BOXES,57,366.03000000000003,23,12,4,5.95,2009-12-07 11:29:00,2010-03-12 11:19:00,2.4782608695652173
35597D,PINK/WHITE CHRISTMAS TREE 30CM,57,24.630000000000003,6,4,1,0.65,2010-10-28 17:46:00,2011-09-01 16:45:00,9.5
20987,GEISHA GIRL CHOPSTICKS SET/5,57,139.35,10,3,1,4.3,2009-12-07 17:56:00,2009-12-22 15:13:00,5.7
90082B,DIAMANTE BOW BROOCH RED COLOUR,57,361.95,24,21,1,6.35,2009-12-15 13:21:00,2011-11-27 15:18:00,2.375
85136B,BLUE SHARK HELICOPTER,56,449.22,44,27,1,7.95,2009-12-07 18:02:00,2010-12-14 13:31:00,1.2727272727272727
85142,JARDIN ETCHED GLASS GINGER JAR,56,494.63,33,22,2,7.95,2009-12-10 19:35:00,2010-07-08 19:12:00,1.696969696969697
84255B,ORANGE COCKTAIL GLASS LAMP,56,171.26,16,8,1,2.1,2009-12-10 12:21:00,2010-03-09 12:12:00,3.5
85114a,BLACK ENCHANTED FOREST PLACEMAT,56,185.64000000000001,17,14,1,3.29,2009-12-22 15:09:00,2011-06-08 15:25:00,3.2941176470588234
72793,BLACK BOX MIRROR LANTERN,55,268.75,10,9,1,5.95,2009-12-13 14:38:00,2010-10-26 10:22:00,5.5
20879,TREE OF NOAH FESTIVE SCENTED CANDLE,55,62.7,10,3,1,0.65,2009-12-10 20:04:00,2009-12-22 09:52:00,5.5
84539,KNITTED RABBIT DOLL,55,90.75,11,11,1,1.65,2009-12-07 15:28:00,2011-07-10 12:03:00,5.0
90162B,ANT SILVER LIME GREEN BOUDICCA RING,55,162.25000000000003,20,15,3,2.95,2010-03-01 13:10:00,2011-11-09 11:10:00,2.75
90190C,SILVER/AMETHYST DROP EARRINGS LEAF,55,161.82,36,24,2,2.95,2009-12-08 14:36:00,2011-11-29 11:05:00,1.5277777777777777
90185A,AMBER DIAMANTE EXPANDABLE RING,55,233.29,26,23,2,4.24,2009-12-08 15:49:00,2011-11-16 15:16:00,2.1153846153846154
90122A,PINK CRYSTAL+GLASS BRACELET,55,273.89,31,26,1,4.98,2010-01-11 09:33:00,2011-11-15 17:00:00,1.7741935483870968
47344B,BLUE FLOWER DES PURSE,54,56.16,10,9,2,1.25,2009-12-17 15:44:00,2011-06-02 09:37:00,5.4
90122C,TURQUOISE CRYSTAL+GLASS BRACELET,54,269.1,30,24,1,4.965,2009-12-14 18:37:00,2011-12-02 16:39:00,1.8
62043B,BLUE CHECK BAG W HANDLE 34X20CM,54,75.15999999999998,10,8,1,1.24,2010-04-30 15:39:00,2011-05-19 10:20:00,5.4
72771C,BLACK FLOCK GOLD CANDLE,54,42.08,6,1,1,0.42,2009-12-07 17:56:00,2009-12-13 15:17:00,9.0
90010E,AMBER GLASS/SILVER BRACELET,54,483.75,33,28,1,8.95,2009-12-09 12:57:00,2011-12-02 16:39:00,1.6363636363636365
21277,FRENCH STYLE EMBOSSED HEART CABINET,54,1309.3899999999999,48,40,4,21.95,2009-12-08 14:56:00,2011-11-23 15:44:00,1.125
72807c,SET/3 VANILLA SCENTED CANDLE IN BOX,54,460.08000000000004,40,24,1,8.47,2009-12-22 15:04:00,2011-11-23 11:11:00,1.35
84723,CHERRY BLOSSOM CANVAS ART PICTURE,54,201.3,12,12,1,7.95,2010-02-05 15:24:00,2011-08-08 14:37:00,4.5
47369B,BLUE GREEN EMBROIDERY COSMETIC BAG,54,153.18,29,18,1,2.95,2009-12-13 13:17:00,2011-12-01 16:22:00,1.8620689655172413
21118,SHOPPING BAG DOORSTOP,54,85.5,6,4,1,1.25,2009-12-09 15:26:00,2010-01-11 15:33:00,9.0
84510c,SET OF 4 POLKADOT COASTERS,53,131.48,33,23,1,2.46,2010-06-08 15:24:00,2011-11-23 11:11:00,1.606060606060606
35910A,MULTICOLOUR EASTER RABBIT,53,103.35,13,13,2,1.95,2009-12-13 13:27:00,2011-03-28 14:07:00,4.076923076923077
90157,RIVIERA NECKLACE,53,263.28000000000003,24,20,2,4.95,2010-01-20 17:50:00,2011-11-28 15:31:00,2.2083333333333335
90003D,CRYSTAL PAIR HEART HAIR SLIDES,53,199.92,29,23,2,3.75,2009-12-09 09:42:00,2011-11-29 16:47:00,1.8275862068965518
90014A,SILVER/MOP ORBIT NECKLACE,53,481.21,38,33,1,9.95,2009-12-07 18:02:00,2011-11-08 17:09:00,1.394736842105263
23303,SET 4 PICNIC CUTLERY FONDANT,53,103.35,5,3,2,1.95,2011-10-26 13:22:00,2011-11-14 08:29:00,10.6
90144,SILVER DROP EARRINGS WITH FLOWER,53,199.45,33,28,2,3.75,2009-12-07 17:56:00,2011-11-28 15:31:00,1.606060606060606
21298,EDWARDIAN 2 DRAWER WALL CABINET,52,755.8,14,4,1,12.75,2009-12-14 15:38:00,2010-03-03 12:31:00,3.7142857142857144
85185C,COW  SOCK PUPPET,52,153.4,24,17,1,2.95,2009-12-13 16:03:00,2010-08-01 14:35:00,2.1666666666666665
85147,JARDIN ETCHED GLASS CANDLEHLDR LONG,52,257.40000000000003,12,5,1,4.95,2009-12-07 13:00:00,2010-05-02 11:48:00,4.333333333333333
16151A,FLOWERS HANDBAG blue and orange,52,72.5,5,4,1,1.25,2010-04-30 15:39:00,2011-05-25 10:02:00,10.4
90214P,"LETTER ""P"" BLING KEY RING",52,59.339999999999996,30,25,1,1.25,2009-12-07 15:26:00,2011-10-05 15:56:00,1.7333333333333334
84450A,PINK RABBIT SITTING EASTER,52,24.18,5,4,2,0.42,2009-12-16 13:49:00,2010-02-03 12:21:00,10.4
79062D,"RETRO TIN ASHTRAY,REVOLUTIONARY",52,19.4,4,4,1,0.29,2011-02-17 14:36:00,2011-08-16 17:25:00,13.0
17061,ASSORTED SHAPED STENCIL FOR HENNA,52,2.08,1,1,1,0.04,2009-12-07 13:48:00,2009-12-07 13:48:00,52.0
20940,SET/6 GARDEN GNOME T-LIGHT CANDLES,52,156.27,11,1,1,2.95,2009-12-07 12:08:00,2009-12-13 11:28:00,4.7272727272727275
90031,BILI NUT AND WOOD NECKLACE,52,71.9,9,9,4,1.0,2009-12-15 18:33:00,2011-11-25 10:20:00,5.777777777777778
84881,BLUE WIRE SPIRAL CANDLE HOLDER,52,342.94,24,21,2,6.35,2010-01-28 09:09:00,2011-07-17 11:59:00,2.1666666666666665
90175D,TIGRIS EYE CHUNKY CHARM BRACELET,52,473.12,36,32,1,9.15,2009-12-14 17:16:00,2011-12-02 16:39:00,1.4444444444444444
84872a,TEATIME FUNKY FLOWER BACKPACK FOR 2,52,568.91,40,17,1,11.02,2009-12-22 15:10:00,2011-04-26 09:50:00,1.3
84858A,NATURAL RIVIERA HANDBAG,52,116.7,7,5,1,5.95,2010-03-03 14:42:00,2010-09-15 16:17:00,7.428571428571429
90160A,PURPLE BOUDICCA LARGE BRACELET,51,355.44,24,21,2,6.95,2010-01-13 17:44:00,2011-10-09 15:24:00,2.125
71050,SMALL SINGLE FLAME CANDLE HOLDER,51,17.849999999999998,8,7,1,0.35,2010-06-08 14:10:00,2011-12-02 12:52:00,6.375
46307,ROSES BLUE BASE CUSHION COVER,51,246.03,33,17,1,5.91,2009-12-21 17:14:00,2010-07-29 10:26:00,1.5454545454545454
23466,TUSCAN VILLA DOVECOTE BIRD FEEDER,51,448.27,24,8,2,8.25,2011-09-30 08:18:00,2011-11-25 15:23:00,2.125
90088,CRYSTAL KEY+LOCK PHONE CHARM,51,44.199999999999996,11,9,1,0.85,2009-12-10 16:21:00,2010-11-25 13:32:00,4.636363636363637
90101,WHITE FRANGIPANI NECKLACE,51,128.68,28,25,2,2.54,2009-12-09 09:42:00,2011-11-21 15:18:00,1.8214285714285714
85161,ACRYLIC GEOMETRIC LAMP,51,863.85,32,25,3,18.95,2009-12-10 14:07:00,2011-11-27 11:47:00,1.59375
84029D,LEOPARD PRINT HOT WATER BOTTLE,51,183.98000000000002,15,7,1,3.75,2009-12-07 15:26:00,2010-02-08 14:00:00,3.4
84532B,FAIRY CAKES RECTANGLUAR BOXES,51,393.55,28,13,3,5.95,2009-12-07 11:29:00,2010-03-31 12:52:00,1.8214285714285714
21300,ANTIQUE EDWARDIAN DRESSER,51,741.8,11,3,2,12.75,2009-12-14 18:03:00,2010-03-05 10:51:00,4.636363636363637
79161A,ST GEORGE SET OF 10 PARTY LIGHTS,51,150.45000000000002,16,14,1,2.95,2010-03-10 14:49:00,2011-11-22 14:43:00,3.1875
23472,NINE DRAWER OFFICE TIDY,51,789.77,29,10,6,14.95,2011-10-02 12:11:00,2011-12-01 11:38:00,1.7586206896551724
23018,LARGE APOTHECARY MEASURING JAR,51,612.1600000000001,21,13,3,12.5,2011-06-26 13:56:00,2011-11-16 15:26:00,2.4285714285714284
20833,SHAKER THROW  QUILTED,50,711.9,4,3,1,12.75,2009-12-10 12:10:00,2010-03-09 13:29:00,12.5
90059E,DIAMANTE HAIR GRIP PACK/2 RUBY,50,83.36,31,27,3,1.69,2009-12-09 09:42:00,2011-11-17 15:17:00,1.6129032258064515
23692,WRAP A PRETTY THANK YOU,50,21.0,2,2,2,0.42,2011-11-09 11:17:00,2011-11-30 10:54:00,25.0
84623,PINK GINGHAM ROSE FLOOR CUSHION,50,245.68,11,6,1,7.95,2009-12-14 11:48:00,2010-03-03 09:10:00,4.545454545454546
84838,ANT WHITE HIGH RISE BIRD BOX,50,312.5,4,3,1,8.5,2009-12-18 11:32:00,2010-01-12 15:57:00,12.5
35603B,S/16 BLACK SHINY/MAT BAUBLES,50,21.0,2,1,1,0.42,2009-12-17 19:33:00,2009-12-18 15:02:00,25.0
84529A,PINK KNITTED KIDS RUCKSACK,50,290.78,19,11,1,6.75,2009-12-16 10:39:00,2010-04-20 16:21:00,2.6315789473684212
90082A,DIAMANTE BOW BROOCH GREEN COLOUR,50,321.36,28,25,1,6.35,2009-12-07 16:38:00,2011-11-27 15:18:00,1.7857142857142858
90204,PAIR OF ENAMEL BUTTERFLY HAIRCLIP,50,168.46,37,26,3,3.35,2009-12-07 17:56:00,2011-12-01 16:22:00,1.3513513513513513
18010,ASSORTED FRAGRANCE BATH CONFETTI,50,21.0,5,4,1,0.42,2009-12-13 11:16:00,2010-01-28 13:23:00,10.0
TEST001,This is a test product.,50,225.0,9,5,1,4.5,2009-12-14 08:34:00,2010-04-12 09:52:00,5.555555555555555
85040a,S/4 PINK FLOWER CANDLES IN BOWL,50,166.32,33,25,1,3.29,2009-12-22 14:48:00,2011-11-30 15:33:00,1.5151515151515151
90165B,WHITE ROSEBUD  PEARL EARRINGS,49,124.1,32,26,1,2.54,2009-12-09 09:51:00,2011-12-02 16:39:00,1.53125
35973,GERANIUM FOLKART HEART DECORATION,49,61.25,13,6,1,1.25,2009-12-09 14:25:00,2010-03-21 16:13:00,3.769230769230769
90183A,AMBER DROP EARRINGS W LONG BEADS,49,144.0,28,23,2,2.95,2010-01-19 09:05:00,2011-12-02 16:39:00,1.75
21309,LOUVRE CHALKBOARD,49,325.6,5,4,1,9.95,2009-12-08 15:12:00,2010-02-17 16:55:00,9.8
84993a,75 GREEN PETIT FOUR CASES,49,41.05,29,26,1,0.83,2010-01-25 15:42:00,2011-11-13 11:50:00,1.6896551724137931
90214I,"LETTER ""I"" BLING KEY RING",49,57.23,25,21,1,0.85,2009-12-09 15:03:00,2011-10-05 15:56:00,1.96
90040A,MURANO STYLE GLASS BRACELET RED,49,192.22,32,24,2,4.24,2009-12-07 18:02:00,2011-03-07 12:26:00,1.53125
84627,CANDY STRIPE ROSE C/COVER,49,291.55,18,14,1,5.95,2009-12-18 17:24:00,2010-09-26 13:53:00,2.7222222222222223
47574B,ENGLISH ROSE SCENTED HANGING HEART,49,208.25,27,20,1,4.25,2010-01-06 13:56:00,2011-05-18 12:37:00,1.8148148148148149
35240,ENAMEL BLUE RIM OVAL TRAY SET/2,49,416.01,39,20,1,8.49,2010-05-27 19:53:00,2010-11-21 15:56:00,1.2564102564102564
45013,FOLDING SHOE TIDY,48,132.0,8,7,2,2.95,2010-05-12 12:20:00,2011-10-23 14:40:00,6.0
90092,BLUE CRYSTAL BOOT PHONE CHARM,48,41.61,8,7,2,0.85,2010-01-29 17:55:00,2011-01-12 09:26:00,6.0
90081C,LILY BROOCH OLIVE COLOUR,48,240.32000000000002,34,27,1,4.98,2009-12-09 09:42:00,2011-11-29 16:33:00,1.411764705882353
44228,CANNABIS LEAF BEAD CURTAIN,48,40.8,3,3,1,0.85,2010-11-18 16:27:00,2011-08-23 11:16:00,16.0
47341B,BLUE TABLE RUN FLOWER,48,67.5,14,13,2,1.25,2009-12-09 14:48:00,2011-11-30 17:37:00,3.4285714285714284
47369A,PINK GREEN EMBROIDERY COSMETIC BAG,48,140.4,25,17,2,2.95,2010-03-08 08:33:00,2011-12-01 16:22:00,1.92
90032,IVORY SHELL HEART NECKLACE,48,271.88,24,18,1,6.25,2010-01-21 13:21:00,2011-10-26 12:28:00,2.0
22761,CHEST 7 DRAWER MA CAMPAGNE,48,1182.78,34,25,5,24.95,2010-10-13 10:05:00,2011-12-02 15:25:00,1.411764705882353
85050,FRENCH ENAMEL SOAP DISH WITH LID,48,100.80000000000001,1,1,1,2.1,2010-05-11 12:18:00,2010-05-11 12:18:00,48.0
84548,CROCHET BEAR RED/BLUE  KEYRING,47,77.55,12,12,2,1.65,2009-12-07 15:15:00,2011-07-08 16:26:00,3.9166666666666665
84555A,YELLOW VW BEETLE CERAMIC MONEY BOX,47,133.85000000000002,16,10,1,2.95,2010-02-02 15:49:00,2010-06-13 11:49:00,2.9375
20698,LITTLE PINK MONSTER SOFT TOY,47,114.44999999999999,21,19,2,2.55,2010-01-17 13:29:00,2011-11-23 12:20:00,2.238095238095238
23304,SET 4 PICNIC CUTLERY CHERRY,47,91.65,7,3,2,1.95,2011-10-30 11:25:00,2011-11-14 08:29:00,6.714285714285714
84306,S/3 PINK SQUARE PLANTERS ROSES,47,535.78,30,18,2,10.95,2010-01-17 15:22:00,2011-03-22 15:52:00,1.5666666666666667
21370,MIRRORED WALL ART FOXY,47,220.21,18,16,1,6.35,2009-12-10 09:49:00,2011-12-04 15:19:00,2.611111111111111
90059F,DIAMANTE HAIR GRIP PACK/2 LT ROSE,47,78.22,26,24,3,1.65,2009-12-16 17:58:00,2011-12-01 16:22:00,1.8076923076923077
90081A,LILY BROOCH AMETHYST COLOUR,47,232.9,23,21,1,4.95,2009-12-07 16:38:00,2011-11-27 15:18:00,2.0434782608695654
90177D,DROP DIAMANTE EARRINGS PURPLE,46,135.76000000000002,25,19,2,2.95,2009-12-10 18:43:00,2011-12-02 16:39:00,1.84
37489A,YELLOW/PINK FLOWER DESIGN BIG MUG,46,46.56,23,23,1,0.39,2009-12-13 11:49:00,2011-11-21 11:55:00,2.0
22827,RUSTIC  SEVENTEEN DRAWER SIDEBOARD,46,7150.0,35,23,3,165.0,2010-10-21 13:02:00,2011-11-17 19:58:00,1.3142857142857143
90073,VINTAGE ENAMEL & CRYSTAL EARRINGS,46,230.54000000000002,32,27,1,5.09,2009-12-14 18:03:00,2011-11-25 16:14:00,1.4375
90202D,PINK ENAMEL FLOWER HAIR TIE,46,135.69000000000003,22,21,3,2.955,2009-12-15 18:33:00,2011-11-21 15:18:00,2.090909090909091
90013D,PURPLE VINTAGE EARRINGS,46,178.11,17,16,2,4.15,2010-01-13 13:55:00,2011-06-29 15:58:00,2.7058823529411766
23458,DOLLY CABINET 3 DRAWERS,46,687.6999999999999,27,7,4,14.95,2011-10-17 15:18:00,2011-12-02 17:12:00,1.7037037037037037
47581B,FAIRY CAKE WICKER PICNIC BASKET,46,753.77,36,22,3,12.75,2009-12-08 15:49:00,2010-05-25 17:17:00,1.2777777777777777
90010A,MIDNIGHT BLUE GLASS/SILVER BRACELET,45,406.4,27,23,1,8.95,2009-12-15 12:49:00,2011-12-02 16:39:00,1.6666666666666667
84288B,SET/2 BLUE  NOODLE BASKETS,45,87.75,21,13,1,1.95,2009-12-17 11:38:00,2010-06-23 17:16:00,2.142857142857143
90036E,"FLOWER GLASS GARLD NECKL36""AMETHYST",45,358.87,28,23,3,7.95,2009-12-08 15:49:00,2011-10-20 15:57:00,1.6071428571428572
84884a,ANT WHITE WIRE HEART SPIRAL,45,377.73,33,24,1,8.47,2010-02-19 10:49:00,2011-11-13 11:50:00,1.3636363636363635
15056p,EDWARDIAN PARASOL PINK,45,565.38,37,28,1,12.46,2010-06-24 11:38:00,2011-11-16 10:01:00,1.2162162162162162
22656,VINTAGE BLUE KITCHEN CABINET,45,9290.0,37,25,3,295.0,2010-07-12 10:43:00,2011-10-12 13:14:00,1.2162162162162162
90174,BUTTERFLY HAIR BAND,45,113.61,28,25,2,2.54,2009-12-07 18:02:00,2011-11-30 15:13:00,1.6071428571428572
46137D,GREEN CHENILLE SHAGGY RUG,45,132.75,4,4,1,2.95,2010-01-29 14:44:00,2010-03-19 13:51:00,11.25
85114b,IVORY ENCHANTED FOREST PLACEMAT,45,149.73000000000002,16,14,1,3.29,2009-12-22 15:07:00,2011-11-23 11:11:00,2.8125
90195B,BLACK GEMSTONE BRACELET,45,398.03999999999996,23,17,1,8.95,2009-12-10 14:19:00,2011-11-09 15:07:00,1.9565217391304348
90190B,GOLD/AMBER DROP EARRINGS W LEAF,44,129.63000000000002,14,14,2,2.95,2009-12-08 14:36:00,2011-11-22 15:41:00,3.142857142857143
35840,FLAT GLASS  BAUBLE WHITE FLOCK,44,100.22,10,3,1,1.7,2009-12-08 11:46:00,2009-12-23 11:51:00,4.4
90003C,MIDNIGHT BLUE PAIR HEART HAIR SLIDE,44,165.37,30,27,2,3.75,2009-12-09 09:42:00,2011-11-30 15:13:00,1.4666666666666666
37489D,PINK/GREEN FLOWER DESIGN BIG MUG,44,28.08,19,18,1,0.39,2010-01-14 13:03:00,2011-11-21 11:55:00,2.3157894736842106
20899,VINTAGE NOTEBOOK RED ROSE,44,129.8,12,10,1,2.95,2009-12-09 12:18:00,2010-05-16 11:24:00,3.6666666666666665
72708,SCULPTED ROUND IVORY CANDLE,44,9.24,5,4,2,0.21,2009-12-10 14:19:00,2010-08-23 11:58:00,8.8
90214T,"LETTER ""T"" BLING KEY RING",44,50.839999999999996,22,19,1,1.05,2009-12-08 17:10:00,2011-09-29 15:13:00,2.0
90125B,AQUA BERTIE GLASS BEAD BAG CHARM,44,79.57,17,11,2,2.1,2009-12-08 13:27:00,2011-12-02 16:14:00,2.588235294117647
90133,TEAL/FUSCHIA COL BEAD NECKLACE,44,220.86,33,21,1,5.09,2009-12-14 17:16:00,2011-12-02 16:39:00,1.3333333333333333
90122B,JADE CRYSTAL+GLASS BRACELET,44,219.09,25,22,1,4.95,2009-12-14 18:03:00,2011-09-02 09:34:00,1.76
21763,VINTAGE WOODEN BAR STOOL,43,1157.8999999999999,17,15,5,29.95,2010-01-31 12:12:00,2011-07-06 16:40:00,2.5294117647058822
90103,PURPLE FRANGIPANI NECKLACE,43,108.37,29,21,2,2.54,2009-12-22 09:45:00,2011-11-23 11:22:00,1.4827586206896552
21674,RIDGED GLASS PENDANT LAMPSHADE,43,680.8499999999999,9,7,3,16.95,2009-12-07 13:49:00,2010-03-10 10:53:00,4.777777777777778
23429,RED RETRO KITCHEN WALL CLOCK,43,367.41,21,2,4,8.15,2011-11-21 10:35:00,2011-12-02 15:39:00,2.0476190476190474
84292,ROSE PINK METAL FOLDING CHAIR,43,359.94,13,11,2,7.95,2009-12-10 09:49:00,2010-06-16 14:34:00,3.3076923076923075
90165A,PINK ROSEBUD PEARL EARRINGS,42,106.49,27,22,1,2.54,2009-12-07 18:02:00,2011-11-16 15:23:00,1.5555555555555556
90162C,ANT SILVER FUSCHIA BOUDICCA RING,42,123.90000000000002,16,16,2,2.95,2010-03-01 13:10:00,2011-10-30 16:17:00,2.625
84922,PINK BUTTERFLY WASHBAG,42,208.22,16,14,1,4.25,2009-12-14 17:16:00,2011-12-02 13:49:00,2.625
90171,DAISY RING,42,53.2,25,10,1,1.26,2009-12-07 17:56:00,2010-03-12 11:19:00,1.68
20821,GOLDIE LOOKING MIRROR,42,286.42,25,23,1,10.17,2009-12-14 17:57:00,2011-11-23 15:53:00,1.68
37485,ENGLISH ROSE TEA SET IN GIFT BOX,42,175.14,10,7,2,4.65,2009-12-08 11:13:00,2010-02-22 17:14:00,4.2
84247H,PACK/12 DECOUPAGE CARD,42,109.13000000000001,20,15,1,2.95,2009-12-22 12:05:00,2010-06-17 11:26:00,2.1
72779,SET/6 BLACK ROSE T-LIGHT CANDLES,42,70.98,14,11,1,1.69,2009-12-14 14:35:00,2010-05-05 12:42:00,3.0
84705C,PINK FLOCK PHOTO FRAME,42,77.33,7,7,1,4.65,2009-12-09 14:25:00,2011-05-03 13:52:00,6.0
90000D,COPPER/OLIVE GREEN FLOWER NECKLACE,42,258.55,30,26,1,6.23,2009-12-10 09:49:00,2011-11-25 14:25:00,1.4
84711A,SILVER OVAL SHAPE TRINKET BOX,42,390.95,24,19,4,9.95,2009-12-13 12:04:00,2011-12-04 12:29:00,1.75
84803B,WHITE ALLIUM  ARTIFICIAL FLOWER,42,70.98,11,10,2,1.69,2010-02-04 16:16:00,2011-08-10 13:41:00,3.8181818181818183
90039D,FIRE POLISHED GLASS BRACELET GREEN,41,155.03,22,20,2,3.81,2009-12-07 18:02:00,2011-11-21 15:18:00,1.8636363636363635
84845C,CARNATION SQUARE HANDY TIN,41,51.25,13,11,1,1.25,2009-12-09 12:18:00,2010-08-18 16:39:00,3.1538461538461537
21543,BUTTERFLY WATER TRANSFER TATTOOS,41,44.2,13,3,1,0.85,2009-12-07 13:59:00,2009-12-21 17:14:00,3.1538461538461537
20861,GOLD COSMETIC BAG PINK STAR,41,86.10000000000001,15,11,2,2.1,2009-12-07 15:42:00,2010-12-10 11:24:00,2.7333333333333334
21335,LIBRARY LAMP,41,967.67,27,16,2,21.95,2009-12-07 17:18:00,2010-05-18 16:43:00,1.5185185185185186
90072,RUBY DROP CHANDELIER EARRINGS,41,164.66,28,25,2,4.24,2009-12-07 18:02:00,2011-11-29 16:47:00,1.4642857142857142
90099,NECKLACE+BRACELET SET BLUE HIBISCUS,41,127.13999999999999,24,17,3,2.55,2009-12-07 13:35:00,2011-11-29 12:06:00,1.7083333333333333
23038,T-LIGHT HOLDER SILVER SAUCER,41,38.029999999999994,7,6,1,1.63,2011-07-11 14:46:00,2011-11-18 15:59:00,5.857142857142857
90003B,ROSE COLOUR PAIR HEART HAIR SLIDES,41,154.56,24,20,2,3.75,2009-12-14 18:37:00,2011-11-29 16:47:00,1.7083333333333333
85166A,WHITE METAL BAROQUE PHOTO FRAME,41,90.84,7,4,1,3.75,2009-12-07 15:26:00,2010-01-18 16:09:00,5.857142857142857
90184A,AMBER CHUNKY BEAD BRACELET W STRAP,40,362.91999999999996,24,21,2,9.15,2009-12-07 18:02:00,2011-11-10 14:28:00,1.6666666666666667
23015,CORDIAL GLASS JUG,40,338.38,18,14,4,8.25,2011-06-17 11:04:00,2011-11-24 15:01:00,2.2222222222222223
21511,VINTAGE COLLAGE  GREETING  CARD,40,16.8,2,2,1,0.42,2010-04-13 12:21:00,2010-05-21 12:06:00,20.0
DCGS0058,MISO PRETTY  GUM,40,33.160000000000004,28,18,1,0.83,2009-12-07 18:02:00,2010-10-22 15:57:00,1.4285714285714286
37379A,PINK CHERRY BLOSSOM CUP & SAUCER,40,147.94,15,11,1,11.02,2009-12-17 13:15:00,2011-01-19 15:20:00,2.6666666666666665
84845D,GERANIUM SQUARE HANDY TIN,40,50.0,10,7,2,1.25,2009-12-13 13:31:00,2010-10-21 16:30:00,4.0
90180A,BLACK+WHITE NECKLACE W TASSEL,40,356.84,26,20,1,9.95,2009-12-10 14:19:00,2011-11-29 16:33:00,1.5384615384615385
90118,PINK DAISY BAG CHARM,40,102.47,27,21,2,2.51,2010-06-16 16:04:00,2011-11-30 15:13:00,1.4814814814814814
20667,CHERRY BLOSSOM PURSE,40,108.69,24,18,1,2.46,2009-12-17 15:41:00,2011-08-30 10:39:00,1.6666666666666667
90146,FINE SILVER NECKLACE W PASTEL FLOWE,40,268.59000000000003,18,16,1,7.5,2009-12-13 12:31:00,2011-10-26 12:28:00,2.2222222222222223
90059C,DIAMANTE HAIR GRIP PACK/2 MONTANA,40,66.53,22,20,4,1.65,2009-12-09 09:42:00,2011-11-25 14:25:00,1.8181818181818181
21341,KASBAH LANTERN WITH GLASS,40,271.44,25,10,3,10.17,2009-12-07 18:02:00,2010-10-01 13:40:00,1.6
44089A,PINK GAUZE BUTTERFLY LAMPSHADE,40,16.8,13,10,1,0.42,2010-02-04 12:08:00,2011-11-27 13:26:00,3.076923076923077
20697,LITTLE GREEN MONSTER SOFT TOY,40,96.6,21,17,1,2.55,2009-12-13 11:34:00,2011-11-23 12:20:00,1.9047619047619047
20848,ZINC HEART LATTICE CHARGER SMALL,39,115.05000000000001,12,12,1,2.95,2009-12-10 20:22:00,2011-11-06 14:45:00,3.25
90166,PINK & WHITE ROSEBUD RING,39,164.79000000000002,30,23,2,4.24,2009-12-08 15:49:00,2011-11-22 15:43:00,1.3
90190A,SILVER/CRYSTAL DROP EARRINGS W LEAF,39,114.76,27,19,1,2.95,2009-12-16 11:39:00,2011-11-24 09:26:00,1.4444444444444444
84551,CROCHET DOG KEYRING,39,64.35,8,8,1,1.65,2009-12-08 17:44:00,2011-10-06 15:58:00,4.875
20896,VINTAGE NOTEBOOK PINK FLOWER,39,115.05000000000001,14,11,2,2.95,2009-12-09 12:18:00,2010-08-18 16:21:00,2.7857142857142856
90164A,PINK ROSEBUD PEARL BRACELET,39,222.57999999999998,24,19,2,7.57,2009-12-08 15:49:00,2011-12-02 16:14:00,1.625
90124B,BLUE MURANO TWIST NECKLACE,39,391.18,30,23,1,9.96,2009-12-08 15:49:00,2011-11-11 17:58:00,1.3
48175,DOOR MAT CAMOUFLAGE,39,158.04,2,1,1,5.02,2009-12-14 17:16:00,2009-12-15 19:09:00,19.5
35638A,PINK AND BLACK STRING CURTAIN,39,88.04999999999998,6,6,1,3.95,2010-01-25 14:01:00,2011-11-20 14:01:00,6.5
90191,SILVER LARIAT 40CM,38,317.64,20,18,1,12.75,2009-12-17 18:51:00,2011-11-03 11:29:00,1.9
35085E,IVORY ROSE LAMPSHADE,38,43.0,8,7,1,1.25,2009-12-07 13:48:00,2010-07-14 12:29:00,4.75
84313A,PINK TV TRAY TABLE,38,212.42,19,18,3,4.25,2009-12-15 15:21:00,2010-10-10 14:18:00,2.0
90169,DAISY HAIR COMB,38,96.39,22,17,2,2.54,2009-12-09 09:51:00,2011-11-03 15:56:00,1.7272727272727273
84751B,BLACK MEDIUM GLASS CAKE STAND,38,115.86,19,15,1,3.75,2010-02-23 13:55:00,2011-04-08 10:20:00,2.0
20958,PORCELAIN HANGING BELL LARGE,38,70.5,10,10,1,1.95,2010-03-26 14:16:00,2010-11-29 09:46:00,3.8
90040C,MURANO STYLE GLASS BRACELET GOLD,38,136.25,20,17,1,3.73,2009-12-07 18:02:00,2011-12-04 12:32:00,1.9
62074B,ELEPHANT CLIP W SUCTION CUP,38,15.96,12,11,1,0.42,2009-12-13 11:05:00,2011-07-12 15:29:00,3.1666666666666665
37489B,BLUE/YELLOW FLOWER DESIGN BIG MUG,38,30.419999999999998,17,17,1,0.39,2010-02-12 12:34:00,2011-11-21 11:55:00,2.235294117647059
23626,SET 10 CARDS DINKY TREE 17076,38,94.62,14,8,1,2.49,2011-10-03 16:14:00,2011-12-02 16:39:00,2.7142857142857144
84824,DANISH ROSE UMBRELLA STAND,38,676.4499999999999,32,17,3,15.95,2009-12-14 15:06:00,2011-11-20 15:35:00,1.1875
90205A,LARGE MINT DIAMANTE HAIRSLIDE,38,63.46,22,22,2,1.67,2009-12-09 09:42:00,2011-11-24 09:26:00,1.7272727272727273
90083,CRYSTAL CZECH CROSS PHONE CHARM,37,42.47,12,11,1,1.63,2009-12-07 18:02:00,2011-11-28 15:54:00,3.0833333333333335
72783,BLACK SIL'T SQU CANDLE PLATE,37,77.7,7,6,3,2.1,2010-04-08 11:49:00,2011-11-06 16:07:00,5.285714285714286
72351a,SET/6 TURQUOISE BUTTERFLY T-LIGHTS,37,154.89,28,25,1,4.21,2010-02-19 11:07:00,2011-10-26 14:42:00,1.3214285714285714
20994,JAZZ HEARTS SPIRAL NOTEPAD,37,31.45,8,3,1,0.85,2009-12-07 13:57:00,2010-01-25 15:22:00,4.625
90159,COTE D'AZURE NECKLACE,37,183.63000000000002,19,19,1,4.95,2009-12-16 17:58:00,2011-11-09 15:07:00,1.9473684210526316
85014b,RED RETROSPOT UMBRELLA,37,465.96000000000004,33,22,1,12.46,2010-06-24 11:48:00,2011-11-29 11:23:00,1.121212121212121
84711B,PINK OVAL SHAPE TRINKET BOX,37,339.11,28,23,2,9.3,2009-12-10 09:49:00,2011-11-22 13:11:00,1.3214285714285714
90018B,GOLD M.O.P ORBIT DROP EARRINGS,37,156.14000000000001,29,27,2,4.24,2009-12-07 18:02:00,2011-12-02 16:39:00,1.2758620689655173
23410,CURIO CABINET LINEN AND LACE,36,290.1,18,9,2,8.15,2011-09-08 10:35:00,2011-11-25 13:09:00,2.0
90019C,SILVER BLACK ORBIT BRACELET,36,192.23,31,26,1,5.51,2009-12-09 09:42:00,2011-11-27 15:38:00,1.1612903225806452
90175B,PINK GLASS CHUNKY CHARM BRACELET,36,322.84999999999997,27,24,1,9.15,2009-12-09 09:42:00,2011-11-09 16:14:00,1.3333333333333333
90175C,BLUE GLASS CHUNKY CHARM BRACELET,36,323.4,19,16,1,8.95,2009-12-09 09:42:00,2011-11-17 17:08:00,1.894736842105263
84201B,HAPPY BIRTHDAY CARD STRIPEY TEDDY,36,6.840000000000001,7,7,1,0.19,2010-05-14 14:46:00,2011-11-25 11:54:00,5.142857142857143
23578,SNACK TRAY RED GINGHAM,36,72.38,8,2,3,1.95,2011-11-27 11:18:00,2011-12-02 13:20:00,4.5
90177C,DROP DIAMANTE EARRINGS CRYSTAL,36,106.13,23,19,2,2.95,2009-12-10 18:43:00,2011-11-25 14:25:00,1.565217391304348
17174,ASSTD RASTA KEY-CHAINS,36,15.120000000000001,7,6,3,0.42,2010-02-01 09:52:00,2011-11-24 15:01:00,5.142857142857143
23611,SET 10 CARDS RED RIDING HOOD 17214,36,89.64,14,11,1,2.49,2011-09-12 15:40:00,2011-11-30 15:13:00,2.5714285714285716
90002A,FLOWER BURST SILVER RING OPAL,36,135.0,14,11,1,3.75,2009-12-07 12:32:00,2010-11-04 12:39:00,2.5714285714285716
85018C,S/6 PAPER BOXES CURIOUS IMAGES,36,127.2,4,4,1,4.25,2009-12-09 13:50:00,2010-11-24 13:16:00,9.0
35932,PINK CHRISTMAS TREE DECORATION,36,13.680000000000001,9,8,1,0.38,2009-12-13 11:23:00,2010-11-12 14:05:00,4.0
90038A,GLASS AND PAINTED BEADS BRACELET TO,36,135.8,22,21,1,3.75,2009-12-07 18:02:00,2011-11-24 09:26:00,1.6363636363636365
35936,CERISE+GOLD CHRISTMAS TREE DEC,36,13.68,9,8,1,0.38,2009-12-11 13:52:00,2010-10-17 10:43:00,4.0
90123A,PINK HEART OF GLASS BRACELET,36,214.07,19,16,1,5.95,2009-12-13 12:31:00,2011-10-10 16:02:00,1.894736842105263
23151,ZINC SWEETHEART SOAP DISH,36,90.41000000000001,15,11,1,2.49,2011-05-05 13:14:00,2011-12-04 12:31:00,2.4
ADJUST,Adjustment by john on 26/01/2010 16,36,8897.929999999998,36,1,9,83.095,2010-01-26 16:20:00,2010-01-26 17:28:00,1.0
72045D,ROSES ON BLUE TEACUP CANDLE,35,66.89,5,2,1,4.21,2010-01-11 09:35:00,2010-03-03 14:42:00,7.0
72753C,S/3 FLWR FAIRY ROSE CANDLES,35,90.88000000000001,5,3,2,2.1,2009-12-08 16:40:00,2010-01-20 12:35:00,7.0
90212B,JET BLACK LAS VEGAS BRACELET ROUND,35,132.27,26,21,2,3.81,2009-12-15 18:33:00,2011-05-06 15:54:00,1.3461538461538463
84899E,YELLOW + BROWN BEAR FELT PURSE KIT,35,51.43,17,12,2,1.25,2009-12-14 17:34:00,2010-05-06 13:45:00,2.0588235294117645
48103,DOOR MAT KISS MY.......,35,201.73,10,10,3,7.49,2009-12-18 12:33:00,2010-07-16 10:33:00,3.5
84720,DOT MATRIX CANVAS ART PICTURE,35,147.05,3,2,1,3.95,2010-03-03 11:53:00,2010-03-25 11:28:00,11.666666666666666
90036D,"FLOWER GLASS GARLAND NECKL.36""BLACK",35,278.44,15,14,1,7.95,2009-12-21 11:08:00,2011-06-13 14:16:00,2.3333333333333335
90016B,GOLD/M.O.P PENDANT ORBIT NECKLACE,35,295.5,28,23,1,8.5,2009-12-16 14:59:00,2011-11-27 15:18:00,1.25
35979,SIX STRING SCANDINAVIAN HEART DECS,35,124.62,14,5,1,2.95,2009-12-07 15:28:00,2010-04-09 14:58:00,2.5
90040D,MURANO STYLE GLASS BRACELET PINK,35,126.67,21,16,2,3.81,2009-12-07 17:56:00,2010-09-14 12:06:00,1.6666666666666667
90199B,5 STRAND GLASS NECKLACE AMETHYST,34,215.76,29,21,1,6.35,2009-12-08 14:33:00,2011-12-02 16:39:00,1.1724137931034482
17007B,S/3 POT POURI CUSHIONS BLUE COLOURS,34,71.4,6,6,1,2.1,2009-12-14 12:24:00,2011-06-08 14:35:00,5.666666666666667
90211B,JET BLACK LAS VEGAS NECKLACE 45CM,34,202.14000000000001,25,19,2,5.94,2009-12-09 09:51:00,2011-11-03 11:29:00,1.36
90163A,PINK ROSEBUD & PEARL NECKLACE,34,257.94,22,20,1,7.64,2009-12-07 18:02:00,2011-11-24 09:21:00,1.5454545454545454
85014a,BLACK/BLUE POLKADOT UMBRELLA,33,416.12,28,21,1,12.72,2010-06-24 11:48:00,2011-11-29 11:23:00,1.1785714285714286
40005B,BLUE ORGANDY ROUND LAMPSHADE W BEA,33,28.05,13,12,1,0.85,2010-03-25 15:17:00,2011-11-22 13:11:00,2.5384615384615383
20953,PORCELAIN CHERUB BELL LARGE,33,54.449999999999996,9,6,2,1.65,2010-03-19 13:53:00,2010-11-29 16:45:00,3.6666666666666665
81953P,ROUND ARTICULATED PINK CLOCK W/SUCK,33,9.57,6,5,1,0.52,2010-02-24 12:19:00,2011-07-21 11:55:00,5.5
84816,DANISH ROSE BEDSIDE CABINET,33,1278.3500000000001,20,18,3,39.95,2009-12-21 17:14:00,2011-08-19 15:18:00,1.65
84966B,BLUE KASHMIRI BOXED MIRROR,33,428.0,4,4,1,16.0,2010-01-19 12:18:00,2010-11-02 17:29:00,8.25
84706F,RED PEONY TABLE CLOCK,33,199.35,16,16,3,2.95,2010-02-08 14:53:00,2011-11-27 13:00:00,2.0625
21490,SET OF THREE 50'S GIFT WRAPS,33,101.95,13,5,1,4.3,2009-12-07 18:02:00,2010-09-20 11:24:00,2.5384615384615383
10124G,ARMY CAMO BOOKCOVER TAPE,33,14.28,10,10,1,0.42,2010-05-13 16:49:00,2011-11-06 13:00:00,3.3
BANK CHARGES,Bank Charges,33,504.241,32,27,2,15.0,2009-12-08 14:29:00,2011-11-28 12:51:00,1.03125
17191A,ROSE FLOWER CANDLE+INCENSE 16X16CM,33,123.75,12,10,1,3.75,2009-12-09 14:48:00,2011-12-04 10:51:00,2.75
90014B,GOLD M PEARL  ORBIT NECKLACE,32,312.01,27,25,1,9.95,2009-12-22 16:17:00,2011-10-26 12:46:00,1.1851851851851851
90022,EDWARDIAN DROP EARRINGS JET BLACK,32,120.81,28,21,2,3.7800000000000002,2009-12-14 18:03:00,2011-11-15 16:57:00,1.1428571428571428
84873A,FUNKY FLOWER PICNIC BAG FOR 4,32,394.15,16,8,1,11.02,2010-03-05 10:05:00,2011-06-01 17:42:00,2.0
21097,SET/6 GREEN SPRING  PAPER PLATE,32,27.2,7,6,1,0.85,2010-01-15 15:05:00,2010-06-21 13:04:00,4.571428571428571
22823,CHEST NATURAL WOOD 20 DRAWERS,32,3655.0,18,15,3,117.5,2010-10-26 10:24:00,2011-11-15 12:09:00,1.7777777777777777
84465,15 PINK FLUFFY CHICKS IN BOX,32,96.51,23,16,1,2.95,2010-02-03 17:04:00,2011-11-04 12:05:00,1.391304347826087
16010,FOLDING CAMPING SCISSOR W/KNIF & S,32,3.84,4,4,1,0.12,2010-01-17 12:12:00,2011-03-28 14:27:00,8.0
90194,SILVER LARIAT BLACK STONE EARRINGS,32,135.84,21,18,2,4.25,2009-12-10 14:19:00,2011-10-19 15:08:00,1.5238095238095237
84559b,3D SHEET OF CAT STICKERS,32,53.54,25,18,1,1.66,2010-09-28 09:36:00,2011-09-20 14:46:00,1.28
84893,ANT WHITE IRON BASKET,32,180.4,14,9,2,5.95,2009-12-07 12:42:00,2010-03-01 13:10:00,2.2857142857142856
84660c,PINK STITCHED WALL CLOCK,31,233.98,28,23,1,7.62,2010-05-26 12:36:00,2011-08-11 10:14:00,1.1071428571428572
37488A,YELLOW PINK FLOWER DESIGN BIG BOWL,31,19.770000000000003,5,5,1,0.39,2010-02-23 11:14:00,2011-04-13 11:48:00,6.2
90048,GREEN WITH METAL BAG CHARM,31,158.89000000000001,8,7,1,4.95,2009-12-08 15:49:00,2011-07-07 16:59:00,3.875
90128A,PINK LEAVES AND BEADS PHONE CHARM,31,46.21,10,8,2,1.25,2010-01-24 12:15:00,2011-07-26 16:22:00,3.1
23442,12 HANGING EGGS HAND PAINTED,31,64.48,6,3,1,2.08,2011-11-15 17:14:00,2011-11-28 12:14:00,5.166666666666667
90000A,RASPBERRY ANT COPPER FLOWER NECKLAC,31,187.08,20,18,2,5.95,2010-01-11 09:33:00,2011-11-16 15:16:00,1.55
47016,LIGHT DECORATION BATTERY OPERATED,31,65.10000000000001,5,4,1,2.1,2009-12-07 12:42:00,2011-11-01 14:54:00,6.2
90214F,"LETTER ""F"" BLING KEY RING",31,32.51,25,21,1,0.85,2009-12-10 14:07:00,2011-10-18 17:00:00,1.24
90168,2 DAISIES HAIR COMB,31,91.30000000000001,19,17,3,2.96,2009-12-18 17:15:00,2011-11-29 16:47:00,1.631578947368421
23430,BLUE RETRO KITCHEN WALL CLOCK,31,252.65,14,3,4,8.15,2011-11-20 15:35:00,2011-12-02 15:39:00,2.2142857142857144
81950V,FLOWER PURPLE CLOCK W/SUCKER,31,17.95,9,8,1,0.85,2010-04-21 17:33:00,2011-07-13 15:42:00,3.4444444444444446
82545A,COGNAC AUX OEUFS METAL 1 HOOK,31,38.75,11,9,1,1.25,2010-01-14 14:18:00,2010-10-21 16:30:00,2.8181818181818183
85185F,LION SOCK PUPPET,31,91.45000000000002,17,7,1,2.95,2009-12-09 10:46:00,2010-03-08 12:17:00,1.8235294117647058
20693,FLORAL DINOSAUR GREEN,31,153.39000000000001,16,8,2,4.25,2009-12-09 09:42:00,2010-03-14 12:41:00,1.9375
90019B,GOLD M.O.P ORBIT BRACELET,31,163.22,27,23,1,5.4,2010-01-20 17:50:00,2011-12-02 16:39:00,1.1481481481481481
90002C,FLOWER BURST SILVER RING MIDN'T BLU,31,116.88,18,12,2,3.75,2009-12-07 12:32:00,2010-08-18 16:21:00,1.7222222222222223
21759,METAL WALL SHELF UNIT WITH HOOKS,30,1274.47,13,8,2,49.95,2010-01-13 17:03:00,2010-04-29 15:34:00,2.3076923076923075
23459,DOLLY CABINET 2 DRAWERS,30,375.0,17,8,2,12.5,2011-10-16 12:19:00,2011-12-01 08:34:00,1.7647058823529411
90162A,ANT SILVER TURQUOISE BOUDICCA RING,30,88.5,11,8,3,2.95,2010-01-24 12:15:00,2011-11-07 11:57:00,2.727272727272727
21339,MARAKESH LANTERN LARGE,30,544.5,12,10,2,19.95,2009-12-08 11:07:00,2010-07-14 11:52:00,2.5
90036C,"FLOWER GLASS GARLAND NECKL.36""BLUE",30,238.88000000000002,14,12,1,7.95,2009-12-09 09:51:00,2011-12-02 16:39:00,2.142857142857143
90100,NECKLACE+BRACELET SET PINK DAISY,30,76.5,12,10,1,2.55,2009-12-07 13:35:00,2011-02-24 11:54:00,2.5
47341A,FUSCHIA TABLE RUN FLOWER,29,46.25,7,6,3,1.25,2010-09-13 12:41:00,2011-06-08 10:45:00,4.142857142857143
90000B,MIDNIGHT BLUE COPPER FLOWER NECKLAC,29,177.29000000000002,21,19,1,5.95,2009-12-07 18:02:00,2011-07-25 17:11:00,1.380952380952381
90202A,PURPLE ENAMEL FLOWER HAIR TIE,29,85.10000000000001,21,18,2,2.95,2010-02-10 13:43:00,2011-11-21 15:18:00,1.380952380952381
90202C,GREEN ENAMEL FLOWER HAIR TIE,29,85.66,23,21,2,2.96,2009-12-09 09:51:00,2011-11-30 15:13:00,1.2608695652173914
90124A,PINK MURANO TWIST NECKLACE,29,288.86,19,17,1,9.95,2010-01-28 13:23:00,2011-10-30 12:18:00,1.5263157894736843
35596,WOOD XMAS TREE 9 FIG SHELVES,29,24.65,4,2,1,0.85,2010-10-12 11:39:00,2010-10-22 11:00:00,7.25
90162D,ANT SILVER PURPLE BOUDICCA RING,29,85.55000000000001,14,11,1,2.95,2010-01-24 12:15:00,2011-10-30 16:17:00,2.0714285714285716
85151,WELCOME METAL SIGN,29,36.25,3,2,1,1.25,2009-12-09 14:48:00,2009-12-14 11:24:00,9.666666666666666
48179,DOOR MAT SWEET HOME,29,166.48,7,2,1,6.75,2009-12-07 17:56:00,2009-12-16 17:01:00,4.142857142857143
35910B,PINK FLOWERS RABBIT EASTER,29,61.07,8,7,2,1.95,2010-01-07 12:22:00,2011-11-06 12:25:00,3.625
84621,BLUE GINGHAM ROSE FLOOR CUSHION,29,247.26,15,9,1,7.95,2009-12-14 12:58:00,2010-04-23 11:21:00,1.9333333333333333
90016A,SILVER/M.O.P PENDANT ORBIT NECKLACE,29,207.86,16,16,1,8.5,2009-12-18 17:06:00,2011-10-26 12:28:00,1.8125
37506,NEW ENGLAND MILK JUG W GIFT BOX,29,172.55,23,22,1,5.95,2009-12-21 17:14:00,2010-08-24 17:21:00,1.2608695652173914
90003E,GREEN PAIR HEART HAIR SLIDES,29,109.12,20,17,2,3.75,2009-12-16 17:36:00,2011-11-29 16:47:00,1.45
90023,FILIGREE DIAMANTE EARRINGS,28,118.91,19,18,2,4.25,2009-12-07 18:02:00,2011-11-27 15:18:00,1.4736842105263157
37509,NEW ENGLAND MUG W GIFT BOX,28,71.39999999999999,14,12,1,2.55,2010-03-22 14:30:00,2010-12-06 11:01:00,2.0
gift_0001_20,Dotcomgiftshop Gift Voucher Â£20.00,28,471.06,26,21,1,17.02,2009-12-14 18:37:00,2011-10-31 14:41:00,1.0769230769230769
84796a,PINK HAWAIIAN PICNIC HAMPER FOR 2,28,234.28,20,15,1,8.29,2010-03-29 14:55:00,2011-08-24 09:36:00,1.4
84371,BIG PINK POODLE,28,215.45,4,4,1,17.95,2009-12-07 15:42:00,2010-01-25 15:54:00,7.0
90155,RESIN NECKLACE W PASTEL BEADS,28,211.18,19,16,2,7.5,2009-12-22 14:31:00,2011-11-23 14:05:00,1.4736842105263157
90177B,DROP DIAMANTE EARRINGS BLACK DIAMON,28,82.68,17,16,1,2.96,2009-12-10 18:43:00,2011-06-13 14:16:00,1.6470588235294117
90177E,DROP DIAMANTE EARRINGS GREEN,28,82.71000000000001,22,20,2,2.96,2009-12-10 18:43:00,2011-11-21 15:18:00,1.2727272727272727
90123D,WHITE HEART OF GLASS BRACELET,28,166.32,13,13,1,5.95,2010-01-11 09:30:00,2011-11-28 15:31:00,2.1538461538461537
23465,TUSCAN VILLA BIRD FEEDER,28,231.0,15,7,2,8.25,2011-10-04 16:39:00,2011-11-24 15:01:00,1.8666666666666667
84732B,CUTE BIRD CEATURE SCREEN,28,18.48,6,6,1,1.65,2009-12-17 10:20:00,2011-08-18 20:05:00,4.666666666666667
90130A,WHITE STONE/CRYSTAL EARRINGS,28,82.51,16,14,1,2.95,2009-12-18 17:15:00,2011-11-25 16:14:00,1.75
90018C,SILVER BLACK ORBIT DROP EARRINGS,28,118.51,20,18,3,4.245,2009-12-14 17:16:00,2011-11-25 14:25:00,1.4
90028,NEW BAROQUE LARGE NECKLACE BLK/WHIT,28,236.11,23,19,1,8.49,2010-01-19 09:05:00,2011-11-02 15:33:00,1.2173913043478262
90014C,SILVER/BLACK ORBIT NECKLACE,28,274.72999999999996,19,16,1,9.95,2009-12-16 11:39:00,2011-11-27 15:38:00,1.4736842105263157
72798C,SET/4 GARDEN ROSE DINNER CANDLE,27,51.459999999999994,14,14,1,1.65,2009-12-10 14:19:00,2011-02-03 12:37:00,1.9285714285714286
84921,CREAM AND PINK FLOWERS PONY,27,101.25,14,14,1,3.75,2009-12-13 13:31:00,2011-10-19 12:54:00,1.9285714285714286
47583B,SET OF 3 WICKER BASKET TEA AND CAKE,27,332.6,6,4,1,24.95,2009-12-16 10:45:00,2010-02-17 16:40:00,4.5
90211A,DIAMOND LAS VEGAS NECKLACE 45CM,27,160.75,20,17,2,5.94,2009-12-14 17:16:00,2011-11-24 09:21:00,1.35
90067A,PINK VINTAGE VICTORIAN EARRINGS,27,79.54,15,13,1,2.95,2010-01-14 09:41:00,2011-11-15 10:56:00,1.8
90123C,GREEN HEART OF GLASS BRACELET,27,160.75,12,12,1,5.95,2009-12-23 15:30:00,2011-08-01 17:37:00,2.25
90037B,TINY CRYSTAL BRACELET GREEN,27,68.69,9,9,3,2.55,2010-03-16 11:08:00,2011-08-04 16:38:00,3.0
84965B,BLUE KASHMIRI COFFEE TABLE,27,1359.95,4,4,1,45.0,2010-02-22 14:54:00,2010-11-02 17:29:00,6.75
84415A,PINK FLOCK SUEDE CUSHION COVER,27,71.25,6,6,2,3.75,2009-12-08 11:52:00,2011-06-24 12:14:00,4.5
79149B,SILICON STAR BULB  BLUE,27,11.34,10,10,1,0.42,2010-02-07 15:07:00,2011-11-28 14:12:00,2.7
84596e,SMALL LICORICE DES PINK BOWL,27,67.77,17,12,1,2.51,2010-01-25 15:39:00,2010-12-14 15:56:00,1.588235294117647
90183B,AMETHYST DROP EARRINGS W LONG BEADS,27,79.03,23,20,1,2.9,2009-12-22 14:31:00,2011-12-02 16:39:00,1.173913043478261
90214V,"LETTER ""V"" BLING KEY RING",26,25.5,23,22,1,0.85,2010-02-03 11:58:00,2011-11-04 15:52:00,1.1304347826086956
37491D,PURPLE/BLUE CERAMIC CANDLE HOLDER,26,63.28,13,11,1,3.36,2010-01-27 17:56:00,2011-07-18 13:33:00,2.0
90084,PINK CRYSTAL GUITAR PHONE CHARM,26,22.099999999999998,5,5,1,0.85,2009-12-07 13:59:00,2011-03-06 11:39:00,5.2
72807b,SET/3 OCEAN SCENT CANDLE JEWEL BOX,26,220.94000000000003,19,9,1,8.47,2009-12-22 15:04:00,2011-04-15 10:37:00,1.368421052631579
79066k,RETRO MOD TRAY,26,42.71,16,16,1,1.645,2010-02-19 10:56:00,2011-11-20 13:58:00,1.625
35004c,SET OF 3 COLOURED  FLYING DUCKS,26,330.72,24,13,1,12.72,2010-06-04 14:53:00,2010-11-12 15:23:00,1.0833333333333333
90137,PINK COMBO MINI CRYSTALS NECKLACE,26,132.52,15,11,1,4.95,2009-12-10 16:21:00,2011-07-20 16:12:00,1.7333333333333334
90036A,FLOWER GARLAND NECKLACE RED,26,207.52,19,14,1,7.95,2009-12-08 15:49:00,2011-08-05 16:19:00,1.368421052631579
90037A,TINY CRYSTAL BRACELET RED,26,66.31,12,11,1,2.55,2009-12-14 17:57:00,2011-01-25 10:45:00,2.1666666666666665
90123B,TURQUOISE HEART OF GLASS BRACELET,26,154.69,13,12,1,5.95,2010-01-11 09:35:00,2011-08-01 17:37:00,2.0
90059B,DIAMANTE HAIR GRIP PACK/2 BLACK DIA,26,43.22,15,14,3,1.69,2010-01-19 09:05:00,2011-11-24 09:26:00,1.7333333333333334
72796B,S/3 FRENCH VANILLA SQU CANDLE,25,41.25,11,8,1,1.65,2009-12-08 11:52:00,2010-07-04 11:16:00,2.272727272727273
23467,VINTAGE ZINC PLANTER,25,94.09,9,6,1,3.29,2011-10-17 10:10:00,2011-12-02 16:44:00,2.7777777777777777
21496,WOODLAND CREATURES  WRAP,25,10.5,1,1,1,0.42,2009-12-17 11:11:00,2009-12-17 11:11:00,25.0
21387,IVORY HANGING DECORATION  RABBIT,25,21.25,4,2,1,0.85,2010-02-23 13:03:00,2010-03-01 15:05:00,6.25
84250M,"GREETING CARD, BLACKPOOL ROCK",25,13.32,12,10,2,0.85,2010-01-08 16:29:00,2010-07-15 15:02:00,2.0833333333333335
16169A,WRAP CHRISTMAS DECOUPAGE,25,10.5,1,1,1,0.42,2010-04-29 18:18:00,2010-04-29 18:18:00,25.0
16169G,WRAP ROMANTIC DECOUPAGE,25,10.5,1,1,1,0.42,2009-12-10 14:28:00,2009-12-10 14:28:00,25.0
21337,SILVER WASHBAG,25,73.75000000000001,9,7,1,2.95,2009-12-08 12:33:00,2010-11-30 12:29:00,2.7777777777777777
90156,RESIN BRACELET W PASTEL BEADS,25,137.37,14,12,2,4.95,2010-01-11 09:37:00,2011-09-04 14:50:00,1.7857142857142858
85232b,SET/3 RUSSIAN DOLL STACKING TINS,25,254.47,22,14,1,10.17,2009-12-22 15:04:00,2010-11-09 11:50:00,1.1363636363636365
90037C,TINY CRYSTAL BRACELET BLUE,25,63.599999999999994,12,11,2,2.54,2009-12-14 17:57:00,2011-07-14 16:46:00,2.0833333333333335
84456,SET OF 3 RABBIT EGG EASTER,25,22.95,15,12,1,0.85,2010-01-11 09:35:00,2010-06-25 16:22:00,1.6666666666666667
37489C,GREEN/BLUE FLOWER DESIGN BIG MUG,25,19.81,10,10,1,0.39,2010-01-24 15:14:00,2011-09-14 16:36:00,2.5
17084G,MOON INCENSE,25,5.25,1,1,1,0.21,2009-12-07 13:48:00,2009-12-07 13:48:00,25.0
90148,LONG SILVER NECKLACE PASTEL FLOWER,25,318.48,17,16,2,12.75,2009-12-13 12:31:00,2011-09-25 16:05:00,1.4705882352941178
84536a,ENGLISH ROSE NOTEBOOK A7 SIZE,25,19.970000000000002,12,10,1,0.81,2010-03-29 14:59:00,2011-11-20 13:58:00,2.0833333333333335
23448,CREAM BUNNY EASTER EGG BASKET,25,41.24999999999999,3,2,1,1.65,2011-10-10 13:55:00,2011-11-30 09:50:00,8.333333333333334
72083A,STRAWBERY SWIRL FLARE CANDLE,24,50.400000000000006,7,5,1,2.1,2010-02-24 11:51:00,2010-03-31 13:22:00,3.4285714285714284
84030c,KNITTED RAINBOW HOT WATER BOTTLE,24,185.76,8,3,1,7.62,2009-12-22 15:07:00,2010-03-05 14:37:00,3.0
20968,GREEN FLORAL FELTCRAFT SHOULDER BAG,24,113.86,12,3,1,3.75,2009-12-08 13:58:00,2010-01-12 09:47:00,2.0
90178A,AMBER CHUNKY GLASS+BEAD NECKLACE,24,286.56,18,15,1,11.95,2009-12-14 17:57:00,2011-10-20 15:57:00,1.3333333333333333
84629,WHITE 3 FRAME BIRDS AND TREE,24,237.8,13,10,2,4.95,2010-02-22 13:19:00,2011-07-26 12:00:00,1.8461538461538463
84967B,BLUE KASHMIRI OCCASIONAL TABLE,24,1249.45,11,10,1,79.95,2010-01-06 10:20:00,2010-11-02 17:29:00,2.1818181818181817
90036F,"FLOWER GLASS GARLD NECKL36""TURQUOIS",24,192.17000000000002,15,13,1,8.07,2009-12-18 17:15:00,2011-03-23 12:15:00,1.6
23629,SET 10 CARDS DRESSING UP 17077,24,59.760000000000005,10,6,1,2.49,2011-09-21 15:43:00,2011-11-25 14:25:00,2.4
84575A,PINK DOG CANNISTER,24,98.8,13,12,1,5.95,2010-02-21 15:47:00,2011-04-19 14:49:00,1.8461538461538463
84857B,BLUE MONTE CARLO HANDBAG,24,46.8,1,1,1,1.95,2011-07-21 16:10:00,2011-07-21 16:10:00,24.0
79172D,PURPLE TINT ACRYLIC FLOWER VASE,24,20.4,4,4,1,0.85,2010-03-08 13:38:00,2010-10-31 13:35:00,6.0
84593,CROCHET ROSE DES CLOTHES HANGER,24,70.8,6,6,1,2.95,2010-04-07 11:20:00,2011-03-07 17:30:00,4.0
20816,GOLD FLOWER CUSHION COVER,24,123.6,7,6,2,6.75,2010-02-04 15:49:00,2011-04-28 19:53:00,3.4285714285714284
85230C,ROSE SCENTED VOTIVE CANDLE,24,6.959999999999999,1,1,1,0.29,2009-12-10 13:12:00,2009-12-10 13:12:00,24.0
85230D,VANILLA SCENTED VOTIVE CANDLE,24,6.959999999999999,1,1,1,0.29,2009-12-10 13:03:00,2009-12-10 13:03:00,24.0
gift_0001_30,Dotcomgiftshop Gift Voucher Â£30.00,24,610.09,24,21,1,25.53,2009-12-23 15:30:00,2011-09-02 09:26:00,1.0
84963A,PINK PAINTED KASHMIRI CHAIR,23,763.35,9,8,2,49.95,2010-02-02 16:07:00,2010-12-05 11:57:00,2.5555555555555554
90065A,WHITE VINTAGE CRYSTAL BRACELET,23,158.35,13,9,1,6.75,2009-12-07 17:56:00,2011-06-26 13:45:00,1.7692307692307692
90214O,"LETTER ""O"" BLING KEY RING",23,27.11,16,15,1,1.25,2009-12-09 15:03:00,2011-10-18 17:00:00,1.4375
84966C,GREEN KASHMIRI BOXED MIRROR,23,276.0,2,2,1,12.0,2010-09-03 17:23:00,2010-11-02 17:29:00,11.5
81985A,"ICON ALARM CLOCK,FUSCHIA  PIN UP",23,58.64999999999999,7,7,1,2.55,2009-12-07 13:59:00,2010-08-22 11:45:00,3.2857142857142856
85023C,PINK LARGE JEWELED PHOTOFRAME,23,58.65,11,8,1,2.55,2010-01-18 14:23:00,2010-06-06 13:22:00,2.090909090909091
84926B,SCOTTS ROSES TILE COASTER,23,28.75,7,6,1,1.25,2010-02-17 16:55:00,2010-04-18 13:12:00,3.2857142857142856
84925C,FAIRY CAKES  WALL THERMOMETER,23,58.65,7,7,1,2.55,2009-12-14 15:18:00,2010-05-11 12:10:00,3.2857142857142856
90138,WHITE/PINK MINI CRYSTALS NECKLACE,23,120.24000000000001,16,16,1,5.455,2009-12-10 16:21:00,2011-11-03 15:56:00,1.4375
90035A,"PEARL & SHELL 42""NECKL. GREEN",23,246.7,15,12,1,10.75,2009-12-07 13:35:00,2011-04-13 16:58:00,1.5333333333333334
44092C,PURPLE/COPPER HANGING LAMPSHADE,23,19.55,10,9,1,0.85,2009-12-18 12:04:00,2011-10-20 12:34:00,2.3
84709A,SILVER OVAL JEWELLED MIRROR,23,136.85,13,12,1,5.95,2010-05-28 12:21:00,2010-10-26 16:47:00,1.7692307692307692
84746,PINK EASTER HENS+FLOWER,23,72.06,16,11,1,3.105,2009-12-07 13:35:00,2011-07-20 16:12:00,1.4375
84086B,YELLOW/BLUE RETRO RADIO,23,67.85000000000001,11,10,1,2.95,2010-05-16 16:05:00,2011-11-20 12:34:00,2.090909090909091
20988,TRELLIS FLOWER CHOPSTICKS SET/5,23,44.85,8,6,1,1.95,2009-12-09 13:00:00,2010-02-28 16:00:00,2.875
22929,SCHOOL DESK AND CHAIR,23,1459.75,17,12,8,65.0,2010-11-24 10:35:00,2011-10-26 13:46:00,1.3529411764705883
84424A,FOUR PICTURE WHITE GLASS FRAME,23,86.25,10,8,1,3.75,2010-06-09 11:28:00,2010-10-24 15:51:00,2.3
90199D,5 STRAND GLASS NECKLACE AMBER,22,139.28,16,15,1,6.35,2009-12-17 16:58:00,2011-11-29 16:33:00,1.375
90199A,5 STRAND GLASS NECKLACE BLACK,22,139.5,16,14,1,6.35,2009-12-16 11:39:00,2011-11-03 11:29:00,1.375
84855,BLOKEY SILVER TOOL SET,22,112.60000000000001,7,6,1,4.95,2009-12-22 15:09:00,2010-07-11 10:49:00,3.142857142857143
90181B,AMETHYST GLASS/SHELL/PEARL NECKLACE,22,203.42000000000002,21,19,1,9.15,2009-12-22 14:31:00,2011-11-17 15:17:00,1.0476190476190477
90130C,GREEN STONE/CRYSTAL EARRINGS,22,64.74,21,19,1,2.96,2009-12-18 17:06:00,2011-11-22 15:41:00,1.0476190476190477
90039C,FIRE POLISHED GLASS BRACELET BLACK,22,82.92,11,10,1,3.75,2009-12-10 09:49:00,2011-11-21 15:18:00,2.0
84613A,PINK NEW BAROQUE FLOCK CANDLESTICK,22,102.30000000000001,10,10,3,4.65,2010-02-23 09:54:00,2011-02-02 17:06:00,2.2
90065B,BLACK VINT ART DEC CRYSTAL BRACELET,22,154.87,16,12,1,6.75,2009-12-13 10:48:00,2011-11-09 15:07:00,1.375
90124C,GREEN MURANO TWIST NECKLACE,22,220.20999999999998,16,16,1,9.95,2009-12-16 17:58:00,2011-11-03 15:56:00,1.375
90202B,WHITE ENAMEL FLOWER HAIR TIE,22,64.56,14,13,2,2.925,2009-12-14 17:16:00,2011-11-21 15:18:00,1.5714285714285714
85168A,WHITE BAROQUE CARRIAGE CLOCK,21,208.95,14,12,1,9.95,2009-12-13 15:16:00,2010-06-14 15:11:00,1.5
90064B,BLACK VINTAGE  CRYSTAL EARRINGS,21,78.75,12,12,1,3.75,2009-12-17 19:33:00,2011-10-12 11:41:00,1.75
90079,VINTAGE ENAMEL & CRYSTAL NECKLACE,21,104.77000000000001,13,13,1,4.95,2009-12-17 19:33:00,2011-10-09 15:24:00,1.6153846153846154
84622,PINK GINGHAM ROSE CUSHION COVER,21,140.7,8,4,2,5.95,2009-12-14 08:40:00,2010-02-01 12:10:00,2.625
90024B,NEW BAROQUE B'FLY NECKLACE RED,21,178.24,19,17,3,8.49,2009-12-07 18:02:00,2011-11-28 15:31:00,1.105263157894737
90039B,FIRE POLISHED GLASS BRACELET MONTAN,21,78.99,11,10,2,3.75,2010-01-12 09:48:00,2011-07-27 15:16:00,1.9090909090909092
90029,NEW BAROQUE SMALL NECKLACE BLACK,21,178.14,11,10,1,8.5,2009-12-11 12:21:00,2011-08-30 10:47:00,1.9090909090909092
90126C,AMBER BERTIE MOBILE PHONE CHARM,21,42.1,5,5,2,3.29,2009-12-18 17:06:00,2011-07-15 16:27:00,4.2
84564,6 SEGMENT COLOURED SNACK BOWL,21,175.48000000000002,11,8,2,7.95,2009-12-08 13:38:00,2010-06-09 14:04:00,1.9090909090909092
90063A,WHITE VINT ART DECO CRYSTAL NECKLAC,21,178.48,13,13,2,8.5,2010-06-17 11:57:00,2011-11-03 11:29:00,1.6153846153846154
21266,VINTAGE SILVER TINSEL REEL,21,90.3,7,2,1,4.3,2009-12-08 15:49:00,2009-12-16 11:57:00,3.0
35265,COLOURFUL FLOWER FRUIT BOWL,21,80.0,16,13,1,1.95,2010-05-25 16:48:00,2011-10-02 15:49:00,1.3125
84546,CROCHET POODLE KEYRING,21,34.64999999999999,3,3,3,1.65,2010-03-01 12:21:00,2010-07-14 13:01:00,7.0
35644,PAIR PINK/BLACK COATHANGERS,21,40.95,7,6,1,1.95,2010-02-03 13:52:00,2010-11-21 12:21:00,3.0
20860,GOLD COSMETICS BAG WITH BUTTERFLY,20,42.0,11,9,1,2.1,2010-04-08 11:49:00,2010-12-13 16:46:00,1.8181818181818181
23441,HAND PAINTED HANGING EASTER EGG,20,8.4,2,1,1,0.42,2011-11-23 10:39:00,2011-11-25 14:53:00,10.0
84656,WHITE ROSE C/COVER,20,119.0,11,8,1,5.95,2010-01-25 11:53:00,2010-05-20 16:05:00,1.8181818181818181
21343,GOLD JEWELERY BOX,20,92.00000000000001,3,3,1,3.95,2009-12-09 14:01:00,2010-02-11 15:02:00,6.666666666666667
84690,S/2 BEACH HUT STOOLS,20,159.0,12,11,2,7.95,2009-12-09 14:02:00,2010-08-15 15:26:00,1.6666666666666667
90002B,FLOWER BURST SILVER RING ROSE,20,75.24,10,8,2,3.75,2009-12-07 12:32:00,2010-10-25 16:57:00,2.0
90064A,WHITE VINTAGE CRYSTAL EARRINGS,20,79.14,12,12,1,4.15,2010-01-13 17:44:00,2011-11-17 15:17:00,1.6666666666666667
84965A,PINK KASHMIRI COFFEE TABLE,20,1050.0,3,3,1,30.0,2010-02-22 14:54:00,2010-11-02 17:29:00,6.666666666666667
90049,IVORY GOLD METAL BAG CHARM,20,114.24,6,5,1,7.455,2010-05-23 12:46:00,2011-11-23 13:39:00,3.3333333333333335
84993b,75 BLACK PETIT FOUR CASES,20,16.99,13,6,1,0.85,2010-01-25 15:40:00,2010-04-26 13:30:00,1.5384615384615385
84612B,SET/4 BLACK  BAROQUE FLOCK COASTER,20,51.0,4,4,1,2.55,2010-01-08 15:19:00,2010-10-26 13:07:00,5.0
35909A,RABBIT EASTER DECORATION,20,59.00000000000001,5,5,1,2.95,2010-02-23 12:55:00,2011-04-26 13:05:00,4.0
90038B,GLASS AND PAINTED BEADS BRACELET OL,20,75.46,12,9,1,3.7800000000000002,2009-12-14 17:16:00,2011-11-16 15:23:00,1.6666666666666667
90060F,FIRE POLISHED GLASS NECKL GREEN,20,118.54,17,15,1,5.94,2009-12-16 17:58:00,2011-11-25 16:14:00,1.1764705882352942
90033,IVORY SHELL HEART EARRINGS,20,50.699999999999996,17,15,1,2.54,2009-12-15 18:33:00,2011-11-29 16:47:00,1.1764705882352942
90027D,GLASS BEAD HOOP EARRINGS AMETHYST,20,62.08,13,10,1,2.95,2009-12-09 12:57:00,2011-11-30 15:13:00,1.5384615384615385
90179C,BLACK FINE BEAD NECKLACE W TASSEL,19,112.78,16,13,1,5.95,2010-06-15 16:17:00,2011-12-01 08:51:00,1.1875
90126A,PINK BERTIE MOBILE PHONE CHARM,19,35.45,4,4,2,1.69,2010-04-26 14:14:00,2010-12-13 09:35:00,4.75
23468,TUSCAN VILLA BIRD TABLE,19,156.75,11,8,2,8.25,2011-10-06 17:28:00,2011-11-23 15:53:00,1.7272727272727273
90102,WHITE FRANGIPANI HAIR CLIP,19,16.11,4,4,1,0.85,2010-01-25 09:54:00,2011-06-07 12:47:00,4.75
90063B,BLACK VINT ART DEC CRYSTAL NECKLACE,19,161.49,13,10,1,8.5,2009-12-14 18:37:00,2011-11-03 11:29:00,1.4615384615384615
90038C,GLASS AND BEADS BRACELET IVORY,19,71.46000000000001,9,9,1,3.75,2009-12-18 17:15:00,2011-09-02 16:39:00,2.111111111111111
84030C,KNITTED RAINBOW HOT WATER BOTTLE,19,71.25,4,3,1,3.75,2009-12-07 11:39:00,2010-03-05 11:50:00,4.75
23440,PAINT YOUR OWN EGGS IN CRATE,19,39.52,3,2,1,2.08,2011-11-24 15:01:00,2011-11-30 09:50:00,6.333333333333333
17011B,ORIGAMI JASMINE INCENSE+FLOWER,19,11.100000000000001,2,2,2,1.2,2010-05-30 11:02:00,2010-08-20 09:23:00,9.5
84795b,SUNSET CHECK HAMMOCK,19,317.71999999999997,17,14,1,16.63,2010-06-08 15:24:00,2011-11-30 14:11:00,1.1176470588235294
84705D,CHERRY BLOSSOM PHOTO FRAME,19,83.95,13,10,1,4.21,2010-03-31 12:52:00,2010-07-12 10:54:00,1.4615384615384615
90214Z,"LETTER ""Z"" BLING KEY RING",19,18.009999999999998,17,15,1,0.85,2009-12-10 11:42:00,2011-10-05 15:56:00,1.1176470588235294
85023A,CRYSTAL LARGE JEWELLED PHOTO FRAME,19,48.449999999999996,9,6,1,2.55,2010-01-05 16:50:00,2010-04-19 17:11:00,2.111111111111111
84415B,BLUE FLOCK CUSHION COVER,18,57.5,6,6,2,3.75,2010-02-11 16:46:00,2011-06-08 08:31:00,3.0
90177A,CLASSIC DIAMANTE EARRINGS JET,18,52.79,13,13,2,2.9,2009-12-10 18:43:00,2011-11-22 15:43:00,1.3846153846153846
35652,VINTAGE BEAD CHAISE LONG JEWEL BOX,18,21.5,2,2,1,3.625,2009-12-16 12:29:00,2010-03-08 13:41:00,9.0
44091A,BLUE CRUSOE CHECK LAMPSHADE,18,7.56,6,6,1,0.42,2010-03-26 14:16:00,2011-07-20 11:38:00,3.0
90139,FLOWER BROOCH 4 ASSORTED COLOURS,18,92.74000000000001,14,5,1,5.2,2009-12-07 17:56:00,2010-03-21 14:04:00,1.2857142857142858
84558a,3D DOG PICTURE PLAYING CARDS,18,107.3,16,10,1,5.91,2009-12-22 14:48:00,2011-03-22 16:55:00,1.125
84797b,BLUE SAVANNAH PICNIC HAMPER FOR 4,18,198.84,16,5,1,11.02,2009-12-22 15:04:00,2010-05-26 12:54:00,1.125
90188,DROP EARRINGS W FLOWER & LEAF,18,45.879999999999995,16,13,1,2.54,2009-12-14 17:57:00,2011-11-18 13:25:00,1.125
84596f,SMALL MARSHMALLOWS PINK BOWL,18,44.43,13,11,1,2.46,2010-09-13 10:33:00,2011-10-31 13:48:00,1.3846153846153846
37491A,YELLOW/PINK CERAMIC CANDLE HOLDER,18,48.3,13,12,1,3.29,2009-12-15 18:33:00,2011-10-31 14:41:00,1.3846153846153846
90141A,GREEN PENDANT TRIPLE SHELL NECKLACE,18,95.05000000000001,16,15,2,5.4,2009-12-16 11:39:00,2011-11-30 15:13:00,1.125
90128B,BLUE LEAVES AND BEADS PHONE CHARM,18,23.759999999999998,6,6,2,1.25,2010-01-24 12:15:00,2010-12-09 14:09:00,3.0
84963B,BLUE PAINTED KASHMIRI CHAIR,18,591.5,6,5,1,49.95,2010-05-19 13:32:00,2011-08-04 13:03:00,3.0
90036B,"FLOWER GLASS GARLAND NECKL.36""GREEN",18,143.1,10,9,1,7.95,2010-01-18 16:47:00,2011-08-01 17:37:00,1.8
90011B,BLACK CRYSTAL DROP EARRINGS,18,53.160000000000004,13,11,1,2.96,2009-12-16 11:57:00,2011-11-30 15:13:00,1.3846153846153846
23614,SET 10 CARDS 12 DAYS WRAP  17058,18,59.940000000000005,9,7,1,3.33,2011-09-07 12:02:00,2011-11-25 16:14:00,2.0
18097A,PINK TALL PORCELAIN T-LIGHT HOLDER,17,43.349999999999994,12,10,1,2.55,2010-03-05 13:24:00,2011-06-22 16:16:00,1.4166666666666667
21764,VINTAGE WOODEN PLATE RACK,17,659.1500000000001,11,8,4,39.95,2009-12-08 15:12:00,2010-03-12 10:09:00,1.5454545454545454
84614A,PINK BAROQUE FLOCK CANDLE HOLDER,17,124.83,10,10,2,5.95,2010-02-18 10:26:00,2010-12-03 15:45:00,1.7
90125E,AMBER BERTIE GLASS BEAD BAG CHARM,17,42.089999999999996,16,11,1,1.88,2009-12-14 11:31:00,2011-05-26 14:09:00,1.0625
72724,SET/6 CHRISTMAS ICICLE T-LIGHTS,17,21.25,4,1,1,1.25,2009-12-07 12:42:00,2009-12-10 18:27:00,4.25
22828,REGENCY MIRROR WITH SHUTTERS,17,2565.0,11,10,2,145.0,2010-10-21 15:38:00,2011-11-16 09:32:00,1.5454545454545454
79413,GLASS WINE GLASS DECORATIONS,17,21.25,7,4,1,1.25,2009-12-13 11:32:00,2010-05-04 13:49:00,2.4285714285714284
90056,CHUNKY CRACKED GLAZE NECKLACE IVORY,17,186.3,12,12,1,11.05,2009-12-08 15:49:00,2011-09-22 16:28:00,1.4166666666666667
35591T,TURQUOISE CHRISTMAS TREE,17,21.25,9,7,1,1.25,2010-09-05 14:01:00,2011-11-20 12:36:00,1.8888888888888888
17091F,SANDALWOOD INCENSE IN TIN,17,25.21,7,3,1,1.25,2009-12-08 13:41:00,2010-01-10 12:25:00,2.4285714285714284
85099c,JUMBO  BAG BAROQUE BLACK WHITE,17,85.17,10,3,1,5.06,2010-06-24 11:31:00,2010-07-26 11:01:00,1.7
90182C,BLACK 3 BEAD DROP EARRINGS,17,49.940000000000005,11,11,2,2.95,2009-12-13 10:54:00,2011-12-02 16:39:00,1.5454545454545454
84797a,PINK HAWAIIAN PICNIC HAMPER FOR 4,17,187.57999999999998,16,7,1,11.02,2009-12-22 15:06:00,2010-06-04 14:58:00,1.0625
PADS,PADS TO MATCH ALL CUSHIONS,17,0.017,17,14,2,0.001,2010-01-19 17:04:00,2011-09-25 14:58:00,1.0
35001B,HAND OPEN SHAPE BLACK,17,59.330000000000005,6,6,1,3.49,2009-12-17 13:35:00,2010-03-16 11:14:00,2.8333333333333335
20964,POLYESTER FILLER PAD 60x40cm,17,43.349999999999994,5,4,2,2.55,2010-02-05 09:14:00,2011-05-06 11:36:00,3.4
90128C,GREEN LEAVES AND BEADS PHONE CHARM,17,25.04,6,6,2,1.855,2009-12-18 17:06:00,2011-09-28 16:24:00,2.8333333333333335
84964B,BLUE PAINTED KASHMIRI TABLE,17,990.0,2,2,1,45.0,2010-02-22 14:54:00,2010-11-02 17:29:00,8.5
84706B,FAIRY CAKES TABLE CLOCK,17,161.88,8,6,2,8.95,2009-12-16 13:40:00,2010-02-11 13:41:00,2.125
82069,BEECH WOOD P/FRAME,17,109.85,11,10,1,5.91,2009-12-16 16:04:00,2010-10-18 09:28:00,1.5454545454545454
90187B,GREEN DROP EARRINGS W BEAD CLUSTER,17,57.18,12,12,1,3.37,2009-12-07 18:02:00,2011-11-15 16:57:00,1.4166666666666667
90178B,PURPLE CHUNKY GLASS+BEAD NECKLACE,16,191.40999999999997,11,11,1,11.95,2009-12-14 17:16:00,2010-12-17 17:23:00,1.4545454545454546
90151,SILVER/NATURAL SHELL NECKLACE,16,136.17000000000002,9,9,1,8.5,2009-12-08 15:49:00,2011-11-27 15:18:00,1.7777777777777777
85079,EMBROIDERED REINDEER DECORATION,16,17.41,6,3,1,0.85,2009-12-07 15:42:00,2009-12-23 11:51:00,2.6666666666666665
84798C,WHITE FOXGLOVE ARTIIFCIAL FLOWER,16,40.8,3,3,1,2.55,2010-01-05 14:12:00,2010-02-04 16:16:00,5.333333333333333
90180B,PURPLE AMETHYST NECKLACE W TASSEL,16,159.48,12,11,1,9.95,2009-12-13 10:54:00,2011-12-04 12:29:00,1.3333333333333333
90196A,PURPLE GEMSTONE NECKLACE 45CM,16,204.0,10,9,1,12.75,2009-12-16 11:39:00,2011-11-29 10:57:00,1.6
84867A,PINK BABY GIRLS PHOTO ALBUM,16,105.82000000000001,4,3,3,6.95,2010-01-07 19:34:00,2010-03-09 10:18:00,4.0
90016C,SILVER/BLACK PENDANT ORBIT NECKLACE,16,135.75,13,10,1,8.49,2010-01-11 09:30:00,2011-06-14 17:25:00,1.2307692307692308
DCGS0076,SUNJAR LED NIGHT NIGHT LIGHT,16,259.48,13,11,1,16.13,2009-12-07 17:56:00,2010-12-20 15:03:00,1.2307692307692308
90012B,BLACK DROP CRYSTAL NECKLACE,16,75.95,5,5,1,9.95,2010-01-29 17:55:00,2011-11-13 11:46:00,3.2
20895,VINTAGE NOTEBOOK FRENCH LETTER,16,47.20000000000001,4,4,1,2.95,2009-12-08 12:33:00,2010-02-02 12:17:00,4.0
84425A,WHITE GLASS TV TRIPLE FRAME,15,63.85,8,7,1,4.25,2009-12-10 14:19:00,2010-05-13 15:41:00,1.875
22351,DOTCOMGIFTSHOP TEA TOWEL,15,29.809999999999995,3,3,1,3.29,2010-08-26 12:35:00,2011-06-29 15:58:00,5.0
90196B,BLACK GEMSTONE NECKLACE 45CM,15,190.98,12,12,1,12.75,2009-12-13 10:54:00,2011-11-09 15:07:00,1.25
35443,RASTA IN BATH W SPLIFF ASHTRAY,15,12.75,9,9,2,0.85,2010-02-19 17:02:00,2011-11-24 15:01:00,1.6666666666666667
84632,DECORATIVE HANGING SHELVING UNIT,15,859.25,11,10,3,59.95,2010-03-11 12:17:00,2011-07-21 18:08:00,1.3636363636363635
90212C,PURPLE LAS VEGAS BRACELET ROUND,15,56.25,7,7,2,3.75,2009-12-13 10:54:00,2011-09-06 16:02:00,2.142857142857143
90024D,NEW BAROQUE B'FLY NECKLACE PINK,15,127.5,13,12,2,8.5,2009-12-09 09:51:00,2011-09-29 15:13:00,1.1538461538461537
90024E,NEW BAROQUE B'FLY NECKLACE MONTANA,15,127.3,10,9,1,8.5,2009-12-11 12:21:00,2011-03-29 15:20:00,1.5
90206A,GOLD DIAMANTE STAR BROOCH,15,74.62,11,10,1,4.95,2009-12-17 13:07:00,2011-11-27 15:18:00,1.3636363636363635
84599,CANDY STRIPE ROSE FLOOR CUSHION,15,160.15,6,4,1,12.04,2010-01-14 11:59:00,2010-04-23 16:16:00,2.5
35909B,PINK FLOWERS RABBIT EASTER,15,44.25000000000001,5,5,1,2.95,2010-01-19 11:20:00,2011-06-14 13:15:00,3.0
23603,SET 10 CARD KRAFT REINDEER 17084,15,37.35,10,6,1,2.49,2011-10-14 17:17:00,2011-12-02 16:39:00,1.5
85018B,S/6 PAPER BOXES BLOSSOM IMAGES,15,63.75,10,9,1,4.25,2009-12-16 12:06:00,2010-11-03 13:47:00,1.5
78034B,BLUE NETTING STORAGE HANGER,15,29.25,9,9,1,1.95,2010-06-16 15:27:00,2011-10-02 11:10:00,1.6666666666666667
23632,SET 10 CARDS CHEERFUL ROBIN 17065,15,31.200000000000003,10,6,1,2.08,2011-09-23 17:04:00,2011-11-30 15:13:00,1.5
90054,CRACKED GLAZE EARRINGS RED,15,38.06,15,13,1,2.54,2009-12-14 17:16:00,2011-11-22 15:41:00,1.0
90051,CRACKED GLAZE NECKLACE RED,15,105.72,11,10,1,6.95,2010-06-28 10:02:00,2011-10-09 15:24:00,1.3636363636363635
84968e,SET OF 16 VINTAGE BLACK CUTLERY,15,379.16999999999996,12,11,1,25.49,2010-06-08 15:25:00,2011-08-17 12:34:00,1.25
21760,FRENCH STYLE WALL DRESSER,15,1740.0,12,10,2,125.0,2010-03-01 12:34:00,2010-09-09 13:20:00,1.25
71496B,A4 WALL TIDY RED FLOWERS,15,8.67,6,5,1,0.5900000000000001,2010-04-20 14:33:00,2011-11-02 14:31:00,2.5
79140,ASS WINDPROOF MARIJUANA LIGHTERS,15,6.3,2,2,1,0.42,2010-02-01 15:23:00,2010-06-01 16:06:00,7.5
84340,LARGE FIBRE OPTIC CHRISTMAS TREE,15,50.46,8,3,1,7.78,2009-12-07 18:02:00,2009-12-22 14:31:00,1.875
84550,CROCHET LILAC/RED BEAR KEYRING,15,24.749999999999996,5,5,1,1.65,2009-12-11 15:37:00,2011-11-25 14:02:00,3.0
44092B,BLUE WHITE PLASTIC RINGS LAMPSHADE,15,12.75,6,6,1,0.85,2010-07-18 13:22:00,2011-09-05 15:19:00,2.5
84732D,CUTE RABBIT CEATURE SCREEN,15,10.89,6,5,2,1.65,2009-12-17 10:20:00,2011-08-18 20:05:00,2.5
85018A,S/6 PAPER BOXES ROMANTIC IMAGES,15,63.75,10,10,1,4.25,2009-12-16 12:06:00,2010-08-13 14:20:00,1.5
37491B,BLUE/YELLOW CERAMIC CANDLE HOLDER,14,30.08,8,7,1,1.65,2010-01-11 09:38:00,2011-07-18 13:33:00,1.75
85184B,SET 4 EASTER DECOUPAGE OVAL BOXES,14,41.300000000000004,7,6,1,2.95,2009-12-09 13:26:00,2010-03-22 17:32:00,2.0
85186B,BUNNY BUNCH OF FLOWERS,14,5.88,2,1,1,0.42,2010-03-17 16:33:00,2010-03-21 15:23:00,7.0
90037D,TINY CRYSTALS BRACELET BLACK,14,35.87,8,7,1,2.57,2009-12-07 17:56:00,2010-06-23 14:34:00,1.75
81953B,ROUND BLUE CLOCK WITH SUCKER,14,4.64,6,5,1,0.19,2010-05-09 11:29:00,2011-07-18 11:47:00,2.3333333333333335
90027C,GLASS BEAD HOOP EARRINGS GREEN,14,41.17,12,12,1,2.95,2009-12-14 17:16:00,2011-11-25 16:14:00,1.1666666666666667
90001D,ANTIQUE OLIVE GREEN FLOWER EARRINGS,14,59.46,10,10,3,4.25,2009-12-13 10:54:00,2011-10-09 15:24:00,1.4
90011A,MIDNIGHT BLUE CRYSTAL DROP EARRINGS,14,41.25,14,14,1,2.96,2009-12-14 18:37:00,2011-11-24 14:40:00,1.0
84653,GREEN ROSE QUILT,14,750.48,12,7,1,45.95,2010-01-11 09:35:00,2010-03-24 12:04:00,1.1666666666666667
85225,BLING KEY RING STAND,14,17.5,9,9,1,1.25,2009-12-13 11:49:00,2011-04-28 16:11:00,1.5555555555555556
84510e,SET OF 4 GREEN CAROUSEL COASTERS,14,35.089999999999996,6,6,1,2.51,2010-04-09 14:53:00,2011-04-15 10:41:00,2.3333333333333335
84427B,BLACK GLASS TV DOUBLE P/FRAME 15X10,14,59.5,4,4,1,4.25,2009-12-10 14:19:00,2010-03-07 15:47:00,3.5
90181A,AMBER GLASS/SHELL/PEARL NECKLACE,14,128.64,14,12,2,9.15,2010-01-26 17:51:00,2011-11-30 15:13:00,1.0
23447,PINK BUNNY EASTER EGG BASKET,14,23.099999999999998,3,2,1,1.65,2011-10-10 13:55:00,2011-10-23 16:13:00,4.666666666666667
90127A,PINK BEADS+HAND PHONE CHARM,14,19.92,2,2,1,1.855,2010-11-21 14:10:00,2011-07-15 16:27:00,7.0
gift_0001_10,Dotcomgiftshop Gift Voucher Â£10.00,14,117.88,13,11,1,8.33,2009-12-18 17:06:00,2011-08-31 15:32:00,1.0769230769230769
90141C,TURQ PENDANT TRIPLE SHELL NECKLACE,14,73.79,12,11,2,5.4,2010-04-08 14:47:00,2011-11-22 15:43:00,1.1666666666666667
82613b,"METAL SIGN,CUPCAKE SINGLE HOOK",14,35.04,11,10,1,2.51,2010-02-01 11:21:00,2011-07-08 13:54:00,1.2727272727272727
22206,"MUG , DOTCOMGIFTSHOP.COM",14,11.82,10,9,1,0.85,2010-06-07 14:22:00,2011-11-21 15:18:00,1.4
84875A,PINK SQUARE COMPACT MIRROR,14,52.5,10,9,1,3.75,2009-12-17 17:54:00,2010-11-30 14:21:00,1.4
44242A,LILAC FEATHERS CURTAIN,14,11.98,2,2,1,1.02,2010-03-25 13:05:00,2011-07-10 15:17:00,7.0
23143,ZINC WIRE KITCHEN ORGANISER,14,176.77,10,7,3,10.4,2011-05-04 13:17:00,2011-11-24 12:53:00,1.4
90128D,PURPLE LEAVES AND BEADS PHONE CHAR,13,21.24,7,7,1,2.46,2010-02-24 15:23:00,2011-02-15 09:44:00,1.8571428571428572
84529B,BLUE KNITTED KID'S RUCKSACK,13,62.35,5,3,1,4.21,2010-02-14 15:30:00,2010-04-23 16:16:00,2.6
23574,PACKING CHARGE,13,97.5,13,9,3,7.5,2011-07-06 13:04:00,2011-11-23 16:48:00,1.0
47590b,PINK HAPPY BIRTHDAY BUNTING,13,140.5,10,8,1,10.79,2010-11-19 13:06:00,2011-11-13 11:50:00,1.3
DCGS0003,BOXED GLASS ASHTRAY,13,32.589999999999996,13,13,1,2.51,2009-12-09 09:42:00,2011-05-05 15:42:00,1.0
82613c,"METAL SIGN,CUPCAKE SINGLE HOOK",13,32.48,12,10,1,2.51,2010-02-01 11:21:00,2011-10-26 14:42:00,1.0833333333333333
90130D,RED STONE/CRYSTAL EARRINGS,13,38.31,8,8,1,2.955,2010-01-11 09:30:00,2011-11-28 15:31:00,1.625
84705A,ENGLISH ROSE PHOTO FRAME,13,60.45,6,5,1,4.65,2010-01-08 15:19:00,2010-04-07 15:02:00,2.1666666666666665
84586L,"PINK ROSES/GINGHAM PATCH RABBIT 8""",13,38.35,8,4,1,2.95,2009-12-08 11:13:00,2010-01-31 12:32:00,1.625
90046,WHITE WITH METAL BAG CHARM,13,64.35000000000001,7,6,1,4.95,2010-03-26 16:17:00,2011-07-07 16:59:00,1.8571428571428572
23446,BLUE BUNNY EASTER EGG BASKET,13,21.449999999999996,2,1,1,1.65,2011-10-10 13:55:00,2011-10-16 14:07:00,6.5
84966A,PINK KASHMIRI BOXED MIRROR,13,225.95,4,4,1,20.0,2010-01-19 12:18:00,2010-11-02 17:29:00,3.25
90001B,ANTIQUE MID BLUE FLOWER EARRINGS,13,55.120000000000005,10,9,3,4.25,2010-01-13 17:44:00,2011-11-08 18:41:00,1.3
37348,SET OF 4 PASTEL STACKING MUGS,13,33.15,6,5,1,2.55,2009-12-17 16:15:00,2010-03-31 13:17:00,2.1666666666666665
90027B,GLASS BEAD HOOP EARRINGS MONTANA,13,38.28,10,9,1,2.95,2009-12-09 12:57:00,2011-11-25 16:14:00,1.3
23464,VINTAGE ZINC WATERING CAN SMALL,13,69.4,6,4,1,4.95,2011-10-16 12:28:00,2011-11-28 14:06:00,2.1666666666666665
90002E,FLOWER BURST SILVER RING GREEN,13,49.019999999999996,9,8,1,3.75,2010-01-11 09:31:00,2010-08-18 16:21:00,1.4444444444444444
47552A,DOTS IRONING BOARD COVER,12,23.4,11,8,1,1.95,2009-12-10 16:21:00,2010-06-17 15:08:00,1.0909090909090908
90163B,WHITE ROSEBUD & PEARL NECKLACE,12,90.97,8,8,1,7.57,2009-12-09 09:51:00,2011-10-31 14:41:00,1.5
20877,MODERN CHRISTMAS BAUBLE CANDLE,12,5.04,5,2,1,0.42,2009-12-10 18:27:00,2009-12-18 11:03:00,2.4
20620,RED SPOTTY PASSPORT COVER,12,51.06,11,6,1,4.21,2009-12-09 09:51:00,2010-02-03 17:04:00,1.0909090909090908
78026,SEAGRASS S/3 SQU LAUNDRY BOX,12,139.95,2,2,1,19.975,2010-01-17 16:05:00,2010-09-03 17:24:00,6.0
90076,MONTANA DIAMOND CLUSTER EARRINGS,12,33.0,7,7,2,2.96,2010-01-14 09:41:00,2011-11-24 09:21:00,1.7142857142857142
90012A,MIDNIGHT BLUE DROP CRYSTAL NECKLACE,12,63.96,6,6,1,9.98,2010-03-03 15:28:00,2011-10-11 11:38:00,2.0
21489,BLUE WHITE SCARF HOT WATER BOTTLE,12,80.30000000000001,5,3,1,8.65,2009-12-07 17:56:00,2010-02-17 16:00:00,2.4
90141B,IVORY PENDANT TRIPLE SHELL NECKLACE,12,59.96,8,8,2,5.02,2009-12-16 11:39:00,2011-07-18 10:29:00,1.5
23449,SET OF 6 EASTER RAINBOW CHICKS,12,15.0,1,1,1,1.25,2011-11-15 17:14:00,2011-11-15 17:14:00,12.0
21267,VINTAGE PINK TINSEL REEL,12,47.199999999999996,6,2,1,4.3,2009-12-07 15:26:00,2009-12-18 17:06:00,2.0
20939,ORANGE CANDLE,12,10.2,1,1,1,0.85,2009-12-11 14:20:00,2009-12-11 14:20:00,12.0
35654,VINTAGE BEAD FILLED PINK CUSHION,12,59.400000000000006,5,5,1,4.95,2010-01-05 12:06:00,2010-08-04 14:41:00,2.4
84886,BLUE METAL WALL SHELF,12,119.39999999999999,9,6,1,9.95,2010-01-28 13:27:00,2010-07-01 17:30:00,1.3333333333333333
90069,RUBY GLASS CLUSTER NECKLACE,11,82.5,5,5,1,7.5,2009-12-10 19:35:00,2011-11-03 11:29:00,2.2
23613,SET 10 XMAS CARDS & BADGES 17070,11,27.39,6,4,1,2.49,2011-09-07 16:48:00,2011-11-28 15:31:00,1.8333333333333333
90001C,ANTIQUE OPAL WHITE FLOWER EARRINGS,11,46.7,10,10,1,4.25,2009-12-11 12:21:00,2011-10-20 15:57:00,1.1
84617,NEW BAROQUE BLACK BOXES,11,140.25,7,6,4,12.75,2009-12-07 15:42:00,2011-11-14 15:41:00,1.5714285714285714
90011C,GREEN CRYSTAL DROP EARRINGS,11,32.38,6,6,1,2.955,2010-01-13 13:55:00,2011-11-24 09:26:00,1.8333333333333333
90176D,DIAMANTE NECKLACE PURPLE,11,82.81,7,7,1,7.5,2009-12-15 18:33:00,2011-11-03 11:29:00,1.5714285714285714
84387A,BIRD ON BRANCH CANVAS SCREEN,11,21.45,1,1,1,1.95,2011-07-21 11:55:00,2011-07-21 11:55:00,11.0
90183C,BLACK DROP EARRINGS W LONG BEADS,11,32.19,11,10,1,2.9,2010-01-11 09:32:00,2011-11-28 15:31:00,1.0
90189A,SILVER 2 STRAND NECKLACE-LEAF CHARM,11,82.64,8,8,1,7.5,2010-01-18 13:24:00,2011-11-18 13:25:00,1.375
90150,BLUE SHELL+SILVER NECKLACE,11,82.5,7,6,1,7.5,2010-01-28 13:23:00,2010-09-24 12:43:00,1.5714285714285714
90142D,MOP PENDANT SHELL NECKLACE,11,54.59,5,5,1,4.95,2010-11-24 13:13:00,2011-10-23 15:29:00,2.2
84582,PINK CROCHET CAT WITH SCARF,11,46.75,9,5,1,4.25,2009-12-14 14:48:00,2010-03-26 13:57:00,1.2222222222222223
90179A,AMBER FINE BEAD NECKLACE W TASSEL,11,65.18,8,8,1,5.95,2010-01-26 17:48:00,2011-11-29 16:33:00,1.375
84311,CAMOFLAGE CUSHION COVER,11,18.15,1,1,1,1.65,2010-02-09 16:18:00,2010-02-09 16:18:00,11.0
62097B,BLUE STRIPES SHOULDER BAG,11,13.37,4,4,1,0.83,2010-06-16 13:52:00,2011-05-23 11:52:00,2.75
84964A,PINK PAINTED KASHMIRI TABLE,11,630.0,2,2,1,45.0,2010-02-22 14:54:00,2010-11-02 17:29:00,5.5
90135A,ORANGE/FUSCHIA STONES NECKLACE,11,54.620000000000005,4,4,2,4.965,2010-03-08 12:35:00,2011-04-19 11:37:00,2.75
20820,SILVER LOOKING MIRROR,11,54.45,8,8,1,4.95,2009-12-17 11:38:00,2011-03-01 17:28:00,1.375
35611B,BLACK ASSORTED DROPLET DECORATION,11,4.18,1,1,1,0.38,2010-11-23 14:17:00,2010-11-23 14:17:00,11.0
84891B,GREEN WIRE GOBLET CANDLEHOLDER,11,87.45,6,5,1,7.95,2010-05-30 13:02:00,2010-11-18 14:25:00,1.8333333333333333
16245A,PINK MINI STATIONERY SET W CASE,11,13.75,7,6,1,1.25,2010-03-10 12:10:00,2010-07-12 11:59:00,1.5714285714285714
90042B,FRESHWATER PEARL BRACELET PINK,11,28.049999999999997,4,4,1,2.55,2010-01-28 13:27:00,2010-11-24 14:21:00,2.75
90026A,GLASS BEAD HOOP NECKLACE BLACK,11,93.47,9,9,2,8.5,2010-03-19 11:39:00,2011-06-13 14:16:00,1.2222222222222223
20887,BOX OF 6 PEBBLE CANDLES,11,76.92,4,2,1,5.615,2009-12-07 15:26:00,2009-12-22 15:04:00,2.75
21582,KINGS CHOICE SMALL TUBE MATCHES,11,18.15,5,2,1,1.65,2009-12-07 15:15:00,2010-02-21 12:42:00,2.2
90001A,ANTIQUE RASPBERRY FLOWER EARRINGS,11,46.6,10,10,1,4.25,2009-12-15 18:33:00,2011-10-31 14:41:00,1.1
79151B,"SILICON CUBE 25W, BLUE",11,4.62,2,2,1,0.42,2010-12-05 12:42:00,2011-11-28 14:12:00,5.5
35809a,ENAMEL PINK TEA CONTAINER,10,41.54,10,10,1,4.13,2010-11-26 14:41:00,2011-05-10 15:07:00,1.0
84679,CLASSICAL ROSE TABLE LAMP,10,87.5,3,3,1,5.95,2010-03-02 12:24:00,2011-06-21 11:47:00,3.3333333333333335
35597A,DUSTY PINK CHRISTMAS TREE 30CM,10,12.5,4,3,1,1.25,2010-09-06 11:28:00,2010-12-06 12:15:00,2.5
35598A,DUSTY PINK CHRISTMAS TREE 60CM,10,29.500000000000004,3,2,1,2.95,2009-12-07 12:26:00,2011-11-20 15:00:00,3.3333333333333335
21493,VINTAGE DESIGN GIFT TAGS,10,14.45,4,3,1,1.275,2009-12-07 17:56:00,2010-09-30 12:16:00,2.5
90176C,DIAMANTE NECKLACE,10,77.0,6,6,1,7.5,2009-12-14 18:37:00,2011-08-22 14:13:00,1.6666666666666667
84782B,BLACK 3 TIER GLASS PLATE STAND,10,127.5,6,6,2,12.75,2009-12-15 12:00:00,2010-06-06 12:27:00,1.6666666666666667
85124a,PINK JUICY FRUIT PHOTO FRAME,10,50.599999999999994,9,8,1,5.06,2010-05-26 12:38:00,2010-08-19 12:17:00,1.1111111111111112
85132b,CHARLIE AND LOLA TABLE TINS,10,95.83999999999999,10,7,1,8.29,2010-03-05 14:53:00,2011-06-21 16:36:00,1.0
35233,PASTA ENAMEL/BRASS CONTAINER,10,37.5,8,8,1,3.75,2009-12-08 15:00:00,2010-05-18 16:28:00,1.25
84201C,HAPPY BIRTHDAY CARD TEDDY/CAKE,10,1.9,3,2,2,0.19,2010-08-23 11:58:00,2011-08-28 11:01:00,3.3333333333333335
90050,CRACKED GLAZE NECKLACE IVORY,10,70.16,6,6,1,7.01,2010-01-26 17:48:00,2011-11-09 11:10:00,1.6666666666666667
37477B,"FLOWER FAIRY MUG+COASTER,LAVENDER",10,37.5,7,7,2,3.75,2009-12-17 15:44:00,2010-11-22 10:42:00,1.4285714285714286
23637,SET 10 CARDS OUT OF ORDER 17216,10,24.900000000000002,8,7,1,2.49,2011-09-07 12:02:00,2011-11-30 15:13:00,1.25
90067B,BROWN VINTAGE VICTORIAN EARRINGS,10,29.420000000000005,5,5,1,2.95,2010-03-03 15:28:00,2011-07-27 15:12:00,2.0
90075,MONTANA DIAMOND CLUSTER NECKLACE,10,92.17999999999999,8,8,2,8.95,2010-03-07 15:34:00,2011-11-24 09:21:00,1.25
90053,CRACKED GLAZE EARRINGS IVORY,10,25.23,10,10,1,2.54,2010-01-11 14:35:00,2011-10-07 15:09:00,1.0
84985a,SET OF 72 GREEN PAPER DOILIES,10,29.8,8,7,1,2.98,2010-06-24 11:51:00,2010-11-17 10:11:00,1.25
23620,SET 10 CARDS PERFECT POST 17090,10,24.900000000000002,7,6,1,2.49,2011-09-02 16:39:00,2011-11-18 15:59:00,1.4285714285714286
90026D,GLASS BEAD HOOP NECKLACE AMETHYST,10,85.0,8,8,1,8.5,2010-06-07 13:02:00,2011-11-18 13:25:00,1.25
84596b,SMALL DOLLY MIX DESIGN ORANGE BOWL,10,25.099999999999998,8,5,1,2.51,2010-06-08 15:24:00,2010-12-21 15:20:00,1.25
84989b,75 BLACK FAIRY CAKE CASES,10,12.8,6,4,1,1.28,2010-01-25 15:42:00,2010-06-24 11:31:00,1.6666666666666667
90043,COPPER AND BRASS BAG CHARM,10,54.510000000000005,6,6,1,4.95,2009-12-17 15:26:00,2011-10-17 13:31:00,1.6666666666666667
90024C,NEW BAROQUE B'FLY NECKLACE GREEN,10,84.98,9,9,1,8.5,2010-01-11 09:30:00,2011-07-25 17:00:00,1.1111111111111112
72801g,S/4 BURGUNDY WINE DINNER CANDLES,10,25.099999999999998,3,3,1,2.51,2010-02-19 11:08:00,2010-11-04 09:38:00,3.3333333333333335
23463,VINTAGE ZINC WATERING CAN,10,109.55,6,5,2,9.95,2011-10-16 12:28:00,2011-11-29 15:24:00,1.6666666666666667
72802a,ROSE SCENT CANDLE IN JEWELLED BOX,9,74.97,4,3,1,8.379999999999999,2010-06-08 15:24:00,2011-07-08 13:54:00,2.25
72807a,SET/3 ROSE CANDLE IN JEWELLED BOX,9,74.78999999999999,6,5,1,8.29,2010-03-29 14:56:00,2011-11-25 15:23:00,1.5
84206B,CAT W SUNGLASSES BLANK CARD,9,1.71,2,2,1,0.19,2010-08-24 16:14:00,2011-11-20 12:34:00,4.5
84206C,CHAMPAGNE TRAY BLANK CARD,9,1.71,3,3,1,0.19,2010-05-17 14:15:00,2011-11-25 11:54:00,3.0
85132a,CHARLIE + LOLA BISCUITS TINS,9,113.42999999999999,9,6,1,8.29,2010-11-17 10:12:00,2011-05-10 15:09:00,1.0
90121B,VINTAGE ROSE BEAD BRACELET BLUE,9,38.25,6,4,1,4.25,2009-12-10 15:56:00,2010-01-28 15:17:00,1.5
90039A,FIRE POLISHED GLASS BRACELET RED,9,33.879999999999995,4,4,1,3.75,2009-12-18 17:15:00,2011-05-12 16:50:00,2.25
90135,ORANGE/WHT/FUSCHIA STONES NECKLACE,9,44.75,3,3,1,4.98,2010-11-23 16:53:00,2011-04-26 12:47:00,3.0
90140,PINK SWEETIE NECKLACE,9,67.9,7,7,1,7.5,2009-12-13 12:31:00,2011-08-30 12:49:00,1.2857142857142858
90027A,GLASS BEAD HOOP EARRINGS BLACK,9,26.52,6,6,1,2.95,2010-03-21 14:04:00,2011-08-30 12:40:00,1.5
84567,FROSTED GLASS WITH SILVER SURROUND,9,14.85,1,1,1,1.65,2010-01-20 14:09:00,2010-01-20 14:09:00,9.0
84743C,ORANGE FELT VASE + FLOWERS,9,11.25,5,5,1,1.25,2010-03-12 16:18:00,2011-03-31 13:14:00,1.8
37112,YELLOW BIRDS FELT DES FOODCOVER,9,33.75,4,3,1,3.75,2010-01-04 12:57:00,2010-02-02 12:47:00,2.25
90197D,AMBER GLASS BRACELET HEART CHARMS,9,44.550000000000004,4,4,1,4.95,2010-02-02 12:45:00,2010-04-07 11:07:00,2.25
84967C,GREEN KASHMIRI OCCASIONAL TABLE,9,419.85,4,4,1,79.95,2010-05-19 13:32:00,2010-10-11 15:00:00,2.25
23625,SET 6 CARDS SPARKLY REINDEER 17262,9,44.910000000000004,4,4,1,4.99,2011-09-15 16:32:00,2011-12-02 16:39:00,2.25
90078,PINK/WHITE GLASS DEMI CHOKER,9,67.64,5,5,1,7.5,2010-02-16 13:49:00,2010-12-13 14:16:00,1.8
90055,CRACKED GLAZE EARRINGS BROWN,9,22.8,9,9,1,2.54,2010-01-11 09:35:00,2011-11-15 16:57:00,1.0
72785B,S/4 CONTEMPORY RED ROSEBUD CANDLES,9,10.9,3,2,1,2.1,2009-12-11 14:20:00,2010-01-29 17:25:00,3.0
47518f,ICON PLACEMAT POP ART ELVIS,8,33.45,8,8,1,4.17,2009-12-22 15:13:00,2011-10-26 14:42:00,1.0
44265,M/COLOUR POM-POM CURTAIN,8,34.0,4,4,1,4.25,2009-12-08 13:59:00,2011-02-10 17:19:00,2.0
90025F,BAROQUE BUTTERFLY EARRINGS CRYSTAL,8,30.23,8,8,1,3.75,2010-01-11 09:35:00,2011-10-20 15:57:00,1.0
90026B,GLASS BEAD HOOP NECKLACE MONTANA,8,67.82,7,7,1,8.5,2009-12-13 10:54:00,2011-03-31 19:12:00,1.1428571428571428
90026C,GLASS BEAD HOOP NECKLACE GREEN,8,67.82,6,6,1,8.5,2009-12-10 19:35:00,2011-11-09 11:10:00,1.3333333333333333
90176A,CLASSIC DIAMANTE NECKLACE JET,8,60.260000000000005,6,6,1,7.5,2010-01-13 17:08:00,2011-11-03 11:29:00,1.3333333333333333
35051B,PINK BEADED CONE CHRISTMAS,8,3.36,1,1,1,0.42,2009-12-07 11:39:00,2009-12-07 11:39:00,8.0
22850,BREAD BIN DINER STYLE BLACK,8,123.6,1,1,1,15.95,2010-10-17 12:34:00,2010-10-17 12:34:00,8.0
90095,NECKLACE+BRACELET SET PINK BLOSSOM,8,22.909999999999997,3,3,1,2.55,2010-03-08 12:40:00,2010-06-27 10:48:00,2.6666666666666665
23601,SET 10 CARDS SNOWY SNOWDROPS  17100,8,19.92,4,3,1,2.49,2011-09-23 17:04:00,2011-11-28 15:31:00,2.0
90131,PINK/AMETHYST/GOLD NECKLACE,8,55.72,4,4,1,6.95,2010-06-07 13:02:00,2011-06-01 17:28:00,2.0
72805,VANILLA CANDLE IN EMBOSSED ZINC POT,8,13.52,2,2,1,1.69,2010-01-28 17:13:00,2010-02-07 12:15:00,4.0
90187A,BLUE DROP EARRINGS W BEAD CLUSTER,8,27.04,7,7,1,3.39,2009-12-07 18:02:00,2011-02-28 16:50:00,1.1428571428571428
90179B,PURPLE FINE BEAD NECKLACE W TASSEL,8,47.47,6,6,1,5.95,2009-12-11 12:21:00,2011-12-01 08:51:00,1.3333333333333333
90024F,NEW BAROQUE B'FLY NECKLACE CRYSTAL,8,67.61,6,6,1,8.49,2010-04-19 10:40:00,2011-11-30 15:13:00,1.3333333333333333
84292B,BLUE COL METAL FOLDING CHAIR,8,51.8,5,5,1,7.95,2010-01-04 14:00:00,2010-04-29 15:34:00,1.6
90182A,AMBER 3 BEAD DROP EARRINGS,8,23.259999999999998,8,5,1,2.9,2010-11-29 09:46:00,2011-11-16 15:23:00,1.0
84795E,RIO PINK STRIPE HAMMOCK,8,63.6,4,4,1,7.95,2010-01-17 12:28:00,2010-08-01 14:18:00,2.0
84536b,FAIRY CAKES NOTEBOOK A7 SIZE,8,6.48,4,4,1,0.81,2010-06-24 11:46:00,2010-12-09 16:26:00,2.0
47563B,WAVELINE SURF IRONING BOARD COVER,8,30.0,6,6,1,3.75,2010-02-14 13:39:00,2010-11-28 14:57:00,1.3333333333333333
47570b,TEA TIME TABLE CLOTH,8,169.4,8,8,1,21.23,2010-06-24 11:50:00,2011-01-25 14:01:00,1.0
90011E,AMBER CRYSTAL DROP EARRINGS,8,23.61,8,8,1,2.955,2009-12-08 14:36:00,2011-09-15 16:32:00,1.0
84857A,SILVER MONTE CARLO HANDBAG,8,68.0,3,2,1,8.5,2010-02-03 12:21:00,2010-05-21 11:33:00,2.6666666666666665
90214Y,"LETTER ""Y"" BLING KEY RING",8,7.9399999999999995,8,8,1,0.85,2010-11-03 12:07:00,2011-10-18 16:58:00,1.0
35537,CANDLE RING W/CLEAR BEADS,8,3.36,2,2,1,0.42,2010-02-21 15:28:00,2010-05-19 15:10:00,4.0
23646,SET 10 CARDS JINGLE BELLS 16957,8,19.92,5,4,1,2.49,2011-09-07 16:48:00,2011-11-17 15:17:00,1.6
23640,SET 10 CARDS SCOTTIE DOG 17211,8,19.92,7,7,1,2.49,2011-09-07 16:15:00,2011-12-01 16:22:00,1.1428571428571428
85160a,WHITE BIRD GARDEN DESIGN MUG,8,129.04,3,3,1,16.13,2010-03-05 14:52:00,2010-12-21 15:18:00,2.6666666666666665
23607,SET 10 CARDS HATS & STOCKINGS 17081,8,13.28,7,7,1,1.66,2011-09-13 16:05:00,2011-11-24 09:21:00,1.1428571428571428
21595,Dad's Cab Electronic Meter,8,68.30000000000001,8,5,1,8.47,2009-12-09 09:42:00,2010-12-07 15:28:00,1.0
21596,Hypochondriac Pill Stress Ball,8,34.04,7,4,1,4.21,2009-12-22 15:05:00,2010-11-04 14:49:00,1.1428571428571428
72785A,S/4 CONTEMPORY PINK ROSEBUD CANDLES,8,16.8,4,4,1,2.1,2009-12-11 14:20:00,2010-02-19 17:40:00,2.0
23623,SET 10 CARD CHRISTMAS WELCOME 17112,8,23.28,6,5,1,2.91,2011-09-02 16:39:00,2011-11-29 16:33:00,1.3333333333333333
90141E,ORANGE PENDANT TRIPLE SHELL NECKLAC,8,40.160000000000004,4,4,2,4.95,2010-01-17 12:12:00,2011-10-12 11:41:00,2.0
90214W,"LETTER ""W"" BLING KEY RING",7,6.6899999999999995,7,7,1,0.85,2010-06-07 11:23:00,2011-07-18 15:49:00,1.0
46776f,WOVEN ROSE GARDEN CUSHION COVER,7,28.91,1,1,1,4.13,2011-10-31 14:41:00,2011-10-31 14:41:00,7.0
47591b,SCOTTIES CHILDRENS APRON,7,29.47,3,2,1,4.21,2010-09-22 15:11:00,2010-09-28 09:36:00,2.3333333333333335
84876C,SILVER HEART COMPACT MIRROR,7,26.25,4,3,1,3.75,2009-12-13 11:16:00,2010-03-07 12:06:00,1.75
84247J,PACK/12 RUSSIAN DOLL CARDS,7,6.02,6,2,1,0.86,2009-12-09 09:51:00,2009-12-18 17:06:00,1.1666666666666667
90152A,SILVER/NAT SHELL NECKLACE W PENDANT,7,40.34,7,7,1,5.95,2009-12-08 15:49:00,2011-11-30 15:13:00,1.0
90152C,BLUE/NAT SHELL NECKLACE W PENDANT,7,41.650000000000006,4,4,1,5.95,2010-04-01 10:33:00,2011-02-14 15:23:00,1.75
85040b,SET/4 BLUE FLOWER CANDLES IN BOWL,7,23.519999999999996,3,3,1,3.36,2010-04-26 13:30:00,2010-06-24 11:35:00,2.3333333333333335
84864A,PINK PAISLEY PHOTO ALBUM,7,67.71000000000001,4,4,1,6.75,2010-02-08 16:06:00,2010-08-19 15:13:00,1.75
84660b,BLACK STITCHED WALL CLOCK,7,53.18,6,6,1,7.62,2010-06-24 11:48:00,2011-09-07 12:44:00,1.1666666666666667
90052,CRACKED GLAZE NECKLACE BROWN,7,49.58,5,5,1,7.07,2009-12-22 16:17:00,2011-11-15 16:57:00,1.4
84660a,WHITE STITCHED WALL CLOCK,7,52.699999999999996,5,5,1,7.62,2010-08-02 13:49:00,2011-06-21 16:36:00,1.4
90060D,FIRE POLISHED GLASS NECKL BRONZE,7,41.65,7,6,1,5.95,2010-05-21 13:28:00,2010-12-15 13:24:00,1.0
23627,SET 10 CARDS XMAS GRAPHIC  17218,7,17.43,2,2,1,2.49,2011-11-11 09:05:00,2011-11-25 14:25:00,3.5
90074,BLACK DIAMOND CLUSTER NECKLACE,7,64.09,6,6,1,8.95,2010-03-07 15:34:00,2011-11-28 15:31:00,1.1666666666666667
23645,SET 10 CHRISTMAS CARDS HOHOHO 16956,7,17.43,3,3,1,2.49,2011-10-27 17:15:00,2011-11-15 17:00:00,2.3333333333333335
90111,BLUE HIBISCUS  HAIR CLIP,7,7.35,6,5,1,1.05,2009-12-07 11:05:00,2010-03-08 12:08:00,1.1666666666666667
90141D,ROSE PENDANT TRIPLE SHELL NECKLACE,7,36.33,5,5,2,5.51,2010-01-19 17:49:00,2011-07-18 10:29:00,1.4
90132,LIGHT TOPAZ TEAL/AQUA COL NECKLACE,7,35.63,7,7,1,5.09,2009-12-16 17:58:00,2011-08-30 12:10:00,1.0
37409,ASSORTED DESIGN FLOWER MUGS,7,5.949999999999999,3,3,1,0.85,2010-01-14 13:03:00,2010-04-11 13:37:00,2.3333333333333335
90041,PEARL AND CHERRY QUARTZ BRACLET,7,25.67,6,6,1,3.73,2009-12-09 09:42:00,2011-12-02 16:39:00,1.1666666666666667
84611B,BLACK NEW BAROQUE FLOCK BOX,7,41.65,4,4,1,5.95,2010-01-07 13:07:00,2010-11-15 14:11:00,1.75
72801e,S/4 FESTIVE GREEN DINNER CANDLES,7,17.57,4,4,1,2.51,2010-03-29 15:02:00,2010-08-12 10:39:00,1.75
90081B,LILY BROOCH WHITE/SILVER COLOUR,7,34.650000000000006,3,3,1,4.95,2010-10-19 13:18:00,2011-05-18 16:05:00,2.3333333333333335
84562B,BLUE/WHITE RIBBED MELAMINE JUG,7,82.74000000000001,5,4,1,7.95,2009-12-09 15:20:00,2010-01-22 10:01:00,1.4
90025E,BAROQUE BUTTERFLY EARRINGS MONTANA,6,22.6,6,6,1,3.75,2010-03-07 15:34:00,2011-06-06 16:06:00,1.0
84765,SILVER ROCOCO CANDELABRA,6,101.97999999999999,5,4,1,12.75,2009-12-13 15:16:00,2010-03-16 13:44:00,1.2
84914A,PINK ROSE PICNIC RUG,6,155.7,5,5,1,25.95,2010-05-05 13:22:00,2010-06-09 17:34:00,1.2
18096c,WHITE ROUND PORCELAIN TLIGHT HOLDER,6,30.799999999999997,4,2,1,5.17,2009-12-22 15:06:00,2010-01-25 15:42:00,1.5
90020,FILIGREE DIAMANTE CHAIN,6,76.23,4,4,2,12.75,2009-12-17 15:26:00,2011-08-30 10:47:00,1.5
18097B,BLUE TALL PORCELAIN T-LIGHT HOLDER,6,15.299999999999999,2,2,1,2.55,2009-12-09 14:16:00,2010-01-17 14:53:00,3.0
47593b,SCOTTIE DOGS BABY BIB,6,4.9799999999999995,1,1,1,0.83,2011-10-31 14:41:00,2011-10-31 14:41:00,6.0
85231g,ORANGE SCENTED SET/9 T-LIGHTS,6,9.78,6,6,1,1.63,2011-01-14 10:12:00,2011-05-10 15:09:00,1.0
85115B,S/4 BLACK DISCO PARTITION PANEL,6,37.62,2,2,1,6.27,2010-06-09 13:57:00,2011-10-11 16:29:00,3.0
90025C,BAROQUE BUTTERFLY EARRINGS GREEN,6,22.56,6,6,1,3.75,2010-02-17 10:28:00,2010-10-24 14:45:00,1.0
gift_0001_50,Dotcomgiftshop Gift Voucher Â£50.00,6,253.59,6,6,1,42.11,2009-12-18 17:15:00,2011-06-30 15:56:00,1.0
51012L,"FEATHER DUSTER, LIGHT PINK",6,7.5,3,1,1,1.25,2009-12-09 14:48:00,2009-12-11 14:39:00,2.0
84705F,RED PEONY PHOTO FRAME,6,27.900000000000002,4,4,1,4.65,2009-12-17 17:16:00,2010-04-18 13:12:00,1.5
20680,PINK FLOWERS CHILDS UMBRELLA,6,19.5,4,3,1,3.25,2009-12-10 13:59:00,2010-01-22 16:28:00,1.5
84968a,SET OF 16 VINTAGE ROSE CUTLERY,6,150.82,4,4,1,25.225,2010-07-07 11:17:00,2011-10-31 13:48:00,1.5
84986b,SET OF 36 SILVER PAPER DOILIES,6,17.88,5,5,1,2.98,2010-05-26 12:40:00,2010-08-06 15:33:00,1.2
37432,MUG PINK AND PURPLE ARABIC DESIGN,6,3.9000000000000004,1,1,1,0.65,2009-12-08 13:59:00,2009-12-08 13:59:00,6.0
17028J,INCENSE BAZAAR PEACH,6,2.52,1,1,1,0.42,2011-01-31 15:27:00,2011-01-31 15:27:00,6.0
71101A,ANGEL ON KNEES METAL POLE 100CM H,6,5.1,1,1,1,0.85,2009-12-13 13:39:00,2009-12-13 13:39:00,6.0
21310,CAPIZ CHANDELIER,6,179.7,4,4,1,29.95,2010-03-18 16:37:00,2011-05-24 13:22:00,1.5
84971s,SMALL HEART FLOWERS HOOK,6,9.959999999999999,3,3,1,1.66,2010-05-26 12:43:00,2010-10-28 10:00:00,2.0
85184c,S/4 VALENTINE DECOUPAGE HEART BOX,6,35.35,6,6,1,5.91,2009-12-22 15:06:00,2011-10-26 14:42:00,1.0
90060B,FIRE POLISHED GLASS NECKL GOLD,6,35.7,4,4,1,5.95,2009-12-13 12:31:00,2010-12-15 13:24:00,1.5
72796A,S/3 ENGLISH LAVENDER SQU CANDLE,6,9.899999999999999,4,4,1,1.65,2010-01-17 13:55:00,2010-04-29 17:57:00,1.5
37481,CUBIC MUG TEATIME CAKES,6,15.299999999999999,1,1,1,2.55,2010-06-06 11:20:00,2010-06-06 11:20:00,6.0
37477C,"FLOWER FAIRY MUG+COASTER,ROSE",6,22.5,1,1,1,3.75,2010-11-23 11:13:00,2010-11-23 11:13:00,6.0
78027,SEAGRASS S/2 CORNER LAUNDRY,6,100.15,5,5,1,15.95,2010-01-31 14:01:00,2010-09-03 17:24:00,1.2
85035b,CHOCOLATE 3 WICK MORRIS BOX CANDLE,6,50.82000000000001,6,5,1,8.47,2010-02-19 10:56:00,2010-12-21 15:20:00,1.0
21919,Electronic Talking Breath-A-Loser,6,30.47,5,4,1,5.06,2009-12-14 17:16:00,2010-10-07 10:19:00,1.2
46037A,PINK CANVAS DES CUSHION COVER,6,7.5,2,2,1,1.25,2010-05-25 17:31:00,2010-08-12 13:14:00,3.0
84509b,SET OF 4 FAIRY CAKE PLACEMATS,5,37.3,4,4,1,7.46,2011-02-02 12:17:00,2011-11-13 11:50:00,1.25
DCGS0069,OOH LA LA DOGS COLLAR,5,80.31,5,5,1,16.13,2010-03-15 09:28:00,2011-01-28 14:25:00,1.0
m,Manual,5,15.049999999999999,4,4,1,2.55,2010-02-19 10:56:00,2010-12-21 15:18:00,1.25
16201B,PASTEL BLUE PHOTO ALBUM,5,17.150000000000002,2,1,1,3.43,2009-12-07 18:02:00,2009-12-10 09:49:00,2.5
90182B,AMETHYST 3 BEAD DROP EARRINGS,5,14.629999999999999,5,4,1,2.9,2009-12-16 17:01:00,2011-11-28 15:31:00,1.0
23616,SET 10 CARDS JINGLE BELLS 17217,5,12.450000000000001,4,4,1,2.49,2011-11-09 16:14:00,2011-11-29 16:47:00,1.25
90176B,DIAMANTE NECKLACE BLACK,5,37.620000000000005,4,4,1,7.5,2010-11-05 11:49:00,2011-11-16 15:23:00,1.25
84534b,FAIRY CAKE NOTEBOOK A5 SIZE,5,8.3,4,4,1,1.66,2010-06-24 11:31:00,2010-12-21 15:23:00,1.25
90024A,NEW BAROQUE B'FLY NECKLACE BLACK,5,42.5,4,4,1,8.5,2010-01-28 13:23:00,2010-11-05 11:49:00,1.25
90021,LASER CUT MULTI STRAND NECKLACE,5,59.75,4,4,1,11.95,2010-08-18 17:43:00,2011-04-27 12:35:00,1.25
90077,BLACK DIAMOND CLUSTER EARRINGS,5,14.399999999999999,5,5,1,2.96,2009-12-14 17:16:00,2011-09-07 16:15:00,1.0
90066A,PINK VINTAGE VICTORIAN CHOKER,5,33.75,2,2,1,6.75,2010-07-19 13:23:00,2010-10-07 14:11:00,2.5
79157V,UBO-LIGHT TRIOBASE PURPLE,5,4.25,3,3,1,0.85,2011-10-09 15:24:00,2011-11-03 18:49:00,1.6666666666666667
23636,SET 10 CARDS WISHING TREE 17116,5,14.55,4,4,1,2.91,2011-10-24 17:03:00,2011-12-01 16:22:00,1.25
20905,VINTAGE KEEPSAKE BOX BEAUTY GIRL,5,31.75,2,2,1,6.35,2009-12-11 15:40:00,2010-01-28 13:27:00,2.5
23612,SET 10 MINICARDS CUTE SNOWMAN 17071,5,8.299999999999999,2,2,1,1.66,2011-10-06 16:08:00,2011-11-17 15:17:00,2.5
84951b,S/4 BLACK LOVEBIRD COASTERS,5,25.409999999999997,4,3,1,5.06,2009-12-22 15:05:00,2010-03-05 14:43:00,1.25
84868B,BLUE BABY BOY'S MEMORY BOX,5,34.75,4,3,1,6.95,2010-01-26 13:04:00,2010-05-09 11:40:00,1.25
84608,ORNATE EDWARDIAN CANDLE HOLDER,5,39.75,3,3,1,7.95,2009-12-09 14:48:00,2010-01-15 12:38:00,1.6666666666666667
35918B,BLUE FLORIBUNDA EGG WARMER,5,6.25,3,3,1,1.25,2010-02-03 11:58:00,2010-02-23 13:55:00,1.6666666666666667
15060b,FAIRY CAKE DESIGN UMBRELLA,5,41.81,5,5,1,8.29,2010-03-05 14:42:00,2011-11-20 13:58:00,1.0
90142A,GREEN PENDANT SHELL NECKLACE,5,25.45,4,4,1,5.09,2010-06-25 15:13:00,2010-12-17 17:08:00,1.25
21594,Dr. Jam's Arouzer Stress Ball,5,21.06,5,5,1,4.21,2009-12-09 09:42:00,2011-01-14 14:06:00,1.0
84596g,SMALL CHOCOLATES PINK BOWL,5,12.399999999999999,2,2,1,2.485,2010-11-26 14:41:00,2011-02-17 10:34:00,2.5
20942,SET/6 GINGERBREAD TREE T-LIGHTS,5,6.25,3,2,1,1.25,2009-12-10 18:27:00,2009-12-22 12:42:00,1.6666666666666667
84757,ENCHANTED GARDEN WROUGHT IRON TABLE,5,74.75,4,3,1,14.95,2010-05-16 15:33:00,2010-06-06 15:07:00,1.25
90152B,BLUE/GREEN SHELL NECKLACE W PENDANT,5,29.31,4,4,1,5.95,2010-04-29 17:57:00,2010-12-13 09:35:00,1.25
90025D,BAROQUE BUTTERFLY EARRINGS PINK,5,18.69,5,5,1,3.73,2010-02-16 13:49:00,2011-09-29 15:13:00,1.0
46776a,WOVEN BUBBLE GUM CUSHION COVER,5,20.65,1,1,1,4.13,2011-10-31 14:41:00,2011-10-31 14:41:00,5.0
20791,BLUE TILED SET OF 3 DRAWERS,5,63.75,1,1,1,12.75,2010-01-14 15:47:00,2010-01-14 15:47:00,5.0
82072,WHITE WOOD SINGLE P/FRAME,5,6.25,3,3,1,1.25,2010-02-07 15:16:00,2010-08-27 14:52:00,1.6666666666666667
84030B,KNITTED POM POM HOT WATER BOTTLE,5,18.75,3,2,1,3.75,2010-02-09 16:18:00,2010-03-05 11:50:00,1.6666666666666667
gift_0001_40,Dotcomgiftshop Gift Voucher Â£40.00,5,166.09,5,5,1,33.33,2010-08-10 12:08:00,2011-07-27 15:12:00,1.0
SP1002,KID'S CHALKBOARD/EASEL,5,14.75,2,1,1,2.95,2010-10-07 11:12:00,2010-10-07 12:23:00,2.5
47591c,BLUE FAIRY CAKE CHILD'S APRON,4,16.84,3,3,1,4.21,2010-06-04 14:55:00,2010-07-07 11:18:00,1.3333333333333333
23634,SET 10 CARDS XMAS CHOIR 17068,4,11.64,4,4,1,2.91,2011-09-02 16:39:00,2011-11-25 14:25:00,1.0
84575B,BROWN DOG CANNISTER W BONE,4,23.8,3,3,2,5.95,2009-12-09 15:20:00,2010-02-15 08:41:00,1.3333333333333333
90176E,DIAMANTE NECKLACE GREEN,4,29.98,3,3,1,7.5,2011-08-22 14:13:00,2011-12-02 16:39:00,1.3333333333333333
DCGS0072,CAT CAMOUFLAGUE COLLAR,4,20.68,3,1,1,5.17,2009-12-14 17:57:00,2009-12-18 17:15:00,1.3333333333333333
23624,SET 10 CARD PERFECT NATIVITY 17089,4,9.96,4,3,1,2.49,2011-09-22 16:28:00,2011-11-11 09:05:00,1.0
20858,SILVER PURSE GOLD PINK BUTTERFLY,4,6.6,1,1,1,1.65,2009-12-14 15:31:00,2009-12-14 15:31:00,4.0
79302m,"ART LIGHTS,FUNK MONKEY",4,23.77,4,4,1,5.91,2009-12-22 15:12:00,2010-04-09 14:59:00,1.0
84570B,WHITE SATIN DRESS JEWEL STAND,4,19.8,2,2,1,4.95,2009-12-15 11:49:00,2010-01-20 13:10:00,2.0
85039b,S/4 IVORY MINI ROSE CANDLE IN BOWL,4,13.44,1,1,1,3.36,2010-02-19 10:56:00,2010-02-19 10:56:00,4.0
47556b,TEA TIME TEA TOWELS,4,23.64,4,4,1,5.91,2010-02-19 11:07:00,2010-08-02 13:48:00,1.0
90181C,BLACK GLASS/SHELL/PEARL NECKLACE,4,37.38,4,4,1,9.34,2009-12-14 17:16:00,2011-04-18 13:52:00,1.0
47504J,ENGLISH ROSE SET/3 GARDEN TOOLS,4,45.55,3,2,1,7.95,2009-12-11 10:48:00,2009-12-16 17:58:00,1.3333333333333333
90011D,PURPLE CRYSTAL DROP EARRINGS,4,11.719999999999999,4,4,1,2.9299999999999997,2010-03-09 12:48:00,2011-11-22 15:41:00,1.0
20678,LARGE BLACK DIAMANTE HAIRSLIDE,4,6.6,1,1,1,1.65,2011-09-23 14:49:00,2011-09-23 14:49:00,4.0
90034,WHITE SILVER NECKLACE SHELL GLASS,4,40.07,4,4,1,9.965,2009-12-13 12:31:00,2011-04-18 15:26:00,1.0
23654,SET 10 CARD SNOWMAN 16965,4,9.96,3,3,1,2.49,2011-10-27 17:15:00,2011-12-01 16:22:00,1.3333333333333333
23644,SET 10 CARDS CHRISTMAS TREE 16955,4,13.32,4,4,1,3.33,2011-09-30 17:22:00,2011-11-28 15:31:00,1.0
79157B,UBO-LIGHT TRIOBASE BLUE,4,3.4,2,2,1,0.85,2010-02-07 15:07:00,2011-10-25 10:32:00,2.0
37494a,FAIRY CAKE CERAMIC BUTTER DISH,4,24.16,3,1,1,6.04,2009-12-22 14:48:00,2009-12-22 15:13:00,1.3333333333333333
85231b,CINAMMON SET OF 9 T-LIGHTS,4,6.58,4,4,1,1.645,2010-10-01 13:31:00,2011-04-15 10:40:00,1.0
23619,SET 10 CARDS POINSETTIA 17093,4,9.96,2,2,1,2.49,2011-10-05 15:56:00,2011-11-08 18:29:00,2.0
23604,SET 10 MINI SANTA & SNOWMAN  17087,4,6.64,2,2,1,1.66,2011-10-03 16:14:00,2011-10-17 15:27:00,2.0
23702,High Resolution Image,4,27.0,3,3,2,3.0,2011-10-19 10:33:00,2011-11-16 11:09:00,1.3333333333333333
23605,SET 10 CARDS 12 DAYS OF XMAS 17059,4,11.64,1,1,1,2.91,2011-10-05 15:56:00,2011-10-05 15:56:00,4.0
35980B,RED TOP SCANDINAVIAN HEART,4,1.52,2,2,1,0.38,2009-12-18 13:46:00,2010-05-16 16:05:00,2.0
35995,SET/6 BLACK GLITTER REINDEER CANDLE,4,1.68,4,3,1,0.42,2009-12-10 18:27:00,2009-12-23 11:51:00,1.0
84968d,SET OF 16 VINTAGE RED CUTLERY,4,100.37,4,4,1,24.96,2010-06-08 15:24:00,2011-10-04 10:14:00,1.0
90035C,"PEARL & SHELL 42""NECKL. IVORY",4,43.0,3,3,1,10.75,2010-06-13 11:21:00,2011-05-13 16:12:00,1.3333333333333333
23639,SET 10 CARDS MAGICAL TREE 17086,4,13.32,4,4,1,3.33,2011-09-15 16:32:00,2011-11-17 15:17:00,1.0
85049b,LUSH GREENS RIBBONS,4,9.94,3,3,1,2.46,2010-06-24 11:35:00,2011-09-20 14:46:00,1.3333333333333333
85132c,CHARLIE AND LOLA FIGURES TINS,4,46.099999999999994,4,4,1,8.29,2010-07-07 11:18:00,2011-04-26 09:50:00,1.0
90136,PALE PINK/AMETHYST STONE NECKLACE,4,40.47,3,3,1,9.95,2010-11-23 16:53:00,2011-04-26 12:47:00,1.3333333333333333
10002R,ROBOT PENCIL SHARPNER,3,15.399999999999999,2,2,1,5.115,2009-12-18 17:15:00,2010-01-25 17:36:00,1.5
ADJUST2,Adjustment by Peter on Jun 25 2010,3,731.0500000000001,3,1,1,300.13,2010-06-25 14:15:00,2010-06-25 14:15:00,1.0
35598C,WHITE CHRISTMAS TREE 60CM,3,8.850000000000001,3,3,1,2.95,2009-12-18 16:36:00,2011-11-24 12:25:00,1.0
47567b,TEA TIME KITCHEN APRON,3,38.72,3,2,1,13.0,2009-12-22 15:06:00,2010-11-19 13:05:00,1.0
20870,OPULENT VELVET CANDLE IN BOX,3,10.7,3,2,1,4.3,2009-12-09 09:51:00,2009-12-22 15:10:00,1.0
AMAZONFEE,AMAZON FEE,3,20467.8,3,3,1,6706.71,2010-11-08 10:11:00,2011-03-28 11:57:00,1.0
23633,SET 10 CARDS WORLD CHILDREN 17067,3,7.470000000000001,3,3,1,2.49,2011-10-31 14:41:00,2011-11-21 15:18:00,1.0
85192S,HANGING SPRING FLOWER HEART SMALL,3,1.9500000000000002,2,2,1,0.65,2010-02-07 15:07:00,2010-02-08 16:06:00,1.5
20882,MODERN CHRISTMAS TREE CANDLE,3,8.850000000000001,2,2,1,2.95,2009-12-13 13:53:00,2009-12-16 13:56:00,1.5
90189B,GOLD 2 STRAND NECKLACE-LEAF CHARMS,3,22.5,2,2,1,7.5,2010-02-16 13:49:00,2010-04-29 17:57:00,1.5
21119,Glow In The Dark Shot Glasses,3,41.01,3,3,1,13.57,2009-12-18 17:15:00,2010-09-27 15:56:00,1.0
23615,SET 10 CARDS PRINTED GRAPHIC 17219,3,7.470000000000001,3,3,1,2.49,2011-10-27 17:15:00,2011-11-28 15:31:00,1.0
18098B,BLUE PORCELAIN B'FLY OIL BURNER,3,8.850000000000001,3,3,1,2.95,2009-12-13 15:54:00,2010-02-24 13:48:00,1.0
20881,MODERN CHRISTMAS TREE CANDLE,3,2.55,2,2,1,0.85,2009-12-10 18:27:00,2009-12-16 13:56:00,1.5
21560,TOADSTOOL  LUNCHBOX WITH CUTLERY,3,12.89,3,1,1,5.17,2009-12-22 15:04:00,2009-12-22 15:06:00,1.0
21081,SET/20 POSIES PAPER NAPKINS,3,2.55,3,3,1,0.85,2009-12-18 10:24:00,2010-01-31 10:08:00,1.0
90082C,DIAMANTE BOW BROOCH WHITE COLOUR,3,19.93,3,3,1,6.79,2010-01-13 17:08:00,2010-02-10 13:43:00,1.0
20884,MODERN CHRISTMAS TREE CANDLE,3,6.300000000000001,3,2,1,2.1,2009-12-10 18:27:00,2009-12-18 11:03:00,1.0
85035a,GARDENIA 3 WICK MORRIS BOXED CANDLE,3,25.410000000000004,3,3,1,8.47,2010-11-24 10:03:00,2010-12-21 15:21:00,1.0
85070,ANT WHITE SWEETHEART TABLE W 3 DRAW,3,320.0,3,3,1,125.0,2010-05-16 15:33:00,2010-07-26 12:34:00,1.0
35071,ASSORTED SANTA CHRISTMAS DECORATION,3,6.87,2,1,1,3.01,2009-12-08 12:25:00,2009-12-09 09:51:00,1.5
S,SAMPLES,3,136.85,3,3,1,33.05,2010-04-30 14:49:00,2011-10-26 12:20:00,1.0
85124c,GREEN JUICY FRUIT PHOTO FRAME,3,15.18,2,2,1,5.06,2010-07-22 12:18:00,2010-08-26 09:41:00,1.5
16192,PINK BALLET OPENING CUBE BOX,3,12.899999999999999,1,1,1,4.3,2009-12-18 17:06:00,2009-12-18 17:06:00,3.0
35650,VINTAGE BEAD PINK JEWEL STAND,3,14.850000000000001,3,3,1,4.95,2010-06-03 12:38:00,2011-08-01 11:57:00,1.0
90025B,BAROQUE BUTTERFLY EARRINGS RED,3,11.29,3,3,1,3.75,2010-03-07 15:34:00,2011-04-21 16:17:00,1.0
84967A,PINK KASHMIRI OCCASIONAL TABLE,3,174.9,3,3,1,79.95,2010-02-02 16:07:00,2010-10-24 10:41:00,1.0
82613a,"METAL SIGN,CUPCAKE SINGLE HOOK",3,7.4799999999999995,3,3,1,2.51,2010-02-01 11:21:00,2011-06-08 15:26:00,1.0
84731,3 BIRDS CANVAS SCREEN,3,3.69,3,3,1,1.65,2010-04-27 12:46:00,2011-07-31 15:00:00,1.0
90091,CRYSTAL DRAGONFLY PHONE CHARM,3,2.55,2,2,1,0.85,2010-05-10 13:48:00,2010-10-11 14:15:00,1.5
84962,SET/3 COLOUR PAINTED KASHMIRI STOOL,3,179.85000000000002,2,2,1,59.95,2010-02-22 13:40:00,2010-05-19 17:49:00,1.5
90126B,BLUE BERTIE MOBILE PHONE CHARM,3,8.48,3,3,1,3.36,2009-12-18 17:06:00,2010-03-26 14:32:00,1.0
62097A,PINK STRIPES SHOULDER BAG,3,8.850000000000001,3,3,1,2.95,2009-12-11 16:48:00,2010-08-06 09:41:00,1.0
23610,SET 10 CARDS CHRISTMAS ROBIN 17095,3,6.24,3,3,1,2.08,2011-09-23 17:02:00,2011-11-11 09:05:00,1.0
23608,SET 10 CARDS RUDOLPHS NOSE 17097,3,8.73,2,2,1,2.91,2011-11-03 15:56:00,2011-11-15 17:00:00,1.5
23650,SET 10 CARDS FILIGREE BAUBLE 16961,3,7.470000000000001,3,3,1,2.49,2011-09-27 18:41:00,2011-11-15 17:00:00,1.0
84942,KASHMIR FOLKART HEART DISHES,3,5.07,3,2,1,1.69,2009-12-16 17:34:00,2010-01-24 13:46:00,1.0
84614C,BLUE BAROQUE FLOCK CANDLE HOLDER,3,17.85,1,1,1,5.95,2010-01-05 13:58:00,2010-01-05 13:58:00,3.0
85034a,3 GARDENIA MORRIS BOXED CANDLES,3,24.869999999999997,3,3,1,8.29,2011-05-23 14:19:00,2011-11-08 15:24:00,1.0
85083,KISS REINDEER SCANDINAVIAN STOCKING,3,7.6499999999999995,1,1,1,2.55,2009-12-10 18:27:00,2009-12-10 18:27:00,3.0
84366,VENDETTA CANVAS PICTURE,3,11.25,3,3,1,3.75,2010-02-02 11:40:00,2010-05-13 15:41:00,1.0
85069,CREAM SWEETHEART DOUBLE SHELF,3,50.849999999999994,1,1,1,16.95,2009-12-11 12:28:00,2009-12-11 12:28:00,3.0
DCGS0004,HAYNES CAMPER SHOULDER BAG,3,50.59,3,3,1,16.98,2010-04-19 11:19:00,2011-04-27 17:23:00,1.0
84509g,SET OF 4 FAIRY CAKE PLACEMATS,2,14.92,2,1,1,7.46,2011-05-10 15:04:00,2011-05-10 15:07:00,1.0
84867b,BLUE BABY BOY'S PHOTO ALBUM,2,27.14,1,1,1,13.57,2010-01-25 15:42:00,2010-01-25 15:42:00,2.0
84868A,PINK BABY GIRL'S MEMORY BOX,2,13.9,2,1,1,6.95,2010-01-26 13:04:00,2010-01-31 12:43:00,1.0
21353,SILVER SLEIGHBELL  WREATH,2,25.3,2,2,1,12.65,2009-12-07 15:28:00,2009-12-22 15:01:00,1.0
DCGS0066N,NAVY CUDDLES DOG HOODIE,2,17.3,2,1,1,8.65,2009-12-22 15:05:00,2009-12-22 15:07:00,1.0
37326,FAIRY DESIGN MUGS,2,4.609999999999999,2,2,2,2.3049999999999997,2010-01-11 14:39:00,2010-03-29 13:57:00,1.0
20812,EMBOSSED FLOWER TRELLIS PHOTO FRAME,2,5.1,1,1,1,2.55,2010-01-28 17:13:00,2010-01-28 17:13:00,2.0
40046C,PINK BUTTERFLY PAPER LAMPSHADE,2,2.5,2,2,1,1.25,2009-12-13 11:34:00,2009-12-16 15:48:00,1.0
90127B,BLUE BEADS+HAND PHONE CHARM,2,2.5,2,2,1,1.25,2010-02-19 12:50:00,2010-09-09 19:23:00,1.0
85049d,BRIGHT BLUES RIBBONS,2,4.92,2,2,1,2.46,2011-03-29 13:44:00,2011-05-10 15:06:00,1.0
84255A,PINK GLASS COCKTAIL LAMP,2,4.2,2,2,1,2.1,2009-12-13 15:54:00,2010-01-21 11:11:00,1.0
84968b,S/16 VINTAGE IVORY CUTLERY,2,50.98,2,2,1,25.49,2010-07-30 12:44:00,2010-11-01 09:13:00,1.0
21290,LARGE SPOTTY CHOCOLATE GIFT BAG,2,2.5,1,1,1,1.25,2009-12-23 14:09:00,2009-12-23 14:09:00,2.0
90000C,OPAL WHITE/SILVER FLOWER NECKLACE,2,12.32,2,2,1,6.16,2009-12-13 10:48:00,2010-01-18 13:15:00,1.0
84596j,MIXED NUTS LIGHT GREEN BOWL,2,5.02,2,2,1,2.51,2010-04-09 14:55:00,2010-11-29 12:06:00,1.0
85179a,GREEN BITTY LIGHT CHAIN,2,11.780000000000001,2,2,1,5.890000000000001,2010-10-28 09:57:00,2011-11-29 11:23:00,1.0
90025A,BAROQUE BUTTERFLY EARRINGS BLACK,2,7.5,2,2,1,3.75,2011-04-10 15:19:00,2011-10-09 15:24:00,1.0
84912a,PINK ROSE WASHBAG,2,15.56,1,1,1,7.78,2009-12-22 15:13:00,2009-12-22 15:13:00,2.0
85232a,SET/3 POLKA DOT STACKING TINS,2,20.34,2,2,1,10.17,2010-04-09 14:55:00,2010-05-26 12:52:00,1.0
20954,*USB Office Mirror Ball,2,16.94,2,1,1,8.47,2010-12-17 14:54:00,2010-12-17 17:08:00,1.0
90035B,"PEARL & SHELL 42""NECKL. PINK",2,21.5,2,2,1,10.75,2010-06-13 11:21:00,2010-06-24 18:06:00,1.0
82011E,"BATHROOM SCALES, FAG BREAK",2,7.5,2,1,1,3.75,2010-02-11 10:01:00,2010-02-11 13:10:00,1.0
72084B,CHOCOLATE ICE CREAM CANDLE,2,3.9,1,1,1,1.95,2010-03-26 15:32:00,2010-03-26 15:32:00,2.0
84559d,3D SHEET OF SEA WORLD STICKERS,2,3.38,1,1,1,1.69,2010-10-22 14:04:00,2010-10-22 14:04:00,2.0
21347,GOTHIC CARRIAGE LANTERN,2,11.9,2,2,1,5.95,2010-03-09 13:26:00,2010-04-01 16:40:00,1.0
23649,SET 10 CARDS DECK THE HALLS 16960,2,4.98,2,2,1,2.49,2011-11-15 17:00:00,2011-11-25 14:25:00,1.0
23652,SET 10 CARD CHRISTMAS STAMPS 16963,2,5.82,1,1,1,2.91,2011-11-17 15:17:00,2011-11-17 15:17:00,2.0
71434B,"BLACK RND BULLET""KEEP CLEAN"" BIN",2,5.1,2,2,1,2.55,2010-01-26 13:15:00,2010-03-10 16:09:00,1.0
35837,SET OF SIX SILVER+RED FLOCK BAUBLES,2,1.7,1,1,1,0.85,2009-12-10 12:44:00,2009-12-10 12:44:00,2.0
90013E,AMBER VINTAGE EARRINGS,2,8.57,2,2,1,4.285,2009-12-09 09:42:00,2010-01-13 17:03:00,1.0
21525,BEWARE OF THE CAT DOORMAT,2,13.5,2,1,1,6.75,2009-12-18 10:09:00,2009-12-18 10:11:00,1.0
21853,GUMBALL CUSTOM CARS TOP TRUMPS GAME,2,10.23,2,2,1,5.115,2009-12-09 09:51:00,2010-04-19 10:43:00,1.0
21857,STAR WARS TOP TRUMPS GAME,2,10.23,2,2,1,5.115,2010-01-11 09:35:00,2010-01-20 17:50:00,1.0
35955,SMALL FOLKART CHRISTMAS TREE DEC,2,0.84,2,2,1,0.42,2009-12-08 12:25:00,2010-05-13 18:49:00,1.0
85036a,GARDENIA 1 WICK MORRIS BOXED CANDLE,2,16.58,1,1,1,8.29,2011-07-12 13:46:00,2011-07-12 13:46:00,2.0
85036b,CHOCOLATE 1 WICK MORRIS BOX CANDLE,2,16.94,2,2,1,8.47,2010-10-22 14:04:00,2010-12-03 11:28:00,1.0
23638,SET 10 CARDS ROBIN WATERPUMP  17096,2,5.82,2,2,1,2.91,2011-09-27 18:41:00,2011-11-24 09:21:00,1.0
85035c,ROSE 3 WICK MORRIS BOX CANDLE,2,16.94,2,2,1,8.47,2010-11-24 09:55:00,2010-12-07 15:34:00,1.0
DCGS0070,CAMOUFLAGE DOG COLLAR,2,25.44,2,2,1,12.72,2010-04-01 15:04:00,2010-12-21 13:06:00,1.0
84661a,WHITE SQUARE TABLE CLOCK,2,10.02,2,2,1,5.01,2010-10-15 11:22:00,2011-05-17 15:37:00,1.0
90068,"RUBY GLASS NECKLACE 42""",2,15.0,2,2,1,7.5,2010-09-28 15:09:00,2011-03-18 11:32:00,1.0
46775B,BERRIES CHUNKY KNITTED THROW,2,33.9,2,1,1,16.95,2009-12-09 14:02:00,2009-12-10 12:30:00,1.0
23630,SET 10 CARDS HANGING BAUBLES 17080,2,5.48,2,2,1,2.74,2011-09-22 09:38:00,2011-11-30 15:13:00,1.0
23635,SET 10 CARDS CHRISTMAS HOLLY  17259,2,8.32,2,2,1,4.16,2011-10-05 15:56:00,2011-11-17 15:17:00,1.0
21858,HIGH SCHOOL MUSICAL 3 TOP TRUMPS,2,10.23,2,2,1,5.115,2009-12-10 09:49:00,2010-03-08 12:35:00,1.0
84971l,LARGE HEART FLOWERS HOOK,2,4.92,1,1,1,2.46,2011-11-25 15:23:00,2011-11-25 15:23:00,2.0
84406b,CREAM CUPID HEARTS COAT HANGER,2,13.82,2,1,1,6.91,2009-12-22 14:48:00,2009-12-22 15:09:00,1.0
84630,FLOWERS AND BIRDS WALL PLAQUE,2,15.9,1,1,1,7.95,2010-01-21 11:25:00,2010-01-21 11:25:00,2.0
84205C,HAPPY BIRTHDAY GINGER CAT CARD,2,0.38,1,1,1,0.19,2010-03-03 11:51:00,2010-03-03 11:51:00,2.0
85124b,BLUE JUICY FRUIT PHOTO FRAME,2,10.23,2,2,1,5.115,2009-12-22 15:06:00,2010-06-24 11:39:00,1.0
20822,SILVER WINE GOBLET,2,9.3,1,1,1,4.65,2010-02-01 15:32:00,2010-02-01 15:32:00,2.0
23617,SET 10 CARDS SWIRLY XMAS TREE 17104,2,5.82,1,1,1,2.91,2011-11-29 16:47:00,2011-11-29 16:47:00,2.0
35001P,HAND OPEN SHAPE PINK,2,6.98,2,1,1,3.49,2009-12-14 15:06:00,2009-12-17 15:41:00,1.0
84661c,PINK SQUARE TABLE CLOCK,2,10.12,2,2,1,5.06,2010-03-05 14:43:00,2010-11-24 09:55:00,1.0
23621,SET 10 CARDS DAVID'S MADONNA 17074,2,4.98,2,2,1,2.49,2011-11-11 09:05:00,2011-11-16 15:16:00,1.0
72752B,"F.FAIRY,CANDLE IN GLASS,LAVENDER",2,8.5,1,1,1,4.25,2009-12-11 15:37:00,2009-12-11 15:37:00,2.0
79303A,WHITE ROHMBIC BLOCK TABLE LAMP,2,5.9,1,1,1,2.95,2010-01-26 10:13:00,2010-01-26 10:13:00,2.0
84968f,SET OF 16 VINTAGE SKY BLUE CUTLERY,2,50.98,2,2,1,25.49,2010-10-04 14:31:00,2010-12-21 15:20:00,1.0
35823P,"ACRYLIC BEAD GARLAND,PINK",2,5.9,2,2,1,2.95,2010-02-21 12:42:00,2010-07-15 12:50:00,1.0
90060C,FIRE POLISHED GLASS NECKL SILVER,2,11.9,2,2,1,5.95,2010-05-27 20:20:00,2010-07-04 11:40:00,1.0
21225,POCKET MIRROR BUTTERFLY,2,2.5,2,2,1,1.25,2009-12-11 15:40:00,2009-12-21 15:36:00,1.0
84509e,SET OF 4 CAROUSEL PLACEMATS,2,15.24,1,1,1,7.62,2010-07-07 11:19:00,2010-07-07 11:19:00,2.0
18098A,PINK PORCELAIN B'FLY OIL BURNER,2,5.9,2,1,1,2.95,2009-12-14 15:31:00,2009-12-17 13:07:00,1.0
85160b,BLACK BIRD GARDEN DESIGN MUG,1,16.13,1,1,1,16.13,2010-03-29 14:54:00,2010-03-29 14:54:00,1.0
37482p,CUBIC MUG PINK POLKA DOT,1,17.35,1,1,1,17.35,2009-12-22 15:12:00,2009-12-22 15:12:00,1.0
37484,ENGLISH ROSE TEA FOR ONE GIFT BOX,1,6.75,1,1,1,6.75,2009-12-08 13:59:00,2009-12-08 13:59:00,1.0
21409,SPOTTY COCKEREL DOORSTOP,1,4.25,1,1,1,4.25,2010-01-18 13:34:00,2010-01-18 13:34:00,1.0
21450,DISTRESSED CANDLE STICK WHITE,1,5.95,1,1,1,5.95,2009-12-20 11:25:00,2009-12-20 11:25:00,1.0
21475,SWEETHEART CREAM STEEL FOLDIN CHAIR,1,14.95,1,1,1,14.95,2009-12-16 17:40:00,2009-12-16 17:40:00,1.0
72803b,OCEAN SCENT CANDLE JEWELLED DRAWER,1,8.47,1,1,1,8.47,2010-12-03 11:28:00,2010-12-03 11:28:00,1.0
45014,FOLDING SHIRT TIDY,1,4.65,1,1,1,4.65,2010-07-15 13:32:00,2010-07-15 13:32:00,1.0
46138D,GREEN CHENILLE SHAGGY C/COVER,1,1.95,1,1,1,1.95,2010-03-25 11:32:00,2010-03-25 11:32:00,1.0
84510b,SET OF 4 FAIRY CAKES COASTERS,1,2.15,1,1,1,2.15,2010-08-02 13:48:00,2010-08-02 13:48:00,1.0
35930,PINK HEART CHRISTMAS DECORATION,1,0.38,1,1,1,0.38,2009-12-16 17:45:00,2009-12-16 17:45:00,1.0
90004A,JADE GREEN PAIR ENAMEL HAIR SLIDES,1,3.75,1,1,1,3.75,2009-12-15 13:21:00,2009-12-15 13:21:00,1.0
20683,RAIN GIRL CHILDS UMBRELLA,1,3.25,1,1,1,3.25,2009-12-11 10:10:00,2009-12-11 10:10:00,1.0
72802c,VANILLA SCENT CANDLE JEWELLED BOX,1,8.29,1,1,1,8.29,2011-11-23 11:11:00,2011-11-23 11:11:00,1.0
DCGS0037,KEY-RING CORKSCREW,1,12.72,1,1,1,12.72,2010-06-14 14:49:00,2010-06-14 14:49:00,1.0
DCGS0041,HAYNES MINI-COOPER PLAYING CARDS,1,5.06,1,1,1,5.06,2010-06-04 16:13:00,2010-06-04 16:13:00,1.0
DCGS0044,HANDZ-OFF CAR FRESHENER,1,2.57,1,1,1,2.57,2009-12-15 18:33:00,2009-12-15 18:33:00,1.0
17014C,ORIGAMI LAVENDER INCENSE CONES,1,3.43,1,1,1,3.43,2009-12-10 09:49:00,2009-12-10 09:49:00,1.0
85049c,ROMANTIC PINKS RIBBONS,1,2.46,1,1,1,2.46,2011-11-23 11:11:00,2011-11-23 11:11:00,1.0
21036,SET/2 TEA TOWELS MODERN VINTAGE,1,2.55,1,1,1,2.55,2009-12-14 12:24:00,2009-12-14 12:24:00,1.0
90142C,ROSE PINK PENDANT SHELL NECKLACE,1,5.09,1,1,1,5.09,2010-11-08 15:02:00,2010-11-08 15:02:00,1.0
48173A,DOOR MAT BLUE FLOCK,1,6.75,1,1,1,6.75,2010-01-26 16:26:00,2010-01-26 16:26:00,1.0
85232C,RUSSIAN FOLKART STACKING TINS,1,4.95,1,1,1,4.95,2010-01-15 14:27:00,2010-01-15 14:27:00,1.0
85171,S/2 HYACINTH BULB CANDLES,1,2.55,1,1,1,2.55,2009-12-07 15:26:00,2009-12-07 15:26:00,1.0
78056,CAMOUFLAGE BACKPACK ON WHEELS,1,9.95,1,1,1,9.95,2009-12-08 15:20:00,2009-12-08 15:20:00,1.0
79051a,SMOKEY GREY COLOUR D.O.F. GLASS,1,6.04,1,1,1,6.04,2009-12-22 15:07:00,2009-12-22 15:07:00,1.0
23664,FLOWER SHOP DESIGN MUG,1,1.65,1,1,1,1.65,2011-11-11 15:28:00,2011-11-11 15:28:00,1.0
23643,SET 10 CARDS CHRISTMAS BAUBLE 16954,1,3.33,1,1,1,3.33,2011-10-31 14:41:00,2011-10-31 14:41:00,1.0
85034b,3 WHITE CHOC MORRIS BOXED CANDLES,1,8.29,1,1,1,8.29,2011-11-25 15:23:00,2011-11-25 15:23:00,1.0
84705b,FAIRY CAKES PHOTO FRAME,1,3.43,1,1,1,3.43,2009-12-22 15:07:00,2009-12-22 15:07:00,1.0
gift_0001_80,Dotcomgiftshop Gift Voucher Â£80.00,1,69.56,1,1,1,69.56,2009-12-14 17:57:00,2009-12-14 17:57:00,1.0
85123b,ZINC HANGING HEART T-LITE HLDR,1,6.04,1,1,1,6.04,2009-12-22 15:13:00,2009-12-22 15:13:00,1.0
TEST002,This is a test product.,1,1.0,1,1,1,1.0,2009-12-18 10:55:00,2009-12-18 10:55:00,1.0
gift_0001_70,Dotcomgiftshop Gift Voucher Â£70.00,1,59.57,1,1,1,59.57,2010-06-14 11:24:00,2010-06-14 11:24:00,1.0
35004p,SET OF 3 PINK FLYING DUCKS,1,12.72,1,1,1,12.72,2010-10-22 14:23:00,2010-10-22 14:23:00,1.0
84031a,CHARLIE+LOLA RED HOT WATER BOTTLE,1,16.63,1,1,1,16.63,2011-10-31 14:41:00,2011-10-31 14:41:00,1.0
84031b,CHARLIE LOLA BLUE HOT WATER BOTTLE,1,16.63,1,1,1,16.63,2011-10-31 14:41:00,2011-10-31 14:41:00,1.0
22016,Dotcomgiftshop Gift Voucher Â£100.00,1,83.33,1,1,1,83.33,2011-08-02 16:11:00,2011-08-02 16:11:00,1.0
35974,S/6 CHRISTMAS TREE PLACE SETTING,1,3.75,1,1,1,3.75,2009-12-16 17:45:00,2009-12-16 17:45:00,1.0
35999,S/6 SCANDINAVIAN HEART T-LIGHT,1,2.55,1,1,1,2.55,2009-12-13 11:16:00,2009-12-13 11:16:00,1.0
84030b,KNITTED POM POM HOT WATER BOTTLE,1,8.46,1,1,1,8.46,2010-01-25 15:38:00,2010-01-25 15:38:00,1.0
84596l,BISCUITS SMALL BOWL LIGHT BLUE,1,2.46,1,1,1,2.46,2011-05-26 10:44:00,2011-05-26 10:44:00,1.0
84661b,BLACK SQUARE TABLE CLOCK,1,4.96,1,1,1,4.96,2011-10-17 09:55:00,2011-10-17 09:55:00,1.0
35818C,"ACRYLIC JEWEL ICICLE, CLEAR",1,3.43,1,1,1,3.43,2009-12-14 17:16:00,2009-12-14 17:16:00,1.0
21772,VINTAGE METAL CAKE STAND CREAM,1,12.75,1,1,1,12.75,2010-01-05 13:58:00,2010-01-05 13:58:00,1.0
84985b,SET OF 72 BLACK PAPER DOILIES,1,2.98,1,1,1,2.98,2010-05-26 12:54:00,2010-05-26 12:54:00,1.0
85184d,S/4 BLUE ROUND DECOUPAGE BOXES,1,5.91,1,1,1,5.91,2010-07-22 12:09:00,2010-07-22 12:09:00,1.0
85232d,SET/3 DECOUPAGE STACKING TINS,1,10.17,1,1,1,10.17,2010-09-28 09:34:00,2010-09-28 09:34:00,1.0
85185E,DUCK SOCK PUPPET,1,2.95,1,1,1,2.95,2009-12-15 17:45:00,2009-12-15 17:45:00,1.0
23609,SET 10 CARDS SNOWY ROBIN 17099,1,2.91,1,1,1,2.91,2011-11-28 15:31:00,2011-11-28 15:31:00,1.0
85157,SET OF 2 CHESTS CHOCOLAT AU LAIT,1,12.72,1,1,1,12.72,2010-01-13 17:51:00,2010-01-13 17:51:00,1.0
85159b,"WHITE TEA,COFFEE,SUGAR JARS",1,13.0,1,1,1,13.0,2009-12-22 15:05:00,2009-12-22 15:05:00,1.0
84029c,BROWN FURRY HOT WATER BOTTLE,1,7.78,1,1,1,7.78,2009-12-22 15:13:00,2009-12-22 15:13:00,1.0
51014c,"FEATHER PEN,COAL BLACK",1,0.83,1,1,1,0.83,2011-10-31 14:41:00,2011-10-31 14:41:00,1.0
23602,SET 10 CARDS 3 WISE MEN 17107,1,2.91,1,1,1,2.91,2011-11-11 13:06:00,2011-11-11 13:06:00,1.0
85231e,STRAWBERRY SCENTED SET/9 T-LIGHTS,1,1.66,1,1,1,1.66,2010-03-29 14:59:00,2010-03-29 14:59:00,1.0
79342b,BROWN FLOWER LIGHTS,1,13.57,1,1,1,13.57,2010-02-19 11:07:00,2010-02-19 11:07:00,1.0
90142B,IVORY PENDANT SHELL NECKLACE,1,5.09,1,1,1,5.09,2010-11-22 11:25:00,2010-11-22 11:25:00,1.0
37482b,CUBIC MUG BLUE POLKA DOT,1,17.35,1,1,1,17.35,2009-12-22 15:10:00,2009-12-22 15:10:00,1.0
79301,FEATHER HEART LIGHTS,1,2.95,1,1,1,2.95,2010-01-21 11:11:00,2010-01-21 11:11:00,1.0
84626,CANDY STRIPE ROSE QUILT,1,45.95,1,1,1,45.95,2009-12-09 12:18:00,2009-12-09 12:18:00,1.0
72796C,S/3 ROSE GARDEN SCENT SQU CANDLE,1,1.65,1,1,1,1.65,2010-01-17 13:55:00,2010-01-17 13:55:00,1.0
35945,GOLD CHRISTMAS STOCKING DECORATION,1,1.95,1,1,1,1.95,2009-12-18 17:24:00,2009-12-18 17:24:00,1.0
47594a,CAROUSEL DESIGN WASHBAG,1,4.21,1,1,1,4.21,2010-05-05 14:27:00,2010-05-05 14:27:00,1.0
84796b,BLUE SAVANNAH PICNIC HAMPER FOR 2,1,8.47,1,1,1,8.47,2010-07-26 11:00:00,2010-07-26 11:00:00,1.0
47593a,CAROUSEL DESIGN BABY BIB,1,2.51,1,1,1,2.51,2010-05-26 12:52:00,2010-05-26 12:52:00,1.0
47590a,BLUE HAPPY BIRTHDAY BUNTING,1,11.02,1,1,1,11.02,2010-07-07 11:18:00,2010-07-07 11:18:00,1.0
84814A,HEXAGONAL CRYSTAL PERFUME BOTTLE,1,1.95,1,1,1,1.95,2010-03-26 16:17:00,2010-03-26 16:17:00,1.0
21008,ETCHED GLASS HEART TREE DECORATION,1,2.51,1,1,1,2.51,2010-02-01 11:17:00,2010-02-01 11:17:00,1.0
21852,EMPIRE TEDDY,1,6.95,1,1,1,6.95,2009-12-18 13:39:00,2009-12-18 13:39:00,1.0
85043,RED HEART CANDY POP LIGHTS,1,4.95,1,1,1,4.95,2010-01-04 15:29:00,2010-01-04 15:29:00,1.0
23628,SET 10 CARDS TRIANGLE ICONS  17220,1,2.91,1,1,1,2.91,2011-10-31 14:41:00,2011-10-31 14:41:00,1.0
37438,FUNKY FLOWER COFFEE POT,1,3.75,1,1,1,3.75,2009-12-13 13:31:00,2009-12-13 13:31:00,1.0
20721,OWLS CHARLOTTE BAG,1,0.85,1,1,1,0.85,2009-12-07 15:26:00,2009-12-07 15:26:00,1.0
85077,KISSING REINDEER TABLE RUNNER,1,5.95,1,1,1,5.95,2009-12-22 09:48:00,2009-12-22 09:48:00,1.0
37451,CERAMIC CAKE TEAPOT WITH CHERRY,1,4.95,1,1,1,4.95,2010-02-07 12:16:00,2010-02-07 12:16:00,1.0
20885,BOX OF 3 PEBBLE CANDLES,1,2.95,1,1,1,2.95,2009-12-22 12:42:00,2009-12-22 12:42:00,1.0
35950,FOLKART HEART CHRISTMAS DECORATIONS,1,1.25,1,1,1,1.25,2010-03-03 14:42:00,2010-03-03 14:42:00,1.0
72740B,LARGE WHITE CHOCOLATE CANDLE,1,5.06,1,1,1,5.06,2010-01-11 14:39:00,2010-01-11 14:39:00,1.0
72751C,"F.FAIRY S/3 SML CANDLE, ROSE",1,5.95,1,1,1,5.95,2010-02-07 12:16:00,2010-02-07 12:16:00,1.0
35821P,"JEWELLED DECORATION,PINK",1,2.95,1,1,1,2.95,2009-12-15 15:21:00,2009-12-15 15:21:00,1.0
21585,SWALLOW SMALL TUBE MATCHES,1,1.65,1,1,1,1.65,2010-08-01 12:02:00,2010-08-01 12:02:00,1.0
21120,*Boombox Ipod Classic,1,16.98,1,1,1,16.98,2010-12-09 14:09:00,2010-12-09 14:09:00,1.0
90183c,BLACK DROP EARRINGS W LONG BEADS,1,2.9,1,1,1,2.9,2011-10-31 14:41:00,2011-10-31 14:41:00,1.0
90184c,BLACK CHUNKY BEAD BRACELET W STRAP,1,9.15,1,1,1,9.15,2011-10-31 14:41:00,2011-10-31 14:41:00,1.0
21406,SPOTTY CAT DOORSTOP,1,8.65,1,1,1,8.65,2009-12-14 17:16:00,2009-12-14 17:16:00,1.0
46776b,WOVEN BERRIES CUSHION COVER,1,4.13,1,1,1,4.13,2011-10-31 14:41:00,2011-10-31 14:41:00,1.0
DCGS0075,CAMOUFLAGUE DOG LEAD,1,12.72,1,1,1,12.72,2010-04-01 15:04:00,2010-04-01 15:04:00,1.0
DCGS0062,ROAD-RAGE CAR FRESHENER,1,2.51,1,1,1,2.51,2010-10-25 16:57:00,2010-10-25 16:57:00,1.0
DCGS0068,DOGS NIGHT COLLAR,1,8.47,1,1,1,8.47,2010-01-19 17:49:00,2010-01-19 17:49:00,1.0
46776e,WOVEN CANDY CUSHION COVER,1,4.13,1,1,1,4.13,2011-10-31 14:41:00,2011-10-31 14:41:00,1.0
90214U,"LETTER ""U"" BLING KEY RING",1,1.25,1,1,1,1.25,2010-11-03 12:07:00,2010-11-03 12:07:00,1.0
B,Adjust bad debt,1,11062.06,1,1,1,11062.06,2011-08-12 14:50:00,2011-08-12 14:50:00,1.0
84867a,PINK BABY GIRLS PHOTO ALBUM,1,13.57,1,1,1,13.57,2010-05-05 14:28:00,2010-05-05 14:28:00,1.0
