StockCode,lifetime_weeks,active_weeks,zero_weeks,mean_weekly_quantity,median_weekly_quantity,std_weekly_quantity,max_weekly_quantity,zero_rate_pct,active_rate_pct,positive_mean,positive_std,adi,cv_squared,demand_type
35598A,102,2,100,0.09803921568627451,0.0,0.8956418564809077,9.0,98.03921568627452,1.9607843137254832,5.0,5.656854249492381,51.0,1.28,lumpy
79157B,91,2,89,0.04395604395604396,0.0,0.33038993501241704,3.0,97.8021978021978,2.197802197802204,2.0,1.4142135623730951,45.5,0.5000000000000001,lumpy
85115B,71,2,69,0.08450704225352113,0.0,0.4998993862551441,3.0,97.1830985915493,2.816901408450704,3.0,0.0,35.5,0.0,intermittent
44242A,68,2,66,0.20588235294117646,0.0,1.4717115990331493,12.0,97.05882352941177,2.941176470588232,7.0,7.0710678118654755,34.0,1.0204081632653064,lumpy
35598C,102,3,99,0.029411764705882353,0.0,0.16979208910778987,1.0,97.05882352941177,2.941176470588232,1.0,0.0,34.0,0.0,intermittent
84206B,65,2,63,0.13846153846153847,0.0,0.7881331398652426,5.0,96.92307692307692,3.07692307692308,4.5,0.7071067811865476,32.5,0.024691358024691364,intermittent
85179a,58,2,56,0.034482758620689655,0.0,0.1840592240099194,1.0,96.55172413793103,3.448275862068968,1.0,0.0,29.0,0.0,intermittent
84206C,80,3,77,0.1125,0.0,0.6559127373266521,5.0,96.25,3.75,3.0,2.0,26.666666666666668,0.4444444444444444,intermittent
84201C,53,2,51,0.18867924528301888,0.0,0.9619012378054866,5.0,96.22641509433963,3.773584905660371,5.0,0.0,26.5,0.0,intermittent
79151B,53,2,51,0.20754716981132076,0.0,1.3778256360327832,10.0,96.22641509433963,3.773584905660371,5.5,6.363961030678928,26.5,1.3388429752066118,lumpy
S,79,3,76,0.0379746835443038,0.0,0.192356371638255,1.0,96.20253164556962,3.7974683544303787,1.0,0.0,26.333333333333332,0.0,intermittent
90182B,103,4,99,0.04854368932038835,0.0,0.25738659321465757,2.0,96.11650485436893,3.8834951456310733,1.25,0.5,25.75,0.16000000000000003,intermittent
47016,100,4,96,0.31,0.0,2.435822719992636,24.0,96.0,4.0,7.75,10.90489186863706,25.0,1.9798820672910167,lumpy
47567b,48,2,46,0.0625,0.0,0.31999002644031976,2.0,95.83333333333333,4.166666666666671,1.5,0.7071067811865476,24.0,0.22222222222222227,intermittent
82613a,71,3,68,0.04225352112676056,0.0,0.20259880963617724,1.0,95.77464788732394,4.225352112676063,1.0,0.0,23.666666666666668,0.0,intermittent
90141E,92,4,88,0.08695652173913043,0.0,0.4360707149288267,3.0,95.65217391304348,4.347826086956516,2.0,0.816496580927726,23.0,0.16666666666666666,intermittent
84679,69,3,66,0.14492753623188406,0.0,0.7128105580942283,4.0,95.65217391304348,4.347826086956516,3.3333333333333335,1.1547005383792517,23.0,0.12000000000000004,intermittent
90020,90,4,86,0.06666666666666667,0.0,0.36102226891382394,3.0,95.55555555555556,4.444444444444443,1.5,1.0,22.5,0.4444444444444444,intermittent
90011D,90,4,86,0.044444444444444446,0.0,0.2072349321509781,1.0,95.55555555555556,4.444444444444443,1.0,0.0,22.5,0.0,intermittent
85049b,66,3,63,0.06060606060606061,0.0,0.29762071261605527,2.0,95.45454545454545,4.545454545454547,1.3333333333333333,0.5773502691896257,22.0,0.18749999999999997,intermittent
84731,66,3,63,0.045454545454545456,0.0,0.20989507868443236,1.0,95.45454545454545,4.545454545454547,1.0,0.0,22.0,0.0,intermittent
35650,62,3,59,0.04838709677419355,0.0,0.2163345432076804,1.0,95.16129032258064,4.838709677419359,1.0,0.0,20.666666666666668,0.0,intermittent
84550,103,5,98,0.14563106796116504,0.0,0.7971489268476365,7.0,95.14563106796116,4.854368932038838,3.0,2.345207879911715,20.6,0.6111111111111112,lumpy
90025B,60,3,57,0.05,0.0,0.21978417765108277,1.0,95.0,5.0,1.0,0.0,20.0,0.0,intermittent
90069,100,5,95,0.11,0.0,0.649708559371979,6.0,95.0,5.0,2.2,2.16794833886788,20.0,0.9710743801652891,lumpy
90052,100,5,95,0.07,0.0,0.3554766326548574,3.0,95.0,5.0,1.4,0.8944271909999159,20.0,0.4081632653061225,intermittent
84661c,39,2,37,0.05128205128205128,0.0,0.22345586503095896,1.0,94.87179487179488,5.128205128205124,1.0,0.0,19.5,0.0,intermittent
DCGS0070,39,2,37,0.05128205128205128,0.0,0.22345586503095896,1.0,94.87179487179488,5.128205128205124,1.0,0.0,19.5,0.0,intermittent
72802a,57,3,54,0.15789473684210525,0.0,0.9409241977251205,7.0,94.73684210526316,5.263157894736835,3.0,3.4641016151377544,19.0,1.3333333333333333,lumpy
90012B,94,5,89,0.1702127659574468,0.0,0.8996809216024829,6.0,94.68085106382979,5.319148936170208,3.2,2.5884358211089573,18.8,0.6542968750000002,lumpy
84964B,37,2,35,0.4594594594594595,0.0,2.6309545647771877,16.0,94.5945945945946,5.4054054054054035,8.5,10.606601717798213,18.5,1.5570934256055367,lumpy
84964A,37,2,35,0.2972972972972973,0.0,1.6476391336438676,10.0,94.5945945945946,5.4054054054054035,5.5,6.363961030678928,18.5,1.3388429752066118,lumpy
90039A,74,4,70,0.12162162162162163,0.0,0.7205915131620481,6.0,94.5945945945946,5.4054054054054035,2.25,2.5,18.5,1.234567901234568,lumpy
90077,91,5,86,0.054945054945054944,0.0,0.22913544575873127,1.0,94.50549450549451,5.494505494505489,1.0,0.0,18.2,0.0,intermittent
DCGS0004,54,3,51,0.05555555555555555,0.0,0.23121228232266414,1.0,94.44444444444444,5.555555555555557,1.0,0.0,18.0,0.0,intermittent
84402B,36,2,34,1.7222222222222223,0.0,10.163270314818133,61.0,94.44444444444444,5.555555555555557,31.0,42.42640687119285,18.0,1.8730489073881376,lumpy
90034,72,4,68,0.05555555555555555,0.0,0.23066889195376988,1.0,94.44444444444444,5.555555555555557,1.0,0.0,18.0,0.0,intermittent
15060b,90,5,85,0.05555555555555555,0.0,0.23034469096157234,1.0,94.44444444444444,5.555555555555557,1.0,0.0,18.0,0.0,intermittent
90102,72,4,68,0.2638888888888889,0.0,1.383942679301825,10.0,94.44444444444444,5.555555555555557,4.75,4.112987559751022,18.0,0.749769159741459,lumpy
90181C,71,4,67,0.056338028169014086,0.0,0.2322144294558047,1.0,94.36619718309859,5.633802816901408,1.0,0.0,17.75,0.0,intermittent
84732D,88,5,83,0.17045454545454544,0.0,1.0082600342970611,9.0,94.31818181818181,5.681818181818187,3.0,3.391164991562634,17.6,1.2777777777777777,lumpy
90127A,35,2,33,0.4,0.0,2.046517846029604,12.0,94.28571428571429,5.714285714285708,7.0,7.0710678118654755,17.5,1.0204081632653064,lumpy
84596j,35,2,33,0.05714285714285714,0.0,0.23550410797680277,1.0,94.28571428571429,5.714285714285708,1.0,0.0,17.5,0.0,intermittent
84968d,70,4,66,0.05714285714285714,0.0,0.23379132809659064,1.0,94.28571428571429,5.714285714285708,1.0,0.0,17.5,0.0,intermittent
84968a,70,4,66,0.08571428571428572,0.0,0.40799464129960406,3.0,94.28571428571429,5.714285714285708,1.5,1.0,17.5,0.4444444444444444,intermittent
72807a,87,5,82,0.10344827586206896,0.0,0.5065726780112187,4.0,94.25287356321839,5.747126436781613,1.8,1.3038404810405297,17.4,0.5246913580246914,lumpy
90179B,104,6,98,0.07692307692307693,0.0,0.33246089462157286,2.0,94.23076923076923,5.769230769230774,1.3333333333333333,0.5163977794943222,17.333333333333332,0.14999999999999997,intermittent
90041,104,6,98,0.0673076923076923,0.0,0.28775741795953647,2.0,94.23076923076923,5.769230769230774,1.1666666666666667,0.408248290463863,17.333333333333332,0.1224489795918367,intermittent
84617,102,6,96,0.10784313725490197,0.0,0.4855712721104607,3.0,94.11764705882354,5.882352941176464,1.8333333333333333,0.983192080250175,17.0,0.2876033057851239,intermittent
90025D,85,5,80,0.058823529411764705,0.0,0.23669053416557542,1.0,94.11764705882354,5.882352941176464,1.0,0.0,17.0,0.0,intermittent
78026,34,2,32,0.35294117647058826,0.0,1.889081112864239,11.0,94.11764705882354,5.882352941176464,6.0,7.0710678118654755,17.0,1.388888888888889,lumpy
90026C,101,6,95,0.07920792079207921,0.0,0.33713998032958603,2.0,94.05940594059406,5.940594059405939,1.3333333333333333,0.5163977794943223,16.833333333333332,0.15000000000000005,intermittent
90126C,83,5,78,0.25301204819277107,0.0,1.4385237478136406,12.0,93.97590361445783,6.024096385542165,4.2,4.658325879540846,16.6,1.2301587301587296,lumpy
20964,66,4,62,0.25757575757575757,0.0,1.1676486044196959,7.0,93.93939393939394,6.060606060606062,4.25,2.6299556396765835,16.5,0.38292964244521344,intermittent
90035C,49,3,46,0.08163265306122448,0.0,0.3437983113855631,2.0,93.87755102040816,6.122448979591837,1.3333333333333333,0.5773502691896258,16.333333333333332,0.18750000000000008,intermittent
90011C,98,6,92,0.11224489795918367,0.0,0.640274636003788,6.0,93.87755102040816,6.122448979591837,1.8333333333333333,2.0412414523193148,16.333333333333332,1.2396694214876032,lumpy
71496B,81,5,76,0.18518518518518517,0.0,1.0013879257199867,8.0,93.82716049382717,6.172839506172835,3.0,3.082207001484488,16.2,1.0555555555555554,lumpy
85184c,97,6,91,0.061855670103092786,0.0,0.24214462748233068,1.0,93.81443298969072,6.185567010309285,1.0,0.0,16.166666666666668,0.0,intermittent
90043,97,6,91,0.10309278350515463,0.0,0.4445160308900154,3.0,93.81443298969072,6.185567010309285,1.6666666666666667,0.816496580927726,16.166666666666668,0.24,intermittent
16010,64,4,60,0.5,0.0,2.2253945610567474,12.0,93.75,6.25,8.0,4.898979485566356,16.0,0.37499999999999994,intermittent
90049,80,5,75,0.25,0.0,1.6030035100287698,14.0,93.75,6.25,4.0,5.656854249492381,16.0,2.0000000000000004,lumpy
84206A,96,6,90,0.8125,0.0,3.6915622138801036,24.0,93.75,6.25,13.0,8.294576541331088,16.0,0.40710059171597623,intermittent
84661a,32,2,30,0.0625,0.0,0.24593468841898236,1.0,93.75,6.25,1.0,0.0,16.0,0.0,intermittent
17174,95,6,89,0.37894736842105264,0.0,2.5314151595434535,24.0,93.6842105263158,6.315789473684205,6.0,8.94427190999916,15.833333333333334,2.2222222222222223,lumpy
35638A,95,6,89,0.4105263157894737,0.0,3.3911484806650867,33.0,93.6842105263158,6.315789473684205,6.5,12.988456413292536,15.833333333333334,3.9928994082840235,lumpy
90176A,95,6,89,0.08421052631578947,0.0,0.34712061472147354,2.0,93.6842105263158,6.315789473684205,1.3333333333333333,0.5163977794943223,15.833333333333334,0.15000000000000005,intermittent
90141D,79,5,74,0.08860759493670886,0.0,0.39839013920841526,3.0,93.67088607594937,6.329113924050631,1.4,0.8944271909999159,15.8,0.4081632653061225,intermittent
21310,63,4,59,0.09523809523809523,0.0,0.38996632254451674,2.0,93.65079365079364,6.349206349206355,1.5,0.5773502691896257,15.75,0.1481481481481481,intermittent
90050,94,6,88,0.10638297872340426,0.0,0.47446823899465357,3.0,93.61702127659575,6.38297872340425,1.6666666666666667,1.0327955589886446,15.666666666666666,0.384,intermittent
90128C,94,6,88,0.18085106382978725,0.0,1.2526339213913869,12.0,93.61702127659575,6.38297872340425,2.8333333333333335,4.490731195102493,15.666666666666666,2.5121107266435976,lumpy
44265,62,4,58,0.12903225806451613,0.0,0.5274084791320588,3.0,93.54838709677419,6.451612903225808,2.0,0.816496580927726,15.5,0.16666666666666666,intermittent
90074,92,6,86,0.07608695652173914,0.0,0.3050381223580658,2.0,93.47826086956522,6.521739130434781,1.1666666666666667,0.408248290463863,15.333333333333334,0.1224489795918367,intermittent
22351,45,3,42,0.3333333333333333,0.0,1.809068067466582,12.0,93.33333333333333,6.666666666666671,5.0,6.082762530298219,15.0,1.4799999999999998,lumpy
90127B,30,2,28,0.06666666666666667,0.0,0.2537081317024624,1.0,93.33333333333333,6.666666666666671,1.0,0.0,15.0,0.0,intermittent
90152A,104,7,97,0.0673076923076923,0.0,0.2517674638681179,1.0,93.26923076923077,6.730769230769226,1.0,0.0,14.857142857142858,0.0,intermittent
90176C,89,6,83,0.11235955056179775,0.0,0.4631464093859181,3.0,93.25842696629213,6.741573033707866,1.6666666666666667,0.816496580927726,14.833333333333334,0.24,intermittent
90067B,74,5,69,0.13513513513513514,0.0,0.7276218407470829,6.0,93.24324324324324,6.756756756756758,2.0,2.23606797749979,14.8,1.2500000000000002,lumpy
35909B,74,5,69,0.20270270270270271,0.0,0.8755386558004247,6.0,93.24324324324324,6.756756756756758,3.0,1.8708286933869707,14.8,0.38888888888888884,intermittent
81953P,74,5,69,0.44594594594594594,0.0,2.838781775628566,24.0,93.24324324324324,6.756756756756758,6.6,9.813256340277675,14.8,2.210743801652893,lumpy
90135A,59,4,55,0.1864406779661017,0.0,0.8803325443612781,6.0,93.22033898305085,6.779661016949149,2.75,2.362907813126304,14.75,0.7382920110192837,lumpy
84732B,88,6,82,0.3181818181818182,0.0,2.1631472098818527,20.0,93.18181818181819,6.818181818181813,4.666666666666667,7.554248252914824,14.666666666666666,2.6204081632653056,lumpy
21493,43,3,40,0.23255813953488372,0.0,1.1092084114857503,7.0,93.02325581395348,6.976744186046517,3.3333333333333335,3.214550253664318,14.333333333333334,0.9299999999999997,lumpy
85160a,43,3,40,0.18604651162790697,0.0,0.9323757150288917,6.0,93.02325581395348,6.976744186046517,2.6666666666666665,2.8867513459481287,14.333333333333334,1.1718750000000002,lumpy
16151A,57,4,53,0.9122807017543859,0.0,5.71739420463799,43.0,92.98245614035088,7.017543859649123,13.0,20.016659728003237,14.25,2.370808678500986,lumpy
90024F,85,6,79,0.09411764705882353,0.0,0.3659146859897388,2.0,92.94117647058823,7.058823529411768,1.3333333333333333,0.5163977794943222,14.166666666666666,0.14999999999999997,intermittent
90012A,85,6,79,0.1411764705882353,0.0,0.7096770086332466,6.0,92.94117647058823,7.058823529411768,2.0,2.0,14.166666666666666,1.0,lumpy
90176D,99,7,92,0.1111111111111111,0.0,0.42591770999996,2.0,92.92929292929293,7.070707070707073,1.5714285714285714,0.5345224838248488,14.142857142857142,0.115702479338843,intermittent
21119,42,3,39,0.07142857142857142,0.0,0.26066118021500656,1.0,92.85714285714286,7.142857142857139,1.0,0.0,14.0,0.0,intermittent
90076,98,7,91,0.12244897959183673,0.0,0.6464065000829304,6.0,92.85714285714286,7.142857142857139,1.7142857142857142,1.8898223650461359,14.0,1.2152777777777777,lumpy
72783,83,6,77,0.4457831325301205,0.0,1.9954399970089898,12.0,92.7710843373494,7.228915662650607,6.166666666666667,4.792355023020171,13.833333333333334,0.6039444850255661,lumpy
90176B,55,4,51,0.09090909090909091,0.0,0.3481553119113957,2.0,92.72727272727273,7.272727272727266,1.25,0.5,13.75,0.16000000000000003,intermittent
35910B,96,7,89,0.3020833333333333,0.0,1.2407111005740696,6.0,92.70833333333333,7.291666666666671,4.142857142857143,2.410295378065479,13.714285714285714,0.3384859294490685,intermittent
44228,41,3,38,1.170731707317073,0.0,4.493898302278269,24.0,92.6829268292683,7.317073170731703,16.0,6.928203230275509,13.666666666666666,0.18749999999999997,intermittent
84415A,81,6,75,0.3333333333333333,0.0,1.3228756555322956,6.0,92.5925925925926,7.407407407407405,4.5,2.345207879911715,13.5,0.2716049382716049,intermittent
90060B,54,4,50,0.1111111111111111,0.0,0.4196434545311265,2.0,92.5925925925926,7.407407407407405,1.5,0.5773502691896257,13.5,0.1481481481481481,intermittent
85124b,27,2,25,0.07407407407407407,0.0,0.26688025634181184,1.0,92.5925925925926,7.407407407407405,1.0,0.0,13.5,0.0,intermittent
90025A,27,2,25,0.07407407407407407,0.0,0.26688025634181184,1.0,92.5925925925926,7.407407407407405,1.0,0.0,13.5,0.0,intermittent
gift_0001_50,81,6,75,0.07407407407407407,0.0,0.26352313834736496,1.0,92.5925925925926,7.407407407407405,1.0,0.0,13.5,0.0,intermittent
84805A,92,7,85,1.4673913043478262,0.0,10.15425108503554,96.0,92.3913043478261,7.608695652173907,19.285714285714285,34.10138944243712,13.142857142857142,3.1266026520347503,lumpy
90212C,92,7,85,0.16304347826086957,0.0,0.6162127132565325,3.0,92.3913043478261,7.608695652173907,2.142857142857143,0.8997354108424375,13.142857142857142,0.17629629629629634,intermittent
90140,91,7,84,0.0989010989010989,0.0,0.366816486208478,2.0,92.3076923076923,7.692307692307693,1.2857142857142858,0.48795003647426655,13.0,0.14403292181069957,intermittent
17007B,78,6,72,0.4358974358974359,0.0,1.9973342207412332,12.0,92.3076923076923,7.692307692307693,5.666666666666667,5.08592829940284,13.0,0.8055363321799308,lumpy
90084,65,5,60,0.4,0.0,2.310303010429585,18.0,92.3076923076923,7.692307692307693,5.2,7.362064927722384,13.0,2.0044378698224854,lumpy
90131,52,4,48,0.15384615384615385,0.0,0.6381534447172755,4.0,92.3076923076923,7.692307692307693,2.0,1.4142135623730951,13.0,0.5000000000000001,lumpy
90030A,104,8,96,0.7596153846153846,0.0,3.880484386508438,30.0,92.3076923076923,7.692307692307693,9.875,10.894789055848147,13.0,1.2172042026232057,lumpy
90132,90,7,83,0.07777777777777778,0.0,0.2693219858921545,1.0,92.22222222222223,7.7777777777777715,1.0,0.0,12.857142857142858,0.0,intermittent
90027A,77,6,71,0.11688311688311688,0.0,0.512322523160485,4.0,92.20779220779221,7.79220779220779,1.5,1.224744871391589,12.833333333333334,0.6666666666666665,lumpy
84963B,64,5,59,0.28125,0.0,1.2275766552213532,8.0,92.1875,7.8125,3.6,2.9664793948382653,12.8,0.6790123456790124,lumpy
81953B,64,5,59,0.21875,0.0,1.265773494620005,10.0,92.1875,7.8125,2.8,4.024922359499621,12.8,2.066326530612245,lumpy
85018C,51,4,47,0.7058823529411765,0.0,4.215657090642259,30.0,92.15686274509804,7.843137254901961,9.0,14.023789311975086,12.75,2.4279835390946505,lumpy
84805B,89,7,82,3.4157303370786516,0.0,17.438078103003658,96.0,92.13483146067416,7.865168539325836,43.42857142857143,49.32158804843015,12.714285714285714,1.2898019102031395,lumpy
72801g,38,3,35,0.2631578947368421,0.0,1.3086863751294662,8.0,92.10526315789474,7.89473684210526,3.3333333333333335,4.041451884327381,12.666666666666666,1.4700000000000002,lumpy
84967A,38,3,35,0.07894736842105263,0.0,0.2732763127330939,1.0,92.10526315789474,7.89473684210526,1.0,0.0,12.666666666666666,0.0,intermittent
90163B,100,8,92,0.12,0.0,0.43298354180586063,2.0,92.0,8.0,1.5,0.5345224838248488,12.5,0.12698412698412698,intermittent
62097B,50,4,46,0.22,0.0,0.8400680244565232,5.0,92.0,8.0,2.75,1.5,12.5,0.29752066115702475,intermittent
90068,25,2,23,0.08,0.0,0.27688746209726917,1.0,92.0,8.0,1.0,0.0,12.5,0.0,intermittent
35909A,62,5,57,0.3225806451612903,0.0,1.3028870029937625,6.0,91.93548387096774,8.064516129032256,4.0,2.7386127875258306,12.4,0.46875,intermittent
90130D,99,8,91,0.13131313131313133,0.0,0.6491197280597943,6.0,91.91919191919192,8.080808080808083,1.625,1.7677669529663689,12.375,1.1834319526627222,lumpy
84965A,37,3,34,0.5405405405405406,0.0,2.534151124523145,15.0,91.89189189189189,8.108108108108112,6.666666666666667,7.371114795831994,12.333333333333334,1.2224999999999997,lumpy
37491C,85,7,78,0.6823529411764706,0.0,4.533504280843438,41.0,91.76470588235294,8.235294117647058,8.285714285714286,14.636874503735257,12.142857142857142,3.120590566785572,lumpy
90179A,97,8,89,0.1134020618556701,0.0,0.43002637176383857,3.0,91.75257731958763,8.24742268041237,1.375,0.7440238091428449,12.125,0.29279811097992914,intermittent
47518f,97,8,89,0.08247422680412371,0.0,0.27651488404723595,1.0,91.75257731958763,8.24742268041237,1.0,0.0,12.125,0.0,intermittent
90149,97,8,89,0.6391752577319587,0.0,5.186492004497334,51.0,91.75257731958763,8.24742268041237,7.75,17.490813915554973,12.125,5.093503790694218,lumpy
17011D,36,3,33,5.805555555555555,0.0,32.187681267789785,193.0,91.66666666666667,8.333333333333329,69.66666666666667,107.0389337266274,12.0,2.360660241294842,lumpy
84551,96,8,88,0.40625,0.0,1.8329046548263799,12.0,91.66666666666667,8.333333333333329,4.875,4.54933276112317,12.0,0.8708556400864093,lumpy
90189A,96,8,88,0.11458333333333333,0.0,0.40703786625006216,2.0,91.66666666666667,8.333333333333329,1.375,0.5175491695067657,12.0,0.14167650531286896,intermittent
37488A,60,5,55,0.5166666666666667,0.0,2.890614072738546,22.0,91.66666666666667,8.333333333333329,6.2,8.899438184514796,12.0,2.0603537981269517,lumpy
90162A,95,8,87,0.3157894736842105,0.0,1.2226858984510276,7.0,91.57894736842105,8.421052631578945,3.75,2.3145502494313788,11.875,0.380952380952381,intermittent
90048,83,7,76,0.37349397590361444,0.0,2.2399414374612463,20.0,91.56626506024097,8.433734939759034,4.428571428571429,6.900655593423542,11.857142857142858,2.4280263614290667,lumpy
90152C,47,4,43,0.14893617021276595,0.0,0.5508382309778008,3.0,91.48936170212765,8.510638297872347,1.75,0.9574271077563381,11.75,0.2993197278911565,intermittent
84415B,70,6,64,0.2571428571428571,0.0,0.9583457106051014,6.0,91.42857142857143,8.57142857142857,3.0,1.6733200530681511,11.666666666666666,0.31111111111111117,intermittent
44091A,70,6,64,0.2571428571428571,0.0,1.058926367487293,6.0,91.42857142857143,8.57142857142857,3.0,2.3664319132398464,11.666666666666666,0.6222222222222221,lumpy
62097A,35,3,32,0.08571428571428572,0.0,0.2840286409986905,1.0,91.42857142857143,8.57142857142857,1.0,0.0,11.666666666666666,0.0,intermittent
90011E,93,8,85,0.08602150537634409,0.0,0.2819155739522732,1.0,91.39784946236558,8.602150537634415,1.0,0.0,11.625,0.0,intermittent
90025F,93,8,85,0.08602150537634409,0.0,0.2819155739522732,1.0,91.39784946236558,8.602150537634415,1.0,0.0,11.625,0.0,intermittent
21594,58,5,53,0.08620689655172414,0.0,0.2831206276062635,1.0,91.37931034482759,8.620689655172413,1.0,0.0,11.6,0.0,intermittent
84201B,81,7,74,0.4444444444444444,0.0,1.9104973174542799,12.0,91.35802469135803,8.641975308641975,5.142857142857143,4.525062483125562,11.571428571428571,0.7741769547325101,lumpy
90091,23,2,21,0.13043478260869565,0.0,0.45769658728016005,2.0,91.30434782608695,8.695652173913047,1.5,0.7071067811865476,11.5,0.22222222222222227,intermittent
35955,23,2,21,0.08695652173913043,0.0,0.2881040655200304,1.0,91.30434782608695,8.695652173913047,1.0,0.0,11.5,0.0,intermittent
84611B,46,4,42,0.15217391304347827,0.0,0.5149926128638622,2.0,91.30434782608695,8.695652173913047,1.75,0.5,11.5,0.08163265306122448,intermittent
79329,69,6,63,1.391304347826087,0.0,8.726594564056592,72.0,91.30434782608695,8.695652173913047,16.0,27.48090245970827,11.5,2.9499999999999997,lumpy
21596,46,4,42,0.17391304347826086,0.0,0.6767355572841977,4.0,91.30434782608695,8.695652173913047,2.0,1.4142135623730951,11.5,0.5000000000000001,lumpy
90027B,103,9,94,0.1262135922330097,0.0,0.49861792615591777,4.0,91.2621359223301,8.737864077669897,1.4444444444444444,1.0137937550497031,11.444444444444445,0.4926035502958579,lumpy
90151,103,9,94,0.1553398058252427,0.0,0.5900694800132432,4.0,91.2621359223301,8.737864077669897,1.7777777777777777,1.092906420717,11.444444444444445,0.37792968749999994,intermittent
90196A,103,9,94,0.1553398058252427,0.0,0.6224127870775221,4.0,91.2621359223301,8.737864077669897,1.7777777777777777,1.3017082793177759,11.444444444444445,0.5361328125000001,lumpy
37491B,80,7,73,0.175,0.0,0.6516774848832799,4.0,91.25,8.75,2.0,1.1547005383792515,11.428571428571429,0.3333333333333333,intermittent
90075,91,8,83,0.10989010989010989,0.0,0.37861001485109097,2.0,91.20879120879121,8.791208791208788,1.25,0.4629100498862757,11.375,0.13714285714285715,intermittent
90031,102,9,93,0.5098039215686274,0.0,2.6278971679898406,24.0,91.17647058823529,8.82352941176471,5.777777777777778,7.276293317647691,11.333333333333334,1.5859837278106508,lumpy
90046,68,6,62,0.19117647058823528,0.0,0.6966305460192359,4.0,91.17647058823529,8.82352941176471,2.1666666666666665,1.1690451944500122,11.333333333333334,0.29112426035502964,intermittent
35597D,45,4,41,1.2666666666666666,0.0,4.9744803291856075,24.0,91.11111111111111,8.888888888888886,14.25,10.781929326423912,11.25,0.572483841181902,lumpy
m,45,4,41,0.1111111111111111,0.0,0.38270699819136633,2.0,91.11111111111111,8.888888888888886,1.25,0.5,11.25,0.16000000000000003,intermittent
90038B,101,9,92,0.19801980198019803,0.0,0.8002474864715041,6.0,91.08910891089108,8.910891089108915,2.2222222222222223,1.7159383568311668,11.222222222222221,0.59625,lumpy
84743C,56,5,51,0.16071428571428573,0.0,0.5649387968230225,3.0,91.07142857142857,8.92857142857143,1.8,0.8366600265340756,11.2,0.21604938271604937,intermittent
90025E,67,6,61,0.08955223880597014,0.0,0.287694244451234,1.0,91.04477611940298,8.955223880597018,1.0,0.0,11.166666666666666,0.0,intermittent
71050,78,7,71,0.6538461538461539,0.0,2.3400905914139254,12.0,91.02564102564102,8.974358974358978,7.285714285714286,3.728908942943218,11.142857142857142,0.2619505318467257,intermittent
35823P,22,2,20,0.09090909090909091,0.0,0.29424494316824984,1.0,90.9090909090909,9.090909090909093,1.0,0.0,11.0,0.0,intermittent
35980B,22,2,20,0.18181818181818182,0.0,0.5884898863364997,2.0,90.9090909090909,9.090909090909093,2.0,0.0,11.0,0.0,intermittent
90042B,44,4,40,0.25,0.0,0.8387421368293256,4.0,90.9090909090909,9.090909090909093,2.75,0.9574271077563381,11.0,0.12121212121212119,intermittent
45013,76,7,69,0.631578947368421,0.0,3.3777393041822426,28.0,90.78947368421052,9.21052631578948,6.857142857142857,9.633769968684316,10.857142857142858,1.9738136574074072,lumpy
90154,76,7,69,0.7763157894736842,0.0,5.963441253080922,52.0,90.78947368421052,9.21052631578948,8.428571428571429,19.21680811908456,10.857142857142858,5.198218902614191,lumpy
20816,65,6,59,0.36923076923076925,0.0,1.3757864883543744,8.0,90.76923076923077,9.230769230769226,4.0,2.6076809620810595,10.833333333333334,0.425,intermittent
90055,97,9,88,0.09278350515463918,0.0,0.291635982676611,1.0,90.72164948453609,9.278350515463913,1.0,0.0,10.777777777777779,0.0,intermittent
44092C,97,9,88,0.23711340206185566,0.0,0.9216515506177015,6.0,90.72164948453609,9.278350515463913,2.5555555555555554,1.8782379449307742,10.777777777777779,0.5401701323251419,lumpy
21919,43,4,39,0.13953488372093023,0.0,0.4670778128727186,2.0,90.69767441860465,9.302325581395351,1.5,0.5773502691896257,10.75,0.1481481481481481,intermittent
84612B,43,4,39,0.46511627906976744,0.0,1.563708004792612,6.0,90.69767441860465,9.302325581395351,5.0,2.0,10.75,0.16000000000000003,intermittent
85132c,43,4,39,0.09302325581395349,0.0,0.293902598732179,1.0,90.69767441860465,9.302325581395351,1.0,0.0,10.75,0.0,intermittent
90001B,96,9,87,0.13541666666666666,0.0,0.4500243658120762,2.0,90.625,9.375,1.4444444444444444,0.5270462766947299,10.666666666666666,0.13313609467455625,intermittent
84660b,64,6,58,0.109375,0.0,0.36153058664429083,2.0,90.625,9.375,1.1666666666666667,0.408248290463863,10.666666666666666,0.1224489795918367,intermittent
21595,53,5,48,0.1509433962264151,0.0,0.49599264941414123,2.0,90.56603773584905,9.43396226415095,1.6,0.5477225575051661,10.6,0.11718749999999996,intermittent
84705C,74,7,67,0.5675675675675675,0.0,3.1058102028166545,24.0,90.54054054054055,9.459459459459453,6.0,8.906926143924924,10.571428571428571,2.2037037037037033,lumpy
84966A,42,4,38,0.30952380952380953,0.0,1.3157228420074858,8.0,90.47619047619048,9.523809523809518,3.25,3.304037933599835,10.5,1.0335305719921104,lumpy
90141B,84,8,76,0.14285714285714285,0.0,0.5181723475404624,3.0,90.47619047619048,9.523809523809518,1.5,0.9258200997725514,10.5,0.380952380952381,intermittent
84924F,84,8,76,11.607142857142858,0.0,73.59446316541654,480.0,90.47619047619048,9.523809523809518,121.875,221.04585012422842,10.5,3.2895422936038323,lumpy
84966B,42,4,38,0.7857142857142857,0.0,3.189431590047954,17.0,90.47619047619048,9.523809523809518,8.25,7.544313531837517,10.5,0.8362411998775635,lumpy
44242B,84,8,76,1.2857142857142858,0.0,5.458653853587662,40.0,90.47619047619048,9.523809523809518,13.5,12.839670667783611,10.5,0.9045659416029787,lumpy
90027D,104,10,94,0.19230769230769232,0.0,0.6837492738239779,4.0,90.38461538461539,9.615384615384613,2.0,1.1547005383792515,10.4,0.3333333333333333,intermittent
17191A,104,10,94,0.3173076923076923,0.0,1.1927322234405582,9.0,90.38461538461539,9.615384615384613,3.3,2.3118054512532935,10.4,0.4907662483420059,lumpy
90209A,93,9,84,1.8279569892473118,0.0,7.58520249351955,40.0,90.3225806451613,9.677419354838705,18.88888888888889,17.29482902809713,10.333333333333334,0.8383391003460208,lumpy
35443,93,9,84,0.16129032258064516,0.0,0.5950944861157174,4.0,90.3225806451613,9.677419354838705,1.6666666666666667,1.118033988749895,10.333333333333334,0.45,intermittent
90081B,31,3,28,0.22580645161290322,0.0,0.762000762001143,3.0,90.3225806451613,9.677419354838705,2.3333333333333335,1.1547005383792517,10.333333333333334,0.24489795918367352,intermittent
90039C,103,10,93,0.21359223300970873,0.0,1.2179256347182241,12.0,90.29126213592232,9.708737864077676,2.2,3.457680661303984,10.3,2.4701561065197426,lumpy
84509b,41,4,37,0.12195121951219512,0.0,0.3996950056742961,2.0,90.2439024390244,9.756097560975604,1.25,0.5,10.25,0.16000000000000003,intermittent
90024A,41,4,37,0.12195121951219512,0.0,0.39969500567429617,2.0,90.2439024390244,9.756097560975604,1.25,0.5,10.25,0.16000000000000003,intermittent
90206A,102,10,92,0.14705882352941177,0.0,0.49546575394997383,3.0,90.19607843137256,9.803921568627445,1.5,0.7071067811865476,10.2,0.22222222222222227,intermittent
gift_0001_40,51,5,46,0.09803921568627451,0.0,0.30032661958503204,1.0,90.19607843137256,9.803921568627445,1.0,0.0,10.2,0.0,intermittent
90182A,51,5,46,0.1568627450980392,0.0,0.6122923817787657,4.0,90.19607843137256,9.803921568627445,1.6,1.3416407864998738,10.2,0.7031249999999999,lumpy
44092B,61,6,55,0.2459016393442623,0.0,0.9426158232089753,6.0,90.1639344262295,9.836065573770497,2.5,1.9748417658131499,10.166666666666666,0.6239999999999999,lumpy
84798A,91,9,82,2.142857142857143,0.0,15.785768153323305,150.0,90.10989010989012,9.890109890109883,21.666666666666668,48.24417063231578,10.11111111111111,4.957988165680473,lumpy
90128A,80,8,72,0.3875,0.0,1.768169689433939,12.0,90.0,10.0,3.875,4.454131308603925,10.0,1.3212427530845843,lumpy
90038C,90,9,81,0.2111111111111111,0.0,0.841273038076377,6.0,90.0,10.0,2.111111111111111,1.8333333333333333,10.0,0.7541551246537395,lumpy
21853,20,2,18,0.1,0.0,0.3077935056255462,1.0,90.0,10.0,1.0,0.0,10.0,0.0,intermittent
82072,30,3,27,0.16666666666666666,0.0,0.5306686305052324,2.0,90.0,10.0,1.6666666666666667,0.5773502691896258,10.0,0.12000000000000004,intermittent
90001A,99,10,89,0.1111111111111111,0.0,0.34667189948954846,2.0,89.8989898989899,10.101010101010104,1.1,0.31622776601683794,9.9,0.08264462809917354,intermittent
90063B,99,10,89,0.1919191919191919,0.0,0.6495959132770764,4.0,89.8989898989899,10.101010101010104,1.9,0.9944289260117531,9.9,0.2739304401354263,intermittent
90183C,99,10,89,0.1111111111111111,0.0,0.34667189948954846,2.0,89.8989898989899,10.101010101010104,1.1,0.31622776601683794,9.9,0.08264462809917354,intermittent
20835,89,9,80,0.898876404494382,0.0,3.2017216385032055,18.0,89.88764044943821,10.112359550561791,8.88888888888889,5.73246117397328,9.88888888888889,0.4158984375,intermittent
35816P,79,8,71,3.759493670886076,0.0,18.650094651491038,150.0,89.87341772151899,10.12658227848101,37.125,49.59964717616447,9.875,1.7849425795553737,lumpy
85132b,69,7,62,0.14492753623188406,0.0,0.49334877052412335,3.0,89.85507246376811,10.14492753623189,1.4285714285714286,0.7867957924694432,9.857142857142858,0.3033333333333334,intermittent
90026B,69,7,62,0.11594202898550725,0.0,0.3652650884292591,2.0,89.85507246376811,10.14492753623189,1.1428571428571428,0.3779644730092272,9.857142857142858,0.10937500000000001,intermittent
90001C,98,10,88,0.11224489795918367,0.0,0.34826974559291,2.0,89.79591836734694,10.204081632653057,1.1,0.31622776601683794,9.8,0.08264462809917354,intermittent
72024U,77,8,69,2.5194805194805197,0.0,8.33131440569789,48.0,89.6103896103896,10.389610389610397,24.25,12.302729081677075,9.625,0.2573827490396733,intermittent
90001D,96,10,86,0.14583333333333334,0.0,0.45835326910391466,2.0,89.58333333333333,10.416666666666671,1.4,0.5163977794943222,9.6,0.13605442176870744,intermittent
79149B,96,10,86,0.28125,0.0,1.2026560518067368,10.0,89.58333333333333,10.416666666666671,2.7,2.8303906287138374,9.6,1.0989178478890413,lumpy
90142D,48,5,43,0.22916666666666666,0.0,0.7784212974424947,4.0,89.58333333333333,10.416666666666671,2.2,1.3038404810405297,9.6,0.3512396694214875,intermittent
72708,38,4,34,1.1578947368421053,0.0,4.1363668337340185,21.0,89.47368421052632,10.526315789473685,11.0,8.16496580927726,9.5,0.5509641873278237,lumpy
90125C,76,8,68,1.0526315789473684,0.0,6.11859403641524,48.0,89.47368421052632,10.526315789473685,10.0,17.287485151320965,9.5,2.9885714285714284,lumpy
37471,95,10,85,14.789473684210526,0.0,98.68032362632707,684.0,89.47368421052632,10.526315789473685,140.5,286.4981093596722,9.5,4.158061152552103,lumpy
44089A,95,10,85,0.42105263157894735,0.0,1.5407855648255913,9.0,89.47368421052632,10.526315789473685,4.0,2.9814239699997196,9.5,0.5555555555555556,lumpy
90026D,76,8,68,0.13157894736842105,0.0,0.41124543403853603,2.0,89.47368421052632,10.526315789473685,1.25,0.4629100498862757,9.5,0.13714285714285715,intermittent
90180B,104,11,93,0.15384615384615385,0.0,0.47804681026087537,2.0,89.42307692307692,10.57692307692308,1.4545454545454546,0.5222329678670935,9.454545454545455,0.12890625,intermittent
90182C,104,11,93,0.16346153846153846,0.0,0.6698873535658909,6.0,89.42307692307692,10.57692307692308,1.5454545454545454,1.5075567228888183,9.454545454545455,0.9515570934256057,lumpy
90125B,104,11,93,0.4230769230769231,0.0,1.878298691531226,16.0,89.42307692307692,10.57692307692308,4.0,4.538722287164087,9.454545454545455,1.2875,lumpy
90083,104,11,93,0.3557692307692308,0.0,1.506737420709525,12.0,89.42307692307692,10.57692307692308,3.3636363636363638,3.5006492904239144,9.454545454545455,1.0831263696128561,lumpy
84660a,47,5,42,0.14893617021276595,0.0,0.5098475221447956,3.0,89.36170212765957,10.63829787234043,1.4,0.8944271909999159,9.4,0.4081632653061225,intermittent
90011B,103,11,92,0.17475728155339806,0.0,0.6920725404858211,6.0,89.32038834951456,10.679611650485441,1.6363636363636365,1.5015143870590968,9.363636363636363,0.8419753086419755,lumpy
90187A,65,7,58,0.12307692307692308,0.0,0.3753203759661666,2.0,89.23076923076923,10.769230769230774,1.1428571428571428,0.3779644730092272,9.285714285714286,0.10937500000000001,intermittent
90058A,102,11,91,5.647058823529412,0.0,18.085411800031086,108.0,89.2156862745098,10.784313725490193,52.36363636363637,24.75185943428383,9.272727272727273,0.22343749999999998,intermittent
35638B,102,11,91,1.1568627450980393,0.0,6.723308205675189,48.0,89.2156862745098,10.784313725490193,10.727272727272727,18.536941004874073,9.272727272727273,2.986052858374031,lumpy
84965B,37,4,33,0.7297297297297297,0.0,2.9216495402488016,15.0,89.1891891891892,10.810810810810807,6.75,6.946221994724902,9.25,1.0589849108367626,lumpy
90021,37,4,33,0.13513513513513514,0.0,0.4191368221424547,2.0,89.1891891891892,10.810810810810807,1.25,0.5,9.25,0.16000000000000003,intermittent
DCGS0069,46,5,41,0.10869565217391304,0.0,0.31469638768997776,1.0,89.1304347826087,10.869565217391298,1.0,0.0,9.2,0.0,intermittent
35591T,64,7,57,0.265625,0.0,0.8772646430628868,4.0,89.0625,10.9375,2.4285714285714284,1.3972762620115435,9.142857142857142,0.33102652825836204,intermittent
90210C,73,8,65,1.178082191780822,0.0,8.441534987050348,72.0,89.04109589041096,10.958904109589042,10.75,24.80639318516787,9.125,5.324886038785444,lumpy
90053,91,10,81,0.10989010989010989,0.0,0.31448545101657555,1.0,89.01098901098901,10.989010989010993,1.0,0.0,9.1,0.0,intermittent
90029,91,10,81,0.23076923076923078,0.0,0.8828857114526091,6.0,89.01098901098901,10.989010989010993,2.1,1.8529256146249728,9.1,0.7785336356764927,lumpy
82613c,91,10,81,0.14285714285714285,0.0,0.43643578047198484,2.0,89.01098901098901,10.989010989010993,1.3,0.4830458915396479,9.1,0.13806706114398418,intermittent
90036B,81,9,72,0.2222222222222222,0.0,0.8215838362577489,6.0,88.88888888888889,11.111111111111114,2.0,1.6583123951777,9.0,0.6875,lumpy
90065A,81,9,72,0.2839506172839506,0.0,0.9903858831439714,6.0,88.88888888888889,11.111111111111114,2.5555555555555554,1.8104634152000358,9.0,0.501890359168242,lumpy
79140,18,2,16,0.8333333333333334,0.0,2.8748401490088002,12.0,88.88888888888889,11.111111111111114,7.5,6.363961030678928,9.0,0.72,lumpy
85035b,45,5,40,0.13333333333333333,0.0,0.4045199174779453,2.0,88.88888888888889,11.111111111111114,1.2,0.4472135954999579,9.0,0.1388888888888889,intermittent
90024C,81,9,72,0.12345679012345678,0.0,0.36683497820487065,2.0,88.88888888888889,11.111111111111114,1.1111111111111112,0.3333333333333333,9.0,0.09,intermittent
84510e,54,6,48,0.25925925925925924,0.0,0.9553263827374171,6.0,88.88888888888889,11.111111111111114,2.3333333333333335,1.9663841605003498,9.0,0.7102040816326528,lumpy
90078,44,5,39,0.20454545454545456,0.0,0.631702956928976,3.0,88.63636363636364,11.36363636363636,1.8,0.8366600265340756,8.8,0.21604938271604937,intermittent
37489C,87,10,77,0.28735632183908044,0.0,0.9633764022896966,6.0,88.50574712643679,11.494252873563212,2.5,1.6499158227686108,8.7,0.43555555555555553,intermittent
90036C,104,12,92,0.28846153846153844,0.0,0.9919391318144446,6.0,88.46153846153847,11.538461538461533,2.5,1.7837651700316894,8.666666666666666,0.5090909090909091,lumpy
84536a,86,10,76,0.29069767441860467,0.0,1.3003735125839122,11.0,88.37209302325581,11.627906976744185,2.5,3.13581462037113,8.6,1.5733333333333337,lumpy
47344B,77,9,68,0.7012987012987013,0.0,2.6311141079545064,15.0,88.31168831168831,11.688311688311686,6.0,5.477225575051661,8.555555555555555,0.8333333333333334,lumpy
22206,77,9,68,0.18181818181818182,0.0,0.6225430174794672,4.0,88.31168831168831,11.688311688311686,1.5555555555555556,1.130388330520878,8.555555555555555,0.5280612244897959,lumpy
20825,34,4,30,9.176470588235293,0.0,49.32788908630927,288.0,88.23529411764706,11.764705882352942,78.0,140.02856851371436,8.5,3.2228796844181455,lumpy
79172D,34,4,30,0.7058823529411765,0.0,2.3935444968638087,12.0,88.23529411764706,11.764705882352942,6.0,4.546060565661952,8.5,0.5740740740740741,lumpy
90027C,102,12,90,0.13725490196078433,0.0,0.3989892101639066,2.0,88.23529411764706,11.764705882352942,1.1666666666666667,0.3892494720807615,8.5,0.11131725417439703,intermittent
90126A,34,4,30,0.5588235294117647,0.0,2.2045569398969422,12.0,88.23529411764706,11.764705882352942,4.75,5.188127472091127,8.5,1.1929824561403508,lumpy
90152B,34,4,30,0.14705882352941177,0.0,0.43570583217638176,2.0,88.23529411764706,11.764705882352942,1.25,0.5,8.5,0.16000000000000003,intermittent
90187B,102,12,90,0.16666666666666666,0.0,0.5465161186889173,4.0,88.23529411764706,11.764705882352942,1.4166666666666667,0.90033663737852,8.5,0.40390059767222386,intermittent
90162D,93,11,82,0.3118279569892473,0.0,1.052724153799332,7.0,88.17204301075269,11.827956989247312,2.6363636363636362,1.85864075456917,8.454545454545455,0.49702734839476814,lumpy
90214W,59,7,52,0.11864406779661017,0.0,0.3261449731971788,1.0,88.13559322033899,11.86440677966101,1.0,0.0,8.428571428571429,0.0,intermittent
90065B,101,12,89,0.21782178217821782,0.0,0.795034092300948,6.0,88.11881188118812,11.881188118811878,1.8333333333333333,1.5859229221975182,8.416666666666666,0.7483095416979716,lumpy
90196B,101,12,89,0.1485148514851485,0.0,0.455766137703568,3.0,88.11881188118812,11.881188118811878,1.25,0.621581560508061,8.416666666666666,0.24727272727272726,intermittent
21490,42,5,37,0.7857142857142857,0.0,2.727776851306325,14.0,88.0952380952381,11.904761904761898,6.6,5.319774431308154,8.4,0.6496786042240588,lumpy
85033G,42,5,37,4.071428571428571,0.0,12.692215507734398,54.0,88.0952380952381,11.904761904761898,34.2,19.05780679931455,8.4,0.31052289593379157,intermittent
85034a,25,3,22,0.12,0.0,0.33166247903553997,1.0,88.0,12.0,1.0,0.0,8.333333333333334,0.0,intermittent
35815P,50,6,44,3.36,0.0,13.964620017920215,83.0,88.0,12.0,28.0,32.91200388915874,8.333333333333334,1.3816326530612248,lumpy
20827,50,6,44,2.5,0.0,12.610734008966249,88.0,88.0,12.0,20.833333333333332,33.168760402925315,8.333333333333334,2.5347839999999997,lumpy
72369A,100,12,88,0.61,0.0,2.4032595710111226,18.0,88.0,12.0,5.083333333333333,5.212891944424172,8.333333333333334,1.051623463878234,lumpy
20848,100,12,88,0.39,0.0,1.462632192074593,12.0,88.0,12.0,3.25,3.0188799849673327,8.333333333333334,0.8628294782140936,lumpy
44236,83,10,73,0.7710843373493976,0.0,3.596493214788537,29.0,87.95180722891567,12.04819277108433,6.4,8.82169044017201,8.3,1.8999565972222219,lumpy
37491A,99,12,87,0.18181818181818182,0.0,0.5414198333941774,3.0,87.87878787878788,12.121212121212125,1.5,0.674199862463242,8.25,0.202020202020202,intermittent
84873A,66,8,58,0.48484848484848486,0.0,2.2411701905129444,17.0,87.87878787878788,12.121212121212125,4.0,5.529143565818179,8.25,1.9107142857142858,lumpy
35818B,82,10,72,4.975609756097561,0.0,20.801813554458942,144.0,87.8048780487805,12.195121951219505,40.8,47.64871456818116,8.2,1.3638985005767013,lumpy
gift_0001_10,90,11,79,0.15555555555555556,0.0,0.4719338915595031,3.0,87.77777777777777,12.222222222222229,1.2727272727272727,0.6466697906828632,8.181818181818182,0.25816326530612244,intermittent
84593,49,6,43,0.4897959183673469,0.0,1.7335230142159426,10.0,87.75510204081633,12.244897959183675,4.0,3.4641016151377544,8.166666666666666,0.7499999999999999,lumpy
84809B,57,7,50,5.192982456140351,0.0,28.801933588669275,216.0,87.71929824561404,12.280701754385959,42.285714285714285,76.89324696338052,8.142857142857142,3.3066563184806426,lumpy
81950V,65,8,57,0.47692307692307695,0.0,1.7950251765965246,12.0,87.6923076923077,12.307692307692307,3.875,3.796144660799201,8.125,0.9597145830236358,lumpy
90037B,73,9,64,0.3698630136986301,0.0,1.2856780454412684,6.0,87.67123287671232,12.328767123287676,3.0,2.449489742783178,8.11111111111111,0.6666666666666665,lumpy
85225,73,9,64,0.1917808219178082,0.0,0.7575093370633815,6.0,87.67123287671232,12.328767123287676,1.5555555555555556,1.6666666666666665,8.11111111111111,1.1479591836734693,lumpy
90039B,81,10,71,0.25925925925925924,0.0,0.984603699182795,6.0,87.65432098765432,12.345679012345684,2.1,2.0789954839350235,8.1,0.9800957420005039,lumpy
37468,97,12,85,0.6701030927835051,0.0,2.8126264767285583,21.0,87.62886597938144,12.371134020618555,5.416666666666667,6.402532642823794,8.083333333333334,1.3971382463690154,lumpy
90064A,97,12,85,0.20618556701030927,0.0,0.6760507921299398,4.0,87.62886597938144,12.371134020618555,1.6666666666666667,1.1547005383792517,8.083333333333334,0.48000000000000015,intermittent
90181A,97,12,85,0.14432989690721648,0.0,0.4079851590859209,2.0,87.62886597938144,12.371134020618555,1.1666666666666667,0.38924947208076144,8.083333333333334,0.11131725417439699,intermittent
20820,64,8,56,0.171875,0.0,0.521130867395495,3.0,87.5,12.5,1.375,0.7440238091428449,8.0,0.29279811097992914,intermittent
84857A,16,2,14,0.5,0.0,1.7511900715418263,7.0,87.5,12.5,4.0,4.242640687119285,8.0,1.1249999999999998,lumpy
84803B,80,10,70,0.525,0.0,1.9091717337266332,12.0,87.5,12.5,4.2,3.8528488738133038,8.0,0.8415217939027462,lumpy
90064B,96,12,84,0.21875,0.0,0.6989183372220699,4.0,87.5,12.5,1.75,1.1381803659589922,8.0,0.4230055658627087,intermittent
47341B,104,13,91,0.46153846153846156,0.0,1.8271048610475618,12.0,87.5,12.5,3.6923076923076925,3.9662033773836196,8.0,1.153862847222222,lumpy
84086B,80,10,70,0.2875,0.0,0.9703679323074484,7.0,87.5,12.5,2.3,1.766981104093143,8.0,0.5902121403066584,lumpy
90177A,103,13,90,0.17475728155339806,0.0,0.6631355178392939,6.0,87.37864077669903,12.62135922330097,1.3846153846153846,1.3867504905630728,7.923076923076923,1.0030864197530864,lumpy
90030C,103,13,90,0.8446601941747572,0.0,3.8316465552783487,29.0,87.37864077669903,12.62135922330097,6.6923076923076925,9.077303338405954,7.923076923076923,1.839763068657242,lumpy
90024D,95,12,83,0.15789473684210525,0.0,0.4452058924521688,2.0,87.36842105263158,12.631578947368425,1.25,0.4522670168666454,7.916666666666667,0.1309090909090909,intermittent
90202B,102,13,89,0.21568627450980393,0.0,0.752914482151531,6.0,87.25490196078431,12.74509803921569,1.6923076923076923,1.436698494501391,7.846153846153846,0.7207300275482091,lumpy
90054,102,13,89,0.14705882352941177,0.0,0.4077724764438336,2.0,87.25490196078431,12.74509803921569,1.1538461538461537,0.3755338080994054,7.846153846153846,0.10592592592592595,intermittent
90128B,47,6,41,0.3829787234042553,0.0,1.7760874377389153,12.0,87.23404255319149,12.765957446808514,3.0,4.427188724235731,7.833333333333333,2.1777777777777776,lumpy
90056,94,12,82,0.18085106382978725,0.0,0.6872536267434128,6.0,87.23404255319149,12.765957446808514,1.4166666666666667,1.4433756729740643,7.833333333333333,1.038062283737024,lumpy
90141C,86,11,75,0.16279069767441862,0.0,0.4816751435484799,3.0,87.20930232558139,12.79069767441861,1.2727272727272727,0.6466697906828632,7.818181818181818,0.25816326530612244,intermittent
10124G,78,10,68,0.4230769230769231,0.0,1.2222953791968592,5.0,87.17948717948718,12.820512820512818,3.3,1.4944341180973264,7.8,0.20508111417202332,intermittent
90188,101,13,88,0.1782178217821782,0.0,0.517610656844706,3.0,87.12871287128714,12.871287128712865,1.3846153846153846,0.6504436355879909,7.769230769230769,0.22067901234567905,intermittent
17014F,31,4,27,1.967741935483871,0.0,10.222471556878151,57.0,87.09677419354838,12.903225806451616,15.25,27.83732506306356,7.75,3.33207919018185,lumpy
84746,85,11,74,0.27058823529411763,0.0,0.8916041628398094,6.0,87.05882352941177,12.941176470588232,2.090909090909091,1.5782614139961386,7.7272727272727275,0.5697542533081286,lumpy
90137,85,11,74,0.3058823529411765,0.0,1.012111529377647,6.0,87.05882352941177,12.941176470588232,2.3636363636363638,1.8040358795061298,7.7272727272727275,0.5825443786982248,lumpy
84971s,23,3,20,0.2608695652173913,0.0,0.8643121965600912,4.0,86.95652173913044,13.043478260869563,2.0,1.7320508075688772,7.666666666666667,0.7499999999999999,lumpy
90135,23,3,20,0.391304347826087,0.0,1.3052039351200886,6.0,86.95652173913044,13.043478260869563,3.0,2.6457513110645907,7.666666666666667,0.7777777777777778,lumpy
90136,23,3,20,0.17391304347826086,0.0,0.49102619010353094,2.0,86.95652173913044,13.043478260869563,1.3333333333333333,0.5773502691896258,7.666666666666667,0.18750000000000008,intermittent
72807b,69,9,60,0.37681159420289856,0.0,1.4762975277537493,9.0,86.95652173913044,13.043478260869563,2.888888888888889,3.218867985971328,7.666666666666667,1.2414940828402372,lumpy
90024E,69,9,60,0.21739130434782608,0.0,0.8020115375690438,6.0,86.95652173913044,13.043478260869563,1.6666666666666667,1.6583123951776997,7.666666666666667,0.9899999999999995,lumpy
62074B,84,11,73,0.4523809523809524,0.0,1.5082485007033095,10.0,86.9047619047619,13.095238095238102,3.4545454545454546,2.73362895666681,7.636363636363637,0.6261772853185597,lumpy
79331,61,8,53,0.9836065573770492,0.0,3.2633919127123368,20.0,86.88524590163935,13.114754098360649,7.5,5.9521904731427595,7.625,0.6298412698412699,lumpy
90123D,99,13,86,0.2828282828282828,0.0,1.30180725273504,12.0,86.86868686868686,13.131313131313135,2.1538461538461537,3.078044667375536,7.615384615384615,2.042304421768707,lumpy
16162M,76,10,66,1.1578947368421053,0.0,3.3188457092949144,12.0,86.84210526315789,13.15789473684211,8.8,4.131182235954578,7.6,0.2203856749311294,intermittent
35597B,53,7,46,1.471698113207547,0.0,8.363390400073097,60.0,86.79245283018868,13.20754716981132,11.142857142857142,21.919767117289148,7.571428571428571,3.8697129081744475,lumpy
78034B,68,9,59,0.22058823529411764,0.0,0.642885014098216,3.0,86.76470588235294,13.235294117647058,1.6666666666666667,0.8660254037844386,7.555555555555555,0.26999999999999996,intermittent
90037C,83,11,72,0.30120481927710846,0.0,1.056165865565749,6.0,86.74698795180723,13.253012048192772,2.272727272727273,2.053821272209882,7.545454545454546,0.8166399999999998,lumpy
84539,83,11,72,0.6626506024096386,0.0,2.480544336572288,16.0,86.74698795180723,13.253012048192772,5.0,5.157518783291051,7.545454545454546,1.064,lumpy
84629,75,10,65,0.32,0.0,1.1526702254542054,8.0,86.66666666666667,13.333333333333329,2.4,2.319003617456812,7.5,0.9336419753086422,lumpy
82613b,75,10,65,0.18666666666666668,0.0,0.5375955812774218,3.0,86.66666666666667,13.333333333333329,1.4,0.6992058987801011,7.5,0.24943310657596376,intermittent
90016C,75,10,65,0.21333333333333335,0.0,0.6215354425182092,3.0,86.66666666666667,13.333333333333329,1.6,0.8432740427115679,7.5,0.2777777777777778,intermittent
84968b,15,2,13,0.13333333333333333,0.0,0.3518657752744984,1.0,86.66666666666667,13.333333333333329,1.0,0.0,7.5,0.0,intermittent
84984B,97,13,84,3.3195876288659796,0.0,20.807423751188228,180.0,86.5979381443299,13.402061855670098,24.76923076923077,53.740353934688976,7.461538461538462,4.707344752645859,lumpy
90067A,97,13,84,0.27835051546391754,0.0,0.9654691005891592,6.0,86.5979381443299,13.402061855670098,2.076923076923077,1.84668795692624,7.461538461538462,0.7905807041609509,lumpy
90128D,52,7,45,0.25,0.0,0.904780332998232,6.0,86.53846153846153,13.461538461538467,1.8571428571428572,1.864454471471609,7.428571428571429,1.0078895463510849,lumpy
21337,52,7,45,0.4807692307692308,0.0,2.137346573926163,15.0,86.53846153846153,13.461538461538467,3.5714285714285716,5.094347941825426,7.428571428571429,2.0346666666666664,lumpy
85179C,103,14,89,0.8932038834951457,0.0,3.8269237667933127,26.0,86.40776699029126,13.592233009708735,6.571428571428571,8.644378215075664,7.357142857142857,1.7304057001599535,lumpy
84922,103,14,89,0.4077669902912621,0.0,1.523906829043547,11.0,86.40776699029126,13.592233009708735,3.0,3.1378581622109447,7.357142857142857,1.0940170940170943,lumpy
90190B,103,14,89,0.42718446601941745,0.0,1.6485403035125792,13.0,86.40776699029126,13.592233009708735,3.142857142857143,3.4830831359397854,7.357142857142857,1.22822631913541,lumpy
40005B,88,12,76,0.375,0.0,1.1478365456946316,7.0,86.36363636363636,13.63636363636364,2.75,1.815338686155987,7.333333333333333,0.43576258452291505,intermittent
35816B,22,3,19,6.318181818181818,0.0,28.968597716832164,136.0,86.36363636363636,13.63636363636364,46.333333333333336,77.65522090196725,7.333333333333333,2.8090160964753372,lumpy
90026A,66,9,57,0.16666666666666666,0.0,0.45007121943543854,2.0,86.36363636363636,13.63636363636364,1.2222222222222223,0.4409585518440984,7.333333333333333,0.1301652892561983,intermittent
90079,95,13,82,0.22105263157894736,0.0,0.702259989565922,4.0,86.3157894736842,13.684210526315795,1.6153846153846154,1.1929278784054478,7.3076923076923075,0.5453514739229023,lumpy
90130A,102,14,88,0.27450980392156865,0.0,0.9560320507604071,6.0,86.27450980392157,13.725490196078425,2.0,1.8397324220155997,7.285714285714286,0.8461538461538461,lumpy
90011A,102,14,88,0.13725490196078433,0.0,0.3458156003293928,1.0,86.27450980392157,13.725490196078425,1.0,0.0,7.285714285714286,0.0,intermittent
90092,51,7,44,0.9411764705882353,0.0,3.668306228797603,24.0,86.27450980392157,13.725490196078425,6.857142857142857,8.050436249640377,7.285714285714286,1.3783275462962967,lumpy
85231b,29,4,25,0.13793103448275862,0.0,0.3509312031717982,1.0,86.20689655172414,13.793103448275858,1.0,0.0,7.25,0.0,intermittent
84795E,29,4,25,0.27586206896551724,0.0,0.8407714027749384,4.0,86.20689655172414,13.793103448275858,2.0,1.4142135623730951,7.25,0.5000000000000001,lumpy
85114b,101,14,87,0.44554455445544555,0.0,1.5714658604293792,12.0,86.13861386138613,13.861386138613867,3.2142857142857144,3.0679126311040728,7.214285714285714,0.9109971509971511,lumpy
84632,72,10,62,0.20833333333333334,0.0,0.6265825035881682,4.0,86.11111111111111,13.888888888888886,1.5,0.97182531580755,7.2,0.419753086419753,intermittent
84388,72,10,62,0.8611111111111112,0.0,3.3830795020303475,24.0,86.11111111111111,13.888888888888886,6.2,7.315128919650775,7.2,1.3920684472193319,lumpy
90156,86,12,74,0.29069767441860467,0.0,1.0388486734589735,8.0,86.04651162790698,13.95348837209302,2.0833333333333335,2.0652243256245835,7.166666666666667,0.9826909090909091,lumpy
37477B,50,7,43,0.2,0.0,0.6388765649999399,4.0,86.0,14.0,1.4285714285714286,1.1338934190276817,7.142857142857143,0.63,lumpy
84227,57,8,49,1.9649122807017543,0.0,7.502297058426987,44.0,85.96491228070175,14.035087719298247,14.0,16.053482043291595,7.125,1.3148688046647226,lumpy
84798B,64,9,55,5.09375,0.0,25.22578596947531,144.0,85.9375,14.0625,36.22222222222222,61.17756487834772,7.111111111111111,2.8525560803944447,lumpy
16043,78,11,67,27.5,0.0,152.75850986986728,960.0,85.8974358974359,14.102564102564102,195.0,379.1464097152972,7.090909090909091,3.7804602235371463,lumpy
37491D,78,11,67,0.3333333333333333,0.0,1.1243083491948571,8.0,85.8974358974359,14.102564102564102,2.3636363636363638,2.1105794120443453,7.090909090909091,0.7973372781065087,lumpy
90123C,85,12,73,0.3176470588235294,0.0,0.9156283908551852,4.0,85.88235294117646,14.117647058823536,2.25,1.2880570286640687,7.083333333333333,0.3277216610549945,intermittent
84801A,99,14,85,2.7474747474747474,0.0,17.04935418870483,168.0,85.85858585858585,14.141414141414145,19.428571428571427,42.92159988005732,7.071428571428571,4.88056461272292,lumpy
90199A,99,14,85,0.2222222222222222,0.0,0.6476890718445448,4.0,85.85858585858585,14.141414141414145,1.5714285714285714,0.9376144618769908,7.071428571428571,0.35600762873490144,intermittent
84804B,91,13,78,3.3736263736263736,0.0,14.904621469455076,100.0,85.71428571428571,14.285714285714292,23.615384615384617,33.885932335652356,7.0,2.058964374511488,lumpy
21858,14,2,12,0.14285714285714285,0.0,0.36313651960128146,1.0,85.71428571428571,14.285714285714292,1.0,0.0,7.0,0.0,intermittent
62043B,56,8,48,0.9642857142857143,0.0,3.995289434113336,28.0,85.71428571428571,14.285714285714292,6.75,8.988087354143499,7.0,1.773074661963551,lumpy
17013F,35,5,30,1.7714285714285714,0.0,9.452935162862238,56.0,85.71428571428571,14.285714285714292,12.4,24.388521890430344,7.0,3.868366285119667,lumpy
35644,42,6,36,0.5,0.0,1.7143583027605116,10.0,85.71428571428571,14.285714285714292,3.5,3.391164991562634,7.0,0.9387755102040817,lumpy
16202E,70,10,60,1.0,0.0,3.7300192329612543,24.0,85.71428571428571,14.285714285714292,7.0,7.745966692414834,7.0,1.2244897959183676,lumpy
84921,98,14,84,0.2755102040816326,0.0,0.8589205914221817,6.0,85.71428571428571,14.285714285714292,1.9285714285714286,1.4392458342578487,7.0,0.5569272976680383,lumpy
47563B,42,6,36,0.19047619047619047,0.0,0.5516315153139572,3.0,85.71428571428571,14.285714285714292,1.3333333333333333,0.816496580927726,7.0,0.37500000000000006,intermittent
AMAZONFEE,21,3,18,0.14285714285714285,0.0,0.35856858280031806,1.0,85.71428571428571,14.285714285714292,1.0,0.0,7.0,0.0,intermittent
84864A,28,4,24,0.25,0.0,0.7005289007176939,3.0,85.71428571428571,14.285714285714292,1.75,0.9574271077563381,7.0,0.2993197278911565,intermittent
71215,77,11,66,2.2987012987012987,0.0,8.246314862864399,60.0,85.71428571428571,14.285714285714292,16.09090909090909,16.513355476429044,7.0,1.0531967186951392,lumpy
35537,14,2,12,0.5714285714285714,0.0,1.650840611711114,6.0,85.71428571428571,14.285714285714292,4.0,2.8284271247461903,7.0,0.5000000000000001,lumpy
75011,104,15,89,1.7403846153846154,0.0,7.95984484445031,72.0,85.57692307692308,14.42307692307692,12.066666666666666,18.238368765821555,6.933333333333334,2.2845325670331014,lumpy
90059B,97,14,83,0.26804123711340205,0.0,0.9300029560607788,6.0,85.56701030927834,14.432989690721655,1.8571428571428572,1.7913099142223292,6.928571428571429,0.930359581247155,lumpy
84984A,97,14,83,2.7422680412371134,0.0,15.784537760175482,120.0,85.56701030927834,14.432989690721655,19.0,38.823070064470286,6.928571428571429,4.175154485403793,lumpy
20837,90,13,77,1.7666666666666666,0.0,4.605931690936486,24.0,85.55555555555556,14.444444444444443,12.23076923076923,4.323460152737352,6.923076923076923,0.1249555001779993,intermittent
84548,83,12,71,0.5662650602409639,0.0,1.9580526107454956,12.0,85.5421686746988,14.4578313253012,3.9166666666666665,3.77692355166894,6.916666666666667,0.9299148113091078,lumpy
47351B,83,12,71,1.1566265060240963,0.0,5.859080773051564,52.0,85.5421686746988,14.4578313253012,8.0,14.006492001276344,6.916666666666667,3.0653409090909096,lumpy
90125E,76,11,65,0.2236842105263158,0.0,0.6653056282246291,4.0,85.52631578947368,14.473684210526315,1.5454545454545454,1.0357254813546264,6.909090909090909,0.44913494809688576,intermittent
18097A,69,10,59,0.2463768115942029,0.0,0.7154964771864043,4.0,85.5072463768116,14.492753623188406,1.7,1.0593499054713802,6.9,0.3883121876201461,intermittent
90141A,103,15,88,0.17475728155339806,0.0,0.5131063503648093,4.0,85.4368932038835,14.5631067961165,1.2,0.7745966692414834,6.866666666666666,0.4166666666666668,intermittent
90199D,103,15,88,0.21359223300970873,0.0,0.709190168319502,6.0,85.4368932038835,14.5631067961165,1.4666666666666666,1.3020130933435712,6.866666666666666,0.7880755608028335,lumpy
90033,103,15,88,0.1941747572815534,0.0,0.5250257216329177,3.0,85.4368932038835,14.5631067961165,1.3333333333333333,0.6172133998483676,6.866666666666666,0.21428571428571433,intermittent
72709,82,12,70,0.9024390243902439,0.0,2.8914935100149006,18.0,85.36585365853658,14.63414634146342,6.166666666666667,5.113855214172098,6.833333333333333,0.6876950660734444,lumpy
90123B,82,12,70,0.3170731707317073,0.0,0.9412107881162252,5.0,85.36585365853658,14.63414634146342,2.1666666666666665,1.4668044012461756,6.833333333333333,0.45831091984938155,intermittent
71510,102,15,87,1.7352941176470589,0.0,8.123948791815732,72.0,85.29411764705883,14.705882352941174,11.8,18.678482654801336,6.8,2.5056428776624124,lumpy
90060F,102,15,87,0.19607843137254902,0.0,0.5457162735463885,3.0,85.29411764705883,14.705882352941174,1.3333333333333333,0.723746864455746,6.8,0.29464285714285726,intermittent
D,34,5,29,5.764705882352941,0.0,32.908559099907215,192.0,85.29411764705883,14.705882352941174,39.2,85.41779674049197,6.8,4.748151811745105,lumpy
84859B,95,14,81,2.957894736842105,0.0,20.701996917490366,200.0,85.26315789473684,14.736842105263165,20.071428571428573,52.23977895717501,6.785714285714286,6.774014045882435,lumpy
84534b,27,4,23,0.18518518518518517,0.0,0.48334070138798946,2.0,85.18518518518519,14.81481481481481,1.25,0.5,6.75,0.16000000000000003,intermittent
79062D,27,4,23,1.9259259259259258,0.0,5.476705395975028,24.0,85.18518518518519,14.81481481481481,13.0,8.246211251235321,6.75,0.4023668639053255,intermittent
81952B,81,12,69,3.1358024691358026,0.0,14.561724731655032,120.0,85.18518518518519,14.81481481481481,21.166666666666668,33.55276261037053,6.75,2.5127635709816865,lumpy
35610C,54,8,46,1.7407407407407407,0.0,7.318070642697871,48.0,85.18518518518519,14.81481481481481,11.75,16.464246978572344,6.75,1.963396494858695,lumpy
16051,27,4,23,34.851851851851855,0.0,166.3824842167319,866.0,85.18518518518519,14.81481481481481,235.25,420.7876542865772,6.75,3.199386548102105,lumpy
84549,101,15,86,0.7425742574257426,0.0,2.9177164541693728,24.0,85.14851485148515,14.851485148514854,5.0,6.164414002968976,6.733333333333333,1.52,lumpy
37352,47,7,40,98.7872340425532,0.0,672.0386872976823,4608.0,85.1063829787234,14.893617021276597,663.2857142857143,1739.4582216201413,6.714285714285714,6.877438528711505,lumpy
90051,67,10,57,0.22388059701492538,0.0,0.5985056016645798,3.0,85.07462686567165,14.925373134328353,1.5,0.7071067811865476,6.7,0.22222222222222227,intermittent
84723,80,12,68,0.675,0.0,2.911239676786541,24.0,85.0,15.0,4.5,6.487750695804293,6.666666666666667,2.0785634118967455,lumpy
84546,20,3,17,1.05,0.0,2.9642608025042527,12.0,85.0,15.0,7.0,4.58257569495584,6.666666666666667,0.4285714285714285,intermittent
90210D,100,15,85,1.32,0.0,8.616263691415208,85.0,85.0,15.0,8.8,21.318000442282173,6.666666666666667,5.868506493506493,lumpy
35817P,66,10,56,6.363636363636363,0.0,30.79242482451532,240.0,84.84848484848484,15.151515151515156,42.0,72.00617257491811,6.6,2.9392794154698914,lumpy
84558a,66,10,56,0.2727272727272727,0.0,1.0458041373537847,8.0,84.84848484848484,15.151515151515156,1.8,2.2010098692292237,6.6,1.4951989026063102,lumpy
84845D,46,7,39,0.8695652173913043,0.0,3.166552248123599,20.0,84.78260869565217,15.217391304347828,5.714285714285714,6.5501726622098975,6.571428571428571,1.313958333333333,lumpy
90214O,98,15,83,0.23469387755102042,0.0,0.6548946623122041,4.0,84.6938775510204,15.306122448979593,1.5333333333333334,0.9154754164341269,6.533333333333333,0.3564677288684849,intermittent
21639,13,2,11,9.153846153846153,0.0,32.70536692411546,118.0,84.61538461538461,15.384615384615387,59.5,82.73149339882606,6.5,1.9333380410987928,lumpy
47341A,39,6,33,0.7435897435897436,0.0,2.4996625953152862,12.0,84.61538461538461,15.384615384615387,4.833333333333333,4.875106836436169,6.5,1.0173602853745545,lumpy
90142A,26,4,22,0.19230769230769232,0.0,0.49146562599887034,2.0,84.61538461538461,15.384615384615387,1.25,0.5,6.5,0.16000000000000003,intermittent
20823,78,12,66,2.6153846153846154,0.0,12.057471434036962,100.0,84.61538461538461,15.384615384615387,17.0,27.402720501970077,6.5,2.5983013526266134,lumpy
84962,13,2,11,0.23076923076923078,0.0,0.5991446895152781,2.0,84.61538461538461,15.384615384615387,1.5,0.7071067811865476,6.5,0.22222222222222227,intermittent
47590b,52,8,44,0.25,0.0,0.7105645366779247,4.0,84.61538461538461,15.384615384615387,1.625,1.0606601717798212,6.5,0.4260355029585798,intermittent
35652,13,2,11,1.3846153846153846,0.0,4.426030229194508,16.0,84.61538461538461,15.384615384615387,9.0,9.899494936611665,6.5,1.2098765432098764,lumpy
84596g,13,2,11,0.38461538461538464,0.0,0.9607689228305227,3.0,84.61538461538461,15.384615384615387,2.5,0.7071067811865476,6.5,0.08,intermittent
17011B,13,2,11,1.4615384615384615,0.0,4.44626031280567,16.0,84.61538461538461,15.384615384615387,9.5,9.192388155425117,6.5,0.9362880886426592,lumpy
21370,104,16,88,0.4519230769230769,0.0,2.4410717353913136,24.0,84.61538461538461,15.384615384615387,2.9375,5.755794182097435,6.5,3.839323977667121,lumpy
90178A,97,15,82,0.24742268041237114,0.0,0.6619247161852373,4.0,84.5360824742268,15.463917525773198,1.6,0.8280786712108251,6.466666666666667,0.26785714285714285,intermittent
16248B,58,9,49,1.396551724137931,0.0,6.526436536556432,48.0,84.48275862068965,15.517241379310349,9.0,15.049916943292411,6.444444444444445,2.7962962962962963,lumpy
22125,103,16,87,5.233009708737864,0.0,21.318409554910165,154.0,84.46601941747574,15.533980582524265,33.6875,45.47485568971055,6.4375,1.8222379793543324,lumpy
79161A,90,14,76,0.5666666666666667,0.0,1.9890147750283045,15.0,84.44444444444444,15.555555555555557,3.642857142857143,3.8751107747370934,6.428571428571429,1.1315766125454707,lumpy
90100,64,10,54,0.46875,0.0,1.6326893774305644,10.0,84.375,15.625,3.0,3.197221015541813,6.4,1.1358024691358024,lumpy
90214Z,96,15,81,0.19791666666666666,0.0,0.4945980115027315,2.0,84.375,15.625,1.2666666666666666,0.45773770821706344,6.4,0.13058963197467352,intermittent
78027,32,5,27,0.1875,0.0,0.47092907485988494,2.0,84.375,15.625,1.2,0.4472135954999579,6.4,0.1388888888888889,intermittent
90175C,102,16,86,0.35294117647058826,0.0,1.0776492460423437,7.0,84.31372549019608,15.686274509803923,2.25,1.8073922282301278,6.375,0.645267489711934,lumpy
35633B,51,8,43,2.450980392156863,0.0,8.020757384412512,41.0,84.31372549019608,15.686274509803923,15.625,14.97557535264863,6.375,0.9186011428571427,lumpy
90214Y,51,8,43,0.1568627450980392,0.0,0.3672900227127246,1.0,84.31372549019608,15.686274509803923,1.0,0.0,6.375,0.0,intermittent
90014C,102,16,86,0.27450980392156865,0.0,0.8343713201584361,6.0,84.31372549019608,15.686274509803923,1.75,1.390443574307614,6.375,0.6312925170068027,lumpy
84804A,89,14,75,2.3146067415730336,0.0,10.892653389094603,96.0,84.26966292134831,15.730337078651687,14.714285714285714,24.63090170256295,6.357142857142857,2.802091112770724,lumpy
78033,89,14,75,0.8539325842696629,0.0,2.732591850730035,14.0,84.26966292134831,15.730337078651687,5.428571428571429,4.878749614624407,6.357142857142857,0.8076923076923077,lumpy
20953,38,6,32,0.868421052631579,0.0,2.5907429032800917,13.0,84.21052631578948,15.78947368421052,5.5,4.370354676682432,6.333333333333333,0.6314049586776861,lumpy
84984D,101,16,85,1.4554455445544554,0.0,10.954930170909577,110.0,84.15841584158416,15.841584158415841,9.1875,26.912744812325133,6.3125,8.580671633732859,lumpy
90155,101,16,85,0.27722772277227725,0.0,0.801483772526782,5.0,84.15841584158416,15.841584158415841,1.75,1.2382783747337807,6.3125,0.5006802721088435,lumpy
PADS,88,14,74,0.19318181818181818,0.0,0.4760458430898153,2.0,84.0909090909091,15.909090909090907,1.2142857142857142,0.42581531362631997,6.285714285714286,0.12297045515038593,intermittent
84875D,94,15,79,3.9361702127659575,0.0,20.764842345853133,192.0,84.04255319148936,15.957446808510639,24.666666666666668,48.12879545948509,6.266666666666667,3.8070541584055095,lumpy
84536b,25,4,21,0.32,0.0,1.0295630140987,5.0,84.0,16.0,2.0,2.0,6.25,1.0,lumpy
47556b,25,4,21,0.16,0.0,0.37416573867739417,1.0,84.0,16.0,1.0,0.0,6.25,0.0,intermittent
84726,25,4,21,9.32,0.0,27.752957800325838,121.0,84.0,16.0,58.25,48.59612467402451,6.25,0.6960034875082124,lumpy
90138,100,16,84,0.23,0.0,0.6644660649838724,4.0,84.0,16.0,1.4375,1.030776406404415,6.25,0.5141776937618145,lumpy
90036A,87,14,73,0.2988505747126437,0.0,0.7940907119516042,4.0,83.9080459770115,16.091954022988503,1.8571428571428572,1.027105182026191,6.214285714285714,0.30587164314974963,intermittent
35607B,93,15,78,3.3548387096774195,0.0,12.60749014888124,87.0,83.87096774193549,16.129032258064512,20.8,25.60747658678725,6.2,1.515677831783601,lumpy
35654,31,5,26,0.3870967741935484,0.0,1.0855849223602518,5.0,83.87096774193549,16.129032258064512,2.4,1.6733200530681511,6.2,0.4861111111111112,intermittent
90146,99,16,83,0.40404040404040403,0.0,1.2610264034458558,9.0,83.83838383838383,16.161616161616166,2.5,2.1908902300206643,6.1875,0.7679999999999999,lumpy
90124C,99,16,83,0.2222222222222222,0.0,0.563436169819011,3.0,83.83838383838383,16.161616161616166,1.375,0.6191391873668904,6.1875,0.20275482093663919,intermittent
47348A,74,12,62,1.3918918918918919,0.0,5.935307790123019,48.0,83.78378378378379,16.21621621621621,8.583333333333334,12.901432854414649,6.166666666666667,2.2592481512266596,lumpy
35838A,43,7,36,4.186046511627907,0.0,14.896876972090313,72.0,83.72093023255815,16.279069767441854,25.714285714285715,30.125926186117972,6.142857142857143,1.3725617283950615,lumpy
90016A,98,16,82,0.29591836734693877,0.0,1.0474237779366085,9.0,83.6734693877551,16.326530612244895,1.8125,2.0402205763103165,6.125,1.2670630202140312,lumpy
35932,49,8,41,0.7346938775510204,0.0,2.1092604371762,12.0,83.6734693877551,16.326530612244895,4.5,3.3380918415851206,6.125,0.5502645502645501,lumpy
90099,104,17,87,0.3942307692307692,0.0,1.135638644417558,6.0,83.65384615384616,16.34615384615384,2.411764705882353,1.769845456862398,6.117647058823529,0.538518738845925,lumpy
84661C,104,17,87,0.9519230769230769,0.0,4.094466565994256,24.0,83.65384615384616,16.34615384615384,5.823529411764706,8.819263674746656,6.117647058823529,2.2934649525558624,lumpy
90040C,104,17,87,0.36538461538461536,0.0,1.0339639278199508,6.0,83.65384615384616,16.34615384615384,2.235294117647059,1.56242646885805,6.117647058823529,0.488573407202216,intermittent
90024B,104,17,87,0.20192307692307693,0.0,0.4902903378454601,2.0,83.65384615384616,16.34615384615384,1.2352941176470589,0.43723731609760313,6.117647058823529,0.12528344671201816,intermittent
77079,67,11,56,0.9552238805970149,0.0,2.9461471286518424,20.0,83.58208955223881,16.417910447761187,5.818181818181818,5.115040211341096,6.090909090909091,0.772900390625,lumpy
90123A,97,16,81,0.3711340206185567,0.0,0.992887074277856,5.0,83.50515463917526,16.49484536082474,2.25,1.3416407864998738,6.0625,0.35555555555555557,intermittent
20697,103,17,86,0.3883495145631068,0.0,1.0776973429105356,6.0,83.49514563106796,16.504854368932044,2.3529411764705883,1.5788119136944492,6.0588235294117645,0.4502343749999999,intermittent
90003E,103,17,86,0.2815533980582524,0.0,0.7594822246581372,4.0,83.49514563106796,16.504854368932044,1.7058823529411764,1.046703508780838,6.0588235294117645,0.37648632580261604,intermittent
90168,103,17,86,0.30097087378640774,0.0,0.9480108324059555,6.0,83.49514563106796,16.504854368932044,1.8235294117647058,1.667156790678634,6.0588235294117645,0.8358480749219565,lumpy
84616,102,17,85,0.7058823529411765,0.0,3.088106328948765,28.0,83.33333333333333,16.66666666666667,4.235294117647059,6.657039617621953,6.0,2.4705584490740744,lumpy
35821B,18,3,15,8.333333333333334,0.0,20.900323667631675,78.0,83.33333333333333,16.66666666666667,50.0,24.24871130596428,6.0,0.2352,intermittent
46037A,12,2,10,0.5,0.0,1.243163121016122,4.0,83.33333333333333,16.66666666666667,3.0,1.4142135623730951,6.0,0.22222222222222227,intermittent
37326,12,2,10,0.16666666666666666,0.0,0.38924947208076144,1.0,83.33333333333333,16.66666666666667,1.0,0.0,6.0,0.0,intermittent
90066A,12,2,10,0.4166666666666667,0.0,0.996204919895622,3.0,83.33333333333333,16.66666666666667,2.5,0.7071067811865476,6.0,0.08,intermittent
90025C,36,6,30,0.16666666666666666,0.0,0.3779644730092272,1.0,83.33333333333333,16.66666666666667,1.0,0.0,6.0,0.0,intermittent
90211A,102,17,85,0.2647058823529412,0.0,0.6589290829829102,3.0,83.33333333333333,16.66666666666667,1.588235294117647,0.7122871199007256,6.0,0.20113168724279837,intermittent
17013C,12,2,10,17.75,0.0,41.696141090251764,117.0,83.33333333333333,16.66666666666667,106.5,14.849242404917497,6.0,0.019440587185082323,intermittent
84968f,12,2,10,0.16666666666666666,0.0,0.38924947208076144,1.0,83.33333333333333,16.66666666666667,1.0,0.0,6.0,0.0,intermittent
84824,101,17,84,0.37623762376237624,0.0,1.13887211879574,8.0,83.16831683168317,16.83168316831683,2.235294117647059,1.9212434698882481,5.9411764705882355,0.738746537396122,lumpy
90195B,101,17,84,0.44554455445544555,0.0,1.4524134915701694,8.0,83.16831683168317,16.83168316831683,2.6470588235294117,2.6443613706949227,5.9411764705882355,0.9979629629629633,lumpy
90162B,89,15,74,0.6179775280898876,0.0,1.8738973604952578,12.0,83.14606741573034,16.853932584269657,3.6666666666666665,3.1773004414499573,5.933333333333334,0.7508854781582054,lumpy
90179C,77,13,64,0.24675324675324675,0.0,0.6103459794472951,3.0,83.11688311688312,16.883116883116884,1.4615384615384615,0.6602252917735247,5.923076923076923,0.2040627885503232,intermittent
90035A,71,12,59,0.323943661971831,0.0,0.8746370330816248,4.0,83.09859154929578,16.901408450704224,1.9166666666666667,1.2401124093721456,5.916666666666667,0.4186286303488573,intermittent
37351,65,11,54,83.13846153846154,0.0,665.2469437388239,5364.0,83.07692307692308,16.92307692307692,491.27272727272725,1616.102291992007,5.909090909090909,10.82162255006435,lumpy
90169,100,17,83,0.38,0.0,1.1527744310527053,8.0,83.0,17.0,2.235294117647059,1.9535036397683612,5.882352941176471,0.7637638504155123,lumpy
84706F,94,16,78,0.35106382978723405,0.0,0.9123695583127007,4.0,82.97872340425532,17.02127659574468,2.0625,1.181453906563152,5.875,0.3281297826752372,intermittent
90002B,47,8,39,0.425531914893617,0.0,1.0983125565090222,4.0,82.97872340425532,17.02127659574468,2.5,1.4142135623730951,5.875,0.32,intermittent
90148,94,16,78,0.26595744680851063,0.0,0.6421658901154901,3.0,82.97872340425532,17.02127659574468,1.5625,0.6291528696058957,5.875,0.16213333333333324,intermittent
90210A,82,14,68,0.9390243902439024,0.0,3.904247642468233,25.0,82.92682926829268,17.07317073170732,5.5,8.243878848062874,5.857142857142857,2.2466624284806103,lumpy
17014A,82,14,68,3.3658536585365852,0.0,14.752704037659136,96.0,82.92682926829268,17.07317073170732,19.714285714285715,31.764587373189833,5.857142857142857,2.5961174930929185,lumpy
90150,35,6,29,0.3142857142857143,0.0,0.7581490064402819,3.0,82.85714285714286,17.14285714285714,1.8333333333333333,0.752772652709081,5.833333333333333,0.16859504132231407,intermittent
84596b,29,5,24,0.3448275862068966,0.0,0.9364012444675595,4.0,82.75862068965517,17.241379310344826,2.0,1.4142135623730951,5.8,0.5000000000000001,lumpy
84858A,29,5,24,1.793103448275862,0.0,7.63628233381751,41.0,82.75862068965517,17.241379310344826,10.4,17.21336689901194,5.8,2.7394600591715967,lumpy
47369B,104,18,86,0.5192307692307693,0.0,1.8746172126067078,16.0,82.6923076923077,17.307692307692307,3.0,3.662207627358443,5.777777777777778,1.490196078431373,lumpy
72811,104,18,86,4.221153846153846,0.0,17.552670657179284,144.0,82.6923076923077,17.307692307692307,24.38888888888889,36.68649196653255,5.777777777777778,2.262707107531552,lumpy
79066k,92,16,76,0.2826086956521739,0.0,0.8428899391936556,6.0,82.6086956521739,17.391304347826093,1.625,1.4083086782851741,5.75,0.7510848126232745,lumpy
84465,92,16,76,0.34782608695652173,0.0,1.0317464401075636,7.0,82.6086956521739,17.391304347826093,2.0,1.7126976771553508,5.75,0.7333333333333336,lumpy
44089C,86,15,71,0.7906976744186046,0.0,2.0926553864283215,10.0,82.55813953488372,17.441860465116278,4.533333333333333,2.8999178970315365,5.733333333333333,0.40920044488383595,intermittent
84462,63,11,52,1.5873015873015872,0.0,7.726441656133995,60.0,82.53968253968254,17.460317460317455,9.090909090909092,17.17821029941446,5.7272727272727275,3.570599999999999,lumpy
84968e,63,11,52,0.23809523809523808,0.0,0.5878963512522155,3.0,82.53968253968254,17.460317460317455,1.3636363636363635,0.674199862463242,5.7272727272727275,0.24444444444444444,intermittent
90023,103,18,85,0.27184466019417475,0.0,0.6596816635329492,3.0,82.52427184466019,17.47572815533981,1.5555555555555556,0.7047921864945658,5.722222222222222,0.205282112845138,intermittent
22828,57,10,47,0.2982456140350877,0.0,0.7550996216370999,4.0,82.45614035087719,17.54385964912281,1.7,0.9486832980505138,5.7,0.3114186851211073,intermittent
DCGS0003,74,13,61,0.17567567567567569,0.0,0.38314159577618406,1.0,82.43243243243244,17.567567567567565,1.0,0.0,5.6923076923076925,0.0,intermittent
90093,102,18,84,1.2647058823529411,0.0,5.378590618493955,48.0,82.3529411764706,17.647058823529406,7.166666666666667,11.27334179798154,5.666666666666667,2.4744058791715715,lumpy
90018C,102,18,84,0.27450980392156865,0.0,0.6916312006587856,4.0,82.3529411764706,17.647058823529406,1.5555555555555556,0.8555852638929974,5.666666666666667,0.30252100840336144,intermittent
84806A,85,15,70,2.623529411764706,0.0,11.335759338302415,96.0,82.3529411764706,17.647058823529406,14.866666666666667,23.999603171322487,5.666666666666667,2.6060390171874417,lumpy
84875A,51,9,42,0.27450980392156865,0.0,0.7232822788524276,4.0,82.3529411764706,17.647058823529406,1.5555555555555556,1.0137937550497031,5.666666666666667,0.4247448979591835,intermittent
90088,51,9,42,1.0,0.0,3.0983866769659336,14.0,82.3529411764706,17.647058823529406,5.666666666666667,5.5,5.666666666666667,0.9420415224913494,lumpy
71495B,96,17,79,3.0625,0.0,13.089017091479889,99.0,82.29166666666667,17.70833333333333,17.294117647058822,27.490372646351926,5.647058823529412,2.526762575778611,lumpy
35936,45,8,37,0.8,0.0,2.0626549528569855,9.0,82.22222222222223,17.77777777777777,4.5,2.7774602993176547,5.625,0.3809523809523811,intermittent
90063A,73,13,60,0.2876712328767123,0.0,0.6765815228615288,3.0,82.1917808219178,17.808219178082197,1.6153846153846154,0.6504436355879909,5.615384615384615,0.16213151927437644,intermittent
84795b,78,14,64,0.24358974358974358,0.0,0.607013071082385,3.0,82.05128205128206,17.948717948717942,1.3571428571428572,0.744946343668492,5.571428571428571,0.30129980822501595,intermittent
90036D,78,14,64,0.44871794871794873,0.0,1.1804405505741884,6.0,82.05128205128206,17.948717948717942,2.5,1.6525039276108333,5.571428571428571,0.43692307692307686,intermittent
85089,100,18,82,0.93,0.0,2.7533450729810616,14.0,82.0,18.0,5.166666666666667,4.579365483917408,5.555555555555555,0.7855787476280831,lumpy
71495A,94,17,77,2.393617021276596,0.0,12.039556742730506,96.0,81.91489361702128,18.085106382978722,13.235294117647058,26.269110690516115,5.529411764705882,3.93934074074074,lumpy
37489B,94,17,77,0.40425531914893614,0.0,1.0402558508301967,6.0,81.91489361702128,18.085106382978722,2.235294117647059,1.3932610920384718,5.529411764705882,0.3885041551246537,intermittent
44235,99,18,81,8.222222222222221,0.0,48.51142418692726,432.0,81.81818181818181,18.181818181818187,45.22222222222222,108.60373493499229,5.5,5.767475026038402,lumpy
84989b,22,4,18,0.45454545454545453,0.0,1.5032432470296548,7.0,81.81818181818181,18.181818181818187,2.5,3.0,5.5,1.44,lumpy
79413,22,4,18,0.7727272727272727,0.0,2.091520708589536,9.0,81.81818181818181,18.181818181818187,4.25,3.304037933599835,5.5,0.6043829296424452,lumpy
71496A,88,16,72,2.772727272727273,0.0,12.475932943925141,96.0,81.81818181818181,18.181818181818187,15.25,26.453733195902615,5.5,3.0090835796828808,lumpy
90108,99,18,81,1.101010101010101,0.0,3.6769967489424933,24.0,81.81818181818181,18.181818181818187,6.055555555555555,6.795086652455514,5.5,1.259163172044342,lumpy
90191,99,18,81,0.3838383838383838,0.0,1.3530545240463367,11.0,81.81818181818181,18.181818181818187,2.111111111111111,2.587046667054218,5.5,1.5017109336809513,lumpy
21582,11,2,9,1.0,0.0,2.9999999999999996,10.0,81.81818181818181,18.181818181818187,5.5,6.363961030678928,5.5,1.3388429752066118,lumpy
85114a,77,14,63,0.7272727272727273,0.0,1.903157788880888,8.0,81.81818181818181,18.181818181818187,4.0,2.660248687044705,5.5,0.44230769230769224,intermittent
84963A,44,8,36,0.5227272727272727,0.0,1.4861943965562443,8.0,81.81818181818181,18.181818181818187,2.875,2.416461403433896,5.5,0.7064542263029976,lumpy
84967C,22,4,18,0.4090909090909091,0.0,1.296849328880646,6.0,81.81818181818181,18.181818181818187,2.25,2.5,5.5,1.234567901234568,lumpy
23630,11,2,9,0.18181818181818182,0.0,0.40451991747794525,1.0,81.81818181818181,18.181818181818187,1.0,0.0,5.5,0.0,intermittent
90189B,11,2,9,0.2727272727272727,0.0,0.6466697906828633,2.0,81.81818181818181,18.181818181818187,1.5,0.7071067811865476,5.5,0.22222222222222227,intermittent
75172,55,10,45,1.7636363636363637,0.0,6.128148884794556,36.0,81.81818181818181,18.181818181818187,9.7,11.823235127869566,5.5,1.485693366870963,lumpy
84711A,104,19,85,0.40384615384615385,0.0,0.9805806756909201,4.0,81.73076923076923,18.269230769230774,2.210526315789474,1.134261745631201,5.473684210526316,0.2632905013857395,intermittent
90164A,104,19,85,0.375,0.0,1.0988740928080252,7.0,81.73076923076923,18.269230769230774,2.0526315789473686,1.8096557134354565,5.473684210526316,0.7772664182920592,lumpy
90085,104,19,85,1.3942307692307692,0.0,4.2823146568199455,24.0,81.73076923076923,18.269230769230774,7.631578947368421,7.395272711640333,5.473684210526316,0.9390302549874487,lumpy
90177D,104,19,85,0.4423076923076923,0.0,1.4130248699322496,9.0,81.73076923076923,18.269230769230774,2.4210526315789473,2.5235730725761796,5.473684210526316,1.08648393194707,lumpy
35265,71,13,58,0.29577464788732394,0.0,0.7633453851713353,4.0,81.69014084507042,18.309859154929583,1.6153846153846154,1.0439078454267838,5.461538461538462,0.41761148904006057,intermittent
84596f,60,11,49,0.3,0.0,0.7657941485582804,4.0,81.66666666666667,18.33333333333333,1.6363636363636365,1.026910636104941,5.454545454545454,0.39382716049382704,intermittent
35637C,98,18,80,1.0204081632653061,0.0,5.062454463252979,48.0,81.63265306122449,18.367346938775512,5.555555555555555,10.934146311237816,5.444444444444445,3.8735999999999993,lumpy
90194,98,18,80,0.32653061224489793,0.0,0.8094227318571204,4.0,81.63265306122449,18.367346938775512,1.7777777777777777,1.0032626514091005,5.444444444444445,0.31847426470588236,intermittent
37489D,98,18,80,0.4489795918367347,0.0,1.2024240892051616,8.0,81.63265306122449,18.367346938775512,2.4444444444444446,1.756407504043819,5.444444444444445,0.5162858531842488,lumpy
21369,98,18,80,1.2346938775510203,0.0,3.9029489786653913,26.0,81.63265306122449,18.367346938775512,6.722222222222222,6.918054432004927,5.444444444444445,1.059112805698743,lumpy
90162C,87,16,71,0.4827586206896552,0.0,1.2654815148054732,6.0,81.60919540229885,18.39080459770115,2.625,1.7841898254763515,5.4375,0.4619803476946335,intermittent
90177C,103,19,84,0.34951456310679613,0.0,0.9971404002080214,6.0,81.55339805825243,18.446601941747574,1.894736842105263,1.5949481650269413,5.421052631578948,0.708590534979424,lumpy
90124A,92,17,75,0.31521739130434784,0.0,0.8244791606145212,5.0,81.52173913043478,18.47826086956522,1.7058823529411764,1.159994928995001,5.411764705882353,0.4623959571938168,intermittent
20826,54,10,44,5.685185185185185,0.0,22.184325653083093,144.0,81.48148148148148,18.51851851851852,30.7,45.22057054040783,5.4,2.169678192872073,lumpy
35610A,54,10,44,2.6481481481481484,0.0,14.2115517820226,104.0,81.48148148148148,18.51851851851852,14.3,31.68964078896025,5.4,4.9109165892382665,lumpy
35610B,54,10,44,3.1666666666666665,0.0,13.637835826762831,96.0,81.48148148148148,18.51851851851852,17.1,28.81916800402892,5.4,2.8403421375617937,lumpy
90000A,97,18,79,0.31958762886597936,0.0,0.8106889013952028,5.0,81.44329896907216,18.55670103092784,1.7222222222222223,1.0740552924509192,5.388888888888889,0.3889330966517719,intermittent
35600D,43,8,35,2.6744186046511627,0.0,8.365806055811667,47.0,81.3953488372093,18.604651162790702,14.375,15.089613267788826,5.375,1.101895760194437,lumpy
10124A,86,16,70,0.6744186046511628,0.0,1.7384364879709058,9.0,81.3953488372093,18.604651162790702,3.625,2.3909551787239067,5.375,0.4350376535869998,intermittent
90130C,102,19,83,0.21568627450980393,0.0,0.5000485319098449,3.0,81.37254901960785,18.627450980392155,1.1578947368421053,0.5014598571212789,5.368421052631579,0.18755739210284658,intermittent
90190A,102,19,83,0.38235294117647056,0.0,0.9954760804130015,6.0,81.37254901960785,18.627450980392155,2.0526315789473686,1.3933845369589322,5.368421052631579,0.46080794798743513,intermittent
90037A,59,11,48,0.4406779661016949,0.0,1.2494300278551567,6.0,81.35593220338983,18.644067796610173,2.3636363636363638,2.013590190318143,5.363636363636363,0.7257396449704141,lumpy
84706D,75,14,61,2.92,0.0,8.502400297022648,48.0,81.33333333333333,18.66666666666667,15.642857142857142,14.041735279883667,5.357142857142857,0.8057668650650448,lumpy
47369A,91,17,74,0.5274725274725275,0.0,1.3851647261901086,6.0,81.31868131868131,18.681318681318686,2.823529411764706,1.9759584420492964,5.352941176470588,0.48974609375,intermittent
79406,96,18,78,2.4166666666666665,0.0,8.800318973485433,72.0,81.25,18.75,12.88888888888889,17.025547892674453,5.333333333333333,1.7449027768063219,lumpy
85024B,96,18,78,2.2604166666666665,0.0,14.802734307635742,144.0,81.25,18.75,12.055555555555555,33.15821648191346,5.333333333333333,7.564981455641568,lumpy
90095,16,3,13,0.5,0.0,1.505545305418162,6.0,81.25,18.75,2.6666666666666665,2.8867513459481287,5.333333333333333,1.1718750000000002,lumpy
35913B,96,18,78,1.0416666666666667,0.0,3.3714487489307405,24.0,81.25,18.75,5.555555555555555,6.08007567892357,5.333333333333333,1.1977411764705883,lumpy
20796,101,19,82,0.9801980198019802,0.0,2.810623411344188,16.0,81.18811881188118,18.811881188118818,5.2105263157894735,4.540912137548543,5.315789473684211,0.7594916618485645,lumpy
35910A,69,13,56,0.7681159420289855,0.0,1.8640951718968573,6.0,81.15942028985508,18.840579710144922,4.076923076923077,2.253202848596432,5.3076923076923075,0.3054467782128872,intermittent
35966,90,17,73,2.8222222222222224,0.0,8.493987004402662,48.0,81.11111111111111,18.888888888888886,14.941176470588236,14.454543352503801,5.294117647058823,0.9359209343418688,lumpy
16244B,74,14,60,4.608108108108108,0.0,29.590732336448347,249.0,81.08108108108108,18.91891891891892,24.357142857142858,66.32392205956036,5.285714285714286,7.414599779182126,lumpy
81985A,37,7,30,0.6216216216216216,0.0,1.6047040459458795,6.0,81.08108108108108,18.91891891891892,3.2857142857142856,2.288688541085317,5.285714285714286,0.48519218651543794,intermittent
22987,58,11,47,4.344827586206897,0.0,9.513705209425884,25.0,81.03448275862068,18.965517241379317,22.90909090909091,6.934760925288564,5.2727272727272725,0.09163202317964222,intermittent
37379A,58,11,47,0.6896551724137931,0.0,1.7889220173811438,7.0,81.03448275862068,18.965517241379317,3.6363636363636362,2.5405797477240215,5.2727272727272725,0.4881249999999999,intermittent
90211B,100,19,81,0.34,0.0,0.8314524227597939,4.0,81.0,19.0,1.7894736842105263,1.0316624861746775,5.2631578947368425,0.3323721645520953,intermittent
90159,100,19,81,0.37,0.0,0.960376609629385,6.0,81.0,19.0,1.9473684210526316,1.3529262199858298,5.2631578947368425,0.48267186105023935,intermittent
90181B,100,19,81,0.22,0.0,0.483672817035849,2.0,81.0,19.0,1.1578947368421053,0.3746343246326776,5.2631578947368425,0.10468319559228652,intermittent
90202A,94,18,76,0.30851063829787234,0.0,0.8554266462984642,6.0,80.85106382978724,19.148936170212764,1.6111111111111112,1.3345582608616182,5.222222222222222,0.6861579352311674,lumpy
72793,47,9,38,1.1702127659574468,0.0,3.979945099775221,21.0,80.85106382978724,19.148936170212764,6.111111111111111,7.557189365836423,5.222222222222222,1.5292561983471078,lumpy
85018B,47,9,38,0.3191489361702128,0.0,0.9579503249970153,6.0,80.85106382978724,19.148936170212764,1.6666666666666667,1.6583123951777001,5.222222222222222,0.9900000000000002,lumpy
90210B,99,19,80,0.9292929292929293,0.0,3.07807428950053,24.0,80.8080808080808,19.191919191919197,4.842105263157895,5.620035170854131,5.2105263157894735,1.3471303297626547,lumpy
90205C,104,20,84,0.75,0.0,4.0308278077256015,40.0,80.76923076923077,19.230769230769226,3.9,8.668758182176536,5.2,4.940655385999517,lumpy
90057,104,20,84,17.115384615384617,0.0,62.35948206755837,360.0,80.76923076923077,19.230769230769226,89.0,119.77654633788526,5.2,1.8111881142067383,lumpy
84891B,26,5,21,0.4230769230769231,0.0,1.0265700920278915,4.0,80.76923076923077,19.230769230769226,2.2,1.3038404810405297,5.2,0.3512396694214875,intermittent
90180A,104,20,84,0.38461538461538464,0.0,1.1346929126308176,8.0,80.76923076923077,19.230769230769226,2.0,1.8918106058538346,5.2,0.8947368421052633,lumpy
20845,88,17,71,0.8522727272727273,0.0,2.810243057051724,17.0,80.68181818181819,19.318181818181813,4.411764705882353,5.124192906319636,5.176470588235294,1.3490444444444447,lumpy
90060D,31,6,25,0.22580645161290322,0.0,0.4973045625740722,2.0,80.64516129032258,19.354838709677423,1.1666666666666667,0.408248290463863,5.166666666666667,0.1224489795918367,intermittent
90032,93,18,75,0.5161290322580645,0.0,1.3642397407077054,9.0,80.64516129032258,19.354838709677423,2.6666666666666665,2.0,5.166666666666667,0.5625,lumpy
84575A,62,12,50,0.3870967741935484,0.0,1.3471869746176985,10.0,80.64516129032258,19.354838709677423,2.0,2.5584085962673253,5.166666666666667,1.6363636363636365,lumpy
21761,98,19,79,0.6326530612244898,0.0,2.5460207687057954,15.0,80.61224489795919,19.387755102040813,3.263157894736842,5.086388210630385,5.157894736842105,2.42964504567002,lumpy
20698,98,19,79,0.47959183673469385,0.0,1.2536922116620806,6.0,80.61224489795919,19.387755102040813,2.473684210526316,1.8064212949190015,5.157894736842105,0.533272974196469,lumpy
90036F,67,13,54,0.3582089552238806,0.0,1.0545930212762884,7.0,80.59701492537313,19.40298507462687,1.8461538461538463,1.7722938923964169,5.153846153846154,0.9215856481481484,lumpy
90039D,103,20,83,0.39805825242718446,0.0,1.4096293896557457,12.0,80.58252427184466,19.41747572815534,2.05,2.6650762801367183,5.15,1.6900967469238235,lumpy
90177E,103,20,83,0.27184466019417475,0.0,0.7565942103680041,6.0,80.58252427184466,19.41747572815534,1.4,1.187655806953123,5.15,0.719656283566058,lumpy
90163A,103,20,83,0.3300970873786408,0.0,0.9223621584095606,7.0,80.58252427184466,19.41747572815534,1.7,1.4545753585442767,5.15,0.7321070843197962,lumpy
90059C,103,20,83,0.3883495145631068,0.0,1.1046515705543507,6.0,80.58252427184466,19.41747572815534,2.0,1.7770466332772772,5.15,0.7894736842105264,lumpy
90003B,103,20,83,0.39805825242718446,0.0,1.1055989932286883,7.0,80.58252427184466,19.41747572815534,2.05,1.7312909694943344,5.15,0.7132346034628513,lumpy
90183B,102,20,82,0.2647058823529412,0.0,0.6281588779955747,4.0,80.3921568627451,19.607843137254903,1.35,0.7451598203705946,5.1,0.3046711428777705,intermittent
21763,76,15,61,0.5657894736842105,0.0,1.4907315995021988,8.0,80.26315789473684,19.736842105263165,2.8666666666666667,2.1995670569671746,5.066666666666666,0.5887352236730279,lumpy
79336,91,18,73,9.153846153846153,0.0,37.70438320435057,241.0,80.21978021978022,19.78021978021978,46.27777777777778,75.54570533638058,5.055555555555555,2.66486104363361,lumpy
72132,101,20,81,5.435643564356436,0.0,24.40344887165916,180.0,80.1980198019802,19.801980198019805,27.45,49.982602236336085,5.05,3.315530507617147,lumpy
20891,15,3,12,45.6,0.0,175.77900085862686,681.0,80.0,20.0,228.0,392.30982654019766,5.0,2.9606609726069553,lumpy
72821,55,11,44,1.1090909090909091,0.0,3.7002138440342196,24.0,80.0,20.0,5.545454545454546,6.8463659902701135,5.0,1.5242139209889811,lumpy
84366,15,3,12,0.2,0.0,0.4140393356054125,1.0,80.0,20.0,1.0,0.0,5.0,0.0,intermittent
90177B,80,16,64,0.35,0.0,1.0200521207830138,6.0,80.0,20.0,1.75,1.6931233465600393,5.0,0.9360544217687075,lumpy
17084A,85,17,68,5.2,0.0,10.90849385090527,50.0,80.0,20.0,26.0,7.079901129253148,5.0,0.07414940828402367,intermittent
90176E,15,3,12,0.26666666666666666,0.0,0.5936168397046636,2.0,80.0,20.0,1.3333333333333333,0.5773502691896257,5.0,0.18749999999999997,intermittent
84613A,50,10,40,0.44,0.0,0.9722685444099173,3.0,80.0,20.0,2.2,0.9189365834726815,5.0,0.1744719926538108,intermittent
84520b,30,6,24,3.6666666666666665,0.0,9.75327825818628,38.0,80.0,20.0,18.333333333333332,15.13494851879803,5.0,0.6815206611570249,lumpy
90214T,95,19,76,0.4631578947368421,0.0,1.5145431606403066,12.0,80.0,20.0,2.3157894736842106,2.7295223753728086,5.0,1.389233241505969,lumpy
72801e,20,4,16,0.35,0.0,0.812727700887249,3.0,80.0,20.0,1.75,0.9574271077563382,5.0,0.2993197278911565,intermittent
90126B,15,3,12,0.2,0.0,0.4140393356054125,1.0,80.0,20.0,1.0,0.0,5.0,0.0,intermittent
84868B,15,3,12,0.3333333333333333,0.0,0.7237468644557459,2.0,80.0,20.0,1.6666666666666667,0.5773502691896258,5.0,0.12000000000000004,intermittent
84966C,10,2,8,2.3,0.0,6.000925854492047,19.0,80.0,20.0,11.5,10.606601717798213,5.0,0.8506616257088847,lumpy
20667,90,18,72,0.4444444444444444,0.0,1.0717109193395906,5.0,80.0,20.0,2.2222222222222223,1.3527990831890462,5.0,0.37058823529411755,intermittent
DCGS0076,55,11,44,0.2909090909090909,0.0,0.6575129141874191,3.0,80.0,20.0,1.4545454545454546,0.6875516509523286,5.0,0.22343749999999998,intermittent
90089,104,21,83,0.7596153846153846,0.0,2.6199206699162136,13.0,79.8076923076923,20.192307692307693,3.761904761904762,4.8466974519229264,4.9523809523809526,1.6598782246434867,lumpy
90186A,104,21,83,0.6538461538461539,0.0,2.0984008278577275,16.0,79.8076923076923,20.192307692307693,3.238095238095238,3.726992915270458,4.9523809523809526,1.3247621107266434,lumpy
90199B,104,21,83,0.3269230769230769,0.0,0.7561053464936391,4.0,79.8076923076923,20.192307692307693,1.619047619047619,0.8646496675642961,4.9523809523809526,0.2852076124567475,intermittent
90202C,104,21,83,0.27884615384615385,0.0,0.743342369984511,6.0,79.8076923076923,20.192307692307693,1.380952380952381,1.1169686869465265,4.9523809523809526,0.6542211652794292,lumpy
90028,94,19,75,0.2978723404255319,0.0,0.7307351907576836,4.0,79.7872340425532,20.212765957446805,1.4736842105263157,0.964274111134126,4.947368421052632,0.42814625850340143,intermittent
84877A,79,16,63,0.9367088607594937,0.0,3.3829958357065206,24.0,79.74683544303798,20.25316455696202,4.625,6.427804187019598,4.9375,1.9315315315315318,lumpy
84796a,74,15,59,0.3783783783783784,0.0,1.0688965338488317,6.0,79.72972972972973,20.270270270270274,1.8666666666666667,1.7265434778633235,4.933333333333334,0.8555029154518948,lumpy
84745A,69,14,55,0.9565217391304348,0.0,2.3100469985586596,10.0,79.71014492753623,20.289855072463766,4.714285714285714,2.9724005172864634,4.928571428571429,0.3975418520873066,intermittent
90038A,103,21,82,0.34951456310679613,0.0,0.977278512734473,6.0,79.6116504854369,20.388349514563103,1.7142857142857142,1.5537971921347118,4.904761904761905,0.821527777777778,lumpy
90133,103,21,82,0.42718446601941745,0.0,1.044142783297951,6.0,79.6116504854369,20.388349514563103,2.0952380952380953,1.3749458863810569,4.904761904761905,0.43063016528925613,intermittent
90081A,103,21,82,0.4563106796116505,0.0,1.0916501183819196,6.0,79.6116504854369,20.388349514563103,2.238095238095238,1.3749458863810566,4.904761904761905,0.3774105930285194,intermittent
21344,103,21,82,1.5825242718446602,0.0,8.713888251954026,84.0,79.6116504854369,20.388349514563103,7.761904761904762,18.35457643723974,4.904761904761905,5.591806240355301,lumpy
90157,98,20,78,0.5408163265306123,0.0,1.3559214719448958,7.0,79.59183673469387,20.40816326530613,2.65,1.8715318802914815,4.9,0.49877274175113834,lumpy
35931,49,10,39,1.9591836734693877,0.0,7.474844434483429,50.0,79.59183673469387,20.40816326530613,9.6,14.713561393792085,4.9,2.3490547839506175,lumpy
85033S,49,10,39,4.163265306122449,0.0,14.26146751853795,86.0,79.59183673469387,20.40816326530613,20.4,26.771460757887517,4.9,1.722200862915973,lumpy
90202D,102,21,81,0.45098039215686275,0.0,1.5000161780011547,12.0,79.41176470588235,20.588235294117652,2.1904761904761907,2.713283022816596,4.857142857142857,1.5343100189035919,lumpy
90082B,102,21,81,0.5588235294117647,0.0,1.425187355491469,8.0,79.41176470588235,20.588235294117652,2.7142857142857144,2.02837021134844,4.857142857142857,0.5584487534626039,lumpy
84952A,102,21,81,1.4411764705882353,0.0,4.048159414081556,24.0,79.41176470588235,20.588235294117652,7.0,6.4730209330729025,4.857142857142857,0.8551020408163263,lumpy
35911B,68,14,54,2.338235294117647,0.0,7.698827772988477,51.0,79.41176470588235,20.588235294117652,11.357142857142858,13.97033749307187,4.857142857142857,1.5131278278305687,lumpy
20793,92,19,73,3.010869565217391,0.0,25.002634834874836,240.0,79.34782608695652,20.652173913043484,14.578947368421053,54.61106500566192,4.842105263157895,14.031656870283728,lumpy
84527,87,18,69,0.8850574712643678,0.0,3.0819251283343423,24.0,79.3103448275862,20.689655172413794,4.277777777777778,5.716905328580116,4.833333333333333,1.7860168860932806,lumpy
84855,29,6,23,0.7586206896551724,0.0,2.029341420506964,9.0,79.3103448275862,20.689655172413794,3.6666666666666665,3.204163957519444,4.833333333333333,0.7636363636363637,lumpy
16201A,29,6,23,2.6551724137931036,0.0,7.46073465393018,36.0,79.3103448275862,20.689655172413794,12.833333333333334,12.448560827126428,4.833333333333333,0.9409343902850392,lumpy
84816,87,18,69,0.3793103448275862,0.0,0.8659096481996423,4.0,79.3103448275862,20.689655172413794,1.8333333333333333,0.9851843661437781,4.833333333333333,0.2887700534759359,intermittent
84800S,82,17,65,4.7317073170731705,0.0,24.61558714275194,216.0,79.26829268292683,20.731707317073173,22.823529411764707,51.27162384560007,4.823529411764706,5.046479766712721,lumpy
20861,53,11,42,0.7735849056603774,0.0,2.0535289460037984,11.0,79.24528301886792,20.754716981132077,3.727272727272727,3.133397807202561,4.818181818181818,0.7067221891731112,lumpy
90178B,53,11,42,0.3018867924528302,0.0,0.6675127673909305,3.0,79.24528301886792,20.754716981132077,1.4545454545454546,0.6875516509523286,4.818181818181818,0.22343749999999998,intermittent
90013D,77,16,61,0.5974025974025974,0.0,1.7264181070990539,12.0,79.22077922077922,20.77922077922078,2.875,2.84897642437888,4.8125,0.9819785759294267,lumpy
90103,101,21,80,0.42574257425742573,0.0,1.5254280360178605,14.0,79.20792079207921,20.792079207920793,2.0476190476190474,2.8544034486419485,4.809523809523809,1.9432666306111415,lumpy
90184A,101,21,80,0.39603960396039606,0.0,1.0205803047363993,5.0,79.20792079207921,20.792079207920793,1.9047619047619047,1.4800257398019099,4.809523809523809,0.6037500000000002,lumpy
90022,101,21,80,0.31683168316831684,0.0,0.7737014032468463,5.0,79.20792079207921,20.792079207920793,1.5238095238095237,1.030487633067356,4.809523809523809,0.45732421875000007,intermittent
20836,91,19,72,2.4615384615384617,0.0,5.433042307763554,24.0,79.12087912087912,20.879120879120876,11.789473684210526,5.613267491383655,4.7894736842105265,0.22669536564625847,intermittent
17084J,85,18,67,5.341176470588235,0.0,11.61541764943768,50.0,78.82352941176471,21.17647058823529,25.22222222222222,11.649567301005371,4.722222222222222,0.2133304718188387,intermittent
85195,66,14,52,2.196969696969697,0.0,11.859718114395205,96.0,78.78787878787878,21.212121212121218,10.357142857142858,24.743630549037317,4.714285714285714,5.70751303393396,lumpy
gift_0001_20,99,21,78,0.2828282828282828,0.0,0.6395215692682038,3.0,78.78787878787878,21.212121212121218,1.3333333333333333,0.7302967433402214,4.714285714285714,0.29999999999999993,intermittent
84802B,61,13,48,6.688524590163935,0.0,31.27914160352793,240.0,78.68852459016394,21.311475409836063,31.384615384615383,63.657335871495675,4.6923076923076925,4.113990612584904,lumpy
22034,103,22,81,14.883495145631068,0.0,46.1832031623063,336.0,78.64077669902913,21.359223300970868,69.68181818181819,79.74625613761043,4.681818181818182,1.3097296477262086,lumpy
84522,103,22,81,1.8058252427184467,0.0,10.219222805745758,100.0,78.64077669902913,21.359223300970868,8.454545454545455,21.174394403500145,4.681818181818182,6.272511548265968,lumpy
90185B,103,22,81,0.5922330097087378,0.0,1.7002704121950571,12.0,78.64077669902913,21.359223300970868,2.772727272727273,2.776291088447357,4.681818181818182,1.0025722731984494,lumpy
35819B,103,22,81,3.737864077669903,0.0,10.582969268138484,72.0,78.64077669902913,21.359223300970868,17.5,17.07894833385464,4.681818181818182,0.9524586977648204,lumpy
90205A,103,22,81,0.36893203883495146,0.0,0.8630803391380125,4.0,78.64077669902913,21.359223300970868,1.7272727272727273,1.0771133460194244,4.681818181818182,0.38886690410236113,intermittent
72756,28,6,22,107.67857142857143,0.0,445.028925699212,2309.0,78.57142857142857,21.42857142857143,502.5,911.8095744178167,4.666666666666667,3.292578698547066,lumpy
84823,42,9,33,2.857142857142857,0.0,13.676705188325233,88.0,78.57142857142857,21.42857142857143,13.333333333333334,28.310775333784132,4.666666666666667,4.5084375,lumpy
79063D,42,9,33,4.5,0.0,16.657599159425633,100.0,78.57142857142857,21.42857142857143,21.0,32.12864765283469,4.666666666666667,2.3407029478458043,lumpy
90214F,98,21,77,0.3163265306122449,0.0,0.7678721271271456,5.0,78.57142857142857,21.42857142857143,1.4761904761904763,1.0304876330673558,4.666666666666667,0.4873048907388134,intermittent
20833,14,3,11,3.5714285714285716,0.0,9.866137001920222,36.0,78.57142857142857,21.42857142857143,16.666666666666668,17.473789896108208,4.666666666666667,1.0992,lumpy
35597A,14,3,11,0.7142857142857143,0.0,1.8985245861972935,7.0,78.57142857142857,21.42857142857143,3.3333333333333335,3.214550253664318,4.666666666666667,0.9299999999999997,lumpy
90165A,102,22,80,0.4117647058823529,0.0,1.1288559105841642,7.0,78.43137254901961,21.568627450980387,1.9090909090909092,1.7703669490247307,4.636363636363637,0.8599503293380841,lumpy
90058B,102,22,80,10.607843137254902,0.0,26.114051777776236,144.0,78.43137254901961,21.568627450980387,49.18181818181818,35.949218633321095,4.636363636363637,0.5342810252865913,lumpy
90160D,102,22,80,0.6862745098039216,0.0,1.8400408527366605,10.0,78.43137254901961,21.568627450980387,3.1818181818181817,2.8222983480433044,4.636363636363637,0.7867832847424684,lumpy
DCGSSGIRL,74,16,58,1.2432432432432432,0.0,3.2847126636112285,19.0,78.37837837837837,21.621621621621628,5.75,4.9866488413228645,4.625,0.7521109010712035,lumpy
35824B,23,5,18,22.956521739130434,0.0,76.60315579831466,360.0,78.26086956521739,21.73913043478261,105.6,146.16873810770895,4.6,1.9159367108585863,lumpy
84801B,69,15,54,3.101449275362319,0.0,10.980122317351787,86.0,78.26086956521739,21.73913043478261,14.266666666666667,20.369678679935273,4.6,2.038559200429233,lumpy
84797b,23,5,18,0.782608695652174,0.0,1.6775664663469694,6.0,78.26086956521739,21.73913043478261,3.6,1.6733200530681511,4.6,0.21604938271604937,intermittent
16053,46,10,36,93.76086956521739,0.0,411.2457597097228,2000.0,78.26086956521739,21.73913043478261,431.3,826.9577511712567,4.6,3.6762727764045957,lumpy
46138B,101,22,79,0.7029702970297029,0.0,2.2205609852262356,18.0,78.21782178217822,21.78217821782178,3.227272727272727,3.8659911337052293,4.590909090909091,1.4349949462030398,lumpy
75178,87,19,68,5.7011494252873565,0.0,26.6476208382264,147.0,78.16091954022988,21.839080459770116,26.105263157894736,53.20181151556789,4.578947368421052,4.153332393918373,lumpy
17014D,32,7,25,14.96875,0.0,49.088126397590344,193.0,78.125,21.875,68.42857142857143,90.45414518391284,4.571428571428571,1.747358434920815,lumpy
90214I,96,21,75,0.5104166666666666,0.0,1.6669846187947404,12.0,78.125,21.875,2.3333333333333335,2.9552213679068666,4.571428571428571,1.6040816326530605,lumpy
35085E,32,7,25,1.1875,0.0,2.4943484507077973,9.0,78.125,21.875,5.428571428571429,2.29906813420444,4.571428571428571,0.17936288088642657,intermittent
35818P,82,18,64,6.7926829268292686,0.0,22.124082071983302,144.0,78.04878048780488,21.951219512195124,30.944444444444443,39.25403272234995,4.555555555555555,1.6091746420759194,lumpy
82545A,41,9,32,0.7560975609756098,0.0,1.7288795187183816,7.0,78.04878048780488,21.951219512195124,3.4444444444444446,2.1278575558006176,4.555555555555555,0.381633714880333,intermittent
16207B,91,20,71,2.912087912087912,0.0,14.244412824096912,120.0,78.02197802197803,21.97802197802197,13.25,28.58206099157854,4.55,4.653238650203294,lumpy
90185C,100,22,78,0.59,0.0,1.491355562614568,7.0,78.0,22.0,2.6818181818181817,2.1466776908108747,4.545454545454546,0.6407299489747065,lumpy
37462E,100,22,78,1.06,0.0,3.792123682081325,24.0,78.0,22.0,4.818181818181818,6.98731070029885,4.545454545454546,2.1030700639102196,lumpy
90125A,59,13,46,2.0677966101694913,0.0,7.411231939055144,48.0,77.96610169491525,22.033898305084747,9.384615384615385,13.823521388913303,4.538461538461538,2.169723640598405,lumpy
84226,68,15,53,1.1323529411764706,0.0,4.458446325208742,34.0,77.94117647058823,22.058823529411768,5.133333333333334,8.551246080180919,4.533333333333333,2.7749801219188974,lumpy
84875B,86,19,67,4.325581395348837,0.0,21.7100908283602,192.0,77.90697674418605,22.093023255813947,19.57894736842105,43.7090326152815,4.526315789473684,4.98383563931604,lumpy
90000B,86,19,67,0.3372093023255814,0.0,0.7453457960417799,4.0,77.90697674418605,22.093023255813947,1.5263157894736843,0.8411910241920598,4.526315789473684,0.30373893513013606,intermittent
84766,95,21,74,2.1052631578947367,0.0,6.713710462530541,36.0,77.89473684210526,22.10526315789474,9.523809523809524,11.732941010757052,4.523809523809524,1.5177224999999999,lumpy
90003D,104,23,81,0.5096153846153846,0.0,1.1905386910582312,7.0,77.88461538461539,22.115384615384613,2.3043478260869565,1.5206094056091055,4.521739130434782,0.43545098546878536,intermittent
84666,72,16,56,3.138888888888889,0.0,8.275716309672816,48.0,77.77777777777777,22.22222222222223,14.125,12.595634164265011,4.5,0.7951758164304172,lumpy
21196,90,20,70,1.8444444444444446,0.0,4.63235109357897,24.0,77.77777777777777,22.22222222222223,8.3,6.641971806149452,4.5,0.6403801636476152,lumpy
16169F,45,10,35,20.0,0.0,54.25109969559897,275.0,77.77777777777777,22.22222222222223,90.0,85.95864638818418,4.5,0.9122085048010974,lumpy
21461,63,14,49,1.3015873015873016,0.0,3.8379888913542644,25.0,77.77777777777777,22.22222222222223,5.857142857142857,6.443328605347046,4.5,1.210177092390061,lumpy
84705F,18,4,14,0.3333333333333333,0.0,0.6859943405700353,2.0,77.77777777777777,22.22222222222223,1.5,0.5773502691896257,4.5,0.1481481481481481,intermittent
23638,9,2,7,0.2222222222222222,0.0,0.4409585518440985,1.0,77.77777777777777,22.22222222222223,1.0,0.0,4.5,0.0,intermittent
35937,45,10,35,4.177777777777778,0.0,11.300219002079096,58.0,77.77777777777777,22.22222222222223,18.8,17.856215848954236,4.5,0.902117599718324,lumpy
82069,45,10,35,0.37777777777777777,0.0,0.8336363085599708,4.0,77.77777777777777,22.22222222222223,1.7,0.9486832980505138,4.5,0.3114186851211073,intermittent
90010A,103,23,80,0.4368932038834951,0.0,1.3696278506466948,12.0,77.66990291262135,22.330097087378647,1.9565217391304348,2.364092385319176,4.478260869565218,1.4600224466891134,lumpy
84711B,103,23,80,0.3592233009708738,0.0,0.8500792227445265,6.0,77.66990291262135,22.330097087378647,1.608695652173913,1.1175919907137442,4.478260869565218,0.4826349691214554,intermittent
21265,103,23,80,2.883495145631068,0.0,9.490243670164315,76.0,77.66990291262135,22.330097087378647,12.91304347826087,16.798033011143843,4.478260869565218,1.6922309514902114,lumpy
37489A,103,23,80,0.44660194174757284,0.0,1.0263981887927205,6.0,77.66990291262135,22.330097087378647,2.0,1.2792042981336624,4.478260869565218,0.409090909090909,intermittent
21226,103,23,80,2.0679611650485437,0.0,6.204460975659131,45.0,77.66990291262135,22.330097087378647,9.26086956521739,10.432542579066313,4.478260869565218,1.26904434145061,lumpy
90199C,103,23,80,0.941747572815534,0.0,5.100605966919369,51.0,77.66990291262135,22.330097087378647,4.217391304347826,10.304264438214316,4.478260869565218,5.9696132329780935,lumpy
21816,103,23,80,3.766990291262136,0.0,10.841282649220847,61.0,77.66990291262135,22.330097087378647,16.869565217391305,17.71569501324663,4.478260869565218,1.1028300998077274,lumpy
90166,103,23,80,0.3786407766990291,0.0,0.8645128386119441,4.0,77.66990291262135,22.330097087378647,1.6956521739130435,1.06321906614239,4.478260869565218,0.39316239316239315,intermittent
DCGSSBOY,76,17,59,1.013157894736842,0.0,3.12620503082201,20.0,77.63157894736842,22.368421052631575,4.529411764705882,5.374914500003971,4.470588235294118,1.408184348119413,lumpy
84452,98,22,76,1.8979591836734695,0.0,5.100009694590275,36.0,77.55102040816327,22.448979591836732,8.454545454545455,7.878404919097777,4.454545454545454,0.8683525207978899,lumpy
84827,98,22,76,9.755102040816327,0.0,27.6800800101973,180.0,77.55102040816327,22.448979591836732,43.45454545454545,44.77640457792929,4.454545454545454,1.0617640414125071,lumpy
47469,98,22,76,12.428571428571429,0.0,52.368047234301386,312.0,77.55102040816327,22.448979591836732,55.36363636363637,100.88161164007823,4.454545454545454,3.320280757491075,lumpy
82001s,71,16,55,1.5211267605633803,0.0,4.201561461203875,25.0,77.46478873239437,22.535211267605632,6.75,6.688298238964328,4.4375,0.9818015546410608,lumpy
90016B,102,23,79,0.3431372549019608,0.0,0.777086435031021,4.0,77.45098039215686,22.549019607843135,1.5217391304347827,0.9472239447886796,4.434782608695652,0.3874582560296844,intermittent
20821,102,23,79,0.4117647058823529,0.0,1.102229434494808,6.0,77.45098039215686,22.549019607843135,1.826086956521739,1.6963108075265056,4.434782608695652,0.8629148629148632,lumpy
47586A,102,23,79,1.9607843137254901,0.0,10.529469788751316,84.0,77.45098039215686,22.549019607843135,8.695652173913043,21.160500901892004,4.434782608695652,5.921715909090909,lumpy
90185A,102,23,79,0.5392156862745098,0.0,1.4048823538881667,6.0,77.45098039215686,22.549019607843135,2.391304347826087,2.1049536905893422,4.434782608695652,0.7748459804658154,lumpy
84725,93,21,72,1.4301075268817205,0.0,5.903937244611625,48.0,77.41935483870968,22.58064516129032,6.333333333333333,11.301917241483116,4.428571428571429,3.184487534626039,lumpy
16206B,53,12,41,1.8113207547169812,0.0,6.911686323716202,48.0,77.35849056603773,22.64150943396227,8.0,13.107943462579545,4.416666666666667,2.6846590909090913,lumpy
84952C,97,22,75,3.7938144329896906,0.0,13.444281733889923,96.0,77.31958762886597,22.680412371134025,16.727272727272727,24.48747360664966,4.409090909090909,2.1430765595463144,lumpy
84967B,44,10,34,0.5454545454545454,0.0,1.2474074594850146,6.0,77.27272727272727,22.727272727272734,2.4,1.577621275493231,4.4,0.43209876543209885,intermittent
85081,44,10,34,2.3636363636363638,0.0,5.117643485183159,17.0,77.27272727272727,22.727272727272734,10.4,5.680375574437544,4.4,0.29832347140039445,intermittent
90195A,101,23,78,0.5742574257425742,0.0,1.4307098563542877,8.0,77.22772277227723,22.772277227722768,2.5217391304347827,2.0420481077360297,4.391304347826087,0.6557399200086474,lumpy
90124B,101,23,78,0.38613861386138615,0.0,0.8598871673621251,4.0,77.22772277227723,22.772277227722768,1.6956521739130435,1.0195713274212868,4.391304347826087,0.36154443846751544,intermittent
15030,101,23,78,2.495049504950495,0.0,7.235501036384747,60.0,77.22772277227723,22.772277227722768,10.956521739130435,11.87617271097341,4.391304347826087,1.1749181153943054,lumpy
84367,35,8,27,2.1142857142857143,0.0,4.5682499453319325,12.0,77.14285714285714,22.85714285714286,9.25,5.092010548749032,4.375,0.30303662736095155,intermittent
16169C,48,11,37,26.041666666666668,0.0,63.15262105486431,250.0,77.08333333333333,22.91666666666667,113.63636363636364,88.29187134416478,4.363636363636363,0.60368,lumpy
90002A,48,11,37,0.75,0.0,1.7805091311075736,7.0,77.08333333333333,22.91666666666667,3.272727272727273,2.412090756622109,4.363636363636363,0.5432098765432098,lumpy
72798C,61,14,47,0.4426229508196721,0.0,1.1033976340367124,6.0,77.04918032786885,22.950819672131146,1.9285714285714286,1.5915297775935682,4.357142857142857,0.6810171995357179,lumpy
85179A,104,24,80,1.8076923076923077,0.0,6.376651772422293,47.0,76.92307692307692,23.07692307692308,7.833333333333333,11.525648776105617,4.333333333333333,2.164898537603086,lumpy
84876C,13,3,10,0.5384615384615384,0.0,1.39136531360295,5.0,76.92307692307692,23.07692307692308,2.3333333333333335,2.3094010767585034,4.333333333333333,0.9795918367346941,lumpy
90190C,104,24,80,0.5288461538461539,0.0,1.8588895879996241,17.0,76.92307692307692,23.07692307692308,2.2916666666666665,3.3554519771581433,4.333333333333333,2.1438735177865618,lumpy
85132a,26,6,20,0.34615384615384615,0.0,0.7452413135250993,3.0,76.92307692307692,23.07692307692308,1.5,0.8366600265340756,4.333333333333333,0.31111111111111117,intermittent
20795,104,24,80,1.2884615384615385,0.0,4.078532662382144,36.0,76.92307692307692,23.07692307692308,5.583333333333333,7.033563427790612,4.333333333333333,1.586951678983409,lumpy
72133,104,24,80,1.0288461538461537,0.0,3.089150229618189,24.0,76.92307692307692,23.07692307692308,4.458333333333333,5.175016628132636,4.333333333333333,1.3473437968761275,lumpy
90186B,104,24,80,0.5480769230769231,0.0,1.3786148084733083,7.0,76.92307692307692,23.07692307692308,2.375,1.9959197509353706,4.333333333333333,0.7062507527399733,lumpy
35271S,52,12,40,7.615384615384615,0.0,24.46378182983567,145.0,76.92307692307692,23.07692307692308,33.0,43.13825553854828,4.333333333333333,1.7088237749394777,lumpy
84030C,13,3,10,1.4615384615384615,0.0,3.4306312493811935,12.0,76.92307692307692,23.07692307692308,6.333333333333333,4.932882862316247,4.333333333333333,0.6066481994459835,lumpy
37409,13,3,10,0.5384615384615384,0.0,1.3913653136029502,5.0,76.92307692307692,23.07692307692308,2.3333333333333335,2.3094010767585034,4.333333333333333,0.9795918367346941,lumpy
35920,65,15,50,16.46153846153846,0.0,119.29808738553251,963.0,76.92307692307692,23.07692307692308,71.33333333333333,246.7122866436781,4.333333333333333,11.961799533334169,lumpy
90160A,91,21,70,0.5604395604395604,0.0,1.4158530307344066,9.0,76.92307692307692,23.07692307692308,2.4285714285714284,2.0632844828435215,4.333333333333333,0.7217993079584778,lumpy
84745B,69,16,53,1.1304347826086956,0.0,2.4248289416821627,10.0,76.81159420289855,23.188405797101453,4.875,2.6801741236966925,4.3125,0.30225728687267156,intermittent
84857C,56,13,43,3.517857142857143,0.0,11.192515472287836,73.0,76.78571428571429,23.214285714285708,15.153846153846153,19.573988495986853,4.3076923076923075,1.6684488993102975,lumpy
72134,99,23,76,3.3838383838383836,0.0,15.313530812088944,132.0,76.76767676767676,23.23232323232324,14.565217391304348,29.569373109468458,4.304347826086956,4.121452439296056,lumpy
84510E,99,23,76,1.4646464646464648,0.0,10.083643182040758,100.0,76.76767676767676,23.23232323232324,6.304347826086956,20.519247688248704,4.304347826086956,10.593574748675826,lumpy
21341,43,10,33,0.9302325581395349,0.0,2.2081596392127225,10.0,76.74418604651163,23.25581395348837,4.0,3.0184617127124724,4.3,0.5694444444444445,lumpy
35838B,43,10,33,2.3255813953488373,0.0,6.323504642479134,27.0,76.74418604651163,23.25581395348837,10.0,10.066445913694333,4.3,1.0133333333333334,lumpy
47343A,86,20,66,2.3255813953488373,0.0,7.737520290521895,48.0,76.74418604651163,23.25581395348837,10.0,13.676718596905742,4.3,1.8705263157894736,lumpy
21117,103,24,79,3.1844660194174756,0.0,10.484112698498349,96.0,76.69902912621359,23.30097087378641,13.666666666666666,18.383987992074886,4.291666666666667,1.8094819336316375,lumpy
90122C,103,24,79,0.5242718446601942,0.0,1.2668059278000356,6.0,76.69902912621359,23.30097087378641,2.25,1.7507762253652945,4.291666666666667,0.6054750402576492,lumpy
20847,103,24,79,0.7281553398058253,0.0,1.961362945271464,12.0,76.69902912621359,23.30097087378641,3.125,3.0404876611147933,4.291666666666667,0.9466434782608697,lumpy
90059F,103,24,79,0.4563106796116505,0.0,1.1696882358981615,6.0,76.69902912621359,23.30097087378641,1.9583333333333333,1.7315277663950703,4.291666666666667,0.7817820379081624,lumpy
17090A,103,24,79,1.6796116504854368,0.0,5.772167147025134,42.0,76.69902912621359,23.30097087378641,7.208333333333333,10.303984736463626,4.291666666666667,2.043340253091738,lumpy
23143,30,7,23,0.4666666666666667,0.0,0.9371024061116424,3.0,76.66666666666667,23.33333333333333,2.0,0.8164965809277261,4.285714285714286,0.1666666666666667,intermittent
72801c,94,22,72,0.6382978723404256,0.0,1.443197345128057,7.0,76.59574468085107,23.40425531914893,2.727272727272727,1.804275825757042,4.2727272727272725,0.43767195767195777,intermittent
84870C,98,23,75,0.9489795918367347,0.0,2.262980649996731,11.0,76.53061224489795,23.469387755102048,4.043478260869565,3.0818863891154424,4.260869565217392,0.5809289565793209,lumpy
90019B,98,23,75,0.3163265306122449,0.0,0.6356576069783865,3.0,76.53061224489795,23.469387755102048,1.3478260869565217,0.5727680517510725,4.260869565217392,0.18058840223252287,intermittent
90183A,98,23,75,0.5,0.0,1.3101506956685653,7.0,76.53061224489795,23.469387755102048,2.130434782608696,1.9841267331701957,4.260869565217392,0.8673658702813222,lumpy
90036E,98,23,75,0.45918367346938777,0.0,1.2366263330391067,10.0,76.53061224489795,23.469387755102048,1.9565217391304348,1.9182914005002478,4.260869565217392,0.9613019079685747,lumpy
90090,51,12,39,3.0,0.0,9.1804139340228,48.0,76.47058823529412,23.529411764705884,12.75,15.731410385825955,4.25,1.522351543112789,lumpy
84952B,102,24,78,3.5392156862745097,0.0,13.354030480414167,102.0,76.47058823529412,23.529411764705884,15.041666666666666,24.54716696071262,4.25,2.6632432358494054,lumpy
72038P,34,8,26,25.0,0.0,58.06214017078703,200.0,76.47058823529412,23.529411764705884,106.25,77.63237542601485,4.25,0.5338606030647552,lumpy
79303B,34,8,26,3.176470588235294,0.0,15.443878042252122,90.0,76.47058823529412,23.529411764705884,13.5,31.06674841599708,4.25,5.295708406819518,lumpy
gift_0001_30,89,21,68,0.2696629213483146,0.0,0.5170731648558994,2.0,76.40449438202248,23.595505617977523,1.1428571428571428,0.358568582800318,4.238095238095238,0.09843749999999997,intermittent
84016,93,22,71,10.795698924731182,0.0,37.69025913248124,313.0,76.34408602150538,23.655913978494624,45.63636363636363,67.51052507328761,4.2272727272727275,2.1883707817185063,lumpy
79026B,76,18,58,0.8026315789473685,0.0,2.1230150688245577,14.0,76.3157894736842,23.684210526315795,3.388888888888889,3.25646666855331,4.222222222222222,0.9233760690516467,lumpy
84247K,97,23,74,0.7216494845360825,0.0,2.8640816883472033,24.0,76.28865979381443,23.711340206185568,3.0434782608695654,5.329832513738676,4.217391304347826,3.0668089053803342,lumpy
22039,97,23,74,8.762886597938145,0.0,19.77781437825616,125.0,76.28865979381443,23.711340206185568,36.95652173913044,24.851336640235754,4.217391304347826,0.4521862220824157,intermittent
84803A,59,14,45,1.8983050847457628,0.0,4.53604307000107,24.0,76.27118644067797,23.728813559322035,8.0,6.2634470725607025,4.214285714285714,0.6129807692307693,lumpy
72807c,101,24,77,0.5346534653465347,0.0,2.1003064368593627,20.0,76.23762376237623,23.76237623762377,2.25,3.892579339338311,4.208333333333333,2.993022007514761,lumpy
21331,101,24,77,1.0693069306930694,0.0,4.9824841710587995,48.0,76.23762376237623,23.76237623762377,4.5,9.582592914056288,4.208333333333333,4.534621578099841,lumpy
90175B,101,24,77,0.3564356435643564,0.0,0.8669966368543951,6.0,76.23762376237623,23.76237623762377,1.5,1.2158375177486578,4.208333333333333,0.6570048309178745,lumpy
84614A,42,10,32,0.40476190476190477,0.0,0.766987258123049,2.0,76.19047619047619,23.80952380952381,1.7,0.48304589153964794,4.2,0.08073817762399077,intermittent
17001,63,15,48,18.07936507936508,0.0,59.6495955120541,436.0,76.19047619047619,23.80952380952381,75.93333333333334,105.1206563000459,4.2,1.9165104748279609,lumpy
85147,21,5,16,2.4761904761904763,0.0,6.087848943748912,22.0,76.19047619047619,23.80952380952381,10.4,9.071934744033381,4.2,0.7609097633136095,lumpy
85080,42,10,32,2.6666666666666665,0.0,6.606230121844396,33.0,76.19047619047619,23.80952380952381,11.2,9.624043964063247,4.2,0.7383786848072563,lumpy
90214V,92,22,70,0.2826086956521739,0.0,0.5611230292810024,3.0,76.08695652173913,23.913043478260875,1.1818181818181819,0.5010810823432182,4.181818181818182,0.1797689489997182,intermittent
84872a,71,17,54,0.7323943661971831,0.0,1.9045640406955773,12.0,76.05633802816901,23.94366197183099,3.0588235294117645,2.8825029972944978,4.176470588235294,0.8880362426035502,lumpy
84782B,25,6,19,0.4,0.0,0.9128709291752768,4.0,76.0,24.0,1.6666666666666667,1.2110601416389966,4.166666666666667,0.5279999999999999,lumpy
90072,104,25,79,0.3942307692307692,0.0,1.0279423242364738,7.0,75.96153846153847,24.038461538461533,1.64,1.5513435037626795,4.16,0.8948046797541147,lumpy
90174,104,25,79,0.4326923076923077,0.0,1.0312065049555224,6.0,75.96153846153847,24.038461538461533,1.8,1.4142135623730951,4.16,0.617283950617284,lumpy
84228,104,25,79,3.4038461538461537,0.0,13.578623427641471,120.0,75.96153846153847,24.038461538461533,14.16,25.152335875619983,4.16,3.155223594752466,lumpy
72812,104,25,79,0.9903846153846154,0.0,2.5447268619816765,18.0,75.96153846153847,24.038461538461533,4.12,3.7894590642992836,4.16,0.8459798284475446,lumpy
79337,79,19,60,15.113924050632912,0.0,51.458469025073164,288.0,75.9493670886076,24.0506329113924,62.8421052631579,91.15143880006303,4.157894736842105,2.1039024765866676,lumpy
90037D,29,7,22,0.4827586206896552,0.0,1.2136335542250334,6.0,75.86206896551724,24.13793103448276,2.0,1.8257418583505538,4.142857142857143,0.8333333333333334,lumpy
16254,99,24,75,9.505050505050505,0.0,87.49523295905128,871.0,75.75757575757575,24.24242424242425,39.208333333333336,177.21026056432333,4.125,20.427770256823813,lumpy
84509E,99,24,75,1.505050505050505,0.0,6.894798005615505,60.0,75.75757575757575,24.24242424242425,6.208333333333333,13.118122766902902,4.125,4.464710755293044,lumpy
78124,103,25,78,7.077669902912621,0.0,32.20117197976433,288.0,75.72815533980582,24.271844660194176,29.16,61.12397238400004,4.12,4.393879094763106,lumpy
84859C,103,25,78,2.941747572815534,0.0,11.72965509641071,100.0,75.72815533980582,24.271844660194176,12.12,21.653175286779536,4.12,3.1918167064231184,lumpy
85161,103,25,78,0.49514563106796117,0.0,1.4339974731823868,12.0,75.72815533980582,24.271844660194176,2.04,2.3359509127262643,4.12,1.311194412405485,lumpy
90101,103,25,78,0.49514563106796117,0.0,1.589634231006488,14.0,75.72815533980582,24.271844660194176,2.04,2.730689778548026,4.12,1.7917788030244777,lumpy
85026B,103,25,78,2.883495145631068,0.0,13.047650957445525,125.0,75.72815533980582,24.271844660194176,11.88,24.742540963557747,4.12,4.337662067740629,lumpy
90082A,103,25,78,0.4854368932038835,0.0,1.170420384255353,6.0,75.72815533980582,24.271844660194176,2.0,1.632993161855452,4.12,0.6666666666666666,lumpy
16202A,70,17,53,9.442857142857143,0.0,50.42590653314465,301.0,75.71428571428571,24.285714285714292,38.88235294117647,98.73948194171187,4.117647058823529,6.448765909626682,lumpy
84535A,74,18,56,7.391891891891892,0.0,39.12180402021834,333.0,75.67567567567568,24.324324324324323,30.38888888888889,76.36917986980696,4.111111111111111,6.3154835897709125,lumpy
20860,37,9,28,0.5405405405405406,0.0,1.1924436766245698,5.0,75.67567567567568,24.324324324324323,2.2222222222222223,1.481365736219265,4.111111111111111,0.4443750000000001,intermittent
35963,41,10,31,2.4634146341463414,0.0,6.550181527925809,31.0,75.60975609756098,24.390243902439025,10.1,10.246408584908611,4.1,1.0292019300939996,lumpy
20701,82,20,62,4.280487804878049,0.0,19.796042995448033,144.0,75.60975609756098,24.390243902439025,17.55,37.756107906013376,4.1,4.6282860827770085,lumpy
90122B,90,22,68,0.4888888888888889,0.0,1.2108539510966596,7.0,75.55555555555556,24.444444444444443,2.0,1.745743121887939,4.090909090909091,0.7619047619047618,lumpy
84231,94,23,71,2.4468085106382977,0.0,5.9271872624928905,37.0,75.53191489361703,24.468085106382972,10.0,8.33939173713854,4.086956521739131,0.6954545454545454,lumpy
22929,49,12,37,0.46938775510204084,0.0,1.0021235955111885,4.0,75.51020408163265,24.48979591836735,1.9166666666666667,1.164500152881315,4.083333333333333,0.369135590307613,intermittent
35645,98,24,74,0.6224489795918368,0.0,1.3509470227195532,7.0,75.51020408163265,24.48979591836735,2.5416666666666665,1.6145847942957392,4.083333333333333,0.40353808583480366,intermittent
84744,102,25,77,1.4607843137254901,0.0,4.050844108654737,24.0,75.49019607843137,24.509803921568633,5.96,6.4127477210111214,4.08,1.157699352882002,lumpy
20935,102,25,77,2.9411764705882355,0.0,10.613669058315361,72.0,75.49019607843137,24.509803921568633,12.0,18.995613528742194,4.08,2.5057870370370376,lumpy
85040a,102,25,77,0.49019607843137253,0.0,1.1667429323049179,8.0,75.49019607843137,24.509803921568633,2.0,1.6072751268321595,4.08,0.6458333333333336,lumpy
85030,69,17,52,3.0579710144927534,0.0,12.839374249424875,88.0,75.3623188405797,24.637681159420296,12.411764705882353,24.026180573307457,4.0588235294117645,3.7471614518991045,lumpy
84906,73,18,55,0.8493150684931506,0.0,1.9197166521008044,9.0,75.34246575342466,24.657534246575338,3.4444444444444446,2.4786671518526244,4.055555555555555,0.517842933219073,lumpy
16049,77,19,58,35.54545454545455,0.0,107.97642840411557,720.0,75.32467532467533,24.675324675324674,144.05263157894737,180.9071197186896,4.052631578947368,1.5771352019068499,lumpy
84925D,81,20,61,5.580246913580247,0.0,33.86623104123446,271.0,75.30864197530865,24.691358024691354,22.6,66.51505567598171,4.05,8.662096937072102,lumpy
90165B,104,26,78,0.47115384615384615,0.0,1.1820397934033133,7.0,75.0,25.0,1.8846153846153846,1.728049144600305,4.0,0.8407496876301541,lumpy
21270,104,26,78,0.7211538461538461,0.0,2.0118905313366704,12.0,75.0,25.0,2.8846153846153846,3.191575448920775,4.0,1.2241493333333333,lumpy
90002E,32,8,24,0.40625,0.0,0.9791166196315481,5.0,75.0,25.0,1.625,1.407885953173359,4.0,0.7506339814032124,lumpy
72754A,12,3,9,9.333333333333334,0.0,21.098614057599026,65.0,75.0,25.0,37.333333333333336,29.67041174863155,4.0,0.6316167091836733,lumpy
72799C,104,26,78,3.9711538461538463,0.0,23.82845518126629,240.0,75.0,25.0,15.884615384615385,46.28721371875989,4.0,8.491192186153402,lumpy
21097,24,6,18,1.3333333333333333,0.0,3.0024144873123677,12.0,75.0,25.0,5.333333333333333,3.9832984656772417,4.0,0.5578125000000002,lumpy
21300,12,3,9,4.25,0.0,11.169153951844338,38.0,75.0,25.0,17.0,19.0,4.0,1.2491349480968859,lumpy
20905,8,2,6,0.625,0.0,1.407885953173359,4.0,75.0,25.0,2.5,2.1213203435596424,4.0,0.7199999999999998,lumpy
44241C,28,7,21,2.5,0.0,9.106367328739045,48.0,75.0,25.0,10.0,16.901676445449624,4.0,2.8566666666666665,lumpy
37482B,28,7,21,44.464285714285715,0.0,134.80534172921395,505.0,75.0,25.0,177.85714285714286,232.5879250028747,4.0,1.7101401590296932,lumpy
90204,104,26,78,0.4807692307692308,0.0,1.1058605508286359,7.0,75.0,25.0,1.9230769230769231,1.4675987714106855,4.0,0.5823999999999998,lumpy
90160B,96,24,72,0.7291666666666666,0.0,1.8944748844255757,10.0,75.0,25.0,2.9166666666666665,2.8577380332470415,4.0,0.9600000000000003,lumpy
85070,12,3,9,0.25,0.0,0.45226701686664544,1.0,75.0,25.0,1.0,0.0,4.0,0.0,intermittent
47570b,32,8,24,0.25,0.0,0.43994134506405985,1.0,75.0,25.0,1.0,0.0,4.0,0.0,intermittent
72796A,16,4,12,0.375,0.0,0.7187952884282607,2.0,75.0,25.0,1.5,0.5773502691896257,4.0,0.1481481481481481,intermittent
79302m,16,4,12,0.25,0.0,0.4472135954999579,1.0,75.0,25.0,1.0,0.0,4.0,0.0,intermittent
23448,8,2,6,3.125,0.0,5.792544469278715,13.0,75.0,25.0,12.5,0.7071067811865476,4.0,0.0032,intermittent
90125D,84,21,63,1.4047619047619047,0.0,5.663493424905953,48.0,75.0,25.0,5.619047619047619,10.404211601443862,4.0,3.4284113760413684,lumpy
84247C,52,13,39,1.3461538461538463,0.0,4.067492436497616,24.0,75.0,25.0,5.384615384615385,6.837865913895231,4.0,1.6126190476190478,lumpy
72785B,8,2,6,1.125,0.0,2.1001700611413083,5.0,75.0,25.0,4.5,0.7071067811865476,4.0,0.024691358024691364,intermittent
18098B,12,3,9,0.25,0.0,0.45226701686664544,1.0,75.0,25.0,1.0,0.0,4.0,0.0,intermittent
72045D,8,2,6,4.375,0.0,8.210402808980461,20.0,75.0,25.0,17.5,3.5355339059327378,4.0,0.04081632653061225,intermittent
85232a,8,2,6,0.25,0.0,0.4629100498862757,1.0,75.0,25.0,1.0,0.0,4.0,0.0,intermittent
90019C,103,26,77,0.34951456310679613,0.0,0.6960496075412913,3.0,74.75728155339806,25.24271844660194,1.3846153846153846,0.6972473349922867,3.9615384615384617,0.2535802469135803,intermittent
90000D,103,26,77,0.4077669902912621,0.0,0.9013812190393868,6.0,74.75728155339806,25.24271844660194,1.6153846153846154,1.1340872303988994,3.9615384615384617,0.49287981859410435,lumpy
84800M,83,21,62,3.0120481927710845,0.0,7.461272329712737,36.0,74.6987951807229,25.301204819277103,11.904761904761905,10.8208352815518,3.9523809523809526,0.8261904,lumpy
84576,83,21,62,1.144578313253012,0.0,3.784217965801478,30.0,74.6987951807229,25.301204819277103,4.523809523809524,6.531608129848634,3.9523809523809526,2.084642659279779,lumpy
17011F,75,19,56,5.133333333333334,0.0,23.19443860027619,192.0,74.66666666666667,25.33333333333333,20.263157894736842,43.45219864692075,3.9473684210526314,4.598426566218773,lumpy
84751B,59,15,44,0.6440677966101694,0.0,1.4234817909328785,7.0,74.57627118644068,25.423728813559322,2.533333333333333,1.8073922282301278,3.933333333333333,0.5090027700831025,lumpy
84497,102,26,76,0.9215686274509803,0.0,2.0376956238947166,9.0,74.50980392156863,25.490196078431367,3.6153846153846154,2.5780135465419582,3.923076923076923,0.5084653689452241,lumpy
35914,98,25,73,2.3469387755102042,0.0,8.537488030591994,63.0,74.48979591836735,25.51020408163265,9.2,15.129992289048486,3.92,2.704591997479521,lumpy
84596e,47,12,35,0.574468085106383,0.0,1.4853587013867675,7.0,74.46808510638297,25.531914893617028,2.25,2.2613350843332274,3.9166666666666665,1.0101010101010102,lumpy
21456,86,22,64,8.30232558139535,0.0,33.69484853887099,300.0,74.4186046511628,25.581395348837205,32.45454545454545,61.43500419353562,3.909090909090909,3.5832798105236487,lumpy
20818,74,19,55,1.0405405405405406,0.0,3.377764475877253,24.0,74.32432432432432,25.675675675675677,4.052631578947368,5.778058922534513,3.8947368421052633,2.0327767470624614,lumpy
22044,101,26,75,19.08910891089109,0.0,47.812362211022574,228.0,74.25742574257426,25.742574257425744,74.15384615384616,69.98210760341092,3.8846153846153846,0.8906491795940151,lumpy
90129D,97,25,72,0.6907216494845361,0.0,1.804859324748216,12.0,74.22680412371135,25.773195876288653,2.68,2.7343494046421104,3.88,1.0409705205316697,lumpy
90014B,97,25,72,0.32989690721649484,0.0,0.6245273126622793,3.0,74.22680412371135,25.773195876288653,1.28,0.5416025603090641,3.88,0.17903645833333334,intermittent
72140E,97,25,72,2.247422680412371,0.0,10.55346598657981,75.0,74.22680412371135,25.773195876288653,8.72,19.664943427327728,3.88,5.08571984681424,lumpy
85092,58,15,43,6.741379310344827,0.0,33.49237166083696,246.0,74.13793103448276,25.86206896551724,26.066666666666666,63.46142435332177,3.8666666666666667,5.927187065196367,lumpy
90003C,104,27,77,0.4230769230769231,0.0,0.9623223093304554,6.0,74.03846153846153,25.961538461538467,1.6296296296296295,1.2754531064608476,3.8518518518518516,0.6125635727908454,lumpy
BANK CHARGES,104,27,77,0.3173076923076923,0.0,0.5789918100083618,2.0,74.03846153846153,25.961538461538467,1.2222222222222223,0.4236592728681617,3.8518518518518516,0.1201525746980292,intermittent
90081C,104,27,77,0.46153846153846156,0.0,1.0137221323484775,6.0,74.03846153846153,25.961538461538467,1.7777777777777777,1.281025230440697,3.8518518518518516,0.5192307692307693,lumpy
84876B,104,27,77,3.3076923076923075,0.0,9.057611639026891,48.0,74.03846153846153,25.961538461538467,12.74074074074074,14.149184789217724,3.8518518518518516,1.233313485459916,lumpy
90018B,104,27,77,0.3557692307692308,0.0,0.6523783110984266,2.0,74.03846153846153,25.961538461538467,1.3703703703703705,0.49210287762341137,3.8518518518518516,0.1289543181435073,intermittent
16054,100,26,74,12.1,0.0,28.710150248174028,112.0,74.0,26.0,46.53846153846154,39.966216502672125,3.8461538461538463,0.7375000068301346,lumpy
90214P,96,25,71,0.5416666666666666,0.0,1.6216733830841241,13.0,73.95833333333333,26.04166666666667,2.08,2.6602004936971695,3.84,1.6356940335305712,lumpy
85028S,69,18,51,6.188405797101449,0.0,21.78725704350977,144.0,73.91304347826087,26.086956521739125,23.72222222222222,38.18808800345308,3.8333333333333335,2.5914634598800554,lumpy
84886,23,6,17,0.5217391304347826,0.0,1.0387739809021062,4.0,73.91304347826087,26.086956521739125,2.0,1.0954451150103321,3.8333333333333335,0.29999999999999993,intermittent
79403,103,27,76,2.0970873786407767,0.0,5.458424974126921,37.0,73.7864077669903,26.213592233009706,8.0,8.23687767580373,3.814814814814815,1.0600961538461537,lumpy
84870B,103,27,76,0.8737864077669902,0.0,1.993517000770864,11.0,73.7864077669903,26.213592233009706,3.3333333333333335,2.660248687044705,3.814814814814815,0.6369230769230768,lumpy
84597B,80,21,59,2.5625,0.0,6.168198863135808,26.0,73.75,26.25,9.761904761904763,8.745883385369153,3.8095238095238093,0.8026722189173111,lumpy
35912B,95,25,70,3.031578947368421,0.0,11.058310277967758,72.0,73.6842105263158,26.315789473684205,11.52,19.418891145823267,3.8,2.8414753729423863,lumpy
84249A,95,25,70,2.642105263157895,0.0,6.980086857768554,37.0,73.6842105263158,26.315789473684205,10.04,10.651603948075925,3.8,1.1255443035295734,lumpy
84884a,91,24,67,0.4945054945054945,0.0,1.1192619232097787,6.0,73.62637362637362,26.37362637362638,1.875,1.4836060651405207,3.7916666666666665,0.6260869565217391,lumpy
90059E,102,27,75,0.49019607843137253,0.0,1.1410009331676374,6.0,73.52941176470588,26.470588235294116,1.8518518518518519,1.5616486284521365,3.7777777777777777,0.7111384615384616,lumpy
21416,68,18,50,11.044117647058824,0.0,87.26532433076221,720.0,73.52941176470588,26.470588235294116,41.72222222222222,169.28597647196108,3.7777777777777777,16.462928883000522,lumpy
90073,102,27,75,0.45098039215686275,0.0,1.03049974399997,6.0,73.52941176470588,26.470588235294116,1.7037037037037037,1.3816048309237736,3.7777777777777777,0.6576268721826378,lumpy
22049,98,26,72,33.92857142857143,0.0,76.17211249302126,400.0,73.46938775510205,26.530612244897952,127.88461538461539,100.08169739690746,3.769230769230769,0.6124529368534116,lumpy
84984C,49,13,36,4.73469387755102,0.0,20.943152729675234,110.0,73.46938775510205,26.530612244897952,17.846153846153847,38.74241034027645,3.769230769230769,4.712854240982958,lumpy
84599,15,4,11,1.0,0.0,1.8126539343499315,5.0,73.33333333333333,26.66666666666667,3.75,1.2583057392117916,3.75,0.11259259259259259,intermittent
20664,90,24,66,0.6333333333333333,0.0,1.4413632747810805,10.0,73.33333333333333,26.66666666666667,2.375,1.929462642021483,3.75,0.6600024087679153,lumpy
72796B,30,8,22,0.8333333333333334,0.0,1.858500198683268,7.0,73.33333333333333,26.66666666666667,3.125,2.4748737341529163,3.75,0.6272,lumpy
84765,15,4,11,0.4,0.0,0.7367883976130072,2.0,73.33333333333333,26.66666666666667,1.5,0.5773502691896257,3.75,0.1481481481481481,intermittent
84809A,71,19,52,3.887323943661972,0.0,10.570240294301529,72.0,73.2394366197183,26.760563380281695,14.526315789473685,16.473441322499923,3.736842105263158,1.286049557749306,lumpy
22823,56,15,41,0.5714285714285714,0.0,1.2913297284320793,7.0,73.21428571428571,26.785714285714292,2.1333333333333333,1.7265434778633237,3.7333333333333334,0.6549944196428573,lumpy
90122A,97,26,71,0.5670103092783505,0.0,1.2324367503619047,6.0,73.19587628865979,26.80412371134021,2.1153846153846154,1.5576115838532552,3.730769230769231,0.5421752066115703,lumpy
16162L,93,25,68,87.10752688172043,0.0,546.1714068894487,3744.0,73.11827956989248,26.88172043010752,324.04,1031.2715646230142,3.72,10.128586446745556,lumpy
35609A,52,14,38,8.423076923076923,0.0,22.838174228944265,144.0,73.07692307692308,26.92307692307692,31.285714285714285,35.71991164479677,3.7142857142857144,1.3035527263337356,lumpy
90144,104,28,76,0.5096153846153846,0.0,1.079330899419,5.0,73.07692307692308,26.92307692307692,1.8928571428571428,1.3148520748875057,3.7142857142857144,0.4825231069446092,intermittent
90030B,104,28,76,1.2692307692307692,0.0,3.6662479675849484,24.0,73.07692307692308,26.92307692307692,4.714285714285714,5.868037357912987,3.7142857142857144,1.5493657109818724,lumpy
35598B,104,28,76,8.692307692307692,0.0,29.447032231520577,240.0,73.07692307692308,26.92307692307692,32.285714285714285,50.17957171986841,3.7142857142857144,2.415644950299191,lumpy
35599B,104,28,76,2.5384615384615383,0.0,9.587535472951759,90.0,73.07692307692308,26.92307692307692,9.428571428571429,16.83125085342754,3.7142857142857144,3.1866986361935856,lumpy
90010E,104,28,76,0.5192307692307693,0.0,1.140437398892037,8.0,73.07692307692308,26.92307692307692,1.9285714285714286,1.4638501094228,3.7142857142857144,0.5761316872427986,lumpy
85160B,100,27,73,61.55,0.0,418.4772871960792,2976.0,73.0,27.0,227.96296296296296,792.0986963310473,3.7037037037037037,12.073411716619137,lumpy
21420,100,27,73,0.92,0.0,3.202524256920097,24.0,73.0,27.0,3.4074074074074074,5.500064749683613,3.7037037037037037,2.6054784062818097,lumpy
20958,37,10,27,1.027027027027027,0.0,2.4998498453405658,12.0,72.97297297297297,27.02702702702703,3.8,3.6453928305312844,3.7,0.9202831640504773,lumpy
47420,96,26,70,3.71875,0.0,10.642222883154483,51.0,72.91666666666667,27.08333333333333,13.73076923076923,16.95301198562118,3.6923076923076925,1.5244177671068433,lumpy
10080,70,19,51,4.442857142857143,0.0,10.484820932152159,48.0,72.85714285714286,27.14285714285714,16.36842105263158,14.67503748363863,3.6842105263157894,0.8037941892430575,lumpy
71406C,103,28,75,2.0,0.0,4.61455497822475,23.0,72.81553398058253,27.18446601941747,7.357142857142857,6.29058253037257,3.6785714285714284,0.7310773871241399,lumpy
35833P,103,28,75,1.766990291262136,0.0,4.3345485856178,31.0,72.81553398058253,27.18446601941747,6.5,6.250925857348978,3.6785714285714284,0.924830155599386,lumpy
84951b,11,3,8,0.45454545454545453,0.0,0.9341987329938275,3.0,72.72727272727273,27.272727272727266,1.6666666666666667,1.1547005383792517,3.6666666666666665,0.48000000000000015,intermittent
23601,11,3,8,0.7272727272727273,0.0,1.7939291563999449,6.0,72.72727272727273,27.272727272727266,2.6666666666666665,2.8867513459481287,3.6666666666666665,1.1718750000000002,lumpy
72781,44,12,32,2.75,0.0,7.892077275402861,48.0,72.72727272727273,27.272727272727266,10.083333333333334,12.759725939870576,3.6666666666666665,1.601306418463716,lumpy
84030c,11,3,8,2.1818181818181817,0.0,5.4556059575116285,18.0,72.72727272727273,27.272727272727266,8.0,8.888194417315589,3.6666666666666665,1.234375,lumpy
84575B,11,3,8,0.36363636363636365,0.0,0.6741998624632421,2.0,72.72727272727273,27.272727272727266,1.3333333333333333,0.5773502691896258,3.6666666666666665,0.18750000000000008,intermittent
47504F,11,3,8,46.09090909090909,0.0,144.75251607171086,482.0,72.72727272727273,27.272727272727266,169.0,271.309786038027,3.6666666666666665,2.577255698329891,lumpy
84529B,11,3,8,1.1818181818181819,0.0,2.993933259716449,10.0,72.72727272727273,27.272727272727266,4.333333333333333,4.932882862316247,3.6666666666666665,1.2958579881656804,lumpy
90118,77,21,56,0.5194805194805194,0.0,1.05892683523399,6.0,72.72727272727273,27.272727272727266,1.9047619047619047,1.220850601210562,3.6666666666666665,0.4108125000000001,intermittent
21489,11,3,8,1.0909090909090908,0.0,2.3001976199685736,7.0,72.72727272727273,27.272727272727266,4.0,3.0,3.6666666666666665,0.5625,lumpy
84881,77,21,56,0.6753246753246753,0.0,1.2818732021369355,6.0,72.72727272727273,27.272727272727266,2.4761904761904763,1.2497618820818475,3.6666666666666665,0.25473372781065085,intermittent
22486,91,25,66,0.9120879120879121,0.0,2.350642236819317,18.0,72.52747252747253,27.472527472527474,3.32,3.5204166420089162,3.64,1.1243770261769972,lumpy
47013C,80,22,58,1.775,0.0,4.130697063190195,24.0,72.5,27.5,6.454545454545454,5.704862359904447,3.6363636363636362,0.7811942074985121,lumpy
62086A,69,19,50,1.6376811594202898,0.0,4.2839337835162175,30.0,72.46376811594203,27.53623188405797,5.947368421052632,6.501911549780541,3.6315789473684212,1.1951775567563807,lumpy
35916B,98,27,71,1.2244897959183674,0.0,3.3874559752756768,21.0,72.44897959183673,27.551020408163268,4.444444444444445,5.2866547029967785,3.6296296296296298,1.4149038461538461,lumpy
85014a,76,21,55,0.4342105263157895,0.0,0.7888477050447609,3.0,72.36842105263158,27.631578947368425,1.5714285714285714,0.6761234037828133,3.619047619047619,0.1851239669421488,intermittent
84993a,94,26,68,0.5212765957446809,0.0,1.0547253977257025,5.0,72.34042553191489,27.65957446808511,1.8846153846153846,1.2108483993274493,3.6153846153846154,0.41279466888796335,intermittent
84907,94,26,68,4.148936170212766,0.0,21.76460451303412,150.0,72.34042553191489,27.65957446808511,15.0,39.910900766582564,3.6153846153846154,7.0794666666666695,lumpy
84461,65,18,47,1.523076923076923,0.0,3.558035326499076,21.0,72.3076923076923,27.692307692307693,5.5,4.949747468305833,3.611111111111111,0.8099173553719007,lumpy
47574B,72,20,52,0.6805555555555556,0.0,1.5995280015854754,10.0,72.22222222222223,27.77777777777777,2.45,2.235479461111784,3.6,0.8325478419079769,lumpy
79303D,36,10,26,2.111111111111111,0.0,7.0499352693189525,38.0,72.22222222222223,27.77777777777777,7.6,12.121606054204754,3.6,2.543859649122808,lumpy
35824C,18,5,13,13.0,0.0,27.553157180044455,102.0,72.22222222222223,27.77777777777777,46.8,35.34402354005554,3.6,0.5703484549638397,lumpy
35979,18,5,13,1.9444444444444444,0.0,5.307843499424138,22.0,72.22222222222223,27.77777777777777,7.0,8.689073598491383,3.6,1.5408163265306123,lumpy
TEST001,18,5,13,2.7777777777777777,0.0,6.236095644623235,25.0,72.22222222222223,27.77777777777777,10.0,8.660254037844387,3.6,0.7500000000000001,lumpy
47518F,97,27,70,9.309278350515465,0.0,33.14468309068787,288.0,72.16494845360825,27.835051546391753,33.44444444444444,56.72764441633058,3.5925925925925926,2.877011036556738,lumpy
84429A,104,29,75,1.0096153846153846,0.0,2.8844921556949794,22.0,72.11538461538461,27.884615384615387,3.6206896551724137,4.562375580326613,3.586206896551724,1.5878134110787177,lumpy
21373,104,29,75,5.903846153846154,0.0,13.712384899301323,55.0,72.11538461538461,27.884615384615387,21.17241379310345,18.89079323282951,3.586206896551724,0.7960853696060434,lumpy
84251C,86,24,62,2.872093023255814,0.0,6.900633409337754,38.0,72.09302325581395,27.906976744186053,10.291666666666666,9.813385564211979,3.5833333333333335,0.9092143924595587,lumpy
62095B,43,12,31,6.790697674418604,0.0,25.199733690519224,156.0,72.09302325581395,27.906976744186053,24.333333333333332,44.260249626156615,3.5833333333333335,3.3084494788379195,lumpy
72799D,43,12,31,1.558139534883721,0.0,4.702088318130043,24.0,72.09302325581395,27.906976744186053,5.583333333333333,7.739606911950707,3.5833333333333335,1.9215455963061225,lumpy
85028L,68,19,49,3.9558823529411766,0.0,18.718203944591632,144.0,72.05882352941177,27.941176470588232,14.157894736842104,33.936645479963815,3.5789473684210527,5.745667171849784,lumpy
22257,93,26,67,4.505376344086022,0.0,17.310855890172036,144.0,72.04301075268818,27.956989247311824,16.115384615384617,30.136127054519697,3.576923076923077,3.496983042930947,lumpy
35915B,93,26,67,6.053763440860215,0.0,30.879628007797518,288.0,72.04301075268818,27.956989247311824,21.653846153846153,56.19390878569834,3.576923076923077,6.734547037722933,lumpy
85045,100,28,72,4.57,0.0,15.337453333180013,131.0,72.0,28.0,16.321428571428573,25.76108689251286,3.5714285714285716,2.491219688582376,lumpy
84797B,25,7,18,12.92,0.0,35.646318182948434,138.0,72.0,28.0,46.142857142857146,57.39462393938005,3.5714285714285716,1.5471537156495316,lumpy
21740,25,7,18,5.04,0.0,15.533512159199539,63.0,72.0,28.0,18.0,26.324893162176362,3.5714285714285716,2.1388888888888884,lumpy
72351a,89,25,64,0.4157303370786517,0.0,0.8502538225842935,5.0,71.91011235955057,28.089887640449433,1.48,1.004987562112089,3.56,0.46110299488677864,intermittent
21457,96,27,69,7.010416666666667,0.0,31.67416173997072,300.0,71.875,28.125,24.925925925925927,56.58616705515848,3.5555555555555554,5.153685999690562,lumpy
17136A,96,27,69,7.489583333333333,0.0,16.79974610814835,96.0,71.875,28.125,26.62962962962963,22.4038941466539,3.5555555555555554,0.7078101264297129,lumpy
84842,103,29,74,14.611650485436893,0.0,99.89997281690229,722.0,71.84466019417475,28.15533980582525,51.89655172413793,185.34202838990603,3.5517241379310347,12.75471677228413,lumpy
90042A,71,20,51,0.8732394366197183,0.0,2.0697106593144072,10.0,71.83098591549296,28.16901408450704,3.1,2.9181825634603826,3.55,0.8861383427350894,lumpy
47013A,71,20,51,1.9859154929577465,0.0,4.975634798686435,24.0,71.83098591549296,28.16901408450704,7.05,7.323178774850512,3.55,1.0789989913670552,lumpy
84680,39,11,28,2.358974358974359,0.0,8.083404635382621,43.0,71.7948717948718,28.205128205128204,8.363636363636363,13.894406984630379,3.5454545454545454,2.7598771266540645,lumpy
84613C,39,11,28,1.5897435897435896,0.0,5.8206436102708405,36.0,71.7948717948718,28.205128205128204,5.636363636363637,10.181087636129327,3.5454545454545454,3.262799167533818,lumpy
82607E,46,13,33,2.0652173913043477,0.0,6.008890353885995,38.0,71.73913043478261,28.26086956521739,7.3076923076923075,9.690068931511059,3.5384615384615383,1.758301015697137,lumpy
35833G,53,15,38,2.4716981132075473,0.0,6.068847861715618,28.0,71.69811320754717,28.301886792452834,8.733333333333333,8.843614860990035,3.533333333333333,1.0254147693690847,lumpy
20695,102,29,73,1.3333333333333333,0.0,4.461792325856941,35.0,71.56862745098039,28.431372549019613,4.689655172413793,7.4503281244896575,3.5172413793103448,2.5238816114681173,lumpy
84661A,102,29,73,1.5490196078431373,0.0,5.080787829648938,36.0,71.56862745098039,28.431372549019613,5.448275862068965,8.432870240470372,3.5172413793103448,2.395701238354659,lumpy
21031,102,29,73,1.2647058823529411,0.0,3.248538043118599,20.0,71.56862745098039,28.431372549019613,4.448275862068965,4.837252813149745,3.5172413793103448,1.1825353902152171,lumpy
90098,102,29,73,1.3431372549019607,0.0,4.5238533868951905,31.0,71.56862745098039,28.431372549019613,4.724137931034483,7.568244520570982,3.5172413793103448,2.5665230661501095,lumpy
84255A,7,2,5,0.2857142857142857,0.0,0.48795003647426666,1.0,71.42857142857143,28.57142857142857,1.0,0.0,3.5,0.0,intermittent
71434B,7,2,5,0.2857142857142857,0.0,0.48795003647426666,1.0,71.42857142857143,28.57142857142857,1.0,0.0,3.5,0.0,intermittent
23612,7,2,5,0.7142857142857143,0.0,1.4960264830861913,4.0,71.42857142857143,28.57142857142857,2.5,2.1213203435596424,3.5,0.7199999999999998,lumpy
23635,7,2,5,0.2857142857142857,0.0,0.48795003647426666,1.0,71.42857142857143,28.57142857142857,1.0,0.0,3.5,0.0,intermittent
84306,63,18,45,0.746031746031746,0.0,1.5130428001563494,8.0,71.42857142857143,28.57142857142857,2.611111111111111,1.7868437137915394,3.5,0.4682981386307354,intermittent
10002R,7,2,5,0.42857142857142855,0.0,0.7867957924694432,2.0,71.42857142857143,28.57142857142857,1.5,0.7071067811865476,3.5,0.22222222222222227,intermittent
85036b,7,2,5,0.2857142857142857,0.0,0.48795003647426666,1.0,71.42857142857143,28.57142857142857,1.0,0.0,3.5,0.0,intermittent
79315W,35,10,25,5.6571428571428575,0.0,23.701505111233235,139.0,71.42857142857143,28.57142857142857,19.8,42.55662893917547,3.5,4.61959663979866,lumpy
85018A,35,10,25,0.42857142857142855,0.0,0.8840320158467208,4.0,71.42857142857143,28.57142857142857,1.5,1.0801234497346435,3.5,0.5185185185185187,lumpy
90185D,77,22,55,0.8831168831168831,0.0,1.806232091326451,6.0,71.42857142857143,28.57142857142857,3.090909090909091,2.1582420295251086,3.5,0.48755972977426293,intermittent
84466,84,24,60,13.619047619047619,0.0,51.38536305633581,372.0,71.42857142857143,28.57142857142857,47.666666666666664,88.51610841691677,3.5,3.4483795316875288,lumpy
47552A,28,8,20,0.42857142857142855,0.0,0.9973509887241273,5.0,71.42857142857143,28.57142857142857,1.5,1.4142135623730951,3.5,0.8888888888888891,lumpy
20890,14,4,10,43.214285714285715,0.0,140.83278604917828,528.0,71.42857142857143,28.57142857142857,151.25,253.2974207001195,3.5,2.804598957266124,lumpy
90000C,7,2,5,0.2857142857142857,0.0,0.48795003647426666,1.0,71.42857142857143,28.57142857142857,1.0,0.0,3.5,0.0,intermittent
85049d,7,2,5,0.2857142857142857,0.0,0.48795003647426666,1.0,71.42857142857143,28.57142857142857,1.0,0.0,3.5,0.0,intermittent
17011A,35,10,25,7.457142857142857,0.0,33.46406576432385,194.0,71.42857142857143,28.57142857142857,26.1,60.744364164733646,3.5,5.416652394676791,lumpy
90212B,73,21,52,0.4794520547945205,0.0,0.9590155403835269,4.0,71.23287671232876,28.76712328767124,1.6666666666666667,1.1105554165971787,3.4761904761904763,0.44399999999999995,intermittent
35933,59,17,42,4.593220338983051,0.0,11.39437042497953,68.0,71.1864406779661,28.813559322033896,15.941176470588236,16.68633643222537,3.4705882352941178,1.0956737381026944,lumpy
84877B,104,30,74,2.7788461538461537,0.0,7.278051497974546,28.0,71.15384615384616,28.84615384615384,9.633333333333333,10.94652624267668,3.466666666666667,1.291217694992257,lumpy
20933,104,30,74,4.826923076923077,0.0,30.911851595810376,312.0,71.15384615384616,28.84615384615384,16.733333333333334,56.45989320065957,3.466666666666667,11.384531936822018,lumpy
22164,104,30,74,3.0,0.0,7.876473509855557,54.0,71.15384615384616,28.84615384615384,10.4,11.86301118952345,3.466666666666667,1.3011375229544984,lumpy
90164B,104,30,74,0.625,0.0,1.5591104010680086,12.0,71.15384615384616,28.84615384615384,2.1666666666666665,2.2755572766995407,3.466666666666667,1.1030401958783924,lumpy
16161G,97,28,69,10.051546391752577,0.0,18.631498382007898,100.0,71.1340206185567,28.865979381443296,34.82142857142857,18.433169722859546,3.4642857142857144,0.280224998173716,intermittent
84924D,45,13,32,16.955555555555556,0.0,77.44058002328904,372.0,71.11111111111111,28.888888888888886,58.69230769230769,139.05177969338413,3.4615384615384617,5.612944293953588,lumpy
16020C,83,24,59,1.927710843373494,0.0,5.311706199013372,38.0,71.08433734939759,28.915662650602414,6.666666666666667,8.223331952791224,3.4583333333333335,1.521521739130435,lumpy
85014b,76,22,54,0.4868421052631579,0.0,0.9590748466118318,5.0,71.05263157894737,28.94736842105263,1.6818181818181819,1.0861186305619104,3.4545454545454546,0.4170579846255521,intermittent
79063C,38,11,27,6.157894736842105,0.0,17.77870927700286,100.0,71.05263157894737,28.94736842105263,21.272727272727273,28.562531082139444,3.4545454545454546,1.802797866900431,lumpy
90094,76,22,54,0.9605263157894737,0.0,2.5268731110402527,17.0,71.05263157894737,28.94736842105263,3.3181818181818183,3.8220707879662705,3.4545454545454546,1.3267744327980766,lumpy
85023B,100,29,71,2.9,0.0,10.749207158923607,72.0,71.0,29.0,10.0,18.303005217723125,3.4482758620689653,3.349999999999999,lumpy
85168B,100,29,71,0.65,0.0,1.6899883449481556,12.0,71.0,29.0,2.2413793103448274,2.530600894392379,3.4482758620689653,1.274725274725275,lumpy
21349,100,29,71,5.4,0.0,12.790463619273524,57.0,71.0,29.0,18.620689655172413,17.984941703514572,3.4482758620689653,0.9328816382520084,lumpy
90070,103,30,73,0.6019417475728155,0.0,1.5103551447391619,12.0,70.87378640776699,29.126213592233015,2.066666666666667,2.211776214491083,3.433333333333333,1.1453586422189526,lumpy
35400,103,30,73,13.12621359223301,0.0,35.74355271951508,189.0,70.87378640776699,29.126213592233015,45.06666666666667,54.81374942874079,3.433333333333333,1.4793404980749008,lumpy
85145,72,21,51,1.2638888888888888,0.0,3.0349747919019756,16.0,70.83333333333333,29.16666666666667,4.333333333333333,4.328202090167848,3.4285714285714284,0.9976331360946746,lumpy
84797a,24,7,17,0.7083333333333334,0.0,1.3014763077790332,4.0,70.83333333333333,29.16666666666667,2.4285714285714284,1.2724180205607036,3.4285714285714284,0.27450980392156876,intermittent
85206B,58,17,41,26.517241379310345,0.0,59.655808493334035,261.0,70.6896551724138,29.310344827586206,90.47058823529412,80.81314686288582,3.411764705882353,0.7979013665087822,lumpy
90059D,102,30,72,0.5980392156862745,0.0,1.3369079437014546,6.0,70.58823529411765,29.411764705882348,2.033333333333333,1.790460032069072,3.4,0.7753755479153734,lumpy
84493,17,5,12,67.17647058823529,0.0,188.1323454692592,567.0,70.58823529411765,29.411764705882348,228.4,309.1048365846125,3.4,1.8315526268168723,lumpy
84927D,68,20,48,14.014705882352942,0.0,73.37014982257315,432.0,70.58823529411765,29.411764705882348,47.65,131.51316724151516,3.4,7.617503529647795,lumpy
84292B,17,5,12,0.47058823529411764,0.0,1.007326105267277,4.0,70.58823529411765,29.411764705882348,1.6,1.3416407864998738,3.4,0.7031249999999999,lumpy
37444B,68,20,48,29.529411764705884,0.0,167.39153053595993,984.0,70.58823529411765,29.411764705882348,100.4,302.1873591002774,3.4,9.059102236472436,lumpy
84192,95,28,67,2.3789473684210525,0.0,6.309700312147585,51.0,70.52631578947368,29.473684210526315,8.071428571428571,9.537173163871564,3.392857142857143,1.3961707027726291,lumpy
84457,95,28,67,3.0631578947368423,0.0,7.698867734264413,52.0,70.52631578947368,29.473684210526315,10.392857142857142,11.28532080219546,3.392857142857143,1.1791197203273112,lumpy
21686,95,28,67,0.6842105263157895,0.0,1.5727950313140981,10.0,70.52631578947368,29.473684210526315,2.3214285714285716,2.1611651766199915,3.392857142857143,0.8666929651545032,lumpy
84660A,95,28,67,9.052631578947368,0.0,28.712577280086677,202.0,70.52631578947368,29.473684210526315,30.714285714285715,46.69273648236565,3.392857142857143,2.3110950864331072,lumpy
21460,61,18,43,1.8524590163934427,0.0,4.795261777955993,28.0,70.49180327868852,29.508196721311478,6.277777777777778,7.193179412843771,3.388888888888889,1.312894740479009,lumpy
79534,44,13,31,2.3636363636363638,0.0,4.313801049260434,14.0,70.45454545454545,29.545454545454547,8.0,4.222953153106642,3.3846153846153846,0.2786458333333333,intermittent
81950B,88,26,62,2.4431818181818183,0.0,9.980277049739184,90.0,70.45454545454545,29.545454545454547,8.26923076923077,17.219890109539474,3.3846153846153846,4.336411898323417,lumpy
84033,88,26,62,4.454545454545454,0.0,11.805812995328557,76.0,70.45454545454545,29.545454545454547,15.076923076923077,17.845835540927922,3.3846153846153846,1.4010329029571016,lumpy
35809B,71,21,50,1.4507042253521127,0.0,3.6047141055423757,20.0,70.4225352112676,29.5774647887324,4.904761904761905,5.262174093516499,3.380952380952381,1.151050994438684,lumpy
85109,54,16,38,77.98148148148148,0.0,356.2686335803862,1872.0,70.37037037037037,29.629629629629633,263.1875,629.6690367433779,3.375,5.723927947601661,lumpy
84564,27,8,19,0.7777777777777778,0.0,1.9871381302561604,10.0,70.37037037037037,29.629629629629633,2.625,3.020761493398643,3.375,1.324263038548753,lumpy
22157,91,27,64,17.626373626373628,0.0,39.3927935743606,199.0,70.32967032967034,29.670329670329664,59.407407407407405,52.858489791328154,3.3703703703703702,0.7916774998528998,lumpy
90129F,101,30,71,0.7920792079207921,0.0,1.6811712089086486,9.0,70.29702970297029,29.702970297029708,2.6666666666666665,2.1388577894937666,3.3666666666666667,0.6433189655172415,lumpy
20896,37,11,26,1.054054054054054,0.0,2.356385484710121,12.0,70.27027027027027,29.729729729729726,3.5454545454545454,3.2051095570553083,3.3636363636363638,0.8172255095332019,lumpy
84845C,37,11,26,1.1081081081081081,0.0,2.4470365726707044,13.0,70.27027027027027,29.729729729729726,3.727272727272727,3.289100457295553,3.3636363636363638,0.7787031528851872,lumpy
17090D,84,25,59,1.0476190476190477,0.0,2.2650022575310538,12.0,70.23809523809524,29.76190476190476,3.52,2.9456182146820495,3.36,0.700273329889807,lumpy
85232b,47,14,33,0.5319148936170213,0.0,0.9967569986403785,4.0,70.2127659574468,29.787234042553195,1.7857142857142858,1.05090228108783,3.357142857142857,0.34633846153846143,intermittent
21822,104,31,73,8.923076923076923,0.0,24.532004975348634,146.0,70.1923076923077,29.807692307692307,29.93548387096774,37.63326142644825,3.3548387096774195,1.5804150255152596,lumpy
84882,104,31,73,0.625,0.0,1.293655166309936,8.0,70.1923076923077,29.807692307692307,2.096774193548387,1.5990588629915499,3.3548387096774195,0.5816015779092704,lumpy
85019C,67,20,47,6.298507462686567,0.0,20.98196550675028,144.0,70.14925373134328,29.85074626865672,21.1,34.64846013134904,3.35,2.6965157778883753,lumpy
84510c,77,23,54,0.6883116883116883,0.0,1.3402645090442749,7.0,70.12987012987013,29.870129870129873,2.3043478260869565,1.5206094056091055,3.347826086956522,0.43545098546878536,intermittent
35916C,97,29,68,1.4742268041237114,0.0,4.100540572862402,26.0,70.10309278350516,29.89690721649484,4.931034482758621,6.324165865284181,3.3448275862068964,1.6448656238866026,lumpy
84867A,10,3,7,1.6,0.0,3.777124126457412,12.0,70.0,30.0,5.333333333333333,5.8594652770823155,3.3333333333333335,1.2070312500000002,lumpy
21343,10,3,7,2.0,0.0,4.136557881996953,12.0,70.0,30.0,6.666666666666667,5.507570547286102,3.3333333333333335,0.6824999999999999,lumpy
21458,100,30,70,7.56,0.0,31.473355734845327,300.0,70.0,30.0,25.2,54.053230469028705,3.3333333333333335,4.600893997445726,lumpy
22146,60,18,42,23.45,0.0,77.0032852039664,534.0,70.0,30.0,78.16666666666667,126.68963929967735,3.3333333333333335,2.6268726247460443,lumpy
21699,10,3,7,10.8,0.0,22.94340863951998,72.0,70.0,30.0,36.0,31.74901573277509,3.3333333333333335,0.7777777777777778,lumpy
85220,10,3,7,1199.6,0.0,3780.827634262107,11960.0,70.0,30.0,3998.6666666666665,6894.719525356585,3.3333333333333335,2.973054039020009,lumpy
84806B,90,27,63,4.733333333333333,0.0,10.870845454649624,48.0,70.0,30.0,15.777777777777779,14.952060144478503,3.3333333333333335,0.8980704377946985,lumpy
20756,103,31,72,55.58252427184466,0.0,522.2934627776153,5299.0,69.90291262135922,30.09708737864078,184.67741935483872,950.1852235957919,3.3225806451612905,26.472133871843273,lumpy
84609,103,31,72,1.3495145631067962,0.0,3.082870885926889,20.0,69.90291262135922,30.09708737864078,4.483870967741935,4.217985046140202,3.3225806451612905,0.884919690147163,lumpy
84926F,103,31,72,4.650485436893204,0.0,13.916916450404198,96.0,69.90291262135922,30.09708737864078,15.451612903225806,22.046675803360802,3.3225806451612905,2.0358163246034207,lumpy
35004P,53,16,37,1.9622641509433962,0.0,5.3778829983802225,25.0,69.81132075471699,30.188679245283012,6.5,8.294576541331088,3.3125,1.628402366863905,lumpy
22874,56,17,39,2.25,0.0,6.939347624564248,49.0,69.64285714285714,30.35714285714286,7.411764705882353,11.175077312536878,3.2941176470588234,2.2733056185437137,lumpy
21030,102,31,71,2.343137254901961,0.0,4.814366080103567,22.0,69.6078431372549,30.392156862745097,7.709677419354839,5.939660755672256,3.2903225806451615,0.5935411961742032,lumpy
21145,102,31,71,8.392156862745098,0.0,22.41028620913063,145.0,69.6078431372549,30.392156862745097,27.612903225806452,33.799090144908575,3.2903225806451615,1.4982554881066759,lumpy
81952V,102,31,71,4.53921568627451,0.0,15.000113246191288,120.0,69.6078431372549,30.392156862745097,14.935483870967742,24.434859639281704,3.2903225806451615,2.6765853893675553,lumpy
90120B,102,31,71,1.0294117647058822,0.0,2.402374577568896,12.0,69.6078431372549,30.392156862745097,3.3870967741935485,3.343425582192,3.2903225806451615,0.9743794406651548,lumpy
85114c,102,31,71,1.7254901960784315,0.0,3.3512428985750153,17.0,69.6078431372549,30.392156862745097,5.67741935483871,3.824370072523435,3.2903225806451615,0.453751291322314,intermittent
84425A,23,7,16,0.6521739130434783,0.0,1.1524162620801215,4.0,69.56521739130434,30.434782608695656,2.142857142857143,1.0690449676496976,3.2857142857142856,0.2488888888888889,intermittent
84690,36,11,25,0.5555555555555556,0.0,0.9693722399999597,4.0,69.44444444444444,30.555555555555557,1.8181818181818181,0.8738628975053031,3.272727272727273,0.23100000000000007,intermittent
72140F,36,11,25,4.833333333333333,0.0,12.947145300357583,72.0,69.44444444444444,30.555555555555557,15.818181818181818,19.88878167117424,3.272727272727273,1.5808957590170432,lumpy
20663,98,30,68,10.959183673469388,0.0,70.97682478850895,500.0,69.38775510204081,30.612244897959187,35.8,126.21530591919453,3.2666666666666666,12.42962411307065,lumpy
35603C,49,15,34,1.5510204081632653,0.0,3.0893717301540176,13.0,69.38775510204081,30.612244897959187,5.066666666666666,3.6929791819200988,3.2666666666666666,0.5312623664424221,lumpy
35916A,98,30,68,1.316326530612245,0.0,3.2919675399419024,18.0,69.38775510204081,30.612244897959187,4.3,4.793314309427822,3.2666666666666666,1.2426101713880757,lumpy
79323B,62,19,43,3.532258064516129,0.0,8.123468818012967,40.0,69.35483870967742,30.645161290322577,11.526315789473685,11.241631065190136,3.263157894736842,0.9512126751133438,lumpy
84915,88,27,61,2.6363636363636362,0.0,12.14205366009554,100.0,69.31818181818181,30.681818181818187,8.592592592592593,20.98031909132435,3.259259259259259,5.961777131162532,lumpy
21817,101,31,70,15.950495049504951,0.0,36.70432569537922,235.0,69.3069306930693,30.693069306930695,51.96774193548387,50.562491942128894,3.2580645161290325,0.9466495795060931,lumpy
21032,104,32,72,1.8557692307692308,0.0,4.4556460728845,22.0,69.23076923076923,30.769230769230774,6.03125,6.32192485489726,3.25,1.0987123274147217,lumpy
16243B,13,4,9,16.153846153846153,0.0,56.74775495389832,205.0,69.23076923076923,30.769230769230774,52.5,101.67103815738287,3.25,3.750385487528346,lumpy
23613,13,4,9,0.8461538461538461,0.0,1.4632243987255136,4.0,69.23076923076923,30.769230769230774,2.75,1.2583057392117916,3.25,0.20936639118457298,intermittent
21351,104,32,72,10.403846153846153,0.0,36.85672054240787,248.0,69.23076923076923,30.769230769230774,33.8125,60.79815229577824,3.25,3.233152553738183,lumpy
84876D,91,28,63,3.6373626373626373,0.0,8.98086420429136,52.0,69.23076923076923,30.769230769230774,11.821428571428571,12.981621114964293,3.25,1.205918434749862,lumpy
84427B,13,4,9,1.0769230769230769,0.0,3.012793235010175,11.0,69.23076923076923,30.769230769230774,3.5,5.0,3.25,2.0408163265306123,lumpy
84767,13,4,9,14.846153846153847,0.0,51.73465336671696,187.0,69.23076923076923,30.769230769230774,48.25,92.50360353341196,3.25,3.6755528112611517,lumpy
23634,13,4,9,0.3076923076923077,0.0,0.4803844614152614,1.0,69.23076923076923,30.769230769230774,1.0,0.0,3.25,0.0,intermittent
90197B,104,32,72,0.5769230769230769,0.0,1.0766029610645538,5.0,69.23076923076923,30.769230769230774,1.875,1.157026221578126,3.25,0.3807885304659497,intermittent
46000P,91,28,63,2.2527472527472527,0.0,7.015211102539026,61.0,69.23076923076923,30.769230769230774,7.321428571428571,11.205334613902604,3.25,2.3423835018837997,lumpy
21264,104,32,72,3.701923076923077,0.0,8.679716124046074,48.0,69.23076923076923,30.769230769230774,12.03125,12.118991693924844,3.25,1.0146388174037946,lumpy
85095,68,21,47,2.5441176470588234,0.0,5.626254615717098,24.0,69.11764705882354,30.882352941176464,8.238095238095237,7.535945606921284,3.238095238095238,0.8368004276788402,lumpy
90112,55,17,38,1.5272727272727273,0.0,3.4472455212098954,19.0,69.0909090909091,30.909090909090907,4.9411764705882355,4.709970650589213,3.235294117647059,0.908606150793651,lumpy
90175D,103,32,71,0.5048543689320388,0.0,0.9888970525511998,6.0,68.93203883495146,31.067961165048544,1.625,1.157026221578126,3.21875,0.5069669784309981,lumpy
90143,103,32,71,0.7669902912621359,0.0,1.7275386746622594,12.0,68.93203883495146,31.067961165048544,2.46875,2.34155138812408,3.21875,0.8996076931426414,lumpy
85024C,103,32,71,0.941747572815534,0.0,2.14121663564289,16.0,68.93203883495146,31.067961165048544,3.03125,2.9235900930633325,3.21875,0.9302280932120586,lumpy
16202B,61,19,42,17.016393442622952,0.0,79.61312534234513,445.0,68.85245901639344,31.14754098360656,54.63157894736842,137.68934862634146,3.210526315789474,6.352039435718032,lumpy
84927E,77,24,53,6.415584415584416,0.0,30.763251594509995,192.0,68.83116883116882,31.168831168831176,20.583333333333332,53.130615645224545,3.2083333333333335,6.662823090249691,lumpy
82011A,93,29,64,0.6344086021505376,0.0,1.8811706937584463,17.0,68.81720430107526,31.182795698924735,2.0344827586206895,2.9457324898024657,3.206896551724138,2.0964213895842745,lumpy
21339,32,10,22,0.9375,0.0,2.2423705774139147,10.0,68.75,31.25,3.0,3.231786571610886,3.2,1.1604938271604937,lumpy
37348,16,5,11,0.8125,0.0,1.7211914478058503,6.0,68.75,31.25,2.6,2.3021728866442674,3.2,0.784023668639053,lumpy
84360,102,32,70,1.5,0.0,4.2280299932429966,36.0,68.62745098039215,31.372549019607845,4.78125,6.484395039805798,3.1875,1.8393146280931363,lumpy
20670,102,32,70,6.803921568627451,0.0,42.02098467177877,303.0,68.62745098039215,31.372549019607845,21.6875,73.61908829434336,3.1875,11.522902451563612,lumpy
85044,51,16,35,2.3137254901960786,0.0,5.435035220045704,25.0,68.62745098039215,31.372549019607845,7.375,7.6583287994183165,3.1875,1.0783108302212008,lumpy
84858C,70,22,48,4.957142857142857,0.0,20.401360933778673,152.0,68.57142857142857,31.42857142857143,15.772727272727273,34.4797135914823,3.1818181818181817,4.778743401952631,lumpy
72799A,35,11,24,16.8,0.0,61.219374095999065,278.0,68.57142857142857,31.42857142857143,53.45454545454545,102.89447374505944,3.1818181818181817,3.705226988754686,lumpy
21018,54,17,37,3.537037037037037,0.0,8.155824317657238,42.0,68.51851851851852,31.48148148148148,11.235294117647058,11.333189157099083,3.176470588235294,1.0175022614511664,lumpy
84689,73,23,50,4.273972602739726,0.0,18.37968403939871,133.0,68.4931506849315,31.506849315068493,13.565217391304348,31.205806695893983,3.1739130434782608,5.291969248700016,lumpy
20851,73,23,50,4.589041095890411,0.0,33.88904920490063,290.0,68.4931506849315,31.506849315068493,14.565217391304348,60.05590281105258,3.1739130434782608,17.001117074059824,lumpy
37509,38,12,26,0.7368421052631579,0.0,1.3086863751294664,5.0,68.42105263157895,31.578947368421055,2.3333333333333335,1.3026778945578594,3.1666666666666665,0.3116883116883118,intermittent
16245A,19,6,13,0.5789473684210527,0.0,1.1212983285105118,4.0,68.42105263157895,31.578947368421055,1.8333333333333333,1.3291601358251257,3.1666666666666665,0.5256198347107438,lumpy
23038,19,6,13,2.1578947368421053,0.0,4.438007033877768,12.0,68.42105263157895,31.578947368421055,6.833333333333333,5.706721183540218,3.1666666666666665,0.697441998810232,lumpy
20898,98,31,67,3.326530612244898,0.0,15.233424664681188,147.0,68.36734693877551,31.632653061224488,10.516129032258064,25.926654196973864,3.161290322580645,6.078286097833316,lumpy
72815,60,19,41,3.9833333333333334,0.0,8.363544108599966,40.0,68.33333333333333,31.66666666666667,12.578947368421053,10.730619685293547,3.1578947368421053,0.7277144618927852,lumpy
21413,101,32,69,31.306930693069308,0.0,295.6627045325215,2973.0,68.31683168316832,31.683168316831683,98.8125,524.5025561916862,3.15625,28.175487796302193,lumpy
21275,101,32,69,2.4653465346534653,0.0,10.34849202196692,72.0,68.31683168316832,31.683168316831683,7.78125,17.399915415070645,3.15625,5.000293959878901,lumpy
85197,82,26,56,20.341463414634145,0.0,155.51159851247763,1407.0,68.29268292682927,31.707317073170728,64.15384615384616,274.64984140649955,3.1538461538461537,18.327925400686635,lumpy
84358,82,26,56,1.329268292682927,0.0,5.818350871630378,52.0,68.29268292682927,31.707317073170728,4.1923076923076925,9.859084057940601,3.1538461538461537,5.530531100075753,lumpy
90184B,104,33,71,0.6153846153846154,0.0,1.22520212168618,7.0,68.26923076923077,31.730769230769226,1.9393939393939394,1.4777388541999297,3.1515151515151514,0.5805816650390624,lumpy
35953,104,33,71,34.28846153846154,0.0,100.48490908066724,637.0,68.26923076923077,31.730769230769226,108.06060606060606,155.81859231850737,3.1515151515151514,2.079235852826076,lumpy
85135A,104,33,71,0.8461538461538461,0.0,2.1350938715146084,15.0,68.26923076923077,31.730769230769226,2.6666666666666665,3.1091263510296048,3.1515151515151514,1.3593750000000002,lumpy
37330,63,20,43,8.206349206349206,0.0,18.51081526076103,96.0,68.25396825396825,31.746031746031747,25.85,25.25923489277577,3.15,0.9548151212633829,lumpy
21757,63,20,43,1.2698412698412698,0.0,2.404339820906845,11.0,68.25396825396825,31.746031746031747,4.0,2.7144835701531846,3.15,0.46052631578947373,intermittent
84925C,22,7,15,1.0454545454545454,0.0,2.170742087886355,8.0,68.18181818181819,31.818181818181813,3.2857142857142856,2.811540841738193,3.142857142857143,0.7321991178323882,lumpy
84985a,22,7,15,0.45454545454545453,0.0,0.7385489458759964,2.0,68.18181818181819,31.818181818181813,1.4285714285714286,0.5345224838248488,3.142857142857143,0.14,intermittent
85189,66,21,45,17.818181818181817,0.0,51.04233810985034,312.0,68.18181818181819,31.818181818181813,56.0,78.88092291549331,3.142857142857143,1.9841198979591832,lumpy
90010B,69,22,47,0.8840579710144928,0.0,1.9061528230509837,12.0,68.1159420289855,31.8840579710145,2.772727272727273,2.505837340934319,3.1363636363636362,0.8167543287134794,lumpy
90214B,94,30,64,0.6702127659574468,0.0,1.8572050793953943,16.0,68.08510638297872,31.914893617021278,2.1,2.820491519893847,3.1333333333333333,1.8038939713816562,lumpy
84531A,72,23,49,2.6527777777777777,0.0,7.318045845181299,47.0,68.05555555555556,31.944444444444443,8.304347826086957,11.12505273780634,3.130434782608696,1.7947050893242065,lumpy
72225C,103,33,70,18.699029126213592,0.0,68.85361496076885,672.0,67.96116504854369,32.03883495145631,58.36363636363637,112.80093588425424,3.121212121212121,3.7354310116846694,lumpy
90082D,103,33,70,0.970873786407767,0.0,1.9476295832929518,8.0,67.96116504854369,32.03883495145631,3.0303030303030303,2.3780881039824897,3.121212121212121,0.6158625000000003,lumpy
90059A,103,33,70,0.883495145631068,0.0,1.761800387492397,9.0,67.96116504854369,32.03883495145631,2.757575757575758,2.1364442280092266,3.121212121212121,0.6002445356840962,lumpy
17012E,53,17,36,4.962264150943396,0.0,26.55687819361344,192.0,67.9245283018868,32.075471698113205,15.470588235294118,46.036829885238106,3.1176470588235294,8.85517536757796,lumpy
84509c,87,28,59,0.7126436781609196,0.0,1.2095361976472105,5.0,67.816091954023,32.183908045977006,2.2142857142857144,1.1007452982594164,3.107142857142857,0.24711912745211387,intermittent
48103,31,10,21,1.1290322580645162,0.0,3.593901644766877,20.0,67.74193548387096,32.25806451612904,3.5,5.816642788871716,3.1,2.7619047619047623,lumpy
20662,99,32,67,7.343434343434343,0.0,42.58488800084032,302.0,67.67676767676768,32.32323232323232,22.71875,73.29623251991131,3.09375,10.4086508147171,lumpy
20901,102,33,69,0.8137254901960784,0.0,1.6574487860424882,10.0,67.6470588235294,32.352941176470594,2.515151515151515,2.063389385834811,3.090909090909091,0.6730294672666572,lumpy
79030A,34,11,23,4.5588235294117645,0.0,8.620592598875858,26.0,67.6470588235294,32.352941176470594,14.090909090909092,9.873748482258856,3.090909090909091,0.4910052029136315,lumpy
90214G,102,33,69,0.7352941176470589,0.0,1.717276629302691,12.0,67.6470588235294,32.352941176470594,2.272727272727273,2.388419028258118,3.090909090909091,1.1043999999999994,lumpy
20660,34,11,23,1.7352941176470589,0.0,4.685948198276848,24.0,67.6470588235294,32.352941176470594,5.363636363636363,7.145246353663774,3.090909090909091,1.7746624533180124,lumpy
90161A,102,33,69,0.5980392156862745,0.0,1.366210368400171,11.0,67.6470588235294,32.352941176470594,1.8484848484848484,1.8728523053288955,3.090909090909091,1.0265385649019083,lumpy
84856S,68,22,46,6.867647058823529,0.0,27.21550502533475,192.0,67.6470588235294,32.352941176470594,21.227272727272727,45.2084398127499,3.090909090909091,4.535765979332597,lumpy
21631,102,33,69,2.1666666666666665,0.0,7.440966791935029,44.0,67.6470588235294,32.352941176470594,6.696969696969697,11.977804599771321,3.090909090909091,3.1988787596486556,lumpy
90002C,37,12,25,0.8378378378378378,0.0,1.5368350145223337,6.0,67.56756756756756,32.432432432432435,2.5833333333333335,1.6764862244009227,3.0833333333333335,0.4211522088733327,intermittent
72529W,43,14,29,9.790697674418604,0.0,26.469711477311897,130.0,67.44186046511628,32.55813953488372,30.071428571428573,40.08541704087235,3.0714285714285716,1.776906975421992,lumpy
84826,101,33,68,15.663366336633663,0.0,43.011458293743736,300.0,67.32673267326733,32.67326732673267,47.93939393939394,64.69589409012919,3.0606060606060606,1.821244946506287,lumpy
90014A,101,33,68,0.5247524752475248,0.0,1.073257279555472,7.0,67.32673267326733,32.67326732673267,1.606060606060606,1.3448836831533504,3.0606060606060606,0.7012059451762194,lumpy
35964,104,34,70,11.038461538461538,0.0,31.354510081717525,160.0,67.3076923076923,32.69230769230769,33.76470588235294,47.72716577528123,3.0588235294117645,1.9980453811506749,lumpy
85106,104,34,70,11.442307692307692,0.0,52.7074407383432,504.0,67.3076923076923,32.69230769230769,35.0,88.43898770030412,3.0588235294117645,6.38486085343228,lumpy
20782,104,34,70,1.3653846153846154,0.0,3.0658079671452843,17.0,67.3076923076923,32.69230769230769,4.176470588235294,4.152185173042015,3.0588235294117645,0.9884041766604748,lumpy
84600,104,34,70,1.0096153846153846,0.0,2.3337756080006664,17.0,67.3076923076923,32.69230769230769,3.088235294117647,3.2227190388808427,3.0588235294117645,1.088990586133443,lumpy
21804,104,34,70,5.480769230769231,0.0,11.577498069032941,59.0,67.3076923076923,32.69230769230769,16.764705882352942,14.9485153281834,3.0588235294117645,0.7950679463144835,lumpy
35649,104,34,70,17.490384615384617,0.0,169.367240169311,1728.0,67.3076923076923,32.69230769230769,53.5,295.88493361337936,3.0588235294117645,30.58708845816889,lumpy
21736,70,23,47,2.7285714285714286,0.0,5.825783342417999,36.0,67.14285714285714,32.85714285714286,8.304347826086957,7.618367652699599,3.0434782608695654,0.8416136918096843,lumpy
21336,82,27,55,22.21951219512195,0.0,134.17503073908046,866.0,67.07317073170732,32.92682926829268,67.48148148148148,230.03099630106212,3.037037037037037,11.619929788497942,lumpy
20666,85,28,57,10.717647058823529,0.0,60.93314286297455,401.0,67.05882352941177,32.94117647058823,32.535714285714285,103.99482969443532,3.0357142857142856,10.216515654970644,lumpy
85039a,94,31,63,0.6702127659574468,0.0,1.4171628318151337,10.0,67.02127659574468,32.97872340425532,2.032258064516129,1.8345548227974715,3.032258064516129,0.814898799025783,lumpy
16156L,100,33,67,9.5,0.0,14.983155525287373,75.0,67.0,33.0,28.78787878787879,11.041845338748795,3.0303030303030303,0.14711738227146812,intermittent
90184C,103,34,69,0.6699029126213593,0.0,1.4238056536975958,8.0,66.99029126213593,33.009708737864074,2.0294117647058822,1.8502300285762512,3.0294117647058822,0.8312106572976136,lumpy
90130B,103,34,69,0.5922330097087378,0.0,1.1413519091271997,6.0,66.99029126213593,33.009708737864074,1.7941176470588236,1.3434332265596973,3.0294117647058822,0.560699714153087,lumpy
21025,103,34,69,2.7766990291262137,0.0,5.6602016849588335,31.0,66.99029126213593,33.009708737864074,8.411764705882353,7.084415876174644,3.0294117647058822,0.7093063749134948,lumpy
85104,103,34,69,3.174757281553398,0.0,15.01465113530847,144.0,66.99029126213593,33.009708737864074,9.617647058823529,25.15890673768028,3.0294117647058822,6.842989273256087,lumpy
21368,103,34,69,1.8349514563106797,0.0,6.219982169097828,48.0,66.99029126213593,33.009708737864074,5.5588235294117645,9.912316111544625,3.0294117647058822,3.179688036830894,lumpy
72131,103,34,69,7.262135922330097,0.0,26.53889530520363,184.0,66.99029126213593,33.009708737864074,22.0,42.92911705252148,3.0294117647058822,3.807663410969195,lumpy
90192,103,34,69,0.8640776699029126,0.0,1.7152633347779966,9.0,66.99029126213593,33.009708737864074,2.6176470588235294,2.0891451910371166,3.0294117647058822,0.6369642645365405,lumpy
22340,103,34,69,16.398058252427184,0.0,41.59499871091811,226.0,66.99029126213593,33.009708737864074,49.6764705882353,60.36942864098105,3.0294117647058822,1.4768373454995807,lumpy
21376,103,34,69,1.7378640776699028,0.0,5.660252133663139,48.0,66.99029126213593,33.009708737864074,5.264705882352941,8.938540398539796,3.0294117647058822,2.8826040120943524,lumpy
21372,103,34,69,1.4854368932038835,0.0,3.942886564956661,24.0,66.99029126213593,33.009708737864074,4.5,5.8374444387726365,3.0294117647058822,1.6827534605312384,lumpy
21146,48,16,32,14.4375,0.0,31.527027412155565,156.0,66.66666666666667,33.33333333333333,43.3125,42.194342037766155,3.0,0.9490343550949613,lumpy
90214H,102,34,68,0.6568627450980392,0.0,1.270340236947658,8.0,66.66666666666667,33.33333333333333,1.9705882352941178,1.507261094545376,3.0,0.5850395242241978,lumpy
18096c,6,2,4,1.0,0.0,1.6733200530681511,4.0,66.66666666666667,33.33333333333333,3.0,1.4142135623730951,3.0,0.22222222222222227,intermittent
84942,6,2,4,0.5,0.0,0.8366600265340756,2.0,66.66666666666667,33.33333333333333,1.5,0.7071067811865476,3.0,0.22222222222222227,intermittent
84582,15,5,10,0.7333333333333333,0.0,1.162919151265879,3.0,66.66666666666667,33.33333333333333,2.2,0.8366600265340756,3.0,0.14462809917355368,intermittent
20952,51,17,34,6.450980392156863,0.0,34.662552546222095,248.0,66.66666666666667,33.33333333333333,19.352941176470587,59.070869699529766,3.0,9.316499755175952,lumpy
23619,6,2,4,0.6666666666666666,0.0,1.2110601416389968,3.0,66.66666666666667,33.33333333333333,2.0,1.4142135623730951,3.0,0.5000000000000001,lumpy
18097B,6,2,4,1.0,0.0,1.5491933384829668,3.0,66.66666666666667,33.33333333333333,3.0,0.0,3.0,0.0,intermittent
85124c,6,2,4,0.5,0.0,0.8366600265340756,2.0,66.66666666666667,33.33333333333333,1.5,0.7071067811865476,3.0,0.22222222222222227,intermittent
84933A,9,3,6,13.555555555555555,0.0,31.90262963734773,96.0,66.66666666666667,33.33333333333333,40.666666666666664,49.16638417997945,3.0,1.4617038430529434,lumpy
72801E,39,13,26,18.846153846153847,0.0,92.28175917765698,576.0,66.66666666666667,33.33333333333333,56.53846153846154,157.03004775340258,3.0,7.713963009239977,lumpy
85231g,18,6,12,0.3333333333333333,0.0,0.48507125007266594,1.0,66.66666666666667,33.33333333333333,1.0,0.0,3.0,0.0,intermittent
21350,48,16,32,4.604166666666667,0.0,11.203608049790626,67.0,66.66666666666667,33.33333333333333,13.8125,16.050830715781245,3.0,1.3503627416856057,lumpy
20850,45,15,30,18.22222222222222,0.0,104.07621527447367,700.0,66.66666666666667,33.33333333333333,54.666666666666664,178.62917161645504,3.0,10.677254185433839,lumpy
84925F,81,27,54,8.814814814814815,0.0,37.230065508642035,240.0,66.66666666666667,33.33333333333333,26.444444444444443,61.487543036927,3.0,5.406365261036544,lumpy
17027A,6,2,4,38.0,0.0,61.851434906556534,144.0,66.66666666666667,33.33333333333333,114.0,42.42640687119285,3.0,0.13850415512465375,intermittent
72818,99,33,66,23.95959595959596,0.0,83.2634029404446,624.0,66.66666666666667,33.33333333333333,71.87878787878788,132.96492901695862,3.0,3.42194261669662,lumpy
90139,15,5,10,1.2,0.0,1.820517979665599,5.0,66.66666666666667,33.33333333333333,3.6,0.8944271909999159,3.0,0.06172839506172839,intermittent
23625,12,4,8,0.75,0.0,1.4847711791873701,5.0,66.66666666666667,33.33333333333333,2.25,1.8929694486000912,3.0,0.7078189300411523,lumpy
21511,6,2,4,6.666666666666667,0.0,10.633281086601006,24.0,66.66666666666667,33.33333333333333,20.0,5.656854249492381,3.0,0.08,intermittent
90060C,6,2,4,0.3333333333333333,0.0,0.5163977794943223,1.0,66.66666666666667,33.33333333333333,1.0,0.0,3.0,0.0,intermittent
84925E,6,2,4,12.333333333333334,0.0,29.241522988152767,72.0,66.66666666666667,33.33333333333333,37.0,49.49747468305833,3.0,1.789627465303141,lumpy
21298,12,4,8,4.333333333333333,0.0,10.637270098644443,36.0,66.66666666666667,33.33333333333333,13.0,16.268579122549905,3.0,1.566074950690335,lumpy
72606A,39,13,26,5.794871794871795,0.0,17.151307280510697,102.0,66.66666666666667,33.33333333333333,17.384615384615383,26.706860733834112,3.0,2.3600190565692962,lumpy
85218,6,2,4,332.0,0.0,801.530535912388,1968.0,66.66666666666667,33.33333333333333,996.0,1374.6155826266483,3.0,1.9047757294237189,lumpy
85040b,9,3,6,0.7777777777777778,0.0,1.3944333775567925,4.0,66.66666666666667,33.33333333333333,2.3333333333333335,1.5275252316519465,3.0,0.4285714285714285,intermittent
20688,15,5,10,30.866666666666667,0.0,107.88477098054113,420.0,66.66666666666667,33.33333333333333,92.6,183.27929506630036,3.0,3.91746241294217,lumpy
35233,24,8,16,0.4166666666666667,0.0,0.6538625481582945,2.0,66.66666666666667,33.33333333333333,1.25,0.4629100498862757,3.0,0.13714285714285715,intermittent
85188B,63,21,42,11.873015873015873,0.0,26.35213896165893,128.0,66.66666666666667,33.33333333333333,35.61904761904762,35.561884357379306,3.0,0.9967928736881237,lumpy
84570B,6,2,4,0.6666666666666666,0.0,1.2110601416389968,3.0,66.66666666666667,33.33333333333333,2.0,1.4142135623730951,3.0,0.5000000000000001,lumpy
90013E,6,2,4,0.3333333333333333,0.0,0.5163977794943223,1.0,66.66666666666667,33.33333333333333,1.0,0.0,3.0,0.0,intermittent
47481,104,35,69,3.125,0.0,14.601294995101656,145.0,66.34615384615384,33.65384615384616,9.285714285714286,24.22756260782265,2.9714285714285715,6.8075182735816195,lumpy
21367,104,35,69,1.9038461538461537,0.0,6.135238390806333,48.0,66.34615384615384,33.65384615384616,5.6571428571428575,9.600682748830808,2.9714285714285715,2.880115774500801,lumpy
72780,104,35,69,4.788461538461538,0.0,11.394661564665432,96.0,66.34615384615384,33.65384615384616,14.228571428571428,15.970719005298996,2.9714285714285715,1.2598717572866476,lumpy
85180B,104,35,69,3.394230769230769,0.0,13.222823949102054,108.0,66.34615384615384,33.65384615384616,10.085714285714285,21.452233434487216,2.9714285714285715,4.5240948982535025,lumpy
90214N,104,35,69,0.5961538461538461,0.0,1.4381705663944444,12.0,66.34615384615384,33.65384615384616,1.7714285714285714,2.0304406112049307,2.9714285714285715,1.3138122054232724,lumpy
22337,104,35,69,20.08653846153846,0.0,52.586334113286824,302.0,66.34615384615384,33.65384615384616,59.68571428571428,77.09916129419896,2.9714285714285715,1.6686241165982179,lumpy
21132,101,34,67,0.900990099009901,0.0,1.9105232293539354,13.0,66.33663366336634,33.66336633663366,2.676470588235294,2.4829184713704096,2.9705882352941178,0.860597278179696,lumpy
84665,101,34,67,2.237623762376238,0.0,4.578533640482474,26.0,66.33663366336634,33.66336633663366,6.647058823529412,5.772885171953115,2.9705882352941178,0.754269929303213,lumpy
84927A,80,27,53,2.825,0.0,11.399283788294595,72.0,66.25,33.75,8.37037037037037,18.617915582222967,2.962962962962963,4.947351458158884,lumpy
90002D,74,25,49,1.3783783783783783,0.0,5.985605341728049,51.0,66.21621621621621,33.78378378378379,4.08,9.87387124350593,2.96,5.8567217736767905,lumpy
84559a,74,25,49,0.7702702702702703,0.0,1.4855218841939368,7.0,66.21621621621621,33.78378378378379,2.28,1.7682382946499793,2.96,0.6014671180876169,lumpy
35922,68,23,45,1.4264705882352942,0.0,3.2059467899541874,20.0,66.17647058823529,33.82352941176471,4.217391304347826,4.358445529180105,2.9565217391304346,1.0680103189402799,lumpy
21087,65,22,43,4.0,0.0,8.902246907382429,41.0,66.15384615384616,33.84615384615384,11.818181818181818,12.030264865216923,2.9545454545454546,1.0362130177514794,lumpy
84218,62,21,41,4.209677419354839,0.0,10.628043782763328,67.0,66.12903225806451,33.87096774193549,12.428571428571429,15.403153665958891,2.9523809523809526,1.5359492667459371,lumpy
35607A,59,20,39,9.389830508474576,0.0,22.037598709190824,122.0,66.10169491525424,33.89830508474576,27.7,30.800034176331007,2.95,1.2363540581307695,lumpy
22803,56,19,37,1.0535714285714286,0.0,2.824693984115111,18.0,66.07142857142857,33.92857142857143,3.1052631578947367,4.201781855383966,2.9473684210526314,1.8309234255801343,lumpy
22888,56,19,37,1.3928571428571428,0.0,4.8642613993327855,28.0,66.07142857142857,33.92857142857143,4.105263157894737,7.780993487281865,2.9473684210526314,3.592428227043611,lumpy
85180A,103,35,68,5.980582524271845,0.0,20.032806711875843,138.0,66.01941747572816,33.98058252427184,17.6,31.518621946585238,2.942857142857143,3.2070749270782684,lumpy
21815,103,35,68,6.504854368932039,0.0,14.302662433080853,74.0,66.01941747572816,33.98058252427184,19.142857142857142,19.095954078937083,2.942857142857143,0.9951056831732468,lumpy
35637A,103,35,68,5.349514563106796,0.0,25.424902389719147,240.0,66.01941747572816,33.98058252427184,15.742857142857142,42.08139372072878,2.942857142857143,7.145179131201031,lumpy
21808,103,35,68,9.631067961165048,0.0,29.21119523880613,184.0,66.01941747572816,33.98058252427184,28.34285714285714,44.87691851192604,2.942857142857143,2.507025786462478,lumpy
90129C,97,33,64,1.0721649484536082,0.0,2.377180677295815,16.0,65.97938144329896,34.02061855670104,3.1515151515151514,3.192972871412433,2.9393939393939394,1.0264827570266273,lumpy
84919,94,32,62,3.095744680851064,0.0,17.257112698444065,161.0,65.95744680851064,34.04255319148936,9.09375,28.933025415214004,2.9375,10.122823758690586,lumpy
84627,41,14,27,1.1951219512195121,0.0,2.9344463889729013,16.0,65.85365853658537,34.14634146341463,3.5,4.219916149367462,2.9285714285714284,1.4536891679748822,lumpy
17013D,79,27,52,13.518987341772151,0.0,38.32615119768802,192.0,65.82278481012658,34.17721518987342,39.55555555555556,57.76832598560813,2.925925925925926,2.1328709953094505,lumpy
85198,76,26,50,50.776315789473685,0.0,382.17743169664743,3336.0,65.78947368421052,34.21052631578948,148.42307692307693,650.4659974557885,2.923076923076923,19.20641625863113,lumpy
20759,102,35,67,56.627450980392155,0.0,524.6948933620098,5298.0,65.68627450980392,34.31372549019608,165.02857142857144,894.0925891557281,2.914285714285714,29.352609030340584,lumpy
84750A,67,23,44,7.7611940298507465,0.0,17.343315498833693,111.0,65.67164179104478,34.32835820895522,22.608695652173914,23.482564383804544,2.9130434782608696,1.0787977407208174,lumpy
84972L,32,11,21,3.65625,0.0,5.922125680922786,18.0,65.625,34.375,10.636363636363637,5.201398413363992,2.909090909090909,0.239140916063993,intermittent
84081,32,11,21,3.09375,0.0,7.969131474107633,30.0,65.625,34.375,9.0,11.764352935882195,2.909090909090909,1.7086419753086424,lumpy
21635,84,29,55,4.726190476190476,0.0,20.19385042410767,180.0,65.47619047619048,34.52380952380952,13.689655172413794,32.88953746827169,2.896551724137931,5.772055711104244,lumpy
21089,84,29,55,3.8452380952380953,0.0,7.74673510337773,40.0,65.47619047619048,34.52380952380952,11.137931034482758,9.683285075438848,2.896551724137931,0.755851338417068,lumpy
85146,55,19,36,2.1454545454545455,0.0,4.415537305580115,24.0,65.45454545454545,34.54545454545455,6.2105263157894735,5.642880936468348,2.8947368421052633,0.8255530020109166,lumpy
85084,55,19,36,12.4,0.0,33.58714480714751,195.0,65.45454545454545,34.54545454545455,35.89473684210526,49.94095929399713,2.8947368421052633,1.9357631274431957,lumpy
90087,104,36,68,1.375,0.0,3.36511948171437,15.0,65.38461538461539,34.61538461538461,3.9722222222222223,4.765867398857427,2.888888888888889,1.4395171262304125,lumpy
22042,104,36,68,15.557692307692308,0.0,39.672158177097934,256.0,65.38461538461539,34.61538461538461,44.94444444444444,57.21185913249826,2.888888888888889,1.6203919921717684,lumpy
90198B,104,36,68,1.0,0.0,1.9853834825583532,10.0,65.38461538461539,34.61538461538461,2.888888888888889,2.446896317235691,2.888888888888889,0.7174133558748942,lumpy
20781,104,36,68,0.9615384615384616,0.0,2.211721101657272,14.0,65.38461538461539,34.61538461538461,2.7777777777777777,3.0341966327759984,2.888888888888889,1.1931428571428573,lumpy
21552,26,9,17,5.5,0.0,15.469324484281788,75.0,65.38461538461539,34.61538461538461,15.88888888888889,23.70888253611104,2.888888888888889,2.2265636461440654,lumpy
16052,78,27,51,10.871794871794872,0.0,43.131438792614055,371.0,65.38461538461539,34.61538461538461,31.40740740740741,69.5674875759886,2.888888888888889,4.906236307747076,lumpy
20869,104,36,68,5.009615384615385,0.0,24.466539541426542,240.0,65.38461538461539,34.61538461538461,14.472222222222221,40.25879574603089,2.888888888888889,7.738398925943919,lumpy
90145,104,36,68,0.6538461538461539,0.0,1.188694566412278,8.0,65.38461538461539,34.61538461538461,1.8888888888888888,1.3261712403495103,2.888888888888889,0.49293129016312404,lumpy
35599D,104,36,68,3.7403846153846154,0.0,8.924706834604962,53.0,65.38461538461539,34.61538461538461,10.805555555555555,12.485006881271506,2.888888888888889,1.3350064715783951,lumpy
84559b,52,18,34,0.6153846153846154,0.0,1.0127393670836664,4.0,65.38461538461539,34.61538461538461,1.7777777777777777,0.9428090415820634,2.888888888888889,0.28125000000000006,intermittent
79051A,104,36,68,8.721153846153847,0.0,19.9739912103041,120.0,65.38461538461539,34.61538461538461,25.194444444444443,27.334770577776624,2.888888888888889,1.1771215045194592,lumpy
37479B,75,26,49,16.706666666666667,0.0,73.75118383536034,480.0,65.33333333333333,34.66666666666667,48.19230769230769,120.50759950501687,2.8846153846153846,6.252783977671467,lumpy
84531B,72,25,47,2.6944444444444446,0.0,7.342024299453899,40.0,65.27777777777777,34.72222222222223,7.76,10.886842211281163,2.88,1.968250699684699,lumpy
20838,95,33,62,4.684210526315789,0.0,9.949086516278703,48.0,65.26315789473684,34.736842105263165,13.484848484848484,12.976231184653567,2.878787878787879,0.9259872490847113,lumpy
21197,92,32,60,4.923913043478261,0.0,10.512403658235074,60.0,65.21739130434783,34.78260869565217,14.15625,13.765570363023643,2.875,0.945566274760948,lumpy
21332,89,31,58,3.0224719101123596,0.0,11.020618618268015,61.0,65.1685393258427,34.8314606741573,8.67741935483871,17.480249992060934,2.870967741935484,4.058019282947076,lumpy
21261,103,36,67,2.7281553398058254,0.0,6.426346162108046,48.0,65.04854368932038,34.95145631067962,7.805555555555555,8.921304979636249,2.861111111111111,1.3063186708809231,lumpy
84661B,103,36,67,2.203883495145631,0.0,6.251837727155568,33.0,65.04854368932038,34.95145631067962,6.305555555555555,9.34365925395229,2.861111111111111,2.195772144950278,lumpy
90201C,100,35,65,1.17,0.0,2.3912931288913177,12.0,65.0,35.0,3.342857142857143,3.028714123798659,2.857142857142857,0.820882374426869,lumpy
46775E,40,14,26,2.525,0.0,7.622461746504412,44.0,65.0,35.0,7.214285714285714,11.741960073753715,2.857142857142857,2.649076636528846,lumpy
84782C,40,14,26,1.825,0.0,4.043909634030554,17.0,65.0,35.0,5.214285714285714,5.479732888332471,2.857142857142857,1.1044069460282635,lumpy
16045,100,35,65,92.12,0.0,188.33385787001234,1200.0,65.0,35.0,263.2,238.59303278620197,2.857142857142857,0.8217576301684096,lumpy
90096,97,34,63,1.0721649484536082,0.0,2.570860032331967,20.0,64.94845360824742,35.05154639175258,3.0588235294117645,3.600851553078574,2.8529411764705883,1.3858032992648381,lumpy
84352,94,33,61,2.117021276595745,0.0,4.998615685741003,35.0,64.8936170212766,35.1063829787234,6.03030303030303,6.948402912202417,2.8484848484848486,1.327674806191763,lumpy
16169K,94,33,61,21.80851063829787,0.0,66.31973328930387,600.0,64.8936170212766,35.1063829787234,62.121212121212125,100.99528379327843,2.8484848484848486,2.643153256989887,lumpy
20694,102,36,66,1.6176470588235294,0.0,3.9099875101647985,24.0,64.70588235294117,35.294117647058826,4.583333333333333,5.489600557938098,2.8333333333333335,1.4345596221959853,lumpy
79328,34,12,22,15.911764705882353,0.0,32.80185475821943,144.0,64.70588235294117,35.294117647058826,45.083333333333336,42.34588814069487,2.8333333333333335,0.882247535402335,lumpy
85167A,17,6,11,10.235294117647058,0.0,24.368343736712763,90.0,64.70588235294117,35.294117647058826,29.0,35.3157188798416,2.8333333333333335,1.482996432818074,lumpy
23151,31,11,20,1.1612903225806452,0.0,2.034646147672012,6.0,64.51612903225806,35.483870967741936,3.272727272727273,2.195035721390843,2.8181818181818183,0.4498456790123457,intermittent
84926D,90,32,58,8.2,0.0,20.743050819572584,97.0,64.44444444444444,35.55555555555556,23.0625,29.68972614743486,2.8125,1.6572942230864742,lumpy
85230A,104,37,67,19.153846153846153,0.0,41.0111917547046,312.0,64.42307692307692,35.57692307692308,53.83783783783784,53.78636419180026,2.810810810810811,0.9980887405041854,lumpy
84707A,104,37,67,0.9134615384615384,0.0,1.817448210680664,10.0,64.42307692307692,35.57692307692308,2.5675675675675675,2.2551242949304555,2.810810810810811,0.7714312096029544,lumpy
84976,104,37,67,6.326923076923077,0.0,21.657726847206288,181.0,64.42307692307692,35.57692307692308,17.783783783783782,33.6543996918474,2.810810810810811,3.5812559217137894,lumpy
84705A,14,5,9,0.9285714285714286,0.0,1.3847680013570567,4.0,64.28571428571429,35.71428571428571,2.6,0.8944271909999159,2.8,0.11834319526627216,intermittent
90111,14,5,9,0.5,0.0,0.7595545253127499,2.0,64.28571428571429,35.71428571428571,1.4,0.5477225575051661,2.8,0.15306122448979592,intermittent
21760,28,10,18,0.5357142857142857,0.0,0.9615628812527939,4.0,64.28571428571429,35.71428571428571,1.5,1.0801234497346435,2.8,0.5185185185185187,lumpy
84250M,28,10,18,0.8928571428571429,0.0,2.298780445016778,12.0,64.28571428571429,35.71428571428571,2.5,3.3747427885527648,2.8,1.8222222222222226,lumpy
23623,14,5,9,0.5714285714285714,0.0,0.9376144618769908,3.0,64.28571428571429,35.71428571428571,1.6,0.8944271909999159,2.8,0.3124999999999999,intermittent
72129,42,15,27,1.7619047619047619,0.0,3.5462761218173484,13.0,64.28571428571429,35.71428571428571,4.933333333333334,4.479583313955291,2.8,0.8245069393718041,lumpy
47503F,14,5,9,180.64285714285714,0.0,668.7256085723347,2504.0,64.28571428571429,35.71428571428571,505.8,1117.0495512733532,2.8,4.87738711765974,lumpy
85205B,67,24,43,3.5970149253731343,0.0,6.431597429859385,30.0,64.17910447761194,35.82089552238806,10.041666666666666,7.153467791866778,2.7916666666666665,0.5074831775414096,lumpy
84422,92,33,59,8.5,0.0,53.43302267407219,509.0,64.1304347826087,35.8695652173913,23.696969696969695,88.02147637383902,2.787878787878788,13.797222594697836,lumpy
90086,92,33,59,1.815217391304348,0.0,5.237081117716277,37.0,64.1304347826087,35.8695652173913,5.0606060606060606,7.81400743032742,2.787878787878788,2.3841994155401776,lumpy
21003,92,33,59,1.108695652173913,0.0,2.1861528341007683,13.0,64.1304347826087,35.8695652173913,3.090909090909091,2.696799449852968,2.787878787878788,0.7612456747404843,lumpy
82011B,103,37,66,0.8932038834951457,0.0,1.8729897530116737,10.0,64.07766990291262,35.92233009708738,2.4864864864864864,2.4223682353985465,2.7837837837837838,0.9490915773997061,lumpy
84592,103,37,66,1.6699029126213591,0.0,2.9816048761598934,13.0,64.07766990291262,35.92233009708738,4.648648648648648,3.3100538449482144,2.7837837837837838,0.507010170662821,lumpy
84199,103,37,66,4.990291262135922,0.0,10.811663224455366,60.0,64.07766990291262,35.92233009708738,13.891891891891891,14.286325598246007,2.7837837837837838,1.0575923430584369,lumpy
90206C,103,37,66,0.6990291262135923,0.0,1.195046569412638,6.0,64.07766990291262,35.92233009708738,1.945945945945946,1.2460146678721533,2.7837837837837838,0.41000085733882025,intermittent
71101E,103,37,66,7.543689320388349,0.0,14.373025319803356,96.0,64.07766990291262,35.92233009708738,21.0,17.172329163188344,2.7837837837837838,0.6686822877299067,lumpy
84660c,64,23,41,0.484375,0.0,0.7764834752276363,3.0,64.0625,35.9375,1.3478260869565217,0.714059817469728,2.782608695652174,0.2806735408192225,intermittent
37479P,75,27,48,2.2666666666666666,0.0,5.126331951725256,30.0,64.0,36.0,6.296296296296297,6.960409000000894,2.7777777777777777,1.2220787862656373,lumpy
90173,97,35,62,0.8350515463917526,0.0,1.5856151039050927,8.0,63.91752577319588,36.08247422680412,2.3142857142857145,1.8907114840626495,2.7714285714285714,0.66744667688749,lumpy
85188A,72,26,46,13.11111111111111,0.0,24.250195617364373,111.0,63.888888888888886,36.111111111111114,36.30769230769231,28.181936385946557,2.769230769230769,0.6024824044814708,lumpy
85200,72,26,46,14.51388888888889,0.0,32.306626475709315,137.0,63.888888888888886,36.111111111111114,40.19230769230769,43.48334782950295,2.769230769230769,1.1704693940157047,lumpy
84877D,94,34,60,1.702127659574468,0.0,5.06692795145621,26.0,63.829787234042556,36.170212765957444,4.705882352941177,7.60195115211043,2.764705882352941,2.6095643939393938,lumpy
22856,58,21,37,15.120689655172415,0.0,52.7157480336199,288.0,63.793103448275865,36.206896551724135,41.76190476190476,82.16927939437265,2.761904761904762,3.8713136547965283,lumpy
79323P,58,21,37,33.6551724137931,0.0,59.66589778710852,254.0,63.793103448275865,36.206896551724135,92.95238095238095,66.02005467316441,2.761904761904762,0.5044646306436441,lumpy
20906,69,25,44,1.4057971014492754,0.0,3.040505185286843,18.0,63.768115942028984,36.231884057971016,3.88,4.024094100954068,2.76,1.0756545151805006,lumpy
84865,80,29,51,0.9625,0.0,1.9320334273911934,12.0,63.75,36.25,2.6551724137931036,2.4242209657208216,2.7586206896551726,0.8336023901886607,lumpy
35646,102,37,65,6.107843137254902,0.0,12.936942928357768,72.0,63.72549019607843,36.27450980392157,16.83783783783784,16.848200552636527,2.7567567567567566,1.001231263030819,lumpy
84508C,102,37,65,1.0,0.0,1.94986671288573,9.0,63.72549019607843,36.27450980392157,2.7567567567567566,2.3852021275332596,2.7567567567567566,0.7486063052672048,lumpy
21147,102,37,65,4.607843137254902,0.0,10.540029179459768,63.0,63.72549019607843,36.27450980392157,12.702702702702704,14.352438555607632,2.7567567567567566,1.276612594939892,lumpy
84341B,102,37,65,16.431372549019606,0.0,38.71513373702426,192.0,63.72549019607843,36.27450980392157,45.2972972972973,53.49084286371146,2.7567567567567566,1.3944864605464768,lumpy
84926E,88,32,56,11.897727272727273,0.0,30.904762781672204,204.0,63.63636363636363,36.36363636363637,32.71875,44.46617734210301,2.75,1.8469969774718322,lumpy
72225D,22,8,14,43.72727272727273,0.0,142.36946630181959,672.0,63.63636363636363,36.36363636363637,120.25,224.2560717445254,2.75,3.4779092907991043,lumpy
72785A,11,4,7,0.7272727272727273,0.0,1.1037127426019047,3.0,63.63636363636363,36.36363636363637,2.0,0.816496580927726,2.75,0.16666666666666666,intermittent
21228,66,24,42,1.4696969696969697,0.0,3.0241067185569768,15.0,63.63636363636363,36.36363636363637,4.041666666666667,3.872749463339592,2.75,0.9181588395939129,lumpy
35921,66,24,42,2.772727272727273,0.0,5.827772907632645,33.0,63.63636363636363,36.36363636363637,7.625,7.574628703771559,2.75,0.9868314969094332,lumpy
16202C,22,8,14,3.8636363636363638,0.0,8.924527222614437,28.0,63.63636363636363,36.36363636363637,10.625,12.523549245892145,2.75,1.3893030153237766,lumpy
47592B,33,12,21,1.8484848484848484,0.0,3.428932159955305,14.0,63.63636363636363,36.36363636363637,5.083333333333333,4.0330077504452575,2.75,0.6294495614570865,lumpy
90040A,66,24,42,0.7424242424242424,0.0,1.3734919681163724,6.0,63.63636363636363,36.36363636363637,2.0416666666666665,1.6010639578422372,2.75,0.6149611574887276,lumpy
20980,88,32,56,2.534090909090909,0.0,5.679057845684357,27.0,63.63636363636363,36.36363636363637,6.96875,7.655840591423669,2.75,1.2069130818066176,lumpy
23646,11,4,7,0.7272727272727273,0.0,1.1908743922772957,3.0,63.63636363636363,36.36363636363637,2.0,1.1547005383792515,2.75,0.3333333333333333,intermittent
21309,11,4,7,4.454545454545454,0.0,12.217721852813938,41.0,63.63636363636363,36.36363636363637,12.25,19.241881404893856,2.75,2.4673052894627236,lumpy
35810B,104,38,66,3.105769230769231,0.0,6.2704705839583355,30.0,63.46153846153846,36.53846153846154,8.5,7.897142829205058,2.736842105263158,0.8631815206209671,lumpy
84924A,104,38,66,1.2692307692307692,0.0,2.4622618429244545,14.0,63.46153846153846,36.53846153846154,3.473684210526316,3.002132954410942,2.736842105263158,0.7469287469287468,lumpy
79191D,104,38,66,1.2980769230769231,0.0,2.9882612007209364,16.0,63.46153846153846,36.53846153846154,3.5526315789473686,4.078270489425851,2.736842105263158,1.3178066955844736,lumpy
20878,52,19,33,13.5,0.0,25.28853107480877,96.0,63.46153846153846,36.53846153846154,36.94736842105263,29.958255557081287,2.736842105263158,0.6574549809750824,lumpy
22141,104,38,66,34.21153846153846,0.0,78.52520133187879,401.0,63.46153846153846,36.53846153846154,93.63157894736842,107.01134596390754,2.736842105263158,1.3062158786389482,lumpy
21821,104,38,66,6.326923076923077,0.0,13.272676003907616,80.0,63.46153846153846,36.53846153846154,17.31578947368421,17.174942878315484,2.736842105263158,0.9837981661043165,lumpy
21133,41,15,26,7.024390243902439,0.0,23.084072219690842,143.0,63.41463414634146,36.58536585365854,19.2,35.6655095495434,2.7333333333333334,3.4505983382936516,lumpy
35954,101,37,64,21.396039603960396,0.0,52.53857234602417,382.0,63.366336633663366,36.633663366336634,58.4054054054054,73.79643903613788,2.72972972972973,1.5964845729367447,lumpy
16259,101,37,64,54.18811881188119,0.0,97.15026637856296,432.0,63.366336633663366,36.633663366336634,147.9189189189189,109.39591155735879,2.72972972972973,0.5469589519963349,lumpy
85019B,90,33,57,7.955555555555556,0.0,20.54149601846599,144.0,63.333333333333336,36.666666666666664,21.696969696969695,29.429454684555456,2.727272727272727,1.8397815738038763,lumpy
84707B,98,36,62,0.6530612244897959,0.0,1.1406458725310835,7.0,63.265306122448976,36.734693877551024,1.7777777777777777,1.2446711811584414,2.7222222222222223,0.4901785714285716,lumpy
22137,87,32,55,6.9655172413793105,0.0,46.29215822784829,432.0,63.2183908045977,36.7816091954023,18.9375,75.57091841229283,2.71875,15.924437796702058,lumpy
84807,19,7,12,12.263157894736842,0.0,38.87564519687981,171.0,63.1578947368421,36.8421052631579,33.285714285714285,60.9718904789037,2.7142857142857144,3.3553942787673376,lumpy
90018A,103,38,65,0.6990291262135923,0.0,1.1187786710648453,4.0,63.10679611650485,36.89320388349515,1.894736842105263,1.0600732683553764,2.710526315789474,0.31302135468802134,intermittent
47503H,103,38,65,1.5436893203883495,0.0,3.94018188847883,27.0,63.10679611650485,36.89320388349515,4.184210526315789,5.608175803804003,2.710526315789474,1.7964543397081658,lumpy
84859A,103,38,65,2.825242718446602,0.0,8.2929537589663,62.0,63.10679611650485,36.89320388349515,7.657894736842105,12.311884646803177,2.710526315789474,2.5848199139728534,lumpy
85194L,103,38,65,17.650485436893202,0.0,36.30365096366277,178.0,63.10679611650485,36.89320388349515,47.8421052631579,46.366067692720264,2.710526315789474,0.9392473216934871,lumpy
21459,65,24,41,4.046153846153846,0.0,10.59397052754356,72.0,63.07692307692308,36.92307692307692,10.958333333333334,15.272820891080158,2.7083333333333335,1.9424484579985886,lumpy
20864,46,17,29,5.456521739130435,0.0,15.929994799105144,100.0,63.04347826086956,36.95652173913044,14.764705882352942,23.82627072100433,2.7058823529411766,2.604129299534928,lumpy
84664,46,17,29,4.195652173913044,0.0,9.301420596918136,48.0,63.04347826086956,36.95652173913044,11.352941176470589,12.529670668410384,2.7058823529411766,1.218042766248758,lumpy
22038,100,37,63,11.25,0.0,17.17960677340692,100.0,63.0,37.0,30.405405405405407,14.595393983223799,2.7027027027027026,0.23042524005486958,intermittent
20934,100,37,63,1.78,0.0,3.9735997470171727,22.0,63.0,37.0,4.8108108108108105,5.332488671852517,2.7027027027027026,1.2286362552427441,lumpy
84631,81,30,51,3.5555555555555554,0.0,17.580529002279764,145.0,62.96296296296296,37.03703703703704,9.6,28.153030093549006,2.7,8.60018558429119,lumpy
84802A,54,20,34,3.425925925925926,0.0,6.940724370471885,34.0,62.96296296296296,37.03703703703704,9.25,8.81311821273146,2.7,0.9077697897043561,lumpy
84251B,81,30,51,3.9382716049382718,0.0,6.872673568219913,35.0,62.96296296296296,37.03703703703704,10.633333333333333,7.526886673021306,2.7,0.5010624963360735,lumpy
84251J,27,10,17,2.2962962962962963,0.0,5.86918166760013,24.0,62.96296296296296,37.03703703703704,6.2,8.52186729667989,2.7,1.889235749797664,lumpy
84874B,81,30,51,1.0493827160493827,0.0,2.1558132721081225,10.0,62.96296296296296,37.03703703703704,2.8333333333333335,2.7553500726747058,2.7,0.9457105357355924,lumpy
84846A,97,36,61,2.5257731958762886,0.0,5.543563804661888,35.0,62.88659793814433,37.11340206185567,6.805555555555555,7.371060960441155,2.6944444444444446,1.1730940679478787,lumpy
85091,35,13,22,9.8,0.0,48.71393084964022,289.0,62.857142857142854,37.142857142857146,26.384615384615383,79.05434677226637,2.6923076923076925,8.97738753977226,lumpy
20957,35,13,22,3.6,0.0,7.681911526819503,36.0,62.857142857142854,37.142857142857146,9.692307692307692,10.160254388093303,2.6923076923076925,1.0988914084152182,lumpy
84926C,35,13,22,3.085714285714286,0.0,5.226467869082773,17.0,62.857142857142854,37.142857142857146,8.307692307692308,5.513386971493648,2.6923076923076925,0.4404292409693644,intermittent
84597C,78,29,49,4.653846153846154,0.0,9.888766975094128,48.0,62.82051282051282,37.17948717948718,12.517241379310345,12.921799658094878,2.689655172413793,1.0656847535134537,lumpy
46115B,43,16,27,6.651162790697675,0.0,12.622511486814854,48.0,62.7906976744186,37.2093023255814,17.875,15.235375501334607,2.6875,0.7264642117788972,lumpy
22395,86,32,54,1.802325581395349,0.0,3.490557910713383,15.0,62.7906976744186,37.2093023255814,4.84375,4.266216689141526,2.6875,0.7757510657581151,lumpy
47503E,43,16,27,159.11627906976744,0.0,1020.6319053200588,6696.0,62.7906976744186,37.2093023255814,427.625,1671.6024597174214,2.6875,15.28057963886528,lumpy
84509a,102,38,64,1.0,0.0,1.7965864221565375,9.0,62.745098039215684,37.254901960784316,2.6842105263157894,2.041531793185917,2.6842105263157894,0.578467741097499,lumpy
22879,51,19,32,1.607843137254902,0.0,5.2386197852966925,28.0,62.745098039215684,37.254901960784316,4.315789473684211,7.993418345245372,2.6842105263157894,3.4303985722784054,lumpy
72814,51,19,32,4.490196078431373,0.0,9.579921813918125,52.0,62.745098039215684,37.254901960784316,12.052631578947368,12.598384747483067,2.6842105263157894,1.0926120147721563,lumpy
90120C,102,38,64,0.9705882352941176,0.0,1.8045919554849,10.0,62.745098039215684,37.254901960784316,2.6052631578947367,2.125005229681457,2.6842105263157894,0.6652989077231503,lumpy
22877,51,19,32,2.5098039215686274,0.0,7.297595628752275,50.0,62.745098039215684,37.254901960784316,6.7368421052631575,10.856857051156185,2.6842105263157894,2.5971408420138893,lumpy
22860,59,22,37,10.372881355932204,0.0,21.449940362496264,93.0,62.71186440677966,37.28813559322034,27.818181818181817,27.610619702323238,2.6818181818181817,0.9851329057403644,lumpy
85027L,67,25,42,2.8358208955223883,0.0,7.035832562406773,42.0,62.6865671641791,37.3134328358209,7.6,9.920517459622086,2.68,1.7038896583564171,lumpy
84712B,104,39,65,0.9230769230769231,0.0,2.0130270289462358,16.0,62.5,37.5,2.4615384615384617,2.6640506736739886,2.6666666666666665,1.171309621710526,lumpy
84601A,32,12,20,7.9375,0.0,27.631138932546325,150.0,62.5,37.5,21.166666666666668,42.966865316794,2.6666666666666665,4.120618423055028,lumpy
22105,104,39,65,6.625,0.0,47.12927635048504,480.0,62.5,37.5,17.666666666666668,76.29110913686688,2.6666666666666665,18.648273406906373,lumpy
85006,72,27,45,42.263888888888886,0.0,237.98555957230937,1440.0,62.5,37.5,112.70370370370371,382.6470370795454,2.6666666666666665,11.527107233024575,lumpy
22307,104,39,65,11.471153846153847,0.0,22.22958613259786,108.0,62.5,37.5,30.58974358974359,27.188153330292057,2.6666666666666665,0.7899648140128307,lumpy
22043,104,39,65,21.009615384615383,0.0,41.99456626716294,180.0,62.5,37.5,56.02564102564103,52.59952330156573,2.6666666666666665,0.8814343027843314,lumpy
21752,40,15,25,1.775,0.0,3.6408473231885505,18.0,62.5,37.5,4.733333333333333,4.682286783592983,2.6666666666666665,0.9785473403803099,lumpy
23610,8,3,5,0.375,0.0,0.5175491695067657,1.0,62.5,37.5,1.0,0.0,2.6666666666666665,0.0,intermittent
20780,104,39,65,1.8076923076923077,0.0,5.422135363895509,37.0,62.5,37.5,4.82051282051282,8.048771710384383,2.6666666666666665,2.787871387386529,lumpy
22764,24,9,15,7.625,0.0,22.94570623847975,107.0,62.5,37.5,20.333333333333332,34.97141690009142,2.6666666666666665,2.958075786079011,lumpy
21263,64,24,40,4.53125,0.0,11.323481362139923,74.0,62.5,37.5,12.083333333333334,15.999773549122136,2.6666666666666665,1.753291630047045,lumpy
84414B,16,6,10,4.875,0.0,12.595634164265013,40.0,62.5,37.5,13.0,18.686893802876924,2.6666666666666665,2.066272189349112,lumpy
20994,8,3,5,4.625,0.0,10.459957661755343,30.0,62.5,37.5,12.333333333333334,15.50268793897798,2.6666666666666665,1.5799853907962012,lumpy
85184B,16,6,10,0.875,0.0,1.9958289839896937,8.0,62.5,37.5,2.3333333333333335,2.8047578623950176,2.6666666666666665,1.4448979591836735,lumpy
23650,8,3,5,0.375,0.0,0.5175491695067657,1.0,62.5,37.5,1.0,0.0,2.6666666666666665,0.0,intermittent
85023A,16,6,10,1.1875,0.0,2.5617376914898995,9.0,62.5,37.5,3.1666666666666665,3.488074922742725,2.6666666666666665,1.2132963988919672,lumpy
23624,8,3,5,0.5,0.0,0.7559289460184544,2.0,62.5,37.5,1.3333333333333333,0.5773502691896258,2.6666666666666665,0.18750000000000008,intermittent
20705,104,39,65,2.548076923076923,0.0,7.531010076392438,48.0,62.5,37.5,6.794871794871795,11.140678159409864,2.6666666666666665,2.6881947124843086,lumpy
79030D,101,38,63,9.990099009900991,0.0,37.69124435449298,360.0,62.37623762376238,37.62376237623762,26.55263157894737,58.205459653095815,2.6578947368421053,4.805209281255881,lumpy
40046A,98,37,61,3.5,0.0,7.861232032713761,48.0,62.244897959183675,37.755102040816325,9.27027027027027,10.561062258884569,2.6486486486486487,1.2978676685168027,lumpy
15056p,74,28,46,0.6081081081081081,0.0,0.9625532195579125,4.0,62.16216216216216,37.83783783783784,1.6071428571428572,0.9164862737363227,2.642857142857143,0.32519433013260174,intermittent
22656,66,25,41,0.6818181818181818,0.0,1.1787749952855677,6.0,62.121212121212125,37.878787878787875,1.8,1.2909944487358056,2.64,0.51440329218107,lumpy
84595E,87,33,54,4.149425287356322,0.0,14.257212565259062,96.0,62.06896551724138,37.93103448275862,10.93939393939394,21.672187525056447,2.6363636363636362,3.924813057757385,lumpy
85018D,58,22,36,12.931034482758621,0.0,40.56221648195048,219.0,62.06896551724138,37.93103448275862,34.09090909090909,60.910480051355535,2.6363636363636362,3.1923233862433857,lumpy
22868,58,22,36,2.1379310344827585,0.0,6.671353464462207,48.0,62.06896551724138,37.93103448275862,5.636363636363637,10.007356601380113,2.6363636363636362,3.15239581784847,lumpy
48173c,58,22,36,1.1724137931034482,0.0,1.8837991757465165,8.0,62.06896551724138,37.93103448275862,3.090909090909091,1.8493007921680615,2.6363636363636362,0.357966716098204,intermittent
21412,50,19,31,5.2,0.0,9.770843758606626,36.0,62.0,38.0,13.68421052631579,11.719180060334843,2.6315789473684212,0.7334237343852731,lumpy
22876,50,19,31,2.36,0.0,7.145028241471727,48.0,62.0,38.0,6.2105263157894735,10.664473458734227,2.6315789473684212,2.9486418334450506,lumpy
21134,50,19,31,5.34,0.0,13.600135053351039,77.0,62.0,38.0,14.052631578947368,19.34618447656203,2.6315789473684212,1.8952885048495876,lumpy
22281,100,38,62,5.08,0.0,18.958050447439916,180.0,62.0,38.0,13.368421052631579,29.118045906955103,2.6315789473684212,4.744213461399895,lumpy
20849,50,19,31,13.48,0.0,81.6098833550477,577.0,62.0,38.0,35.473684210526315,131.55580498237774,2.6315789473684212,13.75331663276657,lumpy
84926A,92,35,57,7.217391304347826,0.0,17.553576440918704,120.0,61.95652173913044,38.04347826086956,18.97142857142857,24.395618837967504,2.6285714285714286,1.6535738987132085,lumpy
21007,42,16,26,44.23809523809524,0.0,102.58388822379789,444.0,61.904761904761905,38.095238095238095,116.125,140.9245069768444,2.625,1.4727247797806442,lumpy
90214D,97,37,60,0.7628865979381443,0.0,1.6442652606628532,12.0,61.855670103092784,38.144329896907216,2.0,2.160246899469287,2.6216216216216215,1.166666666666667,lumpy
72801C,97,37,60,7.247422680412371,0.0,27.484098026493356,240.0,61.855670103092784,38.144329896907216,19.0,42.24728788139345,2.6216216216216215,4.944136657433058,lumpy
22339,102,39,63,33.80392156862745,0.0,77.6982025373711,477.0,61.76470588235294,38.23529411764706,88.41025641025641,105.31349639821448,2.6153846153846154,1.4189358544397317,lumpy
21131,102,39,63,2.411764705882353,0.0,12.636073570172863,124.0,61.76470588235294,38.23529411764706,6.3076923076923075,19.97913891795224,2.6153846153846154,10.032577726290738,lumpy
72801G,102,39,63,12.77450980392157,0.0,66.69761924629444,624.0,61.76470588235294,38.23529411764706,33.41025641025641,105.4336204115671,2.6153846153846154,9.958607643268783,lumpy
85160A,60,23,37,146.93333333333334,0.0,781.5750040819177,4321.0,61.666666666666664,38.333333333333336,383.30434782608694,1242.3742458689405,2.608695652173913,10.505516011305282,lumpy
16207A,99,38,61,1.4141414141414141,0.0,2.325590120457474,9.0,61.61616161616162,38.38383838383838,3.6842105263157894,2.3948736146520284,2.6052631578947367,0.4225482625482625,intermittent
21250,104,40,64,3.798076923076923,0.0,13.118118950884664,120.0,61.53846153846154,38.46153846153846,9.875,19.82252991693271,2.6,4.0294331529710465,lumpy
20868,104,40,64,8.403846153846153,0.0,30.25603341284205,240.0,61.53846153846154,38.46153846153846,21.85,46.003650914203504,2.6,4.432836528307519,lumpy
84799,65,25,40,10.430769230769231,0.0,19.557582633381315,96.0,61.53846153846154,38.46153846153846,27.12,23.420646162449632,2.6,0.7457931245522287,lumpy
22306,104,40,64,15.39423076923077,0.0,30.194971055996096,114.0,61.53846153846154,38.46153846153846,40.025,37.3737104228257,2.6,0.8719061709287602,lumpy
21946,104,40,64,5.951923076923077,0.0,33.42093402670438,337.0,61.53846153846154,38.46153846153846,15.475,52.90338920847689,2.6,11.687070822943207,lumpy
84708B,104,40,64,1.3461538461538463,0.0,2.491808836382206,12.0,61.53846153846154,38.46153846153846,3.5,2.9439202887759492,2.6,0.7074829931972791,lumpy
22142,104,40,64,39.31730769230769,0.0,87.26505371824449,438.0,61.53846153846154,38.46153846153846,102.225,116.25954330830828,2.6,1.2934301697005781,lumpy
85230F,101,39,62,28.435643564356436,0.0,103.36212225390732,1008.0,61.386138613861384,38.613861386138616,73.64102564102564,157.1575621000662,2.58974358974359,4.554397258139802,lumpy
84247E,75,29,46,5.013333333333334,0.0,10.651092233464405,64.0,61.333333333333336,38.666666666666664,12.96551724137931,13.893684995659743,2.586206896551724,1.14829956994115,lumpy
84247N,98,38,60,1.153061224489796,0.0,3.1042107777845813,23.0,61.224489795918366,38.775510204081634,2.973684210526316,4.438692540056064,2.5789473684210527,2.2280269148465557,lumpy
85187,98,38,60,4.887755102040816,0.0,10.789344354941584,59.0,61.224489795918366,38.775510204081634,12.605263157894736,14.327330664953967,2.5789473684210527,1.291893564582404,lumpy
85186C,98,38,60,14.275510204081632,0.0,28.035610864419056,125.0,61.224489795918366,38.775510204081634,36.81578947368421,34.76084723811026,2.5789473684210527,0.8914817778179281,lumpy
84820,98,38,60,2.7857142857142856,0.0,11.627597814158994,96.0,61.224489795918366,38.775510204081634,7.184210526315789,17.94414044714634,2.5789473684210527,6.238601117721996,lumpy
22259,67,26,41,8.805970149253731,0.0,28.399337810232502,204.0,61.19402985074627,38.80597014925373,22.692307692307693,42.44409898279782,2.576923076923077,3.4984632002298195,lumpy
20757,103,40,63,51.9126213592233,0.0,474.8401610696276,4817.0,61.16504854368932,38.83495145631068,133.675,760.5848083159601,2.575,32.37389157411638,lumpy
85020,103,40,63,2.203883495145631,0.0,5.557823003237253,48.0,61.16504854368932,38.83495145631068,5.675,7.783570797453721,2.575,1.8811612679143586,lumpy
84051,103,40,63,6.990291262135922,0.0,18.859384279571028,120.0,61.16504854368932,38.83495145631068,18.0,26.9624620347319,2.575,2.2437480215258,lumpy
21277,103,40,63,0.5242718446601942,0.0,0.7901930788399528,3.0,61.16504854368932,38.83495145631068,1.35,0.6998168258505861,2.575,0.26872076254792293,intermittent
21027,103,40,63,3.349514563106796,0.0,5.889020588139505,24.0,61.16504854368932,38.83495145631068,8.625,6.635906600477166,2.575,0.5919463159538775,lumpy
90129B,103,40,63,1.3786407766990292,0.0,3.208800719266938,24.0,61.16504854368932,38.83495145631068,3.55,4.361545244873303,2.575,1.5094685120473654,lumpy
51008,103,40,63,24.310679611650485,0.0,76.26270760405919,610.0,61.16504854368932,38.83495145631068,62.6,112.92788713292963,2.575,3.25427117055081,lumpy
90013C,103,40,63,0.7864077669902912,0.0,1.3184251258558835,6.0,61.16504854368932,38.83495145631068,2.025,1.404890724831632,2.575,0.4813212494968325,intermittent
90019A,103,40,63,0.6310679611650486,0.0,0.9287382465636461,4.0,61.16504854368932,38.83495145631068,1.625,0.7741827783921407,2.575,0.22697617963890157,intermittent
85170B,103,40,63,2.737864077669903,0.0,9.190746801302808,72.0,61.16504854368932,38.83495145631068,7.05,13.774651561510572,2.575,3.81753484514915,lumpy
17109D,72,28,44,17.375,0.0,58.12163968781335,360.0,61.111111111111114,38.888888888888886,44.67857142857143,87.28202630783795,2.5714285714285716,3.8163753628651094,lumpy
90214R,95,37,58,0.8105263157894737,0.0,1.6457213179074415,12.0,61.05263157894737,38.94736842105263,2.081081081081081,2.0867089769190037,2.5675675675675675,1.0054159404808756,lumpy
79323S,41,16,25,6.951219512195122,0.0,26.825315673363654,170.0,60.97560975609756,39.02439024390244,17.8125,41.38311853884383,2.5625,5.397550015389351,lumpy
17178,41,16,25,3.2439024390243905,0.0,6.7556660952302785,34.0,60.97560975609756,39.02439024390244,8.3125,8.761421117604153,2.5625,1.110927695177794,lumpy
90040D,41,16,25,0.8536585365853658,0.0,1.3520535420196218,6.0,60.97560975609756,39.02439024390244,2.1875,1.3275918047351754,2.5625,0.3683265306122449,intermittent
21414,64,25,39,25.578125,0.0,187.2928955412834,1500.0,60.9375,39.0625,65.48,298.9310288344119,2.56,20.84129266365869,lumpy
DCGS0058,46,18,28,0.8695652173913043,0.0,1.758897326953249,9.0,60.869565217391305,39.130434782608695,2.2222222222222223,2.237528982541325,2.5555555555555554,1.0138235294117643,lumpy
21016,51,20,31,15.333333333333334,0.0,34.8583801497813,189.0,60.78431372549019,39.21568627450981,39.1,47.11117869354084,2.55,1.4517586605887824,lumpy
90160C,102,40,62,0.9411764705882353,0.0,1.8283982570467456,10.0,60.78431372549019,39.21568627450981,2.4,2.250925735484551,2.55,0.8796296296296298,lumpy
72801D,102,40,62,5.362745098039215,0.0,24.922370250930797,241.0,60.78431372549019,39.21568627450981,13.675,38.62600923915892,2.55,7.978201670370022,lumpy
90214M,102,40,62,1.2254901960784315,0.0,2.453152599843873,14.0,60.78431372549019,39.21568627450981,3.125,3.08168701717012,2.55,0.9724717948717949,lumpy
21824,102,40,62,27.04901960784314,0.0,68.91871772236235,428.0,60.78431372549019,39.21568627450981,68.975,96.61647348520825,2.55,1.9620900930965817,lumpy
21847,102,40,62,3.4019607843137254,0.0,13.292788042357436,122.0,60.78431372549019,39.21568627450981,8.675,20.265402499371643,2.55,5.457220486329605,lumpy
21095,79,31,48,3.7341772151898733,0.0,7.039647537723153,36.0,60.75949367088607,39.24050632911393,9.516129032258064,8.48477447251619,2.5483870967741935,0.7949868811644166,lumpy
72715,28,11,17,3.142857142857143,0.0,4.727494722282231,18.0,60.714285714285715,39.285714285714285,8.0,4.1952353926806065,2.5454545454545454,0.275,intermittent
84292,28,11,17,1.5357142857142858,0.0,2.6314640743516096,10.0,60.714285714285715,39.285714285714285,3.909090909090909,2.91391645228704,2.5454545454545454,0.5556517036235803,lumpy
22857,56,22,34,21.964285714285715,0.0,40.71763713706844,189.0,60.714285714285715,39.285714285714285,55.90909090909091,48.517948658113546,2.5454545454545454,0.753078068295201,lumpy
79192A,61,24,37,1.819672131147541,0.0,3.9686613894414973,24.0,60.65573770491803,39.34426229508197,4.625,5.248705844632395,2.5416666666666665,1.2878965922444188,lumpy
85230G,94,37,57,17.617021276595743,0.0,30.918938895596828,144.0,60.638297872340424,39.361702127659576,44.75675675675676,34.9455174405701,2.5405405405405403,0.6096291628742793,lumpy
23137,33,13,20,2.121212121212121,0.0,5.230664248912224,28.0,60.60606060606061,39.39393939393939,5.384615384615385,7.343233410635735,2.5384615384615383,1.859795918367347,lumpy
22258,99,39,60,13.545454545454545,0.0,33.235791110799035,204.0,60.60606060606061,39.39393939393939,34.38461538461539,45.971166812880135,2.5384615384615383,1.7874862599045243,lumpy
21015,104,41,63,15.423076923076923,0.0,40.39434073303043,216.0,60.57692307692308,39.42307692307692,39.1219512195122,57.02025741872411,2.5365853658536586,2.1243072571066106,lumpy
10120,104,41,63,5.423076923076923,0.0,11.333164930143354,62.0,60.57692307692308,39.42307692307692,13.75609756097561,14.60270606395417,2.5365853658536586,1.1268761631708666,lumpy
21813,104,41,63,6.951923076923077,0.0,14.114221848964696,72.0,60.57692307692308,39.42307692307692,17.634146341463413,17.885407596083706,2.5365853658536586,1.0287001486429872,lumpy
21810,104,41,63,63.09615384615385,0.0,170.36964491186092,1114.0,60.57692307692308,39.42307692307692,160.0487804878049,242.5621519548662,2.5365853658536586,2.2968960198741075,lumpy
21819,104,41,63,35.78846153846154,0.0,83.25801201446289,565.0,60.57692307692308,39.42307692307692,90.78048780487805,112.83893658554257,2.5365853658536586,1.5450158713269717,lumpy
21814,104,41,63,6.211538461538462,0.0,13.895360039231283,79.0,60.57692307692308,39.42307692307692,15.75609756097561,18.521312706993637,2.5365853658536586,1.3818032378341596,lumpy
46118,104,41,63,3.5096153846153846,0.0,7.27409980725963,37.0,60.57692307692308,39.42307692307692,8.902439024390244,9.329536103281825,2.5365853658536586,1.0982522049164947,lumpy
90214C,104,41,63,1.3269230769230769,0.0,2.8092852550979637,13.0,60.57692307692308,39.42307692307692,3.3658536585365852,3.6452441451909334,2.5365853658536586,1.1729048519218652,lumpy
21689,104,41,63,3.25,0.0,10.515591752389048,97.0,60.57692307692308,39.42307692307692,8.24390243902439,15.573664449648449,2.5365853658536586,3.56874846819089,lumpy
85107,104,41,63,10.990384615384615,0.0,33.62196900615183,276.0,60.57692307692308,39.42307692307692,27.878048780487806,49.27788303181825,2.5365853658536586,3.124491426760631,lumpy
16046,104,41,63,95.75961538461539,0.0,635.2654440253034,4608.0,60.57692307692308,39.42307692307692,242.90243902439025,1001.2680661261013,2.5365853658536586,16.99170577024199,lumpy
84715,71,28,43,3.3943661971830985,0.0,5.765609553301953,18.0,60.563380281690144,39.436619718309856,8.607142857142858,6.2972027047540635,2.5357142857142856,0.535275448655039,lumpy
21281,101,40,61,36.40594059405941,0.0,216.22526116149436,1537.0,60.396039603960396,39.603960396039604,91.925,338.5941059583637,2.525,13.567240097751306,lumpy
84741C,73,29,44,2.506849315068493,0.0,4.438228148932712,20.0,60.273972602739725,39.726027397260275,6.310344827586207,5.078691115659217,2.5172413793103448,0.6477350771895249,lumpy
82095,83,33,50,1.2048192771084338,0.0,3.2861833304876766,28.0,60.24096385542169,39.75903614457831,3.0303030303030303,4.686982294643648,2.515151515151515,2.3922937500000008,lumpy
72816,98,39,59,13.642857142857142,0.0,49.3412794287917,445.0,60.204081632653065,39.795918367346935,34.282051282051285,74.0835050601502,2.5128205128205128,4.669920021637147,lumpy
21587,98,39,59,20.53061224489796,0.0,44.16375434176125,220.0,60.204081632653065,39.795918367346935,51.58974358974359,57.7429503324035,2.5128205128205128,1.2527695863117827,lumpy
85125,103,41,62,2.9223300970873787,0.0,6.7775426751513015,42.0,60.19417475728155,39.80582524271845,7.341463414634147,9.158629144412282,2.5121951219512195,1.5563084292667855,lumpy
44234,103,41,62,11.74757281553398,0.0,48.20396177001978,432.0,60.19417475728155,39.80582524271845,29.51219512195122,73.40201698564539,2.5121951219512195,6.186043371354414,lumpy
84927F,103,41,62,3.116504854368932,0.0,8.332903091882306,48.0,60.19417475728155,39.80582524271845,7.829268292682927,11.80021702983549,2.5121951219512195,2.271630224861948,lumpy
90147,103,41,62,0.883495145631068,0.0,1.4437218437881676,8.0,60.19417475728155,39.80582524271845,2.2195121951219514,1.5085124315356375,2.5121951219512195,0.46193696413476637,intermittent
84748,103,41,62,11.359223300970873,0.0,61.03098768834038,600.0,60.19417475728155,39.80582524271845,28.536585365853657,94.84595340892926,2.5121951219512195,11.046726532252174,lumpy
21190,103,41,62,7.825242718446602,0.0,18.734694241509875,110.0,60.19417475728155,39.80582524271845,19.658536585365855,25.623826564447356,2.5121951219512195,1.6989695768091668,lumpy
21807,103,41,62,30.805825242718445,0.0,66.4189109398803,411.0,60.19417475728155,39.80582524271845,77.39024390243902,86.91342763025185,2.5121951219512195,1.2612504220083396,lumpy
85023C,20,8,12,1.15,0.0,1.6944180805158295,5.0,60.0,40.0,2.875,1.4577379737113252,2.5,0.2570888468809074,intermittent
90197D,10,4,6,0.9,0.0,1.449137674618944,4.0,60.0,40.0,2.25,1.5,2.5,0.4444444444444444,intermittent
35651,65,26,39,7.046153846153846,0.0,13.402927349592755,54.0,60.0,40.0,17.615384615384617,16.317051015614123,2.5,0.8580233023779102,lumpy
17014E,15,6,9,6.333333333333333,0.0,22.87752067818872,89.0,60.0,40.0,15.833333333333334,35.84643171456075,2.5,5.125628808864267,lumpy
47583B,10,4,6,2.7,0.0,5.888784066153027,19.0,60.0,40.0,6.75,8.220908303425682,2.5,1.4833104709647922,lumpy
35973,15,6,9,3.2666666666666666,0.0,6.295879226771686,24.0,60.0,40.0,8.166666666666666,7.935153852740769,2.5,0.9441066222407333,lumpy
35972,100,40,60,4.13,0.0,10.376405831490885,58.0,60.0,40.0,10.325,14.412223266629598,2.5,1.9484166945897983,lumpy
23043,30,12,18,2.566666666666667,0.0,4.256300265961388,16.0,60.0,40.0,6.416666666666667,4.561864318522205,2.5,0.505435532590196,lumpy
35809a,25,10,15,0.4,0.0,0.49999999999999994,1.0,60.0,40.0,1.0,0.0,2.5,0.0,intermittent
84424A,20,8,12,1.15,0.0,1.9808291724745763,6.0,60.0,40.0,2.875,2.232071427428535,2.5,0.6027545233594385,lumpy
85163A,95,38,57,1.0736842105263158,0.0,2.8443378067294667,24.0,60.0,40.0,2.6842105263157894,4.014199547672592,2.5,2.2364786932260974,lumpy
20794,100,40,60,2.1,0.0,3.6858999695947503,16.0,60.0,40.0,5.25,4.186363699637314,2.5,0.6358509215652071,lumpy
23644,10,4,6,0.4,0.0,0.5163977794943222,1.0,60.0,40.0,1.0,0.0,2.5,0.0,intermittent
23639,10,4,6,0.4,0.0,0.5163977794943222,1.0,60.0,40.0,1.0,0.0,2.5,0.0,intermittent
10138,20,8,12,5.3,0.0,8.379800273967092,24.0,60.0,40.0,13.25,8.379396500601086,2.5,0.3999389716726848,intermittent
79308B,5,2,3,28.8,0.0,39.43602414037196,72.0,60.0,40.0,72.0,0.0,2.5,0.0,intermittent
22864,5,2,3,75.6,0.0,143.7247369105263,330.0,60.0,40.0,189.0,199.4041122946064,2.5,1.113126732174351,lumpy
85129B,102,41,61,2.2745098039215685,0.0,5.321648041362804,26.0,59.80392156862745,40.19607843137255,5.658536585365853,7.202811104345167,2.4878048780487805,1.6203013525564802,lumpy
72817,102,41,61,15.03921568627451,0.0,35.47748458177452,162.0,59.80392156862745,40.19607843137255,37.41463414634146,48.16636565579559,2.4878048780487805,1.6573138159985994,lumpy
90214E,102,41,61,1.1470588235294117,0.0,2.17272497985587,13.0,59.80392156862745,40.19607843137255,2.8536585365853657,2.632118686626385,2.4878048780487805,0.8507597340930675,lumpy
85135B,102,41,61,1.4215686274509804,0.0,3.0811990545979864,19.0,59.80392156862745,40.19607843137255,3.5365853658536586,4.037929921231978,2.4878048780487805,1.3036147443519617,lumpy
22827,57,23,34,0.8070175438596491,0.0,1.2738944295128465,6.0,59.64912280701754,40.35087719298246,2.0,1.2792042981336627,2.4782608695652173,0.4090909090909091,intermittent
21371,104,42,62,3.576923076923077,0.0,9.093572153906145,61.0,59.61538461538461,40.38461538461539,8.857142857142858,12.642497878712117,2.4761904761904763,2.0374102180147706,lumpy
90208,104,42,62,1.4230769230769231,0.0,4.095207494280341,36.0,59.61538461538461,40.38461538461539,3.5238095238095237,5.87777166685743,2.4761904761904763,2.7822783231484625,lumpy
20997,104,42,62,1.5961538461538463,0.0,2.7607485644831447,12.0,59.61538461538461,40.38461538461539,3.9523809523809526,3.0995859751246324,2.4761904761904763,0.6150207648106386,lumpy
72130,104,42,62,7.240384615384615,0.0,20.240061779093182,144.0,59.61538461538461,40.38461538461539,17.928571428571427,28.859113500863977,2.4761904761904763,2.5910428831752976,lumpy
20819,104,42,62,1.8461538461538463,0.0,5.697502826812678,48.0,59.61538461538461,40.38461538461539,4.571428571428571,8.293820377003168,2.4761904761904763,3.291587271341461,lumpy
85019A,99,40,59,6.2727272727272725,0.0,17.485164663291332,144.0,59.5959595959596,40.4040404040404,15.525,24.91831527004657,2.475,2.576167724479238,lumpy
46776D,99,40,59,1.3636363636363635,0.0,2.9153168534852627,17.0,59.5959595959596,40.4040404040404,3.375,3.7939729531496096,2.475,1.2636910414688192,lumpy
37327,94,38,56,18.46808510638298,0.0,37.4098779801178,198.0,59.57446808510638,40.42553191489362,45.68421052631579,47.33612143599357,2.473684210526316,1.0736261782604881,lumpy
37444A,84,34,50,32.19047619047619,0.0,200.45799825607043,1308.0,59.523809523809526,40.476190476190474,79.52941176470588,311.7506030510186,2.4705882352941178,15.365937558686186,lumpy
90040B,74,30,44,0.9459459459459459,0.0,1.5069873047786972,6.0,59.45945945945946,40.54054054054054,2.3333333333333335,1.5387709679981691,2.466666666666667,0.43490499648135106,intermittent
84782A,37,15,22,3.1621621621621623,0.0,9.731145626039886,57.0,59.45945945945946,40.54054054054054,7.8,14.308838427449556,2.466666666666667,3.365267211421057,lumpy
85049a,69,28,41,5.768115942028985,0.0,16.935122681033455,120.0,59.42028985507246,40.57971014492754,14.214285714285714,24.450035435643706,2.4642857142857144,2.9587543150331976,lumpy
20696,101,41,60,1.4554455445544554,0.0,2.8549071875465497,16.0,59.40594059405941,40.59405940594059,3.5853658536585367,3.542425791432317,2.4634146341463414,0.9761904761904763,lumpy
85163B,101,41,60,1.1287128712871286,0.0,3.5795624490617106,26.0,59.40594059405941,40.59405940594059,2.7804878048780486,5.227390338983455,2.4634146341463414,3.5344990766389666,lumpy
72801d,96,39,57,1.0,0.0,1.8353258709644942,10.0,59.375,40.625,2.4615384615384617,2.1745677591814094,2.4615384615384617,0.7804276315789476,lumpy
20785,64,26,38,1.59375,0.0,3.3604551373524885,18.0,59.375,40.625,3.923076923076923,4.3536015152797525,2.4615384615384617,1.2315263360246065,lumpy
84660B,91,37,54,8.164835164835164,0.0,25.358436569518737,144.0,59.34065934065934,40.65934065934066,20.08108108108108,36.901052663680034,2.4594594594594597,3.3767843876982733,lumpy
22942,59,24,35,18.71186440677966,0.0,37.108438880114974,193.0,59.32203389830509,40.67796610169491,46.0,46.504791711972146,2.4583333333333335,1.0220678885509986,lumpy
84847,86,35,51,27.093023255813954,0.0,169.3293086688828,1118.0,59.30232558139535,40.69767441860465,66.57142857142857,262.63207161734226,2.4571428571428573,15.56394779356234,lumpy
85162B,27,11,16,36.18518518518518,0.0,69.95824965761146,293.0,59.25925925925926,40.74074074074074,88.81818181818181,87.07791704194375,2.4545454545454546,0.9611967787254241,lumpy
21633,103,42,61,1.6893203883495145,0.0,4.548279412264732,36.0,59.22330097087379,40.77669902912621,4.142857142857143,6.407204133501785,2.4523809523809526,2.3918679852672473,lumpy
20894,103,42,61,2.5728155339805827,0.0,5.989536532771413,46.0,59.22330097087379,40.77669902912621,6.309523809523809,8.068269966697743,2.4523809523809526,1.6351879411994537,lumpy
90201D,103,42,61,1.2815533980582525,0.0,2.6137550019762736,19.0,59.22330097087379,40.77669902912621,3.142857142857143,3.3171500298535626,2.4523809523809526,1.1139891150977626,lumpy
21269,103,42,61,1.1067961165048543,0.0,1.6503868908218267,6.0,59.22330097087379,40.77669902912621,2.7142857142857144,1.518756138772526,2.4523809523809526,0.31308695358421706,intermittent
21129,98,40,58,1.2551020408163265,0.0,2.216671715576072,10.0,59.183673469387756,40.816326530612244,3.075,2.545861397721851,2.45,0.6854555099647306,lumpy
21825,49,20,29,14.183673469387756,0.0,27.622962571463795,100.0,59.183673469387756,40.816326530612244,34.75,34.28345465611502,2.45,0.9733287205903582,lumpy
35915C,71,29,42,9.309859154929578,0.0,35.74616524859526,288.0,59.15492957746479,40.84507042253521,22.79310344827586,53.629935211026655,2.4482758620689653,5.5361471034155585,lumpy
35980C,44,18,26,8.568181818181818,0.0,26.200832338343513,168.0,59.09090909090909,40.90909090909091,20.944444444444443,38.23529663147302,2.4444444444444446,3.33266175342781,lumpy
23024,22,9,13,11.590909090909092,0.0,24.546669041622756,108.0,59.09090909090909,40.90909090909091,28.333333333333332,32.37282811247729,2.4444444444444446,1.305467128027682,lumpy
46000U,100,41,59,2.43,0.0,4.755124827090463,24.0,59.0,41.0,5.926829268292683,5.892326551976048,2.4390243902439024,0.9883909973073208,lumpy
85129C,100,41,59,3.81,0.0,7.966717382873944,37.0,59.0,41.0,9.292682926829269,10.240224368730951,2.4390243902439024,1.214329950882124,lumpy
44091C,34,14,20,1.7941176470588236,0.0,4.367784347578516,24.0,58.8235294117647,41.1764705882353,4.357142857142857,6.033332321453784,2.4285714285714284,1.9173919335166316,lumpy
35951,51,21,30,22.686274509803923,0.0,39.100122862251176,149.0,58.8235294117647,41.1764705882353,55.095238095238095,44.126981272125064,2.4285714285714284,0.6414758461702805,lumpy
85036B,102,42,60,5.794117647058823,0.0,13.941417911107921,107.0,58.8235294117647,41.1764705882353,14.071428571428571,18.9600258015967,2.4285714285714284,1.8155217956106489,lumpy
90201A,102,42,60,1.2549019607843137,0.0,2.5628197439145217,18.0,58.8235294117647,41.1764705882353,3.0476190476190474,3.2531589222303414,2.4285714285714284,1.1394340701219514,lumpy
21477,17,7,10,13.764705882352942,0.0,37.4091055288761,152.0,58.8235294117647,41.1764705882353,33.42857142857143,54.45137629989145,2.4285714285714284,2.653273918231182,lumpy
37467,97,40,57,2.804123711340206,0.0,5.8195775463404065,28.0,58.76288659793814,41.23711340206186,6.8,7.4496601195917584,2.425,1.2002040635258628,lumpy
21010,46,19,27,16.52173913043478,0.0,32.1577632793457,127.0,58.69565217391305,41.30434782608695,40.0,39.92492955535426,2.4210526315789473,0.9962500000000002,lumpy
35598D,104,43,61,15.884615384615385,0.0,43.98859245156695,280.0,58.65384615384615,41.34615384615385,38.41860465116279,62.120939096226806,2.4186046511627906,2.6145253080096897,lumpy
22102,104,43,61,17.567307692307693,0.0,146.83481005915556,1499.0,58.65384615384615,41.34615384615385,42.48837209302326,227.57503964867576,2.4186046511627906,28.688581195962264,lumpy
90170,104,43,61,1.3942307692307692,0.0,2.660090768692836,12.0,58.65384615384615,41.34615384615385,3.372093023255814,3.244212838813384,2.4186046511627906,0.9255919823339561,lumpy
21809,104,43,61,28.01923076923077,0.0,71.73440505995329,440.0,58.65384615384615,41.34615384615385,67.76744186046511,99.30636511736756,2.4186046511627906,2.147395249093485,lumpy
21306,104,43,61,6.519230769230769,0.0,16.295797760320223,97.0,58.65384615384615,41.34615384615385,15.767441860465116,22.404120804316257,2.4186046511627906,2.0189861275302583,lumpy
21293,104,43,61,3.2211538461538463,0.0,5.740262723207132,27.0,58.65384615384615,41.34615384615385,7.790697674418604,6.66032367129579,2.4186046511627906,0.7308663505500217,lumpy
21375,99,41,58,1.3232323232323233,0.0,3.2414039627230653,27.0,58.58585858585859,41.41414141414141,3.1951219512195124,4.428428119520074,2.4146341463414633,1.9209865392459644,lumpy
22289,99,41,58,7.707070707070707,0.0,31.765162706018803,300.0,58.58585858585859,41.41414141414141,18.609756097560975,47.583021157121,2.4146341463414633,6.537665007927254,lumpy
22288,99,41,58,13.202020202020202,0.0,36.38540293713327,304.0,58.58585858585859,41.41414141414141,31.878048780487806,51.315784668048884,2.4146341463414633,2.591304721969689,lumpy
46126A,70,29,41,4.485714285714286,0.0,11.848980702376897,80.0,58.57142857142857,41.42857142857143,10.827586206896552,16.57896465300283,2.413793103448276,2.344506876546716,lumpy
84873a,24,10,14,3.5,0.0,6.814307199466109,30.0,58.333333333333336,41.666666666666664,8.4,8.540101482613268,2.4,1.0336356764928194,lumpy
46775A,12,5,7,6.666666666666667,0.0,15.14375558880073,47.0,58.333333333333336,41.666666666666664,16.0,21.071307505705477,2.4,1.7343749999999998,lumpy
22761,60,25,35,0.8,0.0,1.259539867557237,5.0,58.333333333333336,41.666666666666664,1.92,1.2884098726725126,2.4,0.45030381944444453,intermittent
84830,12,5,7,8.916666666666666,0.0,28.7068516792304,100.0,58.333333333333336,41.666666666666664,21.4,43.95793443736864,2.4,4.219364136605818,lumpy
20814,12,5,7,13.416666666666666,0.0,24.868594043430956,79.0,58.333333333333336,41.666666666666664,32.2,30.735972410190637,2.4,0.9111338297133597,lumpy
20800,12,5,7,83.75,0.0,286.0311886999229,992.0,58.333333333333336,41.666666666666664,201.0,442.18661218992145,2.4,4.83970693794708,lumpy
16256C,24,10,14,7.041666666666667,0.0,12.484700782285028,48.0,58.333333333333336,41.666666666666664,16.9,14.60175027560433,2.4,0.7465113655373102,lumpy
20760,103,43,60,53.76699029126213,0.0,427.8713890485586,4320.0,58.25242718446602,41.74757281553398,128.7906976744186,659.3297302903455,2.395348837209302,26.208147653720886,lumpy
82011C,103,43,60,1.2718446601941749,0.0,2.385389246640035,14.0,58.25242718446602,41.74757281553398,3.046511627906977,2.8781069205799397,2.395348837209302,0.8924998820692545,lumpy
21503,103,43,60,17.485436893203882,0.0,31.663012403498755,250.0,58.25242718446602,41.74757281553398,41.883720930232556,37.26303498510579,2.395348837209302,0.791527364919715,lumpy
21744,103,43,60,8.485436893203884,0.0,17.98684926886803,91.0,58.25242718446602,41.74757281553398,20.325581395348838,23.22326515149815,2.395348837209302,1.3054510966501918,lumpy
85094,103,43,60,7.300970873786408,0.0,17.02526090408263,110.0,58.25242718446602,41.74757281553398,17.488372093023255,22.837283731635043,2.395348837209302,1.705258116148225,lumpy
21144,55,23,32,8.290909090909091,0.0,16.87390350596505,79.0,58.18181818181818,41.81818181818182,19.82608695652174,21.442634196031563,2.391304347826087,1.1697209281177428,lumpy
85110,43,18,25,267.90697674418607,0.0,1010.4892689035415,4752.0,58.13953488372093,41.86046511627907,640.0,1506.8316585003195,2.388888888888889,5.543314568014705,lumpy
84313A,43,18,25,0.8837209302325582,0.0,1.3837372157207244,6.0,58.13953488372093,41.86046511627907,2.111111111111111,1.4095843729891318,2.388888888888889,0.44582043343653255,intermittent
21419,31,13,18,40.58064516129032,0.0,215.21505123845287,1200.0,58.064516129032256,41.935483870967744,96.76923076923077,331.51675519400067,2.3846153846153846,11.73644014818147,lumpy
84030e,62,26,36,1.8709677419354838,0.0,3.4426632416871197,18.0,58.064516129032256,41.935483870967744,4.461538461538462,4.110773836938921,2.3846153846153846,0.8489417360285373,lumpy
21655,62,26,36,22.096774193548388,0.0,43.34789108543497,197.0,58.064516129032256,41.935483870967744,52.69230769230769,53.92792911341524,2.3846153846153846,1.047449389951516,lumpy
21185,31,13,18,3.7419354838709675,0.0,7.302820194671298,31.0,58.064516129032256,41.935483870967744,8.923076923076923,9.12379250879752,2.3846153846153846,1.0454939556084026,lumpy
85179B,50,21,29,4.68,0.0,11.946205955645242,60.0,58.0,42.0,11.142857142857142,16.553808366311706,2.380952380952381,2.207001972386588,lumpy
35991,50,21,29,7.62,0.0,14.305543381101309,62.0,58.0,42.0,18.142857142857142,17.347292913552,2.380952380952381,0.9142228284456568,lumpy
84559D,50,21,29,2.28,0.0,3.8441049487680297,18.0,58.0,42.0,5.428571428571429,4.272837799067835,2.380952380952381,0.6195290858725763,lumpy
21750,100,42,58,3.09,0.0,7.363704326909208,58.0,58.0,42.0,7.357142857142857,9.938399116733255,2.380952380952381,1.8247967096505733,lumpy
84625C,95,40,55,8.031578947368422,0.0,16.22413006655745,78.0,57.89473684210526,42.10526315789474,19.075,20.454311187469653,2.375,1.1498485042078055,lumpy
21338,19,8,11,10.368421052631579,0.0,37.192010083283854,163.0,57.89473684210526,42.10526315789474,24.625,56.175585698517004,2.375,5.2040653309431155,lumpy
84657,19,8,11,12.947368421052632,0.0,31.547977015985822,110.0,57.89473684210526,42.10526315789474,30.75,43.97320612762796,2.375,2.044965676137598,lumpy
84663A,102,43,59,3.656862745098039,0.0,13.14767238221593,111.0,57.84313725490196,42.15686274509804,8.674418604651162,19.26472341110332,2.372093023255814,4.932246845938456,lumpy
90175A,102,43,59,0.9803921568627451,0.0,2.02450527953586,13.0,57.84313725490196,42.15686274509804,2.3255813953488373,2.579414202899918,2.372093023255814,1.2302095238095243,lumpy
21352,102,43,59,8.598039215686274,0.0,22.318247120531225,138.0,57.84313725490196,42.15686274509804,20.3953488372093,30.846115395531783,2.372093023255814,2.28738191110303,lumpy
72127,102,43,59,3.5294117647058822,0.0,8.335425868126267,48.0,57.84313725490196,42.15686274509804,8.372093023255815,11.205915223271175,2.372093023255814,1.7915402704291594,lumpy
79191B,102,43,59,4.411764705882353,0.0,16.103841827571916,156.0,57.84313725490196,42.15686274509804,10.465116279069768,23.638496484708703,2.372093023255814,5.102130746619634,lumpy
90129E,102,43,59,1.2647058823529411,0.0,2.658543003740457,17.0,57.84313725490196,42.15686274509804,3.0,3.415650255319866,2.372093023255814,1.296296296296296,lumpy
84007,52,22,30,2.3846153846153846,0.0,5.470612562588832,29.0,57.69230769230769,42.30769230769231,5.636363636363637,7.31303763702331,2.3636363636363638,1.6834398691838854,lumpy
90201B,104,44,60,1.4615384615384615,0.0,2.8993574009273457,18.0,57.69230769230769,42.30769230769231,3.4545454545454546,3.6181361349331636,2.3636363636363638,1.0969529085872578,lumpy
84917,73,31,42,3.136986301369863,0.0,10.000437585555321,57.0,57.534246575342465,42.465753424657535,7.387096774193548,14.407584621429642,2.3548387096774195,3.8039498356883614,lumpy
22394,87,37,50,3.689655172413793,0.0,9.780510217379737,60.0,57.47126436781609,42.52873563218391,8.675675675675675,13.566818291646664,2.3513513513513513,2.445397139649912,lumpy
21491,54,23,31,46.53703703703704,0.0,93.93568915335419,379.0,57.407407407407405,42.592592592592595,109.26086956521739,118.71325934647751,2.347826086956522,1.1805085933135395,lumpy
21009,54,23,31,17.833333333333332,0.0,42.50982128473815,234.0,57.407407407407405,42.592592592592595,41.869565217391305,57.45694383846845,2.347826086956522,1.8831639930717001,lumpy
22688,75,32,43,11.52,0.0,73.09386042912519,634.0,57.333333333333336,42.666666666666664,27.0,111.00508561439004,2.34375,16.902783308995968,lumpy
84760S,75,32,43,2.96,0.0,4.9903691029606,24.0,57.333333333333336,42.666666666666664,6.9375,5.5645044413154485,2.34375,0.6433495396006295,lumpy
90158,103,44,59,0.7087378640776699,0.0,1.1344089586710078,6.0,57.28155339805825,42.71844660194175,1.6590909090909092,1.1996740219681348,2.340909090909091,0.5228608709692903,lumpy
20840,103,44,59,8.427184466019417,0.0,24.892948029570416,216.0,57.28155339805825,42.71844660194175,19.727272727272727,35.23896075623831,2.340909090909091,3.190891863848121,lumpy
21014,103,44,59,17.776699029126213,0.0,43.65055803134416,206.0,57.28155339805825,42.71844660194175,41.61363636363637,59.20057192884122,2.340909090909091,2.0238600101638373,lumpy
20680,7,3,4,0.8571428571428571,0.0,1.4638501094227998,4.0,57.142857142857146,42.857142857142854,2.0,1.7320508075688772,2.3333333333333335,0.7499999999999999,lumpy
21307,84,36,48,8.845238095238095,0.0,33.54676435571407,240.0,57.142857142857146,42.857142857142854,20.63888888888889,49.177319265681106,2.3333333333333335,5.677499124689501,lumpy
84933B,7,3,4,18.142857142857142,0.0,36.08521660102454,96.0,57.142857142857146,42.857142857142854,42.333333333333336,48.6860691916418,2.3333333333333335,1.3226486452972899,lumpy
23574,21,9,12,0.6190476190476191,0.0,0.8646496675642961,3.0,57.142857142857146,42.857142857142854,1.4444444444444444,0.7264831572567789,2.3333333333333335,0.25295857988165676,intermittent
72753C,7,3,4,5.0,0.0,9.291573243177568,25.0,57.142857142857146,42.857142857142854,11.666666666666666,11.930353445448855,2.3333333333333335,1.045714285714286,lumpy
21081,7,3,4,0.42857142857142855,0.0,0.5345224838248488,1.0,57.142857142857146,42.857142857142854,1.0,0.0,2.3333333333333335,0.0,intermittent
85190,14,6,8,9.857142857142858,0.0,16.81966405434719,57.0,57.142857142857146,42.857142857142854,23.0,19.308029417835474,2.3333333333333335,0.7047258979206051,lumpy
21316,70,30,40,9.871428571428572,0.0,28.09606781944964,154.0,57.142857142857146,42.857142857142854,23.033333333333335,39.554836081966826,2.3333333333333335,2.949073474597184,lumpy
35001B,14,6,8,1.2142857142857142,0.0,1.8883680959850135,6.0,57.142857142857146,42.857142857142854,2.8333333333333335,1.9407902170679516,2.3333333333333335,0.469204152249135,intermittent
84993b,14,6,8,1.4285714285714286,0.0,2.138089935299395,7.0,57.142857142857146,42.857142857142854,3.3333333333333335,2.065591117977289,2.3333333333333335,0.38399999999999984,intermittent
84706C,7,3,4,11.857142857142858,0.0,15.2362350055011,35.0,57.142857142857146,42.857142857142854,27.666666666666668,6.350852961085883,2.3333333333333335,0.05269269850486281,intermittent
16044,7,3,4,884.7142857142857,0.0,2319.1954577888796,6144.0,57.142857142857146,42.857142857142854,2064.3333333333335,3533.1731252987497,2.3333333333333335,2.92934272660968,lumpy
85168A,28,12,16,0.75,0.0,1.075828707279838,4.0,57.142857142857146,42.857142857142854,1.75,0.9653072991634227,2.3333333333333335,0.3042671614100185,intermittent
84658,100,43,57,2.04,0.0,4.324980294227311,28.0,57.0,43.0,4.744186046511628,5.563884491183227,2.3255813953488373,1.3754119294776734,lumpy
35911A,100,43,57,3.85,0.0,8.861874986865267,43.0,57.0,43.0,8.953488372093023,11.761425019695071,2.3255813953488373,1.72558096201881,lumpy
46776E,100,43,57,2.0,0.0,8.813442441904735,87.0,57.0,43.0,4.651162790697675,13.05644106859255,2.3255813953488373,7.8800059523809525,lumpy
79163,93,40,53,19.49462365591398,0.0,50.91651813121971,336.0,56.98924731182796,43.01075268817204,45.325,70.10592260726183,2.325,2.3923999938498404,lumpy
84563B,79,34,45,1.620253164556962,0.0,2.704714769872798,12.0,56.962025316455694,43.037974683544306,3.764705882352941,2.9955403572787267,2.323529411764706,0.6331232244318182,lumpy
84800L,72,31,41,9.027777777777779,0.0,21.077303875357185,144.0,56.94444444444444,43.05555555555556,20.967741935483872,28.154909425021827,2.3225806451612905,1.8030382642998029,lumpy
22886,58,25,33,1.6896551724137931,0.0,4.935396308414668,28.0,56.89655172413793,43.10344827586207,3.92,6.981642595645621,2.32,3.172072400388726,lumpy
17038,102,44,58,25.058823529411764,0.0,49.136065585031034,200.0,56.86274509803921,43.13725490196079,58.09090909090909,60.88869684765389,2.3181818181818183,1.0986440615605495,lumpy
20787,37,16,21,1.864864864864865,0.0,4.30220978207816,22.0,56.75675675675676,43.24324324324324,4.3125,5.758689086936366,2.3125,1.783154799411888,lumpy
84683,74,32,42,7.202702702702703,0.0,17.027761160222497,108.0,56.75675675675676,43.24324324324324,16.65625,22.808613787409918,2.3125,1.8751815508974412,lumpy
85113,37,16,21,7.648648648648648,0.0,16.773352239351123,91.0,56.75675675675676,43.24324324324324,17.6875,22.041532765818864,2.3125,1.5529257034882025,lumpy
22187,104,45,59,19.278846153846153,0.0,38.89704027744313,174.0,56.73076923076923,43.26923076923077,44.55555555555556,48.88695473676329,2.311111111111111,1.2038773503783047,lumpy
84968D,104,45,59,4.519230769230769,0.0,14.135942462582815,97.0,56.73076923076923,43.26923076923077,10.444444444444445,20.11168312150423,2.311111111111111,3.7078840693032653,lumpy
21365,104,45,59,4.240384615384615,0.0,9.528185263403602,72.0,56.73076923076923,43.26923076923077,9.8,12.521980673998822,2.311111111111111,1.6326530612244894,lumpy
85169C,104,45,59,4.8173076923076925,0.0,16.558671457822197,112.0,56.73076923076923,43.26923076923077,11.133333333333333,23.873340018446594,2.311111111111111,4.598073857728202,lumpy
85034B,104,45,59,10.634615384615385,0.0,27.56741346748962,198.0,56.73076923076923,43.26923076923077,24.57777777777778,37.79579635650269,2.311111111111111,2.3648400635690905,lumpy
85230B,104,45,59,20.153846153846153,0.0,32.550713004515195,168.0,56.73076923076923,43.26923076923077,46.577777777777776,34.95093241628436,2.311111111111111,0.563066907125565,lumpy
20704,104,45,59,3.1538461538461537,0.0,9.455844476947474,65.0,56.73076923076923,43.26923076923077,7.288888888888889,13.359746565067326,2.311111111111111,3.3594933007949805,lumpy
90161D,104,45,59,1.1826923076923077,0.0,1.9596137081039204,11.0,56.73076923076923,43.26923076923077,2.7333333333333334,2.157439559882375,2.311111111111111,0.6230057865988861,lumpy
16169M,97,42,55,20.97938144329897,0.0,64.02570762680722,600.0,56.70103092783505,43.29896907216495,48.45238095238095,90.74547690964359,2.3095238095238093,3.5076780774629426,lumpy
85111,97,42,55,29.195876288659793,0.0,109.29762874593636,864.0,56.70103092783505,43.29896907216495,67.42857142857143,159.15464834742443,2.3095238095238093,5.571225502904267,lumpy
46000R,97,42,55,2.484536082474227,0.0,4.947881284915998,24.0,56.70103092783505,43.29896907216495,5.738095238095238,6.180455124963216,2.3095238095238093,1.160126669189076,lumpy
21143,90,39,51,22.711111111111112,0.0,44.310002027199644,215.0,56.666666666666664,43.333333333333336,52.41025641025641,54.780767826096906,2.3076923076923075,1.0925055741449972,lumpy
22503,83,36,47,1.6987951807228916,0.0,3.130241710292439,15.0,56.626506024096386,43.373493975903614,3.9166666666666665,3.7445198051857824,2.3055555555555554,0.9140270322705812,lumpy
90119,76,33,43,1.144736842105263,0.0,2.1460285637640584,11.0,56.578947368421055,43.421052631578945,2.6363636363636362,2.5958883573136124,2.303030303030303,0.9695303210463736,lumpy
85096,99,43,56,1.6363636363636365,0.0,2.8907118869506987,17.0,56.56565656565657,43.43434343434343,3.7674418604651163,3.3582677599812962,2.302325581395349,0.7945798041819992,lumpy
20899,23,10,13,1.9130434782608696,0.0,3.7527328645360796,14.0,56.52173913043478,43.47826086956522,4.4,4.718756898449704,2.3,1.1501377410468319,lumpy
20943,46,20,26,7.695652173913044,0.0,13.597172198197669,68.0,56.52173913043478,43.47826086956522,17.7,15.858253703554997,2.3,0.8027201970261285,lumpy
21128,101,44,57,1.1683168316831682,0.0,2.328387025091374,16.0,56.43564356435643,43.56435643564357,2.6818181818181817,2.907670107585359,2.2954545454545454,1.175524274633726,lumpy
21011,55,24,31,33.2,0.0,55.24437293282223,173.0,56.36363636363637,43.63636363636363,76.08333333333333,61.32586989876768,2.2916666666666665,0.6496932754373587,lumpy
22598,71,31,40,24.380281690140844,0.0,42.48877707186186,167.0,56.33802816901409,43.66197183098591,55.83870967741935,48.961275020294394,2.2903225806451615,0.768837733504074,lumpy
17084P,103,45,58,9.349514563106796,0.0,23.739893097312905,202.0,56.310679611650485,43.689320388349515,21.4,32.291569403568076,2.2888888888888888,2.2769356593271333,lumpy
84909A,16,7,9,13.0625,0.0,31.192881132292563,93.0,56.25,43.75,29.857142857142858,42.98227763248698,2.2857142857142856,2.0724418702258043,lumpy
72753B,16,7,9,17.3125,0.0,37.84480369438672,120.0,56.25,43.75,39.57142857142857,50.526749162719554,2.2857142857142856,1.6303440246408356,lumpy
35832,48,21,27,36.020833333333336,0.0,71.6939386094343,264.0,56.25,43.75,82.33333333333333,89.86285847519727,2.2857142857142856,1.1912668622662232,lumpy
47574A,96,42,54,5.96875,0.0,22.83785091050658,215.0,56.25,43.75,13.642857142857142,33.185231382070135,2.2857142857142856,5.916693019620635,lumpy
72755D,16,7,9,33.0625,0.0,55.64586687257194,164.0,56.25,43.75,75.57142857142857,63.192449820257124,2.2857142857142856,0.6992220582402151,lumpy
22889,57,25,32,3.4210526315789473,0.0,13.830539923895458,98.0,56.14035087719298,43.85964912280702,7.8,20.266968199511243,2.28,6.751314924391847,lumpy
21738,98,43,55,3.836734693877551,0.0,8.040738897101512,43.0,56.12244897959184,43.87755102040816,8.744186046511627,10.265738261800788,2.2790697674418605,1.3782931433098364,lumpy
22512,91,40,51,3.978021978021978,0.0,13.767092827930119,97.0,56.043956043956044,43.956043956043956,9.05,19.7561415313094,2.275,4.765484914442514,lumpy
20653,100,44,56,19.99,0.0,179.84990908526973,1800.0,56.0,44.0,45.43181818181818,270.71802868867536,2.272727272727273,35.50701164652152,lumpy
85130C,100,44,56,6.54,0.0,14.307884384337036,78.0,56.0,44.0,14.863636363636363,18.566775664136404,2.272727272727273,1.5603529140288044,lumpy
22687,75,33,42,11.826666666666666,0.0,56.76299073443115,487.0,56.0,44.0,26.87878787878788,83.86736462107802,2.272727272727273,9.73568766690096,lumpy
22883,59,26,33,1.8135593220338984,0.0,4.956620707391022,28.0,55.932203389830505,44.067796610169495,4.115384615384615,6.866305691283622,2.269230769230769,2.7837191021049885,lumpy
21473,102,45,57,1.5392156862745099,0.0,2.9972646560431344,15.0,55.88235294117647,44.11764705882353,3.488888888888889,3.696572258815789,2.2666666666666666,1.122597634423672,lumpy
21694,102,45,57,5.303921568627451,0.0,13.960899582129457,96.0,55.88235294117647,44.11764705882353,12.022222222222222,19.099606003657495,2.2666666666666666,2.523941672767527,lumpy
85135C,104,46,58,1.4423076923076923,0.0,2.9124004148212403,21.0,55.76923076923077,44.23076923076923,3.260869565217391,3.6541287613918207,2.260869565217391,1.255743209876544,lumpy
20839,104,46,58,5.8076923076923075,0.0,10.444561852598499,53.0,55.76923076923077,44.23076923076923,13.130434782608695,12.30466703807439,2.260869565217391,0.8781759084640536,lumpy
85136C,104,46,58,1.6057692307692308,0.0,3.3657852103410955,26.0,55.76923076923077,44.23076923076923,3.630434782608696,4.291379967910731,2.260869565217391,1.39725817825427,lumpy
22144,104,46,58,47.29807692307692,0.0,100.84948698626128,438.0,55.76923076923077,44.23076923076923,106.93478260869566,129.46220420972517,2.260869565217391,1.4657098695416535,lumpy
84796A,104,46,58,2.730769230769231,0.0,10.026402784677938,98.0,55.76923076923077,44.23076923076923,6.173913043478261,14.434995051111162,2.260869565217391,5.466536621922455,lumpy
21262,104,46,58,5.663461538461538,0.0,9.79063409880886,58.0,55.76923076923077,44.23076923076923,12.804347826086957,11.222238963014252,2.260869565217391,0.7681465745163245,lumpy
20769,104,46,58,4.144230769230769,0.0,14.452075652468578,127.0,55.76923076923077,44.23076923076923,9.369565217391305,20.688546155517685,2.260869565217391,4.875521413716191,lumpy
21636,104,46,58,9.682692307692308,0.0,21.252190942713916,145.0,55.76923076923077,44.23076923076923,21.891304347826086,27.578758541771123,2.260869565217391,1.5871067812743207,lumpy
21637,97,43,54,13.402061855670103,0.0,35.33077618315888,307.0,55.670103092783506,44.329896907216494,30.232558139534884,48.29317077289615,2.255813953488372,2.551653198083967,lumpy
84638,90,40,50,4.433333333333334,0.0,21.334178939233542,177.0,55.55555555555556,44.44444444444444,9.975,31.336459882199808,2.25,9.869020601113993,lumpy
85162A,27,12,15,22.444444444444443,0.0,40.783040718617464,144.0,55.55555555555556,44.44444444444444,50.5,48.84390722216306,2.25,0.9354876081667572,lumpy
37462B,45,20,25,3.6222222222222222,0.0,9.658460466650915,48.0,55.55555555555556,44.44444444444444,8.15,13.311154799838489,2.25,2.667572616286096,lumpy
20895,9,4,5,1.7777777777777777,0.0,3.8980051878421667,12.0,55.55555555555556,44.44444444444444,4.0,5.354126134736337,2.25,1.7916666666666665,lumpy
35981C,45,20,25,12.377777777777778,0.0,26.524678807830753,101.0,55.55555555555556,44.44444444444444,27.85,34.28867390108192,2.25,1.5158316808688972,lumpy
21276,18,8,10,37.55555555555556,0.0,77.41729721771956,221.0,55.55555555555556,44.44444444444444,84.5,100.10993956645864,2.25,1.4035923111935855,lumpy
21476,92,41,51,1.5434782608695652,0.0,2.7312318336590438,13.0,55.43478260869565,44.56521739130435,3.4634146341463414,3.1866719393091736,2.2439024390243905,0.8465755802420155,lumpy
84686,83,37,46,4.650602409638554,0.0,18.46250896919363,129.0,55.42168674698795,44.57831325301205,10.432432432432432,26.728616105569678,2.2432432432432434,6.56419971005933,lumpy
84499,56,25,31,5.821428571428571,0.0,15.449750975171256,84.0,55.357142857142854,44.642857142857146,13.04,21.188597562525622,2.24,2.6402754776870294,lumpy
22880,56,25,31,1.9821428571428572,0.0,5.150431831598983,29.0,55.357142857142854,44.642857142857146,4.44,7.030173065674366,2.24,2.5070678786894987,lumpy
20763,103,46,57,2.5825242718446604,0.0,7.4380108449966285,51.0,55.33980582524272,44.66019417475728,5.782608695652174,10.319158112684844,2.239130434782609,3.1844975848141677,lumpy
84819,103,46,57,7.0,0.0,32.42124696710416,256.0,55.33980582524272,44.66019417475728,15.673913043478262,47.36668043529056,2.239130434782609,9.132528429098727,lumpy
84673A,103,46,57,4.834951456310679,0.0,16.32758827776498,121.0,55.33980582524272,44.66019417475728,10.826086956521738,23.19416051780284,2.239130434782609,4.590017006894157,lumpy
90203,47,21,26,1.446808510638298,0.0,2.393909941990462,11.0,55.319148936170215,44.680851063829785,3.238095238095238,2.6627948081810944,2.238095238095238,0.6762326989619377,lumpy
79323LP,47,21,26,28.74468085106383,0.0,42.31222872116821,145.0,55.319148936170215,44.680851063829785,64.33333333333333,41.39726238935774,2.238095238095238,0.41406749174474483,intermittent
35015,47,21,26,34.87234042553192,0.0,54.417714915064586,191.0,55.319148936170215,44.680851063829785,78.04761904761905,57.2079331827992,2.238095238095238,0.5372707505916082,lumpy
22957,38,17,21,46.71052631578947,0.0,68.60104320959874,251.0,55.26315789473684,44.73684210526316,104.41176470588235,66.94499498051498,2.235294117647059,0.4110904185677445,intermittent
84563A,76,34,42,1.8289473684210527,0.0,3.8101204106772855,24.0,55.26315789473684,44.73684210526316,4.088235294117647,4.845289165207187,2.235294117647059,1.4046484199167812,lumpy
22021,67,30,37,21.08955223880597,0.0,37.211407237356006,155.0,55.223880597014926,44.776119402985074,47.1,43.405346881819,2.2333333333333334,0.8492677809471804,lumpy
84974,96,43,53,0.9270833333333334,0.0,1.4381625094226214,8.0,55.208333333333336,44.791666666666664,2.0697674418604652,1.5023053528495607,2.2325581395348837,0.526833432527158,lumpy
90116,96,43,53,1.0833333333333333,0.0,2.0959442874609886,12.0,55.208333333333336,44.791666666666664,2.4186046511627906,2.5749022925478795,2.2325581395348837,1.133422266835728,lumpy
22885,58,26,32,1.8620689655172413,0.0,4.999818508502816,28.0,55.172413793103445,44.827586206896555,4.153846153846154,6.862607712479609,2.230769230769231,2.7294650205761313,lumpy
37476,98,44,54,2.122448979591837,0.0,8.073458240511783,76.0,55.10204081632653,44.89795918367347,4.7272727272727275,11.594633153765654,2.227272727272727,6.01579056006605,lumpy
22875,49,22,27,2.4693877551020407,0.0,7.173742749361284,48.0,55.10204081632653,44.89795918367347,5.5,10.008329864001619,2.227272727272727,3.3112947658402203,lumpy
37444C,69,31,38,23.92753623188406,0.0,129.99177788937493,771.0,55.072463768115945,44.927536231884055,53.25806451612903,191.5402425500423,2.225806451612903,12.934489935252062,lumpy
22655,69,31,38,1.1014492753623188,0.0,1.9031315333992513,11.0,55.072463768115945,44.927536231884055,2.4516129032258065,2.188434900066245,2.225806451612903,0.7968259464450599,lumpy
90120A,60,27,33,1.55,0.0,2.683439482758484,13.0,55.0,45.0,3.4444444444444446,3.092588327615327,2.2222222222222223,0.8061314336028176,lumpy
17084R,100,45,55,104.81,0.0,323.88686436638784,2880.0,55.0,45.0,232.9111111111111,453.3396189403813,2.2222222222222223,3.7884968985914114,lumpy
35968,100,45,55,7.11,0.0,16.241793576629966,108.0,55.0,45.0,15.8,21.286572805836588,2.2222222222222223,1.815086451763266,lumpy
20786,40,18,22,2.475,0.0,5.088889355428635,22.0,55.0,45.0,5.5,6.464837016279593,2.2222222222222223,1.3816237238697133,lumpy
72349b,102,46,56,1.8235294117647058,0.0,2.8542543015537816,14.0,54.90196078431372,45.09803921568628,4.043478260869565,3.0181416043587737,2.217391304347826,0.557145977055793,lumpy
71403,102,46,56,1.7156862745098038,0.0,3.2559996441615358,15.0,54.90196078431372,45.09803921568628,3.8043478260869565,3.95878525261582,2.217391304347826,1.0828379138321995,lumpy
22287,102,46,56,13.019607843137255,0.0,34.62671674756325,300.0,54.90196078431372,45.09803921568628,28.869565217391305,47.15252258865299,2.217391304347826,2.6676532434960736,lumpy
20699,102,46,56,2.823529411764706,0.0,5.015642392359852,28.0,54.90196078431372,45.09803921568628,6.260869565217392,5.87058498924443,2.217391304347826,0.8792116769547323,lumpy
21823,102,46,56,23.38235294117647,0.0,53.92661756069599,301.0,54.90196078431372,45.09803921568628,51.84782608695652,70.84034236422204,2.217391304347826,1.8668103474966062,lumpy
20950,51,23,28,13.215686274509803,0.0,22.694769199522785,108.0,54.90196078431372,45.09803921568628,29.304347826086957,26.032208690928687,2.217391304347826,0.7891470063453613,lumpy
22808,62,28,34,6.354838709677419,0.0,10.912613808684583,48.0,54.83870967741935,45.16129032258065,14.071428571428571,12.507563849093614,2.2142857142857144,0.7900763759456332,lumpy
23149,31,14,17,3.193548387096774,0.0,6.024501942560395,27.0,54.83870967741935,45.16129032258065,7.071428571428571,7.363781279021989,2.2142857142857144,1.0843948419705993,lumpy
90120D,62,28,34,2.161290322580645,0.0,4.527488169774251,27.0,54.83870967741935,45.16129032258065,4.785714285714286,5.769377287516763,2.2142857142857144,1.453330363109824,lumpy
21285,104,47,57,6.990384615384615,0.0,18.012129242558608,144.0,54.80769230769231,45.19230769230769,15.46808510638298,24.340743320283043,2.2127659574468086,2.476250449668879,lumpy
85136A,104,47,57,1.2307692307692308,0.0,2.1005351571036677,12.0,54.80769230769231,45.19230769230769,2.723404255319149,2.3929436816314253,2.2127659574468086,0.772041652513587,lumpy
21286,104,47,57,8.25,0.0,25.604440603941672,228.0,54.80769230769231,45.19230769230769,18.25531914893617,35.79559608879913,2.2127659574468086,3.8448582936269164,lumpy
47578A,104,47,57,2.855769230769231,0.0,5.366958005936945,30.0,54.80769230769231,45.19230769230769,6.319148936170213,6.491152450028402,2.2127659574468086,1.055179718918557,lumpy
84625A,104,47,57,7.8076923076923075,0.0,15.92584571108059,74.0,54.80769230769231,45.19230769230769,17.27659574468085,20.01923219617399,2.2127659574468086,1.3426984607625814,lumpy
22267,104,47,57,13.682692307692308,0.0,38.76147231943629,330.0,54.80769230769231,45.19230769230769,30.27659574468085,53.39341358488019,2.2127659574468086,3.1100064549767255,lumpy
22346,104,47,57,10.182692307692308,0.0,30.2897862958152,243.0,54.80769230769231,45.19230769230769,22.53191489361702,42.07180769559597,2.2127659574468086,3.486471673733604,lumpy
90005A,73,33,40,1.4246575342465753,0.0,2.3799965465613253,12.0,54.794520547945204,45.205479452054796,3.1515151515151514,2.6706882554082867,2.212121212121212,0.7181374815088759,lumpy
21038,73,33,40,2.2739726027397262,0.0,4.1708654643204675,22.0,54.794520547945204,45.205479452054796,5.03030303030303,4.984255514146825,2.212121212121212,0.9817757475685875,lumpy
90129A,95,43,52,1.5894736842105264,0.0,2.9875441306884074,14.0,54.73684210526316,45.26315789473684,3.511627906976744,3.614600636724918,2.2093023255813953,1.0595065797030623,lumpy
22944,64,29,35,74.40625,0.0,141.6217540851642,587.0,54.6875,45.3125,164.20689655172413,172.78627990140734,2.206896551724138,1.1072245900735072,lumpy
17129C,22,10,12,3.909090909090909,0.0,15.231261996017993,72.0,54.54545454545455,45.45454545454545,8.6,22.282030627590675,2.2,6.712937924403583,lumpy
22391,88,40,48,3.227272727272727,0.0,7.2662458056876185,48.0,54.54545454545455,45.45454545454545,7.1,9.464644059841195,2.2,1.7770181943956995,lumpy
90214L,99,45,54,1.393939393939394,0.0,2.6022681700667376,13.0,54.54545454545455,45.45454545454545,3.066666666666667,3.1362977595189587,2.2,1.045927135246606,lumpy
23141,33,15,18,1.7575757575757576,0.0,2.8176930172383825,12.0,54.54545454545455,45.45454545454545,3.8666666666666667,3.067494712224262,2.2,0.6293528112790895,lumpy
90209C,99,45,54,3.919191919191919,0.0,15.209876468843692,138.0,54.54545454545455,45.45454545454545,8.622222222222222,21.766622581049603,2.2,6.372996357452728,lumpy
84986b,11,5,6,0.5454545454545454,0.0,0.6875516509523286,2.0,54.54545454545455,45.45454545454545,1.2,0.4472135954999579,2.2,0.1388888888888889,intermittent
84706A,11,5,6,12.454545454545455,0.0,25.480830584435964,83.0,54.54545454545455,45.45454545454545,27.4,33.33616654626023,2.2,1.4802333635249612,lumpy
79164,101,46,55,35.504950495049506,0.0,136.85179017918443,906.0,54.45544554455446,45.54455445544554,77.95652173913044,195.53970401279284,2.1956521739130435,6.291656442409029,lumpy
22871,57,26,31,2.2280701754385963,0.0,6.678904807193985,48.0,54.3859649122807,45.6140350877193,4.884615384615385,9.296566777372917,2.1923076923076925,3.6223002046004087,lumpy
21366,103,47,56,2.2815533980582523,0.0,9.626777885941792,96.0,54.36893203883495,45.63106796116505,5.0,13.842279279518019,2.1914893617021276,7.6643478260869555,lumpy
47471,103,47,56,4.087378640776699,0.0,14.230667516426234,101.0,54.36893203883495,45.63106796116505,8.957446808510639,20.111598910350338,2.1914893617021276,5.041093151721937,lumpy
21711,103,47,56,3.058252427184466,0.0,9.77975624492582,72.0,54.36893203883495,45.63106796116505,6.702127659574468,13.679427418758722,2.1914893617021276,4.1659154096421185,lumpy
22247,103,47,56,11.495145631067961,0.0,23.599964185087384,151.0,54.36893203883495,45.63106796116505,25.19148936170213,29.70627096574226,2.1914893617021276,1.3905563332684912,lumpy
37475,103,47,56,1.1262135922330097,0.0,1.8400746556172152,9.0,54.36893203883495,45.63106796116505,2.4680851063829787,2.0307533816166035,2.1914893617021276,0.677008478519361,lumpy
16047,46,21,25,230.67391304347825,0.0,1067.8149871864057,5184.0,54.34782608695652,45.65217391304348,505.2857142857143,1555.576939365493,2.1904761904761907,9.477830837763461,lumpy
22872,59,27,32,2.2711864406779663,0.0,6.619799216859759,48.0,54.23728813559322,45.76271186440678,4.962962962962963,9.158776713251116,2.185185185185185,3.4055940161420244,lumpy
22873,59,27,32,2.0338983050847457,0.0,6.630561690709726,49.0,54.23728813559322,45.76271186440678,4.444444444444445,9.324629641370102,2.185185185185185,4.401778846153843,lumpy
23037,24,11,13,7.625,0.0,11.1152558694561,36.0,54.166666666666664,45.833333333333336,16.636363636363637,10.920372954004156,2.1818181818181817,0.43088178207769723,intermittent
84795C,61,28,33,5.278688524590164,0.0,9.416530053653846,44.0,54.09836065573771,45.90163934426229,11.5,11.0838554597149,2.1785714285714284,0.9289364979346072,lumpy
21664,98,45,53,2.622448979591837,0.0,6.206938761259842,49.0,54.08163265306123,45.91836734693877,5.711111111111111,8.178748021055496,2.1777777777777776,2.0508431068394124,lumpy
84872A,74,34,40,2.391891891891892,0.0,4.616283174190783,30.0,54.054054054054056,45.945945945945944,5.205882352941177,5.661027916964271,2.176470588235294,1.1825020288105608,lumpy
84916,74,34,40,3.5135135135135136,0.0,13.044962543452886,100.0,54.054054054054056,45.945945945945944,7.647058823529412,18.543776793145746,2.176470588235294,5.880408821947283,lumpy
84687,100,46,54,3.13,0.0,11.66333718724767,105.0,54.0,46.0,6.804347826086956,16.54437744736178,2.1739130434782608,5.911910456935927,lumpy
21805,50,23,27,40.46,0.0,67.73001926918434,298.0,54.0,46.0,87.95652173913044,76.4837940415363,2.1739130434782608,0.7561409405462315,lumpy
21017,50,23,27,9.28,0.0,21.405740218121732,109.0,54.0,46.0,20.17391304347826,28.120927460964413,2.1739130434782608,1.9430276963301267,lumpy
85049e,76,35,41,3.3684210526315788,0.0,7.924379437765723,42.0,53.94736842105263,46.05263157894737,7.314285714285714,10.431207218419804,2.1714285714285713,2.033879897173713,lumpy
47589,76,35,41,2.4078947368421053,0.0,4.639475923216465,33.0,53.94736842105263,46.05263157894737,5.228571428571429,5.683234964689173,2.1714285714285713,1.1814766218231445,lumpy
20893,102,47,55,5.431372549019608,0.0,16.374037529825983,108.0,53.92156862745098,46.07843137254902,11.787234042553191,22.630237726865975,2.1702127659574466,3.685992258468115,lumpy
90214S,102,47,55,1.5196078431372548,0.0,2.8966706465853798,18.0,53.92156862745098,46.07843137254902,3.297872340425532,3.5257740045520274,2.1702127659574466,1.1429869248518298,lumpy
21268,52,24,28,7.5576923076923075,0.0,16.873710218292835,97.0,53.84615384615385,46.15384615384615,16.375,21.924400740409922,2.1666666666666665,1.7926390222521753,lumpy
35967,104,48,56,8.557692307692308,0.0,13.503560783961907,60.0,53.84615384615385,46.15384615384615,18.541666666666668,14.510390016802317,2.1666666666666665,0.612435889515347,lumpy
21850,104,48,56,4.269230769230769,0.0,14.771548859656482,122.0,53.84615384615385,46.15384615384615,9.25,20.76361383705804,2.1666666666666665,5.038745473478077,lumpy
72800C,104,48,56,5.875,0.0,26.7148507842957,264.0,53.84615384615385,46.15384615384615,12.729166666666666,38.40475346428463,2.1666666666666665,9.102695546876067,lumpy
21393,65,30,35,80.67692307692307,0.0,434.28112682384045,2502.0,53.84615384615385,46.15384615384615,174.8,631.823436707134,2.1666666666666665,13.064975701959927,lumpy
45016,39,18,21,2.58974358974359,0.0,6.410180836261661,29.0,53.84615384615385,46.15384615384615,5.611111111111111,8.59643488956076,2.1666666666666665,2.347140130437039,lumpy
85208,104,48,56,3.9903846153846154,0.0,10.590795777015087,96.0,53.84615384615385,46.15384615384615,8.645833333333334,14.307399637850445,2.1666666666666665,2.7384681715840533,lumpy
22887,52,24,28,1.75,0.0,5.257580894550753,28.0,53.84615384615385,46.15384615384615,3.7916666666666665,7.2949009390220585,2.1666666666666665,3.701506329313304,lumpy
90071,104,48,56,0.8173076923076923,0.0,1.290476115019336,9.0,53.84615384615385,46.15384615384615,1.7708333333333333,1.3874756403203157,2.1666666666666665,0.613896782743135,lumpy
85169B,104,48,56,4.086538461538462,0.0,9.93093683133776,55.0,53.84615384615385,46.15384615384615,8.854166666666666,13.153738378625802,2.1666666666666665,2.207003460207613,lumpy
85088,104,48,56,3.3076923076923075,0.0,8.692231687560538,72.0,53.84615384615385,46.15384615384615,7.166666666666667,11.718930554164631,2.1666666666666665,2.6738777717685234,lumpy
84920,104,48,56,1.8653846153846154,0.0,2.9920856521269448,15.0,53.84615384615385,46.15384615384615,4.041666666666667,3.261368550577355,2.1666666666666665,0.6511465934607653,lumpy
21040,67,31,36,13.313432835820896,0.0,52.482957971431325,356.0,53.73134328358209,46.26865671641791,28.774193548387096,74.83390928245446,2.161290322580645,6.763796694752225,lumpy
84977,67,31,36,2.970149253731343,0.0,4.579169400844244,24.0,53.73134328358209,46.26865671641791,6.419354838709677,4.821992627869293,2.161290322580645,0.5642483775662233,lumpy
21634,97,45,52,17.95876288659794,0.0,44.185904031945235,336.0,53.608247422680414,46.391752577319586,38.71111111111111,58.63586484792945,2.1555555555555554,2.2943274253207098,lumpy
84288B,28,13,15,1.6071428571428572,0.0,2.5142451295425774,9.0,53.57142857142857,46.42857142857143,3.4615384615384617,2.6961511028187517,2.1538461538461537,0.6066666666666668,lumpy
84910A,84,39,45,5.130952380952381,0.0,33.59173010745596,308.0,53.57142857142857,46.42857142857143,11.051282051282051,48.96451385170839,2.1538461538461537,19.63078052472064,lumpy
84251G,99,46,53,4.515151515151516,0.0,7.372540940936747,32.0,53.535353535353536,46.464646464646464,9.717391304347826,8.16677018567931,2.152173913043478,0.7063196463733974,lumpy
84482,43,20,23,1.697674418604651,0.0,3.1132197673862176,17.0,53.48837209302326,46.51162790697674,3.65,3.7314453246063133,2.15,1.0451254802421703,lumpy
84795B,101,47,54,2.9405940594059405,0.0,4.95544504999948,25.0,53.46534653465346,46.53465346534654,6.319148936170213,5.618704720681214,2.148936170212766,0.790597134177869,lumpy
21280,101,47,54,32.94059405940594,0.0,177.72849078198905,1249.0,53.46534653465346,46.53465346534654,70.7872340425532,256.77031998420665,2.148936170212766,13.157693293503394,lumpy
22802,58,27,31,1.6551724137931034,0.0,2.8748865676352358,15.0,53.44827586206897,46.55172413793103,3.5555555555555554,3.3320510354080866,2.1481481481481484,0.8782301682692308,lumpy
35004G,103,48,55,3.174757281553398,0.0,7.662522986519621,48.0,53.398058252427184,46.601941747572816,6.8125,10.105099302574597,2.1458333333333335,2.2002302979726256,lumpy
72799F,103,48,55,10.883495145631068,0.0,48.81543892930053,480.0,53.398058252427184,46.601941747572816,23.354166666666668,69.81449266824778,2.1458333333333335,8.93639634752741,lumpy
16008,90,42,48,31.433333333333334,0.0,70.38259009701224,396.0,53.333333333333336,46.666666666666664,67.35714285714286,90.96389565970034,2.142857142857143,1.823773028098333,lumpy
22256,92,43,49,10.141304347826088,0.0,23.536075429680906,168.0,53.26086956521739,46.73913043478261,21.697674418604652,30.716472146546522,2.13953488372093,2.004085716681741,lumpy
20903,98,46,52,1.8979591836734695,0.0,4.422272112556182,25.0,53.06122448979592,46.93877551020408,4.043478260869565,5.76948494423368,2.130434782608696,2.0359347901491485,lumpy
82494l,83,39,44,4.349397590361446,0.0,9.023592025757326,53.0,53.01204819277108,46.98795180722892,9.256410256410257,11.36179644042157,2.128205128205128,1.506637658671967,lumpy
84944,100,47,53,11.27,0.0,28.683523937175945,189.0,53.0,47.0,23.97872340425532,38.201120722065625,2.127659574468085,2.5380495243773082,lumpy
21395,100,47,53,29.68,0.0,63.10739283398602,302.0,53.0,47.0,63.148936170212764,80.0727871929263,2.127659574468085,1.6078214350075162,lumpy
84467,34,16,18,23.970588235294116,0.0,53.126769657009525,179.0,52.94117647058823,47.05882352941177,50.9375,68.87812303869302,2.125,1.8284679639178496,lumpy
22826,51,24,27,1.1372549019607843,0.0,1.673554395209636,7.0,52.94117647058823,47.05882352941177,2.4166666666666665,1.6918388932104942,2.125,0.4900997776973583,lumpy
21312,34,16,18,8.735294117647058,0.0,22.246972996042203,104.0,52.94117647058823,47.05882352941177,18.5625,29.904222109929563,2.125,2.59532700744822,lumpy
90214J,102,48,54,1.3333333333333333,0.0,2.3476693027586975,13.0,52.94117647058823,47.05882352941177,2.8333333333333335,2.7392601372069034,2.125,0.9346977839946996,lumpy
21950,17,8,9,12.117647058823529,0.0,43.34870579518663,180.0,52.94117647058823,47.05882352941177,25.75,62.40135071798183,2.125,5.872641827020184,lumpy
84656,17,8,9,1.1764705882352942,0.0,2.007339474206065,8.0,52.94117647058823,47.05882352941177,2.5,2.32992949004287,2.125,0.8685714285714287,lumpy
84951B,104,49,55,5.1923076923076925,0.0,11.217251729832299,60.0,52.88461538461539,47.11538461538461,11.020408163265307,14.29814934982608,2.122448979591837,1.6833107567443986,lumpy
85071D,104,49,55,8.471153846153847,0.0,30.956579905286894,288.0,52.88461538461539,47.11538461538461,17.979591836734695,43.38033819020547,2.122448979591837,5.8213834930295825,lumpy
22338,104,49,55,54.20192307692308,0.0,129.8371930353356,722.0,52.88461538461539,47.11538461538461,115.04081632653062,170.37910660050542,2.122448979591837,2.193455175178713,lumpy
84086C,104,49,55,2.855769230769231,0.0,5.8049497948721145,31.0,52.88461538461539,47.11538461538461,6.061224489795919,7.243986480940893,2.122448979591837,1.4283496204091042,lumpy
90161B,104,49,55,1.3076923076923077,0.0,2.0951952573786996,10.0,52.88461538461539,47.11538461538461,2.7755102040816326,2.2936988515863863,2.122448979591837,0.6829472138119954,lumpy
21722,104,49,55,3.298076923076923,0.0,9.059543921837088,84.0,52.88461538461539,47.11538461538461,7.0,12.233832869001711,2.122448979591837,3.0544217687074826,lumpy
16012,104,49,55,26.615384615384617,0.0,47.150102737959635,288.0,52.88461538461539,47.11538461538461,56.48979591836735,55.20609962109395,2.122448979591837,0.9550676129252424,lumpy
21615,104,49,55,11.076923076923077,0.0,28.052548577674067,217.0,52.88461538461539,47.11538461538461,23.510204081632654,37.286124792485694,2.122448979591837,2.515253137659143,lumpy
22148,104,49,55,31.076923076923077,0.0,67.61379366189453,321.0,52.88461538461539,47.11538461538461,65.95918367346938,86.37827639315954,2.122448979591837,1.714977882549046,lumpy
22638,72,34,38,5.013888888888889,0.0,10.33862313490092,66.0,52.77777777777778,47.22222222222222,10.617647058823529,12.987207472442407,2.1176470588235294,1.496149484501324,lumpy
22599,72,34,38,41.763888888888886,0.0,68.57287540275357,248.0,52.77777777777778,47.22222222222222,88.44117647058823,76.57446016844733,2.1176470588235294,0.7496505526903284,lumpy
20897,91,43,48,3.8131868131868134,0.0,16.796105426829087,153.0,52.747252747252745,47.252747252747255,8.069767441860465,23.861101388419577,2.116279069767442,8.742968904792358,lumpy
84621,19,9,10,1.5263157894736843,0.0,2.38905888148059,9.0,52.63157894736842,47.36842105263158,3.2222222222222223,2.5873624493766707,2.111111111111111,0.6447681331747919,lumpy
84797A,19,9,10,25.31578947368421,0.0,60.09996545717157,234.0,52.63157894736842,47.36842105263158,53.44444444444444,80.22329946952928,2.111111111111111,2.253180095175937,lumpy
84615,19,9,10,12.631578947368421,0.0,26.495724028847853,80.0,52.63157894736842,47.36842105263158,26.666666666666668,34.03674485023502,2.111111111111111,1.6291406249999998,lumpy
85032D,95,45,50,11.76842105263158,0.0,26.46412772019968,146.0,52.63157894736842,47.36842105263158,24.844444444444445,34.11674845662355,2.111111111111111,1.8857177425478375,lumpy
21304,19,9,10,4.473684210526316,0.0,10.145433680301869,38.0,52.63157894736842,47.36842105263158,9.444444444444445,13.370780746754386,2.111111111111111,2.0042906574394466,lumpy
85211,97,46,51,3.0618556701030926,0.0,8.019266426589065,67.0,52.577319587628864,47.422680412371136,6.456521739130435,10.713867486661345,2.108695652173913,2.7535648289857035,lumpy
21386,99,47,52,11.595959595959595,0.0,17.48697427295073,79.0,52.525252525252526,47.474747474747474,24.425531914893618,18.201462770709515,2.106382978723404,0.5552959719438559,lumpy
84970l,80,38,42,2.8625,0.0,6.478286517477569,36.0,52.5,47.5,6.026315789473684,8.368172786784084,2.1052631578947367,1.9282240994641602,lumpy
85132B,80,38,42,11.4625,0.0,26.632493596917907,136.0,52.5,47.5,24.13157894736842,34.64739064519327,2.1052631578947367,2.0614347241833157,lumpy
17107D,103,49,54,2.941747572815534,0.0,4.260684936924372,18.0,52.42718446601942,47.57281553398058,6.183673469387755,4.255748413360819,2.1020408163265305,0.4736513667868436,intermittent
21374,103,49,54,4.563106796116505,0.0,9.526711572753925,49.0,52.42718446601942,47.57281553398058,9.591836734693878,11.984222905113862,2.1020408163265305,1.5610477968915035,lumpy
10123G,21,10,11,107.0952380952381,0.0,331.61195767974124,1105.0,52.38095238095238,47.61904761904762,224.9,463.60746087371996,2.1,4.249344311671306,lumpy
84660C,92,44,48,7.858695652173913,0.0,25.798705786492523,160.0,52.17391304347826,47.82608695652174,16.431818181818183,35.558270373658125,2.090909090909091,4.68284749085379,lumpy
37482P,71,34,37,9.211267605633802,0.0,26.63666404089229,150.0,52.11267605633803,47.88732394366197,19.235294117647058,36.14370209906596,2.088235294117647,3.530755185329717,lumpy
72803B,48,23,25,1.8958333333333333,0.0,3.754370975068888,22.0,52.083333333333336,47.916666666666664,3.9565217391304346,4.646389222431124,2.0869565217391304,1.3791263681373573,lumpy
22858,48,23,25,23.645833333333332,0.0,40.06988022715365,168.0,52.083333333333336,47.916666666666664,49.34782608695652,45.87097388392019,2.0869565217391304,0.8640519813203155,lumpy
22591,73,35,38,18.315068493150687,0.0,33.91733279948992,201.0,52.054794520547944,47.945205479452056,38.2,40.67142370119778,2.085714285714286,1.1335796071121627,lumpy
47566b,73,35,38,2.904109589041096,0.0,4.512834732311474,21.0,52.054794520547944,47.945205479452056,6.057142857142857,4.844298389938041,2.085714285714286,0.6396260444369987,lumpy
84526,50,24,26,10.72,0.0,63.45817841825644,450.0,52.0,48.0,22.333333333333332,91.15093391525502,2.0833333333333335,16.65770434007768,lumpy
90214K,102,49,53,1.2549019607843137,0.0,2.2368926224015615,14.0,51.96078431372549,48.03921568627451,2.6122448979591835,2.6285002578356687,2.0816326530612246,1.0124842325846355,lumpy
85185D,77,37,40,2.4155844155844157,0.0,4.774798561060069,30.0,51.94805194805195,48.05194805194805,5.027027027027027,5.885417414095463,2.081081081081081,1.3706674503153862,lumpy
72800B,104,50,54,8.990384615384615,0.0,39.77472857054268,313.0,51.92307692307692,48.07692307692308,18.7,56.03761491814481,2.08,8.979994525763635,lumpy
70007,104,50,54,12.0,0.0,31.3594878103606,264.0,51.92307692307692,48.07692307692308,24.96,41.67853654056564,2.08,2.788275998269129,lumpy
20758,104,50,54,52.07692307692308,0.0,473.2085213782648,4825.0,51.92307692307692,48.07692307692308,108.32,681.5318412313874,2.08,39.58721950180072,lumpy
46776C,104,50,54,2.394230769230769,0.0,8.114972700312126,80.0,51.92307692307692,48.07692307692308,4.98,11.193091892879687,2.08,5.051745380011974,lumpy
84931A,104,50,54,1.9519230769230769,0.0,3.4483140884028853,18.0,51.92307692307692,48.07692307692308,4.06,4.032571469058079,2.08,0.9865340491798661,lumpy
21026,104,50,54,4.951923076923077,0.0,8.334487721885397,40.0,51.92307692307692,48.07692307692308,10.3,9.476609227407215,2.08,0.8465088363557316,lumpy
20799,29,14,15,6.758620689655173,0.0,19.791150930969472,107.0,51.724137931034484,48.275862068965516,14.0,27.100950877442262,2.0714285714285716,3.7472527472527473,lumpy
22825,58,28,30,1.7241379310344827,0.0,2.7066720904466175,10.0,51.724137931034484,48.275862068965516,3.5714285714285716,2.936722428888815,2.0714285714285716,0.6761481481481478,lumpy
23045,31,15,16,3.774193548387097,0.0,7.158722779096631,29.0,51.61290322580645,48.38709677419355,7.8,8.727624451786898,2.066666666666667,1.2519958673804827,lumpy
21418,99,48,51,1.696969696969697,0.0,3.348635254921163,27.0,51.515151515151516,48.484848484848484,3.5,4.115357847474015,2.0625,1.3825445071645681,lumpy
84813,101,49,52,3.792079207920792,0.0,11.402909130290542,90.0,51.48514851485149,48.51485148514851,7.816326530612245,15.452445153582968,2.061224489795918,3.908310268663634,lumpy
85127,103,50,53,2.621359223300971,0.0,5.220841538458479,43.0,51.45631067961165,48.54368932038835,5.4,6.436503043467892,2.06,1.4207329022143835,lumpy
77081,39,19,20,6.17948717948718,0.0,15.088984819661965,84.0,51.282051282051285,48.717948717948715,12.68421052631579,19.838382078908854,2.0526315789473686,2.4461642648485165,lumpy
20621,39,19,20,5.17948717948718,0.0,16.745575684139748,100.0,51.282051282051285,48.717948717948715,10.631578947368421,23.03912258725673,2.0526315789473686,4.6960891633717825,lumpy
84691,78,38,40,34.43589743589744,0.0,54.30017333774197,258.0,51.282051282051285,48.717948717948715,70.6842105263158,59.20012110248658,2.0526315789473686,0.7014558909279003,lumpy
22447,88,43,45,2.602272727272727,0.0,4.557524465990086,28.0,51.13636363636363,48.86363636363637,5.325581395348837,5.308218830637197,2.046511627906977,0.9934901898823257,lumpy
85215,88,43,45,9.443181818181818,0.0,17.247927048222778,72.0,51.13636363636363,48.86363636363637,19.325581395348838,20.510996969375743,2.046511627906977,1.1264408833646022,lumpy
21654,92,45,47,12.83695652173913,0.0,30.524095030789013,181.0,51.08695652173913,48.91304347826087,26.244444444444444,39.586588382910435,2.0444444444444443,2.2752094510033682,lumpy
22214,102,50,52,5.068627450980392,0.0,12.498918609795346,96.0,50.98039215686274,49.01960784313726,10.34,16.321527039402874,2.04,2.49161249525756,lumpy
22933,51,25,26,18.392156862745097,0.0,46.65193605044598,295.0,50.98039215686274,49.01960784313726,37.52,61.53530152143022,2.04,2.6898186875552166,lumpy
15056bl,102,50,52,1.0784313725490196,0.0,1.4937909413407757,7.0,50.98039215686274,49.01960784313726,2.2,1.4427864197660112,2.04,0.43008939112835215,intermittent
16258A,104,51,53,8.798076923076923,0.0,24.596700310586026,220.0,50.96153846153846,49.03846153846154,17.941176470588236,32.847777254910795,2.0392156862745097,3.3520472991131403,lumpy
21311,104,51,53,6.730769230769231,0.0,18.83151189308066,126.0,50.96153846153846,49.03846153846154,13.72549019607843,25.151603075249536,2.0392156862745097,3.3579607346938776,lumpy
21317,104,51,53,3.3365384615384617,0.0,12.425006555387364,122.0,50.96153846153846,49.03846153846154,6.803921568627451,17.145284608711677,2.0392156862745097,6.349957229110782,lumpy
16218,104,51,53,43.54807692307692,0.0,90.0831201721787,495.0,50.96153846153846,49.03846153846154,88.80392156862744,112.32791631786698,2.0392156862745097,1.5999673359402506,lumpy
22186,104,51,53,18.384615384615383,0.0,33.51953717857943,158.0,50.96153846153846,49.03846153846154,37.490196078431374,39.79867965097315,2.0392156862745097,1.126942882214947,lumpy
20936,104,51,53,3.1538461538461537,0.0,9.015379772484406,72.0,50.96153846153846,49.03846153846154,6.431372549019608,12.08015712142981,2.0392156862745097,3.5280751784651985,lumpy
90200A,104,51,53,1.4038461538461537,0.0,2.4356543777691924,17.0,50.96153846153846,49.03846153846154,2.8627450980392157,2.821486188824161,2.0392156862745097,0.9713829986864326,lumpy
90013A,104,51,53,1.0673076923076923,0.0,1.5965036013321323,9.0,50.96153846153846,49.03846153846154,2.176470588235294,1.6698009744031312,2.0392156862745097,0.5886048210372535,lumpy
21028,104,51,53,2.980769230769231,0.0,5.558131922732708,22.0,50.96153846153846,49.03846153846154,6.078431372549019,6.665862696620453,2.0392156862745097,1.2026235171696156,lumpy
21538,53,26,27,24.62264150943396,0.0,164.57804162523001,1200.0,50.943396226415096,49.056603773584904,50.19230769230769,234.529319144668,2.0384615384615383,21.833328952892643,lumpy
22632,63,31,32,160.11111111111111,0.0,305.0924297340129,2004.0,50.79365079365079,49.20634920634921,325.38709677419354,369.86066542409856,2.032258064516129,1.2920390487822533,lumpy
22959,65,32,33,147.8923076923077,0.0,224.8678169417622,762.0,50.76923076923077,49.23076923076923,300.40625,238.95455896467013,2.03125,0.6327216768608092,lumpy
47559b,67,33,34,2.253731343283582,0.0,4.102265758208799,23.0,50.74626865671642,49.25373134328358,4.575757575757576,4.873591482612586,2.0303030303030303,1.1344157054515154,lumpy
10123C,69,34,35,9.36231884057971,0.0,28.604797527735236,147.0,50.72463768115942,49.27536231884058,19.0,38.69617473851827,2.0294117647058822,4.147905649290692,lumpy
85167B,69,34,35,10.028985507246377,0.0,23.56965335446805,120.0,50.72463768115942,49.27536231884058,20.352941176470587,30.466954132595003,2.0294117647058822,2.240803234321229,lumpy
37333,73,36,37,1.8904109589041096,0.0,6.008238889307693,49.0,50.68493150684932,49.31506849315068,3.8333333333333335,8.160882305241266,2.0277777777777777,4.532325141776936,lumpy
18007,85,42,43,133.95294117647057,0.0,528.7117746147201,3207.0,50.588235294117645,49.411764705882355,271.0952380952381,731.1790281430967,2.0238095238095237,7.274508816564816,lumpy
21202,101,50,51,8.455445544554456,0.0,23.646786146313943,192.0,50.495049504950494,49.504950495049506,17.08,31.477779658751317,2.02,3.3965064945952723,lumpy
16216,103,51,52,39.25242718446602,0.0,165.33742790905038,1615.0,50.48543689320388,49.51456310679612,79.27450980392157,229.1946839201444,2.019607843137255,8.35876180919082,lumpy
21647,103,51,52,7.718446601941747,0.0,14.223990694906522,73.0,50.48543689320388,49.51456310679612,15.588235294117647,16.9589816564418,2.019607843137255,1.1836018511925954,lumpy
21194,103,51,52,5.436893203883495,0.0,10.926375628305832,72.0,50.48543689320388,49.51456310679612,10.980392156862745,13.470694408349454,2.019607843137255,1.505026913265306,lumpy
21308,6,3,3,21.833333333333332,1.0,51.046710635129735,126.0,50.0,50.0,43.666666666666664,71.30451131123004,2.0,2.6664530039042016,lumpy
90115,54,27,27,1.9814814814814814,0.5,2.7368260141496146,11.0,50.0,50.0,3.962962962962963,2.6672008012071595,2.0,0.4529720432419358,intermittent
84934,18,9,9,33.5,1.5,66.06970472427543,280.0,50.0,50.0,67.0,82.16446920658588,2.0,1.503898418355981,lumpy
23620,12,6,6,0.8333333333333334,0.5,1.0298573010888745,3.0,50.0,50.0,1.6666666666666667,0.816496580927726,2.0,0.24,intermittent
20862,30,15,15,10.7,0.5,22.491607630249632,108.0,50.0,50.0,21.4,28.32918737173478,2.0,1.7524300313190178,lumpy
20988,12,6,6,1.9166666666666667,0.5,3.058767824804721,10.0,50.0,50.0,3.8333333333333335,3.4302575219167823,2.0,0.8007561436672965,lumpy
84450A,8,4,4,6.5,2.0,8.194074514114279,18.0,50.0,50.0,13.0,6.6332495807108,2.0,0.2603550295857988,intermittent
84997d,94,47,47,3.8617021276595747,0.5,5.431095384138298,28.0,50.0,50.0,7.723404255319149,5.400089080020386,2.0,0.488859786576443,intermittent
84968E,104,52,52,3.6923076923076925,0.5,11.007567496757327,75.0,50.0,50.0,7.384615384615385,14.727796643314216,2.0,3.977587997004357,lumpy
84932D,20,10,10,11.55,0.5,21.600377677010044,81.0,50.0,50.0,23.1,26.240130419730093,2.0,1.2903514635116367,lumpy
84623,12,6,6,4.166666666666667,0.5,9.013457951442623,32.0,50.0,50.0,8.333333333333334,11.707547423208101,2.0,1.9737599999999993,lumpy
84622,8,4,4,2.625,0.5,4.657942525560891,13.0,50.0,50.0,5.25,5.678908345800273,2.0,1.1700680272108839,lumpy
85099b,20,10,10,20.95,2.0,39.613228784546735,134.0,50.0,50.0,41.9,48.34700955936503,2.0,1.3314080765849667,lumpy
85099c,6,3,3,2.8333333333333335,1.0,4.665476038590989,12.0,50.0,50.0,5.666666666666667,5.507570547286102,2.0,0.9446366782006921,lumpy
21160,54,27,27,14.61111111111111,0.5,65.11511335643503,474.0,50.0,50.0,29.22222222222222,90.55186925536671,2.0,9.60214724915675,lumpy
85185F,14,7,7,2.2142857142857144,0.5,3.017349102174888,8.0,50.0,50.0,4.428571428571429,2.8784916685156974,2.0,0.4224765868886575,intermittent
23654,6,3,3,0.6666666666666666,0.5,0.816496580927726,2.0,50.0,50.0,1.3333333333333333,0.5773502691896257,2.0,0.18749999999999997,intermittent
23692,4,2,2,12.5,12.5,14.433756729740644,25.0,50.0,50.0,25.0,0.0,2.0,0.0,intermittent
20755,104,52,52,49.35576923076923,0.5,425.3380361723327,4338.0,50.0,50.0,98.71153846153847,600.33713850157,2.0,36.987466124749716,lumpy
84030B,4,2,2,1.25,0.5,1.892969448600091,4.0,50.0,50.0,2.5,2.1213203435596424,2.0,0.7199999999999998,lumpy
90013B,104,52,52,0.9903846153846154,0.5,1.4647654128605276,7.0,50.0,50.0,1.9807692307692308,1.5274018002565164,2.0,0.5946190711179371,lumpy
35648,104,52,52,9.865384615384615,0.5,16.96601840247614,73.0,50.0,50.0,19.73076923076923,19.566994403456984,2.0,0.9834679407901534,lumpy
35962,46,23,23,11.195652173913043,0.5,17.775913247634836,59.0,50.0,50.0,22.391304347826086,19.602270579137194,2.0,0.7663973127447539,lumpy
21065,104,52,52,5.634615384615385,0.5,16.696640957633083,96.0,50.0,50.0,11.26923076923077,22.32216465065159,2.0,3.923594071578939,lumpy
20736,14,7,7,17.857142857142858,0.5,35.20021228707215,110.0,50.0,50.0,35.714285714285715,44.051917422189796,2.0,1.521408,lumpy
17109A,16,8,8,44.0625,0.5,85.02506983237356,300.0,50.0,50.0,88.125,105.13588146502873,2.0,1.423323632757766,lumpy
23615,6,3,3,0.5,0.5,0.5477225575051661,1.0,50.0,50.0,1.0,0.0,2.0,0.0,intermittent
23036,24,12,12,7.166666666666667,0.5,10.461800770532712,36.0,50.0,50.0,14.333333333333334,10.806844071600127,2.0,0.5684645262795615,lumpy
21378,104,52,52,5.105769230769231,0.5,15.211721508336897,144.0,50.0,50.0,10.211538461538462,20.35116852497234,2.0,3.971882079923303,lumpy
20804,30,15,15,10.333333333333334,0.5,27.12465901051627,147.0,50.0,50.0,20.666666666666668,35.98941643369749,2.0,3.0325553738665074,lumpy
84371,8,4,4,3.5,0.5,7.596991885890475,22.0,50.0,50.0,7.0,10.099504938362077,2.0,2.081632653061224,lumpy
21347,4,2,2,0.5,0.5,0.5773502691896257,1.0,50.0,50.0,1.0,0.0,2.0,0.0,intermittent
71143,84,42,42,4.011904761904762,0.5,8.368751468854056,50.0,50.0,50.0,8.023809523809524,10.430929840080777,2.0,1.6899926959628502,lumpy
72267,16,8,8,12.5625,1.0,29.348409951250627,99.0,50.0,50.0,25.125,38.53546603918451,2.0,2.3523887315377623,lumpy
21702,10,5,5,263.6,6.0,654.3568852952748,2072.0,50.0,50.0,527.2,888.6502124008073,2.0,2.841259461040201,lumpy
47591c,6,3,3,0.6666666666666666,0.5,0.816496580927726,2.0,50.0,50.0,1.3333333333333333,0.5773502691896258,2.0,0.18750000000000008,intermittent
84675,58,29,29,3.5344827586206895,0.5,8.427639400693325,48.0,50.0,50.0,7.068965517241379,10.895382490115313,2.0,2.375599558086174,lumpy
16161E,12,6,6,62.5,12.5,147.9019945774904,525.0,50.0,50.0,125.0,196.85019685029528,2.0,2.4800000000000004,lumpy
84720,4,2,2,8.75,6.5,10.750968948580091,22.0,50.0,50.0,17.5,6.363961030678928,2.0,0.13224489795918365,intermittent
62096B,66,33,33,3.893939393939394,0.5,7.03645187659626,39.0,50.0,50.0,7.787878787878788,8.324502897161397,2.0,1.142557987251889,lumpy
21674,14,7,7,3.0714285714285716,0.5,4.3758829564273825,12.0,50.0,50.0,6.142857142857143,4.4131837120372035,2.0,0.5161348476654045,lumpy
84898F,60,30,30,2.65,0.5,4.045608625725229,18.0,50.0,50.0,5.3,4.3323164147187345,2.0,0.6681724997237947,lumpy
21759,16,8,8,1.875,0.5,3.5753787678137448,14.0,50.0,50.0,3.75,4.399675312695569,2.0,1.3765079365079362,lumpy
20968,6,3,3,4.0,1.0,5.796550698475776,14.0,50.0,50.0,8.0,6.0,2.0,0.5625,lumpy
21553,18,9,9,4.833333333333333,1.5,7.50881834519763,28.0,50.0,50.0,9.666666666666666,8.200609733428363,2.0,0.7196789536266351,lumpy
46137D,8,4,4,5.625,1.0,10.418904521521034,30.0,50.0,50.0,11.25,12.996794476587937,2.0,1.3346502057613172,lumpy
18010,8,4,4,6.25,1.0,9.051440295807703,24.0,50.0,50.0,12.5,9.327379053088816,2.0,0.5568000000000002,lumpy
72789,44,22,22,2.772727272727273,0.5,5.0617748351768475,22.0,50.0,50.0,5.545454545454546,6.0295089646652285,2.0,1.1821962862005861,lumpy
21320,68,34,34,5.75,0.5,14.304132583111214,86.0,50.0,50.0,11.5,18.635661479751096,2.0,2.6259953027438856,lumpy
23071,28,14,14,11.25,0.5,41.35091471960624,216.0,50.0,50.0,22.5,57.26020231566397,2.0,6.476505223171889,lumpy
84456,24,12,12,1.0416666666666667,0.5,1.3014763077790332,4.0,50.0,50.0,2.0833333333333335,1.0836246694508316,2.0,0.2705454545454545,intermittent
84454,18,9,9,5.166666666666667,0.5,9.325802283733776,37.0,50.0,50.0,10.333333333333334,11.169153951844338,2.0,1.1683142559833504,lumpy
85097B,36,18,18,2.6944444444444446,0.5,4.55957043367931,19.0,50.0,50.0,5.388888888888889,5.237184794826645,2.0,0.9444899439210269,lumpy
23464,8,4,4,1.625,0.5,2.1998376563477846,5.0,50.0,50.0,3.25,2.0615528128088303,2.0,0.4023668639053255,intermittent
85119,52,26,26,7.9423076923076925,0.5,31.042294652864083,224.0,50.0,50.0,15.884615384615385,42.83206922209285,2.0,7.27084194666088,lumpy
90121B,8,4,4,1.125,0.5,1.4577379737113252,4.0,50.0,50.0,2.25,1.2583057392117916,2.0,0.3127572016460905,intermittent
84595B,28,14,14,8.214285714285714,0.5,20.53787313244078,96.0,50.0,50.0,16.428571428571427,27.031930651088807,2.0,2.707413116184382,lumpy
84586L,8,4,4,1.625,0.5,2.065879266282796,5.0,50.0,50.0,3.25,1.707825127659933,2.0,0.27613412228796846,intermittent
85128,6,3,3,27.666666666666668,0.5,66.79121698746526,164.0,50.0,50.0,55.333333333333336,94.108093877909,2.0,2.8925460879663225,lumpy
85136B,54,27,27,1.037037037037037,0.5,1.7800038473878597,9.0,50.0,50.0,2.074074074074074,2.0554978046865497,2.0,0.9821673861852435,lumpy
84608,6,3,3,0.8333333333333334,0.5,0.9831920802501751,2.0,50.0,50.0,1.6666666666666667,0.5773502691896257,2.0,0.11999999999999997,intermittent
84754,94,47,47,21.43617021276596,0.5,46.07347066537869,265.0,50.0,50.0,42.87234042553192,57.90232293202984,2.0,1.8240535716723771,lumpy
85185C,34,17,17,1.5294117647058822,0.5,2.4400111042674184,11.0,50.0,50.0,3.0588235294117645,2.7034835914818798,2.0,0.7811575443786982,lumpy
84625D,50,25,25,12.92,0.5,19.547785510572467,72.0,50.0,50.0,25.84,20.793989516203958,2.0,0.6475758178454698,lumpy
84931B,103,52,51,2.650485436893204,1.0,5.263095223408768,36.0,49.51456310679612,50.48543689320388,5.25,6.440907864396684,1.9807692307692308,1.5051353874883284,lumpy
85036C,103,52,51,8.495145631067961,1.0,31.637925177505036,244.0,49.51456310679612,50.48543689320388,16.826923076923077,43.11576807866903,1.9807692307692308,6.565424864345739,lumpy
17012A,103,52,51,7.029126213592233,1.0,22.599434450098663,192.0,49.51456310679612,50.48543689320388,13.923076923076923,30.390817855970106,1.9807692307692308,4.764467076168401,lumpy
90198A,103,52,51,1.3106796116504855,1.0,2.000142770460974,12.0,49.51456310679612,50.48543689320388,2.5961538461538463,2.1443918227769756,1.9807692307692308,0.6822561123214717,lumpy
21678,103,52,51,5.524271844660194,1.0,13.326844985168442,120.0,49.51456310679612,50.48543689320388,10.942307692307692,17.168614161230213,1.9807692307692308,2.4617992538795415,lumpy
84821,101,51,50,12.534653465346535,1.0,34.40103613452235,288.0,49.504950495049506,50.495049504950494,24.823529411764707,45.33991878349715,1.9803921568627452,3.3360643291929644,lumpy
20831,101,51,50,4.188118811881188,1.0,13.513484281477616,126.0,49.504950495049506,50.495049504950494,8.294117647058824,18.179432463800467,1.9803921568627452,4.804190936069612,lumpy
22106,99,50,49,5.090909090909091,1.0,25.065258055923113,240.0,49.494949494949495,50.505050505050505,10.08,34.71624920960894,1.98,11.861634298466173,lumpy
22103,99,50,49,17.575757575757574,1.0,98.22704757700768,970.0,49.494949494949495,50.505050505050505,34.8,136.6948038067106,1.98,15.429275158339202,lumpy
84817,95,48,47,8.936842105263159,1.0,32.83770877483975,270.0,49.473684210526315,50.526315789473685,17.6875,44.70525517683052,1.9791666666666667,6.3882845228300535,lumpy
22541,89,45,44,13.92134831460674,1.0,39.24289881306296,240.0,49.438202247191015,50.561797752808985,27.533333333333335,51.92984778438207,1.9777777777777779,3.55726741350741,lumpy
47021G,81,41,40,8.753086419753087,1.0,34.67438927515434,288.0,49.382716049382715,50.617283950617285,17.29268292682927,47.46853900344892,1.975609756097561,7.535064484235528,lumpy
22589,73,37,36,17.835616438356166,1.0,25.23611482832916,101.0,49.31506849315068,50.68493150684932,35.189189189189186,25.418538551657573,1.972972972972973,0.5217742394294599,lumpy
85144,69,35,34,4.144927536231884,1.0,10.552774046107555,65.0,49.27536231884058,50.72463768115942,8.17142857142857,13.742346991701822,1.9714285714285715,2.8283024051226437,lumpy
22806,63,32,31,5.873015873015873,1.0,14.932635900984017,102.0,49.20634920634921,50.79365079365079,11.5625,19.443777510323645,1.96875,2.8278592803788953,lumpy
22950,61,31,30,136.60655737704917,1.0,258.3121031290458,1209.0,49.18032786885246,50.81967213114754,268.80645161290323,311.01376382778074,1.967741935483871,1.3386894539744147,lumpy
20892,55,28,27,1.6727272727272726,1.0,3.2719602543007626,19.0,49.09090909090909,50.90909090909091,3.2857142857142856,3.9894039548965097,1.9642857142857142,1.4742000980186232,lumpy
85126,55,28,27,2.618181818181818,1.0,5.93948154954968,42.0,49.09090909090909,50.90909090909091,5.142857142857143,7.555788978653857,1.9642857142857142,2.158493369913123,lumpy
35958,53,27,26,20.150943396226417,1.0,39.67822316238036,250.0,49.056603773584904,50.943396226415096,39.55555555555556,48.49372150743873,1.962962962962963,1.5029898614199837,lumpy
21879,104,53,51,14.875,1.0,45.39464223550309,336.0,49.03846153846154,50.96153846153846,29.18867924528302,60.46392968086701,1.9622641509433962,4.291052724605333,lumpy
21400,104,53,51,10.336538461538462,1.0,16.528651544575606,73.0,49.03846153846154,50.96153846153846,20.28301886792453,18.317055270651416,1.9622641509433962,0.815541606689687,lumpy
85034C,104,53,51,12.317307692307692,1.0,33.04755750065011,198.0,49.03846153846154,50.96153846153846,24.169811320754718,43.258496652750466,1.9622641509433962,3.2032904921145406,lumpy
85159A,104,53,51,4.730769230769231,1.0,8.775772882988788,48.0,49.03846153846154,50.96153846153846,9.283018867924529,10.463080437884303,1.9622641509433962,1.270400517091475,lumpy
20775,104,53,51,34.625,1.0,329.5653267739956,3363.0,49.03846153846154,50.96153846153846,67.94339622641509,461.3356618431354,1.9622641509433962,46.10410029296815,lumpy
35001G,104,53,51,6.519230769230769,1.0,18.053846519781338,138.0,49.03846153846154,50.96153846153846,12.79245283018868,23.74492536114582,1.9622641509433962,3.4453549361333837,lumpy
82616B,104,53,51,5.644230769230769,1.0,11.331645069673844,72.0,49.03846153846154,50.96153846153846,11.075471698113208,13.8936192557311,1.9622641509433962,1.573643394412238,lumpy
90200B,104,53,51,1.5576923076923077,1.0,2.7050004866102353,15.0,49.03846153846154,50.96153846153846,3.056603773584906,3.1342714423930915,1.9622641509433962,1.051465243337671,lumpy
84507C,98,50,48,4.3979591836734695,1.0,13.746407062659593,96.0,48.97959183673469,51.02040816326531,8.62,18.35576982080255,1.96,4.534513241669211,lumpy
22934,49,25,24,12.020408163265307,1.0,20.930927869939225,75.0,48.97959183673469,51.02040816326531,23.56,24.351728206980845,1.96,1.0683388052803566,lumpy
47422,96,49,47,12.260416666666666,1.0,26.176825746074545,122.0,48.958333333333336,51.041666666666664,24.020408163265305,32.677393941835874,1.9591836734693877,1.8506916347428424,lumpy
35594,47,24,23,3.2127659574468086,1.0,6.111059718151665,27.0,48.93617021276596,51.06382978723404,6.291666666666667,7.380816301423733,1.9583333333333333,1.3761867805187795,lumpy
85230E,92,47,45,26.57608695652174,22.5,36.541481379972886,144.0,48.91304347826087,51.08695652173913,52.02127659574468,35.90354794246126,1.9574468085106382,0.4763352517726608,intermittent
20784,45,23,22,2.2222222222222223,1.0,3.9478929298878644,17.0,48.888888888888886,51.111111111111114,4.3478260869565215,4.637874666582195,1.9565217391304348,1.1378727272727278,lumpy
84993B,88,45,43,6.0227272727272725,1.0,12.231462420179327,72.0,48.86363636363637,51.13636363636363,11.777777777777779,15.049749150565583,1.9555555555555555,1.6327955597268518,lumpy
21720,86,44,42,12.325581395348838,1.0,20.880298544442834,112.0,48.83720930232558,51.16279069767442,24.09090909090909,23.912454847396003,1.9545454545454546,0.9852398022966047,lumpy
23185,39,20,19,7.897435897435898,4.0,10.708567332047423,40.0,48.717948717948715,51.282051282051285,15.4,10.379128855037578,1.95,0.4542347604548561,intermittent
84968B,70,36,34,6.057142857142857,1.0,11.94296313860261,72.0,48.57142857142857,51.42857142857143,11.777777777777779,14.556512751756978,1.9444444444444444,1.5275237756191835,lumpy
72023F,35,18,17,8.342857142857143,2.0,13.653146280668954,56.0,48.57142857142857,51.42857142857143,16.22222222222222,15.41029280004136,1.9444444444444444,0.9024041592617534,lumpy
85025B,103,53,50,5.495145631067961,1.0,15.93606945069603,144.0,48.54368932038835,51.45631067961165,10.679245283018869,21.017184896125123,1.9433962264150944,3.8731825507584343,lumpy
71279,101,52,49,2.881188118811881,1.0,4.641739175595439,32.0,48.51485148514851,51.48514851485149,5.596153846153846,5.172550534764334,1.9423076923076923,0.8543389250221883,lumpy
22053,101,52,49,45.02970297029703,1.0,394.24143504825935,3966.0,48.51485148514851,51.48514851485149,87.46153846153847,548.6105608820452,1.9423076923076923,39.3454124668922,lumpy
21562,99,51,48,6.848484848484849,1.0,13.983491459402272,83.0,48.484848484848484,51.515151515151516,13.294117647058824,17.200341993864026,1.9411764705882353,1.673998746965306,lumpy
85035B,99,51,48,9.94949494949495,1.0,39.1048756648417,360.0,48.484848484848484,51.515151515151516,19.313725490196077,53.035267585288345,1.9411764705882353,7.540452699116183,lumpy
85130B,97,50,47,9.381443298969073,1.0,22.705287241709193,146.0,48.45360824742268,51.54639175257732,18.2,29.090288722513282,1.94,2.554778704139547,lumpy
22947,64,33,31,15.796875,1.5,33.08151533327988,185.0,48.4375,51.5625,30.636363636363637,41.05774758025136,1.9393939393939394,1.796039192033037,lumpy
85131C,95,49,46,4.621052631578947,1.0,12.165681542388716,96.0,48.421052631578945,51.578947368421055,8.959183673469388,15.81660412308516,1.9387755102040816,3.1166613048569336,lumpy
90209B,95,49,46,4.0,1.0,10.592048402537733,72.0,48.421052631578945,51.578947368421055,7.755102040816326,13.783339297023442,1.9387755102040816,3.158885330101569,lumpy
85206A,62,32,30,37.435483870967744,3.5,54.74969001117183,195.0,48.38709677419355,51.61290322580645,72.53125,57.19010989108903,1.9375,0.6217152751240161,lumpy
22881,56,29,27,1.9821428571428572,1.0,4.974447694983825,28.0,48.214285714285715,51.785714285714285,3.8275862068965516,6.425779360831545,1.9310344827586208,2.8183936832585483,lumpy
20731,81,42,39,51.135802469135804,1.0,311.46323029719014,2701.0,48.148148148148145,51.851851851851855,98.61904761904762,429.52247747088785,1.9285714285714286,18.96925102041544,lumpy
21425,104,54,50,4.711538461538462,1.0,23.776333618297908,241.0,48.07692307692308,51.92307692307692,9.074074074074074,32.53146624879205,1.9259259259259258,12.852944606413992,lumpy
21841,104,54,50,3.6826923076923075,1.0,5.831392151851745,30.0,48.07692307692308,51.92307692307692,7.092592592592593,6.437708834549343,1.9259259259259258,0.8238585110817817,lumpy
21758,104,54,50,1.2980769230769231,1.0,1.9100135092914596,9.0,48.07692307692308,51.92307692307692,2.5,2.007063000205139,1.9259259259259258,0.6445283018867926,lumpy
21666,104,54,50,11.865384615384615,1.0,24.648227133437175,192.0,48.07692307692308,51.92307692307692,22.85185185185185,30.411894028368774,1.9259259259259258,1.7711042991215977,lumpy
82616C,104,54,50,5.596153846153846,1.0,14.502439855503946,120.0,48.07692307692308,51.92307692307692,10.777777777777779,18.75730465678429,1.9259259259259258,3.0288824228909705,lumpy
22229,104,54,50,9.557692307692308,1.0,15.088622939011644,79.0,48.07692307692308,51.92307692307692,18.40740740740741,16.627459124148437,1.9259259259259258,0.8159556022593937,lumpy
20867,104,54,50,10.221153846153847,1.0,31.430909507077907,304.0,48.07692307692308,51.92307692307692,19.685185185185187,41.5940961313493,1.9259259259259258,4.464618690407552,lumpy
22286,102,53,49,18.862745098039216,1.0,40.340638482576175,336.0,48.03921568627451,51.96078431372549,36.301886792452834,50.15575160884817,1.9245283018867925,1.9088996117622374,lumpy
16015,102,53,49,14.823529411764707,1.0,35.6141066067944,283.0,48.03921568627451,51.96078431372549,28.528301886792452,45.44294976780688,1.9245283018867925,2.537354720101083,lumpy
21628,102,53,49,1.5784313725490196,1.0,3.0811990545979855,25.0,48.03921568627451,51.96078431372549,3.0377358490566038,3.7311694606741,1.9245283018867925,1.5086549960976103,lumpy
84529C,25,13,12,3.12,1.0,3.8548670534792766,13.0,48.0,52.0,6.0,3.3166247903554,1.9230769230769231,0.3055555555555555,intermittent
23039,25,13,12,7.72,1.0,11.494636430382071,42.0,48.0,52.0,14.846153846153847,12.23278486858269,1.9230769230769231,0.678926503619784,lumpy
15058C,96,50,46,4.885416666666667,1.0,10.582875732613033,55.0,47.916666666666664,52.083333333333336,9.38,13.19537643205655,1.92,1.9789639888852275,lumpy
84948,23,12,11,8.869565217391305,2.0,15.226485142749508,53.0,47.82608695652174,52.17391304347826,17.0,17.689236583558117,1.9166666666666667,1.0827304183705564,lumpy
17012F,92,48,44,6.239130434782608,1.0,14.837115300635036,97.0,47.82608695652174,52.17391304347826,11.958333333333334,18.878061491417988,1.9166666666666667,2.4921460072124835,lumpy
84709A,23,12,11,1.0,1.0,1.2792042981336627,4.0,47.82608695652174,52.17391304347826,1.9166666666666667,1.164500152881315,1.9166666666666667,0.369135590307613,intermittent
85087,92,48,44,4.304347826086956,1.0,7.612510135231755,45.0,47.82608695652174,52.17391304347826,8.25,8.885800290829781,1.9166666666666667,1.1600726803821582,lumpy
84997a,84,44,40,2.0595238095238093,1.0,3.0590619495973717,18.0,47.61904761904762,52.38095238095238,3.9318181818181817,3.2450156933201866,1.9090909090909092,0.6811562558520281,lumpy
72779,21,11,10,2.0,1.0,3.1144823004794873,12.0,47.61904761904762,52.38095238095238,3.8181818181818183,3.4298157915019813,1.9090909090909092,0.8069160997732425,lumpy
21292,103,54,49,22.83495145631068,1.0,51.055735996887705,384.0,47.57281553398058,52.42718446601942,43.55555555555556,64.00874547165682,1.9074074074074074,2.1596904886328816,lumpy
79144B,103,54,49,3.3106796116504853,1.0,6.037512028508444,33.0,47.57281553398058,52.42718446601942,6.314814814814815,7.129063750946501,1.9074074074074074,1.2745114997128781,lumpy
85032A,103,54,49,13.902912621359222,1.0,30.963455551161612,150.0,47.57281553398058,52.42718446601942,26.51851851851852,38.78471822219574,1.9074074074074074,2.1390590063556543,lumpy
84762B,40,21,19,2.8,1.0,5.800972509095527,26.0,47.5,52.5,5.333333333333333,7.171703656268386,1.9047619047619047,1.8082031250000006,lumpy
47504H,99,52,47,9.434343434343434,1.0,23.050150123979495,183.0,47.474747474747474,52.525252525252526,17.96153846153846,29.40718968942568,1.9038461538461537,2.6805257324788885,lumpy
22941,59,31,28,42.33898305084746,1.0,77.37651122015747,411.0,47.45762711864407,52.54237288135593,80.58064516129032,91.60159175965897,1.903225806451613,1.2922441075358282,lumpy
21364,97,51,46,4.670103092783505,1.0,19.990477758946334,194.0,47.422680412371136,52.577319587628864,8.882352941176471,27.00196071312121,1.9019607843137254,9.241331520547345,lumpy
90114,95,50,45,2.1052631578947367,1.0,4.983960836674036,45.0,47.36842105263158,52.63157894736842,4.0,6.318098396427423,1.9,2.4948979591836737,lumpy
84555A,19,10,9,2.473684210526316,1.0,3.9492393227139546,13.0,47.36842105263158,52.63157894736842,4.7,4.4234225060089685,1.9,0.8857703334842311,lumpy
72750A,19,10,9,19.736842105263158,1.0,38.32875640105562,128.0,47.36842105263158,52.63157894736842,37.5,46.88342516876892,1.9,1.5630617283950612,lumpy
37342,91,48,43,17.9010989010989,1.0,34.23028384504475,154.0,47.252747252747255,52.747252747252745,33.9375,41.083933936023875,1.8958333333333333,1.465495031968401,lumpy
22641,72,38,34,4.125,1.0,7.5841523057743965,33.0,47.22222222222222,52.77777777777778,7.815789473684211,8.986041016135525,1.894736842105263,1.3218771265909313,lumpy
79071B,72,38,34,1.9722222222222223,1.0,3.157696710151568,14.0,47.22222222222222,52.77777777777778,3.736842105263158,3.5158652814205142,1.894736842105263,0.8852276200024664,lumpy
51020A,72,38,34,18.09722222222222,1.0,49.06912621093686,288.0,47.22222222222222,52.77777777777778,34.28947368421053,63.64042056307639,1.894736842105263,3.4446447856731353,lumpy
16169N,53,28,25,37.264150943396224,25.0,97.52004743471512,700.0,47.16981132075472,52.83018867924528,70.53571428571429,126.02424285969659,1.8928571428571428,3.19219973057499,lumpy
22145,53,28,25,22.433962264150942,1.0,41.3086456931058,187.0,47.16981132075472,52.83018867924528,42.464285714285715,49.033988320164326,1.8928571428571428,1.3333580644952554,lumpy
90200E,104,55,49,1.7980769230769231,1.0,3.3221229839123927,24.0,47.11538461538461,52.88461538461539,3.4,3.937474279751387,1.8909090909090909,1.3411508394207357,lumpy
46775D,104,55,49,1.4615384615384615,1.0,3.5360091511410072,28.0,47.11538461538461,52.88461538461539,2.7636363636363637,4.492642694877747,1.8909090909090909,2.6426640889504465,lumpy
22154,104,55,49,65.97115384615384,2.0,125.1266897196961,724.0,47.11538461538461,52.88461538461539,124.74545454545455,149.65320629669836,1.8909090909090909,1.4392047784034299,lumpy
22121,104,55,49,13.125,1.0,30.00378212405183,246.0,47.11538461538461,52.88461538461539,24.818181818181817,37.703075279370594,1.8909090909090909,2.307882141825977,lumpy
85032C,104,55,49,8.125,1.0,20.337772739412742,144.0,47.11538461538461,52.88461538461539,15.363636363636363,25.993848016023605,1.8909090909090909,2.8625502011938044,lumpy
20932,104,55,49,2.8365384615384617,1.0,6.753798754046262,51.0,47.11538461538461,52.88461538461539,5.363636363636363,8.555621146278815,1.8909090909090909,2.5443944375285956,lumpy
22263,104,55,49,8.01923076923077,1.0,31.521600166749806,294.0,47.11538461538461,52.88461538461539,15.163636363636364,42.24784177541067,1.8909090909090909,7.76251287805354,lumpy
72800D,104,55,49,6.0576923076923075,1.0,27.832657678665964,277.0,47.11538461538461,52.88461538461539,11.454545454545455,37.61147292546378,1.8909090909090909,10.781643384377064,lumpy
21098,104,55,49,78.03846153846153,1.0,184.81682997570962,1225.0,47.11538461538461,52.88461538461539,147.56363636363636,233.88551834227718,1.8909090909090909,2.512163877032215,lumpy
84899F,51,27,24,2.1372549019607843,1.0,3.49868322569013,15.0,47.05882352941177,52.94117647058823,4.037037037037037,3.946580618142568,1.8888888888888888,0.9556887855852588,lumpy
72750C,17,9,8,13.058823529411764,8.0,23.01214513098272,88.0,47.05882352941177,52.94117647058823,24.666666666666668,27.147743920996454,1.8888888888888888,1.2112856099342582,lumpy
85090,51,27,24,1.9607843137254901,1.0,3.376156301557885,17.0,47.05882352941177,52.94117647058823,3.7037037037037037,3.9008363483391886,1.8888888888888888,1.1092846153846152,lumpy
22056,34,18,16,17.852941176470587,1.0,50.45558043614155,244.0,47.05882352941177,52.94117647058823,33.72222222222222,66.14494383375983,1.8888888888888888,3.8473432271654486,lumpy
21392,66,35,31,114.22727272727273,1.0,630.5732140851514,3660.0,46.96969696969697,53.03030303030303,215.4,858.9105000282763,1.8857142857142857,15.900267323664282,lumpy
85032B,98,52,46,9.581632653061224,1.0,19.580088491837852,144.0,46.93877551020408,53.06122448979592,18.057692307692307,23.939804790216343,1.8846153846153846,1.757586516796664,lumpy
16212,49,26,23,7.081632653061225,1.0,12.02399811261815,37.0,46.93877551020408,53.06122448979592,13.346153846153847,13.807077337922918,1.8846153846153846,1.070264847312078,lumpy
85166B,49,26,23,9.795918367346939,1.0,27.540106807948256,133.0,46.93877551020408,53.06122448979592,18.46153846153846,35.91459955976764,1.8846153846153846,3.784480555555557,lumpy
23042,32,17,15,3.15625,1.0,4.984552751153534,24.0,46.875,53.125,5.9411764705882355,5.528003575379792,1.8823529411764706,0.8657484560337221,lumpy
46307,32,17,15,1.59375,1.0,2.407774705461054,11.0,46.875,53.125,3.0,2.598076211353316,1.8823529411764706,0.7500000000000001,lumpy
47421,96,51,45,14.96875,1.5,28.442167777698252,121.0,46.875,53.125,28.176470588235293,34.020996976780644,1.8823529411764706,1.4578770141343529,lumpy
85141,79,42,37,2.3037974683544302,1.0,5.492079215770763,34.0,46.835443037974684,53.164556962025316,4.333333333333333,6.9551408138036575,1.880952380952381,2.5761293115889745,lumpy
22143,47,25,22,8.46808510638298,1.0,23.281688142727283,144.0,46.808510638297875,53.191489361702125,15.92,30.254366076099938,1.88,3.61151970068096,lumpy
82616A,47,25,22,5.191489361702128,1.0,10.821954934444387,51.0,46.808510638297875,53.191489361702125,9.76,13.342538489108186,1.88,1.8688622570097648,lumpy
20889,15,8,7,43.06666666666667,3.0,106.86337516839413,416.0,46.666666666666664,53.333333333333336,80.75,139.14714719112487,1.875,2.969364770513061,lumpy
85169D,103,55,48,5.058252427184466,1.0,14.942914408966379,138.0,46.601941747572816,53.398058252427184,9.472727272727273,19.47253958732137,1.8727272727272728,4.2256655733249175,lumpy
84508B,103,55,48,1.6310679611650485,1.0,2.4693822807085124,13.0,46.601941747572816,53.398058252427184,3.0545454545454547,2.6626231970675622,1.8727272727272728,0.7598471487360372,lumpy
22407,88,47,41,4.704545454545454,1.0,10.544006404369327,54.0,46.59090909090909,53.40909090909091,8.808510638297872,13.165564929295405,1.872340425531915,2.23395300179498,lumpy
21359,88,47,41,2.3181818181818183,1.0,5.307867625062146,30.0,46.59090909090909,53.40909090909091,4.340425531914893,6.657054433308293,1.872340425531915,2.352337311736289,lumpy
35957,58,31,27,56.206896551724135,3.5,81.52983710009518,305.0,46.55172413793103,53.44827586206897,105.16129032258064,85.49740611043649,1.8709677419354838,0.6609887462832624,lumpy
85186A,71,38,33,20.732394366197184,1.0,34.878547539581184,124.0,46.478873239436616,53.521126760563384,38.73684210526316,39.81489888900841,1.868421052631579,1.0564350644063252,lumpy
22647,82,44,38,11.829268292682928,1.0,29.094908501189046,184.0,46.34146341463415,53.65853658536585,22.045454545454547,36.934231015669134,1.8636363636363635,2.8068551881301174,lumpy
20700,95,51,44,4.421052631578948,1.0,18.032818160095573,144.0,46.31578947368421,53.68421052631579,8.235294117647058,24.0687251305873,1.8627450980392157,8.541771428571428,lumpy
21221,104,56,48,5.019230769230769,1.0,7.742181485848852,32.0,46.15384615384615,53.84615384615385,9.321428571428571,8.45115837752896,1.8571428571428572,0.8219918834266834,lumpy
22936,52,28,24,5.25,1.0,14.629911610310234,78.0,46.15384615384615,53.84615384615385,9.75,18.94167461015623,1.8571428571428572,3.774222611829451,lumpy
85007,13,7,6,9.615384615384615,2.0,14.098099526404624,48.0,46.15384615384615,53.84615384615385,17.857142857142858,15.026959899112121,1.8571428571428572,0.7081386666666665,lumpy
22153,104,56,48,51.34615384615385,1.0,83.69138513747114,492.0,46.15384615384615,53.84615384615385,95.35714285714286,94.04243308623626,1.8571428571428572,0.9726156502533226,lumpy
84762A,26,14,12,2.230769230769231,1.0,4.023010736328625,18.0,46.15384615384615,53.84615384615385,4.142857142857143,4.753252212265471,1.8571428571428572,1.3163815969999082,lumpy
40003,78,42,36,14.743589743589743,1.0,33.75328205203236,156.0,46.15384615384615,53.84615384615385,27.38095238095238,42.25125334030867,1.8571428571428572,2.3811244409608547,lumpy
21619,104,56,48,10.134615384615385,1.0,28.25956584922276,197.0,46.15384615384615,53.84615384615385,18.821428571428573,36.45675253221007,1.8571428571428572,3.7518960111213704,lumpy
79338,13,7,6,38.38461538461539,1.0,70.8772865140148,240.0,46.15384615384615,53.84615384615385,71.28571428571429,85.50382893125175,1.8571428571428572,1.438686323883572,lumpy
23640,13,7,6,0.6153846153846154,1.0,0.6504436355879909,2.0,46.15384615384615,53.84615384615385,1.1428571428571428,0.3779644730092272,1.8571428571428572,0.10937500000000001,intermittent
17012D,91,49,42,5.263736263736264,1.0,11.62357294928922,59.0,46.15384615384615,53.84615384615385,9.775510204081632,14.432696251512931,1.8571428571428572,2.17979713012641,lumpy
23637,13,7,6,0.7692307692307693,1.0,0.9268086959962983,3.0,46.15384615384615,53.84615384615385,1.4285714285714286,0.7867957924694432,1.8571428571428572,0.3033333333333334,intermittent
84773,52,28,24,3.1923076923076925,2.0,4.9588046533155135,19.0,46.15384615384615,53.84615384615385,5.928571428571429,5.442824507949767,1.8571428571428572,0.8428466207534285,lumpy
22866,65,35,30,189.30769230769232,1.0,300.0563969425645,1248.0,46.15384615384615,53.84615384615385,351.57142857142856,332.79169299183195,1.8571428571428572,0.8960202128076693,lumpy
85216,102,55,47,27.215686274509803,6.0,50.272648204020015,312.0,46.07843137254902,53.92156862745098,50.472727272727276,59.42622396111075,1.8545454545454545,1.3862537249584206,lumpy
84796B,89,48,41,6.741573033707865,1.0,15.197583607187244,98.0,46.06741573033708,53.93258426966292,12.5,18.945610842956896,1.8541666666666667,2.2971914893617016,lumpy
85194S,100,54,46,17.6,1.0,26.88471459375901,112.0,46.0,54.0,32.592592592592595,29.193252333902226,1.8518518518518519,0.8022821807266491,lumpy
85121C,50,27,23,1.96,1.0,2.747614921182013,11.0,46.0,54.0,3.6296296296296298,2.8168196489077775,1.8518518518518519,0.6022730913401467,lumpy
22264,98,53,45,20.540816326530614,1.0,63.37487361338332,528.0,45.91836734693877,54.08163265306123,37.9811320754717,82.56477423724724,1.849056603773585,4.725565474459955,lumpy
85103,85,46,39,3.623529411764706,1.0,9.04351447511556,74.0,45.88235294117647,54.11764705882353,6.695652173913044,11.473388659981635,1.8478260869565217,2.936281179138322,lumpy
72750B,48,26,22,10.333333333333334,3.0,22.029316379357848,128.0,45.833333333333336,54.166666666666664,19.076923076923077,27.18223401697966,1.8461538461538463,2.0302692507804374,lumpy
84750B,72,39,33,8.430555555555555,1.5,14.571655283981293,65.0,45.833333333333336,54.166666666666664,15.564102564102564,16.816024425020558,1.8461538461538463,1.167343020122331,lumpy
35004c,24,13,11,1.0833333333333333,1.0,1.3805061033727,4.0,45.833333333333336,54.166666666666664,2.0,1.2909944487358054,1.8461538461538463,0.4166666666666665,intermittent
84584,83,45,38,3.3493975903614457,1.0,5.749726896886027,36.0,45.78313253012048,54.21686746987952,6.177777777777778,6.613652851518897,1.8444444444444446,1.1460886882384216,lumpy
22859,59,32,27,21.1864406779661,3.0,32.9259747460097,150.0,45.76271186440678,54.23728813559322,39.0625,36.1599827826108,1.84375,0.8569122683870964,lumpy
72051S,70,38,32,4.242857142857143,1.0,10.026682827835968,65.0,45.714285714285715,54.285714285714285,7.815789473684211,12.601705725723166,1.8421052631578947,2.599638512096424,lumpy
84905,81,44,37,3.3209876543209877,1.0,6.276597725865956,33.0,45.67901234567901,54.32098765432099,6.113636363636363,7.471545741790664,1.8409090909090908,1.493556692333626,lumpy
17033,46,25,21,69.52173913043478,8.5,124.85809529763242,695.0,45.65217391304348,54.34782608695652,127.92,146.45417941003484,1.84,1.3107704380069733,lumpy
21189,103,56,47,7.116504854368932,1.0,12.560677022837382,53.0,45.63106796116505,54.36893203883495,13.089285714285714,14.59424143684361,1.8392857142857142,1.2431718227146757,lumpy
22032,103,56,47,9.398058252427184,2.0,12.865320313963702,72.0,45.63106796116505,54.36893203883495,17.285714285714285,12.96669059301813,1.8392857142857142,0.5627087071797131,lumpy
21287,103,56,47,36.23300970873787,2.0,89.72662226348227,720.0,45.63106796116505,54.36893203883495,66.64285714285714,113.43391004480074,1.8392857142857142,2.8972007478764024,lumpy
85034A,103,56,47,7.912621359223301,1.0,24.41355569933715,188.0,45.63106796116505,54.36893203883495,14.553571428571429,31.732357814501153,1.8392857142857142,4.754069452095572,lumpy
71270,103,56,47,3.5728155339805827,1.0,6.813484239744488,36.0,45.63106796116505,54.36893203883495,6.571428571428571,8.125956487156994,1.8392857142857142,1.529077161024231,lumpy
72819,103,56,47,6.281553398058253,1.0,19.21162713491859,144.0,45.63106796116505,54.36893203883495,11.553571428571429,24.949344784879727,1.8392857142857142,4.663218681611979,lumpy
22270,103,56,47,6.495145631067961,1.0,13.768302461620392,84.0,45.63106796116505,54.36893203883495,11.946428571428571,16.889393813178238,1.8392857142857142,1.9987199307113241,lumpy
72128,103,56,47,6.912621359223301,1.0,20.57702259189561,156.0,45.63106796116505,54.36893203883495,12.714285714285714,26.64835951677073,1.8392857142857142,4.392957730314126,lumpy
21001,103,56,47,1.3592233009708738,1.0,1.994376254804056,9.0,45.63106796116505,54.36893203883495,2.5,2.1148823307047775,1.8392857142857142,0.7156363636363635,lumpy
22878,57,31,26,2.245614035087719,1.0,5.302562391881824,37.0,45.6140350877193,54.3859649122807,4.129032258064516,6.667043000130672,1.8387096774193548,2.6071736653645834,lumpy
21839,68,37,31,2.7205882352941178,1.0,5.1044188881917,37.0,45.588235294117645,54.411764705882355,5.0,6.064468466220084,1.837837837837838,1.4711111111111108,lumpy
85224,68,37,31,27.676470588235293,1.0,56.62535721648601,312.0,45.588235294117645,54.411764705882355,50.86486486486486,68.95858747673698,1.837837837837838,1.837980603511287,lumpy
84510F,44,24,20,24.886363636363637,1.0,150.4647398869916,1000.0,45.45454545454545,54.54545454545455,45.625,203.31979789826494,1.8333333333333333,19.858826600961105,lumpy
21697,11,6,5,33.81818181818182,12.0,70.3446063061244,240.0,45.45454545454545,54.54545454545455,62.0,88.31760866327846,1.8333333333333333,2.0291363163371483,lumpy
23632,11,6,5,1.3636363636363635,1.0,2.1105794120443453,7.0,45.45454545454545,54.54545454545455,2.5,2.345207879911715,1.8333333333333333,0.8800000000000001,lumpy
35647,66,36,30,8.530303030303031,1.0,28.98287011161524,179.0,45.45454545454545,54.54545454545455,15.63888888888889,38.0219130635989,1.8333333333333333,5.910934417651477,lumpy
84753A,11,6,5,8.181818181818182,5.0,11.771305635469515,37.0,45.45454545454545,54.54545454545455,15.0,12.425779653607254,1.8333333333333333,0.6862222222222222,lumpy
85213,86,47,39,16.023255813953487,1.0,62.38174256740152,540.0,45.348837209302324,54.651162790697676,29.319148936170212,82.41652071166598,1.8297872340425532,7.901796368631354,lumpy
84918,42,23,19,4.857142857142857,1.5,8.989347160352523,48.0,45.23809523809524,54.76190476190476,8.869565217391305,10.64853531467244,1.826086956521739,1.4413687043444827,lumpy
51020B,73,40,33,14.821917808219178,1.0,38.04834003743478,252.0,45.205479452054796,54.794520547945204,27.05,48.30509343001059,1.825,3.188976464180527,lumpy
16048,104,57,47,33.26923076923077,1.0,96.4449871632378,792.0,45.19230769230769,54.80769230769231,60.70175438596491,124.15082487964285,1.8245614035087718,4.183085415244652,lumpy
35923,104,57,47,14.85576923076923,1.0,56.113688043206594,450.0,45.19230769230769,54.80769230769231,27.105263157894736,73.84774012659095,1.8245614035087718,7.422789814577919,lumpy
21520,104,57,47,9.182692307692308,1.0,12.991232609723381,72.0,45.19230769230769,54.80769230769231,16.75438596491228,13.4646106274326,1.8245614035087718,0.6458483672518375,lumpy
21479,104,57,47,55.63461538461539,3.0,109.7758579302237,555.0,45.19230769230769,54.80769230769231,101.50877192982456,132.0036691599108,1.8245614035087718,1.6910827467341538,lumpy
22108,104,57,47,2.6826923076923075,1.0,4.402700898922972,23.0,45.19230769230769,54.80769230769231,4.894736842105263,4.963021151211067,1.8245614035087718,1.0280957336108225,lumpy
90214A,104,57,47,1.7980769230769231,1.0,3.0125298457766845,18.0,45.19230769230769,54.80769230769231,3.280701754385965,3.426547543837009,1.8245614035087718,1.0908876433412449,lumpy
21881,104,57,47,12.76923076923077,1.0,37.83285436370683,288.0,45.19230769230769,54.80769230769231,23.29824561403509,48.81523653835695,1.8245614035087718,4.389998354001201,lumpy
20661,104,57,47,8.625,1.0,41.4527892651879,302.0,45.19230769230769,54.80769230769231,15.736842105263158,55.19592580584104,1.8245614035087718,12.302089142499204,lumpy
21721,104,57,47,10.432692307692308,2.0,14.972313881707377,75.0,45.19230769230769,54.80769230769231,19.035087719298247,15.672957730116709,1.8245614035087718,0.6779414057878242,lumpy
23044,31,17,14,3.2580645161290325,1.0,4.959621907198732,20.0,45.16129032258065,54.83870967741935,5.9411764705882355,5.402205431989029,1.8235294117647058,0.8267939417704149,lumpy
84929,102,56,46,30.11764705882353,12.0,72.5380465710888,540.0,45.09803921568628,54.90196078431372,54.857142857142854,90.99838731266887,1.8214285714285714,2.751699613320708,lumpy
22511,91,50,41,4.186813186813187,1.0,8.587991729944898,64.0,45.05494505494506,54.94505494505494,7.62,10.429334610039284,1.82,1.873282431372119,lumpy
22390,89,49,40,8.573033707865168,1.0,19.51740926853943,150.0,44.943820224719104,55.056179775280896,15.571428571428571,24.23066239292686,1.816326530612245,2.4214396936284825,lumpy
21793,98,54,44,3.6020408163265305,1.0,7.170586822552264,48.0,44.89795918367347,55.10204081632653,6.537037037037037,8.634535664964607,1.8148148148148149,1.7446812118873878,lumpy
47598,29,16,13,4.586206896551724,2.0,6.433823798484906,26.0,44.827586206896555,55.172413793103445,8.3125,6.650501234242925,1.8125,0.6400964818060187,lumpy
17021,96,53,43,38.375,6.0,107.82444308372656,636.0,44.791666666666664,55.208333333333336,69.50943396226415,137.96468648527826,1.8113207547169812,3.9395659296709287,lumpy
20774,96,53,43,36.125,1.0,327.8815976923122,3215.0,44.791666666666664,55.208333333333336,65.43396226415095,440.96613813106933,1.8113207547169812,45.41549415332056,lumpy
21803,103,57,46,41.728155339805824,2.0,73.90510531527512,305.0,44.66019417475728,55.33980582524272,75.40350877192982,85.81372260582029,1.8070175438596492,1.2951807269911875,lumpy
21630,103,57,46,1.5339805825242718,1.0,2.573681021342635,18.0,44.66019417475728,55.33980582524272,2.7719298245614037,2.9278072234770876,1.8070175438596492,1.115630794057729,lumpy
22266,103,57,46,24.038834951456312,1.0,67.3364281462278,640.0,44.66019417475728,55.33980582524272,43.43859649122807,86.02886092632346,1.8070175438596492,3.922263585020397,lumpy
22824,56,31,25,1.0892857142857142,1.0,1.3918827760762262,6.0,44.642857142857146,55.357142857142854,1.967741935483871,1.3287555824339787,1.8064516129032258,0.45598853354832913,intermittent
47594B,101,56,45,4.00990099009901,1.0,6.626454632010924,34.0,44.554455445544555,55.445544554455445,7.232142857142857,7.490578497937676,1.8035714285714286,1.072745562622106,lumpy
84247L,72,40,32,15.597222222222221,12.0,20.737568631318716,81.0,44.44444444444444,55.55555555555556,28.075,20.58177872256466,1.8,0.537435412725728,lumpy
85112,9,5,4,7.777777777777778,1.0,16.611575615950596,51.0,44.44444444444444,55.55555555555556,14.0,21.047565179849187,1.8,2.260204081632653,lumpy
22809,63,35,28,39.3968253968254,6.0,66.21361805222394,405.0,44.44444444444444,55.55555555555556,70.91428571428571,75.45874269254357,1.8,1.132274335685247,lumpy
15058A,97,54,43,4.907216494845361,1.0,9.937389909481182,60.0,44.329896907216494,55.670103092783506,8.814814814814815,11.990678886274065,1.7962962962962963,1.8503809959055766,lumpy
22633,61,34,27,135.68852459016392,1.0,201.84445669736277,870.0,44.26229508196721,55.73770491803279,243.44117647058823,216.90679344132636,1.7941176470588236,0.7938861621472199,lumpy
16161M,52,29,23,18.75,25.0,19.725443905141955,75.0,44.23076923076923,55.76923076923077,33.62068965517241,13.81617528505589,1.793103448275862,0.16887386118155354,intermittent
22065,104,58,46,77.92307692307692,1.0,218.7175636892675,1713.0,44.23076923076923,55.76923076923077,139.72413793103448,278.66894104902354,1.793103448275862,3.9777204395199575,lumpy
16014,104,58,46,281.49038461538464,3.0,725.9867472538325,4100.0,44.23076923076923,55.76923076923077,504.7413793103448,915.2813115705711,1.793103448275862,3.2882995231326952,lumpy
21820,104,58,46,7.4423076923076925,1.0,14.702107981132244,82.0,44.23076923076923,55.76923076923077,13.344827586206897,17.61931926531955,1.793103448275862,1.7432204659503112,lumpy
85048,104,58,46,24.557692307692307,1.0,45.45921610194609,204.0,44.23076923076923,55.76923076923077,44.03448275862069,53.493716803443995,1.793103448275862,1.4757736430718917,lumpy
17012B,104,58,46,6.9326923076923075,1.0,16.115640610684885,104.0,44.23076923076923,55.76923076923077,12.431034482758621,19.993957042299467,1.793103448275862,2.5869198128969058,lumpy
85071A,104,58,46,18.182692307692307,1.5,34.96815872647487,192.0,44.23076923076923,55.76923076923077,32.60344827586207,41.60716016954858,1.793103448275862,1.6285799317951897,lumpy
21064,104,58,46,7.548076923076923,1.0,39.82190444888055,405.0,44.23076923076923,55.76923076923077,13.53448275862069,52.755049818066844,1.793103448275862,15.193042356794656,lumpy
84951A,104,58,46,5.365384615384615,1.0,9.29563807542417,32.0,44.23076923076923,55.76923076923077,9.620689655172415,10.699774692179265,1.793103448275862,1.2369064514551364,lumpy
21279,104,58,46,33.85576923076923,1.0,225.25025643635843,1636.0,44.23076923076923,55.76923076923077,60.706896551724135,300.04204434154855,1.793103448275862,24.428014478601998,lumpy
20830,95,53,42,4.252631578947368,1.0,11.15744996895036,100.0,44.21052631578947,55.78947368421053,7.622641509433962,14.101590765548867,1.7924528301886793,3.4223563112213733,lumpy
47594A,102,57,45,3.372549019607843,1.0,5.217870224123162,24.0,44.11764705882353,55.88235294117647,6.035087719298246,5.722652083358548,1.7894736842105263,0.8991404016649928,lumpy
22783,34,19,15,14.176470588235293,1.0,37.782046873530476,200.0,44.11764705882353,55.88235294117647,25.36842105263158,48.138931491529796,1.7894736842105263,3.6008581884685946,lumpy
84637,93,52,41,6.290322580645161,1.0,28.148897825809335,240.0,44.086021505376344,55.913978494623656,11.25,37.046803995412475,1.7884615384615385,10.844173323650448,lumpy
22882,59,33,26,2.1186440677966103,1.0,5.075583016495237,30.0,44.067796610169495,55.932203389830505,3.787878787878788,6.338166019034882,1.7878787878787878,2.7998519999999996,lumpy
22884,59,33,26,1.8644067796610169,1.0,4.854637410085487,28.0,44.067796610169495,55.932203389830505,3.3333333333333335,6.137317546507322,1.7878787878787878,3.3899999999999992,lumpy
22870,59,33,26,2.6271186440677967,1.0,6.705371765992071,48.0,44.067796610169495,55.932203389830505,4.696969696969697,8.453863201537095,1.7878787878787878,3.23947710718002,lumpy
23022,25,14,11,16.36,6.0,25.691892365750977,96.0,44.0,56.0,29.214285714285715,28.53386266668638,1.7857142857142858,0.9539609307783818,lumpy
23016,25,14,11,2.88,2.0,3.7229020937972566,12.0,44.0,56.0,5.142857142857143,3.6131627495789687,1.7857142857142858,0.4935897435897434,lumpy
22510,91,51,40,3.2527472527472527,1.0,7.461893424584237,57.0,43.956043956043956,56.043956043956044,5.803921568627451,9.226092581029386,1.7843137254901962,2.526926132213294,lumpy
84856L,66,37,29,3.606060606060606,1.0,7.805084709299914,48.0,43.93939393939394,56.06060606060606,6.4324324324324325,9.555511907156404,1.7837837837837838,2.2067719244560573,lumpy
79323W,41,23,18,62.53658536585366,22.0,78.3224417268051,334.0,43.90243902439025,56.09756097560975,111.47826086956522,73.82095635277251,1.7826086956521738,0.43850945783683,intermittent
84908A,41,23,18,10.536585365853659,1.0,41.29775875333649,240.0,43.90243902439025,56.09756097560975,18.782608695652176,54.21250821932914,1.7826086956521738,8.330809055056738,lumpy
22504,82,46,36,4.426829268292683,1.0,7.9458514493062,36.0,43.90243902439025,56.09756097560975,7.891304347826087,9.257377264453746,1.7826086956521738,1.3761898136553785,lumpy
22643,73,41,32,5.780821917808219,2.0,8.649416446825997,45.0,43.83561643835616,56.16438356164384,10.292682926829269,9.330712465934807,1.7804878048780488,0.8218118977561151,lumpy
20778,73,41,32,49.38356164383562,1.0,393.25061383497297,3363.0,43.83561643835616,56.16438356164384,87.92682926829268,524.2987407120058,1.7804878048780488,35.556156128508526,lumpy
22731,64,36,28,45.65625,2.5,77.374007930148,318.0,43.75,56.25,81.16666666666667,88.38277143037712,1.7777777777777777,1.1857136231367265,lumpy
84509C,103,58,45,2.6407766990291264,1.0,4.966267326225017,30.0,43.689320388349515,56.310679611650485,4.689655172413793,5.861581418108352,1.7758620689655173,1.5622401050203358,lumpy
85170C,103,58,45,5.233009708737864,1.0,12.7542410351325,96.0,43.689320388349515,56.310679611650485,9.293103448275861,15.896605199422412,1.7758620689655173,2.9260869930168414,lumpy
21415,103,58,45,3.0194174757281553,1.0,5.148730249950024,24.0,43.689320388349515,56.310679611650485,5.362068965517241,5.886941468607399,1.7758620689655173,1.2053540868227064,lumpy
22033,103,58,45,15.446601941747574,12.0,19.08891894726598,74.0,43.689320388349515,56.310679611650485,27.43103448275862,17.81987070361418,1.7758620689655173,0.42201192673979077,intermittent
21051,103,58,45,7.12621359223301,2.0,12.815186771684083,72.0,43.689320388349515,56.310679611650485,12.655172413793103,14.922668173230566,1.7758620689655173,1.3904546575326946,lumpy
21088,103,58,45,161.06796116504853,2.0,987.1789898904336,7128.0,43.689320388349515,56.310679611650485,286.0344827586207,1306.717367869515,1.7758620689655173,20.870196684897103,lumpy
21394,94,53,41,42.6063829787234,5.0,79.62117539777165,402.0,43.61702127659574,56.38297872340426,75.56603773584905,93.80554958037116,1.7735849056603774,1.5410039884601179,lumpy
84968F,101,57,44,2.910891089108911,1.0,6.4731738890609,43.0,43.56435643564357,56.43564356435643,5.157894736842105,7.939029883349842,1.7719298245614035,2.3691356280121374,lumpy
47587A,23,13,10,117.52173913043478,1.0,499.0520896081816,2401.0,43.47826086956522,56.52173913043478,207.92307692307693,660.4803127949716,1.7692307692307692,10.090539042431807,lumpy
85130A,76,43,33,8.973684210526315,2.0,12.650136952313233,50.0,43.421052631578945,56.578947368421055,15.86046511627907,13.188345134912254,1.7674418604651163,0.6914308770093466,lumpy
37474,53,30,23,1.169811320754717,1.0,1.6725826305516933,7.0,43.39622641509434,56.60377358490566,2.066666666666667,1.7603552410558057,1.7666666666666666,0.7255373353905771,lumpy
16169P,53,30,23,32.54716981132076,25.0,80.94764833324157,575.0,43.39622641509434,56.60377358490566,57.5,101.316761727251,1.7666666666666666,3.1047519718401677,lumpy
84620,53,30,23,2.188679245283019,1.0,3.019530043500051,12.0,43.39622641509434,56.60377358490566,3.8666666666666667,3.1043166090454437,1.7666666666666666,0.644552872196482,lumpy
20865,30,17,13,8.166666666666666,1.0,19.650538877112748,101.0,43.333333333333336,56.666666666666664,14.411764705882353,24.581646668626092,1.7647058823529411,2.90929404414827,lumpy
15058B,97,55,42,4.515463917525773,1.0,8.27535674213638,41.0,43.29896907216495,56.70103092783505,7.963636363636364,9.683823159085,1.7636363636363637,1.4786686250479748,lumpy
37423,67,38,29,91.92537313432835,1.0,505.61847256700884,2953.0,43.28358208955224,56.71641791044776,162.07894736842104,666.5933312556747,1.763157894736842,16.914871941407664,lumpy
21616,104,59,45,10.85576923076923,1.0,25.50667845887584,129.0,43.26923076923077,56.73076923076923,19.135593220338983,31.53074997583429,1.7627118644067796,2.7150931936508216,lumpy
70006,104,59,45,41.73076923076923,1.0,124.06968217237437,902.0,43.26923076923077,56.73076923076923,73.55932203389831,157.97056373397228,1.7627118644067796,4.611868336627413,lumpy
16225,104,59,45,13.538461538461538,1.0,43.52165470978922,354.0,43.26923076923077,56.73076923076923,23.864406779661017,55.794715368071294,1.7627118644067796,5.4661915502714,lumpy
16219,104,59,45,32.18269230769231,1.0,84.9135213337809,720.0,43.26923076923077,56.73076923076923,56.728813559322035,106.71470675695672,1.7627118644067796,3.5386788403864897,lumpy
22155,104,59,45,54.50961538461539,1.0,96.6728036968408,438.0,43.26923076923077,56.73076923076923,96.08474576271186,111.95061844488785,1.7627118644067796,1.357513332055328,lumpy
90161C,104,59,45,1.4903846153846154,1.0,2.1944112256671104,12.0,43.26923076923077,56.73076923076923,2.6271186440677967,2.3481342930281226,1.7627118644067796,0.7988890882342385,lumpy
21851,104,59,45,5.980769230769231,1.0,24.046872016365683,229.0,43.26923076923077,56.73076923076923,10.542372881355933,31.2726177647245,1.7627118644067796,8.79937299213629,lumpy
21000,104,59,45,1.7980769230769231,1.0,2.6342767017908746,14.0,43.26923076923077,56.73076923076923,3.169491525423729,2.8110161518499726,1.7627118644067796,0.786588318126104,lumpy
20783,37,21,16,4.081081081081081,1.0,8.988815205509502,36.0,43.24324324324324,56.75675675675676,7.190476190476191,11.043636392144787,1.7619047619047619,2.358896539625454,lumpy
44230,44,25,19,7.7727272727272725,1.5,13.689010422323985,68.0,43.18181818181818,56.81818181818182,13.68,15.860643114325471,1.76,1.3442170240415856,lumpy
90134,102,58,44,1.1470588235294117,1.0,1.6850951662377438,10.0,43.13725490196079,56.86274509803921,2.0172413793103448,1.8014748276756303,1.7586206896551724,0.7975183044908644,lumpy
21096,102,58,44,156.04901960784315,2.5,975.1830737232146,7008.0,43.13725490196079,56.86274509803921,274.4310344827586,1285.307651233046,1.7586206896551724,21.93551020451504,lumpy
84989a,65,37,28,1.1384615384615384,1.0,1.3905588251324883,5.0,43.07692307692308,56.92307692307692,2.0,1.2909944487358056,1.7567567567567568,0.41666666666666663,intermittent
10134,49,28,21,12.285714285714286,2.0,33.501243758005955,200.0,42.857142857142854,57.142857142857146,21.5,42.30620302999094,1.75,3.8719628227470304,lumpy
84933C,7,4,3,19.0,1.0,33.21144381083123,90.0,42.857142857142854,57.142857142857146,33.25,39.67681942898145,1.75,1.423935779297869,lumpy
16033,63,36,27,240.015873015873,120.0,518.1530628281349,2880.0,42.857142857142854,57.142857142857146,420.02777777777777,630.7356469625023,1.75,2.2549594041374075,lumpy
21764,14,8,6,1.2142857142857142,1.0,1.6723346844167577,6.0,42.857142857142854,57.142857142857146,2.125,1.7268882005337975,1.75,0.6604053386060308,lumpy
22833,14,8,6,8.571428571428571,1.0,20.675940256600317,72.0,42.857142857142854,57.142857142857146,15.0,26.14793081133354,1.75,3.03873015873016,lumpy
84899E,21,12,9,1.6666666666666667,1.0,2.8518999514943246,12.0,42.857142857142854,57.142857142857146,2.9166666666666665,3.287948609787881,1.75,1.2707977736549168,lumpy
47347B,14,8,6,17.142857142857142,1.0,40.85030297007909,147.0,42.857142857142854,57.142857142857146,30.0,51.558565867232126,1.75,2.953650793650793,lumpy
72755C,14,8,6,42.285714285714285,10.0,62.860564342444064,164.0,42.857142857142854,57.142857142857146,74.0,68.23698201331676,1.75,0.8503078367943235,lumpy
84562B,7,4,3,1.0,1.0,1.0,2.0,42.857142857142854,57.142857142857146,1.75,0.5,1.75,0.08163265306122448,intermittent
85166A,7,4,3,5.857142857142857,1.0,11.795883059053152,32.0,42.857142857142854,57.142857142857146,10.25,14.773286702694158,1.75,2.0773349196906605,lumpy
23579,7,4,3,8.571428571428571,1.0,16.37942960806982,45.0,42.857142857142854,57.142857142857146,15.0,20.199009876724155,1.75,1.8133333333333332,lumpy
84255B,14,8,6,4.0,1.0,6.287961636211018,19.0,42.857142857142854,57.142857142857146,7.0,7.030545599636732,1.75,1.008746355685131,lumpy
23064,28,16,12,7.892857142857143,1.0,23.46050942851631,100.0,42.857142857142854,57.142857142857146,13.8125,30.058207420492216,1.75,4.735671532796899,lumpy
20693,14,8,6,2.2142857142857144,1.5,2.516975334635768,6.0,42.857142857142854,57.142857142857146,3.875,2.100170061141308,1.75,0.2937416381745206,intermittent
84569A,103,59,44,5.407766990291262,1.0,6.96973414015125,26.0,42.71844660194175,57.28155339805825,9.440677966101696,6.833667128927844,1.7457627118644068,0.5239637883742104,lumpy
21695,103,59,44,6.067961165048544,3.0,8.863078445319596,45.0,42.71844660194175,57.28155339805825,10.59322033898305,9.454279534664668,1.7457627118644068,0.7965276689655172,lumpy
79144C,103,59,44,2.9320388349514563,1.0,5.045405861989949,26.0,42.71844660194175,57.28155339805825,5.11864406779661,5.777735941742866,1.7457627118644068,1.2741058695247798,lumpy
22092,103,59,44,9.029126213592233,1.0,16.007630723685338,77.0,42.71844660194175,57.28155339805825,15.76271186440678,18.511263098030668,1.7457627118644068,1.3791459646520823,lumpy
84569C,68,39,29,6.0,1.0,9.36968754954611,39.0,42.64705882352941,57.35294117647059,10.461538461538462,10.33859950264606,1.7435897435897436,0.9766350619195046,lumpy
84313B,68,39,29,3.323529411764706,1.0,6.43553840183633,32.0,42.64705882352941,57.35294117647059,5.794871794871795,7.637096055919517,1.7435897435897436,1.7368761103165156,lumpy
22777,40,23,17,11.375,3.0,22.694953126981723,109.0,42.5,57.5,19.782608695652176,27.18782568747726,1.7391304347826086,1.8887819872435256,lumpy
21897,73,42,31,11.616438356164384,1.0,40.81415540695352,342.0,42.465753424657535,57.534246575342465,20.19047619047619,52.42101519347039,1.7380952380952381,6.74089761567783,lumpy
22596,73,42,31,78.15068493150685,14.0,113.771050705753,407.0,42.465753424657535,57.534246575342465,135.83333333333334,121.26144233998696,1.7380952380952381,0.796953060094792,lumpy
21801,99,57,42,33.82828282828283,3.0,64.88514820222973,281.0,42.42424242424242,57.57575757575758,58.75438596491228,76.66142648540362,1.736842105263158,1.7024454638339512,lumpy
90042C,33,19,14,1.7878787878787878,1.0,2.724398738226195,11.0,42.42424242424242,57.57575757575758,3.1052631578947367,2.9794618612185895,1.736842105263158,0.9206166810303554,lumpy
21377,104,60,44,4.721153846153846,1.0,15.51288642573183,144.0,42.30769230769231,57.69230769230769,8.183333333333334,19.78142568825329,1.7333333333333334,5.843253048293285,lumpy
21739,104,60,44,4.413461538461538,1.0,6.595983739644299,39.0,42.30769230769231,57.69230769230769,7.65,7.125568665977426,1.7333333333333334,0.8675932985357652,lumpy
21284,104,60,44,13.51923076923077,1.0,36.76136130286029,325.0,42.30769230769231,57.69230769230769,23.433333333333334,46.075607233338815,1.7333333333333334,3.866108111606251,lumpy
22249,104,60,44,15.721153846153847,3.0,24.778026881320503,102.0,42.30769230769231,57.69230769230769,27.25,27.428566699454798,1.7333333333333334,1.0131487533863353,lumpy
21629,104,60,44,1.6346153846153846,1.0,2.095106143742465,11.0,42.30769230769231,57.69230769230769,2.8333333333333335,2.0515943916921295,1.7333333333333334,0.5243094246671749,lumpy
84247H,26,15,11,1.6153846153846154,1.0,2.6844280296096312,12.0,42.30769230769231,57.69230769230769,2.8,3.051931472737505,1.7333333333333334,1.188046647230321,lumpy
21427,104,60,44,4.788461538461538,1.0,13.635813123972632,96.0,42.30769230769231,57.69230769230769,8.3,17.174379815117003,1.7333333333333334,4.281598519870784,lumpy
22265,104,60,44,17.576923076923077,2.5,35.9937136657269,283.0,42.30769230769231,57.69230769230769,30.466666666666665,43.15500900544325,1.7333333333333334,2.006377002085118,lumpy
85071B,104,60,44,21.153846153846153,1.0,35.037779673959875,110.0,42.30769230769231,57.69230769230769,36.666666666666664,39.55672462776507,1.7333333333333334,1.1638520801232661,lumpy
21849,104,60,44,6.076923076923077,1.0,13.948373818771858,96.0,42.30769230769231,57.69230769230769,10.533333333333333,17.085494558068408,1.7333333333333334,2.6310157813692387,lumpy
22344,104,60,44,12.846153846153847,2.0,34.08435259557671,234.0,42.30769230769231,57.69230769230769,22.266666666666666,42.60057557766118,1.7333333333333334,3.660332334417737,lumpy
21455,97,56,41,9.22680412371134,2.0,15.56405123101468,76.0,42.2680412371134,57.7319587628866,15.982142857142858,17.68871347542224,1.7321428571428572,1.2249616088477544,lumpy
22592,71,41,30,27.140845070422536,4.0,59.11787154844556,446.0,42.25352112676056,57.74647887323944,47.0,71.82896351751151,1.7317073170731707,2.3356269805341783,lumpy
47504E,45,26,19,96.82222222222222,1.0,622.1139653299754,4177.0,42.22222222222222,57.77777777777778,167.57692307692307,817.822874372045,1.7307692307692308,23.817165974423297,lumpy
21681,64,37,27,3.0,1.0,5.656854249492381,34.0,42.1875,57.8125,5.1891891891891895,6.657651562249583,1.7297297297297298,1.6460503472222217,lumpy
22735,64,37,27,22.25,3.0,36.08499666242169,199.0,42.1875,57.8125,38.486486486486484,40.453417395554844,1.7297297297297298,1.1048260371077592,lumpy
22812,64,37,27,76.171875,2.5,115.08458651605535,393.0,42.1875,57.8125,131.75675675675674,125.10271455563702,1.7297297297297298,0.9015455516107829,lumpy
22177,38,22,16,8.289473684210526,3.0,19.369672442411506,119.0,42.10526315789474,57.89473684210526,14.318181818181818,23.88740724959963,1.7272727272727273,2.7833144968745867,lumpy
84908B,38,22,16,11.447368421052632,1.0,42.809254725875824,240.0,42.10526315789474,57.89473684210526,19.772727272727273,55.285347941110906,1.7272727272727273,7.8178429559166736,lumpy
84529A,19,11,8,2.6315789473684212,1.0,5.7077970679081655,24.0,42.10526315789474,57.89473684210526,4.545454545454546,7.005192879052458,1.7272727272727273,2.3751199999999986,lumpy
22389,88,51,37,6.818181818181818,2.0,15.152516163380414,106.0,42.04545454545455,57.95454545454545,11.764705882352942,18.44298049155192,1.7254901960784315,2.457537,lumpy
35653,88,51,37,3.5,1.0,5.195046269969733,28.0,42.04545454545455,57.95454545454545,6.03921568627451,5.596287284669097,1.7254901960784315,0.8586949738573116,lumpy
47591d,69,40,29,3.6666666666666665,1.0,7.210422739231823,34.0,42.028985507246375,57.971014492753625,6.325,8.567641868068904,1.725,1.8348541531218978,lumpy
84709B,81,47,34,2.111111111111111,1.0,3.4132096331752018,24.0,41.97530864197531,58.02469135802469,3.6382978723404253,3.8188635454685227,1.7234042553191489,1.1017213769231111,lumpy
45008C,31,18,13,2.6129032258064515,2.0,4.255799332321631,22.0,41.935483870967744,58.064516129032256,4.5,4.792764153940199,1.7222222222222223,1.1343500363108205,lumpy
21743,93,54,39,13.365591397849462,2.0,27.713905215784553,182.0,41.935483870967744,58.064516129032256,23.01851851851852,33.269335839444764,1.7222222222222223,2.0889763562117962,lumpy
84989A,103,60,43,20.524271844660195,1.0,77.13660465467004,752.0,41.74757281553398,58.25242718446602,35.233333333333334,98.79020171455396,1.7166666666666666,7.86176900522805,lumpy
46776A,103,60,43,3.737864077669903,1.0,15.972992626064924,159.0,41.74757281553398,58.25242718446602,6.416666666666667,20.581620619976277,1.7166666666666666,10.288218495130225,lumpy
85039C,103,60,43,5.174757281553398,1.0,14.164597669767838,107.0,41.74757281553398,58.25242718446602,8.883333333333333,17.70195016228502,1.7166666666666666,3.9709124336840977,lumpy
21696,103,60,43,7.097087378640777,5.0,9.222218017318653,46.0,41.74757281553398,58.25242718446602,12.183333333333334,9.166060586024223,1.7166666666666666,0.5660218466542285,lumpy
37492C,24,14,10,10.0,1.0,23.83275057562597,96.0,41.666666666666664,58.333333333333336,17.142857142857142,29.54750319493925,1.7142857142857142,2.9708119658119663,lumpy
23015,24,14,10,1.6666666666666667,1.0,2.200131748360749,8.0,41.666666666666664,58.333333333333336,2.857142857142857,2.213842564659669,1.7142857142857142,0.6003846153846152,lumpy
37485,12,7,5,3.5,1.0,8.73342586117998,31.0,41.666666666666664,58.333333333333336,6.0,11.060440015358038,1.7142857142857142,3.398148148148148,lumpy
23614,12,7,5,1.5,1.0,1.834021909257456,6.0,41.666666666666664,58.333333333333336,2.5714285714285716,1.7182493859684491,1.7142857142857142,0.4465020576131686,intermittent
51012C,12,7,5,12.583333333333334,2.0,20.75159723681018,56.0,41.666666666666664,58.333333333333336,21.571428571428573,23.733640982489693,1.7142857142857142,1.210517082584097,lumpy
18096C,12,7,5,8.75,2.5,18.271313830453167,65.0,41.666666666666664,58.333333333333336,15.0,22.420228961066986,1.7142857142857142,2.2340740740740745,lumpy
21278,84,49,35,32.833333333333336,2.0,183.79282688084265,1204.0,41.666666666666664,58.333333333333336,56.285714285714285,238.879415186826,1.7142857142857142,18.011964847071557,lumpy
37492D,24,14,10,14.916666666666666,1.0,37.74504478467474,156.0,41.666666666666664,58.333333333333336,25.571428571428573,47.193080140914866,1.7142857142857142,3.4060158498846427,lumpy
22408,89,52,37,6.898876404494382,1.0,13.940657464458722,69.0,41.57303370786517,58.42696629213483,11.807692307692308,16.62037311293802,1.7115384615384615,1.9813056736026113,lumpy
22867,65,38,27,173.27692307692308,4.0,269.7727925780964,1169.0,41.53846153846154,58.46153846153846,296.39473684210526,297.33387725946244,1.7105263157894737,1.00634713208662,lumpy
85071C,104,61,43,12.298076923076923,1.0,34.68355694676459,289.0,41.34615384615385,58.65384615384615,20.9672131147541,43.362029170352386,1.7049180327868851,4.27698547719491,lumpy
22345,104,61,43,11.692307692307692,2.0,31.35889242987829,230.0,41.34615384615385,58.65384615384615,19.934426229508198,39.00122598605459,1.7049180327868851,3.8277982393019947,lumpy
21684,104,61,43,16.057692307692307,1.5,54.20651394294004,408.0,41.34615384615385,58.65384615384615,27.37704918032787,68.76849180024873,1.7049180327868851,6.309656650770319,lumpy
22100,104,61,43,8.557692307692308,1.0,21.947787522826186,154.0,41.34615384615385,58.65384615384615,14.59016393442623,27.155955178180427,1.7049180327868851,3.464254765812398,lumpy
21818,104,61,43,39.01923076923077,2.5,74.40795196689258,373.0,41.34615384615385,58.65384615384615,66.52459016393442,87.43065948841536,1.7049180327868851,1.7272813871930772,lumpy
79302M,104,61,43,5.701923076923077,1.0,10.406196630119238,60.0,41.34615384615385,58.65384615384615,9.721311475409836,12.090121515161297,1.7049180327868851,1.5467196930272322,lumpy
20832,104,61,43,15.451923076923077,2.0,29.69779168923721,170.0,41.34615384615385,58.65384615384615,26.34426229508197,34.961352589157485,1.7049180327868851,1.7611825312587661,lumpy
22181,104,61,43,14.403846153846153,3.5,27.709841660848685,204.0,41.34615384615385,58.65384615384615,24.557377049180328,32.62847661688786,1.7049180327868851,1.7653451895213497,lumpy
84688,75,44,31,5.6,1.0,17.038906195067938,122.0,41.333333333333336,58.666666666666664,9.545454545454545,21.47302747846491,1.7045454545454546,5.060498866213154,lumpy
21632,46,27,19,2.847826086956522,1.0,7.083525146593005,36.0,41.30434782608695,58.69565217391305,4.851851851851852,8.760504480133479,1.7037037037037037,3.260191937891373,lumpy
22810,63,37,26,34.857142857142854,6.0,56.84581782865204,342.0,41.26984126984127,58.73015873015873,59.351351351351354,63.80535340489169,1.7027027027027026,1.1557210235607123,lumpy
22903,63,37,26,11.714285714285714,1.0,34.94670069407013,167.0,41.26984126984127,58.73015873015873,19.945945945945947,43.98354865802159,1.7027027027027026,4.862630350181852,lumpy
84569B,68,40,28,6.338235294117647,1.0,10.50317690975172,52.0,41.1764705882353,58.8235294117647,10.775,11.852701736799863,1.7,1.2100411902307888,lumpy
21898,73,43,30,10.972602739726028,2.0,45.01511246321733,382.0,41.0958904109589,58.9041095890411,18.627906976744185,57.68676635227196,1.697674418604651,9.590125030235003,lumpy
22642,73,43,30,12.904109589041095,3.0,21.30607919478594,99.0,41.0958904109589,58.9041095890411,21.906976744186046,24.00576711809097,1.697674418604651,1.2007878444042182,lumpy
22581,73,43,30,45.36986301369863,6.0,68.78256942660266,318.0,41.0958904109589,58.9041095890411,77.02325581395348,74.92837480589078,1.697674418604651,0.9463436681441698,lumpy
22579,73,43,30,97.97260273972603,6.0,177.1555321526774,813.0,41.0958904109589,58.9041095890411,166.32558139534885,205.33326232182978,1.697674418604651,1.524054557854239,lumpy
20730,39,23,16,56.46153846153846,1.0,227.79813849729769,1407.0,41.02564102564103,58.97435897435897,95.73913043478261,292.74612292926884,1.6956521739130435,9.349822085461224,lumpy
37492B,44,26,18,11.045454545454545,1.0,29.683567253698847,168.0,40.90909090909091,59.09090909090909,18.692307692307693,36.971090577119014,1.6923076923076923,3.9119985097122716,lumpy
23018,22,13,9,2.3181818181818183,1.0,3.6040501507578235,12.0,40.90909090909091,59.09090909090909,3.923076923076923,3.988766276714695,1.6923076923076923,1.033769063180828,lumpy
84932A,22,13,9,11.727272727272727,8.0,21.22034472630052,96.0,40.90909090909091,59.09090909090909,19.846153846153847,24.76841454300939,1.6923076923076923,1.557556136450133,lumpy
22608,93,55,38,60.17204301075269,36.0,112.70735708171827,864.0,40.86021505376344,59.13978494623656,101.74545454545455,131.65797695401102,1.690909090909091,1.674419689752715,lumpy
23224,27,16,11,26.74074074074074,12.0,44.3773960069006,204.0,40.74074074074074,59.25925925925926,45.125,50.28568384739339,1.6875,1.24180753677458,lumpy
23219,27,16,11,15.333333333333334,9.0,19.07273527235228,60.0,40.74074074074074,59.25925925925926,25.875,18.427786989579985,1.6875,0.5072074805324123,lumpy
22816,64,38,26,103.8125,7.5,136.76255347040737,407.0,40.625,59.375,174.8421052631579,138.1764493399828,1.6842105263157894,0.6245626411508292,lumpy
21002,96,57,39,4.34375,2.0,5.898845783621348,32.0,40.625,59.375,7.315789473684211,6.074413242495237,1.6842105263157894,0.6894237949825133,lumpy
20657,101,60,41,18.544554455445546,1.0,124.08315959488417,1212.0,40.59405940594059,59.40594059405941,31.216666666666665,160.29253888624658,1.6833333333333333,26.36656544880646,lumpy
22183,101,60,41,5.7227722772277225,2.0,8.008893571375745,34.0,40.59405940594059,59.40594059405941,9.633333333333333,8.390807453249902,1.6833333333333333,0.758672486509533,lumpy
22040,101,60,41,27.623762376237625,25.0,47.4372957671806,425.0,40.59405940594059,59.40594059405941,46.5,54.05035317152056,1.6833333333333333,1.351111424657696,lumpy
84990,74,44,30,53.7027027027027,5.5,127.9064008947778,961.0,40.54054054054054,59.45945945945946,90.31818181818181,156.17324499552186,1.6818181818181819,2.9899429094794945,lumpy
21360,79,47,32,5.10126582278481,1.0,21.45932045230198,188.0,40.50632911392405,59.49367088607595,8.574468085106384,27.3938621186596,1.6808510638297873,10.206859921823781,lumpy
82613A,84,50,34,5.7976190476190474,1.0,10.17649046175483,55.0,40.476190476190474,59.523809523809526,9.74,11.672066777445323,1.68,1.436076625287694,lumpy
21454,99,59,40,9.393939393939394,2.0,16.215901858926326,74.0,40.4040404040404,59.5959595959596,15.76271186440678,18.49821891058224,1.6779661016949152,1.3772029853959593,lumpy
85159B,99,59,40,6.646464646464646,1.0,11.030859432642451,63.0,40.4040404040404,59.5959595959596,11.152542372881356,12.428850696335292,1.6779661016949152,1.2419787868004633,lumpy
72122,104,62,42,5.336538461538462,2.0,8.593981385641857,60.0,40.38461538461539,59.61538461538461,8.951612903225806,9.582134023163293,1.6774193548387097,1.1458345008721615,lumpy
22313,104,62,42,9.173076923076923,1.0,28.77547577321021,257.0,40.38461538461539,59.61538461538461,15.387096774193548,36.068857117022525,1.6774193548387097,5.494793709956915,lumpy
21698,104,62,42,4.8173076923076925,1.0,8.583981947742176,38.0,40.38461538461539,59.61538461538461,8.080645161290322,9.88009820601749,1.6774193548387097,1.4949630205248357,lumpy
22130,104,62,42,89.78846153846153,6.0,212.98346136972145,1507.0,40.38461538461539,59.61538461538461,150.61290322580646,259.39092308390127,1.6774193548387097,2.9660959039571466,lumpy
21806,52,31,21,49.63461538461539,1.0,80.39608537103298,330.0,40.38461538461539,59.61538461538461,83.25806451612904,89.9736879100164,1.6774193548387097,1.1678267601242407,lumpy
21882,104,62,42,9.817307692307692,1.0,29.414270502359212,252.0,40.38461538461539,59.61538461538461,16.467741935483872,36.736865721156434,1.6774193548387097,4.976638517467066,lumpy
47563A,104,62,42,3.1153846153846154,1.0,5.951760272059997,30.0,40.38461538461539,59.61538461538461,5.225806451612903,6.971650684981305,1.6774193548387097,1.7797729254586834,lumpy
20616,102,61,41,2.7450980392156863,1.0,5.832117076521489,48.0,40.19607843137255,59.80392156862745,4.590163934426229,6.974661399619644,1.6721311475409837,2.3088188775510208,lumpy
90082C,5,3,2,0.6,1.0,0.5477225575051661,1.0,40.0,60.0,1.0,0.0,1.6666666666666667,0.0,intermittent
17091F,5,3,2,3.4,5.0,3.1304951684997055,6.0,40.0,60.0,5.666666666666667,0.5773502691896257,1.6666666666666667,0.01038062283737024,intermittent
72754B,5,3,2,30.2,36.0,30.695276509586943,72.0,40.0,60.0,50.333333333333336,19.087517736293876,1.6666666666666667,0.14380948204026137,intermittent
72740A,5,3,2,12.6,8.0,17.34358671094304,42.0,40.0,60.0,21.0,18.35755975068582,1.6666666666666667,0.764172335600907,lumpy
84798C,5,3,2,3.2,4.0,3.03315017762062,6.0,40.0,60.0,5.333333333333333,1.1547005383792517,1.6666666666666667,0.04687500000000002,intermittent
84838,5,3,2,10.0,2.0,19.60867155112758,45.0,40.0,60.0,16.666666666666668,24.54248017893329,1.6666666666666667,2.1683999999999997,lumpy
72799B,5,3,2,62.4,17.0,117.0867199984695,271.0,40.0,60.0,104.0,144.66858677681205,1.6666666666666667,1.9350036982248522,lumpy
79157V,5,3,2,1.0,1.0,1.0,2.0,40.0,60.0,1.6666666666666667,0.5773502691896257,1.6666666666666667,0.11999999999999997,intermittent
84279B,80,48,32,10.0625,5.0,18.565207523207135,148.0,40.0,60.0,16.770833333333332,21.550770913133363,1.6666666666666667,1.651263323010097,lumpy
84795A,35,21,14,5.914285714285715,2.0,8.77955991316806,40.0,40.0,60.0,9.857142857142858,9.498872113497024,1.6666666666666667,0.9286284394034864,lumpy
85035a,5,3,2,0.6,1.0,0.5477225575051661,1.0,40.0,60.0,1.0,0.0,1.6666666666666667,0.0,intermittent
22786,60,36,24,3.9,2.0,6.647798157208374,31.0,40.0,60.0,6.5,7.557399401532627,1.6666666666666667,1.3518174133558747,lumpy
23702,5,3,2,0.8,1.0,0.8366600265340756,2.0,40.0,60.0,1.3333333333333333,0.5773502691896257,1.6666666666666667,0.18749999999999997,intermittent
35824P,5,3,2,64.8,12.0,125.16868617989086,288.0,40.0,60.0,108.0,156.0,1.6666666666666667,2.0864197530864197,lumpy
21319,70,42,28,7.257142857142857,2.0,13.755300126623883,73.0,40.0,60.0,12.095238095238095,16.07726697410235,1.6666666666666667,1.7668334117156044,lumpy
84537B,15,9,6,7.4,4.0,9.693886143927449,25.0,40.0,60.0,12.333333333333334,9.797958971132713,1.6666666666666667,0.631117604090577,lumpy
37112,5,3,2,1.8,2.0,1.7888543819998317,4.0,40.0,60.0,3.0,1.0,1.6666666666666667,0.1111111111111111,intermittent
21768,50,30,20,9.82,2.5,29.635672106845995,207.0,40.0,60.0,16.366666666666667,37.055860286993685,1.6666666666666667,5.126173789922374,lumpy
23629,10,6,4,2.4,1.0,3.0623157540948935,9.0,40.0,60.0,4.0,3.03315017762062,1.6666666666666667,0.575,lumpy
21710,103,62,41,6.844660194174757,1.0,32.28359544617698,296.0,39.80582524271845,60.19417475728155,11.370967741935484,41.11488656689665,1.6612903225806452,13.07384518211226,lumpy
21644,103,62,41,10.242718446601941,4.0,15.625184560113128,71.0,39.80582524271845,60.19417475728155,17.016129032258064,17.061597118833074,1.6612903225806452,1.0053512562316338,lumpy
22101,103,62,41,18.02912621359223,3.0,67.10168700001975,648.0,39.80582524271845,60.19417475728155,29.951612903225808,84.65250616865744,1.6612903225806452,7.988021252928301,lumpy
20773,93,56,37,35.806451612903224,1.0,317.45024458017224,3064.0,39.784946236559136,60.215053763440864,59.464285714285715,408.82287626286785,1.6607142857142858,47.26699204364069,lumpy
85123a,78,47,31,6.3076923076923075,2.0,13.346829666173994,77.0,39.743589743589745,60.256410256410255,10.46808510638298,15.92762307088699,1.6595744680851063,2.315087709466701,lumpy
22578,73,44,29,170.02739726027397,16.0,325.97801445133024,1537.0,39.726027397260275,60.273972602739725,282.09090909090907,381.5484862468909,1.6590909090909092,1.8294531359859523,lumpy
84313C,73,44,29,7.506849315068493,1.0,26.532539397497487,186.0,39.726027397260275,60.273972602739725,12.454545454545455,33.402029283468686,1.6590909090909092,7.192666779833643,lumpy
18098c,53,32,21,5.339622641509434,2.0,7.340465810587267,33.0,39.62264150943396,60.37735849056604,8.84375,7.641606717556621,1.65625,0.7466145526005546,lumpy
21659,48,29,19,2.4583333333333335,1.0,3.5005065489569915,17.0,39.583333333333336,60.416666666666664,4.068965517241379,3.712248399196894,1.6551724137931034,0.8323501046497314,lumpy
85031A,71,43,28,6.577464788732394,1.0,16.420946529035913,125.0,39.436619718309856,60.563380281690144,10.86046511627907,20.044689826852064,1.6511627906976745,3.406448525056067,lumpy
21638,104,63,41,9.086538461538462,2.0,14.889959200373838,101.0,39.42307692307692,60.57692307692308,15.0,16.67913512107557,1.6507936507936507,1.2364157706093182,lumpy
22163,104,63,41,11.528846153846153,2.0,24.515482221621216,162.0,39.42307692307692,60.57692307692308,19.03174603174603,29.212220296378316,1.6507936507936507,2.3559814512667847,lumpy
72232,104,63,41,58.42307692307692,12.0,161.56057460937222,1344.0,39.42307692307692,60.57692307692308,96.44444444444444,199.08944154516834,1.6507936507936507,4.261299168218861,lumpy
16168M,104,63,41,15.971153846153847,1.0,60.296590048453396,576.0,39.42307692307692,60.57692307692308,26.365079365079364,75.90429066611358,1.6507936507936507,8.288472219580093,lumpy
21191,104,63,41,13.692307692307692,2.0,30.332166566261563,180.0,39.42307692307692,60.57692307692308,22.603174603174605,36.3839470462259,1.6507936507936507,2.5910795230675085,lumpy
22216,104,63,41,11.384615384615385,3.0,22.328660537614724,132.0,39.42307692307692,60.57692307692308,18.793650793650794,26.20647465562829,1.6507936507936507,1.94444158085723,lumpy
22113,104,63,41,52.95192307692308,5.5,83.15319583063777,391.0,39.42307692307692,60.57692307692308,87.41269841269842,91.79335750102402,1.6507936507936507,1.1027408334494586,lumpy
20654,104,63,41,3.769230769230769,1.0,5.7339573911657435,25.0,39.42307692307692,60.57692307692308,6.222222222222222,6.253887679764573,1.6507936507936507,1.010204081632653,lumpy
21770,104,63,41,28.28846153846154,13.5,79.66028271522985,684.0,39.42307692307692,60.57692307692308,46.698412698412696,98.32888115100047,1.6507936507936507,4.433614789477331,lumpy
21812,104,63,41,7.451923076923077,1.0,14.032472609202056,77.0,39.42307692307692,60.57692307692308,12.301587301587302,16.324961019204483,1.6507936507936507,1.7610918196770842,lumpy
21708,104,63,41,5.605769230769231,1.5,14.826778626899467,109.0,39.42307692307692,60.57692307692308,9.253968253968255,18.190717460862054,1.6507936507936507,3.8640580857564615,lumpy
72586,99,60,39,23.252525252525253,1.0,77.72942912257425,649.0,39.39393939393939,60.60606060606061,38.36666666666667,97.19017992290338,1.65,6.417067896311748,lumpy
22538,89,54,35,15.674157303370787,2.0,29.04885198830774,192.0,39.325842696629216,60.674157303370784,25.833333333333332,33.670293720805034,1.6481481481481481,1.6987634735829422,lumpy
84970s,79,48,31,4.594936708860759,1.0,6.278818661021686,24.0,39.24050632911393,60.75949367088607,7.5625,6.519712335384915,1.6458333333333333,0.7432348970466208,lumpy
21741,102,62,40,6.549019607843137,1.0,11.24755414642843,67.0,39.21568627450981,60.78431372549019,10.774193548387096,12.774743723763171,1.6451612903225807,1.4058366040080439,lumpy
22837,51,31,20,69.29411764705883,2.0,151.36806718956902,716.0,39.21568627450981,60.78431372549019,114.0,181.44089946866998,1.6451612903225807,2.533148661126501,lumpy
23023,23,14,9,11.652173913043478,6.0,14.75745942551265,48.0,39.130434782608695,60.869565217391305,19.142857142857142,14.633245304165039,1.6428571428571428,0.5843429237280875,lumpy
84507B,92,56,36,14.369565217391305,1.0,56.18410032633091,443.0,39.130434782608695,60.869565217391305,23.607142857142858,70.71625210436645,1.6428571428571428,8.973288160476692,lumpy
22733,64,39,25,53.21875,7.5,76.85225337754483,305.0,39.0625,60.9375,87.33333333333333,82.06234258279153,1.641025641025641,0.882932996788925,lumpy
22818,64,39,25,96.640625,11.5,127.06196053688211,389.0,39.0625,60.9375,158.5897435897436,129.16364934876384,1.641025641025641,0.6633311924162764,lumpy
20855,41,25,16,3.4146341463414633,2.0,5.333739821907782,29.0,39.02439024390244,60.97560975609756,5.6,5.8878405775518985,1.64,1.1054421768707487,lumpy
21726,100,61,39,9.96,2.0,15.880818745908668,106.0,39.0,61.0,16.327868852459016,17.618854778783067,1.639344262295082,1.1643843110057364,lumpy
21421,77,47,30,22.727272727272727,6.0,44.30713271663353,196.0,38.96103896103896,61.03896103896104,37.234042553191486,51.87996713399341,1.6382978723404256,1.9414177817213845,lumpy
84510a,54,33,21,1.3888888888888888,1.0,1.6067859242255356,6.0,38.888888888888886,61.111111111111114,2.272727272727273,1.4847711791873706,1.6363636363636365,0.42679999999999996,intermittent
37506,36,22,14,0.8055555555555556,1.0,0.8218253010201289,3.0,38.888888888888886,61.111111111111114,1.3181818181818181,0.6463349888014092,1.6363636363636365,0.24041673744408584,intermittent
22575,72,44,28,43.22222222222222,8.5,75.8804141112606,345.0,38.888888888888886,61.111111111111114,70.72727272727273,86.69791543760563,1.6363636363636365,1.502600355351161,lumpy
37464,54,33,21,5.648148148148148,1.0,10.631312610712499,59.0,38.888888888888886,61.111111111111114,9.242424242424242,12.36686677939865,1.6363636363636365,1.7903896801934964,lumpy
20762,103,63,40,4.427184466019417,1.0,11.623675924381686,97.0,38.83495145631068,61.16504854368932,7.238095238095238,14.19872130284783,1.6349206349206349,3.8481313108748116,lumpy
85035C,103,63,40,13.145631067961165,1.0,44.82480225714294,378.0,38.83495145631068,61.16504854368932,21.49206349206349,55.88636887755801,1.6349206349206349,6.761694673617678,lumpy
85124B,103,63,40,3.4271844660194173,1.0,5.8016257723929066,42.0,38.83495145631068,61.16504854368932,5.603174603174603,6.5563062046908085,1.6349206349206349,1.3691472085975258,lumpy
17096,85,52,33,73.4,1.0,242.92871774403673,1729.0,38.8235294117647,61.1764705882353,119.98076923076923,302.4925531661322,1.6346153846153846,6.356324948238188,lumpy
84509F,49,30,19,56.734693877551024,2.0,380.8211399676474,2668.0,38.775510204081634,61.224489795918366,92.66666666666667,486.41179753538995,1.6333333333333333,27.552506741815673,lumpy
90104,44,27,17,2.9318181818181817,1.0,4.617447836663984,19.0,38.63636363636363,61.36363636363637,4.777777777777778,5.1090668524265865,1.6296296296296295,1.1434871240171405,lumpy
22268,101,62,39,25.287128712871286,3.0,39.325904092255364,163.0,38.613861386138616,61.386138613861384,41.193548387096776,43.23547371317375,1.6290322580645162,1.1015952042930732,lumpy
18094C,96,59,37,4.427083333333333,2.0,5.776075505532631,24.0,38.541666666666664,61.458333333333336,7.203389830508475,5.856854696133321,1.6271186440677967,0.6610815893091516,lumpy
17012C,96,59,37,8.8125,1.0,29.3918400777817,192.0,38.541666666666664,61.458333333333336,14.338983050847459,36.52897299286555,1.6271186440677967,6.48990323844499,lumpy
23072,26,16,10,12.846153846153847,1.0,47.337674051598526,240.0,38.46153846153846,61.53846153846154,20.875,59.63206631782378,1.625,8.16031171190553,lumpy
22104,104,64,40,11.307692307692308,1.0,57.719791312737435,576.0,38.46153846153846,61.53846153846154,18.375,72.90361107610862,1.625,15.741401106387917,lumpy
20617,104,64,40,4.759615384615385,1.0,19.836954428935996,200.0,38.46153846153846,61.53846153846154,7.734375,24.89931610426916,1.625,10.363928008641818,lumpy
47579,52,32,20,3.3846153846153846,1.0,5.114967832508999,25.0,38.46153846153846,61.53846153846154,5.5,5.570660469326428,1.625,1.025859770727806,lumpy
16239,13,8,5,26.46153846153846,1.0,80.67177881660909,294.0,38.46153846153846,61.53846153846154,43.0,101.70405245472908,1.625,5.594220814339797,lumpy
85124a,13,8,5,0.7692307692307693,1.0,0.7250110520819842,2.0,38.46153846153846,61.53846153846154,1.25,0.46291004988627577,1.625,0.13714285714285718,intermittent
84030E,104,64,40,19.682692307692307,3.0,32.256034107906466,133.0,38.46153846153846,61.53846153846154,31.984375,36.0742145906648,1.625,1.2720905647745335,lumpy
85114C,104,64,40,10.471153846153847,4.0,17.35296439842469,86.0,38.46153846153846,61.53846153846154,17.015625,19.47280740352051,1.625,1.3096683291746873,lumpy
17109C,13,8,5,239.69230769230768,2.0,690.2736636792908,2520.0,38.46153846153846,61.53846153846154,389.5,866.1022704375868,1.625,4.944511942054954,lumpy
84402D,13,8,5,25.307692307692307,6.0,32.96812757645535,104.0,38.46153846153846,61.53846153846154,41.125,33.463999846316725,1.625,0.6621309326938432,lumpy
21401,104,64,40,13.51923076923077,2.0,22.75704554050539,151.0,38.46153846153846,61.53846153846154,21.96875,25.65396640021757,1.625,1.3636356599596846,lumpy
82615,52,32,20,9.653846153846153,1.0,24.272056567482764,161.0,38.46153846153846,61.53846153846154,15.6875,29.521383720520173,1.625,3.5413262769510565,lumpy
22261,104,64,40,20.134615384615383,2.0,54.53849761572764,367.0,38.46153846153846,61.53846153846154,32.71875,66.66868300522214,1.625,4.151933082740986,lumpy
22785,60,37,23,4.833333333333333,2.0,11.501166730301412,79.0,38.333333333333336,61.666666666666664,7.837837837837838,13.877466774742576,1.6216216216216217,3.134929977539966,lumpy
22248,102,63,39,9.901960784313726,1.5,15.606871933952796,76.0,38.23529411764706,61.76470588235294,16.03174603174603,17.231786320791805,1.619047619047619,1.1553111175058741,lumpy
21618,102,63,39,6.588235294117647,2.0,12.781757530474867,59.0,38.23529411764706,61.76470588235294,10.666666666666666,14.897499248899722,1.619047619047619,1.950604838709678,lumpy
22516,89,55,34,9.314606741573034,1.0,27.52585375837925,217.0,38.20224719101124,61.79775280898876,15.072727272727272,33.85746514622656,1.6181818181818182,5.045743832275778,lumpy
21662,89,55,34,2.8876404494382024,1.0,6.079844126005786,51.0,38.20224719101124,61.79775280898876,4.672727272727273,7.19324411811256,1.6181818181818182,2.3697838249156207,lumpy
22336,97,60,37,44.134020618556704,3.0,103.99836025009195,596.0,38.144329896907216,61.855670103092784,71.35,124.99434902480829,1.6166666666666667,3.068971131508827,lumpy
84405A,42,26,16,3.0,1.0,6.843191382146412,30.0,38.095238095238095,61.904761904761905,4.846153846153846,8.21555747441308,1.6153846153846154,2.8739531368102806,lumpy
75149N,21,13,8,11.428571428571429,11.0,13.887301496588274,54.0,38.095238095238095,61.904761904761905,18.46153846153846,13.445044840729643,1.6153846153846154,0.5303819444444445,lumpy
85078,100,62,38,22.34,2.0,43.73894550095319,302.0,38.0,62.0,36.03225806451613,51.023610009721125,1.6129032258064515,2.005207897212826,lumpy
85093,100,62,38,13.61,2.0,29.788783395124018,208.0,38.0,62.0,21.951612903225808,35.412523217565074,1.6129032258064515,2.6024408845115645,lumpy
72803A,100,62,38,7.23,1.0,40.753225069132306,408.0,38.0,62.0,11.661290322580646,51.40930053904966,1.6129032258064515,19.435251924570263,lumpy
35969,50,31,19,9.18,2.0,17.34369261343696,66.0,38.0,62.0,14.806451612903226,20.13027463770048,1.6129032258064515,1.8484062002110615,lumpy
21043,79,49,30,8.569620253164556,1.0,18.160737831153565,112.0,37.9746835443038,62.0253164556962,13.816326530612244,21.492899476132962,1.6122448979591837,2.419941333990795,lumpy
84932C,29,18,11,9.620689655172415,8.0,11.85752863043876,48.0,37.93103448275862,62.06896551724138,15.5,11.622746460889426,1.6111111111111112,0.562281936708086,lumpy
22241,103,64,39,41.640776699029125,2.0,81.9067923598827,400.0,37.86407766990291,62.13592233009709,67.015625,95.573206743429,1.609375,2.0338558620993785,lumpy
21802,103,64,39,41.66019417475728,3.0,71.98019245489887,302.0,37.86407766990291,62.13592233009709,67.046875,81.6052110239894,1.609375,1.4814217044134568,lumpy
21289,103,64,39,13.70873786407767,1.0,29.563700273842443,176.0,37.86407766990291,62.13592233009709,22.0625,35.040509436754796,1.609375,2.5225011773334933,lumpy
84849A,103,64,39,4.563106796116505,1.0,10.737208443312884,96.0,37.86407766990291,62.13592233009709,7.34375,12.880671812805666,1.609375,3.0763890864932066,lumpy
22446,90,56,34,5.911111111111111,2.5,7.995285752065308,39.0,37.77777777777778,62.22222222222222,9.5,8.29019135649309,1.6071428571428572,0.7615210274490054,lumpy
47367B,98,61,37,2.4693877551020407,1.0,4.423936954568052,25.0,37.755102040816325,62.244897959183675,3.9672131147540983,5.0595362538304975,1.6065573770491803,1.6264861234432992,lumpy
21769,53,33,20,2.2830188679245285,1.0,6.004412987675002,34.0,37.735849056603776,62.264150943396224,3.6666666666666665,7.304393654963199,1.606060606060606,3.9684917355371887,lumpy
21641,93,58,35,17.827956989247312,1.0,59.68734183332815,542.0,37.634408602150536,62.365591397849464,28.586206896551722,73.73733241972816,1.603448275862069,6.653677990383975,lumpy
47585A,104,65,39,10.423076923076923,2.0,37.851188514946585,360.0,37.5,62.5,16.676923076923078,46.902527814443175,1.6,7.909711590341226,lumpy
72799E,104,65,39,9.625,2.0,25.8784265589129,246.0,37.5,62.5,15.4,31.42391605131353,1.6,4.163697503794907,lumpy
72801F,8,5,3,19.0,4.0,26.038433132583073,64.0,37.5,62.5,30.4,27.44631122755843,1.6,0.8151185941828254,lumpy
22280,104,65,39,8.26923076923077,2.0,16.17575242122698,120.0,37.5,62.5,13.23076923076923,18.826319036432437,1.6,2.0246997954975665,lumpy
21693,104,65,39,8.201923076923077,6.0,10.821032924237105,54.0,37.5,62.5,13.123076923076923,11.084205672244419,1.6,0.7134077162322069,lumpy
84705D,16,10,6,1.1875,1.0,1.6007810593582121,6.0,37.5,62.5,1.9,1.66332999331662,1.6,0.7663896583564175,lumpy
84625B,16,10,6,9.5,4.0,10.966616007988366,26.0,37.5,62.5,15.2,10.206751578135806,1.6,0.450907971683595,intermittent
16011,104,65,39,36.18269230769231,24.0,49.634540984082065,216.0,37.5,62.5,57.89230769230769,51.84957903545454,1.6,0.8021373632616957,lumpy
72753A,8,5,3,17.25,8.5,25.200623575051246,70.0,37.5,62.5,27.6,27.464522570035694,1.6,0.9902068893089687,lumpy
22954,56,35,21,4.25,1.0,6.603717961049738,32.0,37.5,62.5,6.8,7.25907140390965,1.6,1.1395786688377774,lumpy
20748,104,65,39,15.307692307692308,1.0,91.64495408999247,915.0,37.5,62.5,24.49230769230769,115.27509529882785,1.6,22.15192979413004,lumpy
23463,8,5,3,1.25,1.0,1.3887301496588271,4.0,37.5,62.5,2.0,1.224744871391589,1.6,0.37499999999999994,intermittent
20771,104,65,39,5.625,1.0,15.176749911100123,132.0,37.5,62.5,9.0,18.43485150469078,1.6,4.19560185185185,lumpy
23040,32,20,12,7.40625,2.5,21.61071922643647,123.0,37.5,62.5,11.85,26.581107259816974,1.6,5.031638541956557,lumpy
22580,72,45,27,31.569444444444443,5.5,45.24232917283089,172.0,37.5,62.5,50.51111111111111,48.21194788838052,1.6,0.9110359462539813,lumpy
22255,104,65,39,11.096153846153847,2.0,16.4891957747032,97.0,37.5,62.5,17.753846153846155,17.819433535846798,1.6,1.0074021741497432,lumpy
21620,104,65,39,9.35576923076923,2.0,20.721415341898616,150.0,37.5,62.5,14.96923076923077,24.6106996743599,1.6,2.7030181023291777,lumpy
84510C,104,65,39,2.5576923076923075,1.0,4.292298189672575,22.0,37.5,62.5,4.092307692307692,4.824167923470964,1.6,1.3896590925151224,lumpy
82076,8,5,3,36.0,38.5,33.144704382018986,83.0,37.5,62.5,57.6,19.16507239746305,1.6,0.11070722415123457,intermittent
84012,104,65,39,16.53846153846154,2.0,29.148072952314667,159.0,37.5,62.5,26.46153846153846,33.176175997937946,1.6,1.5718911616076259,lumpy
84356,104,65,39,6.846153846153846,2.0,15.736155407380412,125.0,37.5,62.5,10.953846153846154,18.78366209072293,1.6,2.9405411396525074,lumpy
85130D,104,65,39,7.519230769230769,1.0,19.944087266111413,168.0,37.5,62.5,12.03076923076923,24.187399373672616,1.6,4.041955783828599,lumpy
21580,104,65,39,5.096153846153846,2.0,8.270334434919905,47.0,37.5,62.5,8.153846153846153,9.206367988433959,1.6,1.2748281194375226,lumpy
20689,32,20,12,13.40625,1.0,59.473962519256574,338.0,37.5,62.5,21.45,74.76311713813521,1.6,12.14843145649182,lumpy
85086A,88,55,33,6.625,3.0,8.311897718220607,38.0,37.5,62.5,10.6,8.269981414283384,1.6,0.6086916393075169,lumpy
23142,32,20,12,3.78125,1.5,10.841183053523263,62.0,37.5,62.5,6.05,13.315898688963385,1.6,4.844290906215061,lumpy
20888,16,10,6,22.75,4.0,65.24466772592736,265.0,37.5,62.5,36.4,80.88702684059486,1.6,4.938044251231065,lumpy
85017C,75,47,28,13.8,3.0,39.156650051341764,302.0,37.333333333333336,62.666666666666664,22.02127659574468,47.765500266679716,1.5957446808510638,4.704827204125308,lumpy
22689,75,47,28,14.56,2.0,30.766004404651362,229.0,37.333333333333336,62.666666666666664,23.23404255319149,36.28762680845159,1.5957446808510638,2.4393132349415207,lumpy
21318,75,47,28,12.96,2.0,36.887498797933794,284.0,37.333333333333336,62.666666666666664,20.680851063829788,45.00874619496252,1.5957446808510638,4.736494267472776,lumpy
21717,67,42,25,23.104477611940297,4.0,35.181836880894735,158.0,37.3134328358209,62.6865671641791,36.857142857142854,38.38290487651477,1.5952380952380953,1.084506970002096,lumpy
22291,102,64,38,31.274509803921568,6.0,84.21508964558998,793.0,37.254901960784316,62.745098039215684,49.84375,102.12616205552071,1.59375,4.198098307846444,lumpy
21198,102,64,38,12.431372549019608,1.5,24.24891946308453,144.0,37.254901960784316,62.745098039215684,19.8125,28.1801883576568,1.59375,2.0230621467373746,lumpy
21732,43,27,16,19.58139534883721,3.0,64.9385176470569,354.0,37.2093023255814,62.7906976744186,31.185185185185187,80.22661990455875,1.5925925925925926,6.6182068266024565,lumpy
79030G,78,49,29,22.21794871794872,6.0,57.38854753298247,302.0,37.17948717948718,62.82051282051282,35.36734693877551,69.34325666492713,1.5918367346938775,3.8441781243829682,lumpy
23187,35,22,13,66.8,48.0,81.88435173354877,288.0,37.142857142857146,62.857142857142854,106.27272727272727,80.38134219556285,1.5909090909090908,0.5720932918123531,lumpy
22048,100,63,37,27.4,25.0,32.80243893371345,200.0,37.0,63.0,43.492063492063494,31.732690489041783,1.5873015873015872,0.5323457176297908,lumpy
22576,73,46,27,41.83561643835616,12.0,59.02424494755198,279.0,36.986301369863014,63.013698630136986,66.3913043478261,62.51132457789621,1.5869565217391304,0.8865331929892172,lumpy
21488,65,41,24,35.01538461538462,5.0,66.56258622240713,322.0,36.92307692307692,63.07692307692308,55.51219512195122,76.95879480319955,1.5853658536585367,1.9219395055303132,lumpy
22031,103,65,38,10.436893203883495,11.0,12.644978777855039,48.0,36.89320388349515,63.10679611650485,16.53846153846154,12.342858414733348,1.5846153846153845,0.5569821525148727,lumpy
21943,103,65,38,5.718446601941747,1.0,10.497821880274204,77.0,36.89320388349515,63.10679611650485,9.061538461538461,12.036243344422454,1.5846153846153845,1.7643227853027057,lumpy
20765,103,65,38,3.9611650485436893,1.0,11.83375226827914,113.0,36.89320388349515,63.10679611650485,6.276923076923077,14.436831902623766,1.5846153846153845,5.28993318375144,lumpy
85131B,103,65,38,9.067961165048544,3.0,14.941232681331647,96.0,36.89320388349515,63.10679611650485,14.36923076923077,16.686043223650675,1.5846153846153845,1.3484650331974566,lumpy
77101A,68,43,25,15.897058823529411,2.0,40.7277600535748,290.0,36.76470588235294,63.23529411764706,25.13953488372093,49.073599436797764,1.5813953488372092,3.810494600583436,lumpy
35471A,49,31,18,7.8979591836734695,2.0,19.562128482051723,97.0,36.734693877551024,63.265306122448976,12.483870967741936,23.518603937793497,1.5806451612903225,3.5491514710431846,lumpy
23047,30,19,11,1.9333333333333333,2.0,2.1644993581113323,8.0,36.666666666666664,63.333333333333336,3.0526315789473686,1.985326287499427,1.5789473684210527,0.4229752939622143,intermittent
62096A,60,38,22,6.383333333333334,4.5,9.70600315140796,52.0,36.666666666666664,63.333333333333336,10.078947368421053,10.581425794050293,1.5789473684210527,1.102193959531592,lumpy
22869,60,38,22,2.783333333333333,1.0,6.780059663420967,49.0,36.666666666666664,63.333333333333336,4.394736842105263,8.125832925902863,1.5789473684210527,3.4187711322782515,lumpy
20801,71,45,26,15.380281690140846,2.0,34.48244530489726,156.0,36.61971830985915,63.38028169014085,24.266666666666666,40.87920120194487,1.5777777777777777,2.837818088504902,lumpy
22124,104,66,38,2.394230769230769,1.0,3.939883861160429,24.0,36.53846153846154,63.46153846153846,3.772727272727273,4.395086258173235,1.5757575757575757,1.3571379121676688,lumpy
20622,104,66,38,5.394230769230769,1.0,20.574948604605336,200.0,36.53846153846154,63.46153846153846,8.5,25.377306640139967,1.5757575757575757,8.913601277615115,lumpy
85183A,104,66,38,13.89423076923077,1.0,34.43860958968147,288.0,36.53846153846154,63.46153846153846,21.893939393939394,41.249756656766166,1.5757575757575757,3.549727038708828,lumpy
21167,104,66,38,21.14423076923077,3.5,29.588248214658595,150.0,36.53846153846154,63.46153846153846,33.31818181818182,31.231719128480254,1.5757575757575757,0.8786768673555856,lumpy
20659,104,66,38,3.25,2.0,4.246643448951685,18.0,36.53846153846154,63.46153846153846,5.121212121212121,4.341269404980536,1.5757575757575757,0.718601212519493,lumpy
84673B,104,66,38,4.8173076923076925,1.0,10.703201973565225,74.0,36.53846153846154,63.46153846153846,7.590909090909091,12.655162853679395,1.5757575757575757,2.7793797940737583,lumpy
21944,104,66,38,16.596153846153847,1.5,69.37621080630002,577.0,36.53846153846154,63.46153846153846,26.151515151515152,85.86684547318104,1.5757575757575757,10.780956779887454,lumpy
85212,104,66,38,26.98076923076923,12.0,62.92359070621848,564.0,36.53846153846154,63.46153846153846,42.515151515151516,74.85642512359499,1.5757575757575757,3.1000643119939473,lumpy
22075,104,66,38,24.923076923076923,1.5,47.52509655004514,274.0,36.53846153846154,63.46153846153846,39.27272727272727,54.83472943716923,1.5757575757575757,1.9495271446660345,lumpy
20777,104,66,38,34.88461538461539,1.0,313.51249360194697,3200.0,36.53846153846154,63.46153846153846,54.96969696969697,393.23138499428313,1.5757575757575757,51.17403479958786,lumpy
22232,104,66,38,10.221153846153847,2.0,15.086132467616427,75.0,36.53846153846154,63.46153846153846,16.106060606060606,16.260503150393678,1.5757575757575757,1.0192701406308153,lumpy
21402,104,66,38,16.16346153846154,3.0,26.053011892641475,121.0,36.53846153846154,63.46153846153846,25.46969696969697,28.89462004593706,1.5757575757575757,1.287023332285193,lumpy
20772,104,66,38,9.23076923076923,3.0,23.80023283284608,185.0,36.53846153846154,63.46153846153846,14.545454545454545,28.620155253130395,1.5757575757575757,3.8715901442307725,lumpy
20735,104,66,38,14.451923076923077,2.0,33.75464867163457,236.0,36.53846153846154,63.46153846153846,22.772727272727273,40.16305054861532,1.5757575757575757,3.110450494680836,lumpy
23136,33,21,12,3.9696969696969697,3.0,4.824966635149204,22.0,36.36363636363637,63.63636363636363,6.238095238095238,4.731857583494688,1.5714285714285714,0.5753860497639998,lumpy
23060,33,21,12,6.9393939393939394,3.0,8.989366614017483,36.0,36.36363636363637,63.63636363636363,10.904761904761905,9.159174427342029,1.5714285714285714,0.7054728170706126,lumpy
84653,11,7,4,1.2727272727272727,1.0,1.1908743922772955,3.0,36.36363636363637,63.63636363636363,2.0,0.8164965809277263,1.5714285714285714,0.16666666666666677,intermittent
21157,99,63,36,6.797979797979798,2.0,10.598401687335608,55.0,36.36363636363637,63.63636363636363,10.682539682539682,11.635354073414462,1.5714285714285714,1.1863427430305074,lumpy
23607,11,7,4,0.7272727272727273,1.0,0.6466697906828632,2.0,36.36363636363637,63.63636363636363,1.1428571428571428,0.3779644730092272,1.5714285714285714,0.10937500000000001,intermittent
23139,33,21,12,11.575757575757576,2.0,43.09149445005817,250.0,36.36363636363637,63.63636363636363,18.19047619047619,53.335371984846084,1.5714285714285714,8.596912776513802,lumpy
21417,102,65,37,3.5,1.0,5.7294618135796425,36.0,36.27450980392157,63.72549019607843,5.492307692307692,6.3789768892704215,1.5692307692307692,1.3489390854380963,lumpy
47593A,69,44,25,4.391304347826087,1.0,8.221595292643043,44.0,36.231884057971016,63.768115942028984,6.886363636363637,9.450522094820657,1.5681818181818181,1.8833528759277025,lumpy
85017A,69,44,25,15.927536231884059,6.0,40.50247590129148,289.0,36.231884057971016,63.768115942028984,24.977272727272727,48.609736146197704,1.5681818181818181,3.787533611680177,lumpy
22442,89,57,32,7.752808988764045,2.0,33.36822144267194,312.0,35.95505617977528,64.04494382022472,12.105263157894736,41.183250847595076,1.5614035087719298,11.574247907102356,lumpy
22732,64,41,23,58.34375,6.5,93.92165237959928,426.0,35.9375,64.0625,91.07317073170732,104.10676977120711,1.5609756097560976,1.3067034236272943,lumpy
84913B,103,66,37,4.067961165048544,2.0,4.674214070295417,18.0,35.922330097087375,64.07766990291262,6.348484848484849,4.425424531542966,1.5606060606060606,0.48592551438399867,intermittent
22252,103,66,37,9.16504854368932,4.0,14.244432753128667,97.0,35.922330097087375,64.07766990291262,14.303030303030303,15.613573677530809,1.5606060606060606,1.1916494486553375,lumpy
21192,103,66,37,20.766990291262136,3.0,43.14549118367175,288.0,35.922330097087375,64.07766990291262,32.40909090909091,50.379170687505756,1.5606060606060606,2.416397235381871,lumpy
23186,39,25,14,49.43589743589744,24.0,67.26608391963919,318.0,35.8974358974359,64.1025641025641,77.12,70.286508899883,1.56,0.8306343816537822,lumpy
85124C,98,63,35,4.346938775510204,2.0,7.433695977985658,43.0,35.714285714285715,64.28571428571428,6.761904761904762,8.358334233091767,1.5555555555555556,1.527922647196217,lumpy
84251F,42,27,15,7.761904761904762,1.5,9.948181654684987,38.0,35.714285714285715,64.28571428571428,12.074074074074074,10.09922284110525,1.5555555555555556,0.6996297014739561,lumpy
23005,42,27,15,111.33333333333333,78.0,142.15324377391872,609.0,35.714285714285715,64.28571428571428,173.1851851851852,144.02057466183757,1.5555555555555556,0.6915563959457354,lumpy
22603,73,47,26,55.917808219178085,13.0,88.81765862720242,612.0,35.61643835616438,64.38356164383562,86.85106382978724,97.99156545855146,1.553191489361702,1.2729961982415257,lumpy
90062,73,47,26,2.506849315068493,1.0,3.480594168909291,19.0,35.61643835616438,64.38356164383562,3.893617021276596,3.666736747010602,1.553191489361702,0.8868557748358643,lumpy
20803,73,47,26,15.73972602739726,2.0,40.56408763277503,214.0,35.61643835616438,64.38356164383562,24.4468085106383,48.55915644217451,1.553191489361702,3.945462553577563,lumpy
21222,104,67,37,5.903846153846154,2.0,7.372896087289285,30.0,35.57692307692308,64.42307692307692,9.164179104477611,7.382610638942259,1.5522388059701493,0.6489822092799314,lumpy
21709,104,67,37,6.596153846153846,1.0,30.5075254859694,300.0,35.57692307692308,64.42307692307692,10.238805970149254,37.611285198863754,1.5522388059701493,13.493907274772397,lumpy
21379,104,67,37,5.9423076923076925,2.0,19.39413730004879,192.0,35.57692307692308,64.42307692307692,9.223880597014926,23.585319583679908,1.5522388059701493,6.53816965964671,lumpy
85169A,104,67,37,11.990384615384615,3.0,25.073288766322072,170.0,35.57692307692308,64.42307692307692,18.611940298507463,29.257454488521326,1.5522388059701493,2.471096893388339,lumpy
21426,104,67,37,9.817307692307692,1.0,30.47448858991775,264.0,35.57692307692308,64.42307692307692,15.238805970149254,36.95209411060152,1.5522388059701493,5.879985185121877,lumpy
21747,104,67,37,19.682692307692307,4.5,47.61521834375879,310.0,35.57692307692308,64.42307692307692,30.55223880597015,56.578259981087804,1.5522388059701493,3.429360126587162,lumpy
22254,104,67,37,12.951923076923077,3.0,24.870296474937863,202.0,35.57692307692308,64.42307692307692,20.104477611940297,28.623541025864352,1.5522388059701493,2.027034464532295,lumpy
84843,104,67,37,2.673076923076923,1.5,4.895891496696333,36.0,35.57692307692308,64.42307692307692,4.149253731343284,5.584756665281177,1.5522388059701493,1.8116259118277651,lumpy
16016,104,67,37,21.384615384615383,10.0,45.203597178862736,320.0,35.57692307692308,64.42307692307692,33.19402985074627,52.82941065811679,1.5522388059701493,2.532978896068887,lumpy
21354,104,67,37,23.653846153846153,12.0,54.357280705035315,385.0,35.57692307692308,64.42307692307692,36.71641791044776,64.22045505584867,1.5522388059701493,3.0593287525262536,lumpy
22233,104,67,37,9.076923076923077,2.0,13.237701607102556,63.0,35.57692307692308,64.42307692307692,14.08955223880597,14.204919488517353,1.5522388059701493,1.0164433289915824,lumpy
46776B,104,67,37,3.9615384615384617,1.0,15.54631231953001,156.0,35.57692307692308,64.42307692307692,6.149253731343284,19.0662749467151,1.5522388059701493,9.613618332919163,lumpy
22448,90,58,32,8.066666666666666,3.5,25.95925935128766,244.0,35.55555555555556,64.44444444444444,12.517241379310345,31.551818352977858,1.5517241379310345,6.353770613725534,lumpy
22453,90,58,32,8.688888888888888,5.0,16.025011661510902,109.0,35.55555555555556,64.44444444444444,13.482758620689655,18.30850763731512,1.5517241379310345,1.8439467366947597,lumpy
84986B,45,29,16,8.6,4.0,11.981804386804031,54.0,35.55555555555556,64.44444444444444,13.344827586206897,12.649889502817706,1.5517241379310345,0.8985609266842368,lumpy
23046,31,20,11,11.193548387096774,2.0,43.84322019411037,246.0,35.483870967741936,64.51612903225806,17.35,54.061636363652454,1.55,9.709109871573682,lumpy
37494A,17,11,6,11.235294117647058,3.0,15.864777857587171,54.0,35.294117647058826,64.70588235294117,17.363636363636363,16.901317861472975,1.5454545454545454,0.9474575806584248,lumpy
22454,88,57,31,15.965909090909092,4.0,45.21174927745301,386.0,35.22727272727273,64.77272727272728,24.649122807017545,54.385689828716544,1.543859649122807,4.868176839560939,lumpy
20871,54,35,19,22.333333333333332,4.0,45.33481314639852,240.0,35.18518518518518,64.81481481481481,34.457142857142856,52.666175581868174,1.542857142857143,2.336173205121921,lumpy
20910,54,35,19,1.9444444444444444,1.0,3.5946326165268605,24.0,35.18518518518518,64.81481481481481,3.0,4.108814055317723,1.542857142857143,1.8758169934640523,lumpy
23218,20,13,7,18.9,8.5,26.76977871839024,97.0,35.0,65.0,29.076923076923077,28.532033279752827,1.5384615384615385,0.9628719800677471,lumpy
22162,103,67,36,11.699029126213592,4.0,25.154360691404204,212.0,34.95145631067961,65.04854368932038,17.98507462686567,29.378662911440394,1.537313432835821,2.6683301533438413,lumpy
22051,103,67,36,30.339805825242717,25.0,35.12067526877118,225.0,34.95145631067961,65.04854368932038,46.64179104477612,33.68063083900377,1.537313432835821,0.5214467878787877,lumpy
22096,103,67,36,13.980582524271844,2.0,48.158639113101664,470.0,34.95145631067961,65.04854368932038,21.492537313432837,58.48423075064593,1.537313432835821,7.404609930321735,lumpy
84789,83,54,29,5.337349397590361,2.0,8.039956783699127,35.0,34.93975903614458,65.06024096385542,8.203703703703704,8.72078330744766,1.537037037037037,1.1300328221838316,lumpy
20857,63,41,22,3.9365079365079363,2.0,4.954219498025236,24.0,34.92063492063492,65.07936507936509,6.048780487804878,4.99475334482192,1.5365853658536586,0.6818556516649323,lumpy
84562A,63,41,22,2.6507936507936507,2.0,4.064633976135986,22.0,34.92063492063492,65.07936507936509,4.073170731707317,4.435032378136821,1.5365853658536586,1.185573165047151,lumpy
85164B,43,28,15,3.1627906976744184,2.0,3.9214321518822897,16.0,34.883720930232556,65.11627906976744,4.857142857142857,3.922530227575485,1.5357142857142858,0.6521850570293478,lumpy
21827,69,45,24,11.91304347826087,4.0,17.44296515068702,69.0,34.78260869565217,65.21739130434783,18.266666666666666,18.748818144570656,1.5333333333333334,1.053487011949104,lumpy
23021,23,15,8,5.043478260869565,4.0,6.51905082933206,29.0,34.78260869565217,65.21739130434783,7.733333333333333,6.670475102662336,1.5333333333333334,0.744012230338033,lumpy
20768,104,68,36,7.009615384615385,2.0,18.720475884078454,162.0,34.61538461538461,65.38461538461539,10.720588235294118,22.324503362786892,1.5294117647058822,4.336370499503925,lumpy
22228,104,68,36,16.0,3.0,23.868572178998843,103.0,34.61538461538461,65.38461538461539,24.470588235294116,25.796257155465486,1.5294117647058822,1.1112827596485033,lumpy
21441,104,68,36,7.576923076923077,2.0,18.43102718939347,172.0,34.61538461538461,65.38461538461539,11.588235294117647,21.79568305477962,1.5294117647058822,3.537580719659196,lumpy
20866,104,68,36,12.01923076923077,2.5,30.91516131936787,247.0,34.61538461538461,65.38461538461539,18.38235294117647,36.75007540321829,1.5294117647058822,3.996817041194029,lumpy
21942,104,68,36,15.73076923076923,2.0,64.4962903681072,579.0,34.61538461538461,65.38461538461539,24.058823529411764,78.68620512013018,1.5294117647058822,10.696665821126615,lumpy
22935,52,34,18,13.153846153846153,2.0,24.757161463717384,90.0,34.61538461538461,65.38461538461539,20.11764705882353,28.335398897131075,1.5294117647058822,1.9838292642232327,lumpy
21730,104,68,36,10.423076923076923,4.0,17.63860082274999,115.0,34.61538461538461,65.38461538461539,15.941176470588236,19.723372265427432,1.5294117647058822,1.5308111069765207,lumpy
22316,104,68,36,12.076923076923077,1.0,32.07960133026263,192.0,34.61538461538461,65.38461538461539,18.470588235294116,38.23863428376621,1.5294117647058822,4.285912419322512,lumpy
72598,104,68,36,11.221153846153847,3.0,20.98356117136489,114.0,34.61538461538461,65.38461538461539,17.16176470588235,23.946214790849137,1.5294117647058822,1.9469278640117111,lumpy
21253,104,68,36,3.1346153846153846,1.0,5.369922876103065,33.0,34.61538461538461,65.38461538461539,4.794117647058823,6.021252965084151,1.5294117647058822,1.577452793992325,lumpy
21650,104,68,36,29.23076923076923,5.0,49.95653076818716,288.0,34.61538461538461,65.38461538461539,44.705882352941174,55.986154691318816,1.5294117647058822,1.5683100942655144,lumpy
20956,104,68,36,21.692307692307693,3.5,44.69032103960379,377.0,34.61538461538461,65.38461538461539,33.1764705882353,51.80414931127424,1.5294117647058822,2.4381966356537825,lumpy
84674,104,68,36,4.413461538461538,2.0,7.261563362288163,48.0,34.61538461538461,65.38461538461539,6.75,8.065728122696285,1.5294117647058822,1.4278402227545401,lumpy
22052,84,55,29,41.36904761904762,25.0,43.96734268952841,200.0,34.523809523809526,65.47619047619048,63.18181818181818,39.59287763722106,1.5272727272727273,0.39269004939932944,intermittent
21518,84,55,29,12.869047619047619,12.0,16.415376102179877,73.0,34.523809523809526,65.47619047619048,19.654545454545456,16.68356718874636,1.5272727272727273,0.7205295896215752,lumpy
75013B,58,38,20,6.4655172413793105,3.0,12.603557722787137,88.0,34.48275862068966,65.51724137931035,9.868421052631579,14.49915384787711,1.5263157894736843,2.1586884804804796,lumpy
22782,58,38,20,4.293103448275862,1.0,8.906943123972,40.0,34.48275862068966,65.51724137931035,6.552631578947368,10.344596104406403,1.5263157894736843,2.492272792461499,lumpy
21187,87,57,30,15.10344827586207,3.0,35.99451976464487,288.0,34.48275862068966,65.51724137931035,23.05263157894737,42.4636067090025,1.5263157894736843,3.3930693688622,lumpy
23069,32,21,11,2.75,2.0,2.7356664576921537,8.0,34.375,65.625,4.190476190476191,2.2938842084780044,1.5238095238095237,0.29965134297520657,intermittent
21728,32,21,11,9.25,1.0,35.83384595782362,204.0,34.375,65.625,14.095238095238095,43.80171773104882,1.5238095238095237,9.656893718042369,lumpy
22700,67,44,23,20.65671641791045,2.0,71.92347621937476,553.0,34.32835820895522,65.67164179104478,31.454545454545453,87.13434015743911,1.5227272727272727,7.6738245630938975,lumpy
72728,35,23,12,18.37142857142857,9.0,32.61458146856629,180.0,34.285714285714285,65.71428571428572,27.956521739130434,36.929266862315885,1.5217391304347827,1.7449183025541897,lumpy
75131,70,46,24,17.385714285714286,1.0,54.56821096602972,395.0,34.285714285714285,65.71428571428572,26.456521739130434,65.73032667962809,1.5217391304347827,6.172570918350545,lumpy
85008,70,46,24,3.6714285714285713,2.0,5.6638222065648955,33.0,34.285714285714285,65.71428571428572,5.586956521739131,6.184482685476332,1.5217391304347827,1.2253387636451727,lumpy
22573,73,48,25,66.08219178082192,12.0,106.95193019720192,608.0,34.24657534246575,65.75342465753425,100.5,118.2816688734538,1.5208333333333333,1.385168999924692,lumpy
22593,73,48,25,73.20547945205479,25.0,89.72225026034967,310.0,34.24657534246575,65.75342465753425,111.33333333333333,89.42495566135585,1.5208333333333333,0.6451594199802714,lumpy
22640,76,50,26,4.631578947368421,1.5,7.566315008444833,39.0,34.21052631578947,65.78947368421052,7.04,8.385994154492577,1.52,1.418939218249283,lumpy
20856,88,58,30,4.625,2.5,5.184664610795649,18.0,34.09090909090909,65.9090909090909,7.017241379310345,4.893573943521631,1.5172413793103448,0.4863170307370487,intermittent
20902,88,58,30,2.3181818181818183,1.0,4.361654896690766,28.0,34.09090909090909,65.9090909090909,3.5172413793103448,4.974465956738365,1.5172413793103448,2.000269801763155,lumpy
22611,88,58,30,10.306818181818182,4.5,13.95671300971427,63.0,34.09090909090909,65.9090909090909,15.637931034482758,14.57671572262827,1.5172413793103448,0.868881962043329,lumpy
72800F,50,33,17,15.76,2.0,71.85005929300381,504.0,34.0,66.0,23.87878787878788,87.77839909957828,1.5151515151515151,13.512968258812382,lumpy
21208,103,68,35,10.339805825242719,3.0,18.95275519215323,132.0,33.980582524271846,66.01941747572815,15.661764705882353,21.500163341356373,1.5147058823529411,1.8845259781894605,lumpy
21555,103,68,35,4.058252427184466,1.0,9.219358621218515,84.0,33.980582524271846,66.01941747572815,6.147058823529412,10.787312483809572,1.5147058823529411,3.079582058116733,lumpy
21579,103,68,35,9.592233009708737,2.0,35.78542722712036,345.0,33.980582524271846,66.01941747572815,14.529411764705882,43.32159179977953,1.5147058823529411,8.89022490687085,lumpy
21617,103,68,35,8.067961165048544,3.0,14.908388305944746,96.0,33.980582524271846,66.01941747572815,12.220588235294118,16.936973234181544,1.5147058823529411,1.9208231455856999,lumpy
21895,53,35,18,10.09433962264151,2.0,35.49933051965877,253.0,33.9622641509434,66.0377358490566,15.285714285714286,42.96138582807715,1.5142857142857142,7.899235998006507,lumpy
85118,59,39,20,34.813559322033896,12.0,70.63638668080138,506.0,33.898305084745765,66.10169491525423,52.666666666666664,81.5508667007845,1.5128205128205128,2.397648403174255,lumpy
21836,59,39,20,4.220338983050848,3.0,4.9829633774532525,18.0,33.898305084745765,66.10169491525423,6.384615384615385,4.869969115947596,1.5128205128205128,0.5818123476786029,lumpy
22943,59,39,20,40.101694915254235,3.0,75.08057623721476,448.0,33.898305084745765,66.10169491525423,60.666666666666664,85.57770655754406,1.5128205128205128,1.9898531196969595,lumpy
22709,74,49,25,37.486486486486484,25.0,53.671819406882605,225.0,33.78378378378378,66.21621621621622,56.61224489795919,57.233737255853825,1.510204081632653,1.0220766283963065,lumpy
22517,89,59,30,9.03370786516854,2.0,27.028793333222463,217.0,33.70786516853933,66.29213483146067,13.627118644067796,32.322671825955844,1.5084745762711864,5.626086841483099,lumpy
85131A,98,65,33,20.602040816326532,7.5,34.70991414743095,174.0,33.673469387755105,66.3265306122449,31.06153846153846,38.67851346479274,1.5076923076923077,1.5505780232050101,lumpy
22050,101,67,34,32.17821782178218,25.0,38.29762291307489,225.0,33.663366336633665,66.33663366336634,48.507462686567166,37.65890499314442,1.507462686567164,0.6027236865698404,lumpy
90200D,104,69,35,2.7788461538461537,1.0,4.145313720356909,25.0,33.65384615384615,66.34615384615384,4.188405797101449,4.476327809313845,1.5072463768115942,1.1422108001017002,lumpy
79160,104,69,35,8.64423076923077,3.0,18.510515651753227,144.0,33.65384615384615,66.34615384615384,13.028985507246377,21.47157561171948,1.5072463768115942,2.7158553015750226,lumpy
21111,104,69,35,11.317307692307692,3.0,22.557914428437687,163.0,33.65384615384615,66.34615384615384,17.057971014492754,25.91154867325005,1.5072463768115942,2.307448394186932,lumpy
21723,104,69,35,8.201923076923077,2.5,11.093932398914973,51.0,33.65384615384615,66.34615384615384,12.36231884057971,11.585958812404265,1.5072463768115942,0.878342868863068,lumpy
10125,104,69,35,19.46153846153846,5.5,30.301373956135624,197.0,33.65384615384615,66.34615384615384,29.333333333333332,33.11995429569641,1.5072463768115942,1.2748427625182301,lumpy
37410,18,12,6,1416.111111111111,8.0,4649.09269945272,19165.0,33.333333333333336,66.66666666666666,2124.1666666666665,5635.849001676409,1.5,7.039495225300648,lumpy
21118,6,4,2,9.0,3.5,12.58570617804182,32.0,33.333333333333336,66.66666666666666,13.5,13.527749258468683,1.5,1.0041152263374484,lumpy
40018E,33,22,11,11.121212121212121,8.0,15.781234060898042,82.0,33.333333333333336,66.66666666666666,16.681818181818183,16.802455499792607,1.5,1.0145156266517328,lumpy
20887,3,2,1,3.6666666666666665,2.0,4.725815626252609,9.0,33.333333333333336,66.66666666666666,5.5,4.949747468305833,1.5,0.8099173553719007,lumpy
23179,39,26,13,8.23076923076923,2.0,15.921619757691175,84.0,33.333333333333336,66.66666666666666,12.346153846153847,18.233907552013765,1.5,2.1812032103725696,lumpy
35819P,9,6,3,10.555555555555555,6.0,12.758439472669759,35.0,33.333333333333336,66.66666666666666,15.833333333333334,12.655697004379753,1.5,0.6388919667590027,lumpy
21780,6,4,2,33.833333333333336,34.5,31.675963547565,76.0,33.333333333333336,66.66666666666666,50.75,22.969182252168522,1.5,0.20484198435616818,intermittent
20714,6,4,2,262.5,81.5,369.398294527736,912.0,33.333333333333336,66.66666666666666,393.75,398.14434149773706,1.5,1.0224450155370788,lumpy
21209,102,68,34,14.068627450980392,3.0,25.805924488216192,149.0,33.333333333333336,66.66666666666666,21.102941176470587,29.21006762953248,1.5,1.9159278405529687,lumpy
84706B,9,6,3,1.8888888888888888,2.0,1.8333333333333333,5.0,33.333333333333336,66.66666666666666,2.8333333333333335,1.4719601443879746,1.5,0.2698961937716264,intermittent
84705B,3,2,1,28.0,24.0,30.199337741083,60.0,33.333333333333336,66.66666666666666,42.0,25.45584412271571,1.5,0.3673469387755103,intermittent
21779,6,4,2,49.5,24.5,70.50319141712664,181.0,33.333333333333336,66.66666666666666,74.25,76.38226233884409,1.5,1.0582593612896645,lumpy
85162C,27,18,9,32.592592592592595,21.0,42.394901053400694,144.0,33.333333333333336,66.66666666666666,48.888888888888886,43.64952514921135,1.5,0.7971475449684007,lumpy
21225,3,2,1,0.6666666666666666,1.0,0.5773502691896258,1.0,33.333333333333336,66.66666666666666,1.0,0.0,1.5,0.0,intermittent
23225,27,18,9,49.0,25.0,64.41034317322263,232.0,33.333333333333336,66.66666666666666,73.5,66.62118546634528,1.5,0.8215803328133973,lumpy
72753D,6,4,2,22.666666666666668,12.0,33.33866624006826,88.0,33.333333333333336,66.66666666666666,34.0,36.58779395736598,1.5,1.1580161476355249,lumpy
17164D,15,10,5,54.733333333333334,21.0,81.47082445940534,291.0,33.333333333333336,66.66666666666666,82.1,88.47906218108578,1.5,1.161434459394079,lumpy
23135,33,22,11,46.15151515151515,2.0,110.35655882528042,409.0,33.333333333333336,66.66666666666666,69.22727272727273,129.93952139660675,1.5,3.5231252305347946,lumpy
84926B,9,6,3,2.5555555555555554,2.0,2.650995620097811,7.0,33.333333333333336,66.66666666666666,3.8333333333333335,2.3166067138525404,1.5,0.3652173913043477,intermittent
23157,36,24,12,71.0,12.0,106.72822628393241,366.0,33.333333333333336,66.66666666666666,106.5,115.71028288452756,1.5,1.180442113797297,lumpy
84671B,6,4,2,14.333333333333334,8.5,19.10671784128992,49.0,33.333333333333336,66.66666666666666,21.5,20.074859899884732,1.5,0.8718226068144943,lumpy
23604,3,2,1,1.3333333333333333,1.0,1.5275252316519468,3.0,33.333333333333336,66.66666666666666,2.0,1.4142135623730951,1.5,0.5000000000000001,lumpy
84932B,15,10,5,12.4,8.0,19.970692812933944,80.0,33.333333333333336,66.66666666666666,18.6,22.187083329420897,1.5,1.4229005279993834,lumpy
47583A,6,4,2,11.833333333333334,1.5,26.55120838430271,66.0,33.333333333333336,66.66666666666666,17.75,32.170120712653016,1.5,3.284797989816835,lumpy
23222,24,16,8,32.333333333333336,15.0,45.595257826136745,190.0,33.333333333333336,66.66666666666666,48.5,48.490548907321454,1.5,0.999610302192936,lumpy
23627,3,2,1,2.3333333333333335,1.0,3.2145502536643185,6.0,33.333333333333336,66.66666666666666,3.5,3.5355339059327378,1.5,1.0204081632653064,lumpy
20870,3,2,1,1.0,1.0,1.0,2.0,33.333333333333336,66.66666666666666,1.5,0.7071067811865476,1.5,0.22222222222222227,intermittent
20620,9,6,3,1.3333333333333333,1.0,1.4142135623730951,4.0,33.333333333333336,66.66666666666666,2.0,1.2649110640673518,1.5,0.4,intermittent
23608,3,2,1,1.0,1.0,1.0,2.0,33.333333333333336,66.66666666666666,1.5,0.7071067811865476,1.5,0.22222222222222227,intermittent
23636,6,4,2,0.8333333333333334,1.0,0.752772652709081,2.0,33.333333333333336,66.66666666666666,1.25,0.5,1.5,0.16000000000000003,intermittent
90035B,3,2,1,0.6666666666666666,1.0,0.5773502691896258,1.0,33.333333333333336,66.66666666666666,1.0,0.0,1.5,0.0,intermittent
84923,96,64,32,2.34375,2.0,2.5948455993007613,10.0,33.333333333333336,66.66666666666666,3.515625,2.4429502558138494,1.5,0.4828632569077014,intermittent
79342B,18,12,6,3.4444444444444446,1.0,4.368634491492901,16.0,33.333333333333336,66.66666666666666,5.166666666666667,4.448356863818233,1.5,0.7412732948633053,lumpy
20942,3,2,1,1.6666666666666667,1.0,2.0816659994661326,4.0,33.333333333333336,66.66666666666666,2.5,2.1213203435596424,1.5,0.7199999999999998,lumpy
85035c,3,2,1,0.6666666666666666,1.0,0.5773502691896258,1.0,33.333333333333336,66.66666666666666,1.0,0.0,1.5,0.0,intermittent
16168S,9,6,3,142.55555555555554,7.0,234.68282378090174,660.0,33.333333333333336,66.66666666666666,213.83333333333334,264.2570087370753,1.5,1.5272221611346657,lumpy
21193,18,12,6,5.611111111111111,2.0,10.716336560646354,44.0,33.333333333333336,66.66666666666666,8.416666666666666,12.317454971287574,1.5,2.141715161615172,lumpy
85035A,99,66,33,6.494949494949495,3.0,12.459218157222384,89.0,33.333333333333336,66.66666666666666,9.742424242424242,14.20975895000508,1.5,2.127351955045335,lumpy
84247G,84,56,28,16.404761904761905,12.0,22.473073069690304,132.0,33.333333333333336,66.66666666666666,24.607142857142858,23.593279914900705,1.5,0.9192936482691938,lumpy
85064,60,40,20,26.383333333333333,9.0,71.01183755858123,438.0,33.333333333333336,66.66666666666666,39.575,84.22128590801734,1.5,4.528995498204429,lumpy
21054,102,68,34,3.5980392156862746,2.0,5.170862394169565,30.0,33.333333333333336,66.66666666666666,5.397058823529412,5.518326876769462,1.5,1.0454434389095144,lumpy
21399,78,52,26,29.871794871794872,4.5,76.99542219051104,453.0,33.333333333333336,66.66666666666666,44.80769230769231,90.92962986137687,1.5,4.118183476304556,lumpy
21353,3,2,1,0.6666666666666666,1.0,0.5773502691896258,1.0,33.333333333333336,66.66666666666666,1.0,0.0,1.5,0.0,intermittent
21321,18,12,6,6.388888888888889,2.0,11.74302741248855,44.0,33.333333333333336,66.66666666666666,9.583333333333334,13.405957517823818,1.5,1.9568723148307263,lumpy
21322,6,4,2,50.166666666666664,11.0,87.37142935002647,223.0,33.333333333333336,66.66666666666666,75.25,101.02598675588375,1.5,1.80240836193861,lumpy
21335,24,16,8,1.7083333333333333,2.0,1.6544844636864109,6.0,33.333333333333336,66.66666666666666,2.5625,1.364734406395618,1.5,0.28364069006543724,intermittent
15056n,78,52,26,2.217948717948718,1.0,2.803742563248694,13.0,33.333333333333336,66.66666666666666,3.326923076923077,2.8472288133438535,1.5,0.7324183574328527,lumpy
21591,103,69,34,36.1747572815534,3.0,72.48115741410018,499.0,33.00970873786408,66.99029126213591,54.0,83.08765746805847,1.4927536231884058,2.367475591059469,lumpy
21200,103,69,34,13.718446601941748,2.0,36.61897543991611,270.0,33.00970873786408,66.99029126213591,20.47826086956522,43.25458448862834,1.4927536231884058,4.461471743010428,lumpy
79190D,103,69,34,6.048543689320389,2.0,7.390214304484667,36.0,33.00970873786408,66.99029126213591,9.028985507246377,7.390317621314019,1.4927536231884058,0.6699591085013729,lumpy
22706,79,53,26,52.81012658227848,25.0,77.10516892935775,475.0,32.91139240506329,67.08860759493672,78.71698113207547,82.69996217990266,1.490566037735849,1.1037577388073583,lumpy
22702,76,51,25,20.907894736842106,2.0,103.35184921829945,888.0,32.89473684210526,67.10526315789474,31.15686274509804,125.28645139024727,1.4901960784313726,16.169655779329336,lumpy
84997b,76,51,25,6.631578947368421,6.0,7.1625732903999575,29.0,32.89473684210526,67.10526315789474,9.882352941176471,6.647246223282329,1.4901960784313726,0.45244189342403623,intermittent
90200C,67,45,22,2.8656716417910446,1.0,3.9996042318908724,19.0,32.83582089552239,67.16417910447761,4.266666666666667,4.228689889530584,1.488888888888889,0.9822776100852271,lumpy
21661,64,43,21,3.546875,1.5,4.666427502374877,19.0,32.8125,67.1875,5.27906976744186,4.827133534685288,1.4883720930232558,0.8361107799676376,lumpy
22734,64,43,21,151.359375,13.5,288.78246699557025,1806.0,32.8125,67.1875,225.27906976744185,328.70035026720126,1.4883720930232558,2.128916585688557,lumpy
22946,64,43,21,15.21875,2.0,23.23207194088953,98.0,32.8125,67.1875,22.651162790697676,25.24346565231357,1.4883720930232558,1.2419867267644593,lumpy
21707,104,70,34,9.403846153846153,3.0,34.60106043348575,308.0,32.69230769230769,67.3076923076923,13.971428571428572,41.50221625951252,1.4857142857142858,8.823907537200407,lumpy
21066,104,70,34,21.942307692307693,2.0,64.82325887912634,434.0,32.69230769230769,67.3076923076923,32.6,76.94255338718055,1.4857142857142858,5.57054887438286,lumpy
20761,104,70,34,4.346153846153846,1.0,11.13358361412023,99.0,32.69230769230769,67.3076923076923,6.457142857142857,13.084658252071351,1.4857142857142858,4.106236685087636,lumpy
21251,104,70,34,5.673076923076923,2.0,12.591754358280188,120.0,32.69230769230769,67.3076923076923,8.428571428571429,14.598561998442184,1.4857142857142858,2.999937549180021,lumpy
22299,104,70,34,32.28846153846154,6.0,58.52336237128917,312.0,32.69230769230769,67.3076923076923,47.97142857142857,65.9501285950052,1.4857142857142858,1.8900182156200316,lumpy
62018,104,70,34,91.90384615384616,6.0,201.8815147666595,1000.0,32.69230769230769,67.3076923076923,136.54285714285714,233.78496782326317,1.4857142857142858,2.931535741925439,lumpy
20766,104,70,34,4.961538461538462,2.0,12.779628112646135,115.0,32.69230769230769,67.3076923076923,7.371428571428571,15.025747398586475,1.4857142857142858,4.1549791026006115,lumpy
85053,104,70,34,18.192307692307693,5.5,26.08056112144178,119.0,32.69230769230769,67.3076923076923,27.02857142857143,27.804165795987586,1.4857142857142858,1.0582141269383813,lumpy
47310M,104,70,34,7.096153846153846,3.0,11.1855656212533,54.0,32.69230769230769,67.3076923076923,10.542857142857143,12.243526197440506,1.4857142857142858,1.3486410854839468,lumpy
22260,104,70,34,14.826923076923077,2.0,35.78371987253918,313.0,32.69230769230769,67.3076923076923,22.02857142857143,41.83888054747448,1.4857142857142858,3.607343047830907,lumpy
85172,104,70,34,40.29807692307692,17.0,64.57221137380044,353.0,32.69230769230769,67.3076923076923,59.871428571428574,70.95965815085448,1.4857142857142858,1.4047006635688253,lumpy
22129,104,70,34,29.653846153846153,12.0,51.87695846919841,288.0,32.69230769230769,67.3076923076923,44.05714285714286,58.082371721219374,1.4857142857142858,1.7380250240702326,lumpy
22118,104,70,34,6.759615384615385,2.0,20.559407263710227,200.0,32.69230769230769,67.3076923076923,10.042857142857143,24.44421968025156,1.4857142857142858,5.924310142681231,lumpy
21084,104,70,34,27.942307692307693,4.0,65.58442671574221,543.0,32.69230769230769,67.3076923076923,41.51428571428571,76.48012773190301,1.4857142857142858,3.39392365886705,lumpy
22201,104,70,34,4.528846153846154,2.0,14.69823100826144,146.0,32.69230769230769,67.3076923076923,6.728571428571429,17.534993111970508,1.4857142857142858,6.791496246593642,lumpy
23166,46,31,15,1692.5217391304348,58.0,10930.951185081201,74215.0,32.608695652173914,67.3913043478261,2511.483870967742,13308.011504030117,1.4838709677419355,28.077959832187474,lumpy
22393,89,60,29,6.741573033707865,3.0,10.17855152434815,55.0,32.58426966292135,67.41573033707866,10.0,11.017705319551554,1.4833333333333334,1.213898305084746,lumpy
17165B,43,29,14,11.418604651162791,3.0,17.232627633344304,74.0,32.55813953488372,67.44186046511628,16.93103448275862,18.67567370076217,1.4827586206896552,1.216705766348832,lumpy
20941,83,56,27,11.650602409638553,2.0,44.0549639336324,370.0,32.53012048192771,67.46987951807229,17.267857142857142,52.86638081786213,1.4821428571428572,9.373078751181586,lumpy
23180,40,27,13,2.725,1.0,3.411800787763643,14.0,32.5,67.5,4.037037037037037,3.4583397693277567,1.4814814814814814,0.7338543116676272,lumpy
22707,80,54,26,26.9625,25.0,25.672446812028955,125.0,32.5,67.5,39.94444444444444,21.308530196132647,1.4814814814814814,0.28457334451673727,intermittent
20703,71,48,23,6.380281690140845,4.0,6.666260886376364,23.0,32.394366197183096,67.6056338028169,9.4375,6.0596546843543,1.4791666666666667,0.41227008520529607,intermittent
22292,102,69,33,27.00980392156863,3.5,58.67421298379811,343.0,32.35294117647059,67.64705882352942,39.927536231884055,67.74960795210633,1.4782608695652173,2.8791782170755464,lumpy
22182,99,67,32,5.02020202020202,1.0,7.8856363841646395,35.0,32.323232323232325,67.67676767676767,7.417910447761194,8.618425036691507,1.4776119402985075,1.3498721737166486,lumpy
20967,99,67,32,10.363636363636363,4.0,15.048530028866091,72.0,32.323232323232325,67.67676767676767,15.313432835820896,16.103085489418213,1.4776119402985075,1.105791076525661,lumpy
22609,93,63,30,75.72043010752688,36.0,100.78198225694456,432.0,32.25806451612903,67.74193548387098,111.77777777777777,104.7677068634877,1.4761904761904763,0.8785043857294887,lumpy
23055,31,21,10,21.193548387096776,2.0,65.82573931973151,288.0,32.25806451612903,67.74193548387098,31.285714285714285,78.53670661362294,1.4761904761904763,6.3016346614957985,lumpy
22450,90,61,29,9.266666666666667,5.0,13.108707115775799,75.0,32.22222222222222,67.77777777777777,13.672131147540984,13.916083394733601,1.4754098360655739,1.0360044338629812,lumpy
85049g,53,36,17,2.0,1.0,2.103111248383433,8.0,32.075471698113205,67.9245283018868,2.9444444444444446,1.926424436906652,1.4722222222222223,0.42805268778924876,intermittent
47503J,53,36,17,6.452830188679245,2.0,10.799868300008693,60.0,32.075471698113205,67.9245283018868,9.5,11.979744810065268,1.4722222222222223,1.590185991294025,lumpy
84509G,103,70,33,7.601941747572815,3.0,18.27906753415343,137.0,32.03883495145631,67.96116504854369,11.185714285714285,21.28978312300129,1.4714285714285715,3.622555355877711,lumpy
22204,103,70,33,4.941747572815534,2.0,14.735461590618632,145.0,32.03883495145631,67.96116504854369,7.271428571428571,17.429710956196697,1.4714285714285715,5.745672734323088,lumpy
22293,103,70,33,19.737864077669904,3.0,41.83111731456937,360.0,32.03883495145631,67.96116504854369,29.042857142857144,48.089118873579565,1.4714285714285715,2.7416686247943374,lumpy
22058,50,34,16,10.16,3.0,19.396359852049667,90.0,32.0,68.0,14.941176470588236,22.023322591469125,1.4705882352941178,2.1726816180905084,lumpy
46776F,100,68,32,4.7,2.0,16.234705311943813,160.0,32.0,68.0,6.911764705882353,19.337331688713746,1.4705882352941178,7.827358094092689,lumpy
23125,25,17,8,18.36,2.0,61.91383797935105,312.0,32.0,68.0,27.0,74.17631023446772,1.4705882352941178,7.547496570644721,lumpy
85099f,25,17,8,8.04,6.0,8.918520056601318,34.0,32.0,68.0,11.823529411764707,8.472273116744164,1.4705882352941178,0.5134588252766019,lumpy
22062,97,66,31,7.835051546391752,2.0,14.961534299364668,93.0,31.95876288659794,68.04123711340206,11.515151515151516,16.9580862710593,1.4696969696969697,2.168774344768804,lumpy
22571,72,49,23,78.01388888888889,19.5,109.32346281879161,441.0,31.944444444444443,68.05555555555556,114.63265306122449,115.72933470630784,1.469387755102041,1.0192253699013252,lumpy
22572,72,49,23,47.763888888888886,6.5,71.51292467750947,299.0,31.944444444444443,68.05555555555556,70.18367346938776,77.19015305005655,1.469387755102041,1.2096273909451876,lumpy
84508A,94,64,30,40.42553191489362,2.0,90.82151814584569,577.0,31.914893617021278,68.08510638297872,59.375,105.0402039432733,1.46875,3.1297083410280093,lumpy
84997c,66,45,21,5.136363636363637,4.0,5.101693123588749,20.0,31.818181818181817,68.18181818181819,7.533333333333333,4.47010270372149,1.4666666666666666,0.3520956293295551,intermittent
21785,63,43,20,31.428571428571427,5.0,65.89451841848216,407.0,31.746031746031747,68.25396825396825,46.04651162790697,75.63475942170784,1.4651162790697674,2.6980462513543326,lumpy
21220,104,71,33,6.163461538461538,2.0,7.59421161394264,31.0,31.73076923076923,68.26923076923077,9.028169014084508,7.656877078783334,1.4647887323943662,0.7192899438732175,lumpy
85177,104,71,33,16.96153846153846,9.0,34.76213850352582,288.0,31.73076923076923,68.26923076923077,24.845070422535212,39.7418986847181,1.4647887323943662,2.5586846254536795,lumpy
21199,104,71,33,12.548076923076923,2.0,27.45159192430361,206.0,31.73076923076923,68.26923076923077,18.380281690140844,31.624748987002977,1.4647887323943662,2.960396269663016,lumpy
20931,104,71,33,6.3076923076923075,1.0,11.241460122724892,59.0,31.73076923076923,68.26923076923077,9.23943661971831,12.588503586018923,1.4647887323943662,1.85633876784652,lumpy
21258,104,71,33,13.576923076923077,6.0,22.766732802039524,104.0,31.73076923076923,68.26923076923077,19.887323943661972,25.20688641495452,1.4647887323943662,1.6065184325140474,lumpy
21945,104,71,33,17.740384615384617,3.0,63.59046689136891,583.0,31.73076923076923,68.26923076923077,25.985915492957748,75.7149717139873,1.4647887323943662,8.489605024304204,lumpy
21382,82,56,26,15.097560975609756,4.0,26.640547280598728,138.0,31.70731707317073,68.29268292682927,22.107142857142858,29.789979139684828,1.4642857142857142,1.815829899180762,lumpy
21478,41,28,13,4.804878048780488,2.0,10.536174619365232,64.0,31.70731707317073,68.29268292682927,7.035714285714286,12.173079414587848,1.4642857142857142,2.993536245410811,lumpy
20776,41,28,13,79.0,2.0,474.37110999722563,3042.0,31.70731707317073,68.29268292682927,115.67857142857143,573.563135700788,1.4642857142857142,24.584230968051724,lumpy
84761,41,28,13,6.536585365853658,4.0,7.887006913194667,38.0,31.70731707317073,68.29268292682927,9.571428571428571,7.876023491061084,1.4642857142857142,0.6771119526744387,lumpy
40001,101,69,32,24.237623762376238,5.0,42.87240336506725,192.0,31.683168316831683,68.31683168316832,35.47826086956522,47.94102035027065,1.463768115942029,1.8259542868834389,lumpy
20798,60,41,19,9.116666666666667,3.5,13.381104393967634,66.0,31.666666666666668,68.33333333333333,13.341463414634147,14.364208568691769,1.4634146341463414,1.159194910580898,lumpy
84685,76,52,24,5.684210526315789,2.0,16.436715427210135,116.0,31.57894736842105,68.42105263157895,8.307692307692308,19.366980654406998,1.4615384615384615,5.434543021598212,lumpy
37508,38,26,12,2.0526315789473686,1.0,3.303948239410773,18.0,31.57894736842105,68.42105263157895,3.0,3.6331804249169894,1.4615384615384615,1.4666666666666663,lumpy
22601,73,50,23,71.15068493150685,24.0,105.88157315721455,618.0,31.506849315068493,68.4931506849315,103.88,114.03448100089227,1.46,1.2050595220002656,lumpy
22594,73,50,23,65.02739726027397,24.0,83.25028738734841,332.0,31.506849315068493,68.4931506849315,94.94,85.35745008910636,1.46,0.8083220218064932,lumpy
85031C,54,37,17,8.648148148148149,2.0,18.132798811335086,121.0,31.48148148148148,68.51851851851852,12.621621621621621,20.797103632946573,1.4594594594594594,2.715034789568581,lumpy
21294,99,68,31,22.252525252525253,8.0,39.781890925380175,204.0,31.31313131313131,68.68686868686869,32.39705882352941,44.511658612260206,1.4558823529411764,1.8877148227418552,lumpy
22738,64,44,20,68.59375,11.0,99.3137914222726,441.0,31.25,68.75,99.77272727272727,106.14905352607732,1.4545454545454546,1.13190131583155,lumpy
21085,32,22,10,428.25,6.5,2256.2308421132857,12786.0,31.25,68.75,622.9090909090909,2718.020093641184,1.4545454545454546,19.039519671049913,lumpy
17108D,16,11,5,20.6875,24.0,20.16835392390762,72.0,31.25,68.75,30.09090909090909,17.288461732927804,1.4545454545454546,0.33009738866932575,intermittent
22945,64,44,20,119.203125,12.5,180.77014956625538,786.0,31.25,68.75,173.38636363636363,195.61117292352156,1.4545454545454546,1.272792001909202,lumpy
85131D,103,71,32,13.844660194174757,5.0,20.251244106809736,124.0,31.067961165048544,68.93203883495146,20.08450704225352,21.690515688312942,1.4507042253521127,1.166319136015656,lumpy
84659A,103,71,32,5.699029126213592,3.0,7.7432259470953575,55.0,31.067961165048544,68.93203883495146,8.267605633802816,8.11340644767108,1.4507042253521127,0.9630458423629022,lumpy
21926,87,60,27,11.505747126436782,6.0,16.074588904446024,75.0,31.03448275862069,68.9655172413793,16.683333333333334,16.99400858195663,1.45,1.0375905609485583,lumpy
23085,29,20,9,12.620689655172415,5.0,15.582530954115272,60.0,31.03448275862069,68.9655172413793,18.3,15.761712437021824,1.45,0.7418303889258218,lumpy
85121B,29,20,9,2.9310344827586206,2.0,3.294270290788003,14.0,31.03448275862069,68.9655172413793,4.25,3.1768074010172374,1.45,0.5587324713167,lumpy
62094B,55,38,17,5.545454545454546,2.0,13.806625062733309,75.0,30.90909090909091,69.0909090909091,8.026315789473685,16.054782636934185,1.4473684210526316,4.001072074493196,lumpy
22923,55,38,17,27.90909090909091,12.0,37.64024280989535,144.0,30.90909090909091,69.0909090909091,40.39473684210526,39.366977156868636,1.4473684210526316,0.9497615201595087,lumpy
84678,68,47,21,8.308823529411764,4.0,12.385905992375989,54.0,30.88235294117647,69.11764705882354,12.02127659574468,13.335942544577282,1.446808510638298,1.2306831422568922,lumpy
20618,104,72,32,2.826923076923077,1.0,4.080363365915943,28.0,30.76923076923077,69.23076923076923,4.083333333333333,4.35324065787226,1.4444444444444444,1.136568683236445,lumpy
84619,13,9,4,5.3076923076923075,1.0,10.703462176515716,38.0,30.76923076923077,69.23076923076923,7.666666666666667,12.30853362509117,1.4444444444444444,2.5775047258979207,lumpy
20668,104,72,32,184.44230769230768,24.0,331.9692589266253,1656.0,30.76923076923077,69.23076923076923,266.4166666666667,371.11437627999555,1.4444444444444444,1.9404067486794219,lumpy
84437A,13,9,4,8.153846153846153,10.0,6.755814210073101,19.0,30.76923076923077,69.23076923076923,11.777777777777779,4.521553322083513,1.4444444444444444,0.14738341046635817,intermittent
23417,13,9,4,5.615384615384615,4.0,5.454943652908824,14.0,30.76923076923077,69.23076923076923,8.11111111111111,4.6755867130351785,1.4444444444444444,0.33228560705573273,intermittent
23220,26,18,8,37.07692307692308,22.5,43.463937306160446,173.0,30.76923076923077,69.23076923076923,53.55555555555556,42.93801582064987,1.4444444444444444,0.642798546046748,lumpy
84031B,104,72,32,7.144230769230769,2.0,12.375530404818914,73.0,30.76923076923077,69.23076923076923,10.319444444444445,13.746012368139315,1.4444444444444444,1.7743562720588246,lumpy
21688,104,72,32,8.634615384615385,6.0,11.628603579530008,68.0,30.76923076923077,69.23076923076923,12.472222222222221,12.150432928265886,1.4444444444444444,0.9490647088367475,lumpy
20738,52,36,16,30.134615384615383,10.0,52.99575596997898,250.0,30.76923076923077,69.23076923076923,43.52777777777778,59.100150404019935,1.4444444444444444,1.8435044099159068,lumpy
47480,104,72,32,14.673076923076923,3.0,30.500498900166765,218.0,30.76923076923077,69.23076923076923,21.194444444444443,34.77640404872605,1.4444444444444444,2.692311285922273,lumpy
22830,13,9,4,13.923076923076923,2.0,35.020140725163515,126.0,30.76923076923077,69.23076923076923,20.11111111111111,41.22634001595474,1.4444444444444444,4.202206892341504,lumpy
35095A,104,72,32,16.98076923076923,3.0,50.851006571212054,364.0,30.76923076923077,69.23076923076923,24.52777777777778,59.6954647632635,1.4444444444444444,5.923334654252447,lumpy
84031A,104,72,32,9.10576923076923,3.0,16.362352163872345,99.0,30.76923076923077,69.23076923076923,13.152777777777779,18.286961199766147,1.4444444444444444,1.9330724071617977,lumpy
84006,104,72,32,16.442307692307693,6.5,25.909786329349792,130.0,30.76923076923077,69.23076923076923,23.75,28.246774713056016,1.4444444444444444,1.414524599118255,lumpy
35096B,13,9,4,21.846153846153847,6.0,44.74901517323436,167.0,30.76923076923077,69.23076923076923,31.555555555555557,51.56576168134994,1.4444444444444444,2.670368602459829,lumpy
21842,13,9,4,33.38461538461539,4.0,53.43148020524115,144.0,30.76923076923077,69.23076923076923,48.22222222222222,58.969860475029485,1.4444444444444444,1.4954288687379218,lumpy
20707,104,72,32,15.490384615384615,3.0,68.28381593245383,685.0,30.76923076923077,69.23076923076923,22.375,81.28933500721662,1.4444444444444444,13.199000752117337,lumpy
85183B,104,72,32,15.98076923076923,5.0,33.396116502683235,294.0,30.76923076923077,69.23076923076923,23.083333333333332,38.10132894802534,1.4444444444444444,2.7244773493100563,lumpy
84893,13,9,4,2.4615384615384617,2.0,2.757274760078165,10.0,30.76923076923077,69.23076923076923,3.5555555555555554,2.650995620097811,1.4444444444444444,0.555908203125,lumpy
85173,104,72,32,8.903846153846153,2.0,19.547065049612215,144.0,30.76923076923077,69.23076923076923,12.86111111111111,22.420630310871637,1.4444444444444444,3.0390556654351224,lumpy
21442,101,70,31,8.247524752475247,2.0,17.763674136053083,160.0,30.693069306930692,69.3069306930693,11.9,20.32785623548225,1.4428571428571428,2.9180265456566246,lumpy
85226C,49,34,15,19.857142857142858,5.0,69.65450452052616,486.0,30.612244897959183,69.38775510204081,28.61764705882353,82.45476802498128,1.4411764705882353,8.3016362847043,lumpy
20863,36,25,11,8.055555555555555,2.0,17.955412147785005,100.0,30.555555555555557,69.44444444444444,11.6,20.672042311618203,1.44,3.1757827982560434,lumpy
23017,23,16,7,2.782608695652174,2.0,3.1327670275671404,12.0,30.434782608695652,69.56521739130434,4.0,3.03315017762062,1.4375,0.575,lumpy
35965,102,71,31,6.127450980392157,3.0,8.870544837573117,48.0,30.392156862745097,69.6078431372549,8.80281690140845,9.468171822796414,1.4366197183098592,1.1568816274285716,lumpy
84459A,99,69,30,12.727272727272727,2.0,27.736301337305967,192.0,30.303030303030305,69.69696969696969,18.26086956521739,31.720123587546237,1.434782608695652,3.017357943177271,lumpy
22600,73,51,22,65.08219178082192,18.0,83.36411988390608,382.0,30.136986301369863,69.86301369863014,93.15686274509804,85.67225281245256,1.4313725490196079,0.8457668631150602,lumpy
22574,73,51,22,68.20547945205479,12.0,98.6625785898739,404.0,30.136986301369863,69.86301369863014,97.62745098039215,105.29747590219125,1.4313725490196079,1.1633007851695738,lumpy
84558A,103,72,31,11.466019417475728,3.0,31.553818181683763,293.0,30.097087378640776,69.90291262135922,16.40277777777778,36.71844135903983,1.4305555555555556,5.0111069662689784,lumpy
21581,103,72,31,11.0,3.0,38.16424771853323,355.0,30.097087378640776,69.90291262135922,15.73611111111111,44.909609704588455,1.4305555555555556,8.14486208042207,lumpy
20802,103,72,31,10.20388349514563,6.0,21.822977287982127,196.0,30.097087378640776,69.90291262135922,14.597222222222221,24.88263137788988,1.4305555555555556,2.90570936002116,lumpy
22246,103,72,31,10.077669902912621,5.0,14.421314101002428,96.0,30.097087378640776,69.90291262135922,14.416666666666666,15.340960544324956,1.4305555555555556,1.1323362003690416,lumpy
22158,103,72,31,86.23300970873787,8.0,158.13931583702345,903.0,30.097087378640776,69.90291262135922,123.36111111111111,176.86824136735757,1.4305555555555556,2.055621589721845,lumpy
84596K,50,35,15,8.06,2.0,16.054003251780014,81.0,30.0,70.0,11.514285714285714,18.179450953612157,1.4285714285714286,2.49280049316305,lumpy
22324,100,70,30,6.55,2.0,12.319299960434098,96.0,30.0,70.0,9.357142857142858,13.823982221923236,1.4285714285714286,2.18262845734641,lumpy
84029D,10,7,3,5.1,2.0,8.608135686662937,28.0,30.0,70.0,7.285714285714286,9.621404708847278,1.4285714285714286,1.7439446366782005,lumpy
23178,40,28,12,7.725,3.0,13.826743873878844,82.0,30.0,70.0,11.035714285714286,15.435606127001833,1.4285714285714286,1.956349663516534,lumpy
85025C,90,63,27,7.977777777777778,2.0,18.34499458890398,155.0,30.0,70.0,11.396825396825397,21.05947008074812,1.4285714285714286,3.414499772358146,lumpy
16050,10,7,3,15.1,5.0,19.930155822549683,50.0,30.0,70.0,21.571428571428573,20.80750780253082,1.4285714285714286,0.9304270280543251,lumpy
17164B,60,42,18,25.766666666666666,3.0,49.503421099606534,289.0,30.0,70.0,36.80952380952381,55.76791546121894,1.4285714285714286,2.2953473959361657,lumpy
22770,60,42,18,1.8666666666666667,1.5,1.8727906003524157,8.0,30.0,70.0,2.6666666666666665,1.6916821858393434,1.4285714285714286,0.4024390243902439,intermittent
84869,20,14,6,15.1,2.0,24.537618809536212,98.0,30.0,70.0,21.571428571428573,27.012003843631287,1.4285714285714286,1.568035140159169,lumpy
22304,104,73,31,22.326923076923077,7.0,61.06250852791899,450.0,29.807692307692307,70.1923076923077,31.80821917808219,70.91008734349722,1.4246575342465753,4.969781900340517,lumpy
79190B,104,73,31,13.73076923076923,4.5,42.162015475035126,310.0,29.807692307692307,70.1923076923077,19.561643835616437,49.268252765788304,1.4246575342465753,6.343422336254764,lumpy
22152,104,73,31,58.99038461538461,24.0,117.75674244850545,692.0,29.807692307692307,70.1923076923077,84.04109589041096,133.05068357127047,1.4246575342465753,2.5064024501981987,lumpy
85170D,104,73,31,6.769230769230769,1.5,14.416300623751708,97.0,29.807692307692307,70.1923076923077,9.643835616438356,16.40745923100366,1.4246575342465753,2.894563420963901,lumpy
21422,104,73,31,30.0,11.0,62.89859306621045,331.0,29.807692307692307,70.1923076923077,42.73972602739726,71.46716950174088,1.4246575342465753,2.796080663534589,lumpy
22123,104,73,31,5.403846153846154,2.0,8.485875449878986,37.0,29.807692307692307,70.1923076923077,7.698630136986301,9.225093994563066,1.4246575342465753,1.4358685687308357,lumpy
21642,104,73,31,40.55769230769231,24.0,65.54563028144428,408.0,29.807692307692307,70.1923076923077,57.78082191780822,71.6729157305259,1.4246575342465753,1.5386601788582022,lumpy
20652,104,73,31,14.365384615384615,2.0,62.442992671966145,600.0,29.807692307692307,70.1923076923077,20.465753424657535,73.83316068297738,1.4246575342465753,13.015098098776184,lumpy
71038,104,73,31,6.875,4.0,7.829106137524345,30.0,29.807692307692307,70.1923076923077,9.794520547945206,7.661155454103058,1.4246575342465753,0.6118179101395885,lumpy
21106,104,73,31,7.346153846153846,3.0,10.441486735980416,63.0,29.807692307692307,70.1923076923077,10.465753424657533,11.084376131119601,1.4246575342465753,1.1217123772953348,lumpy
21062,104,73,31,10.125,5.5,11.357122139916028,48.0,29.807692307692307,70.1923076923077,14.424657534246576,11.028898665953282,1.4246575342465753,0.5845925422883673,lumpy
22736,64,45,19,38.84375,10.0,53.934474868724536,218.0,29.6875,70.3125,55.24444444444445,56.907083580308004,1.4222222222222223,1.0610978563257096,lumpy
22737,64,45,19,50.609375,10.5,72.1221664597041,293.0,29.6875,70.3125,71.97777777777777,76.64691445159089,1.4222222222222223,1.1339462891785086,lumpy
22513,91,64,27,5.813186813186813,3.0,13.417991311760895,96.0,29.67032967032967,70.32967032967034,8.265625,15.382160547050532,1.421875,3.4632455402821405,lumpy
85031B,54,38,16,8.574074074074074,1.0,19.198665295443973,123.0,29.62962962962963,70.37037037037037,12.18421052631579,21.97277832222689,1.4210526315789473,3.252184380733751,lumpy
21614,78,55,23,20.5,9.0,37.04814347662963,212.0,29.487179487179485,70.51282051282051,29.072727272727274,41.27139379919154,1.4181818181818182,2.0152397613412374,lumpy
21388,17,12,5,17.941176470588236,13.0,19.809942542304654,66.0,29.41176470588235,70.58823529411765,25.416666666666668,19.066669315532767,1.4166666666666667,0.5627460848745449,lumpy
85196,17,12,5,92.0,84.0,109.37949990743238,396.0,29.41176470588235,70.58823529411765,130.33333333333334,109.32381702857327,1.4166666666666667,0.7035882335101988,lumpy
84450B,17,12,5,8.176470588235293,3.0,9.375735265284845,27.0,29.41176470588235,70.58823529411765,11.583333333333334,9.209267400863439,1.4166666666666667,0.6320960236389042,lumpy
21443,17,12,5,15.0,3.0,50.844124537649385,212.0,29.41176470588235,70.58823529411765,21.25,60.1273270197957,1.4166666666666667,8.006190625983011,lumpy
21445,85,60,25,17.83529411764706,4.0,52.407707325495984,463.0,29.41176470588235,70.58823529411765,25.266666666666666,60.9870413205916,1.4166666666666667,5.826117348346909,lumpy
21424,99,70,29,9.545454545454545,2.0,25.437507549925257,228.0,29.292929292929294,70.7070707070707,13.5,29.408541596627668,1.4142857142857144,4.745472257012784,lumpy
21627,99,70,29,1.9494949494949494,1.0,3.9932947303630946,36.0,29.292929292929294,70.7070707070707,2.757142857142857,4.515466863325299,1.4142857142857144,2.682172967584773,lumpy
22865,65,46,19,213.93846153846152,8.0,319.24485493715656,1406.0,29.23076923076923,70.76923076923077,302.30434782608694,342.9897873157429,1.4130434782608696,1.287281687313021,lumpy
23272,24,17,7,11.958333333333334,12.0,12.23849652128272,42.0,29.166666666666668,70.83333333333333,16.88235294117647,11.268775182673895,1.411764705882353,0.445540798115796,intermittent
47556B,72,51,21,71.66666666666667,30.5,212.99335438948444,1300.0,29.166666666666668,70.83333333333333,101.17647058823529,247.7388710624437,1.411764705882353,5.995553150351541,lumpy
23019,24,17,7,3.3333333333333335,1.5,4.061127137038239,14.0,29.166666666666668,70.83333333333333,4.705882352941177,4.10433773406796,1.411764705882353,0.76068359375,lumpy
22319,103,73,30,22.233009708737864,13.0,21.60846052691033,84.0,29.12621359223301,70.87378640776699,31.36986301369863,19.258120112273474,1.4109589041095891,0.3768795196294674,intermittent
22087,103,73,30,81.44660194174757,61.0,98.04488049501194,477.0,29.12621359223301,70.87378640776699,114.91780821917808,98.58129096569343,1.4109589041095891,0.7358924270878676,lumpy
85202,103,73,30,11.728155339805825,3.0,22.305013142111136,158.0,29.12621359223301,70.87378640776699,16.54794520547945,24.978902818117444,1.4109589041095891,2.278550027807016,lumpy
79190A,103,73,30,7.271844660194175,3.0,10.535834440051817,68.0,29.12621359223301,70.87378640776699,10.26027397260274,11.232427507074073,1.4109589041095891,1.1984759781572978,lumpy
85142,31,22,9,1.8064516129032258,1.0,2.1820381120825196,9.0,29.032258064516128,70.96774193548387,2.5454545454545454,2.1979919997963666,1.4090909090909092,0.7456268221574343,lumpy
21973,104,74,30,16.0,4.0,30.980419748076212,182.0,28.846153846153847,71.15384615384616,22.486486486486488,34.73273425145228,1.4054054054054055,2.3858038905452084,lumpy
79191C,104,74,30,15.0,4.5,31.177537345843344,180.0,28.846153846153847,71.15384615384616,21.08108108108108,35.2357060329032,1.4054054054054055,2.793702773049453,lumpy
21109,104,74,30,9.163461538461538,2.0,25.554476581184602,216.0,28.846153846153847,71.15384615384616,12.878378378378379,29.54492873189368,1.4054054054054055,5.263123144803869,lumpy
21403,104,74,30,22.125,5.5,36.13665742302044,217.0,28.846153846153847,71.15384615384616,31.094594594594593,39.49411918037159,1.4054054054054055,1.613225458025576,lumpy
21719,104,74,30,8.64423076923077,3.0,11.527862632694207,54.0,28.846153846153847,71.15384615384616,12.14864864864865,12.01446893966847,1.4054054054054055,0.9780323364222105,lumpy
21248,104,74,30,9.75,3.0,21.799060280805996,157.0,28.846153846153847,71.15384615384616,13.702702702702704,24.81091768619112,1.4054054054054055,3.278484881380485,lumpy
85129D,104,74,30,7.211538461538462,2.0,11.30999478674399,54.0,28.846153846153847,71.15384615384616,10.135135135135135,12.265693692666149,1.4054054054054055,1.4646206149162853,lumpy
21724,104,74,30,9.5,4.5,13.470572024959134,65.0,28.846153846153847,71.15384615384616,13.35135135135135,14.279434807540751,1.4054054054054055,1.1438566104215029,lumpy
21219,104,74,30,9.682692307692308,4.0,11.730190426348024,60.0,28.846153846153847,71.15384615384616,13.608108108108109,11.831948353976458,1.4054054054054055,0.7559917027056741,lumpy
85039A,104,74,30,13.692307692307692,4.0,31.5465681124175,245.0,28.846153846153847,71.15384615384616,19.243243243243242,35.99840590489316,1.4054054054054055,3.4995322495430043,lumpy
21991,104,74,30,10.375,3.0,21.103622060624335,173.0,28.846153846153847,71.15384615384616,14.58108108108108,23.795364321623968,1.4054054054054055,2.663209106084316,lumpy
22093,104,74,30,21.73076923076923,4.0,48.42274013838266,401.0,28.846153846153847,71.15384615384616,30.54054054054054,55.096475582578066,1.4054054054054055,3.254574359777586,lumpy
21291,104,74,30,22.682692307692307,16.0,31.522303530446045,192.0,28.846153846153847,71.15384615384616,31.87837837837838,33.23925419217659,1.4054054054054055,1.0872016406864147,lumpy
22095,104,74,30,26.192307692307693,2.0,56.11708926204398,354.0,28.846153846153847,71.15384615384616,36.810810810810814,63.616504207263375,1.4054054054054055,2.9866809643004295,lumpy
21060,104,74,30,12.221153846153847,7.0,29.59925108301104,292.0,28.846153846153847,71.15384615384616,17.175675675675677,33.910178739427906,1.4054054054054055,3.8979161829112647,lumpy
21586,101,72,29,25.18811881188119,12.0,41.48534991326146,192.0,28.712871287128714,71.2871287128713,35.333333333333336,45.392497984132106,1.4027777777777777,1.650436975716886,lumpy
37441,35,25,10,19.485714285714284,6.0,37.911174379820295,187.0,28.571428571428573,71.42857142857143,27.28,42.59843502602727,1.4,2.4383641064891655,lumpy
22832,56,40,16,3.3035714285714284,2.0,4.732555115587976,27.0,28.571428571428573,71.42857142857143,4.625,5.031630718992372,1.4,1.183570264651346,lumpy
90171,14,10,4,3.0,2.5,2.8010986855435576,8.0,28.571428571428573,71.42857142857143,4.2,2.394437999475729,1.4,0.32501889644746784,intermittent
20854,63,45,18,6.984126984126984,3.0,15.361758198570788,115.0,28.571428571428573,71.42857142857143,9.777777777777779,17.452388334719654,1.4,3.1858799774605564,lumpy
85132C,91,65,26,21.978021978021978,3.0,37.172563963217705,180.0,28.571428571428573,71.42857142857143,30.76923076923077,40.846423202791435,1.4,1.7622794921874998,lumpy
21444,21,15,6,13.571428571428571,3.0,45.87218266942551,213.0,28.571428571428573,71.42857142857143,19.0,53.810514108038674,1.4,8.02097348634745,lumpy
21303,14,10,4,6.5,2.5,14.189649532182035,55.0,28.571428571428573,71.42857142857143,9.1,16.26482229981147,1.4,3.194595392397591,lumpy
21554,7,5,2,20.857142857142858,5.0,43.89164146481868,120.0,28.571428571428573,71.42857142857143,29.2,50.84486208064684,1.4,3.0319947457309055,lumpy
84989B,35,25,10,28.142857142857142,8.0,44.276632302685655,158.0,28.571428571428573,71.42857142857143,39.4,48.11704479703632,1.4,1.4914388415058364,lumpy
23124,21,15,6,27.0,5.0,59.51638429877944,271.0,28.571428571428573,71.42857142857143,37.8,67.99180622902817,1.4,3.235411742592393,lumpy
23478,7,5,2,40.714285714285715,24.0,72.9902146083393,204.0,28.571428571428573,71.42857142857143,57.0,82.64986388373546,1.4,2.102493074792244,lumpy
21102,14,10,4,5.357142857142857,1.5,8.0250295264939,29.0,28.571428571428573,71.42857142857143,7.5,8.669871202426636,1.4,1.3362962962962965,lumpy
82093,7,5,2,15.428571428571429,9.0,19.458135769365153,54.0,28.571428571428573,71.42857142857143,21.6,20.032473636573194,1.4,0.860125171467764,lumpy
21626,102,73,29,14.607843137254902,10.0,20.958306967535503,105.0,28.431372549019606,71.56862745098039,20.410958904109588,22.272825755240124,1.3972602739726028,1.1907588622134144,lumpy
15044B,95,68,27,17.568421052631578,5.0,57.823953777471196,530.0,28.42105263157895,71.57894736842105,24.544117647058822,67.2106143499625,1.3970588235294117,7.4986119974857335,lumpy
18098C,88,63,25,13.784090909090908,8.0,20.957235528645832,115.0,28.40909090909091,71.5909090909091,19.253968253968253,22.56743890021872,1.3968253968253967,1.3738016947526093,lumpy
22543,88,63,25,35.46590909090909,3.0,83.0771624238902,480.0,28.40909090909091,71.5909090909091,49.53968253968254,94.74359717864424,1.3968253968253967,3.657575512740896,lumpy
21690,60,43,17,4.266666666666667,1.0,6.511701765821717,32.0,28.333333333333332,71.66666666666667,5.953488372093023,7.020220754811786,1.3953488372093024,1.390460059756325,lumpy
21613,99,71,28,6.2727272727272725,4.0,8.04682493072126,51.0,28.282828282828284,71.71717171717171,8.746478873239436,8.28892257320258,1.3943661971830985,0.8981102705810401,lumpy
47503A,85,61,24,33.54117647058823,4.0,49.07563476075342,205.0,28.235294117647058,71.76470588235294,46.73770491803279,52.39017135536788,1.3934426229508197,1.2565068867432456,lumpy
47597,39,28,11,8.256410256410257,6.0,8.509183734487138,29.0,28.205128205128204,71.7948717948718,11.5,7.951240294584375,1.3928571428571428,0.4780508296576349,intermittent
22695,71,51,20,18.0,9.0,22.62047113315092,105.0,28.169014084507044,71.83098591549296,25.058823529411764,23.150301738600202,1.392156862745098,0.8534772642112459,lumpy
21112,103,74,29,21.466019417475728,4.0,49.38937242473752,240.0,28.155339805825243,71.84466019417476,29.87837837837838,56.15656994528113,1.3918918918918919,3.5325401007285073,lumpy
35924,103,74,29,20.815533980582526,4.0,39.84424271959932,267.0,28.155339805825243,71.84466019417476,28.972972972972972,44.48209520447617,1.3918918918918919,2.3571344107513954,lumpy
21391,103,74,29,13.728155339805825,4.0,28.305820843471256,152.0,28.155339805825243,71.84466019417476,19.10810810810811,31.86382307616662,1.3918918918918919,2.780740002658885,lumpy
23056,32,23,9,30.09375,2.5,108.33947821695739,576.0,28.125,71.875,41.869565217391305,126.58461214389588,1.391304347826087,9.140394247303147,lumpy
22820,64,46,18,21.140625,12.0,30.9279075637173,204.0,28.125,71.875,29.41304347826087,33.021592994050636,1.391304347826087,1.2604223937377,lumpy
22529,89,64,25,26.775280898876403,5.0,48.205467628633166,222.0,28.089887640449437,71.91011235955057,37.234375,53.38799050125323,1.390625,2.0558859204835414,lumpy
84684,25,18,7,24.24,2.0,53.09839922257544,193.0,28.0,72.0,33.666666666666664,60.368476386078115,1.3888888888888888,3.2152903117918092,lumpy
22116,104,75,29,7.673076923076923,2.0,16.06566761381302,122.0,27.884615384615383,72.11538461538461,10.64,18.09034384804613,1.3866666666666667,2.8907490225258314,lumpy
21383,104,75,29,21.03846153846154,3.0,36.510916861088845,224.0,27.884615384615383,72.11538461538461,29.173333333333332,40.18617932833387,1.3866666666666667,1.8974980021648065,lumpy
21530,104,75,29,9.173076923076923,3.0,14.966267771998186,75.0,27.884615384615383,72.11538461538461,12.72,16.310798943097858,1.3866666666666667,1.6442817862362185,lumpy
22269,104,75,29,14.288461538461538,8.0,22.30228038186939,148.0,27.884615384615383,72.11538461538461,19.813333333333333,24.111617326303307,1.3866666666666667,1.4809404404123347,lumpy
22317,104,75,29,5.4423076923076925,2.0,7.311152437383502,46.0,27.884615384615383,72.11538461538461,7.546666666666667,7.635785828925875,1.3866666666666667,1.0237576068245695,lumpy
21648,104,75,29,27.89423076923077,4.0,43.47321868796764,257.0,27.884615384615383,72.11538461538461,38.68,46.98653055987485,1.3866666666666667,1.4756175976658725,lumpy
37446,104,75,29,34.38461538461539,12.5,52.89764942238684,297.0,27.884615384615383,72.11538461538461,47.68,57.02848031963999,1.3866666666666667,1.4305765574535836,lumpy
21676,104,75,29,11.336538461538462,6.0,20.751703908014033,144.0,27.884615384615383,72.11538461538461,15.72,23.012076735394295,1.3866666666666667,2.142922889091526,lumpy
84347,104,75,29,279.3173076923077,9.0,1038.6238960121411,9715.0,27.884615384615383,72.11538461538461,387.32,1207.9288076390612,1.3866666666666667,9.726191836549642,lumpy
21884,104,75,29,13.798076923076923,2.0,40.99263012324545,291.0,27.884615384615383,72.11538461538461,19.133333333333333,47.28074098899539,1.3866666666666667,6.106428454945496,lumpy
20998,97,70,27,3.2989690721649483,2.0,3.491552151424469,13.0,27.835051546391753,72.16494845360825,4.571428571428571,3.3256640551726644,1.3857142857142857,0.5292402626811593,lumpy
79532,18,13,5,5.388888888888889,4.5,6.545217282951404,26.0,27.77777777777778,72.22222222222223,7.461538461538462,6.628415906979392,1.3846153846153846,0.7891557728416058,lumpy
22834,65,47,18,105.23076923076923,13.0,280.2000830450654,2006.0,27.692307692307693,72.3076923076923,145.53191489361703,321.3123125872497,1.3829787234042554,4.87459173985901,lumpy
22940,65,47,18,53.261538461538464,15.0,72.31404534283887,338.0,27.692307692307693,72.3076923076923,73.65957446808511,75.76544944926921,1.3829787234042554,1.0579959287717449,lumpy
21691,47,34,13,4.74468085106383,4.0,4.608442560205378,17.0,27.659574468085108,72.34042553191489,6.5588235294117645,4.164723254442755,1.3823529411764706,0.40319988885212393,intermittent
85114A,76,55,21,16.710526315789473,6.0,29.34839724844666,130.0,27.63157894736842,72.36842105263158,23.09090909090909,32.34551473129347,1.3818181818181818,1.9622126466475147,lumpy
22438,87,63,24,10.620689655172415,6.0,14.41352835078369,72.0,27.586206896551722,72.41379310344828,14.666666666666666,15.095395580836412,1.380952380952381,1.0593175153292456,lumpy
17165D,58,42,16,10.172413793103448,7.0,14.209137078919527,73.0,27.586206896551722,72.41379310344828,14.047619047619047,14.997483335143967,1.380952380952381,1.1398070361054082,lumpy
85222,29,21,8,46.93103448275862,12.0,89.3967605015827,384.0,27.586206896551722,72.41379310344828,64.80952380952381,99.8592104152737,1.380952380952381,2.374097740078529,lumpy
17091B,40,29,11,6.875,2.5,11.211686897025043,48.0,27.5,72.5,9.482758620689655,12.225911270900868,1.3793103448275863,1.6622375442739081,lumpy
21683,102,74,28,9.019607843137255,6.0,16.447925862893015,112.0,27.45098039215686,72.54901960784314,12.432432432432432,18.201370625102886,1.3783783783783783,2.143364191936193,lumpy
48195,33,24,9,7.818181818181818,3.0,22.958460512214426,133.0,27.272727272727273,72.72727272727272,10.75,26.466139154382347,1.375,6.061278717050342,lumpy
23150,33,24,9,4.2727272727272725,3.0,4.453037778252667,15.0,27.272727272727273,72.72727272727272,5.875,4.215009412543,1.375,0.5147322219379219,lumpy
20991,11,8,3,643.0909090909091,6.0,2048.922129049587,6819.0,27.272727272727273,72.72727272727272,884.25,2398.656156505733,1.375,7.358441762532001,lumpy
21893,11,8,3,14.0,1.0,35.796647887756194,121.0,27.272727272727273,72.72727272727272,19.25,41.41342087501862,1.375,4.628291930703804,lumpy
82553,11,8,3,6.7272727272727275,2.0,12.578480902644078,40.0,27.272727272727273,72.72727272727272,9.25,14.119388898147923,1.375,2.3299593029322754,lumpy
84596J,77,56,21,10.519480519480519,3.0,25.71279140489909,184.0,27.272727272727273,72.72727272727272,14.464285714285714,29.24875399721517,1.375,4.089034321264775,lumpy
84968C,103,75,28,6.135922330097087,2.0,15.000685307017903,97.0,27.184466019417474,72.81553398058253,8.426666666666666,17.046972730642803,1.3733333333333333,4.092445486365232,lumpy
21355,103,75,28,33.019417475728154,12.0,88.0612510301249,791.0,27.184466019417474,72.81553398058253,45.346666666666664,100.61050041020964,1.3733333333333333,4.922615117132168,lumpy
21468,103,75,28,6.485436893203883,2.0,23.680000694583775,235.0,27.184466019417474,72.81553398058253,8.906666666666666,27.405450894643906,1.3733333333333333,9.467678577139294,lumpy
21910,63,46,17,16.634920634920636,4.0,50.553804485690975,291.0,26.984126984126984,73.01587301587301,22.782608695652176,58.120531099308614,1.3695652173913044,6.508070463389206,lumpy
22114,104,76,28,103.40384615384616,29.5,149.89604936799188,579.0,26.923076923076923,73.07692307692308,141.5,159.3571669761566,1.368421052631579,1.2683243225245242,lumpy
20986,104,76,28,11.64423076923077,2.0,27.87695511685244,229.0,26.923076923076923,73.07692307692308,15.93421052631579,31.59085754932516,1.368421052631579,3.930626055360499,lumpy
20669,104,76,28,7.480769230769231,3.0,9.59771490727737,53.0,26.923076923076923,73.07692307692308,10.236842105263158,9.895276207770562,1.368421052631579,0.9343806433563969,lumpy
22279,104,76,28,13.682692307692308,6.5,21.316962762527158,132.0,26.923076923076923,73.07692307692308,18.723684210526315,22.987300078788742,1.368421052631579,1.5072778420049964,lumpy
84854,52,38,14,6.096153846153846,3.0,8.907497646859548,37.0,26.923076923076923,73.07692307692308,8.342105263157896,9.49331575882359,1.368421052631579,1.2950439916376484,lumpy
21340,104,76,28,16.721153846153847,12.0,21.829639035112006,152.0,26.923076923076923,73.07692307692308,22.88157894736842,22.618557045201126,1.368421052631579,0.9771422946811099,lumpy
22230,104,76,28,15.903846153846153,5.5,33.87885878305409,289.0,26.923076923076923,73.07692307692308,21.763157894736842,38.04028335718251,1.368421052631579,3.0552282473765544,lumpy
35095B,104,76,28,18.240384615384617,6.0,53.78860008291497,369.0,26.923076923076923,73.07692307692308,24.960526315789473,61.671482505173856,1.368421052631579,6.104657453291907,lumpy
22223,104,76,28,6.913461538461538,3.0,11.480765321503545,63.0,26.923076923076923,73.07692307692308,9.460526315789474,12.513929081332991,1.368421052631579,1.7496725671762465,lumpy
85039B,104,76,28,15.442307692307692,6.0,26.677078966702265,192.0,26.923076923076923,73.07692307692308,21.13157894736842,29.249429444127927,1.368421052631579,1.9158914551957766,lumpy
22193,104,76,28,17.923076923076923,15.0,21.754005236707236,140.0,26.923076923076923,73.07692307692308,24.526315789473685,22.04085520676578,1.368421052631579,0.8075924527375099,lumpy
21130,30,22,8,24.0,6.5,86.62364095565248,480.0,26.666666666666668,73.33333333333333,32.72727272727273,100.31435439143142,1.3636363636363635,9.395210905349796,lumpy
84902,30,22,8,2.3333333333333335,2.0,2.3973165074269205,10.0,26.666666666666668,73.33333333333333,3.1818181818181817,2.2601382940486427,1.3636363636363635,0.5045675413022354,lumpy
21482,45,33,12,15.177777777777777,3.0,33.177408036801246,203.0,26.666666666666668,73.33333333333333,20.696969696969695,37.35930677930604,1.3636363636363635,3.2582476489263397,lumpy
16244A,15,11,4,11.733333333333333,2.0,24.452480641517937,87.0,26.666666666666668,73.33333333333333,16.0,27.60434748368452,1.3636363636363635,2.9765624999999996,lumpy
21692,64,47,17,7.640625,4.5,9.318640113848616,48.0,26.5625,73.4375,10.404255319148936,9.46310817233012,1.3617021276595744,0.8272668212545842,lumpy
20984,98,72,26,59.724489795918366,6.0,145.40017871855068,1069.0,26.53061224489796,73.46938775510205,81.29166666666667,164.63638444920682,1.3611111111111112,4.1016593135289865,lumpy
84249D,34,25,9,23.147058823529413,20.5,22.068944796266937,97.0,26.470588235294116,73.52941176470588,31.48,19.91046625939902,1.36,0.40003078401835857,intermittent
21398,72,53,19,30.208333333333332,6.0,78.27721369018312,408.0,26.38888888888889,73.61111111111111,41.0377358490566,88.95611758790677,1.3584905660377358,4.6987772472737985,lumpy
22597,72,53,19,61.583333333333336,13.0,96.54404964122213,405.0,26.38888888888889,73.61111111111111,83.66037735849056,104.13414857699111,1.3584905660377358,1.5493398902691435,lumpy
21784,91,67,24,2.89010989010989,2.0,3.535378494433248,19.0,26.373626373626372,73.62637362637363,3.925373134328358,3.5942438528587286,1.3582089552238805,0.8384036989770774,lumpy
21663,19,14,5,3.3157894736842106,2.0,4.110320771193565,13.0,26.31578947368421,73.6842105263158,4.5,4.201648028315336,1.3571428571428572,0.8717948717948718,lumpy
22323,57,42,15,10.964912280701755,5.0,16.671152278584085,96.0,26.31578947368421,73.6842105263158,14.880952380952381,17.88609267743992,1.3571428571428572,1.4446728117073173,lumpy
22703,76,56,20,5.565789473684211,2.0,7.572468600248824,45.0,26.31578947368421,73.6842105263158,7.553571428571429,7.93134092264157,1.3571428571428572,1.1025252779289298,lumpy
20770,103,76,27,9.912621359223301,3.0,21.472329113789957,165.0,26.21359223300971,73.7864077669903,13.43421052631579,24.064544057632894,1.355263157894737,3.2087137529446124,lumpy
84993A,103,76,27,13.766990291262136,4.0,17.035259791002996,78.0,26.21359223300971,73.7864077669903,18.657894736842106,17.383940965982713,1.355263157894737,0.8681028856604222,lumpy
21937,103,76,27,39.737864077669904,12.0,55.48820068267624,305.0,26.21359223300971,73.7864077669903,53.85526315789474,58.45447321289015,1.355263157894737,1.1780919741906688,lumpy
85204,103,76,27,22.766990291262136,4.0,70.88131531271615,586.0,26.21359223300971,73.7864077669903,30.855263157894736,81.11698612865551,1.355263157894737,6.911385267994477,lumpy
21811,103,76,27,60.76699029126213,5.0,143.40428275139163,890.0,26.21359223300971,73.7864077669903,82.35526315789474,161.76062182104093,1.355263157894737,3.8580059836166427,lumpy
21041,103,76,27,25.33009708737864,12.0,37.30331119969204,190.0,26.21359223300971,73.7864077669903,34.328947368421055,39.74229926510535,1.355263157894737,1.3402474975934895,lumpy
21090,103,76,27,30.02912621359223,10.0,60.79319755397684,476.0,26.21359223300971,73.7864077669903,40.69736842105263,67.72257520932332,1.355263157894737,2.7690721575200112,lumpy
21925,84,62,22,14.25,5.5,20.62509583767438,109.0,26.19047619047619,73.80952380952381,19.306451612903224,21.899613522809936,1.3548387096774193,1.2866723830544078,lumpy
85221,23,17,6,147.8695652173913,120.0,214.85836864566178,732.0,26.08695652173913,73.91304347826087,200.05882352941177,228.87154437266642,1.3529411764705883,1.3087846090721196,lumpy
84901,46,34,12,2.608695652173913,2.0,3.123233800403146,16.0,26.08695652173913,73.91304347826087,3.5294117647058822,3.154941233834365,1.3529411764705883,0.799057239057239,lumpy
21396,23,17,6,40.26086956521739,24.0,43.82529094577939,128.0,26.08695652173913,73.91304347826087,54.470588235294116,42.6440465467614,1.3529411764705883,0.6129043261852227,lumpy
84472,23,17,6,3.6956521739130435,1.0,10.88967310056432,53.0,26.08695652173913,73.91304347826087,5.0,12.494998999599801,1.3529411764705883,6.245,lumpy
22588,73,54,19,38.863013698630134,16.0,52.18565018504532,241.0,26.027397260273972,73.97260273972603,52.53703703703704,54.476483748689624,1.3518518518518519,1.0751943747028259,lumpy
84559B,100,74,26,11.35,4.5,15.30456787955145,80.0,26.0,74.0,15.337837837837839,15.989103333145383,1.3513513513513513,1.086725692700772,lumpy
22932,50,37,13,17.36,3.5,39.72906199933417,193.0,26.0,74.0,23.45945945945946,44.736012459883035,1.3513513513513513,3.636457691817621,lumpy
21904,77,57,20,9.831168831168831,2.0,30.628247452913634,254.0,25.974025974025974,74.02597402597402,13.280701754385966,35.02129677881982,1.3508771929824561,6.953803252426928,lumpy
22285,104,77,27,25.846153846153847,12.0,55.477935652714955,337.0,25.96153846153846,74.03846153846155,34.90909090909091,62.05392006324267,1.3506493506493507,3.1598128826297525,lumpy
22310,104,77,27,16.48076923076923,3.0,31.325097964880097,158.0,25.96153846153846,74.03846153846155,22.25974025974026,34.634331384595306,1.3506493506493507,2.420880940033027,lumpy
20764,104,77,27,6.423076923076923,2.5,14.180317487026173,119.0,25.96153846153846,74.03846153846155,8.675324675324676,15.897237064181242,1.3506493506493507,3.357931454299091,lumpy
21883,104,77,27,22.25,12.0,43.860712898017624,316.0,25.96153846153846,74.03846153846155,30.051948051948052,48.67910394233696,1.3506493506493507,2.6238553660011745,lumpy
72802A,104,77,27,8.317307692307692,4.0,11.198356695564994,59.0,25.96153846153846,74.03846153846155,11.233766233766234,11.694461243970993,1.3506493506493507,1.0837014970517946,lumpy
22190,104,77,27,11.865384615384615,3.0,19.38624158926714,101.0,25.96153846153846,74.03846153846155,16.025974025974026,21.018772327545946,1.3506493506493507,1.7201480321483582,lumpy
21181,104,77,27,230.6153846153846,192.0,252.01969824738896,1398.0,25.96153846153846,74.03846153846155,311.4805194805195,246.08688080633183,1.3506493506493507,0.6241876080983961,lumpy
85014C,27,20,7,12.25925925925926,3.0,43.416225779870146,228.0,25.925925925925927,74.07407407407408,16.55,50.04679389278966,1.35,9.144427593568398,lumpy
21792,81,60,21,6.098765432098766,3.0,11.598065504936164,66.0,25.925925925925927,74.07407407407408,8.233333333333333,12.826570233495868,1.35,2.426999517437133,lumpy
23216,27,20,7,19.37037037037037,12.0,28.28583248002998,144.0,25.925925925925927,74.07407407407408,26.15,30.137011691344092,1.35,1.3281801544760676,lumpy
22532,89,66,23,31.775280898876403,4.0,52.055641736203064,241.0,25.84269662921348,74.15730337078652,42.84848484848485,56.4523604260176,1.3484848484848484,1.7357743730914426,lumpy
23057,31,23,8,24.93548387096774,4.0,65.52807819750296,288.0,25.806451612903224,74.19354838709677,33.608695652173914,74.50243384092458,1.3478260869565217,4.914027755822882,lumpy
84596L,93,69,24,16.408602150537636,6.0,28.678592439816953,186.0,25.806451612903224,74.19354838709677,22.115942028985508,31.379337634015336,1.3478260869565217,2.013152424508226,lumpy
37343,66,49,17,16.272727272727273,7.5,24.35477868417705,150.0,25.757575757575758,74.24242424242425,21.918367346938776,26.017491499865596,1.346938775510204,1.4090111830097323,lumpy
17181,35,26,9,9.8,3.0,17.29977898532743,79.0,25.714285714285715,74.28571428571428,13.192307692307692,18.98635137306635,1.3461538461538463,2.0712927436697295,lumpy
85124A,43,32,11,8.720930232558139,5.0,12.304326729119369,61.0,25.58139534883721,74.4186046511628,11.71875,12.994376885605607,1.34375,1.229556071684588,lumpy
84682,43,32,11,6.8604651162790695,2.0,13.843653170743965,80.0,25.58139534883721,74.4186046511628,9.21875,15.401580092796928,1.34375,2.7911712429687423,lumpy
85184D,43,32,11,193.1627906976744,2.0,836.993853599568,3936.0,25.58139534883721,74.4186046511628,259.5625,965.0664338656659,1.34375,13.82389811560644,lumpy
21612,43,32,11,15.906976744186046,9.0,20.425024279857777,102.0,25.58139534883721,74.4186046511628,21.375,21.084698625520648,1.34375,0.9730217513853174,lumpy
21643,102,76,26,14.588235294117647,9.5,19.34284371015735,100.0,25.49019607843137,74.50980392156863,19.57894736842105,20.1204792241767,1.3421052631578947,1.0560827841368943,lumpy
22922,55,41,14,37.14545454545455,24.0,47.24342720571206,198.0,25.454545454545453,74.54545454545455,49.829268292682926,48.63429985052956,1.3414634146341464,0.9526125885244052,lumpy
22799,59,44,15,4.033898305084746,2.0,4.898860183035246,18.0,25.423728813559322,74.57627118644068,5.409090909090909,4.975840150250575,1.3409090909090908,0.8462219361068641,lumpy
22811,63,47,16,15.285714285714286,5.0,33.45600316035132,163.0,25.396825396825395,74.60317460317461,20.48936170212766,37.41243244908879,1.3404255319148937,3.3340724509689337,lumpy
21556,103,77,26,15.12621359223301,7.0,44.79335551471509,415.0,25.24271844660194,74.75728155339806,20.233766233766232,50.87391434349087,1.3376623376623376,6.321743235612142,lumpy
20846,103,77,26,13.679611650485437,12.0,17.009347829155477,120.0,25.24271844660194,74.75728155339806,18.2987012987013,17.397114805459562,1.3376623376623376,0.9038865477852673,lumpy
23660,8,6,2,36.625,44.5,28.495300364395934,70.0,25.0,75.0,48.833333333333336,20.52721770398187,1.3333333333333333,0.1766962923272257,intermittent
21640,104,78,26,20.317307692307693,12.0,27.429083998409144,131.0,25.0,75.0,27.08974358974359,28.64524887394562,1.3333333333333333,1.118138009397109,lumpy
17039,36,27,9,102.94444444444444,10.0,217.07733242779693,985.0,25.0,75.0,137.25925925925927,241.95670187875677,1.3333333333333333,3.1073631440540566,lumpy
21195,76,57,19,13.013157894736842,5.0,26.674079013680494,172.0,25.0,75.0,17.350877192982455,29.60241980219461,1.3333333333333333,2.910794559890123,lumpy
21551,8,6,2,19.0,6.5,35.156791662493895,104.0,25.0,75.0,25.333333333333332,39.215643137231176,1.3333333333333333,2.3962603878116346,lumpy
21845,104,78,26,24.240384615384617,6.5,37.05610943491743,192.0,25.0,75.0,32.32051282051282,39.65189227228078,1.3333333333333333,1.5051207712793273,lumpy
22739,64,48,16,61.875,16.0,91.97782686561276,505.0,25.0,75.0,82.5,97.99044677709387,1.3333333333333333,1.4107809233534567,lumpy
23027,24,18,6,12.291666666666666,6.0,17.708949264650656,66.0,25.0,75.0,16.38888888888889,18.79342466017081,1.3333333333333333,1.3149608800716495,lumpy
35918B,4,3,1,1.25,1.5,0.9574271077563381,2.0,25.0,75.0,1.6666666666666667,0.5773502691896257,1.3333333333333333,0.11999999999999997,intermittent
22861,20,15,5,15.25,10.5,15.814300656783969,48.0,25.0,75.0,20.333333333333332,15.121728296285008,1.3333333333333333,0.5530771298038163,lumpy
84795D,28,21,7,6.714285714285714,5.0,7.551586258956129,26.0,25.0,75.0,8.952380952380953,7.479814105151214,1.3333333333333333,0.6980788818469896,lumpy
82081,12,9,3,12.25,7.5,12.87792332213968,35.0,25.0,75.0,16.333333333333332,12.36931687685298,1.3333333333333333,0.5735110370678884,lumpy
21056,104,78,26,5.076923076923077,2.0,10.066470643543667,58.0,25.0,75.0,6.769230769230769,11.13310621282551,1.3333333333333333,2.704917757861973,lumpy
23348,32,24,8,23.3125,4.0,32.15931862141281,96.0,25.0,75.0,31.083333333333332,33.79209666625392,1.3333333333333333,1.1818846881858471,lumpy
21430,104,78,26,43.28846153846154,35.0,51.81027245238862,398.0,25.0,75.0,57.717948717948715,52.412176991957665,1.3333333333333333,0.8245986546661837,lumpy
22963,72,54,18,51.0,29.0,79.12906198549446,562.0,25.0,75.0,68.0,84.91238547789816,1.3333333333333333,1.5592805379643533,lumpy
22080,104,78,26,36.67307692307692,33.5,36.16022658332123,151.0,25.0,75.0,48.8974358974359,33.816767432351654,1.3333333333333333,0.478290780416721,intermittent
23645,4,3,1,1.75,1.5,1.707825127659933,4.0,25.0,75.0,2.3333333333333335,1.5275252316519468,1.3333333333333333,0.4285714285714285,intermittent
84840,48,36,12,5.875,4.0,5.741320924442983,23.0,25.0,75.0,7.833333333333333,5.337200978576157,1.3333333333333333,0.46423074435749867,intermittent
20615,104,78,26,6.038461538461538,1.0,13.55243185781217,109.0,25.0,75.0,8.051282051282051,15.141666462779556,1.3333333333333333,3.5368551080547497,lumpy
23633,4,3,1,0.75,1.0,0.5,1.0,25.0,75.0,1.0,0.0,1.3333333333333333,0.0,intermittent
22722,56,42,14,105.39285714285714,74.0,159.9113025252583,1036.0,25.0,75.0,140.52380952380952,171.01536631788642,1.3333333333333333,1.4810524553160598,lumpy
23603,8,6,2,1.875,1.0,1.8850918886280925,5.0,25.0,75.0,2.5,1.760681686165901,1.3333333333333333,0.49599999999999994,lumpy
22701,76,57,19,7.9605263157894735,3.5,14.477974802642976,74.0,25.0,75.0,10.614035087719298,15.876481242441724,1.3333333333333333,2.2374197703123317,lumpy
23041,32,24,8,8.15625,4.0,9.778545887677748,44.0,25.0,75.0,10.875,9.900867331352515,1.3333333333333333,0.828872919861908,lumpy
90167,52,39,13,40.78846153846154,13.0,81.59761062881576,384.0,25.0,75.0,54.38461538461539,90.42723605332033,1.3333333333333333,2.7646896731233883,lumpy
22905,64,48,16,15.4375,5.0,26.76403355369836,137.0,25.0,75.0,20.583333333333332,29.18891755104013,1.3333333333333333,2.0109652464948495,lumpy
23410,12,9,3,3.0,2.0,3.1908961408698624,9.0,25.0,75.0,4.0,3.082207001484488,1.3333333333333333,0.5937499999999999,lumpy
20976,44,33,11,11.340909090909092,5.0,16.44998505946615,73.0,25.0,75.0,15.121212121212121,17.454866040300868,1.3333333333333333,1.3324773294083154,lumpy
21004,48,36,12,2.5,2.0,2.3429386893659125,9.0,25.0,75.0,3.3333333333333335,2.1246848505803664,1.3333333333333333,0.40628571428571414,intermittent
84596I,8,6,2,9.0,1.0,23.04033729911832,66.0,25.0,75.0,12.0,26.457513110645905,1.3333333333333333,4.861111111111111,lumpy
85047,60,45,15,16.25,9.0,20.6944068428228,96.0,25.0,75.0,21.666666666666668,21.312608304176962,1.3333333333333333,0.9675847229693385,lumpy
84469,16,12,4,41.4375,3.5,84.19657059524455,301.0,25.0,75.0,55.25,93.99141643595102,1.3333333333333333,2.8940886103515866,lumpy
23304,4,3,1,11.75,6.5,15.195942440884233,34.0,25.0,75.0,15.666666666666666,15.947831618540915,1.3333333333333333,1.0362154821186056,lumpy
23303,4,3,1,13.25,13.5,12.685293322058685,26.0,25.0,75.0,17.666666666666668,11.150485789118488,1.3333333333333333,0.3983624065503738,intermittent
84757,4,3,1,1.25,1.5,0.9574271077563381,2.0,25.0,75.0,1.6666666666666667,0.5773502691896257,1.3333333333333333,0.11999999999999997,intermittent
84762C,24,18,6,4.375,2.0,7.733678465561886,29.0,25.0,75.0,5.833333333333333,8.480080465766958,1.3333333333333333,2.113325330132053,lumpy
37379B,4,3,1,280.5,6.0,553.0072332257508,1110.0,25.0,75.0,374.0,637.3946971853469,1.3333333333333333,2.9045154279504715,lumpy
22166,104,78,26,3.2211538461538463,2.0,9.830561353238727,96.0,25.0,75.0,4.294871794871795,11.162447451174549,1.3333333333333333,6.754892565665572,lumpy
22343,104,78,26,25.201923076923077,12.0,42.79855269481345,233.0,25.0,75.0,33.6025641025641,46.52169993420882,1.3333333333333333,1.9167537209079701,lumpy
23297,20,15,5,215.15,44.0,285.8634703564108,826.0,25.0,75.0,286.8666666666667,298.0943922093582,1.3333333333333333,1.0798102313541904,lumpy
22961,72,54,18,226.68055555555554,195.0,221.35153523705162,1178.0,25.0,75.0,302.24074074074076,205.83625431855722,1.3333333333333333,0.4638074609774052,intermittent
21205,104,78,26,5.855769230769231,4.0,8.064567437019083,53.0,25.0,75.0,7.8076923076923075,8.45931085017805,1.3333333333333333,1.173882391723155,lumpy
84913A,101,76,25,6.01980198019802,5.0,6.219292882667293,27.0,24.752475247524753,75.24752475247524,8.0,5.959865770300536,1.3289473684210527,0.555,lumpy
22495,97,73,24,8.690721649484535,6.0,14.38196267953244,115.0,24.742268041237114,75.25773195876289,11.547945205479452,15.567095904048534,1.3287671232876712,1.8172127402791898,lumpy
22515,89,67,22,11.730337078651685,3.0,29.481413268264095,228.0,24.719101123595507,75.28089887640449,15.582089552238806,33.13523678472417,1.328358208955224,4.521981329568199,lumpy
22546,89,67,22,47.86516853932584,10.0,89.82510671137499,480.0,24.719101123595507,75.28089887640449,63.582089552238806,98.70972891993172,1.328358208955224,2.4101847026103127,lumpy
21469,102,77,25,11.284313725490197,5.5,25.468822894342292,206.0,24.50980392156863,75.49019607843137,14.948051948051948,28.399822138016106,1.3246753246753247,3.609624647101912,lumpy
22128,102,77,25,38.166666666666664,24.0,53.91266926790732,300.0,24.50980392156863,75.49019607843137,50.55844155844156,56.814910363781856,1.3246753246753247,1.2628079129198113,lumpy
21282,49,37,12,6.755102040816326,3.0,10.82345179891967,53.0,24.489795918367346,75.51020408163265,8.945945945945946,11.664156744169402,1.3243243243243243,1.7000204857973589,lumpy
21924,45,34,11,6.955555555555556,2.0,8.91106451031922,33.0,24.444444444444443,75.55555555555556,9.205882352941176,9.194133214256649,1.3235294117647058,0.9974491003183751,lumpy
35160,45,34,11,44.51111111111111,8.0,80.71403567878114,296.0,24.444444444444443,75.55555555555556,58.911764705882355,88.38701661376717,1.3235294117647058,2.250986475852871,lumpy
47502,41,31,10,15.609756097560975,5.0,36.355108340356026,220.0,24.390243902439025,75.60975609756098,20.64516129032258,40.67968238740053,1.3225806451612903,3.8825633138020836,lumpy
18097C,103,78,25,16.92233009708738,6.0,38.38777616928728,294.0,24.271844660194176,75.72815533980582,22.346153846153847,42.77024907332441,1.3205128205128205,3.663346426621808,lumpy
84569D,103,78,25,9.776699029126213,4.0,11.92783204241483,45.0,24.271844660194176,75.72815533980582,12.91025641025641,12.144354572613071,1.3205128205128205,0.8848693279544256,lumpy
23073,33,25,8,4.333333333333333,2.0,6.0913189595248305,28.0,24.242424242424242,75.75757575757575,5.72,6.419501538281613,1.32,1.259535918626828,lumpy
22471,91,69,22,6.406593406593407,3.0,11.82274457887378,79.0,24.175824175824175,75.82417582417582,8.44927536231884,12.94165212642095,1.318840579710145,2.346067565656817,erratic
21927,87,66,21,14.482758620689655,8.0,17.874798466234534,79.0,24.137931034482758,75.86206896551724,19.09090909090909,18.25943572531728,1.3181818181818181,0.9147901622187339,erratic
23086,29,22,7,41.58620689655172,16.0,62.29682246045901,288.0,24.137931034482758,75.86206896551724,54.81818181818182,66.44269737625072,1.3181818181818181,1.4690793577454795,erratic
16156N,29,22,7,48.275862068965516,25.0,49.96920233770007,175.0,24.137931034482758,75.86206896551724,63.63636363636363,48.012444274321275,1.3181818181818181,0.5692419825072887,erratic
85214,83,63,20,6.108433734939759,3.0,8.568251163726568,49.0,24.096385542168676,75.90361445783132,8.047619047619047,9.013303020336414,1.3174603174603174,1.2543915625977673,erratic
22928,54,41,13,5.2407407407407405,2.0,8.26663031709057,51.0,24.074074074074073,75.92592592592592,6.902439024390244,8.876386872057742,1.3170731707317074,1.6537402140119117,erratic
22849,54,41,13,7.462962962962963,6.0,8.715011908462323,43.0,24.074074074074073,75.92592592592592,9.829268292682928,8.763282601355472,1.3170731707317074,0.7948611222284481,erratic
20733,104,79,25,18.01923076923077,5.0,61.335300146512154,605.0,24.03846153846154,75.96153846153845,23.72151898734177,69.50390815590983,1.3164556962025316,8.584864803502937,erratic
82613C,104,79,25,7.375,2.0,17.64932821406433,121.0,24.03846153846154,75.96153846153845,9.708860759493671,19.707574945283177,1.3164556962025316,4.120309392675525,erratic
85185B,104,79,25,5.576923076923077,4.0,6.207875217211762,31.0,24.03846153846154,75.96153846153845,7.341772151898734,6.145429980052444,1.3164556962025316,0.7006526113601028,erratic
21588,104,79,25,29.971153846153847,12.0,51.14066964617883,279.0,24.03846153846154,75.96153846153845,39.45569620253165,55.44916763573883,1.3164556962025316,1.9750161007755802,erratic
22305,104,79,25,21.53846153846154,6.0,56.51890706535807,331.0,24.03846153846154,75.96153846153845,28.354430379746834,63.42308848674127,1.3164556962025316,5.003258243802328,erratic
17091J,104,79,25,36.02884615384615,16.5,52.07657855127553,289.0,24.03846153846154,75.96153846153845,47.43037974683544,55.07702847139231,1.3164556962025316,1.3484281132692897,erratic
51014L,104,79,25,32.79807692307692,21.0,43.63248540564286,288.0,24.03846153846154,75.96153846153845,43.177215189873415,45.38828480206774,1.3164556962025316,1.1050407317234576,erratic
22057,104,79,25,27.740384615384617,11.5,52.93135235365291,276.0,24.03846153846154,75.96153846153845,36.51898734177215,58.094940147626,1.3164556962025316,2.5306912577263905,erratic
75049L,104,79,25,133.78846153846155,49.0,199.5408162289096,1371.0,24.03846153846154,75.96153846153845,176.126582278481,212.1927865015624,1.3164556962025316,1.4514812045840297,erratic
22210,104,79,25,14.240384615384615,6.5,27.223096701613354,247.0,24.03846153846154,75.96153846153845,18.746835443037973,29.88416455481465,1.3164556962025316,2.5411266088892797,erratic
21828,104,79,25,10.461538461538462,2.0,24.44169725285967,204.0,24.03846153846154,75.96153846153845,13.772151898734178,27.25235786886207,1.3164556962025316,3.915656248093835,erratic
20767,104,79,25,7.663461538461538,4.0,16.091130389808146,115.0,24.03846153846154,75.96153846153845,10.08860759493671,17.8082305038254,1.3164556962025316,3.115868183260175,erratic
22120,104,79,25,9.51923076923077,8.0,9.507259126665705,40.0,24.03846153846154,75.96153846153845,12.531645569620252,9.00688546163003,1.3164556962025316,0.5165746300089734,erratic
21397,75,57,18,28.573333333333334,12.0,61.05362581555025,424.0,24.0,76.0,37.59649122807018,67.6785626665603,1.3157894736842106,3.2404671466450377,erratic
21794,92,70,22,7.75,4.0,11.260770180362666,72.0,23.91304347826087,76.08695652173913,10.185714285714285,11.919163545623881,1.3142857142857143,1.3693314347922736,erratic
82605,67,51,16,3.970149253731343,2.0,4.585782208329816,19.0,23.880597014925375,76.11940298507463,5.215686274509804,4.597015229429618,1.3137254901960784,0.7768353213861724,erratic
17091A,76,58,18,27.42105263157895,6.0,48.19025161666199,252.0,23.68421052631579,76.3157894736842,35.93103448275862,52.388180690915895,1.3103448275862069,2.1258234399036153,erratic
22924,55,42,13,26.4,12.0,37.19796888122911,150.0,23.636363636363637,76.36363636363636,34.57142857142857,39.153944359221555,1.3095238095238095,1.2826742808784553,erratic
21705,72,55,17,24.458333333333332,12.0,39.40649031407441,223.0,23.61111111111111,76.38888888888889,32.018181818181816,42.36984029947915,1.309090909090909,1.7511377934576522,erratic
22409,89,68,21,18.921348314606742,3.0,81.24153448473335,761.0,23.59550561797753,76.40449438202248,24.764705882352942,92.31485992297648,1.3088235294117647,13.895586471476939,erratic
21536,17,13,4,12.529411764705882,10.0,17.450349735244647,71.0,23.529411764705884,76.47058823529412,16.384615384615383,18.373615419664787,1.3076923076923077,1.257525329336478,erratic
23327,17,13,4,101.76470588235294,50.0,116.24033799189759,354.0,23.529411764705884,76.47058823529412,133.07692307692307,116.19628618452882,1.3076923076923077,0.7623931638210433,erratic
84532B,17,13,4,3.0,3.0,2.6220221204253784,9.0,23.529411764705884,76.47058823529412,3.923076923076923,2.2898885875932358,1.3076923076923077,0.3407022939894913,smooth
85014D,17,13,4,77.58823529411765,7.0,189.50034921588187,686.0,23.529411764705884,76.47058823529412,101.46153846153847,212.73560091680918,1.3076923076923077,4.396200206043626,erratic
21547,68,52,16,10.529411764705882,4.5,32.514736309260684,225.0,23.529411764705884,76.47058823529412,13.76923076923077,36.652376208775635,1.3076923076923077,7.085735127358264,erratic
22910,64,49,15,281.21875,78.5,351.7522788477755,1216.0,23.4375,76.5625,367.3061224489796,360.71596652130796,1.3061224489795917,0.964438185519356,erratic
21651,64,49,15,20.828125,12.0,35.700053215691064,252.0,23.4375,76.5625,27.20408163265306,38.67437760317802,1.3061224489795917,2.0210568396037503,erratic
21247,47,36,11,8.914893617021276,4.0,10.18060771064291,39.0,23.404255319148938,76.59574468085106,11.63888888888889,10.178837367731647,1.3055555555555556,0.7648447792261052,erratic
84912A,94,72,22,5.25531914893617,4.0,5.0544054460616605,19.0,23.404255319148938,76.59574468085106,6.861111111111111,4.721260143181385,1.3055555555555556,0.47350760301123895,smooth
85132A,77,59,18,16.714285714285715,3.0,30.536370524540576,126.0,23.376623376623378,76.62337662337663,21.8135593220339,33.29723742101468,1.305084745762712,2.3300397768688095,erratic
21348,60,46,14,13.816666666666666,6.0,27.26796821172198,169.0,23.333333333333332,76.66666666666667,18.02173913043478,29.9566272618967,1.3043478260869565,2.763073474629392,erratic
23104,30,23,7,3.8666666666666667,2.0,6.605814227572208,33.0,23.333333333333332,76.66666666666667,5.043478260869565,7.163533034306244,1.3043478260869565,2.017410279969732,erratic
22184,60,46,14,6.416666666666667,2.0,9.952925924735744,47.0,23.333333333333332,76.66666666666667,8.369565217391305,10.638209322275111,1.3043478260869565,1.6155904124735294,erratic
22320,103,79,24,5.70873786407767,4.0,8.435023934972103,51.0,23.300970873786408,76.69902912621359,7.443037974683544,8.94247547245518,1.3037974683544304,1.4434942082536837,erratic
22221,103,79,24,8.553398058252426,2.0,30.552663680076073,207.0,23.300970873786408,76.69902912621359,11.151898734177216,34.51572982457343,1.3037974683544304,9.57935984005962,erratic
22172,43,33,10,8.55813953488372,7.0,9.0509203046441,49.0,23.25581395348837,76.74418604651163,11.151515151515152,8.814481025992157,1.303030303030303,0.6247780120215026,erratic
35810A,99,76,23,12.11111111111111,5.0,19.48148722944945,132.0,23.232323232323232,76.76767676767676,15.776315789473685,20.91226031731021,1.3026315789473684,1.7570769079876816,erratic
21357,69,53,16,19.159420289855074,6.0,31.27469527213457,172.0,23.18840579710145,76.81159420289855,24.943396226415093,33.64544493935112,1.3018867924528301,1.8194552597345088,erratic
22311,104,80,24,18.682692307692307,3.0,44.06950917905766,266.0,23.076923076923077,76.92307692307692,24.2875,48.93141512439579,1.3,4.058914702284823,erratic
15044A,104,80,24,47.71153846153846,7.0,345.23794167273337,3523.0,23.076923076923077,76.92307692307692,62.025,393.0643640726001,1.3,40.16000863086276,erratic
22243,104,80,24,73.82692307692308,19.5,136.09080651397835,960.0,23.076923076923077,76.92307692307692,95.975,148.3060447567543,1.3,2.3878193307066753,erratic
35240,26,20,6,1.8846153846153846,1.5,1.861760953010307,7.0,23.076923076923077,76.92307692307692,2.45,1.7614288458371994,1.3,0.5168898923694074,erratic
22509,91,70,21,3.2747252747252746,2.0,4.590003471472747,25.0,23.076923076923077,76.92307692307692,4.257142857142857,4.820504857454802,1.3,1.282178828607407,erratic
23183,39,30,9,5.641025641025641,4.0,5.815076500773789,20.0,23.076923076923077,76.92307692307692,7.333333333333333,5.609925522483885,1.3,0.5852094613850101,erratic
72484,13,10,3,135.84615384615384,73.0,167.45588780026324,484.0,23.076923076923077,76.92307692307692,176.6,171.44043345203667,1.3,0.9424213443508314,erratic
21682,104,80,24,5.3173076923076925,4.0,9.154832585656417,83.0,23.076923076923077,76.92307692307692,6.9125,9.90485592454913,1.3,2.053175327315045,erratic
22473,91,70,21,8.582417582417582,3.0,18.040119446553273,96.0,23.076923076923077,76.92307692307692,11.157142857142857,19.883454424077534,1.3,3.175979485882549,erratic
22071,104,80,24,14.192307692307692,6.0,30.175884708220632,251.0,23.076923076923077,76.92307692307692,18.45,33.28165191859292,1.3,3.2539959443023476,erratic
21873,104,80,24,19.23076923076923,3.0,68.63258457483556,637.0,23.076923076923077,76.92307692307692,25.0,77.42991931458596,1.3,9.592627848101268,erratic
20672,13,10,3,10.307692307692308,10.0,10.451352507248487,32.0,23.076923076923077,76.92307692307692,13.4,9.979979959899719,1.3,0.5546892403653374,erratic
84985B,13,10,3,8.615384615384615,3.0,10.316156111802346,26.0,23.076923076923077,76.92307692307692,11.2,10.47536793307678,1.3,0.8747874149659862,erratic
84968A,104,80,24,5.076923076923077,2.0,8.118888808770015,37.0,23.076923076923077,76.92307692307692,6.6,8.704138401729127,1.3,1.7392567795329588,erratic
20619,104,80,24,5.509615384615385,2.0,11.957850890059099,104.0,23.076923076923077,76.92307692307692,7.1625,13.207634683169076,1.3,3.4003281133068493,erratic
17109B,13,10,3,348.61538461538464,6.0,1066.8246137066094,3888.0,23.076923076923077,76.92307692307692,453.2,1210.2983837788836,1.3,7.131897687922161,erratic
17084N,104,80,24,25.846153846153847,8.0,41.5200897053601,250.0,23.076923076923077,76.92307692307692,33.6,44.54001187952073,1.3,1.7572036726082836,erratic
17129D,13,10,3,85.46153846153847,29.0,152.05405584013832,525.0,23.076923076923077,76.92307692307692,111.1,166.3199393404838,1.3,2.2410962968484065,erratic
85232D,104,80,24,6.634615384615385,4.0,10.160897533465546,78.0,23.076923076923077,76.92307692307692,8.625,10.827034845436852,1.3,1.5757991486736913,erratic
21846,104,80,24,15.298076923076923,2.0,40.28728865701724,312.0,23.076923076923077,76.92307692307692,19.8875,44.98579065393308,1.3,5.116704431021587,erratic
22931,52,40,12,15.346153846153847,3.0,30.34112243156538,160.0,23.076923076923077,76.92307692307692,19.95,33.31123626553752,1.3,2.7880188228427256,erratic
21462,104,80,24,3.1346153846153846,2.0,3.1808214494613254,19.0,23.076923076923077,76.92307692307692,4.075,3.0513537149388115,1.3,0.560699130184554,erratic
21548,48,37,11,13.854166666666666,4.0,38.416524360900105,226.0,22.916666666666668,77.08333333333333,17.972972972972972,43.01968960480414,1.2972972972972974,5.72920948989014,erratic
84459B,70,54,16,21.071428571428573,3.0,36.22767035539108,192.0,22.857142857142858,77.14285714285714,27.314814814814813,39.17778735027251,1.2962962962962963,2.057232081433985,erratic
22479,92,71,21,20.98913043478261,10.0,56.24055370063695,393.0,22.82608695652174,77.17391304347827,27.197183098591548,62.77456712448122,1.295774647887324,5.327452707672682,erratic
23134,22,17,5,48.40909090909091,2.5,107.98882618163131,408.0,22.727272727272727,77.27272727272728,62.64705882352941,119.82536312091369,1.2941176470588236,3.6584416672177036,erratic
21214,44,34,10,45.18181818181818,27.0,77.17370100526405,452.0,22.727272727272727,77.27272727272728,58.470588235294116,83.4266999242422,1.2941176470588236,2.0358004376481436,erratic
21099,22,17,5,602.9545454545455,4.5,2760.0741963331475,12960.0,22.727272727272727,77.27272727272728,780.2941176470588,3138.7277630575472,1.2941176470588236,16.180451346319884,erratic
85116,97,75,22,18.49484536082474,6.0,35.01461709990444,192.0,22.68041237113402,77.31958762886597,23.92,38.19677360083588,1.2933333333333332,2.5499461581692198,erratic
23070,31,24,7,5.129032258064516,4.0,5.103867393025744,19.0,22.580645161290324,77.41935483870968,6.625,4.861673535442028,1.2916666666666667,0.5385174981039207,erratic
84510B,31,24,7,35.483870967741936,25.0,45.442909947714945,163.0,22.580645161290324,77.41935483870968,45.833333333333336,46.88901481311937,1.2916666666666667,1.046596622349982,erratic
21735,93,72,21,9.021505376344086,4.0,20.353387974905704,173.0,22.580645161290324,77.41935483870968,11.652777777777779,22.48765528156721,1.2916666666666667,3.724169351510334,erratic
21725,102,79,23,11.0,6.0,14.772197594879996,90.0,22.54901960784314,77.45098039215686,14.20253164556962,15.378456248451085,1.2911392405063291,1.1724489757676297,erratic
20692,40,31,9,19.8,9.0,29.224331274839095,112.0,22.5,77.5,25.548387096774192,30.96001583728861,1.2903225806451613,1.4685048081828387,erratic
22461,76,59,17,5.394736842105263,2.5,8.510509498838747,48.0,22.36842105263158,77.63157894736842,6.9491525423728815,9.092292546557863,1.2881355932203389,1.7119186034585314,erratic
21576,103,80,23,6.679611650485437,5.0,6.881651637468347,30.0,22.33009708737864,77.66990291262135,8.6,6.664852073719039,1.2875,0.6005983391638315,erratic
16256B,27,21,6,19.37037037037037,8.0,22.245393902054193,72.0,22.22222222222222,77.77777777777777,24.904761904761905,22.32913962047074,1.2857142857142858,0.8038577262374375,erratic
84458,9,7,2,13.777777777777779,9.0,15.262517631257447,46.0,22.22222222222222,77.77777777777777,17.714285714285715,15.140610794749835,1.2857142857142858,0.7305324314949703,erratic
84447,9,7,2,7.666666666666667,5.0,6.5383484153110105,18.0,22.22222222222222,77.77777777777777,9.857142857142858,5.639993245521116,1.2857142857142858,0.32738220261849743,smooth
23544,9,7,2,18.11111111111111,4.0,43.56731700611263,134.0,22.22222222222222,77.77777777777777,23.285714285714285,48.89006131350313,1.2857142857142858,4.408207560189194,erratic
21532,45,35,10,30.733333333333334,3.0,170.29605237510776,1147.0,22.22222222222222,77.77777777777777,39.51428571428571,192.80352258018456,1.2857142857142858,23.807931107031244,erratic
47505,27,21,6,26.703703703703702,23.0,26.531280253859443,102.0,22.22222222222222,77.77777777777777,34.333333333333336,25.2988800806149,1.2857142857142858,0.5429635215383164,erratic
22977,54,42,12,18.425925925925927,13.5,21.52804388825857,120.0,22.22222222222222,77.77777777777777,23.69047619047619,21.710386516470432,1.2857142857142858,0.8398225469792892,erratic
20702,99,77,22,7.8686868686868685,6.0,9.479996625167814,56.0,22.22222222222222,77.77777777777777,10.116883116883116,9.635425353151703,1.2857142857142858,0.9070856937380378,erratic
23540,9,7,2,16.555555555555557,1.0,45.186035207548116,137.0,22.22222222222222,77.77777777777777,21.285714285714285,51.03826762248854,1.2857142857142858,5.749305586835428,erratic
84912B,104,81,23,4.980769230769231,3.5,5.4523189494756314,26.0,22.115384615384617,77.88461538461539,6.395061728395062,5.39601476171461,1.2839506172839505,0.7119619378065324,erratic
22314,104,81,23,9.673076923076923,5.5,16.856586571099648,120.0,22.115384615384617,77.88461538461539,12.419753086419753,18.201555014291266,1.2839506172839505,2.1477862694607697,erratic
21537,104,81,23,9.35576923076923,6.0,11.15201080673827,68.0,22.115384615384617,77.88461538461539,12.012345679012345,11.305412229503723,1.2839506172839505,0.8857622403031914,erratic
20655,104,81,23,3.8846153846153846,3.0,4.715822761369878,25.0,22.115384615384617,77.88461538461539,4.987654320987654,4.802327110788304,1.2839506172839505,0.9270662802666403,erratic
21756,104,81,23,14.942307692307692,13.0,13.28100104651792,56.0,22.115384615384617,77.88461538461539,19.185185185185187,12.028207587906765,1.2839506172839505,0.39306994529002276,smooth
22173,104,81,23,47.48076923076923,43.5,53.31059035560132,410.0,22.115384615384617,77.88461538461539,60.96296296296296,53.168704245177075,1.2839506172839505,0.7606415050883691,erratic
21789,104,81,23,27.509615384615383,24.0,36.13539673143237,202.0,22.115384615384617,77.88461538461539,35.32098765432099,37.440895809426706,1.2839506172839505,1.123638947696737,erratic
21742,104,81,23,4.028846153846154,2.0,4.759164344467941,24.0,22.115384615384617,77.88461538461539,5.172839506172839,4.81349697064616,1.2839506172839505,0.8658913426102609,erratic
22119,104,81,23,7.423076923076923,3.5,10.333931579845979,48.0,22.115384615384617,77.88461538461539,9.530864197530864,10.823685162357005,1.2839506172839505,1.2896912081532397,erratic
15044D,104,81,23,15.259615384615385,7.0,23.49674432821262,117.0,22.115384615384617,77.88461538461539,19.59259259259259,24.997388752516617,1.2839506172839505,1.6278165994261027,erratic
72802B,100,78,22,15.52,6.0,42.02127407334854,333.0,22.0,78.0,19.897435897435898,46.712602861190106,1.2820512820512822,5.511551957713878,erratic
21082,82,64,18,87.45121951219512,3.0,478.47298651611965,3109.0,21.951219512195124,78.04878048780488,112.046875,539.9510980117066,1.28125,23.222520786809582,erratic
47592A,41,32,9,7.682926829268292,5.0,9.644788811555813,47.0,21.951219512195124,78.04878048780488,9.84375,9.903109238044646,1.28125,1.0120966522809847,erratic
85041,32,25,7,55.40625,9.0,157.3081749152322,878.0,21.875,78.125,70.92,175.54864473036147,1.28,6.127135829402771,erratic
22952,64,50,14,506.796875,160.0,701.4533705822438,3082.0,21.875,78.125,648.7,733.9534059058628,1.28,1.2801155833879427,erratic
85232A,78,61,17,4.67948717948718,3.0,6.228325721415129,32.0,21.794871794871796,78.2051282051282,5.983606557377049,6.4691364783838265,1.278688524590164,1.1688709576530933,erratic
17129F,101,79,22,15.613861386138614,8.0,21.631444841725067,98.0,21.782178217821784,78.21782178217822,19.962025316455698,22.62710142555665,1.2784810126582278,1.284838799899342,erratic
82587,23,18,5,5.434782608695652,4.0,6.294485948803428,26.0,21.73913043478261,78.26086956521739,6.944444444444445,6.338233398540881,1.2777777777777777,0.8330315294117647,erratic
84596E,69,54,15,16.130434782608695,9.0,23.906012684160505,140.0,21.73913043478261,78.26086956521739,20.61111111111111,25.281372564442353,1.2777777777777777,1.5045218124864894,erratic
72800A,23,18,5,29.0,3.0,79.2653770570733,293.0,21.73913043478261,78.26086956521739,37.05555555555556,88.40180476080408,1.2777777777777777,5.6913540760266335,erratic
22795,60,47,13,25.8,20.5,23.202717549781,96.0,21.666666666666668,78.33333333333333,32.93617021276596,21.221814305218587,1.2765957446808511,0.415163173751345,smooth
22797,60,47,13,4.0,2.0,5.51423427694335,31.0,21.666666666666668,78.33333333333333,5.1063829787234045,5.764335787194399,1.2765957446808511,1.2743002717391307,erratic
84676,37,29,8,22.81081081081081,7.0,44.61865444322952,235.0,21.62162162162162,78.37837837837839,29.103448275862068,48.6821651323197,1.2758620689655173,2.798020376419476,erratic
35241,74,58,16,4.162162162162162,3.0,5.117862961081675,27.0,21.62162162162162,78.37837837837839,5.310344827586207,5.228823276939469,1.2758620689655173,0.9695327456776534,erratic
22353,74,58,16,39.9054054054054,16.5,47.33389671895308,204.0,21.62162162162162,78.37837837837839,50.91379310344828,47.94890719452764,1.2758620689655173,0.8869242315942959,erratic
22403,88,69,19,19.34090909090909,9.5,34.37149526163178,229.0,21.59090909090909,78.4090909090909,24.666666666666668,37.124063334061,1.2753623188405796,2.2651140806943664,erratic
37501,88,69,19,5.261363636363637,3.0,6.95716668149217,35.0,21.59090909090909,78.4090909090909,6.7101449275362315,7.215386845597975,1.2753623188405796,1.1562598356379996,erratic
22937,51,40,11,18.784313725490197,9.0,22.948911717543556,75.0,21.568627450980394,78.43137254901961,23.95,23.415916129955885,1.275,0.9558973822553566,erratic
22250,102,80,22,14.892156862745098,5.0,21.70272002971106,128.0,21.568627450980394,78.43137254901961,18.9875,22.878597455241604,1.275,1.4518549189838608,erratic
85226A,51,40,11,32.705882352941174,14.0,72.0242442841706,501.0,21.568627450980394,78.43137254901961,41.7,79.15781057077673,1.275,3.6034245837051064,erratic
21734,14,11,3,6.285714285714286,4.0,7.108267899247505,25.0,21.428571428571427,78.57142857142857,8.0,7.113367697511496,1.2727272727272727,0.790625,erratic
85165,28,22,6,3.142857142857143,1.0,3.903600291794133,14.0,21.428571428571427,78.57142857142857,4.0,4.0,1.2727272727272727,1.0,erratic
82607C,14,11,3,7.714285714285714,4.5,9.433398697659873,33.0,21.428571428571427,78.57142857142857,9.818181818181818,9.6417652099414,1.2727272727272727,0.9643861454046637,erratic
72807A,103,81,22,8.78640776699029,4.0,14.515475504654113,85.0,21.359223300970875,78.64077669902912,11.17283950617284,15.544926924447722,1.271604938271605,1.9357543725771493,erratic
22251,103,81,22,18.145631067961165,7.0,31.04658352173969,199.0,21.359223300970875,78.64077669902912,23.074074074074073,33.37393360759927,1.271604938271605,2.092021917970571,erratic
22405,89,70,19,17.370786516853933,12.0,24.78057433045265,173.0,21.348314606741575,78.65168539325842,22.085714285714285,26.02938298285053,1.2714285714285714,1.3890083219779934,erratic
22410,89,70,19,14.438202247191011,6.0,19.73457686407504,101.0,21.348314606741575,78.65168539325842,18.357142857142858,20.58424592070896,1.2714285714285714,1.2573603128639006,erratic
22705,80,63,17,46.35,50.0,39.99433504189109,200.0,21.25,78.75,58.857142857142854,35.91830207516962,1.2698412698412698,0.37242021381724,smooth
21323,33,26,7,21.575757575757574,4.0,64.3248738353943,300.0,21.21212121212121,78.78787878787878,27.384615384615383,71.62964577495936,1.2692307692307692,6.8418305769473555,erratic
20684,85,67,18,6.705882352941177,4.0,10.994396331781028,86.0,21.176470588235293,78.82352941176471,8.507462686567164,11.759423216024953,1.2686567164179106,1.9106095115513402,erratic
22217,104,82,22,20.298076923076923,9.5,31.07550460663724,186.0,21.153846153846153,78.84615384615384,25.74390243902439,32.955192541497226,1.2682926829268293,1.6386980800231106,erratic
20686,104,82,22,5.471153846153846,3.0,6.943540311236875,52.0,21.153846153846153,78.84615384615384,6.939024390243903,7.1411648961126675,1.2682926829268293,1.059110551789822,erratic
37340,104,82,22,130.98076923076923,7.0,688.327013342125,4995.0,21.153846153846153,78.84615384615384,166.1219512195122,772.3788552617199,1.2682926829268293,21.617561581565354,erratic
22086,104,82,22,303.2019230769231,18.5,525.071023948609,2153.0,21.153846153846153,78.84615384615384,384.5487804878049,564.7237531255201,1.2682926829268293,2.1565981759425785,erratic
21949,104,82,22,24.625,7.5,96.84681002310032,974.0,21.153846153846153,78.84615384615384,31.23170731707317,108.24917514930942,1.2682926829268293,12.013173221041338,erratic
82001S,104,82,22,27.26923076923077,13.0,39.99058888541826,216.0,21.153846153846153,78.84615384615384,34.58536585365854,42.15988123402351,1.2682926829268293,1.4859835758195417,erratic
21169,104,82,22,83.92307692307692,48.0,104.45723724922846,553.0,21.153846153846153,78.84615384615384,106.4390243902439,106.99868437647115,1.2682926829268293,1.010543714488168,erratic
21061,104,82,22,13.423076923076923,8.0,30.292327301698833,288.0,21.153846153846153,78.84615384615384,17.024390243902438,33.23837422661561,1.2682926829268293,3.8118553730781857,erratic
22262,104,82,22,19.33653846153846,10.0,25.271577563769412,114.0,21.153846153846153,78.84615384615384,24.524390243902438,26.14027950475224,1.2682926829268293,1.1361195091423073,erratic
22696,71,56,15,19.788732394366196,9.0,24.50534372799868,99.0,21.12676056338028,78.87323943661971,25.089285714285715,25.077535608743382,1.2678571428571428,0.9990635561168862,erratic
20966,90,71,19,32.08888888888889,13.0,46.629219860715835,209.0,21.11111111111111,78.88888888888889,40.67605633802817,49.093431230049895,1.267605633802817,1.4566965553188995,erratic
22953,57,45,12,13.31578947368421,6.0,24.146988790927388,164.0,21.05263157894737,78.94736842105263,16.866666666666667,26.09301543604063,1.2666666666666666,2.393260748843557,erratic
85036A,100,79,21,6.15,2.0,10.670808854822658,57.0,21.0,79.0,7.784810126582278,11.473124544885769,1.2658227848101267,2.172037740389913,erratic
37413,43,34,9,16.0,7.0,28.527346946562062,156.0,20.930232558139537,79.06976744186046,20.235294117647058,30.780807502678254,1.2647058823529411,2.313880762738253,erratic
22472,91,72,19,11.362637362637363,5.0,23.913044549653222,193.0,20.87912087912088,79.12087912087912,14.36111111111111,26.099649533859594,1.2638888888888888,3.3028835855730145,erratic
21330,48,38,10,29.4375,15.5,62.69443161333508,415.0,20.833333333333332,79.16666666666667,37.18421052631579,68.53519721623331,1.263157894736842,3.397114642060347,erratic
23223,24,19,5,32.625,24.5,35.58921734604946,120.0,20.833333333333332,79.16666666666667,41.21052631578947,35.28389457492283,1.263157894736842,0.7330552515395173,erratic
21486,53,42,11,20.20754716981132,9.0,37.71163791527146,217.0,20.754716981132077,79.24528301886792,25.5,40.810239030862064,1.2619047619047619,2.5612850592173744,erratic
85170A,53,42,11,15.830188679245284,4.0,31.767627359320343,169.0,20.754716981132077,79.24528301886792,19.976190476190474,34.57017472121767,1.2619047619047619,2.994868846320443,erratic
21188,87,69,18,10.344827586206897,7.0,12.342804688813924,65.0,20.689655172413794,79.3103448275862,13.043478260869565,12.528126922823436,1.2608695652173914,0.9225405228758172,erratic
47503K,29,23,6,108.6896551724138,3.0,535.5481239846221,2892.0,20.689655172413794,79.3103448275862,137.04347826086956,600.8085066475666,1.2608695652173914,19.220089273165318,erratic
22481,92,73,19,12.58695652173913,10.0,13.722646857997104,76.0,20.652173913043477,79.34782608695653,15.863013698630137,13.613019777336074,1.2602739726027397,0.7364403104367042,erratic
10133,92,73,19,40.78260869565217,14.0,61.83207071531811,245.0,20.652173913043477,79.34782608695653,51.397260273972606,65.41379818042712,1.2602739726027397,1.6197903012099617,erratic
85060,34,27,7,42.529411764705884,24.0,61.817539579341826,312.0,20.58823529411765,79.41176470588235,53.55555555555556,65.09243920015321,1.2592592592592593,1.4772433193431456,erratic
21474,34,27,7,6.176470588235294,5.0,6.259395789580962,24.0,20.58823529411765,79.41176470588235,7.777777777777778,6.06587766072411,1.2592592592592593,0.6082417582417583,erratic
22400,88,70,18,27.738636363636363,13.5,49.28861618543824,372.0,20.454545454545453,79.54545454545455,34.871428571428574,53.01679291755528,1.2571428571428571,2.311465560297734,erratic
21542,44,35,9,41.36363636363637,34.0,41.22377441679764,212.0,20.454545454545453,79.54545454545455,52.0,39.74773393466823,1.2571428571428571,0.5842760180995475,erratic
22036,44,35,9,37.20454545454545,24.5,38.30087711999134,180.0,20.454545454545453,79.54545454545455,46.77142857142857,37.345041181398315,1.2571428571428571,0.6375358560866298,erratic
22194,88,70,18,4.136363636363637,2.5,5.803648908045514,37.0,20.454545454545453,79.54545454545455,5.2,6.071076594352335,1.2571428571428571,1.3630906440270987,erratic
35811A,44,35,9,9.727272727272727,3.0,15.861850732751085,73.0,20.454545454545453,79.54545454545455,12.228571428571428,16.93254039917661,1.2571428571428571,1.917312005158427,erratic
84818,98,78,20,18.214285714285715,6.0,34.09122086705294,198.0,20.408163265306122,79.59183673469389,22.884615384615383,36.821429661512084,1.2564102564102564,2.588892742734985,erratic
21467,103,82,21,9.825242718446601,4.0,18.206025281707074,114.0,20.388349514563107,79.6116504854369,12.341463414634147,19.64576385224436,1.2560975609756098,2.5339877937689708,erratic
15044C,103,82,21,9.359223300970873,4.0,14.659437413256247,73.0,20.388349514563107,79.6116504854369,11.75609756097561,15.559174956394623,1.2560975609756098,1.7516477095312393,erratic
22909,64,51,13,260.0,55.0,358.11517168430066,1831.0,20.3125,79.6875,326.27450980392155,373.54304054185627,1.2549019607843137,1.3107353348049184,erratic
22514,89,71,18,12.044943820224718,4.0,30.2917293364045,258.0,20.224719101123597,79.7752808988764,15.098591549295774,33.26824093833011,1.2535211267605635,4.854972820465895,erratic
22533,89,71,18,50.70786516853933,24.0,86.10540610300514,576.0,20.224719101123597,79.7752808988764,63.563380281690144,92.15107663805844,1.2535211267605635,2.101778076556162,erratic
22406,89,71,18,26.93258426966292,7.0,91.79693470729157,773.0,20.224719101123597,79.7752808988764,33.76056338028169,101.7827468945123,1.2535211267605635,9.089269154434781,erratic
22312,104,83,21,11.326923076923077,4.5,20.88267842978463,149.0,20.192307692307693,79.8076923076923,14.19277108433735,22.50769940423385,1.2530120481927711,2.514941090475297,erratic
84559A,104,83,21,11.846153846153847,7.0,14.256845898248068,76.0,20.192307692307693,79.8076923076923,14.843373493975903,14.501036067031132,1.2530120481927711,0.9544052827616637,erratic
21288,104,83,21,9.278846153846153,4.0,16.307992400398074,125.0,20.192307692307693,79.8076923076923,11.626506024096386,17.505198421885925,1.2530120481927711,2.2669170755279735,erratic
21389,104,83,21,21.990384615384617,14.0,25.166048631720667,107.0,20.192307692307693,79.8076923076923,27.55421686746988,25.305091077492683,1.2530120481927711,0.843411784839375,erratic
21788,104,83,21,31.634615384615383,24.5,40.62307386138723,181.0,20.192307692307693,79.8076923076923,39.63855421686747,41.85357120096759,1.2530120481927711,1.1148833508604672,erratic
22192,104,83,21,13.403846153846153,13.5,12.216111620386114,72.0,20.192307692307693,79.8076923076923,16.795180722891565,11.39293644683297,1.2530120481927711,0.46015271283218845,smooth
85049A,104,83,21,57.60576923076923,7.0,89.97177748100712,412.0,20.192307692307693,79.8076923076923,72.18072289156626,95.41042850634169,1.2530120481927711,1.74722662191207,erratic
21428,104,83,21,25.28846153846154,12.0,45.45512522544231,309.0,20.192307692307693,79.8076923076923,31.686746987951807,48.888606012295426,1.2530120481927711,2.380455110124408,erratic
22117,104,83,21,16.701923076923077,2.5,77.53193890045527,755.0,20.192307692307693,79.8076923076923,20.927710843373493,86.37789677928566,1.2530120481927711,17.03577118395326,erratic
23087,30,24,6,28.666666666666668,17.0,34.59453149264205,160.0,20.0,80.0,35.833333333333336,35.22803560736283,1.25,0.966501281538787,erratic
37345,5,4,1,61.0,6.0,122.60097878891506,280.0,20.0,80.0,76.25,135.9813099902581,1.25,3.1803780345785184,erratic
21438,15,12,3,23.533333333333335,1.0,59.75888059128793,232.0,20.0,80.0,29.416666666666668,66.00200869303261,1.25,5.034164320540104,erratic
84029C,5,4,1,31.4,8.0,37.83913318246072,82.0,20.0,80.0,39.25,38.70723446592381,1.25,0.9725343827335795,erratic
23271,25,20,5,67.16,38.0,74.96703720080357,262.0,20.0,80.0,83.95,74.9353932257297,1.25,0.7967692783318492,erratic
22325,100,80,20,6.89,3.0,13.720069352241008,97.0,20.0,80.0,8.6125,14.861805391461386,1.25,2.9777255709342803,erratic
21665,25,20,5,34.2,23.0,39.87375912384819,147.0,20.0,80.0,42.75,40.29349562241633,1.25,0.8883777104606184,erratic
21649,5,4,1,74.8,56.0,73.15189676283178,188.0,20.0,80.0,93.5,69.30848913853676,1.25,0.5494771559571813,erratic
23305,5,4,1,11.6,5.0,13.277801022759755,26.0,20.0,80.0,14.5,13.379088160259652,1.25,0.8513674197384068,erratic
21283,51,41,10,10.019607843137255,5.0,13.309380445502985,67.0,19.607843137254903,80.3921568627451,12.463414634146341,13.791478457684676,1.2439024390243902,1.2244683499220668,erratic
22607,87,70,17,28.862068965517242,17.0,36.504594299511574,165.0,19.54022988505747,80.45977011494253,35.871428571428574,37.4943170297021,1.2428571428571429,1.0925304473406083,erratic
21529,41,33,8,11.926829268292684,8.0,13.502574280303813,59.0,19.51219512195122,80.48780487804878,14.818181818181818,13.554184191271307,1.2424242424242424,0.8366752606421014,erratic
21795,36,29,7,12.13888888888889,3.0,54.049793327358415,327.0,19.444444444444443,80.55555555555556,15.068965517241379,60.04993816725897,1.2413793103448276,15.880283486549427,erratic
21796,36,29,7,8.88888888888889,2.0,37.809883649481144,229.0,19.444444444444443,80.55555555555556,11.03448275862069,41.98169903883348,1.2413793103448276,14.474916294642856,erratic
22209,103,83,20,12.728155339805825,12.0,13.738591826944914,62.0,19.41747572815534,80.58252427184466,15.795180722891565,13.62902125589986,1.2409638554216869,0.7445264637440765,erratic
21465,103,83,20,7.669902912621359,5.0,22.17240306853587,222.0,19.41747572815534,80.58252427184466,9.518072289156626,24.366290912323503,1.2409638554216869,6.553613906464334,erratic
22559,88,71,17,17.954545454545453,9.0,26.440090202303697,118.0,19.318181818181817,80.68181818181819,22.253521126760564,27.781658034372846,1.2394366197183098,1.5585432050724475,erratic
16238,104,84,20,22.78846153846154,10.0,26.45996172161226,114.0,19.23076923076923,80.76923076923077,28.214285714285715,26.719007010520194,1.2380952380952381,0.8968142655544467,erratic
21439,104,84,20,21.278846153846153,6.0,57.41003206043334,549.0,19.23076923076923,80.76923076923077,26.345238095238095,62.88898117281497,1.2380952380952381,5.6982941273259575,erratic
37449,104,84,20,22.153846153846153,8.0,33.39721784551464,235.0,19.23076923076923,80.76923076923077,27.428571428571427,35.18121271438888,1.2380952380952381,1.6451868672607097,erratic
85114B,104,84,20,18.451923076923077,6.0,38.458117379590675,284.0,19.23076923076923,80.76923076923077,22.845238095238095,41.63944320068546,1.2380952380952381,3.322143972991978,erratic
21584,104,84,20,34.80769230769231,21.0,59.65321741549997,485.0,19.23076923076923,80.76923076923077,43.095238095238095,63.675120266132836,1.2380952380952381,2.1831369432431953,erratic
22066,104,84,20,32.75961538461539,14.5,45.07415576910162,208.0,19.23076923076923,80.76923076923077,40.55952380952381,46.91554863139692,1.2380952380952381,1.337974707116346,erratic
21972,104,84,20,10.115384615384615,5.0,12.870759886067706,74.0,19.23076923076923,80.76923076923077,12.523809523809524,13.230556263725992,1.2380952380952381,1.1160490971388919,erratic
21677,104,84,20,20.134615384615383,16.5,21.35236404560563,111.0,19.23076923076923,80.76923076923077,24.928571428571427,21.091187969926878,1.2380952380952381,0.7158257252126544,erratic
35004B,104,84,20,13.826923076923077,7.0,18.944191059706057,104.0,19.23076923076923,80.76923076923077,17.11904761904762,19.705912978366623,1.2380952380952381,1.3250550488963964,erratic
21894,104,84,20,12.634615384615385,6.0,16.80271458206569,96.0,19.23076923076923,80.76923076923077,15.642857142857142,17.39937878488275,1.2380952380952381,1.237186941297435,erratic
21055,104,84,20,3.605769230769231,2.0,4.058834949848543,18.0,19.23076923076923,80.76923076923077,4.464285714285714,4.070009113312163,1.2380952380952381,0.831164144578313,erratic
21408,104,84,20,5.903846153846154,3.0,12.867901836928954,104.0,19.23076923076923,80.76923076923077,7.309523809523809,13.967238940675866,1.2380952380952381,3.651261647721934,erratic
21153,42,34,8,8.976190476190476,6.5,13.234264646867299,83.0,19.047619047619047,80.95238095238095,11.088235294117647,13.909594785416079,1.2352941176470589,1.5736353039929372,erratic
85231L,21,17,4,42.80952380952381,25.0,61.075051410227275,217.0,19.047619047619047,80.95238095238095,52.88235294117647,64.0057442275117,1.2352941176470589,1.4649282789801052,erratic
21667,58,47,11,6.068965517241379,4.5,6.098208160658333,23.0,18.96551724137931,81.0344827586207,7.48936170212766,5.93395659640906,1.2340425531914894,0.6277679213079409,erratic
22347,37,30,7,70.83783783783784,20.0,131.24987058480679,526.0,18.91891891891892,81.08108108108108,87.36666666666666,141.0347189667246,1.2333333333333334,2.6059167806033376,erratic
21324,74,60,14,13.621621621621621,6.5,38.341901933911195,315.0,18.91891891891892,81.08108108108108,16.8,42.00758607841675,1.2333333333333334,6.252257965333023,erratic
22359,90,73,17,14.177777777777777,4.0,75.2899381160796,716.0,18.88888888888889,81.11111111111111,17.47945205479452,83.35751475639287,1.2328767123287672,22.742273989080083,erratic
22740,53,43,10,251.79245283018867,145.0,303.3945361362486,1594.0,18.867924528301888,81.13207547169812,310.3488372093023,308.80236272542703,1.2325581395348837,0.9900587903531209,erratic
84925A,16,13,3,11.125,2.0,35.58628012778708,144.0,18.75,81.25,13.692307692307692,39.30518332100024,1.2307692307692308,8.240363169633463,erratic
23283,32,26,6,30.125,22.5,39.23934003588251,173.0,18.75,81.25,37.07692307692308,40.51165074585145,1.2307692307692308,1.1938575437750725,erratic
22474,91,74,17,10.021978021978022,4.0,22.780097561969423,194.0,18.681318681318682,81.31868131868131,12.324324324324325,24.71875119208316,1.2297297297297298,4.022784934879859,erratic
22558,86,70,16,157.61627906976744,133.0,146.81810824399258,624.0,18.6046511627907,81.3953488372093,193.64285714285714,139.55841701536445,1.2285714285714286,0.5194085634869995,erratic
20734,70,57,13,22.114285714285714,8.0,54.306308614004536,366.0,18.571428571428573,81.42857142857143,27.157894736842106,59.11332623314191,1.2280701754385965,4.737820395194311,erratic
21448,97,79,18,9.68041237113402,3.0,14.6668179857861,101.0,18.556701030927837,81.44329896907216,11.886075949367088,15.433884917129042,1.2278481012658229,1.6860618942808205,erratic
22496,97,79,18,6.391752577319588,4.0,8.217811829889861,36.0,18.556701030927837,81.44329896907216,7.848101265822785,8.458175543701802,1.2278481012658229,1.161513314122575,erratic
23217,27,22,5,47.666666666666664,27.0,60.51446108162907,212.0,18.51851851851852,81.48148148148148,58.5,62.20913269348955,1.2272727272727273,1.1308280197169087,erratic
85231E,27,22,5,27.11111111111111,15.0,34.266302502305194,116.0,18.51851851851852,81.48148148148148,33.27272727272727,35.19900136324462,1.2272727272727273,1.1191386226323066,erratic
23214,27,22,5,29.0,25.0,29.055649523470805,96.0,18.51851851851852,81.48148148148148,35.59090909090909,28.275277929515426,1.2272727272727273,0.6311543830077029,erratic
37370,103,84,19,68.0,39.0,87.42133718994714,508.0,18.446601941747574,81.55339805825243,83.38095238095238,89.96691557387761,1.2261904761904763,1.1642117014847206,erratic
21765,49,40,9,7.285714285714286,5.0,9.903703011163719,58.0,18.367346938775512,81.63265306122449,8.925,10.281642839895747,1.225,1.3271150591961267,erratic
22838,60,49,11,15.233333333333333,8.0,23.00358606286012,121.0,18.333333333333332,81.66666666666667,18.653061224489797,24.193276459593896,1.2244897959183674,1.6822446081459173,erratic
22458,60,49,11,25.383333333333333,11.0,53.348896916992445,324.0,18.333333333333332,81.66666666666667,31.081632653061224,57.59804566081716,1.2244897959183674,3.4340597631386944,erratic
22482,71,58,13,32.66197183098591,16.0,41.84663961998513,151.0,18.309859154929576,81.69014084507043,39.98275862068966,43.04281482484594,1.2241379310344827,1.1589263016089166,erratic
22277,104,85,19,13.317307692307692,6.0,24.173428573369243,149.0,18.26923076923077,81.73076923076923,16.294117647058822,25.83501846857688,1.223529411764706,2.513945494005184,erratic
21429,104,85,19,59.38461538461539,37.0,65.48435041569243,350.0,18.26923076923077,81.73076923076923,72.65882352941176,65.4383666661445,1.223529411764706,0.8111257308741268,erratic
11001,104,85,19,45.68269230769231,18.5,88.83367948113393,627.0,18.26923076923077,81.73076923076923,55.89411764705882,95.38780788736797,1.223529411764706,2.912416798180736,erratic
85203,104,85,19,13.836538461538462,5.0,21.103126615503278,124.0,18.26923076923077,81.73076923076923,16.929411764705883,22.205634331818388,1.223529411764706,1.7204522804697817,erratic
85059,104,85,19,6.6826923076923075,4.0,10.516989881912549,65.0,18.26923076923077,81.73076923076923,8.176470588235293,11.102527029581015,1.223529411764706,1.8437919756692083,erratic
21159,104,85,19,19.75,4.0,51.987255719854595,440.0,18.26923076923077,81.73076923076923,24.16470588235294,56.62193901299246,1.223529411764706,5.490431129251033,erratic
21204,104,85,19,15.298076923076923,7.5,33.62467881470518,313.0,18.26923076923077,81.73076923076923,18.71764705882353,36.35362422644762,1.223529411764706,3.772184443182646,erratic
84598,104,85,19,193.875,15.5,462.03197652337565,2884.0,18.26923076923077,81.73076923076923,237.21176470588236,501.35502329562183,1.223529411764706,4.467024069381874,erratic
84519B,104,85,19,7.596153846153846,3.0,10.696627933192318,57.0,18.26923076923077,81.73076923076923,9.294117647058824,11.150297379561724,1.223529411764706,1.4393173789304212,erratic
22211,104,85,19,14.25,12.0,16.211436691781838,85.0,18.26923076923077,81.73076923076923,17.435294117647057,16.3112925087291,1.223529411764706,0.8752219401058097,erratic
84880,104,85,19,16.567307692307693,9.0,26.46733264867229,222.0,18.26923076923077,81.73076923076923,20.270588235294117,27.982302330177895,1.223529411764706,1.9056107127711177,erratic
22074,104,85,19,19.096153846153847,7.5,42.486895576672715,289.0,18.26923076923077,81.73076923076923,23.36470588235294,45.96216017624963,1.223529411764706,3.869726102426381,erratic
51014C,104,85,19,40.29807692307692,23.0,57.77876786228091,312.0,18.26923076923077,81.73076923076923,49.305882352941175,60.366149362001856,1.223529411764706,1.4989580460161398,erratic
22070,104,85,19,17.10576923076923,8.0,31.386076397593072,269.0,18.26923076923077,81.73076923076923,20.929411764705883,33.56968169958966,1.223529411764706,2.5726481993882158,erratic
22191,104,85,19,18.701923076923077,13.0,36.64335588133888,356.0,18.26923076923077,81.73076923076923,22.88235294117647,39.3656279140118,1.223529411764706,2.95959991704799,erratic
22913,55,45,10,8.145454545454545,4.0,17.154438127631796,111.0,18.181818181818183,81.81818181818181,9.955555555555556,18.512840206874053,1.2222222222222223,3.4579212988462427,erratic
22060,77,63,14,9.454545454545455,3.0,17.472945594581244,97.0,18.181818181818183,81.81818181818181,11.555555555555555,18.696884144223308,1.2222222222222223,2.6179226713113186,erratic
85117,22,18,4,15.227272727272727,7.5,21.90440664119963,80.0,18.181818181818183,81.81818181818181,18.61111111111111,22.93504610567158,1.2222222222222223,1.5186392881946722,erratic
22522,88,72,16,25.431818181818183,13.0,39.34690846625208,224.0,18.181818181818183,81.81818181818181,31.083333333333332,41.45989068016541,1.2222222222222223,1.7791031709451113,erratic
22967,22,18,4,52.95454545454545,56.0,57.533822162626144,242.0,18.181818181818183,81.81818181818181,64.72222222222223,57.29367643533729,1.2222222222222223,0.7836218581816484,erratic
22420,83,68,15,25.120481927710845,12.0,35.62521633322812,152.0,18.072289156626507,81.92771084337349,30.66176470588235,37.1598444376504,1.2205882352941178,1.468768944470752,erratic
22604,72,59,13,27.77777777777778,11.0,48.592650641847335,344.0,18.055555555555557,81.94444444444444,33.898305084745765,51.76328578923891,1.2203389830508475,2.3317807068965517,erratic
22618,61,50,11,11.770491803278688,6.0,14.17320646222177,61.0,18.0327868852459,81.9672131147541,14.36,14.423280500918066,1.22,1.008832859421498,erratic
22762,61,50,11,3.278688524590164,2.0,3.4260334087735904,14.0,18.0327868852459,81.9672131147541,4.0,3.3806170189140663,1.22,0.7142857142857143,erratic
22396,89,73,16,21.134831460674157,12.0,36.64733371525384,267.0,17.97752808988764,82.02247191011236,25.767123287671232,38.993062256119224,1.2191780821917808,2.2900386669798247,erratic
22452,89,73,16,14.258426966292134,7.0,18.3881929075844,104.0,17.97752808988764,82.02247191011236,17.383561643835616,18.925754158602025,1.2191780821917808,1.1853015842065509,erratic
22526,89,73,16,6.078651685393258,2.0,14.008296826508603,109.0,17.97752808988764,82.02247191011236,7.410958904109589,15.160104456212952,1.2191780821917808,4.184615673719855,erratic
20729,28,23,5,187.10714285714286,13.5,793.9269179579446,4219.0,17.857142857142858,82.14285714285714,227.7826086956522,874.0069667145751,1.2173913043478262,14.722740723550164,erratic
21472,84,69,15,12.345238095238095,5.0,17.09047085128234,72.0,17.857142857142858,82.14285714285714,15.028985507246377,17.76477927752548,1.2173913043478262,1.3972055447123406,erratic
35970,90,74,16,90.78888888888889,9.0,148.60244031783083,648.0,17.77777777777778,82.22222222222223,110.41891891891892,157.24346420259153,1.2162162162162162,2.0279545837413795,erratic
21067,96,79,17,49.5,8.0,127.36850804694723,633.0,17.708333333333332,82.29166666666667,60.151898734177216,138.2371697211081,1.2151898734177216,5.281423402635528,erratic
21173,17,14,3,19.176470588235293,13.0,19.944408032446237,66.0,17.647058823529413,82.35294117647058,23.285714285714285,19.660301943954792,1.2142857142857142,0.7128550624354006,erratic
21923,34,28,6,9.882352941176471,4.0,10.800574355890168,38.0,17.647058823529413,82.35294117647058,12.0,10.780641085864152,1.2142857142857142,0.8070987654320986,erratic
82613D,102,84,18,11.53921568627451,3.0,24.491126527513636,141.0,17.647058823529413,82.35294117647058,14.011904761904763,26.359650640142,1.2142857142857142,3.5390357231221667,erratic
21652,34,28,6,25.647058823529413,24.0,19.0738315944491,67.0,17.647058823529413,82.35294117647058,31.142857142857142,16.345152833914437,1.2142857142857142,0.2754615991296406,smooth
22245,91,75,16,50.91208791208791,30.0,59.84046352160948,270.0,17.582417582417584,82.41758241758242,61.77333333333333,60.622797721678964,1.2133333333333334,0.9630966593678703,erratic
22659,91,75,16,174.65934065934067,98.0,184.61390460334718,963.0,17.582417582417584,82.41758241758242,211.92,182.88918221965173,1.2133333333333334,0.7447870991620488,erratic
22631,91,75,16,68.17582417582418,44.0,70.21927456294688,370.0,17.582417582417584,82.41758241758242,82.72,69.11947353403106,1.2133333333333334,0.6981999150529746,erratic
22955,57,47,10,24.36842105263158,11.0,39.99045938852495,180.0,17.54385964912281,82.45614035087719,29.5531914893617,42.312403624262885,1.2127659574468086,2.0498714089162666,erratic
84509B,103,85,18,5.932038834951456,4.0,7.46792111650884,39.0,17.475728155339805,82.52427184466019,7.188235294117647,7.653965852896844,1.2117647058823529,1.133779164388211,erratic
72807B,103,85,18,10.20388349514563,5.0,16.26397391524302,98.0,17.475728155339805,82.52427184466019,12.364705882352942,17.151181452310635,1.2117647058823529,1.9240683804766237,erratic
21358,103,85,18,10.74757281553398,6.0,11.494003932658089,58.0,17.475728155339805,82.52427184466019,13.023529411764706,11.420508360159884,1.2117647058823529,0.7689772327958005,erratic
22467,92,76,16,127.1413043478261,111.0,109.60033102558289,449.0,17.391304347826086,82.6086956521739,153.9078947368421,101.98198241278754,1.2105263157894737,0.4390612449985222,smooth
22165,104,86,18,7.4423076923076925,3.0,20.503292145350958,182.0,17.307692307692307,82.6923076923077,9.0,22.253618344255052,1.2093023255813953,6.11387073347858,erratic
22091,104,86,18,29.942307692307693,12.0,56.24717070305476,438.0,17.307692307692307,82.6923076923077,36.2093023255814,60.03432670595162,1.2093023255813953,2.7489002112552354,erratic
21162,104,86,18,22.278846153846153,6.5,54.46499842123053,414.0,17.307692307692307,82.6923076923077,26.941860465116278,58.88560288462862,1.2093023255813953,4.777086294398556,erratic
35971,104,86,18,18.528846153846153,3.0,49.094708696118,336.0,17.307692307692307,82.6923076923077,22.406976744186046,53.22391720380134,1.2093023255813953,5.642182672522816,erratic
84519A,104,86,18,10.740384615384615,3.0,16.740158791226836,72.0,17.307692307692307,82.6923076923077,12.988372093023257,17.607815234115268,1.2093023255813953,1.837813768919509,erratic
22107,104,86,18,10.509615384615385,6.0,13.500805579925423,77.0,17.307692307692307,82.6923076923077,12.709302325581396,13.877502978536471,1.2093023255813953,1.1922826852465107,erratic
22308,104,86,18,6.259615384615385,2.0,11.056777732740098,85.0,17.307692307692307,82.6923076923077,7.569767441860465,11.751886654715504,1.2093023255813953,2.41018352536991,erratic
22097,104,86,18,17.66346153846154,5.0,46.905525908116125,399.0,17.307692307692307,82.6923076923077,21.36046511627907,50.854096437622445,1.2093023255813953,5.6680082596343055,erratic
21356,104,86,18,14.288461538461538,12.0,14.904663424073492,62.0,17.307692307692307,82.6923076923077,17.27906976744186,14.72784570548208,1.2093023255813953,0.7265035403400357,erratic
21558,104,86,18,39.75961538461539,29.0,38.6632198198873,183.0,17.307692307692307,82.6923076923077,48.08139534883721,37.504263323545764,1.2093023255813953,0.6084251435456016,erratic
37461,52,43,9,12.326923076923077,3.0,31.265919022278744,200.0,17.307692307692307,82.6923076923077,14.906976744186046,33.87709856686328,1.2093023255813953,5.164559290194208,erratic
85015,104,86,18,27.89423076923077,8.0,47.20085532161319,292.0,17.307692307692307,82.6923076923077,33.73255813953488,50.004570242565215,1.2093023255813953,2.1974593156233557,erratic
22078,104,86,18,36.68269230769231,24.0,46.98507600758337,315.0,17.307692307692307,82.6923076923077,44.36046511627907,48.275170281040694,1.2093023255813953,1.1842828675279553,erratic
72800E,104,86,18,12.01923076923077,5.0,19.226791971091448,137.0,17.307692307692307,82.6923076923077,14.534883720930232,20.27208899791191,1.2093023255813953,1.9452431058823523,erratic
84950,104,86,18,55.54807692307692,24.5,181.7413012465525,1854.0,17.307692307692307,82.6923076923077,67.17441860465117,198.07646722239636,1.2093023255813953,8.694766643265673,erratic
37500,104,86,18,8.221153846153847,4.5,14.185290296346967,123.0,17.307692307692307,82.6923076923077,9.94186046511628,15.05078043797283,1.2093023255813953,2.2918316545865283,erratic
21107,104,86,18,19.826923076923077,7.0,35.12071894449901,264.0,17.307692307692307,82.6923076923077,23.976744186046513,37.336302077259575,1.2093023255813953,2.424834954655245,erratic
71477,104,86,18,138.22115384615384,68.0,215.2665972641479,1412.0,17.307692307692307,82.6923076923077,167.15116279069767,226.4072601954722,1.2093023255813953,1.8346866221603468,erratic
47590A,104,86,18,45.53846153846154,28.0,58.52589221657437,406.0,17.307692307692307,82.6923076923077,55.06976744186046,60.16287514595386,1.2093023255813953,1.1935226921016306,erratic
48116,104,86,18,32.72115384615385,11.5,68.06998921452406,423.0,17.307692307692307,82.6923076923077,39.56976744186046,73.0790934451763,1.2093023255813953,3.4108239730819623,erratic
22284,104,86,18,23.153846153846153,12.0,38.22995552739482,337.0,17.307692307692307,82.6923076923077,28.0,40.41956427858405,1.2093023255813953,2.0838535414165658,erratic
21675,104,86,18,17.048076923076923,13.5,16.06744269361095,73.0,17.307692307692307,82.6923076923077,20.61627906976744,15.440335720710955,1.2093023255813953,0.5609096468257398,erratic
23099,29,24,5,4.517241379310345,3.0,4.3884645024946,17.0,17.24137931034483,82.75862068965517,5.458333333333333,4.252663274647574,1.2083333333333333,0.607018441714403,erratic
23106,29,24,5,9.241379310344827,8.0,8.274984559389104,34.0,17.24137931034483,82.75862068965517,11.166666666666666,7.805609279991158,1.2083333333333333,0.4886146812982462,smooth
22610,93,77,16,134.0215053763441,72.0,190.76664429603534,1188.0,17.204301075268816,82.79569892473118,161.87012987012986,198.7113319318775,1.2077922077922079,1.5069950938467669,erratic
21163,99,82,17,28.2020202020202,7.0,83.8463098135304,684.0,17.171717171717173,82.82828282828282,34.048780487804876,91.12708565094778,1.2073170731707317,7.162948676352373,erratic
22756,70,58,12,14.728571428571428,7.0,21.07056565591065,112.0,17.142857142857142,82.85714285714286,17.775862068965516,21.96172356340408,1.206896551724138,1.5264110381366505,erratic
84839,47,39,8,31.80851063829787,24.0,42.249074236254415,227.0,17.02127659574468,82.97872340425532,38.333333333333336,43.63565257262226,1.205128205128205,1.2957755447219177,erratic
22322,101,84,17,15.762376237623762,8.0,22.673397855130354,139.0,16.831683168316832,83.16831683168317,18.952380952380953,23.626055028092953,1.2023809523809523,1.5540137875306181,erratic
23140,30,25,5,6.066666666666666,4.0,8.119509639233714,36.0,16.666666666666668,83.33333333333333,7.28,8.394045508573322,1.2,1.3294740973312393,erratic
23088,30,25,5,25.466666666666665,17.0,28.194806728133134,128.0,16.666666666666668,83.33333333333333,30.56,28.256385708956714,1.2,0.854922054174319,erratic
35001W,54,45,9,15.37037037037037,5.0,26.638953104462402,99.0,16.666666666666668,83.33333333333333,18.444444444444443,28.227610238877464,1.2,2.3421627363781528,erratic
72083A,6,5,1,4.0,2.0,5.932958789676531,16.0,16.666666666666668,83.33333333333333,4.8,6.260990336999411,1.2,1.7013888888888893,erratic
72772,6,5,1,76.16666666666667,34.0,111.91857158964578,290.0,16.666666666666668,83.33333333333333,91.4,117.96948758047566,1.2,1.665892582679352,erratic
20960,66,55,11,27.151515151515152,7.5,38.37557012324876,199.0,16.666666666666668,83.33333333333333,32.58181818181818,39.905764416560594,1.2,1.5001014715239396,erratic
84396,12,10,2,33.916666666666664,14.0,45.09274953477622,133.0,16.666666666666668,83.33333333333333,40.7,46.67392800649583,1.2,1.3151033544153938,erratic
20913,6,5,1,45.5,12.0,86.71043766467794,222.0,16.666666666666668,83.33333333333333,54.6,93.68724566343062,1.2,2.9442565981027515,erratic
22988,54,45,9,165.94444444444446,132.0,177.1535328855636,864.0,16.666666666666668,83.33333333333333,199.13333333333333,176.19160541348674,1.2,0.7828571067294183,erratic
84520D,12,10,2,53.416666666666664,43.0,56.284114234404676,172.0,16.666666666666668,83.33333333333333,64.1,55.776239465285656,1.2,0.7571508268547071,erratic
71028B,6,5,1,81.66666666666667,96.5,47.01772715334788,123.0,16.666666666666668,83.33333333333333,98.0,27.613402542968153,1.2,0.07939400249895878,smooth
22847,60,50,10,19.2,17.0,17.310523888321107,86.0,16.666666666666668,83.33333333333333,23.04,16.44776518533253,1.2,0.5096227944302723,erratic
22415,60,50,10,4.966666666666667,3.0,5.695572668538157,29.0,16.666666666666668,83.33333333333333,5.96,5.746196612560702,1.2,0.9295407726623824,erratic
84971L,18,15,3,30.055555555555557,22.0,39.26751721839225,168.0,16.666666666666668,83.33333333333333,36.06666666666667,40.49773656226564,1.2,1.2608095503295398,erratic
84858B,6,5,1,54.333333333333336,31.0,60.82981724998578,141.0,16.666666666666668,83.33333333333333,65.2,61.15308659421861,1.2,0.8797141405397265,erratic
85016,78,65,13,21.435897435897434,6.0,49.1688291458497,299.0,16.666666666666668,83.33333333333333,25.723076923076924,52.88327585716126,1.2,4.226597253471903,erratic
84914A,6,5,1,1.0,1.0,0.6324555320336759,2.0,16.666666666666668,83.33333333333333,1.2,0.4472135954999579,1.2,0.1388888888888889,smooth
23268,24,20,4,60.291666666666664,13.0,95.942228616413,408.0,16.666666666666668,83.33333333333333,72.35,101.11602246924073,1.2,1.9532727197179873,erratic
22500,97,81,16,5.082474226804123,4.0,6.328951504614829,49.0,16.49484536082474,83.50515463917526,6.08641975308642,6.471471105676432,1.1975308641975309,1.130530366304737,erratic
21609,91,76,15,16.35164835164835,7.0,28.50160760626734,171.0,16.483516483516482,83.51648351648352,19.57894736842105,30.17913767616949,1.1973684210526316,2.375937295255713,erratic
21246,91,76,15,8.186813186813186,6.0,7.9497198943136596,35.0,16.483516483516482,83.51648351648352,9.802631578947368,7.732217856634418,1.1973684210526316,0.6221896791435823,erratic
21161,79,66,13,29.59493670886076,7.0,122.58701974488099,1000.0,16.455696202531644,83.54430379746836,35.42424242424242,133.5043716490859,1.196969696969697,14.203318684358319,erratic
48189,73,61,12,17.78082191780822,6.0,50.16950340134225,313.0,16.438356164383563,83.56164383561644,21.278688524590162,54.26513034707185,1.1967213114754098,6.50357250259773,erratic
22459,61,51,10,22.59016393442623,10.0,44.5878821539292,252.0,16.39344262295082,83.60655737704919,27.019607843137255,47.57751157682731,1.196078431372549,3.1005972982025223,erratic
22451,61,51,10,21.950819672131146,13.0,28.080495146102265,154.0,16.39344262295082,83.60655737704919,26.254901960784313,28.82626797714536,1.196078431372549,1.2054689749297376,erratic
22912,55,46,9,5.6909090909090905,3.0,10.166890211153879,72.0,16.363636363636363,83.63636363636364,6.804347826086956,10.783978991937566,1.1956521739130435,2.5117999911536657,erratic
22360,104,87,17,23.932692307692307,13.0,31.579231353458887,168.0,16.346153846153847,83.65384615384616,28.60919540229885,32.54276482366473,1.1954022988505748,1.2938907479266417,erratic
21123,104,87,17,25.78846153846154,24.0,29.690531025254725,192.0,16.346153846153847,83.65384615384616,30.82758620689655,29.977203313926044,1.1954022988505748,0.9455906844524892,erratic
21713,104,87,17,26.25,11.0,48.35261862769523,372.0,16.346153846153847,83.65384615384616,31.379310344827587,51.35472655027706,1.1954022988505748,2.678391470527941,erratic
16161P,104,87,17,124.5,112.5,101.25829703509042,475.0,16.346153846153847,83.65384615384616,148.82758620689654,92.82957714512688,1.1954022988505748,0.3890504017459183,smooth
35471D,104,87,17,20.83653846153846,5.0,41.979678527361806,307.0,16.346153846153847,83.65384615384616,24.908045977011493,44.811396023548035,1.1954022988505748,3.2366640961022277,erratic
22220,104,87,17,6.3173076923076925,4.0,7.375193824113456,40.0,16.346153846153847,83.65384615384616,7.551724137931035,7.464269338671035,1.1954022988505748,0.9769725692823092,erratic
82613B,104,87,17,8.576923076923077,3.0,17.608852753515666,122.0,16.346153846153847,83.65384615384616,10.25287356321839,18.814404668816056,1.1954022988505748,3.36736162325385,erratic
72760B,104,87,17,15.932692307692308,8.0,20.05006569636813,122.0,16.346153846153847,83.65384615384616,19.04597701149425,20.53012989796636,1.1954022988505748,1.1619217541373936,erratic
22282,104,87,17,5.269230769230769,2.5,16.23745566253625,165.0,16.346153846153847,83.65384615384616,6.2988505747126435,17.584424227356582,1.1954022988505748,7.793520705220264,erratic
22208,104,87,17,22.33653846153846,13.0,26.60192363908063,156.0,16.346153846153847,83.65384615384616,26.701149425287355,27.012105358019788,1.1954022988505748,1.0234272009213914,erratic
85038,104,87,17,24.471153846153847,10.0,39.54767473943936,211.0,16.346153846153847,83.65384615384616,29.25287356321839,41.61345332294079,1.1954022988505748,2.0236269145601677,erratic
22110,104,87,17,24.326923076923077,5.0,38.858329268606276,228.0,16.346153846153847,83.65384615384616,29.080459770114942,40.84861968315101,1.1954022988505748,1.973114256825076,erratic
84581,104,87,17,4.798076923076923,4.0,4.374195754522168,18.0,16.346153846153847,83.65384615384616,5.735632183908046,4.180407708265336,1.1954022988505748,0.5312203378654591,erratic
85150,104,87,17,78.74038461538461,61.0,76.63974420679942,422.0,16.346153846153847,83.65384615384616,94.1264367816092,74.63006511152989,1.1954022988505748,0.6286434632767702,erratic
20975,104,87,17,169.57692307692307,96.5,229.44994133533822,1396.0,16.346153846153847,83.65384615384616,202.71264367816093,237.1901360770131,1.1954022988505748,1.3690886605346408,erratic
21905,104,87,17,14.788461538461538,5.0,36.998995808184304,298.0,16.346153846153847,83.65384615384616,17.67816091954023,39.847819307399995,1.1954022988505748,5.080833381474814,erratic
21680,104,87,17,26.96153846153846,14.0,45.388917657880384,293.0,16.346153846153847,83.65384615384616,32.229885057471265,47.91263880192134,1.1954022988505748,2.209951117220942,erratic
22069,104,87,17,7.980769230769231,4.0,9.126916098047117,50.0,16.346153846153847,83.65384615384616,9.540229885057471,9.204150476445394,1.1954022988505748,0.9307857825248878,erratic
22760,49,41,8,7.26530612244898,4.0,8.962364620558391,54.0,16.3265306122449,83.6734693877551,8.682926829268293,9.152701853524576,1.1951219512195121,1.1111337741446787,erratic
22477,92,77,15,26.16304347826087,12.0,57.6566718257312,393.0,16.304347826086957,83.69565217391305,31.25974025974026,61.79793102425854,1.1948051948051948,3.9082032393528996,erratic
22127,68,57,11,50.11764705882353,27.5,87.10424864318887,612.0,16.176470588235293,83.82352941176471,59.78947368421053,92.13513693833976,1.1929824561403508,2.374658215578684,erratic
23160,31,26,5,46.58064516129032,24.0,44.55391804211192,156.0,16.129032258064516,83.87096774193549,55.53846153846154,43.18169127695743,1.1923076923076923,0.6045212974117755,erratic
37424,50,42,8,104.8,4.5,423.64111688830127,2115.0,16.0,84.0,124.76190476190476,460.36882401300005,1.1904761904761905,13.615945933846026,erratic
22691,75,63,12,10.04,5.0,22.16976270460237,153.0,16.0,84.0,11.952380952380953,23.73606794856693,1.1904761904761905,3.943743852504134,erratic
21610,50,42,8,9.24,6.0,12.119405926034496,66.0,16.0,84.0,11.0,12.47827380181933,1.1904761904761905,1.2868373311832284,erratic
23339,25,21,4,6.28,3.0,6.41300761473637,20.0,16.0,84.0,7.476190476190476,6.321542909915645,1.1904761904761905,0.7149661243863847,erratic
22742,69,58,11,11.101449275362318,7.0,11.895556421395133,48.0,15.942028985507246,84.05797101449275,13.206896551724139,11.854022369642632,1.1896551724137931,0.8056194313951955,erratic
21657,63,53,10,4.0476190476190474,3.0,3.948983419322364,20.0,15.873015873015873,84.12698412698413,4.811320754716981,3.8533532039470053,1.1886792452830188,0.6414296276580016,erratic
21549,19,16,3,28.63157894736842,5.0,62.09151894700434,242.0,15.789473684210526,84.21052631578948,34.0,66.57126507235185,1.1875,3.8336793540945786,erratic
22831,57,48,9,13.614035087719298,7.0,21.42741433801644,152.0,15.789473684210526,84.21052631578948,16.166666666666668,22.47015356908892,1.1875,1.9318398183721783,erratic
47591A,38,32,6,4.184210526315789,2.0,5.670479569584515,25.0,15.789473684210526,84.21052631578948,4.96875,5.861214093100617,1.1875,1.3914925272198553,erratic
22547,89,75,14,20.280898876404493,7.0,29.261745413378623,193.0,15.730337078651685,84.26966292134831,24.066666666666666,30.42861976660954,1.1866666666666668,1.5985735430414338,erratic
22523,89,75,14,24.382022471910112,12.0,36.445945533942805,231.0,15.730337078651685,84.26966292134831,28.933333333333334,38.02820195781209,1.1866666666666668,1.727486421629426,erratic
22911,64,54,10,13.234375,6.0,20.46812635363998,101.0,15.625,84.375,15.685185185185185,21.420166898627553,1.1851851851851851,1.8649465948965145,erratic
23284,32,27,5,167.59375,120.0,212.5230703795434,844.0,15.625,84.375,198.62962962962962,217.83041183243515,1.1851851851851851,1.2026768723653742,erratic
21870,90,76,14,66.84444444444445,55.0,60.27780464510928,271.0,15.555555555555555,84.44444444444444,79.15789473684211,57.65369086342555,1.1842105263157894,0.5304760237475479,erratic
22363,90,76,14,8.622222222222222,2.5,18.73863867189677,122.0,15.555555555555555,84.44444444444444,10.210526315789474,20.006209562349174,1.1842105263157894,3.8391348708683166,erratic
22445,90,76,14,14.233333333333333,9.0,14.350390512636524,65.0,15.555555555555555,84.44444444444444,16.855263157894736,14.12770700655835,1.1842105263157894,0.7025419860679201,erratic
21110,103,87,16,15.776699029126213,5.0,37.14226281523488,276.0,15.533980582524272,84.46601941747574,18.67816091954023,39.76661397801087,1.1839080459770115,4.532825513692034,erratic
72807C,103,87,16,19.067961165048544,8.0,36.58759624167151,218.0,15.533980582524272,84.46601941747574,22.57471264367816,38.828074290571514,1.1839080459770115,2.958334253767647,erratic
22354,103,87,16,21.54368932038835,13.0,23.347660880876568,111.0,15.533980582524272,84.46601941747574,25.50574712643678,23.330224713686867,1.1839080459770115,0.8366845404566828,erratic
22968,58,49,9,19.396551724137932,7.5,28.810292784991386,110.0,15.517241379310345,84.48275862068965,22.959183673469386,30.036061093066028,1.183673469387755,1.711484905349795,erratic
21494,104,88,16,35.70192307692308,13.0,56.52473980354181,301.0,15.384615384615385,84.61538461538461,42.19318181818182,59.208157630427515,1.1818181818181819,1.9691488253244265,erratic
84032A,104,88,16,28.39423076923077,8.5,55.72164144761109,388.0,15.384615384615385,84.61538461538461,33.55681818181818,59.166598598868816,1.1818181818181819,3.1087919340349353,erratic
23269,26,22,4,29.192307692307693,13.0,47.033621362399245,195.0,15.384615384615385,84.61538461538461,34.5,49.41346452324989,1.1818181818181819,2.0514097678558922,erratic
21125,104,88,16,20.317307692307693,12.0,38.57592800967098,350.0,15.384615384615385,84.61538461538461,24.011363636363637,40.89079775020116,1.1818181818181819,2.9001303417885667,erratic
21012,104,88,16,20.778846153846153,11.0,43.238098251464365,320.0,15.384615384615385,84.61538461538461,24.556818181818183,46.0381795466172,1.1818181818181819,3.5147310264745504,erratic
84828,104,88,16,23.923076923076923,13.0,30.39120091989207,164.0,15.384615384615385,84.61538461538461,28.272727272727273,31.13032570795535,1.1818181818181819,1.2123609001218936,erratic
16236,104,88,16,25.39423076923077,12.0,29.248655522741142,131.0,15.384615384615385,84.61538461538461,30.011363636363637,29.540735295474338,1.1818181818181819,0.9688825721439781,erratic
20996,104,88,16,59.66346153846154,24.0,158.1515563264679,1492.0,15.384615384615385,84.61538461538461,70.51136363636364,169.8178871965855,1.1818181818181819,5.8002757284441095,erratic
85054,104,88,16,8.740384615384615,6.0,12.510962332746894,97.0,15.384615384615385,84.61538461538461,10.329545454545455,12.988696757918962,1.1818181818181819,1.5811342018336225,erratic
22586,91,77,14,22.582417582417584,15.0,26.154696172353685,168.0,15.384615384615385,84.61538461538461,26.68831168831169,26.439732730285698,1.1818181818181819,0.9814584519266094,erratic
85049H,104,88,16,19.365384615384617,13.5,26.10213609244459,194.0,15.384615384615385,84.61538461538461,22.886363636363637,26.927929276693675,1.1818181818181819,1.3843704734710782,erratic
22047,104,88,16,75.72115384615384,50.0,84.65067645269252,625.0,15.384615384615385,84.61538461538461,89.48863636363636,85.07278753942602,1.1818181818181819,0.9037442478055506,erratic
22341,104,88,16,32.93269230769231,12.0,99.96196018457843,601.0,15.384615384615385,84.61538461538461,38.92045454545455,107.67706311759294,1.1818181818181819,7.654037682826228,erratic
22566,91,77,14,30.692307692307693,14.0,86.19018922098219,803.0,15.384615384615385,84.61538461538461,36.27272727272727,92.69369994540826,1.1818181818181819,6.530403472075519,erratic
22309,104,88,16,12.365384615384615,6.0,21.32324393448309,119.0,15.384615384615385,84.61538461538461,14.613636363636363,22.473704592681703,1.1818181818181819,2.3650087018196237,erratic
84212,104,88,16,237.8846153846154,72.0,383.91744935123154,1818.0,15.384615384615385,84.61538461538461,281.1363636363636,402.74047380068413,1.1818181818181819,2.0521849910906464,erratic
47580,104,88,16,15.682692307692308,8.0,25.498244532408567,158.0,15.384615384615385,84.61538461538461,18.53409090909091,26.763308586951208,1.1818181818181819,2.085148670480393,erratic
47566B,104,88,16,55.54807692307692,30.0,74.04628306066972,473.0,15.384615384615385,84.61538461538461,65.64772727272727,76.29254641479403,1.1818181818181819,1.3505940445607358,erratic
85231B,104,88,16,17.817307692307693,9.0,24.08027207821201,129.0,15.384615384615385,84.61538461538461,21.056818181818183,24.849597214314933,1.1818181818181819,1.3926860100817544,erratic
21059,104,88,16,15.278846153846153,12.0,18.23975000401901,149.0,15.384615384615385,84.61538461538461,18.056818181818183,18.52389445072862,1.1818181818181819,1.0524031645246374,erratic
22302,104,88,16,46.19230769230769,28.0,75.90938350007012,438.0,15.384615384615385,84.61538461538461,54.59090909090909,79.73831285583542,1.1818181818181819,2.1335038536121527,erratic
21466,104,88,16,8.759615384615385,6.0,11.11152222084027,69.0,15.384615384615385,84.61538461538461,10.352272727272727,11.37959433324109,1.1818181818181819,1.208320520522609,erratic
79066K,104,88,16,13.163461538461538,5.0,17.17760484729371,86.0,15.384615384615385,84.61538461538461,15.556818181818182,17.65431662531269,1.1818181818181819,1.287835138392378,erratic
82585,13,11,2,12.384615384615385,4.0,17.20241485731224,63.0,15.384615384615385,84.61538461538461,14.636363636363637,17.856498689680052,1.1818181818181819,1.4884225145634813,erratic
84596G,104,88,16,21.009615384615383,10.0,30.068690031974864,208.0,15.384615384615385,84.61538461538461,24.829545454545453,31.216419784447243,1.1818181818181819,1.5806242705456852,erratic
22780,59,50,9,27.28813559322034,11.0,43.217194394033065,214.0,15.254237288135593,84.7457627118644,32.2,45.27016407195848,1.18,1.9765708837448788,erratic
35809A,79,67,12,14.30379746835443,6.0,23.616245185812325,156.0,15.189873417721518,84.81012658227849,16.865671641791046,24.80462781991471,1.1791044776119404,2.1630081138742745,erratic
21540,40,34,6,32.8,4.0,173.14425584850724,1100.0,15.0,85.0,38.588235294117645,187.61535726491033,1.1764705882352942,23.63888203495395,erratic
79323G,20,17,3,14.55,8.0,19.45703769306812,76.0,15.0,85.0,17.11764705882353,20.07137997541891,1.1764705882352942,1.37488486201155,erratic
23548,20,17,3,51.25,37.5,40.93881827929652,150.0,15.0,85.0,60.294117647058826,37.56122453056202,1.1764705882352942,0.3880874479476502,smooth
22981,40,34,6,11.65,3.5,25.13201043923762,157.0,15.0,85.0,13.705882352941176,26.78480959341389,1.1764705882352942,3.819118444106932,erratic
23054,40,34,6,7.275,6.5,5.991393399852397,24.0,15.0,85.0,8.558823529411764,5.576961138798801,1.1764705882352942,0.4245873908962442,smooth
22712,80,68,12,88.0125,52.5,102.33582019477204,585.0,15.0,85.0,103.54411764705883,103.51860944871174,1.1764705882352942,0.9995073586613823,erratic
22202,74,63,11,14.175675675675675,7.0,20.79934015556915,93.0,14.864864864864865,85.13513513513513,16.650793650793652,21.621493734139715,1.1746031746031746,1.686170592767194,erratic
23213,27,23,4,59.333333333333336,37.0,65.10760324263211,252.0,14.814814814814815,85.18518518518519,69.65217391304348,65.2558661213006,1.173913043478261,0.8777478313837358,erratic
23274,27,23,4,42.22222222222222,24.0,44.20088176403213,181.0,14.814814814814815,85.18518518518519,49.56521739130435,43.91399247595082,1.173913043478261,0.7849677523153975,erratic
23215,27,23,4,129.33333333333334,73.0,184.1531553229122,709.0,14.814814814814815,85.18518518518519,151.82608695652175,191.07082270335664,1.173913043478261,1.583783992247077,erratic
22854,54,46,8,21.48148148148148,17.0,22.76022742594596,110.0,14.814814814814815,85.18518518518519,25.217391304347824,22.667561789657103,1.173913043478261,0.8079961685823757,erratic
21127,27,23,4,10.925925925925926,3.0,33.865032937241565,178.0,14.814814814814815,85.18518518518519,12.826086956521738,36.46748511147611,1.173913043478261,8.08394348541433,erratic
21171,88,75,13,20.647727272727273,7.5,37.16630527304138,221.0,14.772727272727273,85.22727272727272,24.226666666666667,39.19341275780413,1.1733333333333333,2.6172115885499756,erratic
22685,68,58,10,15.897058823529411,12.0,16.704758197718682,90.0,14.705882352941176,85.29411764705883,18.637931034482758,16.61398510013299,1.1724137931034482,0.7946067180512026,erratic
22427,82,70,12,39.146341463414636,31.5,36.49999896878723,217.0,14.634146341463415,85.36585365853658,45.857142857142854,35.38004256651313,1.1714285714285715,0.595254541283623,erratic
22545,89,76,13,36.943820224719104,8.0,67.53254426748664,384.0,14.606741573033707,85.3932584269663,43.26315789473684,71.23283295804029,1.1710526315789473,2.7109655598376365,erratic
22449,89,76,13,14.865168539325843,12.0,15.97312445330647,90.0,14.606741573033707,85.3932584269663,17.407894736842106,15.953413537822303,1.1710526315789473,0.8398751701346813,erratic
22540,89,76,13,66.41573033707866,26.0,136.7991900053077,1080.0,14.606741573033707,85.3932584269663,77.77631578947368,145.12896321862246,1.1710526315789473,3.4818772089763246,erratic
22416,96,82,14,20.520833333333332,12.0,38.900136426946965,169.0,14.583333333333334,85.41666666666667,24.024390243902438,41.10419629827727,1.170731707317073,2.9273023026032208,erratic
21158,103,88,15,24.718446601941746,9.0,57.13012622998039,486.0,14.563106796116505,85.4368932038835,28.931818181818183,60.85460257143645,1.1704545454545454,4.424206674728315,erratic
21206,103,88,15,20.805825242718445,12.0,30.021579902655247,192.0,14.563106796116505,85.4368932038835,24.352272727272727,31.1341331603901,1.1704545454545454,1.63453626023786,erratic
85184C,104,89,15,21.5,5.0,57.02835268275545,444.0,14.423076923076923,85.57692307692308,25.123595505617978,60.946850956147756,1.1685393258426966,5.884898233630787,erratic
21504,104,89,15,45.96153846153846,36.0,49.37904179390223,240.0,14.423076923076923,85.57692307692308,53.70786516853933,49.326878678499746,1.1685393258426966,0.8435124361204526,erratic
47567B,104,89,15,20.78846153846154,8.5,30.725427652129977,156.0,14.423076923076923,85.57692307692308,24.292134831460675,31.92007143105152,1.1685393258426966,1.7266183142032252,erratic
22174,104,89,15,48.14423076923077,20.0,101.43623165618102,937.0,14.423076923076923,85.57692307692308,56.258426966292134,107.61732794847758,1.1685393258426966,3.659226056776138,erratic
21063,104,89,15,13.913461538461538,9.5,17.910842069248847,147.0,14.423076923076923,85.57692307692308,16.258426966292134,18.35541045446796,1.1685393258426966,1.274591893182581,erratic
21464,104,89,15,5.0673076923076925,3.5,5.449261859832728,29.0,14.423076923076923,85.57692307692308,5.921348314606742,5.444398119963481,1.1685393258426966,0.8453927782445868,erratic
84032B,104,89,15,27.923076923076923,6.0,60.13394310013875,382.0,14.423076923076923,85.57692307692308,32.62921348314607,63.852703726921376,1.1685393258426966,3.829529082596508,erratic
22099,104,89,15,20.03846153846154,7.0,40.9493940770808,367.0,14.423076923076923,85.57692307692308,23.415730337078653,43.39009338881506,1.1685393258426966,3.433726923664309,erratic
22046,104,89,15,60.09615384615385,50.0,59.581798098707395,350.0,14.423076923076923,85.57692307692308,70.2247191011236,58.61522312524684,1.1685393258426966,0.696692,erratic
47599A,104,89,15,57.31730769230769,27.5,82.82116239376214,610.0,14.423076923076923,85.57692307692308,66.97752808988764,85.87305344202328,1.1685393258426966,1.6438249993960241,erratic
21624,104,89,15,16.759615384615383,6.5,64.96802726604008,661.0,14.423076923076923,85.57692307692308,19.584269662921347,69.88819138595005,1.1685393258426966,12.73482092529539,erratic
84884A,104,89,15,15.64423076923077,7.5,31.913389547527657,304.0,14.423076923076923,85.57692307692308,18.280898876404493,33.81298458367092,1.1685393258426966,3.4211484576137203,erratic
21671,104,89,15,88.3173076923077,74.5,86.16345545971782,534.0,14.423076923076923,85.57692307692308,103.20224719101124,84.47487251130858,1.1685393258426966,0.6700030535886076,erratic
20985,104,89,15,22.471153846153847,13.0,35.05112956942481,236.0,14.423076923076923,85.57692307692308,26.258426966292134,36.570768284956664,1.1685393258426966,1.9396829880337922,erratic
85174,104,89,15,13.26923076923077,6.0,19.464296799216154,149.0,14.423076923076923,85.57692307692308,15.50561797752809,20.208078715018917,1.1685393258426966,1.6985247918695472,erratic
20713,104,89,15,197.14423076923077,159.0,184.61428792538962,858.0,14.423076923076923,85.57692307692308,230.37078651685394,179.30569263021638,1.1685393258426966,0.6058056864812995,erratic
21039,104,89,15,12.14423076923077,7.0,15.723594458758788,118.0,14.423076923076923,85.57692307692308,14.191011235955056,16.12442839331789,1.1685393258426966,1.291046748024818,erratic
84770,7,6,1,19.285714285714285,6.0,24.716487653078097,66.0,14.285714285714286,85.71428571428571,22.5,25.422431040323428,1.1666666666666667,1.2766419753086422,erratic
22769,14,12,2,12.428571428571429,4.5,27.6870263584125,107.0,14.285714285714286,85.71428571428571,14.5,29.549650051765724,1.1666666666666667,4.1530645335639385,erratic
20993,14,12,2,783.2857142857143,17.0,2480.089403741214,9312.0,14.285714285714286,85.71428571428571,913.8333333333334,2671.897175257969,1.1666666666666667,8.548806570879671,erratic
84464,7,6,1,11.714285714285714,6.0,17.327379929986392,50.0,14.285714285714286,85.71428571428571,13.666666666666666,18.11813088225898,1.1666666666666667,1.7575252825698988,erratic
22939,63,54,9,10.317460317460318,6.0,15.053480357224217,80.0,14.285714285714286,85.71428571428571,12.037037037037036,15.62045461489392,1.1666666666666667,1.6840234900078146,erratic
23314,21,18,3,18.428571428571427,15.0,23.7203950822313,112.0,14.285714285714286,85.71428571428571,21.5,24.33165452172757,1.1666666666666667,1.2807558934877357,erratic
21333,70,60,10,14.585714285714285,12.5,13.748773707786047,70.0,14.285714285714286,85.71428571428571,17.016666666666666,13.379077603262651,1.1666666666666667,0.6181635057052125,erratic
22612,28,24,4,35.75,11.5,101.97880135560493,547.0,14.285714285714286,85.71428571428571,41.708333333333336,109.31147326976156,1.1666666666666667,6.868878330981445,erratic
22587,91,78,13,22.78021978021978,14.0,29.502467767893663,185.0,14.285714285714286,85.71428571428571,26.576923076923077,30.251121791271963,1.1666666666666667,1.2956078459040876,erratic
22582,91,78,13,27.692307692307693,13.0,47.975848624928474,336.0,14.285714285714286,85.71428571428571,32.30769230769231,50.390760772474664,1.1666666666666667,2.4327078363813057,erratic
22894,63,54,9,8.873015873015873,6.0,13.22203935211117,88.0,14.285714285714286,85.71428571428571,10.351851851851851,13.744511642089174,1.1666666666666667,1.7628791075780432,erratic
21729,7,6,1,14.714285714285714,8.0,21.623400023387365,62.0,14.285714285714286,85.71428571428571,17.166666666666668,22.59572230902714,1.1666666666666667,1.7325289848242058,erratic
84533B,14,12,2,4.071428571428571,3.0,3.771640853166527,12.0,14.285714285714286,85.71428571428571,4.75,3.646293261032983,1.1666666666666667,0.5892722236212541,erratic
22863,63,54,9,17.555555555555557,9.0,19.368062985215715,68.0,14.285714285714286,85.71428571428571,20.48148148148148,19.436146777007693,1.1666666666666667,0.9005287984354771,erratic
20753,7,6,1,21.142857142857142,1.0,38.64983213171208,102.0,14.285714285714286,85.71428571428571,24.666666666666668,41.08852232274442,1.1666666666666667,2.774726077428779,erratic
84815,28,24,4,33.07142857142857,3.5,153.28669062840885,815.0,14.285714285714286,85.71428571428571,38.583333333333336,165.41250587984354,1.1666666666666667,18.379648095614083,erratic
23427,14,12,2,16.857142857142858,8.0,20.83952289006911,78.0,14.285714285714286,85.71428571428571,19.666666666666668,21.2830847616058,1.1666666666666667,1.171136820662819,erratic
23467,7,6,1,3.5714285714285716,4.0,2.29906813420444,6.0,14.285714285714286,85.71428571428571,4.166666666666667,1.834847859269718,1.1666666666666667,0.19391999999999995,smooth
22480,78,67,11,30.358974358974358,20.0,36.747638623304,179.0,14.102564102564102,85.8974358974359,35.343283582089555,37.37141681974786,1.164179104477612,1.1180605795589438,erratic
22715,78,67,11,34.833333333333336,25.0,35.52003885376761,181.0,14.102564102564102,85.8974358974359,40.55223880597015,35.164239575338534,1.164179104477612,0.7519219953740861,erratic
22948,64,55,9,33.1875,28.0,32.13704532995656,168.0,14.0625,85.9375,38.61818181818182,31.4851469444638,1.1636363636363636,0.6647032515791848,erratic
22822,57,49,8,10.140350877192983,5.0,14.858185089720786,99.0,14.035087719298245,85.96491228070175,11.795918367346939,15.415062428023573,1.163265306122449,1.7077608725150966,erratic
85098B,50,43,7,7.12,5.0,7.9735276294211745,38.0,14.0,86.0,8.279069767441861,8.021772697434297,1.1627906976744187,0.9388098093675039,erratic
22136,100,86,14,19.83,6.5,35.434405183480514,219.0,14.0,86.0,23.058139534883722,37.24366654445314,1.1627906976744187,2.6088933951700897,erratic
72802C,100,86,14,21.77,7.0,60.172119286210446,498.0,14.0,86.0,25.313953488372093,64.23600999034859,1.1627906976744187,6.439277751815774,erratic
22428,87,75,12,5.241379310344827,3.0,6.025074576864277,40.0,13.793103448275861,86.20689655172414,6.08,6.0844507180632625,1.16,1.0014645878565551,erratic
23129,29,25,4,32.6551724137931,8.0,38.70149116919414,121.0,13.793103448275861,86.20689655172414,37.88,39.259096610424784,1.16,1.074139439575948,erratic
85067,58,50,8,8.413793103448276,4.0,18.868924125149622,109.0,13.793103448275861,86.20689655172414,9.76,20.018929817060855,1.16,4.207092673134828,erratic
22711,80,69,11,66.275,50.0,65.96066626157506,400.0,13.75,86.25,76.84057971014492,65.04469576159009,1.1594202898550725,0.7165434130399938,erratic
22577,73,63,10,187.12328767123287,29.0,321.30091231695525,1264.0,13.698630136986301,86.3013698630137,216.82539682539684,336.66143324550944,1.1587301587301588,2.410829162102428,erratic
22236,103,89,14,10.941747572815533,6.0,11.663438132596694,51.0,13.592233009708737,86.40776699029126,12.662921348314606,11.646247757251649,1.1573033707865168,0.8458711853105256,erratic
85055,59,51,8,5.915254237288136,4.0,6.597512947271977,29.0,13.559322033898304,86.4406779661017,6.8431372549019605,6.634372763176962,1.1568627450980393,0.9399164210474463,erratic
22497,96,83,13,9.666666666666666,6.0,13.440446943278625,101.0,13.541666666666666,86.45833333333333,11.180722891566266,13.86181329277443,1.1566265060240963,1.5370936281031584,erratic
21656,74,64,10,13.256756756756756,9.5,16.10161296337153,75.0,13.513513513513514,86.48648648648648,15.328125,16.37560582909351,1.15625,1.141344329042085,erratic
22098,104,90,14,27.375,12.0,59.956810912166446,418.0,13.461538461538462,86.53846153846153,31.633333333333333,63.4356171885313,1.1555555555555554,4.02139213178855,erratic
22231,104,90,14,20.01923076923077,13.0,23.447930651333046,110.0,13.461538461538462,86.53846153846153,23.133333333333333,23.736947921525495,1.1555555555555554,1.0528665360693392,erratic
21749,104,90,14,54.39423076923077,8.0,158.9318971369746,934.0,13.461538461538462,86.53846153846153,62.855555555555554,169.3957245199623,1.1555555555555554,7.26302519703619,erratic
85199L,104,90,14,31.826923076923077,15.0,42.56472907601332,225.0,13.461538461538462,86.53846153846153,36.77777777777778,43.73355942208848,1.1555555555555554,1.4140301913797142,erratic
84568,104,90,14,349.11538461538464,46.0,596.4679258410565,2944.0,13.461538461538462,86.53846153846153,403.4222222222222,624.1663919932591,1.1555555555555554,2.3937628706026315,erratic
21775,104,90,14,8.35576923076923,4.0,13.099261277052264,106.0,13.461538461538462,86.53846153846153,9.655555555555555,13.6341945462079,1.1555555555555554,1.9939048937685429,erratic
21867,104,90,14,10.586538461538462,6.0,14.955344907406088,116.0,13.461538461538462,86.53846153846153,12.233333333333333,15.442572120856848,1.1555555555555554,1.5934911561974527,erratic
22350,104,90,14,26.615384615384617,13.0,92.87347146932353,907.0,13.461538461538462,86.53846153846153,30.755555555555556,99.2649740903032,1.1555555555555554,10.417053975307104,erratic
21669,104,90,14,99.86538461538461,81.0,88.16324858915071,503.0,13.461538461538462,86.53846153846153,115.4,84.75023449637773,1.1555555555555554,0.5393493993607505,erratic
C2,104,90,14,2.5576923076923075,2.0,2.089394965506044,8.0,13.461538461538462,86.53846153846153,2.9555555555555557,1.9654951122312014,1.1555555555555554,0.4422478007979311,smooth
15034,104,90,14,97.57692307692308,41.0,193.89100593047604,1272.0,13.461538461538462,86.53846153846153,112.75555555555556,204.39333698715345,1.1555555555555554,3.2859244208421985,erratic
21947,104,90,14,15.826923076923077,8.0,22.434561715635674,122.0,13.461538461538462,86.53846153846153,18.288888888888888,23.172166781686645,1.1555555555555554,1.605309029364698,erratic
21446,104,90,14,11.807692307692308,5.0,14.93485980320202,61.0,13.461538461538462,86.53846153846153,13.644444444444444,15.2575721566328,1.1555555555555554,1.250429325331262,erratic
85231G,97,84,13,14.587628865979381,12.0,17.550375457355837,96.0,13.402061855670103,86.5979381443299,16.845238095238095,17.826130845096,1.1547619047619047,1.119850046341517,erratic
22789,60,52,8,20.55,14.5,22.499284357733902,117.0,13.333333333333334,86.66666666666667,23.71153846153846,22.565231400873387,1.1538461538461537,0.9056494276713825,erratic
21092,15,13,2,856.4,12.0,3216.014898686172,12481.0,13.333333333333334,86.66666666666667,988.1538461538462,3453.331913919122,1.1538461538461537,12.213145009896877,erratic
21091,15,13,2,912.4,24.0,3338.3882509806604,12976.0,13.333333333333334,86.66666666666667,1052.7692307692307,3583.604008858637,1.1538461538461537,11.587070804489985,erratic
21527,75,65,10,43.36,32.0,44.87027547967163,239.0,13.333333333333334,86.66666666666667,50.03076923076923,44.597845110067134,1.1538461538461537,0.7946088343638281,erratic
22660,75,65,10,11.613333333333333,4.0,29.498462320590193,222.0,13.333333333333334,86.66666666666667,13.4,31.33378767401094,1.1538461538461537,5.467845010024503,erratic
20989,15,13,2,22.533333333333335,13.0,34.510591886853405,137.0,13.333333333333334,86.66666666666667,26.0,35.94208304110007,1.1538461538461537,1.9109960552268246,erratic
23107,30,26,4,11.0,7.5,12.773895795453456,52.0,13.333333333333334,86.66666666666667,12.692307692307692,12.920585840492624,1.1538461538461537,1.0362945821854914,erratic
22422,83,72,11,27.433734939759034,14.0,40.1516007551029,214.0,13.25301204819277,86.74698795180723,31.625,41.56326841924418,1.1527777777777777,1.7272623854171916,erratic
22627,83,72,11,18.927710843373493,17.0,15.158337585447596,71.0,13.25301204819277,86.74698795180723,21.819444444444443,14.191175981691899,1.1527777777777777,0.4230087920960477,smooth
21100,68,59,9,33.88235294117647,13.0,65.1642080615692,428.0,13.235294117647058,86.76470588235294,39.05084745762712,68.55640107663015,1.152542372881356,3.082017465772501,erratic
22829,53,46,7,4.547169811320755,3.0,4.2133763080120525,15.0,13.20754716981132,86.79245283018868,5.239130434782608,4.099782013764448,1.1521739130434783,0.6123547765668251,erratic
85129A,38,33,5,11.447368421052632,4.0,13.908382400399141,49.0,13.157894736842104,86.84210526315789,13.181818181818182,14.145349380305495,1.1515151515151516,1.1515338882282997,erratic
22476,92,80,12,7.760869565217392,4.0,11.03378385000965,73.0,13.043478260869565,86.95652173913044,8.925,11.389285437849475,1.15,1.628457786688763,erratic
23025,23,20,3,15.217391304347826,12.0,12.424157266972532,49.0,13.043478260869565,86.95652173913044,17.5,11.691202270353369,1.15,0.4463157894736841,smooth
20747,23,20,3,28.695652173913043,17.0,33.36497180987147,116.0,13.043478260869565,86.95652173913044,33.0,33.7560910682876,1.15,1.0463486540041564,erratic
47504G,23,20,3,9.652173913043478,6.0,11.714826253521544,38.0,13.043478260869565,86.95652173913044,11.1,11.91593360522836,1.15,1.152418421266217,erratic
84763,77,67,10,19.5974025974026,15.0,23.45895617336111,114.0,12.987012987012987,87.01298701298701,22.52238805970149,23.80817163570119,1.1492537313432836,1.1174374321574618,erratic
22218,54,47,7,21.814814814814813,12.0,24.420895842262713,107.0,12.962962962962964,87.03703703703704,25.06382978723404,24.574999894129903,1.148936170212766,0.9613735829846239,erratic
85017B,101,88,13,21.613861386138613,11.0,37.88402573566587,302.0,12.871287128712872,87.12871287128712,24.806818181818183,39.61738210018816,1.1477272727272727,2.550524039164409,erratic
23181,39,34,5,5.102564102564102,4.0,4.369721608589293,16.0,12.820512820512821,87.17948717948718,5.852941176470588,4.178823619742737,1.1470588235294117,0.5097529676706972,erratic
22920,55,48,7,62.472727272727276,23.0,214.16702157735008,1590.0,12.727272727272727,87.27272727272728,71.58333333333333,228.1069955491057,1.1458333333333333,10.154379099414841,erratic
22915,55,48,7,51.58181818181818,31.0,57.69257314969576,254.0,12.727272727272727,87.27272727272728,59.104166666666664,58.05252192126058,1.1458333333333333,0.9647304476694039,erratic
22921,55,48,7,31.6,18.0,40.52918472921476,224.0,12.727272727272727,87.27272727272728,36.208333333333336,41.43488012267131,1.1458333333333333,1.3095289501038343,erratic
22708,79,69,10,66.77215189873418,50.0,112.35542840229752,950.0,12.658227848101266,87.34177215189874,76.44927536231884,117.17289089103032,1.144927536231884,2.349132663105448,erratic
21830,103,90,13,73.88349514563107,48.0,96.10097844586407,747.0,12.62135922330097,87.37864077669903,84.55555555555556,98.34565402405043,1.1444444444444444,1.3527765024906304,erratic
21896,103,90,13,23.009708737864077,8.0,55.629463054376636,435.0,12.62135922330097,87.37864077669903,26.333333333333332,58.806099202130255,1.1444444444444444,4.986927692731463,erratic
21211,103,90,13,23.33009708737864,12.0,64.96732034442842,601.0,12.62135922330097,87.37864077669903,26.7,68.89324912704366,1.1444444444444444,6.657801028603153,erratic
20752,103,90,13,14.271844660194175,8.0,37.17372943745836,357.0,12.62135922330097,87.37864077669903,16.333333333333332,39.366043657680756,1.1444444444444444,5.808899849781694,erratic
37495,103,90,13,15.029126213592233,11.0,16.758057067571777,90.0,12.62135922330097,87.37864077669903,17.2,16.8550995850654,1.1444444444444444,0.9602973973177117,erratic
23130,32,28,4,30.0625,16.0,31.304887282051272,106.0,12.5,87.5,34.357142857142854,31.179544915922378,1.1428571428571428,0.8235793765939295,erratic
84997A,104,91,13,49.15384615384615,31.5,56.259414613345335,316.0,12.5,87.5,56.175824175824175,56.77550203439536,1.1428571428571428,1.0214639892864792,erratic
23053,40,35,5,8.95,7.0,9.267948629274539,47.0,12.5,87.5,10.228571428571428,9.223007402480956,1.1428571428571428,0.8130460604703169,erratic
22519,64,56,8,22.265625,10.5,38.21669301496402,260.0,12.5,87.5,25.446428571428573,39.88160644291466,1.1428571428571428,2.4563577134223107,erratic
21869,24,21,3,47.416666666666664,26.0,67.44847738421733,287.0,12.5,87.5,54.19047619047619,69.61509825290706,1.1428571428571428,1.650292576931749,erratic
23465,8,7,1,3.5,3.0,2.5071326821120348,8.0,12.5,87.5,4.0,2.23606797749979,1.1428571428571428,0.31250000000000006,smooth
21706,104,91,13,12.596153846153847,5.0,32.2461766321773,277.0,12.5,87.5,14.395604395604396,34.11479936947505,1.1428571428571428,5.6159836709852415,erratic
23048,32,28,4,17.84375,8.0,37.016220834097986,208.0,12.5,87.5,20.392857142857142,38.977998813874365,1.1428571428571428,3.6532796886372045,erratic
22949,64,56,8,31.390625,12.5,68.36006844886373,489.0,12.5,87.5,35.875,72.0348558306703,1.1428571428571428,4.031823976142833,erratic
72739B,8,7,1,42.875,18.0,58.099514382037405,155.0,12.5,87.5,49.0,59.89991652748775,1.1428571428571428,1.4943773427738438,erratic
72349B,104,91,13,18.451923076923077,7.0,28.71449003575447,152.0,12.5,87.5,21.087912087912088,29.78950163756366,1.1428571428571428,1.995534822399714,erratic
72750D,8,7,1,13.75,12.0,11.585088938557428,32.0,12.5,87.5,15.714285714285714,10.980502200328933,1.1428571428571428,0.48826446280991737,smooth
22342,104,91,13,17.16346153846154,12.0,21.71219986212533,108.0,12.5,87.5,19.615384615384617,22.155896747452147,1.1428571428571428,1.2758070827459522,erratic
22094,104,91,13,34.07692307692308,13.0,73.77250419300302,529.0,12.5,87.5,38.94505494505494,77.69689864214698,1.1428571428571428,3.9801801166290467,erratic
51014A,104,91,13,62.71153846153846,25.0,82.41367040397373,317.0,12.5,87.5,71.67032967032966,84.40300875956905,1.1428571428571428,1.3868741473267463,erratic
21990,104,91,13,22.653846153846153,9.0,32.03722629315194,153.0,12.5,87.5,25.89010989010989,33.01395346396919,1.1428571428571428,1.626025237413961,erratic
22710,80,70,10,89.4875,50.0,111.43971450230131,650.0,12.5,87.5,102.27142857142857,113.54408215372787,1.1428571428571428,1.2325948906808646,erratic
22025,104,91,13,37.75961538461539,25.0,46.71780500735244,264.0,12.5,87.5,43.15384615384615,47.56514201642559,1.1428571428571428,1.2148945326883882,erratic
72739C,8,7,1,40.5,29.0,48.706115779085835,154.0,12.5,87.5,46.285714285714285,49.55035918374453,1.1428571428571428,1.1460397297159992,erratic
21384,24,21,3,78.83333333333333,76.5,60.1560771924866,194.0,12.5,87.5,90.0952380952381,55.64342257796941,1.1428571428571428,0.38143803440769847,smooth
21967,104,91,13,99.73076923076923,51.0,235.37127171538398,2244.0,12.5,87.5,113.97802197802197,248.51536853983174,1.1428571428571428,4.754055757562266,erratic
16235,104,91,13,54.82692307692308,23.5,83.19160738893791,621.0,12.5,87.5,62.65934065934066,86.16434165531453,1.1428571428571428,1.8909650712787895,erratic
21274,48,42,6,3.5833333333333335,3.0,2.766312034009097,11.0,12.5,87.5,4.095238095238095,2.573879332831431,1.1428571428571428,0.39501906106135176,smooth
21252,8,7,1,16.0,7.0,18.738806182434814,51.0,12.5,87.5,18.285714285714285,18.997493569014885,1.1428571428571428,1.0793660481770837,erratic
21437,16,14,2,42.3125,28.5,54.81936245524933,220.0,12.5,87.5,48.357142857142854,56.14898744597975,1.1428571428571428,1.3482256699378028,erratic
22821,64,56,8,25.765625,14.5,29.16550592928418,131.0,12.5,87.5,29.446428571428573,29.39382720780127,1.1428571428571428,0.9964305089486348,erratic
21550,24,21,3,11.708333333333334,5.5,24.32475777021654,121.0,12.5,87.5,13.380952380952381,25.63098942779266,1.1428571428571428,3.669075872899279,erratic
23482,8,7,1,50.125,39.0,61.964131329573014,196.0,12.5,87.5,57.285714285714285,63.25270556983916,1.1428571428571428,1.2191735955207574,erratic
22296,104,91,13,91.78846153846153,61.5,86.52186132377497,331.0,12.5,87.5,104.9010989010989,84.7144294340377,1.1428571428571428,0.6521608212122684,erratic
22657,8,7,1,7.375,6.0,7.029275516418053,24.0,12.5,87.5,8.428571428571429,6.876460883747852,1.1428571428571428,0.6656133295030163,erratic
22161,104,91,13,63.99038461538461,24.5,97.16270961462766,548.0,12.5,87.5,73.13186813186813,100.63931292726171,1.1428571428571428,1.8937471459100508,erratic
85178,104,91,13,52.04807692307692,24.0,81.15290372299464,457.0,12.5,87.5,59.48351648351648,84.20139384401381,1.1428571428571428,2.0037581044927832,erratic
21837,24,21,3,9.083333333333334,7.0,7.879067847463145,35.0,12.5,87.5,10.380952380952381,7.566215635812863,1.1428571428571428,0.5312305361501556,erratic
21981,104,91,13,208.68269230769232,73.5,1046.7054301768064,10696.0,12.5,87.5,238.4945054945055,1116.5372897552145,1.1428571428571428,21.917434027266268,erratic
21070,104,91,13,19.423076923076923,6.0,52.58330280735462,447.0,12.5,87.5,22.197802197802197,55.69664258387569,1.1428571428571428,6.295613801479158,erratic
21865,104,91,13,8.278846153846153,6.0,9.73778221871943,45.0,12.5,87.5,9.461538461538462,9.859352798578493,1.1428571428571428,1.0858586526244665,erratic
85176,104,91,13,25.317307692307693,13.0,64.55512650231312,579.0,12.5,87.5,28.934065934065934,68.28987271555508,1.1428571428571428,5.570493514293096,erratic
22402,89,78,11,38.46067415730337,17.0,87.1227003322137,771.0,12.359550561797754,87.64044943820224,43.88461538461539,91.83454641954694,1.141025641025641,4.379127375906654,erratic
21069,89,78,11,57.17977528089887,17.0,147.15673167484272,701.0,12.359550561797754,87.64044943820224,65.24358974358974,155.61409026256294,1.141025641025641,5.688819311669193,erratic
22985,65,57,8,72.26153846153846,50.0,111.6162898229741,825.0,12.307692307692308,87.6923076923077,82.40350877192982,115.7034169839179,1.1403508771929824,1.9715189719936383,erratic
20973,90,79,11,108.0,55.0,148.33821058345396,818.0,12.222222222222221,87.77777777777777,123.0379746835443,152.42513446396674,1.139240506329114,1.5347400496588894,erratic
21687,41,36,5,10.634146341463415,7.0,14.549495004227769,77.0,12.195121951219512,87.8048780487805,12.11111111111111,14.950925012525436,1.1388888888888888,1.523940986208472,erratic
21545,33,29,4,21.060606060606062,6.0,48.507048066453315,226.0,12.121212121212121,87.87878787878788,23.96551724137931,51.15626114355106,1.1379310344827587,4.556422397539317,erratic
84791,33,29,4,9.545454545454545,6.0,10.295906070773073,38.0,12.121212121212121,87.87878787878788,10.862068965517242,10.312004578337099,1.1379310344827587,0.9012827988338188,erratic
22565,91,80,11,22.736263736263737,15.0,27.559565858875033,190.0,12.087912087912088,87.91208791208791,25.8625,27.98948434997,1.1375,1.1712477988689811,erratic
22615,83,73,10,44.42168674698795,24.0,62.37086571311252,444.0,12.048192771084338,87.95180722891567,50.50684931506849,64.17794777190284,1.1369863013698631,1.6146228563236789,erratic
22414,100,88,12,11.71,3.0,43.78674099392058,306.0,12.0,88.0,13.306818181818182,46.47836178156021,1.1363636363636365,12.199813128416515,erratic
21645,50,44,6,17.92,12.0,26.173549508569728,136.0,12.0,88.0,20.363636363636363,27.013425524401157,1.1363636363636365,1.7597405968201238,erratic
21541,50,44,6,33.76,29.5,31.506759883671744,157.0,12.0,88.0,38.36363636363637,30.829682849631766,1.1363636363636365,0.645800805786451,erratic
47581B,25,22,3,1.84,1.0,1.9510680835549195,9.0,12.0,88.0,2.090909090909091,1.9495809295501945,1.1363636363636365,0.8693851831848051,erratic
37422,25,22,3,16.92,6.0,45.8856549842468,235.0,12.0,88.0,19.227272727272727,48.57780388513905,1.1363636363636365,6.383228356871534,erratic
22176,100,88,12,11.72,8.0,18.69428692505718,156.0,12.0,88.0,13.318181818181818,19.394598996097745,1.1363636363636365,2.120663345947033,erratic
21431,50,44,6,28.6,24.0,31.645356237978604,204.0,12.0,88.0,32.5,31.803539367169016,1.1363636363636365,0.9576001100866929,erratic
22475,92,81,11,7.967391304347826,4.0,14.6583442740368,89.0,11.956521739130435,88.04347826086956,9.049382716049383,15.313312210759552,1.1358024691358024,2.863520935660325,erratic
47504K,101,89,12,25.980198019801982,9.0,44.42093654978918,260.0,11.881188118811881,88.11881188118812,29.48314606741573,46.23681934040293,1.1348314606741574,2.4593948200042846,erratic
22791,59,52,7,156.74576271186442,130.0,129.59001574199954,565.0,11.864406779661017,88.13559322033899,177.84615384615384,123.58142264973621,1.1346153846153846,0.48285577056938384,smooth
84534B,59,52,7,13.677966101694915,8.0,14.582039824630398,56.0,11.864406779661017,88.13559322033899,15.51923076923077,14.583754572670832,1.1346153846153846,0.883076467935715,erratic
22779,59,52,7,29.16949152542373,15.0,43.333570860593746,218.0,11.864406779661017,88.13559322033899,33.09615384615385,44.755220799797335,1.1346153846153846,1.828657429287935,erratic
21361,76,67,9,7.315789473684211,5.0,7.394070644898816,36.0,11.842105263157896,88.15789473684211,8.298507462686567,7.338183503600821,1.1343283582089552,0.7819467120874917,erratic
79072,17,15,2,14.470588235294118,10.0,14.036192713209408,53.0,11.764705882352942,88.23529411764706,16.4,13.829574934073095,1.1333333333333333,0.7110988357270335,erratic
84670,51,45,6,97.82352941176471,72.0,123.62826632811009,579.0,11.764705882352942,88.23529411764706,110.86666666666666,126.05240612899496,1.1333333333333333,1.2927075930683865,erratic
47562,17,15,2,5.470588235294118,6.0,3.1047875744329017,11.0,11.764705882352942,88.23529411764706,6.2,2.4842360136324753,1.1333333333333333,0.16054704920469748,smooth
37502,34,30,4,21.38235294117647,15.0,23.835312110119503,112.0,11.764705882352942,88.23529411764706,24.233333333333334,23.979421254028647,1.1333333333333333,0.9791541794496512,erratic
22673,68,60,8,19.352941176470587,14.5,22.229310156330506,144.0,11.764705882352942,88.23529411764706,21.933333333333334,22.440782084521285,1.1333333333333333,1.046807195306017,erratic
22684,68,60,8,14.867647058823529,10.0,16.870803546111357,96.0,11.764705882352942,88.23529411764706,16.85,17.007301522720926,1.1333333333333333,1.0187579536132063,erratic
23324,17,15,2,23.352941176470587,14.0,26.554051424572172,97.0,11.764705882352942,88.23529411764706,26.466666666666665,26.787168214508622,1.1333333333333333,1.0243659036875166,erratic
85049G,102,90,12,37.26470588235294,31.0,40.405598688278126,195.0,11.764705882352942,88.23529411764706,42.233333333333334,40.50358563680753,1.1333333333333333,0.9197636092282331,erratic
84945,102,90,12,208.87254901960785,135.0,215.5157145068052,912.0,11.764705882352942,88.23529411764706,236.72222222222223,214.57593547481952,1.1333333333333333,0.8216445349480554,erratic
22290,17,15,2,39.411764705882355,19.0,71.79054501075456,306.0,11.764705882352942,88.23529411764706,44.666666666666664,75.09105583667517,1.1333333333333333,2.8262419247048345,erratic
22853,60,53,7,10.466666666666667,7.0,10.07844934714353,40.0,11.666666666666666,88.33333333333333,11.849056603773585,9.927421670099701,1.1320754716981132,0.7019487254905018,erratic
22774,60,53,7,46.31666666666667,30.0,57.233536354272395,228.0,11.666666666666666,88.33333333333333,52.43396226415094,58.2212323925408,1.1320754716981132,1.232927200076919,erratic
22843,60,53,7,9.9,5.0,12.870541847864336,54.0,11.666666666666666,88.33333333333333,11.20754716981132,13.153470572388633,1.1320754716981132,1.3773983685599847,erratic
22085,103,91,12,24.339805825242717,7.0,70.52777973031205,566.0,11.650485436893204,88.3495145631068,27.54945054945055,74.48478796763563,1.1318681318681318,7.309863854857949,erratic
22376,95,84,11,5.526315789473684,4.0,4.846235883615412,22.0,11.578947368421053,88.42105263157895,6.25,4.692662819482068,1.130952380952381,0.5637397590361446,erratic
22372,95,84,11,6.242105263157895,5.0,6.545610498441871,43.0,11.578947368421053,88.42105263157895,7.059523809523809,6.533235126359202,1.130952380952381,0.8564573922922248,erratic
22244,95,84,11,50.10526315789474,25.0,65.08283979540433,292.0,11.578947368421053,88.42105263157895,56.666666666666664,66.48948342123354,1.130952380952381,1.376735731854755,erratic
85049D,95,84,11,24.273684210526316,20.0,27.84166558712273,210.0,11.578947368421053,88.42105263157895,27.452380952380953,28.099395337963248,1.130952380952381,1.0476926938102131,erratic
22167,104,92,12,6.528846153846154,3.0,14.331685807091535,133.0,11.538461538461538,88.46153846153847,7.380434782608695,15.037566432255293,1.1304347826086956,4.151367911285143,erratic
15039,104,92,12,48.50961538461539,17.0,79.18958389781378,369.0,11.538461538461538,88.46153846153847,54.83695652173913,82.1410308486399,1.1304347826086956,2.243745584223523,erratic
21207,104,92,12,34.43269230769231,13.0,76.98780188629263,588.0,11.538461538461538,88.46153846153847,38.92391304347826,80.82068521205572,1.1304347826086956,4.311337970049775,erratic
85175,104,92,12,147.5096153846154,96.0,133.64603264807033,544.0,11.538461538461538,88.46153846153847,166.75,130.28047722990866,1.1304347826086956,0.6104175287679489,erratic
22067,104,92,12,17.28846153846154,12.0,26.818944570982257,222.0,11.538461538461538,88.46153846153847,19.543478260869566,27.740719879215543,1.1304347826086956,2.0147990331694627,erratic
22037,104,92,12,64.61538461538461,60.0,51.46028871288754,244.0,11.538461538461538,88.46153846153847,73.04347826086956,48.73383937118709,1.1304347826086956,0.44514178565198975,smooth
21471,104,92,12,13.365384615384615,8.0,17.067005409181856,96.0,11.538461538461538,88.46153846153847,15.108695652173912,17.408761544112238,1.1304347826086956,1.3276445204813303,erratic
21470,104,92,12,10.471153846153847,7.0,13.638150894485722,75.0,11.538461538461538,88.46153846153847,11.83695652173913,13.93491714758924,1.1304347826086956,1.3858897314945393,erratic
21155,104,92,12,63.17307692307692,44.0,72.2339030084813,424.0,11.538461538461538,88.46153846153847,71.41304347826087,72.87580164472104,1.1304347826086956,1.0413856903830003,erratic
21042,104,92,12,13.692307692307692,8.0,18.694829212459982,127.0,11.538461538461538,88.46153846153847,15.478260869565217,19.173859414689474,1.1304347826086956,1.534527774964589,erratic
10135,104,92,12,39.67307692307692,20.0,87.12533570942188,742.0,11.538461538461538,88.46153846153847,44.84782608695652,91.41764260708953,1.1304347826086956,4.155059462072271,erratic
21932,104,92,12,36.76923076923077,17.5,56.582139068247166,366.0,11.538461538461538,88.46153846153847,41.56521739130435,58.4994231863788,1.1304347826086956,1.9808110736972266,erratic
21058,104,92,12,22.951923076923077,14.0,31.140265136487272,218.0,11.538461538461538,88.46153846153847,25.945652173913043,31.922765355176292,1.1304347826086956,1.5138115973478026,erratic
21557,104,92,12,8.75,6.0,15.574905133030912,148.0,11.538461538461538,88.46153846153847,9.891304347826088,16.221987874106958,1.1304347826086956,2.689682485127479,erratic
21880,104,92,12,23.673076923076923,13.0,37.492120157918144,277.0,11.538461538461538,88.46153846153847,26.76086956521739,38.82628812782646,1.1304347826086956,2.10499613949749,erratic
22275,52,46,6,17.5,10.5,19.87657997172927,92.0,11.538461538461538,88.46153846153847,19.782608695652176,20.039863653870015,1.1304347826086956,1.0261773001113659,erratic
21622,104,92,12,34.45192307692308,16.5,73.09587796111794,657.0,11.538461538461538,88.46153846153847,38.94565217391305,76.62013681470467,1.1304347826086956,3.8705072441136052,erratic
84969,104,92,12,9.26923076923077,8.0,7.902599755630095,34.0,11.538461538461538,88.46153846153847,10.478260869565217,7.6078014627114445,1.1304347826086956,0.5271569394087946,erratic
21868,104,92,12,84.64423076923077,68.5,91.66527524007894,582.0,11.538461538461538,88.46153846153847,95.68478260869566,91.88321892343805,1.1304347826086956,0.9221183269355405,erratic
21891,104,92,12,114.8173076923077,61.5,151.47608766544204,834.0,11.538461538461538,88.46153846153847,129.79347826086956,154.93724628593947,1.1304347826086956,1.42497066503597,erratic
22295,104,92,12,78.72115384615384,54.5,84.10643473423575,384.0,11.538461538461538,88.46153846153847,88.98913043478261,84.16016840815075,1.1304347826086956,0.8944153945418141,erratic
21872,104,92,12,48.38461538461539,13.5,109.80612285016086,567.0,11.538461538461538,88.46153846153847,54.69565217391305,115.31864494087053,1.1304347826086956,4.445221957379442,erratic
21982,104,92,12,307.49038461538464,92.5,1225.4409627985774,11414.0,11.538461538461538,88.46153846153847,347.5978260869565,1298.3213004168508,1.1304347826086956,13.951158126347433,erratic
48184,104,92,12,44.54807692307692,25.0,62.816094624217826,381.0,11.538461538461538,88.46153846153847,50.358695652173914,64.5783588290165,1.1304347826086956,1.6444666180568719,erratic
22200,104,92,12,11.192307692307692,6.0,14.66458445852795,78.0,11.538461538461538,88.46153846153847,12.652173913043478,14.99115840710798,1.1304347826086956,1.4039126282722836,erratic
22434,87,77,10,29.03448275862069,16.0,55.64890944748574,447.0,11.494252873563218,88.50574712643679,32.8051948051948,58.12872262239685,1.12987012987013,3.1397590202536207,erratic
21922,87,77,10,16.528735632183906,9.0,22.18465795054739,118.0,11.494252873563218,88.50574712643679,18.675324675324674,22.722259870954712,1.12987012987013,1.4803578917029165,erratic
22440,87,77,10,97.73563218390805,40.0,235.20339835832516,1349.0,11.494252873563218,88.50574712643679,110.42857142857143,247.34503008909323,1.12987012987013,5.016992700904805,erratic
22763,61,54,7,10.704918032786885,3.0,54.03127003945497,425.0,11.475409836065573,88.52459016393442,12.092592592592593,57.33985690057185,1.1296296296296295,22.484040900230564,erratic
22444,61,54,7,166.0983606557377,131.0,165.3462735108791,867.0,11.475409836065573,88.52459016393442,187.62962962962962,163.81124622119046,1.1296296296296295,0.7622274519276964,erratic
22518,61,54,7,22.918032786885245,11.0,38.684749399027694,258.0,11.475409836065573,88.52459016393442,25.88888888888889,40.19699916832555,1.1296296296296295,2.410795890755172,erratic
21410,53,47,6,5.169811320754717,4.0,4.008336740501475,20.0,11.320754716981131,88.67924528301887,5.829787234042553,3.7724352009081454,1.127659574468085,0.418733943806508,smooth
84975,53,47,6,37.094339622641506,22.0,46.56685192401574,191.0,11.320754716981131,88.67924528301887,41.829787234042556,47.42285229210664,1.127659574468085,1.285298592144118,erratic
85232B,62,55,7,48.33870967741935,31.0,62.74484984374679,343.0,11.290322580645162,88.70967741935483,54.49090909090909,64.07659557912,1.1272727272727272,1.3827725574039786,erratic
22539,89,79,10,59.640449438202246,27.0,84.19596286896464,313.0,11.235955056179776,88.76404494382022,67.18987341772151,86.51042266380941,1.1265822784810127,1.6577888789499817,erratic
22567,89,79,10,62.17977528089887,39.0,81.34614057416962,499.0,11.235955056179776,88.76404494382022,70.0506329113924,83.10911868482692,1.1265822784810127,1.4075804519355568,erratic
23221,27,24,3,55.666666666666664,37.0,63.99338908163754,286.0,11.11111111111111,88.88888888888889,62.625,64.61108566882582,1.125,1.0644336598000739,erratic
23466,9,8,1,5.666666666666667,5.0,4.415880433163924,15.0,11.11111111111111,88.88888888888889,6.375,4.138236339311713,1.125,0.421376393694733,smooth
22651,72,64,8,43.958333333333336,23.0,60.735732689678755,298.0,11.11111111111111,88.88888888888889,49.453125,62.29931072703366,1.125,1.5870075857826955,erratic
23626,9,8,1,4.222222222222222,2.0,8.212456663169945,26.0,11.11111111111111,88.88888888888889,4.75,8.614771367499298,1.125,3.2892758211317767,erratic
22788,36,32,4,13.222222222222221,5.0,34.98090181889959,200.0,11.11111111111111,88.88888888888889,14.875,36.82631422440806,1.125,6.129182602832407,erratic
20716,81,72,9,18.493827160493826,16.0,16.64416073041092,104.0,11.11111111111111,88.88888888888889,20.805555555555557,16.228681694646856,1.125,0.6084261204023362,erratic
22976,54,48,6,20.38888888888889,15.5,18.78921475727415,80.0,11.11111111111111,88.88888888888889,22.9375,18.395658888918522,1.125,0.6431888876233874,erratic
22330,9,8,1,14.11111111111111,7.0,15.20233900132184,36.0,11.11111111111111,88.88888888888889,15.875,15.23564898519259,1.125,0.9210738421476842,erratic
21363,90,80,10,10.933333333333334,9.5,9.646330151578805,39.0,11.11111111111111,88.88888888888889,12.3,9.370570683619482,1.125,0.5803925899709754,erratic
22975,54,48,6,22.74074074074074,16.5,19.6950191818395,68.0,11.11111111111111,88.88888888888889,25.583333333333332,19.05628095856144,1.125,0.5548326829135048,erratic
84849D,99,88,11,15.737373737373737,7.0,26.313489152898583,173.0,11.11111111111111,88.88888888888889,17.704545454545453,27.289490668395388,1.125,2.375862472411538,erratic
20886,101,90,11,16.297029702970296,11.0,18.767815298779688,111.0,10.891089108910892,89.10891089108911,18.288888888888888,18.945364642787688,1.1222222222222222,1.0730780077814244,erratic
22927,46,41,5,10.152173913043478,7.0,10.952356197649584,51.0,10.869565217391305,89.13043478260869,11.390243902439025,10.976971460244597,1.1219512195121952,0.9287504184071641,erratic
21653,46,41,5,27.08695652173913,12.5,40.57575964207449,198.0,10.869565217391305,89.13043478260869,30.390243902439025,41.82456099517393,1.1219512195121952,1.8940629597376135,erratic
22667,74,66,8,63.71621621621622,54.5,66.29624677288895,428.0,10.81081081081081,89.1891891891892,71.43939393939394,66.15067388176524,1.121212121212121,0.8574188408075032,erratic
23444,28,25,3,2.607142857142857,2.0,2.6989611954215893,13.0,10.714285714285714,89.28571428571429,2.92,2.6913441499245936,1.12,0.8495183586664165,erratic
22334,103,92,11,21.45631067961165,11.0,46.14741441125071,348.0,10.679611650485437,89.32038834951456,24.02173913043478,48.21517208224203,1.1195652173913044,4.028640826219911,erratic
22470,85,76,9,208.36470588235295,150.0,231.92701269081675,1368.0,10.588235294117647,89.41176470588235,233.03947368421052,233.2768564482683,1.118421052631579,1.0020383127699732,erratic
20665,104,93,11,12.5,9.0,11.627720477167728,58.0,10.576923076923077,89.42307692307692,13.978494623655914,11.422687659276333,1.118279569892473,0.6677529199897092,erratic
22215,104,93,11,9.211538461538462,6.0,9.119139242427336,40.0,10.576923076923077,89.42307692307692,10.301075268817204,9.041913209238597,1.118279569892473,0.770469669857345,erratic
21948,104,93,11,21.615384615384617,6.0,97.65943476136286,984.0,10.576923076923077,89.42307692307692,24.172043010752688,103.03024288548295,1.118279569892473,18.167816326703388,erratic
22028,104,93,11,60.24038461538461,52.0,47.18307562138518,239.0,10.576923076923077,89.42307692307692,67.36559139784946,44.80192759494321,1.118279569892473,0.44230021057481067,smooth
21201,104,93,11,26.14423076923077,12.5,42.6105457271968,252.0,10.576923076923077,89.42307692307692,29.236559139784948,44.060826989382676,1.118279569892473,2.2711863558016763,erratic
22349,104,93,11,23.951923076923077,13.5,74.60021341072733,756.0,10.576923076923077,89.42307692307692,26.78494623655914,78.44672097538913,1.118279569892473,8.577644286505931,erratic
82482,104,93,11,159.14423076923077,142.5,110.75262544997628,512.0,10.576923076923077,89.42307692307692,177.96774193548387,101.71704696735334,1.118279569892473,0.3266667309185181,smooth
82483,104,93,11,45.53846153846154,38.0,35.050289274022845,176.0,10.576923076923077,89.42307692307692,50.924731182795696,33.13812875484378,1.118279569892473,0.4234464260548005,smooth
22063,104,93,11,20.153846153846153,8.0,32.27363865531389,195.0,10.576923076923077,89.42307692307692,22.537634408602152,33.34391253345659,1.118279569892473,2.1888522974473847,erratic
21126,104,93,11,22.125,13.0,52.7832511497894,507.0,10.576923076923077,89.42307692307692,24.741935483870968,55.26062817818819,1.118279569892473,4.988434736343355,erratic
22077,104,93,11,163.82692307692307,150.0,117.31597382587107,526.0,10.576923076923077,89.42307692307692,183.20430107526883,108.71987930094807,1.118279569892473,0.35216532527146827,smooth
22081,104,93,11,14.528846153846153,11.0,13.308116167860371,63.0,10.576923076923077,89.42307692307692,16.247311827956988,13.040618745305073,1.118279569892473,0.6442187556267135,erratic
21871,104,93,11,107.3076923076923,61.5,156.22358118701126,836.0,10.576923076923077,89.42307692307692,120.0,160.5747827947004,1.118279569892473,1.7905736714975844,erratic
21255,19,17,2,23.31578947368421,16.0,24.797071134351842,72.0,10.526315789473685,89.47368421052632,26.058823529411764,24.815495633362065,1.1176470588235294,0.9068517546586224,erratic
22272,76,68,8,17.342105263157894,9.0,21.136100322483923,102.0,10.526315789473685,89.47368421052632,19.38235294117647,21.44623921508357,1.1176470588235294,1.2243040796166538,erratic
21826,67,60,7,24.925373134328357,16.0,33.08680659556003,204.0,10.447761194029852,89.55223880597015,27.833333333333332,33.79808773382419,1.1166666666666667,1.4745306909777325,erratic
23010,39,35,4,8.076923076923077,4.0,10.07180696531455,44.0,10.256410256410257,89.74358974358974,9.0,10.23833626190138,1.1142857142857143,1.2941176470588234,erratic
21658,88,79,9,25.022727272727273,17.5,19.88297791748745,89.0,10.227272727272727,89.77272727272728,27.873417721518987,18.986072553056843,1.1139240506329113,0.46396992023769273,smooth
47593B,98,88,10,21.653061224489797,8.5,37.03219608979903,209.0,10.204081632653061,89.79591836734694,24.113636363636363,38.32751534605238,1.1136363636363635,2.5263639618673195,erratic
22743,69,62,7,18.202898550724637,13.0,19.7130739762346,91.0,10.144927536231885,89.85507246376811,20.258064516129032,19.77076454310051,1.1129032258064515,0.9524693915691057,erratic
22744,69,62,7,18.666666666666668,13.0,19.491828353159168,91.0,10.144927536231885,89.85507246376811,20.774193548387096,19.468696483884,1.1129032258064515,0.8782646483862382,erratic
22698,69,62,7,116.08695652173913,104.0,82.48631600069027,369.0,10.144927536231885,89.85507246376811,129.19354838709677,76.57501169905711,1.1129032258064515,0.3513116003534293,smooth
47570B,69,62,7,14.072463768115941,7.0,21.38190469187309,102.0,10.144927536231885,89.85507246376811,15.661290322580646,22.008153145258476,1.1129032258064515,1.9747499800089714,erratic
22717,79,71,8,30.40506329113924,25.0,38.15606245722338,300.0,10.126582278481013,89.87341772151899,33.83098591549296,38.790641697448095,1.1126760563380282,1.3146938135986947,erratic
22429,90,81,9,25.255555555555556,17.5,33.58957874474891,223.0,10.0,90.0,28.061728395061728,34.28496233008443,1.1111111111111112,1.492720577006342,erratic
23101,30,27,3,67.2,61.5,61.40672770060746,205.0,10.0,90.0,74.66666666666667,60.2239410610355,1.1111111111111112,0.6505561960361068,erratic
22758,70,63,7,27.414285714285715,12.0,48.014639330751116,338.0,10.0,90.0,30.46031746031746,49.71331534386173,1.1111111111111112,2.6636465939100886,erratic
22893,60,54,6,44.9,27.0,64.26446945162081,377.0,10.0,90.0,49.888888888888886,65.90807396545948,1.1111111111111112,1.7452979465417071,erratic
22852,60,54,6,9.116666666666667,8.0,9.55464509743052,53.0,10.0,90.0,10.12962962962963,9.548379880943344,1.1111111111111112,0.8885303054084046,erratic
22891,60,54,6,10.566666666666666,6.0,11.721871006243232,43.0,10.0,90.0,11.74074074074074,11.78612101149289,1.1111111111111112,1.0077453328694383,erratic
23519,10,9,1,22.4,7.5,30.64564496882967,81.0,10.0,90.0,24.88888888888889,31.4143456260211,1.1111111111111112,1.593107262436224,erratic
22276,100,90,10,18.2,9.0,31.110425677875018,250.0,10.0,90.0,20.22222222222222,32.17535443796213,1.1111111111111112,2.531564065024986,erratic
23532,10,9,1,19.6,4.5,43.99797975160022,144.0,10.0,90.0,21.77777777777778,46.09169604651628,1.1111111111111112,4.479383590170762,erratic
23281,30,27,3,38.56666666666667,20.0,52.37970344831415,201.0,10.0,90.0,42.851851851851855,53.56786041569767,1.1111111111111112,1.5626776870388899,erratic
85042,50,45,5,50.66,40.0,50.017388813026514,218.0,10.0,90.0,56.28888888888889,49.61837188262861,1.1111111111111112,0.7770333652280585,erratic
79341,20,18,2,33.65,10.0,73.26252362853093,301.0,10.0,90.0,37.388888888888886,76.49078290409274,1.1111111111111112,4.185362645463326,erratic
79323GR,20,18,2,25.9,16.5,29.948903854820184,100.0,10.0,90.0,28.77777777777778,30.245185432231448,1.1111111111111112,1.1045820811889402,erratic
23102,30,27,3,42.46666666666667,38.0,36.88540813564808,117.0,10.0,90.0,47.18518518518518,35.86517170334671,1.1111111111111112,0.577742745635685,erratic
21911,71,64,7,35.36619718309859,20.0,55.264878910989026,320.0,9.859154929577464,90.14084507042253,39.234375,56.91562738715102,1.109375,2.1044062236102796,erratic
22466,92,83,9,57.02173913043478,27.0,95.9304897458376,558.0,9.782608695652174,90.21739130434783,63.204819277108435,99.08148396292928,1.108433734939759,2.457449586284523,erratic
22489,92,83,9,191.72826086956522,155.0,163.32796529526604,636.0,9.782608695652174,90.21739130434783,212.51807228915663,158.5300895841407,1.108433734939759,0.5564570824450932,erratic
21718,103,93,10,38.96116504854369,20.0,64.38166258385013,430.0,9.70873786407767,90.29126213592232,43.1505376344086,66.4289332975898,1.10752688172043,2.3699661060221224,erratic
23161,31,28,3,54.903225806451616,37.0,48.36138600075455,182.0,9.67741935483871,90.3225806451613,60.785714285714285,47.200405791458046,1.1071428571428572,0.6029598801274066,erratic
22613,83,75,8,36.45783132530121,17.0,47.16558822184523,210.0,9.63855421686747,90.36144578313252,40.346666666666664,48.02153045652946,1.1066666666666667,1.416630778904272,erratic
85227,104,94,10,32.18269230769231,19.0,42.11721148605065,323.0,9.615384615384615,90.38461538461539,35.6063829787234,42.911315921191566,1.1063829787234043,1.4524057117718427,erratic
22068,104,94,10,8.836538461538462,5.0,10.561066598939911,62.0,9.615384615384615,90.38461538461539,9.77659574468085,10.688305593426694,1.1063829787234043,1.195205021765269,erratic
21231,104,94,10,179.66346153846155,146.0,154.9889824193854,612.0,9.615384615384615,90.38461538461539,198.77659574468086,150.8789413079967,1.1063829787234043,0.5761383160159131,erratic
48173C,104,94,10,38.75961538461539,14.0,87.96076963070182,523.0,9.615384615384615,90.38461538461539,42.88297872340426,91.59868717458272,1.1063829787234043,4.562560217373777,erratic
22321,104,94,10,23.096153846153847,14.0,26.63435230914313,157.0,9.615384615384615,90.38461538461539,25.5531914893617,26.873905887716848,1.1063829787234043,1.1060411495936664,erratic
21993,104,94,10,26.490384615384617,10.5,34.782819995522594,157.0,9.615384615384615,90.38461538461539,29.30851063829787,35.446469286160564,1.1063829787234043,1.4627107954685712,erratic
21528,104,94,10,8.346153846153847,3.5,21.784812216677654,209.0,9.615384615384615,90.38461538461539,9.23404255319149,22.744691230723834,1.1063829787234043,6.067032868667592,erratic
21679,104,94,10,45.625,24.0,110.58258676277038,918.0,9.615384615384615,90.38461538461539,50.47872340425532,115.30723137320976,1.1063829787234043,5.217907340322906,erratic
46000M,104,94,10,23.58653846153846,19.0,22.001152033792238,112.0,9.615384615384615,90.38461538461539,26.095744680851062,21.677533659725217,1.1063829787234043,0.6900496648468486,erratic
21166,104,94,10,186.8653846153846,117.5,212.37117432303702,1115.0,9.615384615384615,90.38461538461539,206.74468085106383,214.00235835150175,1.1063829787234043,1.0714414145535291,erratic
21563,104,94,10,20.98076923076923,13.0,29.376690042432298,191.0,9.615384615384615,90.38461538461539,23.21276595744681,30.056889550842033,1.1063829787234043,1.6766186222602735,erratic
22135,104,94,10,15.173076923076923,7.5,31.884330481389327,301.0,9.615384615384615,90.38461538461539,16.78723404255319,33.14415316524785,1.1063829787234043,3.898123227798697,erratic
22189,104,94,10,149.19230769230768,68.0,259.1793649988841,2073.0,9.615384615384615,90.38461538461539,165.06382978723406,267.8599701782345,1.1063829787234043,2.633369478363331,erratic
84375,104,94,10,71.46153846153847,51.5,70.585474326944,350.0,9.615384615384615,90.38461538461539,79.06382978723404,70.07504556531853,1.1063829787234043,0.7855450256895432,erratic
21484,104,94,10,42.29807692307692,12.5,68.16354972291991,337.0,9.615384615384615,90.38461538461539,46.797872340425535,70.23548406062878,1.1063829787234043,2.2524799976392003,erratic
22134,104,94,10,19.25,9.5,45.64973229113645,345.0,9.615384615384615,90.38461538461539,21.29787234042553,47.58034061068384,1.1063829787234043,4.990943509134996,erratic
21714,104,94,10,40.81730769230769,20.5,67.92553953290648,583.0,9.615384615384615,90.38461538461539,45.159574468085104,70.08417415139911,1.1063829787234043,2.408464438747973,erratic
40016,94,85,9,163.93617021276594,72.0,242.87462177727545,1392.0,9.574468085106384,90.42553191489361,181.2941176470588,249.24661833352982,1.1058823529411765,1.890127598291348,erratic
20658,95,86,9,16.105263157894736,15.0,13.682939901384671,54.0,9.473684210526315,90.52631578947368,17.790697674418606,13.293179391366586,1.1046511627906976,0.5583053275135503,erratic
84849B,85,77,8,22.741176470588236,15.0,28.807304356946084,126.0,9.411764705882353,90.58823529411765,25.103896103896105,29.27662279900773,1.103896103896104,1.3600651010811706,erratic
22469,85,77,8,327.18823529411765,260.0,303.95995562219827,1574.0,9.411764705882353,90.58823529411765,361.1818181818182,299.4623132106824,1.103896103896104,0.6874365040446773,erratic
23253,32,29,3,7.96875,3.0,10.837463025944295,45.0,9.375,90.625,8.793103448275861,11.069195706827985,1.103448275862069,1.5847025869171198,erratic
22606,86,78,8,12.383720930232558,5.5,26.230278240613988,229.0,9.30232558139535,90.69767441860465,13.653846153846153,27.238640869976543,1.1025641025641026,3.9797964225815843,erratic
22974,54,49,5,30.185185185185187,24.0,33.02319029310873,192.0,9.25925925925926,90.74074074074073,33.265306122448976,33.15919650602484,1.1020408163265305,0.9936305782428146,erratic
22972,54,49,5,34.27777777777778,27.5,28.794271355481136,118.0,9.25925925925926,90.74074074074073,37.775510204081634,27.93911930886695,1.1020408163265305,0.5470219420868768,erratic
84985A,65,59,6,9.876923076923077,5.0,12.876222869483714,65.0,9.23076923076923,90.76923076923077,10.88135593220339,13.108413652100557,1.1016949152542372,1.4512232994633205,erratic
22426,87,79,8,15.28735632183908,11.0,13.480311263724854,68.0,9.195402298850574,90.80459770114942,16.835443037974684,13.189380323837886,1.1012658227848102,0.6137615583203239,erratic
82607A,44,40,4,14.5,12.0,15.066519173319362,81.0,9.090909090909092,90.9090909090909,15.95,15.051961282887302,1.1,0.8905633335424705,erratic
23520,11,10,1,15.090909090909092,6.0,26.864305483129638,88.0,9.090909090909092,90.9090909090909,16.6,27.82165423630386,1.1,2.8089869518233574,erratic
22914,55,50,5,10.272727272727273,6.0,17.406314887988152,108.0,9.090909090909092,90.9090909090909,11.3,17.945780016710426,1.1,2.5221318850979966,erratic
23516,11,10,1,26.818181818181817,11.0,36.22655981960799,110.0,9.090909090909092,90.9090909090909,29.5,37.01726323997734,1.1,1.5745794631172396,erratic
21256,11,10,1,24.545454545454547,25.0,22.433740822090446,77.0,9.090909090909092,90.9090909090909,27.0,22.035325174717883,1.1,0.6660570035055633,erratic
23075,33,30,3,13.757575757575758,10.0,13.174384006070035,50.0,9.090909090909092,90.9090909090909,15.133333333333333,13.037699536168269,1.1,0.7422201492162767,erratic
21578,100,91,9,21.72,18.5,20.207049474993834,93.0,9.0,91.0,23.86813186813187,19.932780812414276,1.098901098901099,0.6974272706820549,erratic
21878,89,81,8,62.71910112359551,26.0,99.59200734223386,476.0,8.98876404494382,91.01123595505618,68.91358024691358,102.36310340289415,1.0987654320987654,2.2063645032447403,erratic
22966,56,51,5,143.03571428571428,118.0,126.97672861745026,631.0,8.928571428571429,91.07142857142857,157.05882352941177,124.45439514371614,1.0980392156862746,0.6279076828122151,erratic
22719,56,51,5,26.196428571428573,21.0,23.356851938297087,98.0,8.928571428571429,91.07142857142857,28.764705882352942,22.90728114403289,1.0980392156862746,0.634201429401851,erratic
22362,90,82,8,8.255555555555556,6.0,13.52530803911906,121.0,8.88888888888889,91.11111111111111,9.060975609756097,13.914507537965154,1.0975609756097562,2.3582278178965543,erratic
22583,91,83,8,20.54945054945055,14.0,22.81143170345554,105.0,8.791208791208792,91.20879120879121,22.53012048192771,22.933805779815145,1.0963855421686748,1.0361562052521778,erratic
21737,46,42,4,8.5,5.0,16.017698544630772,108.0,8.695652173913043,91.30434782608695,9.30952380952381,16.549243730768936,1.0952380952380953,3.1601039609796935,erratic
21833,104,95,9,58.34615384615385,31.0,67.36032211006875,319.0,8.653846153846153,91.34615384615384,63.873684210526314,67.93398580807367,1.0947368421052632,1.1311761992582823,erratic
21172,104,95,9,72.48076923076923,56.5,61.70316993465623,271.0,8.653846153846153,91.34615384615384,79.34736842105264,60.17611889740242,1.0947368421052632,0.5751528719003984,erratic
22175,104,95,9,16.884615384615383,9.0,27.94214122363056,192.0,8.653846153846153,91.34615384615384,18.48421052631579,28.733871760314265,1.0947368421052632,2.4164982545046096,erratic
84078A,104,95,9,10.711538461538462,5.0,18.448918234355208,170.0,8.653846153846153,91.34615384615384,11.726315789473684,18.998007793239328,1.0947368421052632,2.624780264006201,erratic
21564,104,95,9,13.0,7.0,15.060396209282894,75.0,8.653846153846153,91.34615384615384,14.23157894736842,15.192700256946575,1.0947368421052632,1.1396297198344425,erratic
22199,104,95,9,16.442307692307693,8.0,37.15823600980968,269.0,8.653846153846153,91.34615384615384,18.0,38.53045217332456,1.0947368421052632,4.582085631731023,erratic
21773,104,95,9,15.625,6.0,39.6720016944772,363.0,8.653846153846153,91.34615384615384,17.105263157894736,41.21853375844377,1.0947368421052632,5.806648772504093,erratic
21499,104,95,9,141.3653846153846,125.0,108.70598608862862,525.0,8.653846153846153,91.34615384615384,154.7578947368421,104.18137986422683,1.0947368421052632,0.4531840166531261,smooth
84029E,104,95,9,96.20192307692308,15.5,169.59617255067602,1135.0,8.653846153846153,91.34615384615384,105.3157894736842,174.776164641417,1.0947368421052632,2.7540855982208043,erratic
82582,104,95,9,69.28846153846153,55.0,60.8253385302449,328.0,8.653846153846153,91.34615384615384,75.85263157894737,59.58811969645095,1.0947368421052632,0.617131988046533,erratic
21210,104,95,9,142.93269230769232,110.5,115.64057678214141,518.0,8.653846153846153,91.34615384615384,156.47368421052633,111.85599044299921,1.0947368421052632,0.5110176245784143,erratic
21068,104,95,9,38.80769230769231,13.0,95.93090929272822,745.0,8.653846153846153,91.34615384615384,42.48421052631579,99.62929834373948,1.0947368421052632,5.499447227394253,erratic
22024,104,95,9,50.79807692307692,38.0,43.53647724190374,171.0,8.653846153846153,91.34615384615384,55.61052631578947,42.502138803965316,1.0947368421052632,0.5841273749172422,erratic
37450,104,95,9,23.28846153846154,20.0,22.462773120230136,110.0,8.653846153846153,91.34615384615384,25.49473684210526,22.27195244296064,1.0947368421052632,0.7631598502909336,erratic
85049C,104,95,9,28.048076923076923,24.5,24.305251263550364,150.0,8.653846153846153,91.34615384615384,30.705263157894738,23.76653900465523,1.0947368421052632,0.5991095424731337,erratic
21313,104,95,9,63.21153846153846,48.0,61.251300454103784,298.0,8.653846153846153,91.34615384615384,69.2,60.762810574694214,1.0947368421052632,0.7710162277674185,erratic
20992,104,95,9,58.21153846153846,21.5,84.47802874889706,393.0,8.653846153846153,91.34615384615384,63.72631578947368,86.39819271470498,1.0947368421052632,1.838110827350533,erratic
48187,104,95,9,69.32692307692308,44.5,100.43047561950046,551.0,8.653846153846153,91.34615384615384,75.89473684210526,102.70454149814847,1.0947368421052632,1.8312851654681481,erratic
22185,104,95,9,34.16346153846154,25.5,30.889439731574047,137.0,8.653846153846153,91.34615384615384,37.4,30.383856295807085,1.0947368421052632,0.6599979434672538,erratic
22030,104,95,9,120.3173076923077,85.5,131.61994894267127,808.0,8.653846153846153,91.34615384615384,131.7157894736842,132.15574815087277,1.0947368421052632,1.0066915812690909,erratic
22072,104,95,9,21.48076923076923,17.5,25.23365789307359,218.0,8.653846153846153,91.34615384615384,23.51578947368421,25.48210183634309,1.0947368421052632,1.1742251201681233,erratic
20712,104,95,9,168.32692307692307,129.5,134.55106529129807,675.0,8.653846153846153,91.34615384615384,184.2736842105263,129.8750170155632,1.0947368421052632,0.4967348121183909,erratic
21215,104,95,9,41.55769230769231,24.0,65.80270996914224,504.0,8.653846153846153,91.34615384615384,45.49473684210526,67.5540561618573,1.0947368421052632,2.2048576034729668,erratic
79321,104,95,9,148.52884615384616,87.0,193.75166553525375,959.0,8.653846153846153,91.34615384615384,162.6,197.032041891452,1.0947368421052632,1.46836029873999,erratic
16156S,104,95,9,159.0,100.0,161.415943438424,725.0,8.653846153846153,91.34615384615384,174.06315789473683,160.93449245659565,1.0947368421052632,0.8548394431644344,erratic
21224,104,95,9,20.375,20.0,15.868505475293427,70.0,8.653846153846153,91.34615384615384,22.305263157894736,15.24486218594019,1.0947368421052632,0.4671241305582339,smooth
37448,104,95,9,42.17307692307692,31.0,37.96688447389672,136.0,8.653846153846153,91.34615384615384,46.16842105263158,37.323956322521724,1.0947368421052632,0.653559754494866,erratic
22170,104,95,9,22.26923076923077,16.0,24.4569091114563,183.0,8.653846153846153,91.34615384615384,24.378947368421052,24.564798784148653,1.0947368421052632,1.0153049946221608,erratic
21668,104,95,9,98.10576923076923,83.5,77.45940600110045,346.0,8.653846153846153,91.34615384615384,107.4,74.6029775231468,1.0947368421052632,0.48250715709032055,smooth
22778,58,53,5,16.75862068965517,9.0,18.142042230954594,73.0,8.620689655172415,91.37931034482759,18.339622641509433,18.19968659517395,1.0943396226415094,0.9847977054910068,erratic
22757,70,64,6,33.32857142857143,14.0,61.471030393509366,453.0,8.571428571428571,91.42857142857143,36.453125,63.42597977733009,1.09375,3.0273653778876835,erratic
22753,70,64,6,30.571428571428573,15.0,35.71163551243608,139.0,8.571428571428571,91.42857142857143,33.4375,36.04753255320817,1.09375,1.1622069994329576,erratic
85040B,70,64,6,32.114285714285714,12.0,55.345435080637046,334.0,8.571428571428571,91.42857142857143,35.125,56.98607460084171,1.09375,2.6321147490332266,erratic
22433,94,86,8,29.47872340425532,18.0,36.53242151854559,219.0,8.51063829787234,91.48936170212767,32.22093023255814,37.0247615594787,1.0930232558139534,1.3204087438184544,erratic
22792,59,54,5,57.28813559322034,36.0,68.85943975240998,363.0,8.474576271186441,91.52542372881356,62.592592592592595,69.64668747449882,1.0925925925925926,1.238098079383881,erratic
22521,59,54,5,38.779661016949156,27.0,45.93063277889077,244.0,8.474576271186441,91.52542372881356,42.370370370370374,46.4072604502975,1.0925925925925926,1.199630067946303,erratic
85049F,95,87,8,22.03157894736842,16.0,26.22912650599781,175.0,8.421052631578947,91.57894736842105,24.057471264367816,26.507724333580487,1.0919540229885059,1.2140733877772507,erratic
23416,12,11,1,7.833333333333333,4.0,8.860877581546395,25.0,8.333333333333334,91.66666666666667,8.545454545454545,8.92595805909524,1.0909090909090908,1.091036668175645,erratic
21593,24,22,2,54.291666666666664,26.5,120.13813758107491,602.0,8.333333333333334,91.66666666666667,59.22727272727273,124.50508951853061,1.0909090909090908,4.41906856481052,erratic
23420,12,11,1,13.666666666666666,12.0,12.79441165888333,39.0,8.333333333333334,91.66666666666667,14.909090909090908,12.636886843321383,1.0909090909090908,0.7184190957763236,erratic
22846,60,55,5,13.5,12.0,11.069120277999222,47.0,8.333333333333334,91.66666666666667,14.727272727272727,10.745291036602008,1.0909090909090908,0.5323431951994672,erratic
22443,72,66,6,9.48611111111111,6.0,12.127251416419876,58.0,8.333333333333334,91.66666666666667,10.348484848484848,12.311960943910691,1.0909090909090908,1.4154708240296534,erratic
23267,24,22,2,49.458333333333336,42.0,41.86310938686031,172.0,8.333333333333334,91.66666666666667,53.95454545454545,40.807885877407934,1.0909090909090908,0.5720475312765846,erratic
47591C,36,33,3,26.305555555555557,14.0,36.32694351850738,140.0,8.333333333333334,91.66666666666667,28.696969696969695,37.048519579469065,1.0909090909090908,1.6667468351678003,erratic
22773,60,55,5,39.56666666666667,37.0,35.60440206389771,228.0,8.333333333333334,91.66666666666667,43.163636363636364,35.02737745988374,1.0909090909090908,0.6585355044086214,erratic
23611,12,11,1,3.0,1.5,2.923260943784278,8.0,8.333333333333334,91.66666666666667,3.272727272727273,2.901410315377992,1.0909090909090908,0.7859567901234568,erratic
22639,73,67,6,22.054794520547944,12.0,23.3790566360857,114.0,8.219178082191782,91.78082191780823,24.029850746268657,23.411322143843996,1.0895522388059702,0.9491825277971644,erratic
47591B,61,56,5,17.114754098360656,13.0,20.25923522796105,122.0,8.19672131147541,91.80327868852459,18.642857142857142,20.463207401159213,1.0892857142857142,1.2048208335168307,erratic
21203,37,34,3,41.21621621621622,23.0,56.73384994630392,312.0,8.108108108108109,91.89189189189189,44.85294117647059,57.821109887852394,1.088235294117647,1.6618468349173001,erratic
22436,87,80,7,47.95402298850575,40.0,74.5596230973445,682.0,8.045977011494253,91.95402298850574,52.15,76.35528216124966,1.0875,2.1437273422778533,erratic
23123,25,23,2,36.84,19.0,56.6713331411923,220.0,8.0,92.0,40.04347826086956,58.04737740600703,1.0869565217391304,2.101365596033975,erratic
23337,25,23,2,6.76,6.0,6.540132516496385,25.0,8.0,92.0,7.3478260869565215,6.492013944785434,1.0869565217391304,0.7806226545416349,erratic
85063,50,46,4,5.9,5.0,4.518668758267061,18.0,8.0,92.0,6.413043478260869,4.34396688628939,1.0869565217391304,0.4588224328896549,smooth
22690,75,69,6,33.42666666666667,14.0,71.15764252763078,509.0,8.0,92.0,36.333333333333336,73.50523524105705,1.0869565217391304,4.0928521564336515,erratic
22902,63,58,5,27.19047619047619,16.0,29.497871515808292,158.0,7.936507936507937,92.06349206349206,29.53448275862069,29.597424921916254,1.0862068965517242,1.0042668248596174,erratic
22726,63,58,5,117.87301587301587,90.0,103.83664156298772,524.0,7.936507936507937,92.06349206349206,128.0344827586207,101.99999406901279,1.0862068965517242,0.6346676911416006,erratic
22807,63,58,5,20.396825396825395,13.0,21.83334212778754,86.0,7.936507936507937,92.06349206349206,22.155172413793103,21.8831038916938,1.0862068965517242,0.9755905304753809,erratic
40018F,38,35,3,28.473684210526315,8.0,57.84449649922569,326.0,7.894736842105263,92.10526315789474,30.914285714285715,59.695487773400444,1.0857142857142856,3.7287612572371,erratic
22564,89,82,7,50.96629213483146,16.0,109.41616232596061,598.0,7.865168539325842,92.13483146067416,55.31707317073171,112.97283384243153,1.0853658536585367,4.170898859354633,erratic
22398,89,82,7,46.247191011235955,37.0,43.84224843346583,191.0,7.865168539325842,92.13483146067416,50.19512195121951,43.446984587402966,1.0853658536585367,0.7491973841279356,erratic
22855,51,47,4,94.01960784313725,73.0,81.16464506078454,319.0,7.8431372549019605,92.15686274509804,102.02127659574468,79.53902224194385,1.0851063829787233,0.6078256019112107,erratic
22198,64,59,5,110.96875,85.0,105.40774477584729,458.0,7.8125,92.1875,120.37288135593221,104.48492686294348,1.0847457627118644,0.7534422559554368,erratic
21933,103,95,8,39.52427184466019,17.0,64.95607032270743,447.0,7.766990291262136,92.23300970873787,42.85263157894737,66.59003957545524,1.0842105263157895,2.4147020555981715,erratic
21407,103,95,8,12.194174757281553,7.0,14.276031093167388,82.0,7.766990291262136,92.23300970873787,13.221052631578948,14.402407413544134,1.0842105263157895,1.1866922765845231,erratic
84279P,104,96,8,10.971153846153847,7.0,21.31249541446604,210.0,7.6923076923076925,92.3076923076923,11.885416666666666,21.94292586721368,1.0833333333333333,3.408476067765755,erratic
84455,13,12,1,6.538461538461538,3.0,6.118488165870506,16.0,7.6923076923076925,92.3076923076923,7.083333333333333,6.052172162024794,1.0833333333333333,0.7300408933626926,erratic
23066,26,24,2,9.961538461538462,6.0,12.14407104468932,55.0,7.6923076923076925,92.3076923076923,10.791666666666666,12.28636277117551,1.0833333333333333,1.2961928570456354,erratic
21716,104,96,8,35.61538461538461,25.0,47.67554332064393,366.0,7.6923076923076925,92.3076923076923,38.583333333333336,48.46282713621945,1.0833333333333333,1.5776766623021647,erratic
21704,104,96,8,163.52884615384616,91.0,287.5106737311423,2110.0,7.6923076923076925,92.3076923076923,177.15625,295.26909504186534,1.0833333333333333,2.7779410705910856,erratic
23409,13,12,1,16.076923076923077,10.0,13.720189129293727,46.0,7.6923076923076925,92.3076923076923,17.416666666666668,13.412737049219864,1.0833333333333333,0.59306834051002,erratic
23415,13,12,1,17.307692307692307,17.0,12.847727525290322,41.0,7.6923076923076925,92.3076923076923,18.75,12.270622715175534,1.0833333333333333,0.42828282828282827,smooth
23235,26,24,2,26.384615384615383,15.5,45.40667521241953,238.0,7.6923076923076925,92.3076923076923,28.583333333333332,46.641944797496954,1.0833333333333333,2.6627325866514506,erratic
82600,104,96,8,118.65384615384616,93.0,127.27882161485242,1022.0,7.6923076923076925,92.3076923076923,128.54166666666666,127.59202389414281,1.0833333333333333,0.985278938699928,erratic
23247,26,24,2,81.61538461538461,61.5,80.86436887681839,349.0,7.6923076923076925,92.3076923076923,88.41666666666667,80.49948239999227,1.0833333333333333,0.8289300812545912,erratic
22930,52,48,4,21.01923076923077,10.0,31.611297548977884,196.0,7.6923076923076925,92.3076923076923,22.770833333333332,32.304561026588296,1.0833333333333333,2.0126573276584065,erratic
16161U,104,96,8,94.96153846153847,75.0,100.30467403148079,600.0,7.6923076923076925,92.3076923076923,102.875,100.42711418316217,1.0833333333333333,0.9529766728459953,erratic
21832,104,96,8,30.615384615384617,17.0,44.0203632694564,283.0,7.6923076923076925,92.3076923076923,33.166666666666664,44.89394910972599,1.0833333333333333,1.8321961566627107,erratic
21463,104,96,8,12.798076923076923,6.5,16.76703875163649,89.0,7.6923076923076925,92.3076923076923,13.864583333333334,17.025442133012625,1.0833333333333333,1.5079368451118296,erratic
17003,104,96,8,672.2019230769231,257.5,1405.760018878001,11210.0,7.6923076923076925,92.3076923076923,728.21875,1449.6043975993841,1.0833333333333333,3.9625548058420135,erratic
21249,104,96,8,15.76923076923077,9.5,21.712700756926136,127.0,7.6923076923076925,92.3076923076923,17.083333333333332,22.101043874687843,1.0833333333333333,1.6737105106609473,erratic
21216,104,96,8,36.59615384615385,29.5,31.718274182280396,165.0,7.6923076923076925,92.3076923076923,39.645833333333336,31.12216308497401,1.0833333333333333,0.6162322833024672,erratic
22076,104,96,8,19.557692307692307,13.5,24.391159835440344,168.0,7.6923076923076925,92.3076923076923,21.1875,24.700868299248956,1.0833333333333333,1.3591425505576142,erratic
23008,39,36,3,11.025641025641026,8.0,12.02954078724358,56.0,7.6923076923076925,92.3076923076923,11.944444444444445,12.075818681372992,1.0833333333333333,1.0221185196631393,erratic
21385,104,96,8,101.51923076923077,75.0,107.19531042934352,537.0,7.6923076923076925,92.3076923076923,109.97916666666667,107.323218576476,1.0833333333333333,0.9522840882397294,erratic
37447,104,96,8,27.346153846153847,22.5,26.141797514641,114.0,7.6923076923076925,92.3076923076923,29.625,25.936866669503058,1.0833333333333333,0.7665108399369943,erratic
21592,104,96,8,49.75961538461539,29.0,75.24451987171173,600.0,7.6923076923076925,92.3076923076923,53.90625,76.89364878638686,1.0833333333333333,2.0347108325318666,erratic
84580,104,96,8,10.028846153846153,9.0,7.93475424126705,40.0,7.6923076923076925,92.3076923076923,10.864583333333334,7.686789476507104,1.0833333333333333,0.5005688531365929,erratic
22283,104,96,8,9.75,6.0,17.314200917110156,168.0,7.6923076923076925,92.3076923076923,10.5625,17.786341595966864,1.0833333333333333,2.8355663501388535,erratic
22203,104,96,8,12.653846153846153,8.0,27.489016069713298,264.0,7.6923076923076925,92.3076923076923,13.708333333333334,28.366739851885722,1.0833333333333333,4.2820283587452765,erratic
21086,104,96,8,158.59615384615384,113.0,165.78846735341267,993.0,7.6923076923076925,92.3076923076923,171.8125,165.84865088387062,1.0833333333333333,0.9317821183297448,erratic
22315,104,96,8,20.298076923076923,13.0,26.344941043698825,115.0,7.6923076923076925,92.3076923076923,21.989583333333332,26.737907169869544,1.0833333333333333,1.478498273634946,erratic
23422,13,12,1,16.307692307692307,14.0,14.132613673017783,48.0,7.6923076923076925,92.3076923076923,17.666666666666668,13.845467478455529,1.0833333333333333,0.6141946341305542,erratic
35096A,13,12,1,56.76923076923077,12.0,148.19983909469101,547.0,7.6923076923076925,92.3076923076923,61.5,153.761030646437,1.0833333333333333,6.250896832693381,erratic
82494L,104,96,8,143.79807692307693,141.0,89.64811249510933,426.0,7.6923076923076925,92.3076923076923,155.78125,82.6266432275488,1.0833333333333333,0.2813259865115063,smooth
21913,104,96,8,10.509615384615385,5.5,20.50005692263358,192.0,7.6923076923076925,92.3076923076923,11.385416666666666,21.10842674915782,1.0833333333333333,3.4372717888376907,erratic
22457,92,85,7,158.59782608695653,148.5,100.71066813670164,479.0,7.608695652173913,92.3913043478261,171.65882352941176,93.37629363433288,1.0823529411764705,0.295897298181536,smooth
20671,53,49,4,14.754716981132075,9.0,18.72565666957561,125.0,7.547169811320755,92.45283018867924,15.959183673469388,18.98020809474248,1.0816326530612246,1.4144271797454668,erratic
21777,53,49,4,20.92452830188679,17.0,19.17314734466267,96.0,7.547169811320755,92.45283018867924,22.632653061224488,18.94146012229854,1.0816326530612246,0.7004158667925325,erratic
21179,93,86,7,46.03225806451613,23.0,73.3420295324085,447.0,7.526881720430108,92.47311827956989,49.77906976744186,75.05549337778886,1.0813953488372092,2.2733767551211437,erratic
79000,93,86,7,127.82795698924731,90.0,122.59651243850736,612.0,7.526881720430108,92.47311827956989,138.2325581395349,121.70655880809525,1.0813953488372092,0.7751884190427258,erratic
85217,40,37,3,70.325,52.5,59.51314765318453,264.0,7.5,92.5,76.02702702702703,58.235864515914216,1.0810810810810811,0.5867391100469229,erratic
22973,54,50,4,24.01851851851852,18.0,25.24632664536677,109.0,7.407407407407407,92.5925925925926,25.94,25.26949439420535,1.08,0.948971481752231,erratic
20990,27,25,2,30.77777777777778,14.0,42.912552702993324,158.0,7.407407407407407,92.5925925925926,33.24,43.699999999999996,1.08,1.7283864133653646,erratic
22681,68,63,5,17.11764705882353,13.5,16.295342628983327,93.0,7.352941176470588,92.6470588235294,18.476190476190474,16.169322948357948,1.0793650793650793,0.7658766143603072,erratic
22678,68,63,5,20.514705882352942,15.0,19.133071038777075,94.0,7.352941176470588,92.6470588235294,22.142857142857142,18.946322430502256,1.0793650793650793,0.7321204390587761,erratic
22682,68,63,5,17.0,12.0,16.617739128152884,90.0,7.352941176470588,92.6470588235294,18.349206349206348,16.530674058967776,1.0793650793650793,0.8116084432696284,erratic
22677,68,63,5,23.279411764705884,20.0,20.913357574094814,101.0,7.352941176470588,92.6470588235294,25.126984126984127,20.62686321084956,1.0793650793650793,0.6738847776628989,erratic
22671,68,63,5,24.735294117647058,14.0,35.719728921711635,222.0,7.352941176470588,92.6470588235294,26.6984126984127,36.407919610203784,1.0793650793650793,1.859605590441285,erratic
22614,83,77,6,68.06024096385542,57.0,52.11323257769878,218.0,7.228915662650603,92.7710843373494,73.36363636363636,50.35868949501668,1.077922077922078,0.47118031739982086,smooth
22625,83,77,6,31.156626506024097,28.0,22.033501060171012,93.0,7.228915662650603,92.7710843373494,33.58441558441559,21.004605165077646,1.077922077922078,0.39115911406126413,smooth
21914,97,90,7,129.7835051546392,90.0,139.8739929070182,850.0,7.216494845360825,92.78350515463917,139.87777777777777,140.27011083978738,1.0777777777777777,1.0056175224051462,erratic
47503G,14,13,1,18.285714285714285,12.0,22.53349155719641,72.0,7.142857142857143,92.85714285714286,19.692307692307693,22.804914000366292,1.0769230769230769,1.3411076863606768,erratic
21589,28,26,2,35.67857142857143,22.5,40.22165767384216,196.0,7.142857142857143,92.85714285714286,38.42307692307692,40.46645334290918,1.0769230769230769,1.1091901511120732,erratic
21299,14,13,1,11.357142857142858,1.5,29.929679488523,114.0,7.142857142857143,92.85714285714286,12.23076923076923,30.965448072956644,1.0769230769230769,6.409840064343448,erratic
22054,14,13,1,24.357142857142858,17.5,24.317158054019714,72.0,7.142857142857143,92.85714285714286,26.23076923076923,24.235489975632312,1.0769230769230769,0.8536533626875128,erratic
22168,71,66,5,9.28169014084507,7.0,11.002834827692036,83.0,7.042253521126761,92.95774647887323,9.984848484848484,11.10161793370321,1.0757575757575757,1.2362024375213991,erratic
22694,71,66,5,68.38028169014085,23.0,90.22770657733258,405.0,7.042253521126761,92.95774647887323,73.56060606060606,91.54421021693521,1.0757575757575757,1.548713795857414,erratic
22035,100,93,7,40.33,37.0,29.802736976880684,122.0,7.0,93.0,43.365591397849464,28.682969097053633,1.075268817204301,0.43747945569856356,smooth
22653,72,67,5,40.486111111111114,24.0,48.16257475674186,271.0,6.944444444444445,93.05555555555556,43.507462686567166,48.59959257041102,1.0746268656716418,1.247779206348739,erratic
21700,101,94,7,59.415841584158414,42.0,55.551285732507175,321.0,6.930693069306931,93.06930693069307,63.840425531914896,55.07010257541233,1.074468085106383,0.744115283196305,erratic
22180,101,94,7,9.287128712871286,7.0,7.435504870099093,31.0,6.930693069306931,93.06930693069307,9.97872340425532,7.243801537754267,1.074468085106383,0.5269666328434665,erratic
23090,29,27,2,67.41379310344827,48.0,58.757684750519054,194.0,6.896551724137931,93.10344827586206,72.4074074074074,57.8148631803138,1.0740740740740742,0.6375481784978061,erratic
15060B,102,95,7,13.764705882352942,10.0,14.451815789568057,87.0,6.862745098039215,93.13725490196079,14.778947368421052,14.465791597411933,1.0736842105263158,0.9580703570898761,erratic
22188,103,96,7,97.19417475728156,20.0,248.10960015933293,2059.0,6.796116504854369,93.20388349514563,104.28125,255.63142476805808,1.0729166666666667,6.009191226496111,erratic
21244,103,96,7,48.33009708737864,30.0,53.00691563270253,271.0,6.796116504854369,93.20388349514563,51.854166666666664,53.217523660551926,1.0729166666666667,1.0532755560043907,erratic
22441,89,83,6,29.1123595505618,20.0,30.758752709316596,166.0,6.741573033707865,93.25842696629213,31.216867469879517,30.80309146378208,1.072289156626506,0.9736659208558784,erratic
22536,89,83,6,101.58426966292134,51.0,141.30373547375015,952.0,6.741573033707865,93.25842696629213,108.92771084337349,143.5899295956413,1.072289156626506,1.7376856368468871,erratic
22399,89,83,6,45.39325842696629,20.0,95.9252334298968,806.0,6.741573033707865,93.25842696629213,48.674698795180724,98.55592796685632,1.072289156626506,4.099764942640727,erratic
22132,104,97,7,31.53846153846154,15.0,42.943386320574646,241.0,6.730769230769231,93.26923076923077,33.81443298969072,43.59862619608061,1.0721649484536082,1.6624224327037471,erratic
21137,104,97,7,164.60576923076923,87.0,200.92970409028703,928.0,6.730769230769231,93.26923076923077,176.48453608247422,202.97373154148863,1.0721649484536082,1.3227152378535,erratic
22026,104,97,7,38.31730769230769,28.0,40.85666739163889,337.0,6.730769230769231,93.26923076923077,41.08247422680412,40.94143940411842,1.0721649484536082,0.9931458491089814,erratic
21864,104,97,7,15.807692307692308,10.0,17.372602536600485,95.0,6.730769230769231,93.26923076923077,16.948453608247423,17.44358235260453,1.0721649484536082,1.0592810473658294,erratic
21875,104,97,7,64.3076923076923,19.5,136.85795037567462,827.0,6.730769230769231,93.26923076923077,68.94845360824742,140.61482341948195,1.0721649484536082,4.1592320529188465,erratic
22061,104,97,7,19.076923076923077,11.0,25.480505515283905,128.0,6.730769230769231,93.26923076923077,20.45360824742268,25.848525352263284,1.0721649484536082,1.5970984070903924,erratic
21245,104,97,7,23.384615384615383,16.0,28.790609206673828,134.0,6.730769230769231,93.26923076923077,25.072164948453608,29.09619370248467,1.0721649484536082,1.34675527697675,erratic
85040A,104,97,7,19.634615384615383,15.0,18.08666176582117,82.0,6.730769230769231,93.26923076923077,21.051546391752577,17.91203688283653,1.0721649484536082,0.7239722879600221,erratic
21917,104,97,7,75.1923076923077,50.0,97.59487063983116,579.0,6.730769230769231,93.26923076923077,80.61855670103093,98.88002445082218,1.0721649484536082,1.5043437730298952,erratic
22059,104,97,7,42.18269230769231,24.0,62.13792432390262,492.0,6.730769230769231,93.26923076923077,45.22680412371134,63.27362950488652,1.0721649484536082,1.9572833157511125,erratic
22055,104,97,7,44.41346153846154,28.0,47.81997197761886,268.0,6.730769230769231,93.26923076923077,47.618556701030926,47.95080884331902,1.0721649484536082,1.0140034174884667,erratic
82583,104,97,7,122.75961538461539,102.5,117.24114185532294,638.0,6.730769230769231,93.26923076923077,131.61855670103094,116.4886835794012,1.0721649484536082,0.7833091985302805,erratic
21929,104,97,7,242.78846153846155,206.5,192.1910797298024,1067.0,6.730769230769231,93.26923076923077,260.30927835051546,187.14279089467695,1.0721649484536082,0.5168528405385091,erratic
21866,104,97,7,20.442307692307693,14.0,20.515599995285104,126.0,6.730769230769231,93.26923076923077,21.917525773195877,20.467285941580855,1.0721649484536082,0.8720421201820586,erratic
22300,104,97,7,38.40384615384615,31.0,49.612776155734466,453.0,6.730769230769231,93.26923076923077,41.175257731958766,50.25539156591359,1.0721649484536082,1.4896789115195075,erratic
22303,104,97,7,50.92307692307692,38.0,52.474624900058046,444.0,6.730769230769231,93.26923076923077,54.597938144329895,52.45606490868779,1.0721649484536082,0.9230791293753212,erratic
84997D,104,97,7,100.8076923076923,72.0,98.26169506452122,482.0,6.730769230769231,93.26923076923077,108.08247422680412,97.80046332787879,1.0721649484536082,0.8187876217879627,erratic
84535B,104,97,7,25.576923076923077,18.0,31.226604386461688,171.0,6.730769230769231,93.26923076923077,27.422680412371133,31.54455679786742,1.0721649484536082,1.3232108554987099,erratic
21175,104,97,7,195.73076923076923,134.5,295.14992835694767,2127.0,6.730769230769231,93.26923076923077,209.8556701030928,300.78304022205674,1.0721649484536082,2.0543066575128437,erratic
20961,104,97,7,32.94230769230769,16.5,49.18142101712422,327.0,6.730769230769231,93.26923076923077,35.31958762886598,50.10334037262233,1.0721649484536082,2.0123434916927634,erratic
22169,104,97,7,21.182692307692307,19.5,18.375672194601083,146.0,6.730769230769231,93.26923076923077,22.711340206185568,18.088877085844885,1.0721649484536082,0.6343627741974432,erratic
85062,104,97,7,37.10576923076923,30.0,33.50986473195611,192.0,6.730769230769231,93.26923076923077,39.78350515463917,33.12326310041394,1.0721649484536082,0.6932025312428072,erratic
21577,104,97,7,23.96153846153846,15.0,45.15301344155088,342.0,6.730769230769231,93.26923076923077,25.690721649484537,46.28790357298687,1.0721649484536082,3.246253386706911,erratic
22318,104,97,7,15.076923076923077,12.5,14.250663283961924,74.0,6.730769230769231,93.26923076923077,16.164948453608247,14.14631902384499,1.0721649484536082,0.7658403558928357,erratic
22045,104,97,7,138.3846153846154,125.0,111.11188340948095,665.0,6.730769230769231,93.26923076923077,148.37113402061857,108.39245049698926,1.0721649484536082,0.5337025002971084,erratic
21625,104,97,7,9.221153846153847,6.0,14.847415996142535,112.0,6.730769230769231,93.26923076923077,9.88659793814433,15.161544205008019,1.0721649484536082,2.3517606920225584,erratic
22138,104,97,7,86.09615384615384,65.0,79.55330620881071,483.0,6.730769230769231,93.26923076923077,92.30927835051547,78.80796290465915,1.0721649484536082,0.7288690207281695,erratic
21786,104,97,7,70.49038461538461,32.5,119.3207308050476,778.0,6.730769230769231,93.26923076923077,75.57731958762886,122.01279262263397,1.0721649484536082,2.606320165343466,erratic
46000S,104,97,7,32.89423076923077,24.5,33.086212266153794,155.0,6.730769230769231,93.26923076923077,35.2680412371134,33.014048608104424,1.0721649484536082,0.8762638450608111,erratic
21746,104,97,7,56.97115384615385,36.0,66.88687112395675,341.0,6.730769230769231,93.26923076923077,61.08247422680412,67.42645223116146,1.0721649484536082,1.2185051730788627,erratic
23433,15,14,1,83.86666666666666,74.0,76.62139450074041,302.0,6.666666666666667,93.33333333333333,89.85714285714286,75.78091615141145,1.0714285714285714,0.7112372463536775,erratic
23175,30,28,2,104.76666666666667,59.0,148.16711984208524,713.0,6.666666666666667,93.33333333333333,112.25,150.69361238889596,1.0714285714285714,1.8022581090224605,erratic
85049B,60,56,4,34.78333333333333,30.5,32.06935897879367,207.0,6.666666666666667,93.33333333333333,37.267857142857146,31.764182843075183,1.0714285714285714,0.7264513420530235,erratic
21076,15,14,1,55.06666666666667,39.0,49.831812367297296,198.0,6.666666666666667,93.33333333333333,59.0,49.23725918760804,1.0714285714285714,0.696440015026628,erratic
22468,91,85,6,19.032967032967033,10.0,33.87868899124593,279.0,6.593406593406593,93.4065934065934,20.376470588235293,34.670550310364696,1.0705882352941176,2.8950998458576245,erratic
22520,61,57,4,37.60655737704918,28.0,43.06323981020031,232.0,6.557377049180328,93.44262295081967,40.24561403508772,43.345077452328674,1.0701754385964912,1.1599584977646968,erratic
22465,92,86,6,44.45652173913044,38.0,38.11734716374843,181.0,6.521739130434782,93.47826086956522,47.55813953488372,37.499993616050524,1.069767441860465,0.6217455334929565,erratic
22478,92,86,6,29.847826086956523,18.5,56.73147367301752,385.0,6.521739130434782,93.47826086956522,31.930232558139537,58.123760596056,1.069767441860465,3.313624154227796,erratic
21033,92,86,6,49.47826086956522,22.0,115.59615932066876,1070.0,6.521739130434782,93.47826086956522,52.93023255813954,118.83114967912636,1.069767441860465,5.040260621624123,erratic
23164,31,29,2,18.548387096774192,8.0,21.181499332636836,79.0,6.451612903225806,93.54838709677419,19.82758620689655,21.31744584927908,1.0689655172413792,1.155927626248987,erratic
23299,31,29,2,32.516129032258064,19.0,49.86773904890276,205.0,6.451612903225806,93.54838709677419,34.758620689655174,50.830007428411946,1.0689655172413792,2.1385296595490044,erratic
22432,94,88,6,36.92553191489362,23.0,39.767939581165486,219.0,6.382978723404255,93.61702127659575,39.44318181818182,39.87620439705849,1.0681818181818181,1.022077302280649,erratic
21611,47,44,3,14.76595744680851,10.0,17.73502156255348,107.0,6.382978723404255,93.61702127659575,15.772727272727273,17.894865622429812,1.0681818181818181,1.2871918907398368,erratic
22242,63,59,4,75.4920634920635,46.0,80.80799086481983,354.0,6.349206349206349,93.65079365079364,80.61016949152543,80.99744928916026,1.0677966101694916,1.0096317900017777,erratic
22084,95,89,6,91.41052631578947,36.0,147.1907500806165,955.0,6.315789473684211,93.6842105263158,97.57303370786516,150.11381194707883,1.0674157303370786,2.3669097062379456,erratic
22375,95,89,6,6.11578947368421,5.0,5.669746434899733,29.0,6.315789473684211,93.6842105263158,6.52808988764045,5.622782164067505,1.0674157303370786,0.7418741959365724,erratic
23325,16,15,1,28.875,27.0,21.27870610101407,72.0,6.25,93.75,30.8,20.53290042833696,1.0666666666666667,0.44442570416596394,smooth
23357,16,15,1,24.625,21.5,18.782527341477063,68.0,6.25,93.75,26.266666666666666,18.21485526653869,1.0666666666666667,0.4808853248326051,smooth
23358,16,15,1,30.5,29.0,24.17436658942691,72.0,6.25,93.75,32.53333333333333,23.56409698390046,1.0666666666666667,0.5246195579145393,erratic
82597,48,45,3,24.354166666666668,24.5,18.245943394481145,85.0,6.25,93.75,25.977777777777778,17.67701240811828,1.0666666666666667,0.4630349135863342,smooth
22498,96,90,6,11.802083333333334,7.0,18.446291763510665,160.0,6.25,93.75,12.588888888888889,18.793313683355542,1.0666666666666667,2.228598965581297,erratic
23067,32,30,2,9.125,6.0,8.819882231676631,32.0,6.25,93.75,9.733333333333333,8.776667081385236,1.0666666666666667,0.8130852006910786,erratic
22925,49,46,3,9.959183673469388,7.0,10.396231656377287,55.0,6.122448979591836,93.87755102040816,10.608695652173912,10.404012603840384,1.065217391304348,0.9617844665412526,erratic
72008,49,46,3,74.3265306122449,44.0,81.74844232845815,365.0,6.122448979591836,93.87755102040816,79.17391304347827,82.07322052027718,1.065217391304348,1.0745799450475895,erratic
22650,82,77,5,21.426829268292682,15.5,22.13874905172894,144.0,6.097560975609756,93.90243902439025,22.818181818181817,22.140536336825637,1.0649350649350648,0.94148672661002,erratic
23132,33,31,2,30.818181818181817,15.0,38.9321963044844,139.0,6.0606060606060606,93.93939393939394,32.806451612903224,39.36192691323153,1.064516129032258,1.4395746256607196,erratic
47599B,99,93,6,35.27272727272727,15.0,50.90704176899065,250.0,6.0606060606060606,93.93939393939394,37.54838709677419,51.71231375706753,1.064516129032258,1.8967293591088388,erratic
35004C,66,62,4,43.696969696969695,29.0,48.93668427262996,224.0,6.0606060606060606,93.93939393939394,46.516129032258064,49.17874455410085,1.064516129032258,1.1177578856788526,erratic
22624,83,78,5,37.33734939759036,34.0,23.7934593945857,94.0,6.024096385542169,93.97590361445783,39.73076923076923,22.506953082612874,1.064102564102564,0.32090720216827795,smooth
21432,50,47,3,17.64,15.5,16.12421173520221,79.0,6.0,94.0,18.76595744680851,15.979896019084686,1.0638297872340425,0.7251142561595937,erratic
22326,100,94,6,152.13,125.0,115.06192052784255,523.0,6.0,94.0,161.8404255319149,111.8255460832015,1.0638297872340425,0.47742816077148426,smooth
20977,101,95,6,36.76237623762376,35.0,28.75939794740199,202.0,5.9405940594059405,94.05940594059406,39.084210526315786,28.074620612011824,1.063157894736842,0.5159707759627139,erratic
22680,68,64,4,19.91176470588235,16.0,18.480110562211788,97.0,5.882352941176471,94.11764705882354,21.15625,18.342611288714828,1.0625,0.7517006827458484,erratic
22686,68,64,4,20.63235294117647,12.0,26.87056004935719,120.0,5.882352941176471,94.11764705882354,21.921875,27.18735974238589,1.0625,1.538079109526914,erratic
23003,17,16,1,31.88235294117647,15.0,46.45950165593306,196.0,5.882352941176471,94.11764705882354,33.875,47.226934405414596,1.0625,1.943662713379901,erratic
22679,68,64,4,18.514705882352942,13.0,17.340740268123852,92.0,5.882352941176471,94.11764705882354,19.671875,17.224064641593102,1.0625,0.7666193574825372,erratic
23326,17,16,1,199.1764705882353,184.0,182.44287986042292,730.0,5.882352941176471,94.11764705882354,211.625,180.81588241449737,1.0625,0.730027479585107,erratic
22332,103,97,6,40.20388349514563,18.0,93.89161035244058,609.0,5.825242718446602,94.1747572815534,42.69072164948454,96.22546882460728,1.0618556701030928,5.080577481410095,erratic
21115,104,98,6,10.48076923076923,7.0,16.87244019807125,140.0,5.769230769230769,94.23076923076923,11.122448979591837,17.177823936045638,1.0612244897959184,2.3852584868676225,erratic
22023,104,98,6,47.10576923076923,36.0,47.20229512875361,276.0,5.769230769230769,94.23076923076923,49.98979591836735,47.11917220886463,1.0612244897959184,0.8884491511627569,erratic
21774,104,98,6,16.326923076923077,6.0,37.54878827765603,337.0,5.769230769230769,94.23076923076923,17.3265306122449,38.46588407048244,1.0612244897959184,4.928652698615056,erratic
22089,104,98,6,33.59615384615385,22.0,34.782966267198,204.0,5.769230769230769,94.23076923076923,35.6530612244898,34.79367819128479,1.0612244897959184,0.9523729127374548,erratic
21987,104,98,6,61.19230769230769,26.0,103.60736909383027,688.0,5.769230769230769,94.23076923076923,64.93877551020408,105.60623383725644,1.0612244897959184,2.6446665322142797,erratic
21329,104,98,6,19.115384615384617,12.0,20.580086374707967,116.0,5.769230769230769,94.23076923076923,20.285714285714285,20.633772735968268,1.0612244897959184,1.034610012331868,erratic
85066,104,98,6,28.653846153846153,22.0,28.094420974952467,206.0,5.769230769230769,94.23076923076923,30.408163265306122,28.003989676986023,1.0612244897959184,0.8481241719863089,erratic
21411,104,98,6,17.08653846153846,12.5,17.00091977918584,90.0,5.769230769230769,94.23076923076923,18.132653061224488,16.963051268938003,1.0612244897959184,0.875155537609008,erratic
21485,104,98,6,70.34615384615384,31.5,97.87725314950661,571.0,5.769230769230769,94.23076923076923,74.65306122448979,99.23554214888857,1.0612244897959184,1.7670109921995758,erratic
21481,104,98,6,76.41346153846153,23.5,116.30714363996663,745.0,5.769230769230769,94.23076923076923,81.09183673469387,118.24045801693913,1.0612244897959184,2.1260718242276924,erratic
22133,104,98,6,23.26923076923077,14.0,30.221586437200486,192.0,5.769230769230769,94.23076923076923,24.693877551020407,30.566273497618965,1.0612244897959184,1.5321680748244766,erratic
21670,104,98,6,84.09615384615384,68.5,62.78743910477098,335.0,5.769230769230769,94.23076923076923,89.24489795918367,61.00719261710383,1.0612244897959184,0.46729946757144186,smooth
84596F,104,98,6,44.08653846153846,26.0,48.17567177537034,310.0,5.769230769230769,94.23076923076923,46.785714285714285,48.3411949999234,1.0612244897959184,1.0675991894832266,erratic
22179,104,98,6,18.615384615384617,13.0,17.62352118277619,85.0,5.769230769230769,94.23076923076923,19.755102040816325,17.52292238048114,1.0612244897959184,0.7867821889454625,erratic
82567,104,98,6,11.25,9.5,8.773027950341644,45.0,5.769230769230769,94.23076923076923,11.938775510204081,8.568482557053384,1.0612244897959184,0.5150961001872977,erratic
47591D,104,98,6,86.70192307692308,72.0,67.68787300252296,326.0,5.769230769230769,94.23076923076923,92.01020408163265,66.11805980931089,1.0612244897959184,0.5163785742038831,erratic
85061W,104,98,6,56.76923076923077,42.0,78.22363146639823,676.0,5.769230769230769,94.23076923076923,60.244897959183675,79.28352635333779,1.0612244897959184,1.731910201893347,erratic
21108,104,98,6,121.88461538461539,30.0,441.88550789894975,3141.0,5.769230769230769,94.23076923076923,129.3469387755102,454.27495425424587,1.0612244897959184,12.334605871065556,erratic
21114,104,98,6,53.80769230769231,40.0,54.56199412035674,282.0,5.769230769230769,94.23076923076923,57.10204081632653,54.5078240474711,1.0612244897959184,0.9112015092750507,erratic
47559B,104,98,6,48.69230769230769,33.5,41.536059178725424,185.0,5.769230769230769,94.23076923076923,51.673469387755105,40.94295138667498,1.0612244897959184,0.6278025115913096,erratic
21497,104,98,6,164.42307692307693,125.0,169.69033431333872,1000.0,5.769230769230769,94.23076923076923,174.48979591836735,169.70940869603524,1.0612244897959184,0.9459578187243797,erratic
21165,104,98,6,88.8076923076923,77.5,83.91501444313637,443.0,5.769230769230769,94.23076923076923,94.24489795918367,83.42415052744973,1.0612244897959184,0.7835521184374025,erratic
15056P,104,98,6,17.817307692307693,8.0,26.910410308510112,137.0,5.769230769230769,94.23076923076923,18.908163265306122,27.351882927586715,1.0612244897959184,2.092549646441709,erratic
22278,104,98,6,9.39423076923077,7.0,10.826449336129638,87.0,5.769230769230769,94.23076923076923,9.96938775510204,10.89353736498493,1.0612244897959184,1.1939905202666323,erratic
84596B,104,98,6,58.42307692307692,33.5,67.07967908227077,353.0,5.769230769230769,94.23076923076923,62.0,67.48302573897082,1.0612244897959184,1.1846927062660246,erratic
82552,104,98,6,66.27884615384616,43.0,69.83412478912783,350.0,5.769230769230769,94.23076923076923,70.33673469387755,69.92926380006877,1.0612244897959184,0.98844727078623,erratic
21715,104,98,6,34.13461538461539,19.0,47.47018639069305,346.0,5.769230769230769,94.23076923076923,36.224489795918366,48.12816450696176,1.0612244897959184,1.7652005063632858,erratic
21903,104,98,6,32.26923076923077,17.0,72.93223757072343,614.0,5.769230769230769,94.23076923076923,34.244897959183675,74.69788791014712,1.0612244897959184,4.75800497293972,erratic
20982,104,98,6,43.85576923076923,34.5,45.59688676760383,215.0,5.769230769230769,94.23076923076923,46.54081632653061,45.62264954936375,1.0612244897959184,0.9609327915750349,erratic
22207,104,98,6,28.567307692307693,11.5,45.489733061871554,314.0,5.769230769230769,94.23076923076923,30.316326530612244,46.300586030620345,1.0612244897959184,2.3324901783258953,erratic
22439,87,82,5,44.06896551724138,34.0,36.23559636967825,199.0,5.747126436781609,94.25287356321839,46.75609756097561,35.59323037854934,1.0609756097560976,0.5795064830529576,erratic
22754,70,66,4,47.68571428571428,25.5,56.901018267841074,220.0,5.714285714285714,94.28571428571429,50.57575757575758,57.345930203944825,1.0606060606060606,1.285643060493297,erratic
84837,35,33,2,6.8,6.0,5.645404169348207,23.0,5.714285714285714,94.28571428571429,7.212121212121212,5.549535880129841,1.0606060606060606,0.592089409293129,erratic
22537,88,83,5,66.5909090909091,32.5,170.86444424516776,1584.0,5.681818181818182,94.31818181818181,70.60240963855422,175.1803210185768,1.0602409638554218,6.156467461018481,erratic
21272,88,83,5,26.647727272727273,19.5,30.75413803489853,168.0,5.681818181818182,94.31818181818181,28.253012048192772,30.944814520287157,1.0602409638554218,1.199627073579895,erratic
84270,53,50,3,418.52830188679246,300.0,339.03440963177866,1652.0,5.660377358490566,94.33962264150944,443.64,332.58657059294427,1.06,0.5620151525118027,erratic
22535,89,84,5,50.04494382022472,31.0,54.59497773113124,251.0,5.617977528089888,94.38202247191012,53.023809523809526,54.77511003447262,1.0595238095238095,1.0671480227789898,erratic
84578,18,17,1,11.38888888888889,10.0,7.212235428026531,25.0,5.555555555555555,94.44444444444444,12.058823529411764,6.832556149012738,1.0588235294117647,0.32103807257584777,smooth
21223,18,17,1,26.555555555555557,11.5,48.37381671721645,204.0,5.555555555555555,94.44444444444444,28.11764705882353,49.39241130090377,1.0588235294117647,3.08576256980795,erratic
21186,54,51,3,92.48148148148148,63.5,95.38556133383787,378.0,5.555555555555555,94.44444444444444,97.92156862745098,95.39891889057337,1.0588235294117647,0.9491397943451244,erratic
23352,18,17,1,93.77777777777777,102.5,58.68215036313709,194.0,5.555555555555555,94.44444444444444,99.29411764705883,55.46932114453262,1.0588235294117647,0.312074770543676,smooth
22919,54,51,3,32.72222222222222,24.5,34.63361692609722,168.0,5.555555555555555,94.44444444444444,34.64705882352941,34.69053100165045,1.0588235294117647,1.0025110039461433,erratic
22364,90,85,5,22.72222222222222,8.0,77.58272537044006,727.0,5.555555555555555,94.44444444444444,24.058823529411764,79.6543653993356,1.0588235294117647,10.961510159267236,erratic
23436,18,17,1,108.66666666666667,69.0,152.82746904309332,687.0,5.555555555555555,94.44444444444444,115.05882352941177,155.03083184815014,1.0588235294117647,1.8155001808707723,erratic
23373,18,17,1,87.44444444444444,67.0,96.8839343339552,356.0,5.555555555555555,94.44444444444444,92.58823529411765,97.29918988841159,1.0588235294117647,1.1043502540488783,erratic
22253,18,17,1,49.888888888888886,33.0,65.06999750394492,228.0,5.555555555555555,94.44444444444444,52.8235294117647,65.83334574335946,1.0588235294117647,1.5532344829638742,erratic
79029,36,34,2,81.38888888888889,72.5,71.81773667825588,304.0,5.555555555555555,94.44444444444444,86.17647058823529,71.03028401866233,1.0588235294117647,0.6793752102440614,erratic
22917,55,52,3,35.54545454545455,21.0,42.48216104124186,224.0,5.454545454545454,94.54545454545455,37.59615384615385,42.805194670733556,1.0576923076923077,1.296301778225304,erratic
22918,55,52,3,34.14545454545455,23.0,41.26312055389313,224.0,5.454545454545454,94.54545454545455,36.11538461538461,41.596405315162606,1.0576923076923077,1.326560660522844,erratic
22073,74,70,4,28.324324324324323,27.5,19.777604677955374,70.0,5.405405405405405,94.5945945945946,29.942857142857143,19.096160714585196,1.0571428571428572,0.40672947444027524,smooth
22122,37,35,2,28.243243243243242,17.0,37.35520594791857,194.0,5.405405405405405,94.5945945945946,29.857142857142858,37.78744178033916,1.0571428571428572,1.6017638574854867,erratic
22692,75,71,4,28.28,22.0,41.61748593001667,322.0,5.333333333333333,94.66666666666667,29.87323943661972,42.22217750947778,1.056338028169014,1.9976371911936455,erratic
21447,94,89,5,29.25531914893617,20.0,47.707201992362336,436.0,5.319148936170213,94.68085106382979,30.89887640449438,48.51734576038015,1.0561797752808988,2.465520928625094,erratic
22528,38,36,2,153.26315789473685,129.5,153.99099380659237,553.0,5.2631578947368425,94.73684210526315,161.77777777777777,153.7902302509328,1.0555555555555556,0.9036905965894392,erratic
22956,57,54,3,42.824561403508774,15.0,56.41337316345476,225.0,5.2631578947368425,94.73684210526315,45.2037037037037,57.03536791825692,1.0555555555555556,1.591990440592633,erratic
23340,19,18,1,129.05263157894737,53.0,159.99252541020317,657.0,5.2631578947368425,94.73684210526315,136.22222222222223,161.4597220054133,1.0555555555555556,1.4048581630172348,erratic
21906,97,92,5,18.371134020618555,8.0,51.67553410214806,489.0,5.154639175257732,94.84536082474227,19.369565217391305,52.89170303892981,1.0543478260869565,7.456505750557376,erratic
23009,39,37,2,6.615384615384615,4.0,6.869518425683836,32.0,5.128205128205129,94.87179487179488,6.972972972972973,6.873808933135197,1.054054054054054,0.9717598434923111,erratic
23007,39,37,2,12.512820512820513,9.0,12.04349965502639,59.0,5.128205128205129,94.87179487179488,13.18918918918919,11.997309508195386,1.054054054054054,0.8274305088984439,erratic
23051,39,37,2,9.256410256410257,8.0,7.4928666031448605,27.0,5.128205128205129,94.87179487179488,9.756756756756756,7.365103172715555,1.054054054054054,0.5698318425699277,erratic
22800,59,56,3,18.779661016949152,12.0,22.675421751474598,144.0,5.084745762711864,94.91525423728814,19.785714285714285,22.846296127671256,1.0535714285714286,1.333300790622012,erratic
22784,59,56,3,25.915254237288135,22.0,19.524774832551472,80.0,5.084745762711864,94.91525423728814,27.303571428571427,19.063453510323356,1.0535714285714286,0.4874883512375115,smooth
84050,100,95,5,95.89,54.0,147.66908781105641,1233.0,5.0,95.0,100.93684210526315,149.83734518202797,1.0526315789473684,2.2036403325609855,erratic
22862,20,19,1,37.9,33.5,28.22261131563988,100.0,5.0,95.0,39.89473684210526,27.509381706453254,1.0526315789473684,0.47547802430287245,smooth
23547,20,19,1,73.75,75.0,41.73459375373712,150.0,5.0,95.0,77.63157894736842,38.99317679104012,1.0526315789473684,0.25229021034823956,smooth
23128,40,38,2,10.85,9.0,10.630266417290027,57.0,5.0,95.0,11.421052631578947,10.602476964414441,1.0526315789473684,0.8617919029692483,erratic
21077,40,38,2,66.875,24.0,123.79494780710603,630.0,5.0,95.0,70.39473684210526,126.09167395915071,1.0526315789473684,3.2084290595425538,erratic
22842,60,57,3,13.616666666666667,6.0,15.247218881350763,70.0,5.0,95.0,14.333333333333334,15.312615402869309,1.0526315789473684,1.1413119060496018,erratic
22890,60,57,3,13.233333333333333,5.0,21.655520818509622,112.0,5.0,95.0,13.929824561403509,22.004755694689216,1.0526315789473684,2.495409412805469,erratic
21071,100,95,5,42.47,18.5,91.81695173693485,655.0,5.0,95.0,44.705263157894734,93.68983160659734,1.0526315789473684,4.3920533350022115,erratic
23549,20,19,1,65.25,75.0,47.64106477222753,150.0,5.0,95.0,68.6842105263158,46.33339644069917,1.0526315789473684,0.4550660670799834,smooth
23550,20,19,1,91.5,87.5,62.28330856911657,250.0,5.0,95.0,96.3157894736842,60.04262618393975,1.0526315789473684,0.3886193144681007,smooth
22635,81,77,4,20.40740740740741,16.0,20.051045968837744,102.0,4.938271604938271,95.06172839506173,21.467532467532468,20.003673620234185,1.051948051948052,0.8682709344719161,erratic
22636,81,77,4,19.864197530864196,14.0,20.650516389681247,131.0,4.938271604938271,95.06172839506173,20.896103896103895,20.66498717993694,1.051948051948052,0.9780017739426087,erratic
22767,61,58,3,16.147540983606557,10.0,20.422076343648126,149.0,4.918032786885246,95.08196721311475,16.982758620689655,20.605306231359005,1.0517241379310345,1.4721147789466449,erratic
22271,103,98,5,45.47572815533981,29.0,49.15917417025888,273.0,4.854368932038835,95.14563106796116,47.795918367346935,49.28644638844958,1.0510204081632653,1.0633430352580688,erratic
21519,103,98,5,70.67961165048544,61.0,48.75975791577075,242.0,4.854368932038835,95.14563106796116,74.28571428571429,47.21676270576341,1.0510204081632653,0.4040004117611173,smooth
22524,62,59,3,31.048387096774192,23.5,28.29089375553631,129.0,4.838709677419355,95.16129032258064,32.6271186440678,28.09583249564981,1.0508474576271187,0.7415259699548098,erratic
22421,83,79,4,56.0,37.0,65.94953724943515,336.0,4.819277108433735,95.18072289156626,58.835443037974684,66.35827975308266,1.0506329113924051,1.2720734308970858,erratic
22088,83,79,4,52.16867469879518,37.0,49.777019694690146,265.0,4.819277108433735,95.18072289156626,54.81012658227848,49.580050772454406,1.0506329113924051,0.8182618891419411,erratic
22621,83,79,4,102.27710843373494,80.0,95.56217657387717,551.0,4.819277108433735,95.18072289156626,107.45569620253164,95.06230041781566,1.0506329113924051,0.7826322764441113,erratic
20969,104,99,5,30.432692307692307,16.0,51.60638261554174,372.0,4.8076923076923075,95.1923076923077,31.96969696969697,52.435276828006586,1.0505050505050506,2.690110321705556,erratic
21495,104,99,5,117.6923076923077,100.0,88.11930096403309,350.0,4.8076923076923075,95.1923076923077,123.63636363636364,86.13236782210234,1.0505050505050506,0.48533356357248786,smooth
22139,104,99,5,97.33653846153847,85.0,79.37554960616058,480.0,4.8076923076923075,95.1923076923077,102.25252525252525,78.19289902442384,1.0505050505050506,0.5847719676091018,erratic
22171,104,99,5,29.884615384615383,14.5,50.000642266225945,320.0,4.8076923076923075,95.1923076923077,31.393939393939394,50.79125309997457,1.0505050505050506,2.617497191181297,erratic
21984,104,99,5,203.2596153846154,60.0,1089.4940572933476,11109.0,4.8076923076923075,95.1923076923077,213.5252525252525,1115.9498410883846,1.0505050505050506,27.314349433551513,erratic
21983,104,99,5,57.76923076923077,48.0,72.48384229314348,588.0,4.8076923076923075,95.1923076923077,60.686868686868685,73.09647615178939,1.0505050505050506,1.4507862238873228,erratic
21328,104,99,5,23.01923076923077,14.5,24.86506527735649,109.0,4.8076923076923075,95.1923076923077,24.181818181818183,24.92820860823305,1.0505050505050506,1.0626842347544476,erratic
22224,104,99,5,22.423076923076923,17.5,19.200875944669015,97.0,4.8076923076923075,95.1923076923077,23.555555555555557,18.98776309606506,1.0505050505050506,0.6497718703002737,erratic
22115,104,99,5,26.75,14.0,44.17831256364229,317.0,4.8076923076923075,95.1923076923077,28.1010101010101,44.86589881547348,1.0505050505050506,2.5491117979316953,erratic
21989,104,99,5,81.02884615384616,40.0,136.11142328316998,837.0,4.8076923076923075,95.1923076923077,85.12121212121212,138.27377994010266,1.0505050505050506,2.6387853947570705,erratic
72351B,104,99,5,55.26923076923077,31.5,71.6735087713495,389.0,4.8076923076923075,95.1923076923077,58.06060606060606,72.35651786245633,1.0505050505050506,1.5530741351940638,erratic
22111,104,99,5,87.79807692307692,30.0,135.8752554544409,730.0,4.8076923076923075,95.1923076923077,92.23232323232324,137.80738023265783,1.0505050505050506,2.232434148230457,erratic
21988,104,99,5,75.00961538461539,30.5,135.04163293256403,816.0,4.8076923076923075,95.1923076923077,78.79797979797979,137.35028805404886,1.0505050505050506,3.038288309094581,erratic
72351A,104,99,5,35.33653846153846,17.0,55.11428736177728,426.0,4.8076923076923075,95.1923076923077,37.121212121212125,55.90740754966137,1.0505050505050506,2.2682682351741197,erratic
21500,104,99,5,149.7596153846154,125.0,107.06222627517265,475.0,4.8076923076923075,95.1923076923077,157.32323232323233,104.13960687489521,1.0505050505050506,0.4381735380320902,smooth
21902,104,99,5,50.74038461538461,29.0,94.70044701018212,734.0,4.8076923076923075,95.1923076923077,53.303030303030305,96.3729421067729,1.0505050505050506,3.2689361344041963,erratic
21890,104,99,5,32.88461538461539,18.5,63.75473448131263,549.0,4.8076923076923075,95.1923076923077,34.54545454545455,64.91600109769371,1.0505050505050506,3.5311949516648773,erratic
21243,104,99,5,52.49038461538461,33.5,51.11190752762774,292.0,4.8076923076923075,95.1923076923077,55.14141414141414,50.970982161123736,1.0505050505050506,0.8544569857723886,erratic
20981,104,99,5,44.25961538461539,31.5,42.55755558904567,246.0,4.8076923076923075,95.1923076923077,46.494949494949495,42.40941696960128,1.0505050505050506,0.8319803006616958,erratic
84536B,104,99,5,32.99038461538461,20.0,44.690629150093834,295.0,4.8076923076923075,95.1923076923077,34.656565656565654,45.175431650617625,1.0505050505050506,1.69915725802258,erratic
85199S,104,99,5,54.60576923076923,25.5,81.50328104292343,632.0,4.8076923076923075,95.1923076923077,57.36363636363637,82.59471428280537,1.0505050505050506,2.0731520820031304,erratic
47590B,104,99,5,55.125,37.0,59.48675099288345,421.0,4.8076923076923075,95.1923076923077,57.90909090909091,59.635130536145205,1.0505050505050506,1.0605004425710998,erratic
22222,104,99,5,14.096153846153847,7.0,25.382326712406112,149.0,4.8076923076923075,95.1923076923077,14.808080808080808,25.816335900749785,1.0505050505050506,3.0394265640719866,erratic
22331,104,99,5,34.91346153846154,24.0,42.15415781285551,326.0,4.8076923076923075,95.1923076923077,36.676767676767675,42.45353481180222,1.0505050505050506,1.3398173732241032,erratic
48129,104,99,5,29.682692307692307,15.0,55.751575261488505,322.0,4.8076923076923075,95.1923076923077,31.181818181818183,56.74151265065967,1.0505050505050506,3.3113032002318894,erratic
21672,104,99,5,105.29807692307692,84.5,85.49409561259411,443.0,4.8076923076923075,95.1923076923077,110.61616161616162,84.18961919996335,1.0505050505050506,0.5792685118862709,erratic
22041,104,99,5,68.51923076923077,60.0,62.28933128261653,402.0,4.8076923076923075,95.1923076923077,71.97979797979798,61.85697456228835,1.0505050505050506,0.7385095277684012,erratic
21534,104,99,5,8.836538461538462,6.0,7.777376422542749,40.0,4.8076923076923075,95.1923076923077,9.282828282828282,7.706398618959049,1.0505050505050506,0.6891952971872429,erratic
85152,104,99,5,149.05769230769232,121.5,113.31405168462544,486.0,4.8076923076923075,95.1923076923077,156.58585858585857,110.92496177560113,1.0505050505050506,0.5018263938548277,erratic
84029G,104,99,5,60.60576923076923,17.5,97.61022330959074,563.0,4.8076923076923075,95.1923076923077,63.666666666666664,99.0807751281751,1.0505050505050506,2.4218908472903715,erratic
21844,104,99,5,51.05769230769231,36.5,50.36754751987177,265.0,4.8076923076923075,95.1923076923077,53.63636363636363,50.26530725234396,1.0505050505050506,0.8782497405741961,erratic
79320,42,40,2,20.11904761904762,16.5,16.332225186993128,58.0,4.761904761904762,95.23809523809524,21.125,16.081822036075387,1.05,0.5795315290080877,erratic
22814,63,60,3,40.0,34.0,32.416144922135686,158.0,4.761904761904762,95.23809523809524,42.0,31.91885899154345,1.05,0.5775587070986586,erratic
47570,21,20,1,10.333333333333334,7.0,13.093255261138589,63.0,4.761904761904762,95.23809523809524,10.85,13.211936389412974,1.05,1.4827689112777485,erratic
22938,63,60,3,58.476190476190474,37.0,59.255013982174106,247.0,4.761904761904762,95.23809523809524,61.4,59.220988034047636,1.05,0.9302818660486619,erratic
22906,64,61,3,50.65625,28.0,62.31466966578219,278.0,4.6875,95.3125,53.14754098360656,62.79061396566999,1.0491803278688525,1.3957997242900881,erratic
22815,64,61,3,52.125,45.5,39.88256571008249,156.0,4.6875,95.3125,54.68852459016394,39.08475448031988,1.0491803278688525,0.5107664497898083,erratic
22986,64,61,3,88.984375,75.0,79.13731128676544,525.0,4.6875,95.3125,93.36065573770492,78.4886473291701,1.0491803278688525,0.706782686269114,erratic
22750,65,62,3,47.49230769230769,33.0,42.52136340892477,171.0,4.615384615384615,95.38461538461539,49.79032258064516,42.19825848973352,1.0483870967741935,0.7182889349154317,erratic
22984,65,62,3,51.323076923076925,46.0,48.94292201518638,265.0,4.615384615384615,95.38461538461539,53.806451612903224,48.75863562342856,1.0483870967741935,0.8211724758652805,erratic
22435,87,83,4,54.98850574712644,46.0,49.644666275459144,304.0,4.597701149425287,95.40229885057471,57.63855421686747,49.297152322953835,1.0481927710843373,0.7315053525448917,erratic
84937,22,21,1,111.81818181818181,72.0,159.3826292631117,667.0,4.545454545454546,95.45454545454545,117.14285714285714,161.30104950504372,1.0476190476190477,1.8960193337299225,erratic
23318,22,21,1,165.4090909090909,152.0,133.24651664915746,500.0,4.545454545454546,95.45454545454545,173.28571428571428,131.18389491745657,1.0476190476190477,0.5731067461663255,erratic
22544,89,85,4,98.73033707865169,55.0,114.26034507022509,481.0,4.49438202247191,95.50561797752809,103.37647058823529,114.85249095196478,1.0470588235294118,1.2343474838222215,erratic
22562,89,85,4,44.247191011235955,18.0,93.74533696268412,594.0,4.49438202247191,95.50561797752809,46.32941176470588,95.4413791955308,1.0470588235294118,4.243848199229587,erratic
21787,89,85,4,169.62921348314606,96.0,275.26096634179686,1893.0,4.49438202247191,95.50561797752809,177.61176470588236,279.18086363833885,1.0470588235294118,2.470744482067594,erratic
22570,89,85,4,63.26966292134831,41.0,80.05832590353108,398.0,4.49438202247191,95.50561797752809,66.24705882352941,80.71524106422542,1.0470588235294118,1.4844921079435907,erratic
21241,45,43,2,46.0,32.0,40.3732584763727,194.0,4.444444444444445,95.55555555555556,48.13953488372093,40.02712258751132,1.0465116279069768,0.6913611363936928,erratic
22683,68,65,3,16.63235294117647,11.5,16.96784000340161,95.0,4.411764705882353,95.58823529411765,17.4,16.965774370773648,1.0461538461538462,0.9507117849121417,erratic
22456,92,88,4,47.73913043478261,34.0,64.72135873232749,473.0,4.3478260869565215,95.65217391304348,49.90909090909091,65.35977116331095,1.0454545454545454,1.7149905344340772,erratic
23232,46,44,2,179.91304347826087,137.5,149.32928954152246,850.0,4.3478260869565215,95.65217391304348,188.0909090909091,147.52103802380003,1.0454545454545454,0.6151376486129344,erratic
22693,70,67,3,252.05714285714285,120.5,468.0169972670317,2569.0,4.285714285714286,95.71428571428571,263.34328358208955,475.37259875133753,1.044776119402985,3.2585455524159026,erratic
22755,70,67,3,47.47142857142857,26.5,59.80614127463409,285.0,4.285714285714286,95.71428571428571,49.59701492537314,60.26885715250847,1.044776119402985,1.476640702748981,erratic
85065,47,45,2,12.808510638297872,12.0,8.882416185858293,44.0,4.25531914893617,95.74468085106383,13.377777777777778,8.642623993611517,1.0444444444444445,0.4173719736185933,smooth
22412,94,90,4,25.54255319148936,18.0,30.723415781486384,181.0,4.25531914893617,95.74468085106383,26.677777777777777,30.914826004950353,1.0444444444444445,1.3428710517539932,erratic
22374,95,91,4,10.694736842105263,9.0,7.422039755494365,33.0,4.2105263157894735,95.78947368421052,11.164835164835164,7.226899959739516,1.043956043956044,0.4189859449163343,smooth
22371,95,91,4,18.778947368421054,14.0,15.317337518884058,69.0,4.2105263157894735,95.78947368421052,19.604395604395606,15.122374241044385,1.043956043956044,0.595022033309426,erratic
22664,72,69,3,18.15277777777778,10.0,23.09238013597317,106.0,4.166666666666667,95.83333333333333,18.942028985507246,23.27260700908146,1.0434782608695652,1.5095137666422997,erratic
10002,72,69,3,118.48611111111111,47.0,188.46182361240014,1076.0,4.166666666666667,95.83333333333333,123.6376811594203,190.88878583942474,1.0434782608695652,2.3837413426653726,erratic
22378,97,93,4,38.48453608247423,20.0,63.25281834993299,342.0,4.123711340206185,95.87628865979381,40.13978494623656,64.09140744787013,1.043010752688172,2.549467821679504,erratic
21590,49,47,2,62.0,40.0,79.03954706347956,467.0,4.081632653061225,95.91836734693878,64.63829787234043,79.65316815444179,1.0425531914893618,1.518540171895606,erratic
22357,100,96,4,20.56,10.0,72.77616437412802,729.0,4.0,96.0,21.416666666666668,74.16761481751517,1.0416666666666667,11.99291817637782,erratic
23120,25,24,1,67.32,32.0,90.32244091771065,364.0,4.0,96.0,70.125,91.14599492739299,1.0416666666666667,1.6893881026162167,erratic
23014,25,24,1,33.84,32.0,17.00901721636693,63.0,4.0,96.0,35.25,15.812075737563196,1.0416666666666667,0.2012146182831324,smooth
23034,25,24,1,38.96,28.0,36.40453268481825,165.0,4.0,96.0,40.583333333333336,36.25143675313665,1.0416666666666667,0.7979120374079243,erratic
23033,25,24,1,28.52,18.0,34.37794835840751,132.0,4.0,96.0,29.708333333333332,34.588863710067486,1.0416666666666667,1.355551475062577,erratic
23122,25,24,1,89.36,31.0,130.24716247708946,610.0,4.0,96.0,93.08333333333333,131.68239678555523,1.0416666666666667,2.0012972156836604,erratic
23121,25,24,1,100.0,51.0,136.31428147238768,491.0,4.0,96.0,104.16666666666667,137.61024565832636,1.0416666666666667,1.7451951860869568,erratic
23335,25,24,1,14.52,8.0,20.912755278378153,107.0,4.0,96.0,15.125,21.137875546248626,1.0416666666666667,1.9531333984670805,erratic
23336,25,24,1,8.44,3.0,8.874495290813257,29.0,4.0,96.0,8.791666666666666,8.885646298662103,1.0416666666666667,1.0214935208885303,erratic
23026,25,24,1,22.0,18.0,20.12254125767088,96.0,4.0,96.0,22.916666666666668,20.01503058392273,1.0416666666666667,0.7627981315127559,erratic
22628,75,72,3,22.986666666666668,15.0,35.13198793943457,225.0,4.0,96.0,23.944444444444443,35.54084691853882,1.0416666666666667,2.2031598833909776,erratic
22149,101,97,4,121.64356435643565,85.0,142.79065684829774,1081.0,3.9603960396039604,96.03960396039604,126.65979381443299,143.51567035504186,1.041237113402062,1.2838701285912815,erratic
22721,51,49,2,17.11764705882353,10.0,18.38112842980379,109.0,3.9215686274509802,96.07843137254902,17.816326530612244,18.418371115758937,1.0408163265306123,1.0687253513950175,erratic
22720,51,49,2,144.15686274509804,125.0,145.6283451185269,909.0,3.9215686274509802,96.07843137254902,150.0408163265306,145.56799087019917,1.0408163265306123,0.94126723007451,erratic
22970,51,49,2,83.6078431372549,66.0,89.35683038948336,494.0,3.9215686274509802,96.07843137254902,87.0204081632653,89.52199212947583,1.0408163265306123,1.0583205860810054,erratic
22971,51,49,2,47.09803921568628,41.0,40.4233867467637,256.0,3.9215686274509802,96.07843137254902,49.02040816326531,40.0741447173852,1.0408163265306123,0.6683049506806129,erratic
20974,103,99,4,127.11650485436893,95.0,121.01720028216972,600.0,3.883495145631068,96.11650485436893,132.25252525252526,120.6513228387559,1.0404040404040404,0.8322546480423322,erratic
84510A,104,100,4,22.21153846153846,20.5,19.43506643464063,127.0,3.8461538461538463,96.15384615384616,23.1,19.29384682359962,1.04,0.6976115988315905,erratic
84406B,104,100,4,67.59615384615384,40.0,68.2396575229528,266.0,3.8461538461538463,96.15384615384616,70.3,68.21142118295133,1.04,0.9414636276955664,erratic
20682,104,100,4,28.125,22.5,23.26365868761792,134.0,3.8461538461538463,96.15384615384616,29.25,23.01794425173017,1.04,0.6192718329470471,erratic
21544,104,100,4,56.66346153846154,36.5,78.28335519459279,615.0,3.8461538461538463,96.15384615384616,58.93,78.99984081303484,1.04,1.797130232193227,erratic
21561,104,100,4,28.16346153846154,18.0,29.169444904844497,147.0,3.8461538461538463,96.15384615384616,29.29,29.187410804916382,1.04,0.9930072014983372,erratic
84536A,104,100,4,47.39423076923077,37.5,35.99283053453808,143.0,3.8461538461538463,96.15384615384616,49.29,35.40395886098477,1.04,0.5159243415272698,erratic
20829,104,100,4,45.83653846153846,21.0,82.1104052601075,525.0,3.8461538461538463,96.15384615384616,47.67,83.22405622987583,1.04,3.047947302269186,erratic
20749,104,100,4,27.98076923076923,22.0,28.65698741245979,241.0,3.8461538461538463,96.15384615384616,29.1,28.66190940089391,1.04,0.9701173232543909,erratic
21122,104,100,4,115.66346153846153,86.5,115.43304793208792,686.0,3.8461538461538463,96.15384615384616,120.29,115.33003104398291,1.04,0.9192333411484818,erratic
21257,104,100,4,14.432692307692308,8.0,16.190470901765366,96.0,3.8461538461538463,96.15384615384616,15.01,16.247141162666,1.04,1.1716355028674907,erratic
21326,104,100,4,165.40384615384616,130.5,141.87321834000542,826.0,3.8461538461538463,96.15384615384616,172.02,140.68282113185023,1.04,0.668843099430599,erratic
21531,104,100,4,38.14423076923077,27.5,33.761705850368564,225.0,3.8461538461538463,96.15384615384616,39.67,33.537572778583545,1.04,0.714724805762227,erratic
20828,104,100,4,41.23076923076923,26.5,54.5657580968513,387.0,3.8461538461538463,96.15384615384616,42.88,55.011712251560446,1.04,1.6458898688376304,erratic
20963,104,100,4,32.00961538461539,16.0,43.88345004896662,265.0,3.8461538461538463,96.15384615384616,33.29,44.2776581370448,1.04,1.769056466197595,erratic
20978,104,100,4,38.11538461538461,29.5,37.02145997769079,195.0,3.8461538461538463,96.15384615384616,39.64,36.94481825587448,1.04,0.868639905949456,erratic
21124,104,100,4,95.45192307692308,73.5,83.73430933239173,402.0,3.8461538461538463,96.15384615384616,99.27,83.13769216538223,1.04,0.7013905102073238,erratic
22195,104,100,4,46.31730769230769,41.0,40.4192265177447,171.0,3.8461538461538463,96.15384615384616,48.17,40.119532259073864,1.04,0.6936788121333254,erratic
22335,104,100,4,75.90384615384616,39.5,109.31734504099087,664.0,3.8461538461538463,96.15384615384616,78.94,110.41298232846837,1.04,1.9563476685969174,erratic
21986,104,100,4,128.57692307692307,62.0,301.9697371935339,2600.0,3.8461538461538463,96.15384615384616,133.72,306.8799679801123,1.04,5.2667698956160605,erratic
21980,104,100,4,259.21153846153845,117.0,983.481755084464,10070.0,3.8461538461538463,96.15384615384616,269.58,1001.7451053844065,1.04,13.80826522547005,erratic
21955,104,100,4,36.23076923076923,15.5,78.07952515190028,511.0,3.8461538461538463,96.15384615384616,37.68,79.2942200499717,1.04,4.428547172674723,erratic
21877,104,100,4,132.45192307692307,63.5,190.61672416198545,1178.0,3.8461538461538463,96.15384615384616,137.75,192.52434583027085,1.04,1.9533861212511805,erratic
21892,104,100,4,74.23076923076923,43.0,99.08172862327018,764.0,3.8461538461538463,96.15384615384616,77.2,99.91147596899484,1.04,1.6749280232863686,erratic
21928,104,100,4,230.56730769230768,185.0,165.26370597644672,740.0,3.8461538461538463,96.15384615384616,239.79,161.8077981289948,1.04,0.4553410039585813,smooth
82551,104,100,4,53.93269230769231,39.5,55.19643023899015,316.0,3.8461538461538463,96.15384615384616,56.09,55.20432112350509,1.04,0.9686687002525675,erratic
82578,104,100,4,53.16346153846154,36.0,61.01648839340545,307.0,3.8461538461538463,96.15384615384616,55.29,61.27538352603454,1.04,1.2282277249209852,erratic
21621,104,100,4,65.58653846153847,41.0,72.7898438686723,453.0,3.8461538461538463,96.15384615384616,68.21,73.01837253234784,1.04,1.1459566755900703,erratic
21745,104,100,4,25.634615384615383,16.0,37.36439759473749,227.0,3.8461538461538463,96.15384615384616,26.66,37.74775931539955,1.04,2.004758503954571,erratic
21523,104,100,4,64.98076923076923,39.0,88.64689205633324,534.0,3.8461538461538463,96.15384615384616,67.58,89.43347846699841,1.04,1.751313399744104,erratic
21508,104,100,4,63.625,49.0,51.88564488980617,302.0,3.8461538461538463,96.15384615384616,66.17,51.29121747335492,1.04,0.6008467914203955,erratic
22718,78,75,3,33.243589743589745,25.0,27.00946726633686,112.0,3.8461538461538463,96.15384615384616,34.57333333333333,26.692530250449675,1.04,0.5960696100938401,erratic
22926,26,25,1,26.153846153846153,24.0,19.453929798767767,71.0,3.8461538461538463,96.15384615384616,27.2,19.094065395649334,1.04,0.49278672866205314,erratic
48111,104,100,4,40.25,18.5,74.79496244913149,523.0,3.8461538461538463,96.15384615384616,41.86,75.84354177042911,1.04,3.2827572057718077,erratic
35961,104,100,4,105.97115384615384,43.5,174.65769333021782,953.0,3.8461538461538463,96.15384615384616,110.21,176.8218469407996,1.04,2.574126231791732,erratic
15036,104,100,4,422.3173076923077,170.5,524.3614936360365,2010.0,3.8461538461538463,96.15384615384616,439.21,527.7972003975342,1.04,1.4440749193400981,erratic
23338,26,25,1,13.653846153846153,9.0,15.563912895393132,71.0,3.8461538461538463,96.15384615384616,14.2,15.62849960808778,1.04,1.2113171989684581,erratic
84997C,104,100,4,83.3076923076923,62.5,86.38433840017788,428.0,3.8461538461538463,96.15384615384616,86.64,86.44149302951514,1.04,0.9954229094211646,erratic
85014A,104,100,4,37.93269230769231,19.0,93.76144739669834,750.0,3.8461538461538463,96.15384615384616,39.45,95.32023378956312,1.04,5.838162548538583,erratic
85049E,104,100,4,59.47115384615385,34.5,65.41502406491183,326.0,3.8461538461538463,96.15384615384616,61.85,65.60031642569656,1.04,1.1249480325771897,erratic
84949,104,100,4,110.375,69.0,117.36799546393942,503.0,3.8461538461538463,96.15384615384616,114.79,117.55809180781621,1.04,1.0488103012864112,erratic
22716,79,76,3,65.16455696202532,60.0,38.73659582218014,194.0,3.7974683544303796,96.20253164556962,67.73684210526316,37.201924115490804,1.0394736842105263,0.3016344304922391,smooth
22962,54,52,2,80.20370370370371,50.5,102.24524339716012,622.0,3.7037037037037037,96.29629629629629,83.28846153846153,102.96645875701117,1.0384615384615385,1.5283466632312113,erratic
23212,27,26,1,79.92592592592592,50.0,86.97520686774254,396.0,3.7037037037037037,96.29629629629629,83.0,87.18899013063518,1.0384615384615385,1.1034867179561618,erratic
23273,27,26,1,34.333333333333336,27.0,25.715903490013574,99.0,3.7037037037037037,96.29629629629629,35.65384615384615,25.274401765727013,1.0384615384615385,0.5025149622554342,erratic
23211,27,26,1,81.77777777777777,67.0,80.39964281078967,352.0,3.7037037037037037,96.29629629629629,84.92307692307692,80.27997163772447,1.0384615384615385,0.8936407792480572,erratic
23270,27,26,1,43.148148148148145,29.0,41.66505979807552,204.0,3.7037037037037037,96.29629629629629,44.80769230769231,41.57020012534867,1.0384615384615385,0.8607144136012822,erratic
23210,27,26,1,101.22222222222223,73.0,102.75599676804693,412.0,3.7037037037037037,96.29629629629629,105.11538461538461,102.74018762804629,1.0384615384615385,0.95531839777521,erratic
22425,82,79,3,10.353658536585366,7.0,12.901690913410267,109.0,3.658536585365854,96.34146341463415,10.746835443037975,12.983686366054169,1.0379746835443038,1.4596032924767197,erratic
22916,55,53,2,34.836363636363636,23.0,41.6354388028968,225.0,3.6363636363636362,96.36363636363636,36.15094339622642,41.85386491960178,1.0377358490566038,1.3403921210849243,erratic
22848,55,53,2,6.927272727272728,4.0,7.393326684333613,44.0,3.6363636363636362,96.36363636363636,7.188679245283019,7.405965900162426,1.0377358490566038,1.061366079997117,erratic
22626,84,81,3,9.738095238095237,7.5,9.847168325920562,60.0,3.5714285714285716,96.42857142857143,10.098765432098766,9.84454790514984,1.037037037037037,0.9502874280402434,erratic
23228,28,27,1,52.785714285714285,51.0,37.49208029245756,148.0,3.5714285714285716,96.42857142857143,54.74074074074074,36.72307238758823,1.037037037037037,0.4500457633156247,smooth
22525,57,55,2,34.14035087719298,26.0,33.31850547394862,140.0,3.508771929824561,96.49122807017544,35.38181818181818,33.26408969594183,1.0363636363636364,0.8838752909970754,erratic
22548,86,83,3,41.0,25.5,44.82147594493462,253.0,3.488372093023256,96.51162790697674,42.48192771084337,44.93039642678307,1.036144578313253,1.118592929101879,erratic
23092,29,28,1,17.344827586206897,10.0,29.99199400562586,162.0,3.4482758620689653,96.55172413793103,17.964285714285715,30.35284127631174,1.0357142857142858,2.8548204184802093,erratic
22605,87,84,3,20.82758620689655,14.0,29.550196511585092,238.0,3.4482758620689653,96.55172413793103,21.571428571428573,29.80833784637297,1.0357142857142858,1.9094913930534647,erratic
22801,59,57,2,21.627118644067796,14.0,19.682740824952013,82.0,3.389830508474576,96.61016949152543,22.385964912280702,19.594782820548463,1.0350877192982457,0.7661772832210487,erratic
22892,59,57,2,59.66101694915254,48.0,49.38993690938977,248.0,3.389830508474576,96.61016949152543,61.75438596491228,48.93774496444963,1.0350877192982457,0.627989367920787,erratic
22550,89,86,3,22.910112359550563,15.0,32.170935658193024,219.0,3.3707865168539324,96.62921348314607,23.709302325581394,32.439578686997116,1.0348837209302326,1.8720302456255866,erratic
22530,89,86,3,112.23595505617978,54.0,209.35740550073206,1872.0,3.3707865168539324,96.62921348314607,116.15116279069767,211.9372003235509,1.0348837209302326,3.329409867239635,erratic
23083,30,29,1,61.56666666666667,43.5,61.220169841338226,247.0,3.3333333333333335,96.66666666666667,63.689655172413794,61.16961398338923,1.0344827586206897,0.9224305641954479,erratic
23096,30,29,1,34.333333333333336,19.0,35.767769476629844,126.0,3.3333333333333335,96.66666666666667,35.51724137931034,35.797666214488636,1.0344827586206897,1.015853251282604,erratic
23100,30,29,1,69.96666666666667,60.5,59.48774625099684,167.0,3.3333333333333335,96.66666666666667,72.37931034482759,59.02808883011512,1.0344827586206897,0.6651024735018997,erratic
21452,90,87,3,20.677777777777777,16.0,19.275546467881412,98.0,3.3333333333333335,96.66666666666667,21.39080459770115,19.211404269242205,1.0344827586206897,0.806610704204916,erratic
21440,30,29,1,13.533333333333333,10.5,10.624413438846412,36.0,3.3333333333333335,96.66666666666667,14.0,10.494896719018111,1.0344827586206897,0.5619533527696792,erratic
22794,60,58,2,6.433333333333334,6.0,4.163467698546027,22.0,3.3333333333333335,96.66666666666667,6.655172413793103,4.054677715091638,1.0344827586206897,0.3711881114905713,smooth
22840,60,58,2,21.916666666666668,14.5,25.469351250225138,148.0,3.3333333333333335,96.66666666666667,22.67241379310345,25.573689831841726,1.0344827586206897,1.2723051016921936,erratic
23111,30,29,1,9.2,5.0,10.999686515909254,58.0,3.3333333333333335,96.66666666666667,9.517241379310345,11.05383155825285,1.0344827586206897,1.348973805022955,erratic
23280,30,29,1,62.0,35.5,69.89696851006165,247.0,3.3333333333333335,96.66666666666667,64.13793103448276,70.12882234957272,1.0344827586206897,1.195537489883223,erratic
23302,30,29,1,36.9,25.0,37.90582704727508,165.0,3.3333333333333335,96.66666666666667,38.172413793103445,37.91915174374972,1.0344827586206897,0.9867746434164134,erratic
23282,30,29,1,26.9,20.5,25.59815456710463,128.0,3.3333333333333335,96.66666666666667,27.82758620689655,25.53298841767148,1.0344827586206897,0.8418839359884952,erratic
23109,30,29,1,73.76666666666667,68.5,56.20632148355418,194.0,3.3333333333333335,96.66666666666667,76.3103448275862,55.41602620714637,1.0344827586206897,0.5273560442060101,erratic
23079,30,29,1,8.2,7.0,6.238921215325169,31.0,3.3333333333333335,96.66666666666667,8.482758620689655,6.1506137304405435,1.0344827586206897,0.5257299132224772,erratic
23094,30,29,1,5.066666666666666,3.0,5.002987613163884,19.0,3.3333333333333335,96.66666666666667,5.241379310344827,4.997536338850182,1.0344827586206897,0.9091190146418678,erratic
22584,91,88,3,56.934065934065934,37.0,60.91319911659399,288.0,3.2967032967032965,96.7032967032967,58.875,61.01456628421261,1.0340909090909092,1.0740023130369802,erratic
22460,91,88,3,51.86813186813187,40.0,43.65297719036375,199.0,3.2967032967032965,96.7032967032967,53.63636363636363,43.30543270269215,1.0340909090909092,0.6518776808091217,erratic
22796,61,59,2,13.098360655737705,11.0,9.50035949851862,57.0,3.278688524590164,96.72131147540983,13.542372881355933,9.34090380678057,1.0338983050847457,0.4757603709137737,smooth
22487,92,89,3,17.57608695652174,14.5,11.431817652914972,49.0,3.260869565217391,96.73913043478261,18.168539325842698,11.146988948362386,1.0337078651685394,0.3764221011648908,smooth
22904,62,60,2,55.91935483870968,32.5,69.06952980235152,342.0,3.225806451612903,96.7741935483871,57.78333333333333,69.44625813074153,1.0333333333333334,1.4444167564900476,erratic
22741,62,60,2,167.53225806451613,152.5,115.80661066409844,624.0,3.225806451612903,96.7741935483871,173.11666666666667,113.50174965673986,1.0333333333333334,0.4298603126169311,smooth
22819,63,61,2,52.111111111111114,41.0,41.42584167428514,163.0,3.1746031746031744,96.82539682539682,53.81967213114754,40.98556989832775,1.0327868852459017,0.5799357226808326,erratic
22908,63,61,2,87.0952380952381,55.0,93.11798175081772,494.0,3.1746031746031744,96.82539682539682,89.95081967213115,93.26761249749886,1.0327868852459017,1.0751064538814656,erratic
22747,63,61,2,32.0,14.0,48.98716092491859,327.0,3.1746031746031744,96.82539682539682,33.049180327868854,49.44169166115719,1.0327868852459017,2.2380266728605025,erratic
22899,63,61,2,42.476190476190474,32.0,37.76064564393735,157.0,3.1746031746031744,96.82539682539682,43.868852459016395,37.567040256868815,1.0327868852459017,0.7333333100590385,erratic
23162,32,31,1,43.9375,37.0,36.62269479699095,172.0,3.125,96.875,45.354838709677416,36.32496697598569,1.032258064516129,0.6414505806247961,erratic
22817,64,62,2,52.421875,45.5,37.961887607365966,168.0,3.125,96.875,54.11290322580645,37.35435315501831,1.032258064516129,0.47651960237979685,smooth
23153,32,31,1,8.0,8.0,6.676873906349462,28.0,3.125,96.875,8.258064516129032,6.623029226043945,1.032258064516129,0.6432159423828125,erratic
21078,97,94,3,74.20618556701031,52.0,78.22216466369068,478.0,3.0927835051546393,96.90721649484536,76.57446808510639,78.31209815511242,1.0319148936170213,1.0458989867025843,erratic
84520B,65,63,2,112.70769230769231,74.0,121.4603488639558,729.0,3.076923076923077,96.92307692307692,116.28571428571429,121.6787717817046,1.0317460317460319,1.0949061745209803,erratic
22749,65,63,2,56.50769230769231,40.0,54.52984362854754,224.0,3.076923076923077,96.92307692307692,58.301587301587304,54.43481894494432,1.0317460317460319,0.8717517095638735,erratic
22835,65,63,2,79.2,30.0,89.2298996973548,332.0,3.076923076923077,96.92307692307692,81.71428571428571,89.49886079134922,1.0317460317460319,1.1996071264625288,erratic
21829,98,95,3,150.03061224489795,139.0,118.75752426138507,516.0,3.061224489795918,96.93877551020408,154.76842105263157,117.52613585574288,1.0315789473684212,0.5766392638486166,erratic
23061,33,32,1,30.181818181818183,28.0,19.704781376379415,67.0,3.0303030303030303,96.96969696969697,31.125,19.248376554920156,1.03125,0.3824454444283156,smooth
22751,66,64,2,34.04545454545455,19.5,41.029607252917636,259.0,3.0303030303030303,96.96969696969697,35.109375,41.218010082471594,1.03125,1.378249505740663,erratic
23133,33,32,1,23.333333333333332,8.0,37.014073899892004,142.0,3.0303030303030303,96.96969696969697,24.0625,37.36475612124345,1.03125,2.411253162421994,erratic
20681,66,64,2,20.575757575757574,17.5,16.194073565598575,71.0,3.0303030303030303,96.96969696969697,21.21875,16.022274921208712,1.03125,0.5701757819769017,erratic
22329,100,97,3,51.5,30.0,57.09561358728962,256.0,3.0,97.0,53.09278350515464,57.23927892231341,1.0309278350515463,1.1622975398246769,erratic
22365,100,97,3,23.24,10.0,49.02588885250095,307.0,3.0,97.0,23.95876288659794,49.61096936955518,1.0309278350515463,4.287722271554871,erratic
37503,34,33,1,70.38235294117646,52.0,53.800988334890754,221.0,2.9411764705882355,97.05882352941177,72.51515151515152,53.15550372028823,1.0303030303030303,0.5373273646547799,erratic
22674,68,66,2,34.69117647058823,24.5,41.72234354436557,199.0,2.9411764705882355,97.05882352941177,35.74242424242424,41.90660333722364,1.0303030303030303,1.3746651158605883,erratic
22672,68,66,2,41.5,26.5,48.51173115547922,261.0,2.9411764705882355,97.05882352941177,42.75757575757576,48.6949880870903,1.0303030303030303,1.2970071794758469,erratic
22675,68,66,2,32.10294117647059,17.5,43.2611437479934,220.0,2.9411764705882355,97.05882352941177,33.07575757575758,43.54813803528604,1.0303030303030303,1.7334829776206515,erratic
21992,102,99,3,32.42156862745098,15.0,38.52591676860631,178.0,2.9411764705882355,97.05882352941177,33.4040404040404,38.684996614971965,1.0303030303030303,1.3411801767998288,erratic
48197,34,33,1,26.176470588235293,15.0,42.11130315998832,193.0,2.9411764705882355,97.05882352941177,26.96969696969697,42.505503208764665,1.0303030303030303,2.483923352480748,erratic
21135,104,101,3,56.79807692307692,36.5,87.91935623143156,648.0,2.8846153846153846,97.11538461538461,58.48514851485149,88.66821458238415,1.0297029702970297,2.298501190895537,erratic
48188,104,101,3,46.42307692307692,16.0,92.34598222531977,517.0,2.8846153846153846,97.11538461538461,47.801980198019805,93.36509195646734,1.0297029702970297,3.814848393690766,erratic
21136,104,101,3,99.4326923076923,78.0,102.853913219312,723.0,2.8846153846153846,97.11538461538461,102.38613861386139,102.91199835753163,1.0297029702970297,1.0102984675519058,erratic
84792,104,101,3,21.778846153846153,14.5,26.656738061747284,219.0,2.8846153846153846,97.11538461538461,22.425742574257427,26.7814661789281,1.0297029702970297,1.4261822707581058,erratic
20679,104,101,3,50.48076923076923,23.5,117.27777835758108,913.0,2.8846153846153846,97.11538461538461,51.98019801980198,118.69279508024232,1.0297029702970297,5.214021947936508,erratic
72741,104,101,3,185.55769230769232,114.5,205.75311942676873,1048.0,2.8846153846153846,97.11538461538461,191.06930693069307,206.25407910757755,1.0297029702970297,1.1652610667489296,erratic
71459,104,101,3,314.5480769230769,236.5,287.1426315788937,1460.0,2.8846153846153846,97.11538461538461,323.8910891089109,286.12591287718413,1.0297029702970297,0.7803984225175977,erratic
21217,104,101,3,26.39423076923077,23.0,21.806037406271326,150.0,2.8846153846153846,97.11538461538461,27.178217821782177,21.639036965449254,1.0297029702970297,0.6339192026569256,erratic
21242,104,101,3,66.1826923076923,49.0,55.20496045375381,291.0,2.8846153846153846,97.11538461538461,68.14851485148515,54.80609202244105,1.0297029702970297,0.6467625722551497,erratic
20751,104,101,3,26.78846153846154,21.5,23.70026138765492,112.0,2.8846153846153846,97.11538461538461,27.584158415841586,23.587821996417002,1.0297029702970297,0.7312337144650545,erratic
21156,104,101,3,85.75961538461539,60.5,107.07954535232368,812.0,2.8846153846153846,97.11538461538461,88.3069306930693,107.62348652355186,1.0297029702970297,1.4853354078900312,erratic
21116,104,101,3,12.788461538461538,9.5,12.397676792172255,78.0,2.8846153846153846,97.11538461538461,13.168316831683168,12.37987827640538,1.0297029702970297,0.8838370738877268,erratic
20750,104,101,3,34.51923076923077,31.5,22.13549658605555,95.0,2.8846153846153846,97.11538461538461,35.54455445544554,21.630314261459652,1.0297029702970297,0.3703219962601159,smooth
20983,104,101,3,57.38461538461539,40.0,51.57392802839259,247.0,2.8846153846153846,97.11538461538461,59.08910891089109,51.36089933206018,1.0297029702970297,0.7555276415008733,erratic
20979,104,101,3,74.78846153846153,59.0,59.2158587189593,323.0,2.8846153846153846,97.11538461538461,77.00990099009901,58.642389966560025,1.0297029702970297,0.5798694024016021,erratic
21703,104,101,3,137.34615384615384,87.0,189.95644719178046,1121.0,2.8846153846153846,97.11538461538461,141.4257425742574,191.26742255463438,1.0297029702970297,1.8290478849621015,erratic
21535,104,101,3,64.3076923076923,51.0,50.48619477227432,259.0,2.8846153846153846,97.11538461538461,66.21782178217822,49.97571489441568,1.0297029702970297,0.569597729401084,erratic
21509,104,101,3,82.41346153846153,73.0,60.39652317147396,325.0,2.8846153846153846,97.11538461538461,84.86138613861387,59.559722917920006,1.0297029702970297,0.49258943704000807,erratic
21498,104,101,3,251.45192307692307,225.0,163.45664665614456,775.0,2.8846153846153846,97.11538461538461,258.9207920792079,159.89507079133597,1.0297029702970297,0.3813610172777811,smooth
47566,104,101,3,270.0480769230769,197.0,242.5975283735696,980.0,2.8846153846153846,97.11538461538461,278.0693069306931,241.59140123049676,1.0297029702970297,0.7548433556173688,erratic
21260,104,101,3,33.43269230769231,18.0,60.11845336832571,543.0,2.8846153846153846,97.11538461538461,34.42574257425743,60.72995085370206,1.0297029702970297,3.1119974003950013,erratic
21731,104,101,3,273.75961538461536,185.5,238.66190471253614,1200.0,2.8846153846153846,97.11538461538461,281.8910891089109,237.3882432215251,1.0297029702970297,0.7091787565962686,erratic
21380,104,101,3,47.88461538461539,28.0,66.07091037596565,329.0,2.8846153846153846,97.11538461538461,49.306930693069305,66.52439290579922,1.0297029702970297,1.820312292543669,erratic
84970L,104,101,3,163.27884615384616,135.0,128.75388253026347,647.0,2.8846153846153846,97.11538461538461,168.12871287128712,127.480717237262,1.0297029702970297,0.5749170918902807,erratic
84978,104,101,3,206.21153846153845,173.5,113.7222534666478,522.0,2.8846153846153846,97.11538461538461,212.33663366336634,109.57712144674387,1.0297029702970297,0.2663114990513054,smooth
84971S,104,101,3,60.98076923076923,48.0,67.63005891839404,387.0,2.8846153846153846,97.11538461538461,62.79207920792079,67.79503179904603,1.0297029702970297,1.165697888295268,erratic
21876,104,101,3,53.56730769230769,30.0,96.72599317550531,633.0,2.8846153846153846,97.11538461538461,55.15841584158416,97.71363596481991,1.0297029702970297,3.1382445144984827,erratic
21899,104,101,3,63.02884615384615,40.5,95.4957892357695,704.0,2.8846153846153846,97.11538461538461,64.9009900990099,96.28244958978712,1.0297029702970297,2.200855946253056,erratic
21900,104,101,3,78.20192307692308,53.5,102.87096071959601,757.0,2.8846153846153846,97.11538461538461,80.52475247524752,103.49392195287662,1.0297029702970297,1.6518510855635655,erratic
21390,104,101,3,104.04807692307692,77.5,93.6585805199061,436.0,2.8846153846153846,97.11538461538461,107.13861386138613,93.27733161952804,1.0297029702970297,0.7579842489166464,erratic
21327,104,101,3,17.951923076923077,13.0,17.865940807191325,78.0,2.8846153846153846,97.11538461538461,18.485148514851485,17.85531509740791,1.0297029702970297,0.9330161239284401,erratic
84077,104,101,3,1003.2211538461538,730.0,981.633451024123,5328.0,2.8846153846153846,97.11538461538461,1033.019801980198,980.5212591290209,1.0297029702970297,0.900941796718888,erratic
22029,104,101,3,165.17307692307693,146.5,105.99573560827649,484.0,2.8846153846153846,97.11538461538461,170.07920792079207,103.58268997938957,1.0297029702970297,0.3709128856477201,smooth
22294,104,101,3,153.84615384615384,111.0,142.22174462879318,873.0,2.8846153846153846,97.11538461538461,158.41584158415841,141.78393895831306,1.0297029702970297,0.8010448953906247,erratic
22333,104,101,3,95.66346153846153,60.5,118.16153256535178,696.0,2.8846153846153846,97.11538461538461,98.5049504950495,118.73631489669673,1.0297029702970297,1.4529511662357713,erratic
22274,104,101,3,35.50961538461539,22.0,43.16461945466645,313.0,2.8846153846153846,97.11538461538461,36.56435643564357,43.36044645563146,1.0297029702970297,1.4062794248733832,erratic
22273,104,101,3,68.6826923076923,31.5,176.31344905847286,1500.0,2.8846153846153846,97.11538461538461,70.72277227722772,178.53095635277825,1.0297029702970297,6.372480426017964,erratic
22219,104,101,3,92.70192307692308,82.0,65.26657507107745,406.0,2.8846153846153846,97.11538461538461,95.45544554455445,64.20319692234573,1.0297029702970297,0.4523888469405025,smooth
22301,104,101,3,47.18269230769231,34.5,51.381074756826,454.0,2.8846153846153846,97.11538461538461,48.584158415841586,51.48247611114537,1.0297029702970297,1.1228700156723905,erratic
22109,104,101,3,29.85576923076923,19.0,35.320012278646,195.0,2.8846153846153846,97.11538461538461,30.742574257425744,35.45973870894892,1.0297029702970297,1.3304256238314902,erratic
22131,104,101,3,48.34615384615385,24.0,63.275751767659855,294.0,2.8846153846153846,97.11538461538461,49.78217821782178,63.65321735158342,1.0297029702970297,1.6349065337530675,erratic
22147,104,101,3,121.34615384615384,85.5,167.02059458099677,1108.0,2.8846153846153846,97.11538461538461,124.95049504950495,168.16030305857703,1.0297029702970297,1.8112191465261538,erratic
22150,104,101,3,72.47115384615384,44.0,100.60496202037817,823.0,2.8846153846153846,97.11538461538461,74.62376237623762,101.3052665447506,1.0297029702970297,1.8429339227789747,erratic
21901,104,101,3,58.125,43.0,78.54683687153971,717.0,2.8846153846153846,97.11538461538461,59.851485148514854,79.05901417784234,1.0297029702970297,1.744829223339429,erratic
21936,104,101,3,74.61538461538461,52.0,81.2931059894013,472.0,2.8846153846153846,97.11538461538461,76.83168316831683,81.45453570022123,1.0297029702970297,1.1239573975050483,erratic
84947,104,101,3,148.82692307692307,114.0,136.2799404928395,674.0,2.8846153846153846,97.11538461538461,153.24752475247524,135.81298950693886,1.0297029702970297,0.7854086515820673,erratic
22064,104,101,3,57.98076923076923,42.0,71.38259840284849,456.0,2.8846153846153846,97.11538461538461,59.7029702970297,71.72510642089776,1.0297029702970297,1.443279775253088,erratic
20685,104,101,3,92.00961538461539,74.0,88.77390231306423,548.0,2.8846153846153846,97.11538461538461,94.74257425742574,88.63246058474816,1.0297029702970297,0.8751757004454979,erratic
85099F,104,101,3,351.6826923076923,310.5,254.3950472904003,1254.0,2.8846153846153846,97.11538461538461,362.1287128712871,250.67451658939473,1.0297029702970297,0.4791753295174804,smooth
22027,104,101,3,107.17307692307692,91.5,72.36751434302687,402.0,2.8846153846153846,97.11538461538461,110.35643564356435,70.98839118594194,1.0297029702970297,0.4137893777221564,smooth
DOT,104,101,3,13.326923076923077,13.0,6.5573531063239,35.0,2.8846153846153846,97.11538461538461,13.722772277227723,6.229155339018587,1.0297029702970297,0.20605094440592278,smooth
20719,104,101,3,231.18269230769232,214.5,124.95224442504369,661.0,2.8846153846153846,97.11538461538461,238.04950495049505,120.12688094157976,1.0297029702970297,0.2546512641676571,smooth
16237,104,101,3,94.46153846153847,66.5,87.06229474659048,505.0,2.8846153846153846,97.11538461538461,97.26732673267327,86.78477874479015,1.0297029702970297,0.7960734888848292,erratic
84509A,104,101,3,14.451923076923077,12.0,14.046303323030196,78.0,2.8846153846153846,97.11538461538461,14.881188118811881,14.027321290048839,1.0297029702970297,0.8885344591367277,erratic
20674,104,101,3,31.759615384615383,24.5,27.13307557469107,142.0,2.8846153846153846,97.11538461538461,32.7029702970297,26.96536465707647,1.0297029702970297,0.6798892831212718,erratic
84327A,35,34,1,24.914285714285715,12.0,33.272821826062604,153.0,2.857142857142857,97.14285714285714,25.647058823529413,33.48530419673607,1.0294117647058822,1.7046426940901307,erratic
22752,70,68,2,46.857142857142854,19.0,58.7762363777481,292.0,2.857142857142857,97.14285714285714,48.23529411764706,59.07877807906311,1.0294117647058822,1.5001446811155403,erratic
22502,71,69,2,53.04225352112676,46.0,46.018144440060134,214.0,2.816901408450704,97.1830985915493,54.57971014492754,45.76905125579866,1.0289855072463767,0.7032040611604019,erratic
22602,73,71,2,86.26027397260275,48.0,101.80059858441955,464.0,2.73972602739726,97.26027397260275,88.69014084507042,102.18059524325346,1.028169014084507,1.3273521799792505,erratic
23076,37,36,1,214.9189189189189,192.0,121.8157484752139,600.0,2.7027027027027026,97.29729729729729,220.88888888888889,117.92655772078237,1.0277777777777777,0.2850201091573876,smooth
23155,37,36,1,59.86486486486486,40.0,59.4190215345231,298.0,2.7027027027027026,97.29729729729729,61.52777777777778,59.382289861593826,1.0277777777777777,0.9314754681188547,erratic
22669,74,72,2,32.013513513513516,25.0,29.80645018142253,152.0,2.7027027027027026,97.29729729729729,32.90277777777778,29.728423219283794,1.0277777777777777,0.8163541813200925,erratic
82599,74,72,2,33.54054054054054,26.0,29.539010282521932,162.0,2.7027027027027026,97.29729729729729,34.47222222222222,29.4034453390938,1.0277777777777777,0.7275416856389785,erratic
47568,37,36,1,62.83783783783784,54.0,42.86445919245759,182.0,2.7027027027027026,97.29729729729729,64.58333333333333,42.11777704078342,1.0277777777777777,0.4252946989742829,smooth
22501,77,75,2,33.922077922077925,23.0,43.74289904290819,292.0,2.5974025974025974,97.40259740259741,34.82666666666667,43.96846945603527,1.0266666666666666,1.5938919518837804,erratic
22982,40,39,1,28.25,23.0,25.681231298861835,123.0,2.5,97.5,28.974358974358974,25.599637311870747,1.0256410256410255,0.7806204994827107,erratic
23050,40,39,1,12.325,11.0,8.919547821124864,37.0,2.5,97.5,12.64102564102564,8.806358885209862,1.0256410256410255,0.4853199408999397,smooth
22704,80,78,2,106.9125,87.5,82.48409033400229,528.0,2.5,97.5,109.65384615384616,81.7058116680794,1.0256410256410255,0.5552111236409644,erratic
22714,80,78,2,65.5875,48.5,74.03483506969856,519.0,2.5,97.5,67.26923076923077,74.22214341708661,1.0256410256410255,1.2174021399915735,erratic
23127,40,39,1,17.675,15.0,15.181614217744114,73.0,2.5,97.5,18.128205128205128,15.10346681565368,1.0256410256410255,0.6941345760103761,erratic
23184,40,39,1,21.025,17.5,16.32912687853777,64.0,2.5,97.5,21.564102564102566,16.177949372029218,1.0256410256410255,0.5628389788351074,erratic
22430,82,80,2,17.01219512195122,10.0,28.11945150863798,226.0,2.4390243902439024,97.5609756097561,17.4375,28.34098153164804,1.025,2.6415651899303336,erratic
22644,82,80,2,52.646341463414636,33.5,49.57781561610676,229.0,2.4390243902439024,97.5609756097561,53.9625,49.47993935661378,1.025,0.8407641671078031,erratic
22649,82,80,2,28.048780487804876,19.0,26.347114274493045,112.0,2.4390243902439024,97.5609756097561,28.75,26.29313815283468,1.025,0.8363906104185111,erratic
22623,83,81,2,27.734939759036145,18.0,30.62681924406323,204.0,2.4096385542168677,97.59036144578313,28.419753086419753,30.687890200179478,1.0246913580246915,1.165986339646483,erratic
21781,83,81,2,7.72289156626506,6.0,7.5825751031833395,50.0,2.4096385542168677,97.59036144578313,7.91358024691358,7.57660466644558,1.0246913580246915,0.916649346161054,erratic
22419,83,81,2,80.6987951807229,48.0,93.64537868870103,422.0,2.4096385542168677,97.59036144578313,82.69135802469135,93.92478932306804,1.0246913580246915,1.2901500113545168,erratic
22992,42,41,1,122.9047619047619,73.5,139.2926047314385,591.0,2.380952380952381,97.61904761904762,125.90243902439025,139.64469285978052,1.024390243902439,1.2302137685896741,erratic
22997,42,41,1,59.857142857142854,53.0,32.74407146382188,137.0,2.380952380952381,97.61904761904762,61.31707317073171,31.73676025084338,1.024390243902439,0.2678936064641033,smooth
22991,42,41,1,91.11904761904762,48.5,119.81738185335546,497.0,2.380952380952381,97.61904761904762,93.34146341463415,120.4262450124759,1.024390243902439,1.6645355647975622,erratic
23006,42,41,1,41.76190476190476,34.5,34.35667260345437,133.0,2.380952380952381,97.61904761904762,42.78048780487805,34.13540112194519,1.024390243902439,0.6366761134998158,erratic
22980,42,41,1,56.095238095238095,36.5,56.17820492396062,247.0,2.380952380952381,97.61904761904762,57.46341463414634,56.16319860948788,1.024390243902439,0.9552582756593002,erratic
22437,87,85,2,74.10344827586206,50.0,101.15128371540052,860.0,2.2988505747126435,97.70114942528735,75.84705882352941,101.6925227717115,1.0235294117647058,1.797631020317515,erratic
22531,88,86,2,91.89772727272727,51.5,146.12229485005562,1193.0,2.272727272727273,97.72727272727273,94.03488372093024,147.14206402012977,1.0232558139534884,2.448475167815753,erratic
22554,89,87,2,151.42696629213484,135.0,99.43658184999225,485.0,2.247191011235955,97.75280898876404,154.90804597701148,97.8369113043705,1.0229885057471264,0.39889401092694254,smooth
22563,89,87,2,65.15730337078652,28.0,107.79472272421786,632.0,2.247191011235955,97.75280898876404,66.65517241379311,108.57682175738542,1.0229885057471264,2.653423294833297,erratic
22361,90,88,2,20.355555555555554,13.0,24.492287761665914,151.0,2.2222222222222223,97.77777777777777,20.818181818181817,24.574795729811562,1.0227272727272727,1.393459140836325,erratic
22617,91,89,2,45.94505494505494,31.0,53.08512297085014,349.0,2.197802197802198,97.8021978021978,46.97752808988764,53.22614222867836,1.0224719101123596,1.2837180816826412,erratic
22508,91,89,2,31.516483516483518,21.0,79.26304486221989,763.0,2.197802197802198,97.8021978021978,32.2247191011236,80.01459423825995,1.0224719101123596,6.165384038671938,erratic
22485,92,90,2,11.706521739130435,9.0,10.382294780616188,64.0,2.1739130434782608,97.82608695652173,11.966666666666667,10.34728428791011,1.0222222222222221,0.7476638365728718,erratic
22483,92,90,2,19.72826086956522,11.0,25.84999128992969,158.0,2.1739130434782608,97.82608695652173,20.166666666666668,25.967243843138,1.0222222222222221,1.65799597712749,erratic
21623,93,91,2,65.61290322580645,10.0,167.1578941325461,1018.0,2.150537634408602,97.84946236559139,67.05494505494505,168.7154977164788,1.021978021978022,6.330650428685375,erratic
22431,93,91,2,36.02150537634409,28.0,31.10814883267994,168.0,2.150537634408602,97.84946236559139,36.81318681318681,30.979890283111104,1.021978021978022,0.7081951060617311,erratic
23230,47,46,1,167.5744680851064,126.0,142.55506101470604,650.0,2.127659574468085,97.87234042553192,171.2173913043478,141.90120397946333,1.0217391304347827,0.6868729427794379,erratic
22377,97,95,2,37.23711340206186,16.0,66.21504945942495,510.0,2.0618556701030926,97.93814432989691,38.02105263157895,66.69029387214097,1.0210526315789474,3.0766421784337314,erratic
22366,100,98,2,25.36,14.0,45.45938802487291,310.0,2.0,98.0,25.877551020408163,45.77809887062491,1.0204081632653061,3.129458225052687,erratic
21539,100,98,2,26.89,20.5,26.020153416887915,217.0,2.0,98.0,27.43877551020408,25.996060893726227,1.0204081632653061,0.8976057751135817,erratic
22327,100,98,2,30.29,22.0,30.421714400584115,215.0,2.0,98.0,30.908163265306122,30.418078839778268,1.0204081632653061,0.9685391205133352,erratic
22328,100,98,2,128.71,95.0,162.93273663284086,1538.0,2.0,98.0,131.33673469387756,163.54172479845195,1.0204081632653061,1.5505462259502738,erratic
20754,102,100,2,48.85294117647059,34.0,51.17633988027141,296.0,1.9607843137254901,98.03921568627452,49.83,51.21277756437925,1.02,1.0562698589044157,erratic
22723,51,50,1,20.352941176470587,13.0,20.990305885729025,112.0,1.9607843137254901,98.03921568627452,20.76,20.9990864718697,1.02,1.0231660129274955,erratic
48138,103,101,2,97.30097087378641,71.0,98.01968939377475,556.0,1.941747572815534,98.05825242718447,99.22772277227723,98.0148847051425,1.0198019801980198,0.9757038474645344,erratic
84378,104,102,2,110.01923076923077,76.5,124.65937907608696,912.0,1.9230769230769231,98.07692307692308,112.17647058823529,124.9131509588539,1.0196078431372548,1.2399745855686553,erratic
20725,104,102,2,382.1826923076923,344.0,176.03760434673435,940.0,1.9230769230769231,98.07692307692308,389.6764705882353,169.27440735515725,1.0196078431372548,0.18870101571453884,smooth
20726,104,102,2,210.04807692307693,173.0,256.66983740431806,2556.0,1.9230769230769231,98.07692307692308,214.16666666666666,257.47456217074443,1.0196078431372548,1.4453229607961338,erratic
20727,104,102,2,252.77884615384616,209.0,276.81250731924024,2762.0,1.9230769230769231,98.07692307692308,257.7352941176471,277.2226444278606,1.0196078431372548,1.1569367445800758,erratic
84380,104,102,2,97.91346153846153,77.0,88.0056386738194,564.0,1.9230769230769231,98.07692307692308,99.83333333333333,87.7769544320885,1.0196078431372548,0.7730540724731144,erratic
20723,104,102,2,172.69230769230768,151.0,101.22761787114015,516.0,1.9230769230769231,98.07692307692308,176.07843137254903,99.2361605957842,1.0196078431372548,0.317634440020507,smooth
20724,104,102,2,301.4519230769231,265.0,155.7167505570061,735.0,1.9230769230769231,98.07692307692308,307.3627450980392,151.30467519856842,1.0196078431372548,0.24232724375221146,smooth
85123A,104,102,2,882.0865384615385,787.5,561.5268213355115,3328.0,1.9230769230769231,98.07692307692308,899.3823529411765,553.0340086604103,1.0196078431372548,0.3781072058496127,smooth
20711,104,102,2,120.3076923076923,78.0,129.86789979269165,820.0,1.9230769230769231,98.07692307692308,122.66666666666667,130.02850664855814,1.0196078431372548,1.1236317999120327,erratic
20718,104,102,2,124.26923076923077,96.0,95.96563207319775,544.0,1.9230769230769231,98.07692307692308,126.70588235294117,95.28888730729963,1.0196078431372548,0.5655759793901349,erratic
20717,104,102,2,60.125,39.0,67.13075019213791,420.0,1.9230769230769231,98.07692307692308,61.30392156862745,67.25167585466636,1.0196078431372548,1.2034545916942532,erratic
22178,104,102,2,376.875,310.0,302.38863592390885,1827.0,1.9230769230769231,98.07692307692308,384.2647058823529,300.63572663296435,1.0196078431372548,0.6120969071339046,erratic
22151,104,102,2,261.6826923076923,189.0,225.46402052634562,936.0,1.9230769230769231,98.07692307692308,266.8137254901961,224.62870267882377,1.0196078431372548,0.7087844222396852,erratic
22156,104,102,2,57.35576923076923,38.0,58.777830552437734,378.0,1.9230769230769231,98.07692307692308,58.48039215686274,58.79478160856747,1.0196078431372548,1.010780862298268,erratic
22112,104,102,2,100.46153846153847,39.5,132.29820119838593,549.0,1.9230769230769231,98.07692307692308,102.43137254901961,132.83686934546222,1.0196078431372548,1.6817881153777219,erratic
22090,104,102,2,159.06730769230768,124.0,125.71483097336484,846.0,1.9230769230769231,98.07692307692308,162.18627450980392,124.92522360561937,1.0196078431372548,0.5932968943004859,erratic
22079,104,102,2,47.45192307692308,35.0,43.7851949548788,215.0,1.9230769230769231,98.07692307692308,48.38235294117647,43.69947869223623,1.0196078431372548,0.8157903087728414,erratic
22082,104,102,2,67.09615384615384,46.5,56.94018650682848,271.0,1.9230769230769231,98.07692307692308,68.41176470588235,56.705309605442054,1.0196078431372548,0.6870460787751105,erratic
22083,104,102,2,125.0,99.0,109.54929732175066,624.0,1.9230769230769231,98.07692307692308,127.45098039215686,109.19349955727198,1.0196078431372548,0.734018843048801,erratic
15056BL,104,102,2,80.82692307692308,44.0,134.9562634875399,911.0,1.9230769230769231,98.07692307692308,82.41176470588235,135.80113248052677,1.0196078431372548,2.715365873303074,erratic
M,104,102,2,84.76923076923077,22.0,236.780067990236,1713.0,1.9230769230769231,98.07692307692308,86.43137254901961,238.80936138524,1.0196078431372548,7.6341356919048975,erratic
85099B,104,102,2,914.5,864.5,478.17687753967374,2709.0,1.9230769230769231,98.07692307692308,932.4313725490196,465.0759016048273,1.0196078431372548,0.2487791150596388,smooth
85099C,104,102,2,288.2980769230769,261.5,161.6899153754802,697.0,1.9230769230769231,98.07692307692308,293.95098039215685,158.06073387495303,1.0196078431372548,0.28913333265585667,smooth
21975,104,102,2,297.4807692307692,234.0,240.91552645838937,1161.0,1.9230769230769231,98.07692307692308,303.3137254901961,239.58896238945275,1.0196078431372548,0.623949565556245,erratic
22212,104,102,2,37.75961538461539,28.5,36.658088338419034,216.0,1.9230769230769231,98.07692307692308,38.5,36.62838535700674,1.0196078431372548,0.9051365247842036,erratic
21977,104,102,2,531.9326923076923,486.0,395.3568442061453,2825.0,1.9230769230769231,98.07692307692308,542.3627450980392,392.0323231070451,1.0196078431372548,0.5224732402128041,erratic
21976,104,102,2,138.08653846153845,102.5,143.4678077335211,870.0,1.9230769230769231,98.07692307692308,140.7941176470588,143.54654526711758,1.0196078431372548,1.0394807921614566,erratic
22356,104,102,2,187.02884615384616,166.5,112.66286650852557,729.0,1.9230769230769231,98.07692307692308,190.69607843137254,110.62556498401892,1.0196078431372548,0.3365328622707601,smooth
22355,104,102,2,298.03846153846155,256.0,167.99323397591888,801.0,1.9230769230769231,98.07692307692308,303.88235294117646,164.27761422964213,1.0196078431372548,0.29224414109662655,smooth
82486,104,102,2,44.10576923076923,41.5,25.80506395295566,158.0,1.9230769230769231,98.07692307692308,44.970588235294116,25.294485714703622,1.0196078431372548,0.3163694728394598,smooth
22348,104,102,2,114.5673076923077,75.5,140.79364259306192,852.0,1.9230769230769231,98.07692307692308,116.81372549019608,141.2457818798657,1.0196078431372548,1.4620533635963031,erratic
22352,104,102,2,66.29807692307692,54.0,47.12983096871509,254.0,1.9230769230769231,98.07692307692308,67.59803921568627,46.65255180777,1.0196078431372548,0.47630222487205554,smooth
84970S,104,102,2,250.06730769230768,220.0,162.19539124233438,696.0,1.9230769230769231,98.07692307692308,254.97058823529412,159.89281409015965,1.0196078431372548,0.39325813963208206,smooth
21918,104,102,2,137.7403846153846,84.5,170.7226783891217,1126.0,1.9230769230769231,98.07692307692308,140.44117647058823,171.29018707649666,1.0196078431372548,1.4875653358685834,erratic
21974,104,102,2,67.04807692307692,48.0,68.04244532053438,348.0,1.9230769230769231,98.07692307692308,68.36274509803921,68.04916528040683,1.0196078431372548,0.9908470433102747,erratic
21985,104,102,2,242.83653846153845,129.0,521.381996824923,5007.0,1.9230769230769231,98.07692307692308,247.59803921568627,525.3870286722992,1.0196078431372548,4.502609572500278,erratic
84946,104,102,2,343.02884615384613,274.5,253.19057087347906,1309.0,1.9230769230769231,98.07692307692308,349.7549019607843,250.99625007157033,1.0196078431372548,0.5149995459398545,erratic
22197,104,102,2,801.5961538461538,532.5,907.2101213373384,4562.0,1.9230769230769231,98.07692307692308,817.3137254901961,909.0404034240009,1.0196078431372548,1.237054371342026,erratic
22196,104,102,2,60.92307692307692,54.0,50.33667085891828,226.0,1.9230769230769231,98.07692307692308,62.11764705882353,50.090076113956165,1.0196078431372548,0.6502395623085037,erratic
21931,104,102,2,275.78846153846155,250.5,133.4187999355823,651.0,1.9230769230769231,98.07692307692308,281.19607843137254,128.90852073133993,1.0196078431372548,0.21015742092467246,smooth
21930,104,102,2,125.53846153846153,96.5,90.6240418043135,381.0,1.9230769230769231,98.07692307692308,128.0,89.76162050036466,1.0196078431372548,0.4917693185334158,erratic
21935,104,102,2,65.82692307692308,47.5,62.96145257877216,425.0,1.9230769230769231,98.07692307692308,67.11764705882354,62.890017800628016,1.0196078431372548,0.8779908485955291,erratic
21934,104,102,2,42.90384615384615,31.0,53.540932391714655,412.0,1.9230769230769231,98.07692307692308,43.745098039215684,53.723657836901175,1.0196078431372548,1.5082466192406185,erratic
84997B,104,102,2,87.84615384615384,73.0,77.99598810080403,449.0,1.9230769230769231,98.07692307692308,89.56862745098039,77.76908059831592,1.0196078431372548,0.7538797729031893,erratic
84992,104,102,2,328.21153846153845,251.0,302.17884092769685,2094.0,1.9230769230769231,98.07692307692308,334.6470588235294,301.57131882491484,1.0196078431372548,0.8120935211406195,erratic
84987,104,102,2,76.99038461538461,49.5,79.55952710548684,493.0,1.9230769230769231,98.07692307692308,78.5,79.59510781523453,1.0196078431372548,1.0280954502200996,erratic
84988,104,102,2,78.3173076923077,68.0,56.685003311705785,359.0,1.9230769230769231,98.07692307692308,79.8529411764706,56.15138608779541,1.0196078431372548,0.4944690675532557,erratic
84991,104,102,2,512.2788461538462,437.0,338.50331505828996,1731.0,1.9230769230769231,98.07692307692308,522.3235294117648,333.99846332025436,1.0196078431372548,0.40889307647867507,smooth
21755,104,102,2,52.91346153846154,52.5,29.557943941305204,142.0,1.9230769230769231,98.07692307692308,53.950980392156865,28.886729095575973,1.0196078431372548,0.28668043515820363,smooth
21754,104,102,2,71.22115384615384,66.0,37.06356563641495,184.0,1.9230769230769231,98.07692307692308,72.61764705882354,36.03464892463534,1.0196078431372548,0.24623866312935916,smooth
21791,104,102,2,163.5,100.0,181.48021369054268,1156.0,1.9230769230769231,98.07692307692308,166.7058823529412,181.78975933401387,1.0196078431372548,1.1891509312802773,erratic
21889,104,102,2,120.21153846153847,71.5,123.79098207952025,544.0,1.9230769230769231,98.07692307692308,122.56862745098039,123.83816569719521,1.0196078431372548,1.0208228331900182,erratic
21874,104,102,2,60.10576923076923,33.0,97.02746265919845,788.0,1.9230769230769231,98.07692307692308,61.28431372549019,97.61049868981748,1.0196078431372548,2.5368477806144254,erratic
21843,104,102,2,57.70192307692308,42.0,55.16398850095804,304.0,1.9230769230769231,98.07692307692308,58.833333333333336,55.10082268048278,1.0196078431372548,0.8771406861653347,erratic
21790,104,102,2,257.0480769230769,181.0,202.48022220605986,968.0,1.9230769230769231,98.07692307692308,262.0882352941176,201.18658415112955,1.0196078431372548,0.5892545990193082,erratic
21908,104,102,2,91.6826923076923,56.0,117.28475549828616,825.0,1.9230769230769231,98.07692307692308,93.48039215686275,117.72166623368356,1.0196078431372548,1.5858852130242451,erratic
21912,104,102,2,34.36538461538461,21.5,45.258064280025344,288.0,1.9230769230769231,98.07692307692308,35.03921568627451,45.44236292154725,1.0196078431372548,1.681949913358364,erratic
21916,104,102,2,103.42307692307692,63.0,129.9228817046506,698.0,1.9230769230769231,98.07692307692308,105.45098039215686,130.37733717381357,1.0196078431372548,1.5286320816498673,erratic
21888,104,102,2,32.95192307692308,20.0,34.57603968845645,194.0,1.9230769230769231,98.07692307692308,33.59803921568628,34.60133912704225,1.0196078431372548,1.0606154487222914,erratic
22297,104,102,2,130.05769230769232,95.0,111.93972259056201,482.0,1.9230769230769231,98.07692307692308,132.6078431372549,111.5218006359477,1.0196078431372548,0.7072633002959882,erratic
22227,104,102,2,56.90384615384615,48.0,45.49864379303221,265.0,1.9230769230769231,98.07692307692308,58.01960784313726,45.22988156057126,1.0196078431372548,0.6077169126813292,erratic
21238,104,102,2,88.42307692307692,73.5,62.57309392737831,331.0,1.9230769230769231,98.07692307692308,90.15686274509804,61.92789564781861,1.0196078431372548,0.4718186065075221,smooth
21239,104,102,2,69.89423076923077,57.0,56.356341683489596,287.0,1.9230769230769231,98.07692307692308,71.26470588235294,56.03834021163556,1.0196078431372548,0.6183317296407965,erratic
21259,104,102,2,21.548076923076923,14.0,25.065304921922987,204.0,1.9230769230769231,98.07692307692308,21.970588235294116,25.12639568355543,1.0196078431372548,1.307907468542374,erratic
21232,104,102,2,353.4326923076923,309.0,248.12413759789777,1324.0,1.9230769230769231,98.07692307692308,360.3627450980392,245.4845194536709,1.0196078431372548,0.4640539217891213,smooth
21733,104,102,2,163.09615384615384,113.0,173.74574209943916,1000.0,1.9230769230769231,98.07692307692308,166.2941176470588,173.92035210390537,1.0196078431372548,1.0938229662886791,erratic
21673,104,102,2,94.75,74.5,80.1235393214632,484.0,1.9230769230769231,98.07692307692308,96.6078431372549,79.78500279218774,1.0196078431372548,0.6820524240927488,erratic
21533,104,102,2,31.682692307692307,28.5,23.64842178402779,200.0,1.9230769230769231,98.07692307692308,32.30392156862745,23.453256319619832,1.0196078431372548,0.5271033854728497,erratic
21506,104,102,2,101.11538461538461,84.0,94.58260967153433,528.0,1.9230769230769231,98.07692307692308,103.09803921568627,94.42766730441299,1.0196078431372548,0.8388758871080728,erratic
85014B,104,102,2,51.82692307692308,27.5,102.01593653417822,803.0,1.9230769230769231,98.07692307692308,52.84313725490196,102.75750027772918,1.0196078431372548,3.7813760999741652,erratic
21507,104,102,2,77.38461538461539,60.5,55.67926662492484,289.0,1.9230769230769231,98.07692307692308,78.90196078431373,55.14221214708106,1.0196078431372548,0.48841925588566504,smooth
82580,104,102,2,126.32692307692308,90.5,98.89186428371441,427.0,1.9230769230769231,98.07692307692308,128.80392156862746,98.23975916857054,1.0196078431372548,0.5817232298394085,erratic
82581,104,102,2,79.6923076923077,58.5,73.07132795686782,341.0,1.9230769230769231,98.07692307692308,81.25490196078431,72.9172440557332,1.0196078431372548,0.8053067708172664,erratic
21559,104,102,2,78.3173076923077,61.0,59.82973648143861,282.0,1.9230769230769231,98.07692307692308,79.8529411764706,59.385532968201105,1.0196078431372548,0.5530692122354695,erratic
21524,104,102,2,49.89423076923077,34.0,54.87813830187946,311.0,1.9230769230769231,98.07692307692308,50.872549019607845,54.96347510318435,1.0196078431372548,1.167296999279339,erratic
48194,104,102,2,73.8076923076923,40.5,103.20796959923979,550.0,1.9230769230769231,98.07692307692308,75.25490196078431,103.69583150147538,1.0196078431372548,1.8986853883414938,erratic
21381,104,102,2,48.91346153846154,26.0,83.53559912924551,582.0,1.9230769230769231,98.07692307692308,49.872549019607845,84.07183062315973,1.0196078431372548,2.8416977041329345,erratic
48185,104,102,2,64.9326923076923,28.5,122.5985052271978,707.0,1.9230769230769231,98.07692307692308,66.20588235294117,123.46213098289492,1.0196078431372548,3.4775579956633424,erratic
21314,104,102,2,101.14423076923077,72.5,107.56198648810194,667.0,1.9230769230769231,98.07692307692308,103.12745098039215,107.6667641859355,1.0196078431372548,1.089970528390557,erratic
21154,104,102,2,76.76923076923077,49.5,80.70842050957332,487.0,1.9230769230769231,98.07692307692308,78.27450980392157,80.77032060324748,1.0196078431372548,1.0647873928972642,erratic
84879,104,102,2,744.1057692307693,615.5,696.5511560367275,5584.0,1.9230769230769231,98.07692307692308,758.6960784313726,695.4220997467307,1.0196078431372548,0.8401586389261813,erratic
21121,104,102,2,144.04807692307693,111.0,149.09229433232147,950.0,1.9230769230769231,98.07692307692308,146.87254901960785,149.16345420600146,1.0196078431372548,1.0314391201251416,erratic
84836,104,102,2,184.4903846153846,135.0,154.41087511327922,735.0,1.9230769230769231,98.07692307692308,188.1078431372549,153.71285476515735,1.0196078431372548,0.6677387336790694,erratic
21174,104,102,2,90.75,65.5,88.73980182074143,510.0,1.9230769230769231,98.07692307692308,92.52941176470588,88.6815088813465,1.0196078431372548,0.9185579181464979,erratic
21218,104,102,2,49.67307692307692,38.5,39.371134837616665,225.0,1.9230769230769231,98.07692307692308,50.64705882352941,39.12752621998374,1.0196078431372548,0.5968378017614554,erratic
21212,104,102,2,895.0961538461538,804.0,492.13013353642356,2731.0,1.9230769230769231,98.07692307692308,912.6470588235294,480.42853492427105,1.0196078431372548,0.2771097914640844,smooth
21213,104,102,2,382.9230769230769,262.0,302.956746321809,1823.0,1.9230769230769231,98.07692307692308,390.4313725490196,301.06439920947935,1.0196078431372548,0.5946061429783305,erratic
21240,104,102,2,72.25961538461539,49.5,69.90215008322993,387.0,1.9230769230769231,98.07692307692308,73.67647058823529,69.84015154349207,1.0196078431372548,0.8985716651911885,erratic
20728,104,102,2,234.20192307692307,192.5,260.4368018603672,2552.0,1.9230769230769231,98.07692307692308,238.7941176470588,260.8888590889585,1.0196078431372548,1.193613764453011,erratic
21164,104,102,2,56.5,31.0,74.09152041939923,377.0,1.9230769230769231,98.07692307692308,57.6078431372549,74.38954957782033,1.0196078431372548,1.6674799764341153,erratic
84832,104,102,2,62.08653846153846,45.0,64.75197048048271,387.0,1.9230769230769231,98.07692307692308,63.30392156862745,64.79209541320137,1.0196078431372548,1.0475694427612605,erratic
20972,104,102,2,194.3846153846154,144.5,210.28345676300873,1671.0,1.9230769230769231,98.07692307692308,198.19607843137254,210.55132904516861,1.0196078431372548,1.1285631355201238,erratic
20914,104,102,2,176.85576923076923,143.0,131.05275142366608,735.0,1.9230769230769231,98.07692307692308,180.3235294117647,129.93617334620703,1.0196078431372548,0.5192247033738536,erratic
21035,104,102,2,55.99038461538461,31.0,72.66420910797508,484.0,1.9230769230769231,98.07692307692308,57.088235294117645,72.94757414124612,1.0196078431372548,1.6327830055400532,erratic
20971,104,102,2,202.26923076923077,93.0,358.6846312223744,3011.0,1.9230769230769231,98.07692307692308,206.23529411764707,361.07650313781073,1.0196078431372548,3.065296398673768,erratic
21034,104,102,2,37.17307692307692,33.5,24.077319750399074,127.0,1.9230769230769231,98.07692307692308,37.90196078431372,23.733883454673638,1.0196078431372548,0.3921157212580904,smooth
21080,104,102,2,294.16346153846155,257.0,213.05257615287627,1361.0,1.9230769230769231,98.07692307692308,299.9313725490196,211.05244338197886,1.0196078431372548,0.4951502229341379,erratic
21094,104,102,2,186.71153846153845,144.5,184.65857621156934,1185.0,1.9230769230769231,98.07692307692308,190.37254901960785,184.58103061459235,1.0196078431372548,0.9400814500183791,erratic
20970,104,102,2,23.509615384615383,16.5,22.60723966537109,121.0,1.9230769230769231,98.07692307692308,23.970588235294116,22.584256271432135,1.0196078431372548,0.887675438024438,erratic
71053,104,102,2,45.57692307692308,34.0,43.534539865656264,296.0,1.9230769230769231,98.07692307692308,46.470588235294116,43.48385517679742,1.0196078431372548,0.87558788021087,erratic
20677,104,102,2,72.5576923076923,50.5,59.10363235647743,271.0,1.9230769230769231,98.07692307692308,73.98039215686275,58.78876103140009,1.0196078431372548,0.6314738300067373,erratic
20676,104,102,2,99.46153846153847,88.0,74.61824174753552,467.0,1.9230769230769231,98.07692307692308,101.41176470588235,74.01623489842041,1.0196078431372548,0.5326933786046064,erratic
20675,104,102,2,60.53846153846154,46.5,50.56398869699623,284.0,1.9230769230769231,98.07692307692308,61.72549019607843,50.33239156692674,1.0196078431372548,0.6649148584932391,erratic
15056N,104,102,2,101.04807692307692,74.0,113.47035708947713,818.0,1.9230769230769231,98.07692307692308,103.02941176470588,113.68520510187986,1.0196078431372548,1.2175462256664715,erratic
84692,104,102,2,178.92307692307693,150.5,137.64635228452929,790.0,1.9230769230769231,98.07692307692308,182.4313725490196,136.6577360700829,1.0196078431372548,0.5611376282964692,erratic
84755,104,102,2,386.66346153846155,296.5,340.12706393765984,1768.0,1.9230769230769231,98.07692307692308,394.2450980392157,339.0554858728663,1.0196078431372548,0.7396205119552044,erratic
POST,104,102,2,50.375,49.0,27.03330829331759,154.0,1.9230769230769231,98.07692307692308,51.36274509803921,26.344552188518776,1.0196078431372548,0.2630783976891924,smooth
22960,54,53,1,162.9814814814815,131.5,102.93073156084435,442.0,1.8518518518518519,98.14814814814815,166.0566037735849,101.38055023113115,1.0188679245283019,0.37273226221083,smooth
22965,55,54,1,33.2,20.0,50.07564647980463,260.0,1.8181818181818181,98.18181818181819,33.81481481481482,50.33588092460114,1.0185185185185186,2.2158549109481647,erratic
22964,55,54,1,48.63636363636363,25.0,57.83993354472248,228.0,1.8181818181818181,98.18181818181819,49.53703703703704,57.992424021465034,1.0185185185185186,1.3705108284978336,erratic
79067,55,54,1,28.6,23.0,25.501343464972955,118.0,1.8181818181818181,98.18181818181819,29.12962962962963,25.433632685056036,1.0185185185185186,0.762336763730349,erratic
22969,55,54,1,260.1272727272727,161.0,295.9997531621502,1564.0,1.8181818181818181,98.18181818181819,264.94444444444446,296.5950429404634,1.0185185185185186,1.2531935239026946,erratic
22798,59,58,1,38.016949152542374,24.0,34.27198087783187,136.0,1.694915254237288,98.30508474576271,38.672413793103445,34.19622833980199,1.0172413793103448,0.7819047594040006,erratic
22845,60,59,1,16.316666666666666,13.0,13.871677848324032,81.0,1.6666666666666667,98.33333333333333,16.593220338983052,13.822917806743735,1.0169491525423728,0.693965836545836,erratic
22839,60,59,1,9.583333333333334,6.0,10.091600243778286,47.0,1.6666666666666667,98.33333333333333,9.745762711864407,10.098810480206932,1.0169491525423728,1.0737638485105274,erratic
22771,60,59,1,124.16666666666667,111.0,72.08097298640374,365.0,1.6666666666666667,98.33333333333333,126.27118644067797,70.81613650819563,1.0169491525423728,0.3145255544562297,smooth
22772,60,59,1,72.86666666666666,51.0,61.74372037421877,279.0,1.6666666666666667,98.33333333333333,74.10169491525424,61.52170766744947,1.0169491525423728,0.6892876228888581,erratic
22805,60,59,1,36.55,29.0,34.883061306337424,228.0,1.6666666666666667,98.33333333333333,37.16949152542373,34.84802104032095,1.0169491525423728,0.878988110130121,erratic
22775,60,59,1,59.93333333333333,46.5,54.26547007939627,279.0,1.6666666666666667,98.33333333333333,60.94915254237288,54.15285636711798,1.0169491525423728,0.7894186733336098,erratic
22844,60,59,1,20.166666666666668,17.0,13.47963519431262,65.0,1.6666666666666667,98.33333333333333,20.508474576271187,13.330510611008288,1.0169491525423728,0.42250013542508164,smooth
22841,60,59,1,12.8,9.0,13.831675756656825,70.0,1.6666666666666667,98.33333333333333,13.016949152542374,13.84706059362697,1.0169491525423728,1.1316099788037297,erratic
22776,60,59,1,28.2,23.5,21.193859040225526,111.0,1.6666666666666667,98.33333333333333,28.677966101694917,21.047106999141565,1.0169491525423728,0.5386270050093073,erratic
22781,60,59,1,14.3,10.5,12.323740352311322,52.0,1.6666666666666667,98.33333333333333,14.542372881355933,12.284447742626483,1.0169491525423728,0.713576800446827,erratic
22766,61,60,1,71.11475409836065,51.0,82.96085389319788,497.0,1.639344262295082,98.36065573770492,72.3,83.13849992326975,1.0166666666666666,1.3222932283251023,erratic
22768,61,60,1,18.278688524590162,13.0,21.848822353879076,154.0,1.639344262295082,98.36065573770492,18.583333333333332,21.90216432820937,1.0166666666666666,1.3890786367194945,erratic
22900,63,62,1,95.65079365079364,58.0,101.21474435657294,610.0,1.5873015873015872,98.41269841269842,97.19354838709677,101.29147014881093,1.0161290322580645,1.08610265019698,erratic
22898,63,62,1,49.77777777777778,38.0,40.90170926487708,163.0,1.5873015873015872,98.41269841269842,50.58064516129032,40.73205061272913,1.0161290322580645,0.6484908018388857,erratic
22897,63,62,1,30.88888888888889,25.0,28.13281353033529,138.0,1.5873015873015872,98.41269841269842,31.387096774193548,28.0808871693896,1.0161290322580645,0.8004226251392003,erratic
22896,63,62,1,32.682539682539684,20.0,34.416249630185895,163.0,1.5873015873015872,98.41269841269842,33.20967741935484,34.439844012886304,1.0161290322580645,1.075456966795978,erratic
22728,63,62,1,96.47619047619048,63.0,110.79781894075195,560.0,1.5873015873015872,98.41269841269842,98.03225806451613,111.00612414680661,1.0161290322580645,1.282200275844805,erratic
22746,63,62,1,45.888888888888886,25.0,58.176347901850384,351.0,1.5873015873015872,98.41269841269842,46.62903225806452,58.3514602542406,1.0161290322580645,1.5659960174900476,erratic
22804,63,62,1,83.0952380952381,45.0,125.77716012542417,694.0,1.5873015873015872,98.41269841269842,84.43548387096774,126.34958282839547,1.0161290322580645,2.239224471210011,erratic
22729,63,62,1,47.6031746031746,39.0,48.44236338582694,346.0,1.5873015873015872,98.41269841269842,48.37096774193548,48.449816481395565,1.0161290322580645,1.0032628251274394,erratic
22748,63,62,1,65.5079365079365,35.0,76.07654740475652,364.0,1.5873015873015872,98.41269841269842,66.56451612903226,76.23015645425845,1.0161290322580645,1.3114993010379694,erratic
22895,63,62,1,44.888888888888886,27.0,45.766627900585824,184.0,1.5873015873015872,98.41269841269842,45.61290322580645,45.77505757889483,1.0161290322580645,1.0071226592398117,erratic
22727,63,62,1,131.6984126984127,93.0,124.52563344362724,678.0,1.5873015873015872,98.41269841269842,133.82258064516128,124.38616814589143,1.0161290322580645,0.8639435706421679,erratic
22725,63,62,1,38.98412698412698,31.0,32.40892552463031,199.0,1.5873015873015872,98.41269841269842,39.61290322580645,32.28375972920094,1.0161290322580645,0.6641938758666658,erratic
22745,63,62,1,62.77777777777778,37.0,72.38482385151144,352.0,1.5873015873015872,98.41269841269842,63.79032258064516,72.52453221955126,1.0161290322580645,1.2925884648545964,erratic
22730,63,62,1,57.6031746031746,40.0,53.40398066670374,280.0,1.5873015873015872,98.41269841269842,58.53225806451613,53.324161085508834,1.0161290322580645,0.8299606573663887,erratic
22983,64,63,1,103.390625,92.5,77.38106433142084,459.0,1.5625,98.4375,105.03174603174604,76.87169206184151,1.0158730158730158,0.5356630760480765,erratic
22951,64,63,1,170.6875,121.5,146.84565647439774,602.0,1.5625,98.4375,173.3968253968254,146.40383166175405,1.0158730158730158,0.7128901306306635,erratic
22813,64,63,1,61.0,31.0,74.54518178248766,331.0,1.5625,98.4375,61.96825396825397,74.73716704040088,1.0158730158730158,1.4545703952128994,erratic
22907,64,63,1,133.65625,117.0,99.0792882349427,580.0,1.5625,98.4375,135.77777777777777,98.3988664445009,1.0158730158730158,0.5251976786214684,erratic
22676,68,67,1,26.86764705882353,20.5,23.16450218643205,98.0,1.4705882352941178,98.52941176470588,27.26865671641791,23.100296528040523,1.0149253731343284,0.7176416238568247,erratic
22670,68,67,1,63.63235294117647,38.0,126.30097958894578,648.0,1.4705882352941178,98.52941176470588,64.58208955223881,127.00932311922608,1.0149253731343284,3.8676486818203837,erratic
22851,68,67,1,75.94117647058823,41.5,85.75109456730439,403.0,1.4705882352941178,98.52941176470588,77.07462686567165,85.88352109068664,1.0149253731343284,1.2416432195955835,erratic
22697,69,68,1,138.2753623188406,139.0,64.37570880431507,358.0,1.4492753623188406,98.55072463768116,140.30882352941177,62.58206727860559,1.0147058823529411,0.19894354113258528,smooth
22699,69,68,1,185.3768115942029,162.0,125.73093370242893,861.0,1.4492753623188406,98.55072463768116,188.10294117647058,124.59440342308598,1.0147058823529411,0.43873865290878566,smooth
22759,70,69,1,134.0,102.0,133.5091594317555,802.0,1.4285714285714286,98.57142857142857,135.94202898550725,133.48759405431994,1.0144927536231885,0.9642159599415617,erratic
22652,71,70,1,139.57746478873239,94.0,144.95207700397606,975.0,1.408450704225352,98.59154929577466,141.57142857142858,145.014599107991,1.0142857142857142,1.0492336821179875,erratic
22663,72,71,1,79.52777777777777,54.0,69.52129519171102,338.0,1.3888888888888888,98.61111111111111,80.64788732394366,69.35871530189974,1.0140845070422535,0.7396326780885074,erratic
22662,72,71,1,137.47222222222223,98.5,97.1879219619077,432.0,1.3888888888888888,98.61111111111111,139.40845070422534,96.47095454292207,1.0140845070422535,0.4788670443780145,smooth
22661,72,71,1,112.72222222222223,82.5,88.37519603296738,382.0,1.3888888888888888,98.61111111111111,114.30985915492958,87.96404972638307,1.0140845070422535,0.5921654318375249,erratic
22654,72,71,1,34.84722222222222,19.0,35.90859276592157,146.0,1.3888888888888888,98.61111111111111,35.33802816901409,35.92012713228051,1.0140845070422535,1.0332159574844455,erratic
22595,73,72,1,171.32876712328766,99.0,265.98010863359065,2130.0,1.36986301369863,98.63013698630137,173.70833333333334,267.0630266646201,1.0138888888888888,2.363666643538729,erratic
22665,73,72,1,40.47945205479452,28.0,35.78722211016458,146.0,1.36986301369863,98.63013698630137,41.041666666666664,35.71224491151065,1.0138888888888888,0.75715418123936,erratic
22668,74,73,1,48.37837837837838,32.5,40.91678916643491,172.0,1.3513513513513513,98.64864864864865,49.04109589041096,40.7980930777695,1.0136986301369864,0.692084935013819,erratic
22666,74,73,1,138.78378378378378,114.0,116.82081704506221,810.0,1.3513513513513513,98.64864864864865,140.68493150684932,116.47089249063342,1.0136986301369864,0.6853929608669357,erratic
22630,75,74,1,238.96,168.0,184.22030289845907,768.0,1.3333333333333333,98.66666666666667,242.1891891891892,183.32818657019004,1.0135135135135136,0.57299255426238,erratic
22629,75,74,1,272.5466666666667,216.0,180.5781475909734,814.0,1.3333333333333333,98.66666666666667,276.22972972972974,178.952090266878,1.0135135135135136,0.4196939551889339,smooth
22713,80,79,1,75.5625,43.5,92.73479864509781,516.0,1.25,98.75,76.51898734177215,92.92937223828858,1.0126582278481013,1.474916991867407,erratic
22637,80,79,1,55.975,36.0,93.85539307960188,823.0,1.25,98.75,56.68354430379747,94.23953989480503,1.0126582278481013,2.7640908816826473,erratic
22634,81,80,1,20.65432098765432,14.0,19.44039640402631,109.0,1.2345679012345678,98.76543209876543,20.9125,19.422806475697715,1.0125,0.8626051725182712,erratic
22645,82,81,1,64.89024390243902,39.5,61.25921570328624,270.0,1.2195121951219512,98.78048780487805,65.69135802469135,61.207156847730765,1.0123456790123457,0.868136333359599,erratic
22646,82,81,1,102.15853658536585,80.5,91.00040286333225,438.0,1.2195121951219512,98.78048780487805,103.41975308641975,90.84339054074474,1.0123456790123457,0.7715777170529613,erratic
22424,82,81,1,18.475609756097562,16.0,17.330644812689666,130.0,1.2195121951219512,98.78048780487805,18.703703703703702,17.314332534380615,1.0123456790123457,0.8569515733751591,erratic
22620,83,82,1,97.36144578313252,81.0,84.3544464849759,536.0,1.2048192771084338,98.79518072289157,98.54878048780488,84.17283108177833,1.0121951219512195,0.7295269839473885,erratic
22622,83,82,1,35.144578313253014,20.0,45.25298333518627,300.0,1.2048192771084338,98.79518072289157,35.573170731707314,45.36165522917991,1.0121951219512195,1.6260452734476551,erratic
22619,83,82,1,46.45783132530121,34.0,44.383665750852494,215.0,1.2048192771084338,98.79518072289157,47.02439024390244,44.35378965805531,1.0121951219512195,0.8896416756526272,erratic
22616,83,82,1,464.8433734939759,280.0,521.9940538379143,3262.0,1.2048192771084338,98.79518072289157,470.5121951219512,522.6294451009051,1.0121951219512195,1.2338034494521548,erratic
22492,83,82,1,522.0,432.0,373.61624370599253,1832.0,1.2048192771084338,98.79518072289157,528.3658536585366,371.3588498512491,1.0121951219512195,0.4939899006460571,erratic
22418,83,82,1,147.46987951807228,120.0,103.9246135484988,420.0,1.2048192771084338,98.79518072289157,149.26829268292684,103.25648860495107,1.0121951219512195,0.47851942628903404,smooth
22493,83,82,1,56.19277108433735,37.0,73.44061112041238,412.0,1.2048192771084338,98.79518072289157,56.8780487804878,73.62507460750416,1.0121951219512195,1.6755682292646814,erratic
22491,83,82,1,89.144578313253,48.0,111.05383582728764,611.0,1.2048192771084338,98.79518072289157,90.23170731707317,111.29199707015728,1.0121951219512195,1.5212812810053038,erratic
22569,86,85,1,64.19767441860465,38.5,81.91542550523994,489.0,1.1627906976744187,98.83720930232558,64.95294117647059,82.09980944852792,1.011764705882353,1.597668436688285,erratic
82484,87,86,1,109.26436781609195,59.0,154.74235599485965,1163.0,1.1494252873563218,98.85057471264368,110.53488372093024,155.19283622599556,1.0116279069767442,1.9712632380847257,erratic
22551,89,88,1,171.25842696629215,154.0,117.65362569171653,609.0,1.1235955056179776,98.87640449438203,173.20454545454547,116.8782802444255,1.0113636363636365,0.4553538943645275,smooth
22549,89,88,1,71.31460674157303,56.0,65.40600394765308,360.0,1.1235955056179776,98.87640449438203,72.125,65.32989889518562,1.0113636363636365,0.8204503787231849,erratic
22553,89,88,1,86.65168539325843,74.0,58.15674375098799,285.0,1.1235955056179776,98.87640449438203,87.63636363636364,57.73904470266714,1.0113636363636365,0.4340807140721233,smooth
22556,89,88,1,150.80898876404495,116.0,131.13142924739967,994.0,1.1235955056179776,98.87640449438203,152.52272727272728,130.8767058005821,1.0113636363636365,0.7363013312092969,erratic
22561,89,88,1,128.8426966292135,118.0,99.30186976134992,529.0,1.1235955056179776,98.87640449438203,130.3068181818182,98.90008402243511,1.0113636363636365,0.57604848716434,erratic
22534,89,88,1,143.7191011235955,97.0,190.1439041623263,1545.0,1.1235955056179776,98.87640449438203,145.35227272727272,190.60472668288108,1.0113636363636365,1.719585121869282,erratic
22560,89,88,1,156.04494382022472,113.0,124.57937503604602,579.0,1.1235955056179776,98.87640449438203,157.8181818181818,124.15855134672876,1.0113636363636365,0.6189266769357997,erratic
22557,89,88,1,115.48314606741573,86.0,103.91912418707142,641.0,1.1235955056179776,98.87640449438203,116.79545454545455,103.77032099464296,1.0113636363636365,0.789395121117475,erratic
22555,89,88,1,128.69662921348313,99.0,124.25646173927225,936.0,1.1235955056179776,98.87640449438203,130.1590909090909,124.19579336201055,1.0113636363636365,0.9104681521526168,erratic
22423,90,89,1,290.03333333333336,261.5,162.36257456069592,926.0,1.1111111111111112,98.88888888888889,293.29213483146066,160.29512570193705,1.0112359550561798,0.29870314782598667,smooth
21915,90,89,1,403.1777777777778,258.5,480.4620570499498,2652.0,1.1111111111111112,98.88888888888889,407.70786516853934,481.24741326925096,1.0112359550561798,1.3932807511248384,erratic
22568,91,90,1,59.94505494505494,40.0,68.42990941870742,436.0,1.098901098901099,98.9010989010989,60.611111111111114,68.51600230446365,1.011111111111111,1.2778490064601777,erratic
22585,91,90,1,192.0989010989011,119.0,181.62379034972594,811.0,1.098901098901099,98.9010989010989,194.23333333333332,181.48996629336986,1.011111111111111,0.8730873849283152,erratic
22507,91,90,1,59.637362637362635,28.0,95.53225359747081,541.0,1.098901098901099,98.9010989010989,60.3,95.85692170209849,1.011111111111111,2.527041255360082,erratic
22505,91,90,1,41.32967032967033,31.0,39.23945150399728,164.0,1.098901098901099,98.9010989010989,41.78888888888889,39.21261389705105,1.011111111111111,0.8805011719572797,erratic
22464,92,91,1,80.21739130434783,68.5,49.70303594480835,235.0,1.0869565217391304,98.91304347826087,81.0989010989011,49.24994189394314,1.010989010989011,0.36879201215228036,smooth
22488,92,91,1,74.66304347826087,62.0,53.64766561370855,301.0,1.0869565217391304,98.91304347826087,75.48351648351648,53.361318207389516,1.010989010989011,0.49974545273801285,erratic
22499,96,95,1,37.21875,20.0,44.27883018589785,205.0,1.0416666666666667,98.95833333333333,37.61052631578947,44.34614683466588,1.0105263157894737,1.3902501784352237,erratic
22379,97,96,1,162.03092783505156,111.0,154.31126913970073,746.0,1.0309278350515463,98.96907216494846,163.71875,154.2186215205032,1.0104166666666667,0.8873128959883493,erratic
22417,97,96,1,220.18556701030928,175.0,208.47053798123503,1744.0,1.0309278350515463,98.96907216494846,222.47916666666666,208.33096033736248,1.0104166666666667,0.8768573231179299,erratic
21907,97,96,1,52.71134020618557,50.0,35.668309569702586,158.0,1.0309278350515463,98.96907216494846,53.260416666666664,35.44105403911554,1.0104166666666667,0.44279645962119507,smooth
22413,97,96,1,57.11340206185567,40.0,62.067650640359716,371.0,1.0309278350515463,98.96907216494846,57.708333333333336,62.11482010915739,1.0104166666666667,1.158546315089814,erratic
22411,97,96,1,278.0412371134021,257.0,150.28659548272074,711.0,1.0309278350515463,98.96907216494846,280.9375,148.32927897080873,1.0104166666666667,0.27876249596325664,smooth
22386,97,96,1,405.5154639175258,354.0,242.7488462640821,1649.0,1.0309278350515463,98.96907216494846,409.7395833333333,240.41272603113023,1.0104166666666667,0.3442699075566019,smooth
22385,97,96,1,175.1237113402062,120.0,143.63830861838056,671.0,1.0309278350515463,98.96907216494846,176.94791666666666,143.25835107772522,1.0104166666666667,0.6554642183591651,erratic
22384,97,96,1,213.28865979381445,192.0,121.59186845437814,571.0,1.0309278350515463,98.96907216494846,215.51041666666666,120.2345947932113,1.0104166666666667,0.3112593133475459,smooth
22494,97,96,1,28.371134020618555,18.0,34.05122354251412,233.0,1.0309278350515463,98.96907216494846,28.666666666666668,34.1046891872863,1.0104166666666667,1.415382425777802,erratic
22380,98,97,1,49.55102040816327,27.0,58.77374447987083,350.0,1.0204081632653061,98.9795918367347,50.06185567010309,58.85997055742227,1.0103092783505154,1.3823760261342133,erratic
22383,98,97,1,254.55102040816325,228.5,142.6944773455771,943.0,1.0204081632653061,98.9795918367347,257.17525773195877,141.03863317584285,1.0103092783505154,0.3007584330790226,smooth
22382,98,97,1,205.59183673469389,177.5,101.10654141142032,469.0,1.0204081632653061,98.9795918367347,207.71134020618555,99.419246833264,1.0103092783505154,0.22909759053641995,smooth
22381,98,97,1,94.35714285714286,60.5,91.15029505525364,531.0,1.0204081632653061,98.9795918367347,95.3298969072165,91.11104964655823,1.0103092783505154,0.9134480504009526,erratic
22367,100,99,1,79.65,67.5,57.38130040669728,267.0,1.0,99.0,80.45454545454545,57.10360664960944,1.0101010101010102,0.5037625828843457,erratic
22358,100,99,1,26.37,18.0,27.87151436738437,150.0,1.0,99.0,26.636363636363637,27.88513412213175,1.0101010101010102,1.0959622745299589,erratic
23360,18,18,0,65.38888888888889,56.0,43.659294393383234,168.0,0.0,100.0,65.38888888888889,43.659294393383234,1.0,0.44580558969364387,smooth
23359,18,18,0,54.27777777777778,53.0,34.21524523565405,144.0,0.0,100.0,54.27777777777778,34.21524523565405,1.0,0.39737011040800957,smooth
23356,15,15,0,150.33333333333334,130.0,97.84292562693582,451.0,0.0,100.0,150.33333333333334,97.84292562693582,1.0,0.42359252342487425,smooth
23355,15,15,0,358.93333333333334,329.0,169.73907146250207,706.0,0.0,100.0,358.93333333333334,169.73907146250207,1.0,0.22363308755740022,smooth
23308,27,27,0,211.55555555555554,157.0,164.99961149915416,651.0,0.0,100.0,211.55555555555554,164.99961149915416,1.0,0.6082988200936486,erratic
23307,27,27,0,426.037037037037,373.0,274.1583598357093,1097.0,0.0,100.0,426.037037037037,274.1583598357093,1.0,0.41410290315302145,smooth
23306,27,27,0,103.96296296296296,90.0,103.00615421550211,489.0,0.0,100.0,103.96296296296296,103.00615421550211,1.0,0.9816779785445577,erratic
23333,17,17,0,120.70588235294117,118.0,53.18454275666281,230.0,0.0,100.0,120.70588235294117,53.18454275666281,1.0,0.1941395369990387,smooth
23332,18,18,0,106.38888888888889,116.5,45.88109810585066,173.0,0.0,100.0,106.38888888888889,45.88109810585066,1.0,0.18598377599988455,smooth
23330,17,17,0,103.47058823529412,86.0,55.61712601242852,232.0,0.0,100.0,103.47058823529412,55.61712601242852,1.0,0.2889237547433309,smooth
23329,18,18,0,93.94444444444444,103.0,34.39813986458847,141.0,0.0,100.0,93.94444444444444,34.39813986458847,1.0,0.13406879656503687,smooth
23328,17,17,0,155.35294117647058,146.0,83.16019268291063,336.0,0.0,100.0,155.35294117647058,83.16019268291063,1.0,0.2865444586079677,smooth
23323,24,24,0,58.5,60.5,45.934736311423414,188.0,0.0,100.0,58.5,45.934736311423414,1.0,0.6165534370662578,erratic
23322,26,26,0,116.07692307692308,104.0,68.63988524286623,334.0,0.0,100.0,116.07692307692308,68.63988524286623,1.0,0.34967237441268,smooth
23321,26,26,0,176.84615384615384,156.0,87.66558837203675,371.0,0.0,100.0,176.84615384615384,87.66558837203675,1.0,0.24573502748419662,smooth
23320,22,22,0,107.13636363636364,90.0,78.48159957506901,301.0,0.0,100.0,107.13636363636364,78.48159957506901,1.0,0.5366138636824769,erratic
23319,22,22,0,163.95454545454547,131.5,148.2162118479131,554.0,0.0,100.0,163.95454545454547,148.2162118479131,1.0,0.8172303661464717,erratic
23349,18,18,0,168.38888888888889,195.0,121.41670535749716,475.0,0.0,100.0,168.38888888888889,121.41670535749716,1.0,0.5199122206045772,erratic
23347,20,20,0,41.45,27.0,53.78071949568622,227.0,0.0,100.0,41.45,53.78071949568622,1.0,1.6834652120427525,erratic
23292,25,25,0,81.6,68.0,58.99011216579718,262.0,0.0,100.0,81.6,58.99011216579718,1.0,0.522610494361143,erratic
23291,25,25,0,64.72,48.0,51.383784731501954,237.0,0.0,100.0,64.72,51.383784731501954,1.0,0.6303404275041343,erratic
23290,25,25,0,90.24,71.0,66.11812661189568,253.0,0.0,100.0,90.24,66.11812661189568,1.0,0.5368375755013163,erratic
23289,25,25,0,64.56,53.0,47.28026367664772,182.0,0.0,100.0,64.56,47.28026367664772,1.0,0.536330797948762,erratic
23288,26,26,0,177.5,47.0,410.5211565802669,1973.0,0.0,100.0,177.5,410.5211565802669,1.0,5.349021860741917,erratic
23287,25,25,0,74.4,56.0,60.61009266890568,216.0,0.0,100.0,74.4,60.61009266890568,1.0,0.6636575278452229,erratic
23286,26,26,0,193.5,73.0,398.86190592735227,1920.0,0.0,100.0,193.5,398.86190592735227,1.0,4.248965273187376,erratic
85123b,1,1,0,1.0,1.0,,1.0,0.0,100.0,1.0,,1.0,0.0,smooth
23317,24,24,0,7.083333333333333,6.0,4.412597250231843,17.0,0.0,100.0,7.083333333333333,4.412597250231843,1.0,0.38807281480367084,smooth
23316,24,24,0,10.166666666666666,10.5,5.8656454974239,21.0,0.0,100.0,10.166666666666666,5.8656454974239,1.0,0.33286984564691585,smooth
23315,24,24,0,8.625,6.5,7.167635593415725,27.0,0.0,100.0,8.625,7.167635593415725,1.0,0.6906112161310649,erratic
23313,21,21,0,133.14285714285714,101.0,109.43504270309656,432.0,0.0,100.0,133.14285714285714,109.43504270309656,1.0,0.6755804582880508,erratic
23312,21,21,0,65.66666666666667,65.0,45.432734160881544,154.0,0.0,100.0,65.66666666666667,45.432734160881544,1.0,0.47868277976757945,smooth
23311,21,21,0,106.9047619047619,94.0,82.37226764021054,251.0,0.0,100.0,106.9047619047619,82.37226764021054,1.0,0.5937012217201304,erratic
23310,26,26,0,454.65384615384613,390.0,302.34615159551043,1692.0,0.0,100.0,454.65384615384613,302.34615159551043,1.0,0.44222893133203905,smooth
23309,27,27,0,281.25925925925924,211.0,194.30321122343267,884.0,0.0,100.0,281.25925925925924,194.30321122343267,1.0,0.4772503978245188,smooth
23250,25,25,0,44.36,28.0,32.557487618058,114.0,0.0,100.0,44.36,32.557487618058,1.0,0.5386649196141741,erratic
23249,25,25,0,33.56,21.0,38.829842475429466,189.0,0.0,100.0,33.56,38.829842475429466,1.0,1.338712606480935,erratic
23245,26,26,0,236.76923076923077,195.0,143.38850935617057,710.0,0.0,100.0,236.76923076923077,143.38850935617057,1.0,0.36675679886308804,smooth
23244,26,26,0,35.0,22.5,44.06359041203973,215.0,0.0,100.0,35.0,44.06359041203973,1.0,1.5849795918367346,erratic
23243,26,26,0,183.26923076923077,85.0,348.1484232556347,1801.0,0.0,100.0,183.26923076923077,348.1484232556347,1.0,3.6086914549404363,erratic
23242,26,26,0,53.61538461538461,31.5,54.741630902322896,234.0,0.0,100.0,53.61538461538461,54.741630902322896,1.0,1.042453309839875,erratic
23285,26,26,0,184.6153846153846,49.5,413.9713107859603,1966.0,0.0,100.0,184.6153846153846,413.9713107859603,1.0,5.028109305555557,erratic
23275,27,27,0,128.55555555555554,82.0,121.00709875341177,442.0,0.0,100.0,128.55555555555554,121.00709875341177,1.0,0.8860128038389108,erratic
23266,26,26,0,74.46153846153847,59.5,60.04880066694472,197.0,0.0,100.0,74.46153846153847,60.04880066694472,1.0,0.6503462878218699,erratic
23301,30,30,0,275.26666666666665,235.0,191.08382947035957,945.0,0.0,100.0,275.26666666666665,191.08382947035957,1.0,0.481881912120616,smooth
23300,30,30,0,216.56666666666666,179.0,160.39384357721238,852.0,0.0,100.0,216.56666666666666,160.39384357721238,1.0,0.5485196184655086,erratic
23298,31,31,0,270.0,228.0,153.1678817507117,662.0,0.0,100.0,270.0,153.1678817507117,1.0,0.3218161865569273,smooth
23296,21,21,0,235.8095238095238,194.0,184.65958384216592,745.0,0.0,100.0,235.8095238095238,184.65958384216592,1.0,0.6132266527647647,erratic
23295,21,21,0,286.9047619047619,231.0,167.449665500384,691.0,0.0,100.0,286.9047619047619,167.449665500384,1.0,0.3406379697319262,smooth
23294,21,21,0,206.14285714285714,175.0,166.69741621101562,728.0,0.0,100.0,206.14285714285714,166.69741621101562,1.0,0.6539147815655094,erratic
23293,21,21,0,382.3333333333333,314.0,193.54827132613025,727.0,0.0,100.0,382.3333333333333,193.54827132613025,1.0,0.2562679337097876,smooth
23237,26,26,0,39.38461538461539,29.5,29.556829225174916,135.0,0.0,100.0,39.38461538461539,29.556829225174916,1.0,0.5631997680664063,erratic
23236,26,26,0,95.07692307692308,68.5,82.7526062801278,412.0,0.0,100.0,95.07692307692308,82.7526062801278,1.0,0.757553178119207,erratic
23234,25,25,0,66.44,61.0,53.61908864076922,226.0,0.0,100.0,66.44,53.61908864076922,1.0,0.6512977960103485,erratic
23233,46,46,0,111.95652173913044,75.0,111.272829172612,725.0,0.0,100.0,111.95652173913044,111.272829172612,1.0,0.9878237555115676,erratic
23231,47,47,0,151.10638297872342,125.0,96.64507770874005,500.0,0.0,100.0,151.10638297872342,96.64507770874005,1.0,0.40906644744608567,smooth
23229,25,25,0,69.04,52.0,56.02044269728686,240.0,0.0,100.0,69.04,56.02044269728686,1.0,0.6584025550204157,erratic
23227,28,28,0,58.07142857142857,49.0,52.502506868846055,265.0,0.0,100.0,58.07142857142857,52.502506868846055,1.0,0.8174008048676906,erratic
23226,27,27,0,45.148148148148145,39.0,37.39673340701925,169.0,0.0,100.0,45.148148148148145,37.39673340701925,1.0,0.6861000544946491,erratic
23265,26,26,0,63.46153846153846,40.5,62.86762649836927,215.0,0.0,100.0,63.46153846153846,62.86762649836927,1.0,0.9813703581267218,erratic
23264,26,26,0,69.6923076923077,45.0,64.84490372004217,191.0,0.0,100.0,69.6923076923077,64.84490372004217,1.0,0.865729085956269,erratic
23263,27,27,0,137.85185185185185,101.0,87.71137269638928,313.0,0.0,100.0,137.85185185185185,87.71137269638928,1.0,0.40484297386148255,smooth
23256,35,35,0,57.17142857142857,48.0,34.03154740071916,128.0,0.0,100.0,57.17142857142857,34.03154740071916,1.0,0.3543278629668322,smooth
23255,35,35,0,28.114285714285714,17.0,28.411649877110193,91.0,0.0,100.0,28.114285714285714,28.411649877110193,1.0,1.0212658271220443,erratic
23254,35,35,0,47.82857142857143,36.0,40.871740355212005,181.0,0.0,100.0,47.82857142857143,40.871740355212005,1.0,0.7302497935921498,erratic
23252,26,26,0,23.115384615384617,16.5,20.231316166926806,95.0,0.0,100.0,23.115384615384617,20.231316166926806,1.0,0.7660304373465191,erratic
23251,25,25,0,64.52,49.0,55.625323969094026,263.0,0.0,100.0,64.52,55.625323969094026,1.0,0.7432867470811847,erratic
23201,34,34,0,388.4117647058824,353.0,218.0543604237754,979.0,0.0,100.0,388.4117647058824,218.0543604237754,1.0,0.3151699476215138,smooth
23200,31,31,0,226.51612903225808,208.0,110.3173818180199,557.0,0.0,100.0,226.51612903225808,110.3173818180199,1.0,0.2371863159829991,smooth
23199,34,34,0,434.2647058823529,379.5,228.35144482341502,1265.0,0.0,100.0,434.2647058823529,228.35144482341502,1.0,0.27650211594699153,smooth
23198,24,24,0,132.70833333333334,111.5,51.618566904509876,226.0,0.0,100.0,132.70833333333334,51.618566904509876,1.0,0.15129183695970944,smooth
23197,24,24,0,58.0,50.0,42.97016153808006,161.0,0.0,100.0,58.0,42.97016153808006,1.0,0.5488807320477691,erratic
23196,24,24,0,76.0,63.5,40.44857174884843,166.0,0.0,100.0,76.0,40.44857174884843,1.0,0.28325605202938703,smooth
23194,40,40,0,45.4,20.0,68.55198289600644,317.0,0.0,100.0,45.4,68.55198289600644,1.0,2.279965824571775,erratic
23193,40,40,0,38.025,14.0,67.00343944482177,316.0,0.0,100.0,38.025,67.00343944482177,1.0,3.104958127696983,erratic
85160b,1,1,0,1.0,1.0,,1.0,0.0,100.0,1.0,,1.0,0.0,smooth
85159b,1,1,0,1.0,1.0,,1.0,0.0,100.0,1.0,,1.0,0.0,smooth
85157,1,1,0,1.0,1.0,,1.0,0.0,100.0,1.0,,1.0,0.0,smooth
85151,2,2,0,14.5,14.5,14.849242404917497,25.0,0.0,100.0,14.5,14.849242404917497,1.0,1.0487514863258027,erratic
23241,26,26,0,81.6923076923077,61.5,62.68509821689313,254.0,0.0,100.0,81.6923076923077,62.68509821689313,1.0,0.5887979543270168,erratic
23240,26,26,0,155.6153846153846,142.0,82.31844358250557,478.0,0.0,100.0,155.6153846153846,82.31844358250557,1.0,0.27982675748907326,smooth
23239,26,26,0,29.923076923076923,23.0,28.327969326336227,151.0,0.0,100.0,29.923076923076923,28.327969326336227,1.0,0.8962277542442886,erratic
23238,26,26,0,65.15384615384616,46.5,47.63418294266612,233.0,0.0,100.0,65.15384615384616,47.63418294266612,1.0,0.5345118335565903,erratic
23438,18,18,0,97.27777777777777,73.5,115.6342131111293,496.0,0.0,100.0,97.27777777777777,115.6342131111293,1.0,1.4130105901312304,erratic
23437,15,15,0,126.86666666666666,86.0,121.33534796862234,508.0,0.0,100.0,126.86666666666666,121.33534796862234,1.0,0.9147019847799573,erratic
23435,13,13,0,61.61538461538461,49.0,66.9421870740448,276.0,0.0,100.0,61.61538461538461,66.9421870740448,1.0,1.18037897904357,erratic
23434,13,13,0,153.76923076923077,139.0,99.85168488492808,363.0,0.0,100.0,153.76923076923077,99.85168488492808,1.0,0.42166923047983884,smooth
23432,14,14,0,90.28571428571429,54.5,83.04348126264807,336.0,0.0,100.0,90.28571428571429,83.04348126264807,1.0,0.8460051705224755,erratic
23431,15,15,0,96.6,66.0,141.0414326156882,588.0,0.0,100.0,96.6,141.0414326156882,1.0,2.131764218875056,erratic
23182,40,40,0,92.85,68.5,58.52264518970413,313.0,0.0,100.0,92.85,58.52264518970413,1.0,0.3972684531509673,smooth
23177,40,40,0,50.55,24.0,67.78016879627316,311.0,0.0,100.0,50.55,67.78016879627316,1.0,1.7978894013727462,erratic
23209,31,31,0,413.83870967741933,329.0,217.75507598740282,1157.0,0.0,100.0,413.83870967741933,217.75507598740282,1.0,0.27686901284600823,smooth
23208,34,34,0,176.11764705882354,155.5,94.26100601469285,418.0,0.0,100.0,176.11764705882354,94.26100601469285,1.0,0.2864563090405557,smooth
23207,34,34,0,227.88235294117646,211.5,133.7092650414782,601.0,0.0,100.0,227.88235294117646,133.7092650414782,1.0,0.3442719292351845,smooth
23206,34,34,0,353.7647058823529,318.0,182.42857611472007,860.0,0.0,100.0,353.7647058823529,182.42857611472007,1.0,0.2659235084812519,smooth
23205,34,34,0,168.0,139.0,102.0798855323762,518.0,0.0,100.0,168.0,102.0798855323762,1.0,0.3692000790215075,smooth
23204,34,34,0,226.44117647058823,201.5,113.05595052932476,534.0,0.0,100.0,226.44117647058823,113.05595052932476,1.0,0.2492734625122661,smooth
23203,31,31,0,643.6774193548387,556.0,362.3600775560845,1713.0,0.0,100.0,643.6774193548387,362.3600775560845,1.0,0.3169159810271853,smooth
23202,31,31,0,340.03225806451616,313.0,162.31563569600388,693.0,0.0,100.0,340.03225806451616,162.31563569600388,1.0,0.22786649647427126,smooth
85171,1,1,0,1.0,1.0,,1.0,0.0,100.0,1.0,,1.0,0.0,smooth
23192,30,30,0,111.23333333333333,88.0,79.5117355611989,294.0,0.0,100.0,111.23333333333333,79.5117355611989,1.0,0.5109666585298532,erratic
23191,30,30,0,71.76666666666667,55.5,47.35754197178307,195.0,0.0,100.0,71.76666666666667,47.35754197178307,1.0,0.43544444588347564,smooth
23190,30,30,0,56.266666666666666,42.0,46.871014006771695,247.0,0.0,100.0,56.266666666666666,46.871014006771695,1.0,0.6939150761089885,erratic
23189,18,18,0,68.55555555555556,60.5,41.59782548363941,184.0,0.0,100.0,68.55555555555556,41.59782548363941,1.0,0.36817640090034903,smooth
23188,25,25,0,131.68,92.0,86.60481125972929,327.0,0.0,100.0,131.68,86.60481125972929,1.0,0.4325580546283022,smooth
85036a,1,1,0,2.0,2.0,,2.0,0.0,100.0,2.0,,1.0,0.0,smooth
23421,13,13,0,12.307692307692308,12.0,9.09564561923832,27.0,0.0,100.0,12.307692307692308,9.09564561923832,1.0,0.5461523437500001,erratic
23419,13,13,0,34.92307692307692,27.0,27.953716325566734,111.0,0.0,100.0,34.92307692307692,27.953716325566734,1.0,0.6406990885391398,erratic
23418,13,13,0,41.69230769230769,29.0,30.41212646128902,97.0,0.0,100.0,41.69230769230769,30.41212646128902,1.0,0.5320858466887252,erratic
23414,14,14,0,10.071428571428571,7.5,7.269158090223334,21.0,0.0,100.0,10.071428571428571,7.269158090223334,1.0,0.520938042893679,erratic
23413,13,13,0,13.0,13.0,9.146948489341495,32.0,0.0,100.0,13.0,9.146948489341495,1.0,0.49506903353057197,erratic
23412,6,6,0,59.666666666666664,47.5,54.09867527644893,156.0,0.0,100.0,59.666666666666664,54.09867527644893,1.0,0.8220717206079712,erratic
23411,14,14,0,16.214285714285715,8.0,23.23518079063786,91.0,0.0,100.0,16.214285714285715,23.23518079063786,1.0,2.053508330633833,erratic
23408,13,13,0,23.384615384615383,19.0,14.643192169847287,53.0,0.0,100.0,23.384615384615383,14.643192169847287,1.0,0.3921128376038781,smooth
23407,14,14,0,17.642857142857142,17.0,7.662166221688955,31.0,0.0,100.0,17.642857142857142,7.662166221688955,1.0,0.1886102554856345,smooth
23147,33,33,0,55.81818181818182,54.0,33.21375331230888,161.0,0.0,100.0,55.81818181818182,33.21375331230888,1.0,0.3540662566711583,smooth
23146,33,33,0,24.151515151515152,20.0,14.950169756814661,68.0,0.0,100.0,24.151515151515152,14.950169756814661,1.0,0.3831805752122529,smooth
23145,33,33,0,61.63636363636363,51.0,38.14349402406177,160.0,0.0,100.0,61.63636363636363,38.14349402406177,1.0,0.382971916577475,smooth
85185E,1,1,0,1.0,1.0,,1.0,0.0,100.0,1.0,,1.0,0.0,smooth
85184d,1,1,0,1.0,1.0,,1.0,0.0,100.0,1.0,,1.0,0.0,smooth
23176,40,40,0,53.825,25.0,71.3485081510792,323.0,0.0,100.0,53.825,71.3485081510792,1.0,1.7571211913803901,erratic
23174,30,30,0,101.16666666666667,46.0,144.8745196257148,710.0,0.0,100.0,101.16666666666667,144.8745196257148,1.0,2.0507330776420574,erratic
23173,30,30,0,91.06666666666666,55.0,116.57436085690286,560.0,0.0,100.0,91.06666666666666,116.57436085690286,1.0,1.6386537850136695,erratic
23172,30,30,0,124.9,82.0,125.35696616270371,668.0,0.0,100.0,124.9,125.35696616270371,1.0,1.0073306982186065,erratic
23171,30,30,0,205.23333333333332,124.5,268.53737726526214,1414.0,0.0,100.0,205.23333333333332,268.53737726526214,1.0,1.71203913623129,erratic
23170,30,30,0,224.96666666666667,155.5,189.46339530611064,809.0,0.0,100.0,224.96666666666667,189.46339530611064,1.0,0.7092743997794286,erratic
23169,30,30,0,51.53333333333333,46.5,26.677813762121456,109.0,0.0,100.0,51.53333333333333,26.677813762121456,1.0,0.26799334108210365,smooth
23168,30,30,0,105.93333333333334,83.5,61.5052189169585,233.0,0.0,100.0,105.93333333333334,61.5052189169585,1.0,0.33709992893051804,smooth
23167,30,30,0,181.13333333333333,116.0,299.7477943703424,1616.0,0.0,100.0,181.13333333333333,299.7477943703424,1.0,2.7385156900335583,erratic
23165,30,30,0,98.4,78.5,61.24771635433186,253.0,0.0,100.0,98.4,61.24771635433186,1.0,0.387426750634201,smooth
23163,32,32,0,56.28125,51.5,40.121777832638635,164.0,0.0,100.0,56.28125,40.121777832638635,1.0,0.5081979028266582,erratic
23117,10,10,0,9.1,10.0,4.724639903973871,16.0,0.0,100.0,9.1,4.724639903973871,1.0,0.26955950032873116,smooth
23116,10,10,0,7.5,4.0,11.530153704285318,40.0,0.0,100.0,7.5,11.530153704285318,1.0,2.363456790123457,erratic
23115,10,10,0,14.6,11.5,11.207140580897521,39.0,0.0,100.0,14.6,11.207140580897521,1.0,0.5892287483580411,erratic
23114,10,10,0,13.8,11.0,14.124840215418761,52.0,0.0,100.0,13.8,14.124840215418761,1.0,1.0476323834861958,erratic
23113,12,12,0,95.5,9.5,274.05921722404184,964.0,0.0,100.0,95.5,274.05921722404184,1.0,8.23535040656282,erratic
85192S,2,2,0,1.5,1.5,0.7071067811865476,2.0,0.0,100.0,1.5,0.7071067811865476,1.0,0.22222222222222227,smooth
85186B,1,1,0,14.0,14.0,,14.0,0.0,100.0,14.0,,1.0,0.0,smooth
23144,33,33,0,150.12121212121212,102.0,119.94132877571788,486.0,0.0,100.0,150.12121212121212,119.94132877571788,1.0,0.6383422455300921,erratic
23138,33,33,0,26.575757575757574,15.0,48.031259549791045,274.0,0.0,100.0,26.575757575757574,48.031259549791045,1.0,3.2664547332112033,erratic
23131,32,32,0,29.34375,19.5,51.681162335251145,292.0,0.0,100.0,29.34375,51.681162335251145,1.0,3.1019394585025464,erratic
23159,37,37,0,61.972972972972975,50.0,47.749628553812094,216.0,0.0,100.0,61.972972972972975,47.749628553812094,1.0,0.5936566455217713,erratic
23158,37,37,0,69.05405405405405,51.0,54.70575124444612,283.0,0.0,100.0,69.05405405405405,54.70575124444612,1.0,0.6276067587227547,erratic
23156,37,37,0,43.972972972972975,37.0,37.84580300118898,179.0,0.0,100.0,43.972972972972975,37.84580300118898,1.0,0.7407365782996514,erratic
23154,37,37,0,69.13513513513513,50.0,54.09721812634184,222.0,0.0,100.0,69.13513513513513,54.09721812634184,1.0,0.6122830448272988,erratic
23152,33,33,0,16.78787878787879,13.0,13.392529577523753,60.0,0.0,100.0,16.78787878787879,13.392529577523753,1.0,0.6364049935487236,erratic
23148,33,33,0,62.484848484848484,53.0,40.45840550191734,158.0,0.0,100.0,62.484848484848484,40.45840550191734,1.0,0.41924518514790277,smooth
23089,30,30,0,76.4,45.5,93.19523444971814,453.0,0.0,100.0,76.4,93.19523444971814,1.0,1.4879923323336,erratic
23084,30,30,0,917.8666666666667,186.5,1519.9200009195888,5593.0,0.0,100.0,917.8666666666667,1519.9200009195888,1.0,2.7420935264005015,erratic
23082,30,30,0,74.63333333333334,68.5,49.073121608145286,186.0,0.0,100.0,74.63333333333334,49.073121608145286,1.0,0.43233629069217233,smooth
23081,30,30,0,15.366666666666667,8.5,17.680075154570595,77.0,0.0,100.0,15.366666666666667,17.680075154570595,1.0,1.3237588366520863,erratic
23080,30,30,0,28.133333333333333,18.5,28.897838283706697,114.0,0.0,100.0,28.133333333333333,28.897838283706697,1.0,1.055087138266405,erratic
23078,37,37,0,183.83783783783784,160.0,106.97001488306937,440.0,0.0,100.0,183.83783783783784,106.97001488306937,1.0,0.3385745464781297,smooth
23077,37,37,0,268.3783783783784,240.0,174.92400752443447,680.0,0.0,100.0,268.3783783783784,174.92400752443447,1.0,0.4248188590132044,smooth
23112,30,30,0,17.4,17.0,9.316651759081692,38.0,0.0,100.0,17.4,9.316651759081692,1.0,0.2866957325934734,smooth
23110,30,30,0,22.833333333333332,22.5,13.498616361618728,65.0,0.0,100.0,22.833333333333332,13.498616361618728,1.0,0.3494941218186259,smooth
23108,30,30,0,72.53333333333333,42.5,91.64050201300407,496.0,0.0,100.0,72.53333333333333,91.64050201300407,1.0,1.5962453554729448,erratic
23103,30,30,0,132.86666666666667,116.0,103.27623932539082,390.0,0.0,100.0,132.86666666666667,103.27623932539082,1.0,0.604183347705168,erratic
23093,30,30,0,31.0,22.0,34.814780848329946,174.0,0.0,100.0,31.0,34.814780848329946,1.0,1.2612580286339665,erratic
85205A,8,8,0,8.25,10.0,5.203021100421233,15.0,0.0,100.0,8.25,5.203021100421233,1.0,0.3977436704709432,smooth
23126,40,40,0,26.925,18.0,25.239760553945686,101.0,0.0,100.0,26.925,25.239760553945686,1.0,0.87873725073933,erratic
23119,25,25,0,90.96,55.0,100.24490011965693,422.0,0.0,100.0,90.96,100.24490011965693,1.0,1.2145731371962039,erratic
23118,30,30,0,24.666666666666668,19.5,23.518640198396017,110.0,0.0,100.0,24.666666666666668,23.518640198396017,1.0,0.9090828946374143,erratic
23453,8,8,0,38.375,33.0,21.280020810945786,78.0,0.0,100.0,38.375,21.280020810945786,1.0,0.30750155742463353,smooth
23452,8,8,0,59.625,65.5,20.653173398501536,79.0,0.0,100.0,59.625,20.653173398501536,1.0,0.11998219379256524,smooth
23451,8,8,0,31.75,28.0,17.83055162995726,57.0,0.0,100.0,31.75,17.83055162995726,1.0,0.31538577362869014,smooth
23449,1,1,0,12.0,12.0,,12.0,0.0,100.0,12.0,,1.0,0.0,smooth
23447,2,2,0,7.0,7.0,8.48528137423857,13.0,0.0,100.0,7.0,8.48528137423857,1.0,1.4693877551020404,erratic
72740B,1,1,0,1.0,1.0,,1.0,0.0,100.0,1.0,,1.0,0.0,smooth
72724,1,1,0,17.0,17.0,,17.0,0.0,100.0,17.0,,1.0,0.0,smooth
72771C,1,1,0,54.0,54.0,,54.0,0.0,100.0,54.0,,1.0,0.0,smooth
72771B,2,2,0,58.5,58.5,81.31727983645297,116.0,0.0,100.0,58.5,81.31727983645297,1.0,1.932208342464753,erratic
23074,13,13,0,18.076923076923077,18.0,13.68369795572782,56.0,0.0,100.0,18.076923076923077,13.68369795572782,1.0,0.5730043760374227,erratic
23068,33,33,0,24.242424242424242,18.0,20.18512803871687,80.0,0.0,100.0,24.242424242424242,20.18512803871687,1.0,0.6932835937499999,erratic
23065,28,28,0,9.75,6.0,10.851267207105353,52.0,0.0,100.0,9.75,10.851267207105353,1.0,1.238658777120316,erratic
23058,12,12,0,35.583333333333336,21.0,33.085174744570836,105.0,0.0,100.0,35.583333333333336,33.085174744570836,1.0,0.8645171390977048,erratic
85230D,1,1,0,24.0,24.0,,24.0,0.0,100.0,24.0,,1.0,0.0,smooth
85230C,1,1,0,24.0,24.0,,24.0,0.0,100.0,24.0,,1.0,0.0,smooth
23091,27,27,0,21.48148148148148,17.0,16.082408857005053,57.0,0.0,100.0,21.48148148148148,16.082408857005053,1.0,0.5604975761456141,erratic
23049,40,40,0,11.4,9.0,10.071029789730593,40.0,0.0,100.0,11.4,10.071029789730593,1.0,0.7804373732351573,erratic
72084B,1,1,0,2.0,2.0,,2.0,0.0,100.0,2.0,,1.0,0.0,smooth
72487,2,2,0,328.5,328.5,198.69700551341987,469.0,0.0,100.0,328.5,198.69700551341987,1.0,0.36585744435872675,smooth
72751C,1,1,0,1.0,1.0,,1.0,0.0,100.0,1.0,,1.0,0.0,smooth
23430,3,3,0,10.333333333333334,12.0,8.621678104251709,18.0,0.0,100.0,10.333333333333334,8.621678104251709,1.0,0.696149843912591,erratic
23429,2,2,0,21.5,21.5,6.363961030678928,26.0,0.0,100.0,21.5,6.363961030678928,1.0,0.08761492698756083,smooth
23428,3,3,0,19.666666666666668,18.0,9.60902353693305,30.0,0.0,100.0,19.666666666666668,9.60902353693305,1.0,0.23872450445274343,smooth
23426,13,13,0,94.07692307692308,90.0,41.355091460950604,193.0,0.0,100.0,94.07692307692308,41.355091460950604,1.0,0.1932376564649523,smooth
23425,14,14,0,12.571428571428571,12.5,7.968343961859672,27.0,0.0,100.0,12.571428571428571,7.968343961859672,1.0,0.40176017164653527,smooth
23424,14,14,0,31.642857142857142,25.0,20.77575192699095,70.0,0.0,100.0,31.642857142857142,20.77575192699095,1.0,0.43108421522579055,smooth
23423,13,13,0,16.153846153846153,16.0,8.905486640700344,34.0,0.0,100.0,16.153846153846153,8.905486640700344,1.0,0.303922902494331,smooth
85034b,1,1,0,1.0,1.0,,1.0,0.0,100.0,1.0,,1.0,0.0,smooth
23456,8,8,0,19.75,19.0,16.14886108323786,48.0,0.0,100.0,19.75,16.14886108323786,1.0,0.6685741753839816,erratic
23455,8,8,0,23.375,12.0,28.040468204772495,71.0,0.0,100.0,23.375,28.040468204772495,1.0,1.439021500676109,erratic
23454,7,7,0,23.428571428571427,25.0,8.67673407946298,36.0,0.0,100.0,23.428571428571427,8.67673407946298,1.0,0.13715794170136825,smooth
22995,42,42,0,55.5,49.0,41.30626244376475,249.0,0.0,100.0,55.5,41.30626244376475,1.0,0.5539184537206949,erratic
22994,42,42,0,50.214285714285715,42.5,35.043203797657846,199.0,0.0,100.0,50.214285714285715,35.043203797657846,1.0,0.4870269905064852,smooth
22993,42,42,0,291.4761904761905,279.0,134.5520550450304,617.0,0.0,100.0,291.4761904761905,134.5520550450304,1.0,0.21309560904930952,smooth
90004A,1,1,0,1.0,1.0,,1.0,0.0,100.0,1.0,,1.0,0.0,smooth
23020,25,25,0,7.12,6.0,5.214722747503776,22.0,0.0,100.0,7.12,5.214722747503776,1.0,0.5364169086394814,erratic
23013,25,25,0,36.24,29.0,18.612898753283968,81.0,0.0,100.0,36.24,18.612898753283968,1.0,0.26378594506088904,smooth
23012,25,25,0,41.92,40.0,19.884918908559825,92.0,0.0,100.0,41.92,19.884918908559825,1.0,0.22501169985723446,smooth
23035,25,25,0,85.64,77.0,52.67105466952413,236.0,0.0,100.0,85.64,52.67105466952413,1.0,0.378260255883606,smooth
23032,24,24,0,97.0,83.5,56.38917564954095,241.0,0.0,100.0,97.0,56.38917564954095,1.0,0.3379465544090533,smooth
23031,25,25,0,50.2,44.0,31.002688055500393,130.0,0.0,100.0,50.2,31.002688055500393,1.0,0.38140928979963273,smooth
23029,25,25,0,53.04,50.0,31.362769860669726,146.0,0.0,100.0,53.04,31.362769860669726,1.0,0.3496405475211703,smooth
23028,21,21,0,65.19047619047619,58.0,54.963277784006884,222.0,0.0,100.0,65.19047619047619,54.963277784006884,1.0,0.7108483209286716,erratic
85232d,1,1,0,1.0,1.0,,1.0,0.0,100.0,1.0,,1.0,0.0,smooth
85232C,1,1,0,1.0,1.0,,1.0,0.0,100.0,1.0,,1.0,0.0,smooth
85231e,1,1,0,1.0,1.0,,1.0,0.0,100.0,1.0,,1.0,0.0,smooth
23052,40,40,0,16.2,15.0,12.766542812547781,54.0,0.0,100.0,16.2,12.766542812547781,1.0,0.6210357239163826,erratic
23462,7,7,0,11.285714285714286,9.0,7.84674636849112,25.0,0.0,100.0,11.285714285714286,7.84674636849112,1.0,0.4834161192116648,smooth
23461,10,10,0,20.9,20.0,10.52457441736561,39.0,0.0,100.0,20.9,10.52457441736561,1.0,0.2535808856634846,smooth
23460,7,7,0,15.142857142857142,15.0,10.286375640113665,35.0,0.0,100.0,15.142857142857142,10.286375640113665,1.0,0.4614334875993829,smooth
23459,8,8,0,3.75,3.5,1.9086270308410553,8.0,0.0,100.0,3.75,1.9086270308410553,1.0,0.259047619047619,smooth
23458,7,7,0,6.571428571428571,7.0,3.5523298860110977,12.0,0.0,100.0,6.571428571428571,3.5523298860110977,1.0,0.2922180214240706,smooth
22990,44,44,0,11.909090909090908,7.0,17.395292308644056,104.0,0.0,100.0,11.909090909090908,17.395292308644056,1.0,2.1335667813579455,erratic
22989,44,44,0,63.13636363636363,30.0,73.20521995274525,377.0,0.0,100.0,63.13636363636363,73.20521995274525,1.0,1.3443890604578652,erratic
22979,40,40,0,100.975,61.5,122.81787381405498,727.0,0.0,100.0,100.975,122.81787381405498,1.0,1.479433422443151,erratic
22978,42,42,0,58.5,28.5,115.06440402301111,726.0,0.0,100.0,58.5,115.06440402301111,1.0,3.868746314024614,erratic
23004,42,42,0,45.69047619047619,35.5,27.92017200243868,104.0,0.0,100.0,45.69047619047619,27.92017200243868,1.0,0.3734090249136734,smooth
23002,42,42,0,48.92857142857143,39.0,44.52370859640625,250.0,0.0,100.0,48.92857142857143,44.52370859640625,1.0,0.8280519642534587,erratic
23000,42,42,0,74.04761904761905,74.0,40.7711952246492,171.0,0.0,100.0,74.04761904761905,40.7711952246492,1.0,0.3031689286837347,smooth
22999,42,42,0,67.28571428571429,53.5,74.5020169032227,493.0,0.0,100.0,67.28571428571429,74.5020169032227,1.0,1.225999592544912,erratic
22998,42,42,0,290.6666666666667,199.5,223.93309831359275,808.0,0.0,100.0,290.6666666666667,223.93309831359275,1.0,0.5935347044163563,erratic
22996,42,42,0,112.14285714285714,99.0,94.6285604874676,543.0,0.0,100.0,112.14285714285714,94.6285604874676,1.0,0.7120348225673827,erratic
23446,1,1,0,13.0,13.0,,13.0,0.0,100.0,13.0,,1.0,0.0,smooth
23445,15,15,0,168.53333333333333,120.0,118.25629954024599,489.0,0.0,100.0,168.53333333333333,118.25629954024599,1.0,0.49235340855117105,erratic
23442,3,3,0,10.333333333333334,10.0,9.504384952922168,20.0,0.0,100.0,10.333333333333334,9.504384952922168,1.0,0.8459937565036418,erratic
23441,1,1,0,20.0,20.0,,20.0,0.0,100.0,20.0,,1.0,0.0,smooth
23440,2,2,0,9.5,9.5,3.5355339059327378,12.0,0.0,100.0,9.5,3.5355339059327378,1.0,0.13850415512465375,smooth
23439,15,15,0,247.46666666666667,220.0,184.7507458584081,706.0,0.0,100.0,247.46666666666667,184.7507458584081,1.0,0.557364089107886,erratic
23472,10,10,0,5.1,4.0,3.8715486421958962,13.0,0.0,100.0,5.1,3.8715486421958962,1.0,0.5762740826177966,erratic
23471,10,10,0,6.5,4.0,4.672615256292062,14.0,0.0,100.0,6.5,4.672615256292062,1.0,0.5167652859960551,erratic
23470,10,10,0,22.8,18.0,15.824032355881986,55.0,0.0,100.0,22.8,15.824032355881986,1.0,0.48168667282240685,smooth
23469,10,10,0,32.0,24.5,34.101156708957674,122.0,0.0,100.0,32.0,34.101156708957674,1.0,1.1356336805555556,erratic
23468,8,8,0,2.375,2.0,1.4078859531733587,4.0,0.0,100.0,2.375,1.4078859531733587,1.0,0.3514048278591214,smooth
22850,1,1,0,8.0,8.0,,8.0,0.0,100.0,8.0,,1.0,0.0,smooth
23477,7,7,0,13.142857142857142,12.0,1.864454471471609,17.0,0.0,100.0,13.142857142857142,1.864454471471609,1.0,0.0201244486452426,smooth
23476,7,7,0,29.285714285714285,25.0,14.896468101693163,49.0,0.0,100.0,29.285714285714285,14.896468101693163,1.0,0.2587348800317271,smooth
23475,6,6,0,43.333333333333336,38.5,34.08029733829602,109.0,0.0,100.0,43.333333333333336,34.08029733829602,1.0,0.6185325443786982,erratic
23474,6,6,0,47.0,46.5,13.311649033834989,63.0,0.0,100.0,47.0,13.311649033834989,1.0,0.08021729289271164,smooth
23473,7,7,0,91.71428571428571,81.0,56.27822043417947,204.0,0.0,100.0,91.71428571428571,56.27822043417947,1.0,0.37653620080032874,smooth
23331,17,17,0,88.58823529411765,95.0,41.76281064465341,174.0,0.0,100.0,88.58823529411765,41.76281064465341,1.0,0.22224261431476391,smooth
SP1002,1,1,0,5.0,5.0,,5.0,0.0,100.0,5.0,,1.0,0.0,smooth
TEST002,1,1,0,1.0,1.0,,1.0,0.0,100.0,1.0,,1.0,0.0,smooth
17014C,1,1,0,1.0,1.0,,1.0,0.0,100.0,1.0,,1.0,0.0,smooth
18098A,1,1,0,2.0,2.0,,2.0,0.0,100.0,2.0,,1.0,0.0,smooth
20683,1,1,0,1.0,1.0,,1.0,0.0,100.0,1.0,,1.0,0.0,smooth
22765,10,10,0,31.1,10.5,44.35826366705031,115.0,0.0,100.0,31.1,44.35826366705031,1.0,2.0343622952156775,erratic
22790,1,1,0,200.0,200.0,,200.0,0.0,100.0,200.0,,1.0,0.0,smooth
20678,1,1,0,4.0,4.0,,4.0,0.0,100.0,4.0,,1.0,0.0,smooth
17011C,1,1,0,335.0,335.0,,335.0,0.0,100.0,335.0,,1.0,0.0,smooth
17084G,1,1,0,25.0,25.0,,25.0,0.0,100.0,25.0,,1.0,0.0,smooth
17061,1,1,0,52.0,52.0,,52.0,0.0,100.0,52.0,,1.0,0.0,smooth
84630,1,1,0,2.0,2.0,,2.0,0.0,100.0,2.0,,1.0,0.0,smooth
84626,1,1,0,1.0,1.0,,1.0,0.0,100.0,1.0,,1.0,0.0,smooth
84661b,1,1,0,1.0,1.0,,1.0,0.0,100.0,1.0,,1.0,0.0,smooth
23457,8,8,0,12.75,8.0,10.525479290071038,28.0,0.0,100.0,12.75,10.525479290071038,1.0,0.68149612786291,erratic
23489,7,7,0,122.57142857142857,114.0,37.40257184943812,173.0,0.0,100.0,122.57142857142857,37.40257184943812,1.0,0.09311602668246026,smooth
23487,7,7,0,11.0,8.0,5.773502691896258,18.0,0.0,100.0,11.0,5.773502691896258,1.0,0.27548209366391185,smooth
23486,7,7,0,16.857142857142858,15.0,9.94029797388005,29.0,0.0,100.0,16.857142857142858,9.94029797388005,1.0,0.3477209614095566,smooth
23485,7,7,0,36.857142857142854,18.0,46.00517569226522,140.0,0.0,100.0,36.857142857142854,46.00517569226522,1.0,1.5580093343749377,erratic
23484,10,10,0,18.1,15.0,13.955882869480766,48.0,0.0,100.0,18.1,13.955882869480766,1.0,0.5945076971602413,erratic
23483,9,9,0,128.11111111111111,120.0,48.154554417117296,216.0,0.0,100.0,128.11111111111111,48.154554417117296,1.0,0.14128665444569727,smooth
23481,7,7,0,31.714285714285715,37.0,17.660825629193045,53.0,0.0,100.0,31.714285714285715,17.660825629193045,1.0,0.31010740470199927,smooth
23480,7,7,0,232.42857142857142,171.0,115.62851024272682,463.0,0.0,100.0,232.42857142857142,115.62851024272682,1.0,0.24748611294223544,smooth
23479,7,7,0,15.428571428571429,15.0,7.8921298953903625,28.0,0.0,100.0,15.428571428571429,7.8921298953903625,1.0,0.2616598079561042,smooth
84705b,1,1,0,1.0,1.0,,1.0,0.0,100.0,1.0,,1.0,0.0,smooth
84760L,1,1,0,560.0,560.0,,560.0,0.0,100.0,560.0,,1.0,0.0,smooth
gift_0001_80,1,1,0,1.0,1.0,,1.0,0.0,100.0,1.0,,1.0,0.0,smooth
gift_0001_70,1,1,0,1.0,1.0,,1.0,0.0,100.0,1.0,,1.0,0.0,smooth
17028J,1,1,0,6.0,6.0,,6.0,0.0,100.0,6.0,,1.0,0.0,smooth
23402,13,13,0,22.53846153846154,18.0,14.9756212148021,59.0,0.0,100.0,22.53846153846154,14.9756212148021,1.0,0.44149029109249943,smooth
23401,13,13,0,23.615384615384617,14.0,35.65935702714988,139.0,0.0,100.0,23.615384615384617,35.65935702714988,1.0,2.2801161462367414,erratic
23400,13,13,0,35.23076923076923,17.0,47.84376282260458,143.0,0.0,100.0,35.23076923076923,47.84376282260458,1.0,1.8441931567539385,erratic
23399,14,14,0,134.14285714285714,131.0,81.58889172397951,336.0,0.0,100.0,134.14285714285714,81.58889172397951,1.0,0.3699363124895692,smooth
23398,14,14,0,41.57142857142857,42.5,24.00549387668865,77.0,0.0,100.0,41.57142857142857,24.00549387668865,1.0,0.3334505151914016,smooth
23397,14,14,0,34.42857142857143,35.0,17.895913954412507,60.0,0.0,100.0,34.42857142857143,17.895913954412507,1.0,0.2701903045216693,smooth
23396,14,14,0,46.0,43.0,22.40878948434846,82.0,0.0,100.0,46.0,22.40878948434846,1.0,0.23731278173622217,smooth
23395,14,14,0,51.07142857142857,51.5,19.209229695500692,79.0,0.0,100.0,51.07142857142857,19.209229695500692,1.0,0.14146984806479163,smooth
23394,14,14,0,29.785714285714285,30.5,14.028424833056036,55.0,0.0,100.0,29.785714285714285,14.028424833056036,1.0,0.22182055130660275,smooth
23393,14,14,0,56.92857142857143,52.0,24.15801916776063,101.0,0.0,100.0,56.92857142857143,24.15801916776063,1.0,0.18007858588517867,smooth
23392,13,13,0,49.23076923076923,30.0,49.37636723196271,168.0,0.0,100.0,49.23076923076923,49.37636723196271,1.0,1.005923665364583,erratic
23391,13,13,0,28.0,19.0,24.186773244895647,73.0,0.0,100.0,28.0,24.186773244895647,1.0,0.746173469387755,erratic
23505,11,11,0,102.18181818181819,69.0,76.74479550017472,250.0,0.0,100.0,102.18181818181819,76.74479550017472,1.0,0.5640928749635896,erratic
23504,11,11,0,169.1818181818182,166.0,44.6381410495961,238.0,0.0,100.0,169.1818181818182,44.6381410495961,1.0,0.0696153200930552,smooth
23503,11,11,0,320.90909090909093,302.0,88.00392553227901,494.0,0.0,100.0,320.90909090909093,88.00392553227901,1.0,0.0752038456291279,smooth
23502,11,11,0,63.36363636363637,49.0,53.84844051088709,202.0,0.0,100.0,63.36363636363637,53.84844051088709,1.0,0.7222142858613158,erratic
23501,9,9,0,181.44444444444446,149.0,78.89092329145208,309.0,0.0,100.0,181.44444444444446,78.89092329145208,1.0,0.18904566674254097,smooth
23500,9,9,0,171.22222222222223,169.0,89.52901453967002,330.0,0.0,100.0,171.22222222222223,89.52901453967002,1.0,0.27340556478954436,smooth
23499,7,7,0,168.42857142857142,143.0,103.07740965387315,307.0,0.0,100.0,168.42857142857142,103.07740965387315,1.0,0.3745376335422241,smooth
23498,2,2,0,316.0,316.0,357.79603128039304,569.0,0.0,100.0,316.0,357.79603128039304,1.0,1.2820261176093575,erratic
23497,6,6,0,278.1666666666667,290.0,119.12248598256613,446.0,0.0,100.0,278.1666666666667,119.12248598256613,1.0,0.1833907065758028,smooth
23496,6,6,0,14.666666666666666,13.5,11.16542281629615,27.0,0.0,100.0,14.666666666666666,11.16542281629615,1.0,0.5795454545454545,erratic
23495,6,6,0,31.666666666666668,42.5,21.416504538945347,52.0,0.0,100.0,31.666666666666668,21.416504538945347,1.0,0.45739612188365647,smooth
23494,11,11,0,63.72727272727273,67.0,38.01339476839949,132.0,0.0,100.0,63.72727272727273,38.01339476839949,1.0,0.35581368373283734,smooth
23493,11,11,0,341.0,354.0,142.7424253682135,558.0,0.0,100.0,341.0,142.7424253682135,1.0,0.17522553125618118,smooth
23492,7,7,0,10.285714285714286,5.0,8.518886580500327,27.0,0.0,100.0,10.285714285714286,8.518886580500327,1.0,0.6859567901234565,erratic
23491,7,7,0,31.142857142857142,30.0,16.905902040693476,64.0,0.0,100.0,31.142857142857142,16.905902040693476,1.0,0.29468619364251053,smooth
85039b,1,1,0,4.0,4.0,,4.0,0.0,100.0,4.0,,1.0,0.0,smooth
16161C,1,1,0,350.0,350.0,,350.0,0.0,100.0,350.0,,1.0,0.0,smooth
16119,3,3,0,91.0,98.0,85.71464285639881,173.0,0.0,100.0,91.0,85.71464285639881,1.0,0.8872116894094917,erratic
16192,1,1,0,3.0,3.0,,3.0,0.0,100.0,3.0,,1.0,0.0,smooth
23381,13,13,0,109.92307692307692,73.0,152.94686524981017,586.0,0.0,100.0,109.92307692307692,152.94686524981017,1.0,1.935991327630869,erratic
23380,13,13,0,171.46153846153845,174.0,158.56103734556785,642.0,0.0,100.0,171.46153846153845,158.56103734556785,1.0,0.8551839165109002,erratic
23379,13,13,0,91.61538461538461,48.0,139.68508537751293,544.0,0.0,100.0,91.61538461538461,139.68508537751293,1.0,2.3246804151765166,erratic
23378,14,14,0,275.64285714285717,223.5,192.42365404846316,661.0,0.0,100.0,275.64285714285717,192.42365404846316,1.0,0.4873303162255375,smooth
23377,14,14,0,93.21428571428571,101.0,49.18126374237148,205.0,0.0,100.0,93.21428571428571,49.18126374237148,1.0,0.2783776831497799,smooth
23376,14,14,0,208.42857142857142,161.0,127.9186726525366,523.0,0.0,100.0,208.42857142857142,127.9186726525366,1.0,0.37666336752484475,smooth
23375,15,15,0,87.93333333333334,62.0,64.81783998986992,264.0,0.0,100.0,87.93333333333334,64.81783998986992,1.0,0.5433529580869358,erratic
23374,18,18,0,122.77777777777777,85.5,92.73336575463551,300.0,0.0,100.0,122.77777777777777,92.73336575463551,1.0,0.5704696030456572,erratic
23372,11,11,0,123.9090909090909,103.0,69.5434461979769,227.0,0.0,100.0,123.9090909090909,69.5434461979769,1.0,0.31499675147986644,smooth
23371,11,11,0,149.8181818181818,118.0,82.4582539007687,293.0,0.0,100.0,149.8181818181818,82.4582539007687,1.0,0.30292786490244134,smooth
23370,11,11,0,132.9090909090909,129.0,66.58446447250971,269.0,0.0,100.0,132.9090909090909,66.58446447250971,1.0,0.25097845838300314,smooth
85043,1,1,0,1.0,1.0,,1.0,0.0,100.0,1.0,,1.0,0.0,smooth
23490,8,8,0,64.0,63.5,28.096771548143597,122.0,0.0,100.0,64.0,28.096771548143597,1.0,0.1927315848214286,smooth
84985b,1,1,0,1.0,1.0,,1.0,0.0,100.0,1.0,,1.0,0.0,smooth
23521,9,9,0,45.333333333333336,15.0,84.73635583384502,268.0,0.0,100.0,45.333333333333336,84.73635583384502,1.0,3.493850021626298,erratic
23518,11,11,0,32.81818181818182,11.0,47.353602147710326,128.0,0.0,100.0,32.81818181818182,47.353602147710326,1.0,2.081982182457163,erratic
23517,11,11,0,30.181818181818183,22.0,38.16495298521454,141.0,0.0,100.0,30.181818181818183,38.16495298521454,1.0,1.598963928001161,erratic
23515,11,11,0,51.45454545454545,30.0,66.530239194465,193.0,0.0,100.0,51.45454545454545,66.530239194465,1.0,1.6718244702768166,erratic
23514,11,11,0,43.45454545454545,34.0,47.17915564391469,181.0,0.0,100.0,43.45454545454545,47.17915564391469,1.0,1.1787722553876858,erratic
23513,11,11,0,51.18181818181818,21.0,66.90264296994279,190.0,0.0,100.0,51.18181818181818,66.90264296994279,1.0,1.7086579444677552,erratic
23512,11,11,0,45.0,21.0,61.5970778527683,169.0,0.0,100.0,45.0,61.5970778527683,1.0,1.8736790123456786,erratic
23511,11,11,0,51.36363636363637,43.0,46.22396072876648,181.0,0.0,100.0,51.36363636363637,46.22396072876648,1.0,0.8098839376615239,erratic
23510,11,11,0,228.0909090909091,142.0,246.28010660443303,857.0,0.0,100.0,228.0909090909091,246.28010660443303,1.0,1.1658500978780098,erratic
23509,11,11,0,95.9090909090909,28.0,169.04464176391662,594.0,0.0,100.0,95.9090909090909,169.04464176391662,1.0,3.1065852069809745,erratic
23406,13,13,0,34.61538461538461,16.0,45.837645484794955,139.0,0.0,100.0,34.61538461538461,45.837645484794955,1.0,1.7535020576131688,erratic
71101A,1,1,0,6.0,6.0,,6.0,0.0,100.0,6.0,,1.0,0.0,smooth
23405,13,13,0,18.692307692307693,19.0,10.019852089598723,38.0,0.0,100.0,18.692307692307693,10.019852089598723,1.0,0.28734045736027136,smooth
23404,13,13,0,64.3076923076923,41.0,47.639942302275124,174.0,0.0,100.0,64.3076923076923,47.639942302275124,1.0,0.5488031600314401,erratic
23403,13,13,0,46.84615384615385,32.0,46.2562539084287,149.0,0.0,100.0,46.84615384615385,46.2562539084287,1.0,0.9749740033415926,erratic
23354,18,18,0,203.66666666666666,199.5,132.21195104830724,466.0,0.0,100.0,203.66666666666666,132.21195104830724,1.0,0.42140677861679343,smooth
23353,18,18,0,216.88888888888889,228.0,147.54775453825465,587.0,0.0,100.0,216.88888888888889,147.54775453825465,1.0,0.4627970706305231,smooth
23351,18,18,0,182.44444444444446,177.5,133.20493818006733,452.0,0.0,100.0,182.44444444444446,133.20493818006733,1.0,0.5330640124265439,erratic
23350,18,18,0,142.66666666666666,139.0,88.56768764124786,337.0,0.0,100.0,142.66666666666666,88.56768764124786,1.0,0.38539456310081033,smooth
85083,1,1,0,3.0,3.0,,3.0,0.0,100.0,3.0,,1.0,0.0,smooth
85079,3,3,0,5.333333333333333,4.0,5.131601439446884,11.0,0.0,100.0,5.333333333333333,5.131601439446884,1.0,0.92578125,erratic
85077,1,1,0,1.0,1.0,,1.0,0.0,100.0,1.0,,1.0,0.0,smooth
85072,1,1,0,120.0,120.0,,120.0,0.0,100.0,120.0,,1.0,0.0,smooth
85069,1,1,0,3.0,3.0,,3.0,0.0,100.0,3.0,,1.0,0.0,smooth
85068,30,30,0,31.966666666666665,18.0,49.8442286171306,224.0,0.0,100.0,31.966666666666665,49.8442286171306,1.0,2.4312804263577292,erratic
85050,1,1,0,48.0,48.0,,48.0,0.0,100.0,48.0,,1.0,0.0,smooth
85049c,1,1,0,1.0,1.0,,1.0,0.0,100.0,1.0,,1.0,0.0,smooth
23390,13,13,0,51.92307692307692,29.0,47.34177425639632,156.0,0.0,100.0,51.92307692307692,47.34177425639632,1.0,0.8313199817101051,erratic
23389,13,13,0,82.53846153846153,84.0,55.35584188474809,169.0,0.0,100.0,82.53846153846153,55.35584188474809,1.0,0.44979454178605777,smooth
23388,13,13,0,60.61538461538461,42.0,49.58248760321609,159.0,0.0,100.0,60.61538461538461,49.58248760321609,1.0,0.6690997899971657,erratic
23382,8,8,0,191.625,162.0,109.53138819534792,360.0,0.0,100.0,191.625,109.53138819534792,1.0,0.32671783919672825,smooth
23508,11,11,0,235.63636363636363,157.0,331.28938187852407,1217.0,0.0,100.0,235.63636363636363,331.28938187852407,1.0,1.9766528778006407,erratic
23507,11,11,0,259.0,84.0,316.9747624023086,886.0,0.0,100.0,259.0,316.9747624023086,1.0,1.497786258404019,erratic
23506,11,11,0,239.0909090909091,131.0,343.0829213311133,1255.0,0.0,100.0,239.0909090909091,343.0829213311133,1.0,2.0590745565209843,erratic
84971l,1,1,0,2.0,2.0,,2.0,0.0,100.0,2.0,,1.0,0.0,smooth
23537,9,9,0,12.222222222222221,7.0,11.882526854354019,33.0,0.0,100.0,12.222222222222221,11.882526854354019,1.0,0.9451859504132231,erratic
23536,9,9,0,68.0,25.0,114.74754899343165,369.0,0.0,100.0,68.0,114.74754899343165,1.0,2.847534602076124,erratic
23535,10,10,0,110.7,92.5,104.86504554796979,390.0,0.0,100.0,110.7,104.86504554796979,1.0,0.8973590722892407,erratic
23534,10,10,0,134.7,103.5,133.89967222597008,492.0,0.0,100.0,134.7,133.89967222597008,1.0,0.9881521874187257,erratic
23533,9,9,0,22.0,5.0,48.83646178829912,152.0,0.0,100.0,22.0,48.83646178829912,1.0,4.927685950413222,erratic
23531,9,9,0,92.11111111111111,51.0,83.94409515332875,256.0,0.0,100.0,92.11111111111111,83.94409515332875,1.0,0.8305317930682248,erratic
23530,9,9,0,94.77777777777777,74.0,66.43752286505303,188.0,0.0,100.0,94.77777777777777,66.43752286505303,1.0,0.49137586258553695,erratic
23529,9,9,0,70.0,20.0,101.73617842242747,307.0,0.0,100.0,70.0,101.73617842242747,1.0,2.1122959183673466,erratic
23528,9,9,0,52.77777777777778,20.0,86.90192428504932,278.0,0.0,100.0,52.77777777777778,86.90192428504932,1.0,2.7111689750692523,erratic
23527,9,9,0,45.888888888888886,19.0,68.94099731735183,222.0,0.0,100.0,45.888888888888886,68.94099731735183,1.0,2.257044070141703,erratic
23346,20,20,0,129.5,74.5,147.32866945067164,448.0,0.0,100.0,129.5,147.32866945067164,1.0,1.2943001351861343,erratic
72802c,1,1,0,1.0,1.0,,1.0,0.0,100.0,1.0,,1.0,0.0,smooth
84814A,1,1,0,1.0,1.0,,1.0,0.0,100.0,1.0,,1.0,0.0,smooth
79051a,1,1,0,1.0,1.0,,1.0,0.0,100.0,1.0,,1.0,0.0,smooth
78056,1,1,0,1.0,1.0,,1.0,0.0,100.0,1.0,,1.0,0.0,smooth
23345,20,20,0,120.85,60.0,149.53974124133796,460.0,0.0,100.0,120.85,149.53974124133796,1.0,1.5311577615066847,erratic
79303A,1,1,0,2.0,2.0,,2.0,0.0,100.0,2.0,,1.0,0.0,smooth
79301,1,1,0,1.0,1.0,,1.0,0.0,100.0,1.0,,1.0,0.0,smooth
79342b,1,1,0,1.0,1.0,,1.0,0.0,100.0,1.0,,1.0,0.0,smooth
23344,25,25,0,381.04,318.0,385.1441807946733,1379.0,0.0,100.0,381.04,385.1441807946733,1.0,1.0216580088951994,erratic
82011E,1,1,0,2.0,2.0,,2.0,0.0,100.0,2.0,,1.0,0.0,smooth
23343,25,25,0,220.96,122.0,219.2978340066313,732.0,0.0,100.0,220.96,219.2978340066313,1.0,0.9850116383724292,erratic
23342,24,24,0,15.375,11.5,12.699922971351473,63.0,0.0,100.0,15.375,12.699922971351473,1.0,0.6822945854060872,erratic
23341,24,24,0,12.375,10.0,9.16426187164978,46.0,0.0,100.0,12.375,9.16426187164978,1.0,0.5484089910967382,erratic
23334,17,17,0,128.2941176470588,116.0,79.25888333956827,284.0,0.0,100.0,128.2941176470588,79.25888333956827,1.0,0.38166506578741294,smooth
23369,11,11,0,94.27272727272727,68.0,56.080461676221795,182.0,0.0,100.0,94.27272727272727,56.080461676221795,1.0,0.3538759253800323,smooth
23368,11,11,0,208.27272727272728,170.0,114.80600237713263,482.0,0.0,100.0,208.27272727272728,114.80600237713263,1.0,0.3038535967417338,smooth
23523,9,9,0,38.55555555555556,18.0,69.49120647807015,222.0,0.0,100.0,38.55555555555556,69.49120647807015,1.0,3.248521705188151,erratic
23522,9,9,0,37.77777777777778,8.0,79.0613334345206,247.0,0.0,100.0,37.77777777777778,79.0613334345206,1.0,4.379811851211074,erratic
23553,7,7,0,61.857142857142854,20.0,110.41501795714291,311.0,0.0,100.0,61.857142857142854,110.41501795714291,1.0,3.1862260363719117,erratic
23552,2,2,0,389.5,389.5,447.59859249108456,706.0,0.0,100.0,389.5,447.59859249108456,1.0,1.3205732638368204,erratic
23551,14,14,0,123.28571428571429,112.5,66.74339906448665,214.0,0.0,100.0,123.28571428571429,66.74339906448665,1.0,0.29308333807581216,smooth
23546,20,20,0,156.25,150.0,66.8241013880156,275.0,0.0,100.0,156.25,66.8241013880156,1.0,0.1829052631578947,smooth
23545,20,20,0,117.75,100.0,62.396756832049334,250.0,0.0,100.0,117.75,62.396756832049334,1.0,0.2808032970033777,smooth
23543,9,9,0,58.55555555555556,24.0,80.00017361092273,261.0,0.0,100.0,58.55555555555556,80.00017361092273,1.0,1.8665758707228985,erratic
23542,9,9,0,41.0,21.0,46.295248136282844,153.0,0.0,100.0,41.0,46.295248136282844,1.0,1.2749851279000595,erratic
23541,10,10,0,86.5,72.0,75.50754193382862,252.0,0.0,100.0,86.5,75.50754193382862,1.0,0.7619885581060359,erratic
23539,10,10,0,24.2,9.0,47.9346777743768,160.0,0.0,100.0,24.2,47.9346777743768,1.0,3.9234569587687544,erratic
23367,11,11,0,279.27272727272725,274.0,125.45285242599381,514.0,0.0,100.0,279.27272727272725,125.45285242599381,1.0,0.2017920388115777,smooth
72752B,1,1,0,2.0,2.0,,2.0,0.0,100.0,2.0,,1.0,0.0,smooth
72796C,1,1,0,1.0,1.0,,1.0,0.0,100.0,1.0,,1.0,0.0,smooth
72805,2,2,0,4.0,4.0,1.4142135623730951,5.0,0.0,100.0,4.0,1.4142135623730951,1.0,0.12500000000000003,smooth
72803b,1,1,0,1.0,1.0,,1.0,0.0,100.0,1.0,,1.0,0.0,smooth
23568,8,8,0,59.75,39.0,65.49318394197326,196.0,0.0,100.0,59.75,65.49318394197326,1.0,1.2014795659339699,erratic
23567,8,8,0,25.625,21.0,17.565693024431784,62.0,0.0,100.0,25.625,17.565693024431784,1.0,0.4698971700518399,smooth
23566,7,7,0,102.85714285714286,64.0,90.60064122552438,303.0,0.0,100.0,102.85714285714286,90.60064122552438,1.0,0.775878343621399,erratic
23565,8,8,0,48.75,47.0,27.379606592185674,96.0,0.0,100.0,48.75,27.379606592185674,1.0,0.3154315769700385,smooth
23564,8,8,0,76.875,55.5,83.21304413543417,267.0,0.0,100.0,76.875,83.21304413543417,1.0,1.1716895649792736,erratic
23562,2,2,0,46.0,46.0,53.74011537017761,84.0,0.0,100.0,46.0,53.74011537017761,1.0,1.3648393194706996,erratic
23561,2,2,0,29.0,29.0,39.59797974644666,57.0,0.0,100.0,29.0,39.59797974644666,1.0,1.8644470868014271,erratic
23560,2,2,0,35.0,35.0,36.76955262170047,61.0,0.0,100.0,35.0,36.76955262170047,1.0,1.1036734693877548,erratic
23559,13,13,0,44.23076923076923,34.0,34.77344256314448,121.0,0.0,100.0,44.23076923076923,34.77344256314448,1.0,0.6180824196597354,erratic
23558,7,7,0,58.57142857142857,9.0,118.86526986867267,327.0,0.0,100.0,58.57142857142857,118.86526986867267,1.0,4.1184929605393625,erratic
23557,7,7,0,49.285714285714285,4.0,116.35536699513017,313.0,0.0,100.0,49.285714285714285,116.35536699513017,1.0,5.573534971644613,erratic
23556,7,7,0,61.142857142857146,12.0,123.4536735938203,340.0,0.0,100.0,61.142857142857146,123.4536735938203,1.0,4.076773444551198,erratic
23555,7,7,0,59.142857142857146,10.0,120.11720466753651,330.0,0.0,100.0,59.142857142857146,120.11720466753651,1.0,4.124827883964618,erratic
23526,9,9,0,95.11111111111111,54.0,111.32659660256891,372.0,0.0,100.0,95.11111111111111,111.32659660256891,1.0,1.3700466470870813,erratic
23525,10,10,0,56.8,16.0,101.15971969558284,319.0,0.0,100.0,56.8,101.15971969558284,1.0,3.1718932531023394,erratic
23524,10,10,0,46.3,20.0,67.03904335037406,209.0,0.0,100.0,46.3,67.03904335037406,1.0,2.0964940515341923,erratic
23598,4,4,0,58.75,63.5,35.92932878118748,95.0,0.0,100.0,58.75,35.92932878118748,1.0,0.37400935566621407,smooth
23597,4,4,0,29.25,26.5,20.694202086574876,57.0,0.0,100.0,29.25,20.694202086574876,1.0,0.5005478851632696,erratic
23583,6,6,0,514.5,483.5,198.42051305245633,816.0,0.0,100.0,514.5,198.42051305245633,1.0,0.14873130148908095,smooth
23582,6,6,0,722.3333333333334,514.0,573.653437771157,1841.0,0.0,100.0,722.3333333333334,573.653437771157,1.0,0.6307015348957354,erratic
23581,6,6,0,771.5,749.5,323.96959733900957,1131.0,0.0,100.0,771.5,323.96959733900957,1.0,0.17633424043271959,smooth
23580,2,2,0,39.0,39.0,49.49747468305833,74.0,0.0,100.0,39.0,49.49747468305833,1.0,1.610782380013149,erratic
23578,2,2,0,18.0,18.0,21.213203435596427,33.0,0.0,100.0,18.0,21.213203435596427,1.0,1.388888888888889,erratic
23576,2,2,0,31.5,31.5,40.30508652763321,60.0,0.0,100.0,31.5,40.30508652763321,1.0,1.63718820861678,erratic
23575,2,2,0,30.5,30.5,31.81980515339464,53.0,0.0,100.0,30.5,31.81980515339464,1.0,1.0884170921795215,erratic
23571,7,7,0,393.14285714285717,318.0,289.05675830848435,863.0,0.0,100.0,393.14285714285717,289.05675830848435,1.0,0.5405868494512799,erratic
23621,2,2,0,1.0,1.0,0.0,1.0,0.0,100.0,1.0,0.0,1.0,0.0,smooth
23617,1,1,0,2.0,2.0,,2.0,0.0,100.0,2.0,,1.0,0.0,smooth
22016,1,1,0,1.0,1.0,,1.0,0.0,100.0,1.0,,1.0,0.0,smooth
23538,9,9,0,36.44444444444444,6.0,87.5158715764048,269.0,0.0,100.0,36.44444444444444,87.5158715764048,1.0,5.766482469512197,erratic
23570,7,7,0,363.57142857142856,260.0,266.48880973557914,750.0,0.0,100.0,363.57142857142856,266.48880973557914,1.0,0.537252519482324,erratic
23569,7,7,0,108.0,116.0,49.72256362390553,164.0,0.0,100.0,108.0,49.72256362390553,1.0,0.21196273433927754,smooth
23661,8,8,0,25.75,19.5,23.99851185862514,75.0,0.0,100.0,25.75,23.99851185862514,1.0,0.8685886646109099,erratic
23652,1,1,0,2.0,2.0,,2.0,0.0,100.0,2.0,,1.0,0.0,smooth
23649,2,2,0,1.0,1.0,0.0,1.0,0.0,100.0,1.0,0.0,1.0,0.0,smooth
23643,1,1,0,1.0,1.0,,1.0,0.0,100.0,1.0,,1.0,0.0,smooth
35071,1,1,0,3.0,3.0,,3.0,0.0,100.0,3.0,,1.0,0.0,smooth
35051B,1,1,0,8.0,8.0,,8.0,0.0,100.0,8.0,,1.0,0.0,smooth
35004p,1,1,0,1.0,1.0,,1.0,0.0,100.0,1.0,,1.0,0.0,smooth
21772,1,1,0,1.0,1.0,,1.0,0.0,100.0,1.0,,1.0,0.0,smooth
21857,2,2,0,1.0,1.0,0.0,1.0,0.0,100.0,1.0,0.0,1.0,0.0,smooth
21852,1,1,0,1.0,1.0,,1.0,0.0,100.0,1.0,,1.0,0.0,smooth
90142C,1,1,0,1.0,1.0,,1.0,0.0,100.0,1.0,,1.0,0.0,smooth
90142B,1,1,0,1.0,1.0,,1.0,0.0,100.0,1.0,,1.0,0.0,smooth
23366,11,11,0,185.72727272727272,143.0,105.55575863882645,430.0,0.0,100.0,185.72727272727272,105.55575863882645,1.0,0.3230074207284453,smooth
23365,11,11,0,166.72727272727272,127.0,113.24229855411,456.0,0.0,100.0,166.72727272727272,113.24229855411,1.0,0.4613218867175097,smooth
23554,7,7,0,59.285714285714285,8.0,123.80187705323681,339.0,0.0,100.0,59.285714285714285,123.80187705323681,1.0,4.360681279334205,erratic
23602,1,1,0,1.0,1.0,,1.0,0.0,100.0,1.0,,1.0,0.0,smooth
84031a,1,1,0,1.0,1.0,,1.0,0.0,100.0,1.0,,1.0,0.0,smooth
84219,9,9,0,15.222222222222221,3.0,22.758392835269465,62.0,0.0,100.0,15.222222222222221,22.758392835269465,1.0,2.2352549416591194,erratic
84205C,1,1,0,2.0,2.0,,2.0,0.0,100.0,2.0,,1.0,0.0,smooth
84247J,2,2,0,3.5,3.5,2.1213203435596424,5.0,0.0,100.0,3.5,2.1213203435596424,1.0,0.3673469387755101,smooth
84340,3,3,0,5.0,2.0,6.082762530298219,12.0,0.0,100.0,5.0,6.082762530298219,1.0,1.4799999999999998,erratic
84311,1,1,0,11.0,11.0,,11.0,0.0,100.0,11.0,,1.0,0.0,smooth
84406b,1,1,0,2.0,2.0,,2.0,0.0,100.0,2.0,,1.0,0.0,smooth
23616,4,4,0,1.25,1.0,0.5,2.0,0.0,100.0,1.25,0.5,1.0,0.16000000000000003,smooth
23609,1,1,0,1.0,1.0,,1.0,0.0,100.0,1.0,,1.0,0.0,smooth
23605,1,1,0,4.0,4.0,,4.0,0.0,100.0,4.0,,1.0,0.0,smooth
23628,1,1,0,1.0,1.0,,1.0,0.0,100.0,1.0,,1.0,0.0,smooth
23695,4,4,0,136.75,125.5,98.58794720113272,264.0,0.0,100.0,136.75,98.58794720113272,1.0,0.5197481804803108,erratic
23694,3,3,0,99.66666666666667,84.0,68.85007867339974,175.0,0.0,100.0,99.66666666666667,68.85007867339974,1.0,0.4772094271876152,smooth
23691,5,5,0,200.0,175.0,121.19199643540823,400.0,0.0,100.0,200.0,121.19199643540823,1.0,0.36718750000000006,smooth
23681,5,5,0,265.4,302.0,146.93638079114376,385.0,0.0,100.0,265.4,146.93638079114376,1.0,0.30651860466833136,smooth
23664,1,1,0,1.0,1.0,,1.0,0.0,100.0,1.0,,1.0,0.0,smooth
35603B,1,1,0,50.0,50.0,,50.0,0.0,100.0,50.0,,1.0,0.0,smooth
35596,2,2,0,14.5,14.5,7.7781745930520225,20.0,0.0,100.0,14.5,7.7781745930520225,1.0,0.2877526753864447,smooth
35611B,1,1,0,11.0,11.0,,11.0,0.0,100.0,11.0,,1.0,0.0,smooth
35815B,2,2,0,47.5,47.5,3.5355339059327378,50.0,0.0,100.0,47.5,3.5355339059327378,1.0,0.005540166204986151,smooth
35793,3,3,0,27.666666666666668,2.0,44.45597072760118,79.0,0.0,100.0,27.666666666666668,44.45597072760118,1.0,2.5819422267382777,erratic
84912a,1,1,0,2.0,2.0,,2.0,0.0,100.0,2.0,,1.0,0.0,smooth
35822P,1,1,0,114.0,114.0,,114.0,0.0,100.0,114.0,,1.0,0.0,smooth
35822B,1,1,0,229.0,229.0,,229.0,0.0,100.0,229.0,,1.0,0.0,smooth
35821P,1,1,0,1.0,1.0,,1.0,0.0,100.0,1.0,,1.0,0.0,smooth
35818C,1,1,0,1.0,1.0,,1.0,0.0,100.0,1.0,,1.0,0.0,smooth
35817B,1,1,0,141.0,141.0,,141.0,0.0,100.0,141.0,,1.0,0.0,smooth
35840,3,3,0,14.666666666666666,12.0,15.17673658377628,31.0,0.0,100.0,14.666666666666666,15.17673658377628,1.0,1.0707644628099173,erratic
35837,1,1,0,2.0,2.0,,2.0,0.0,100.0,2.0,,1.0,0.0,smooth
84030b,1,1,0,1.0,1.0,,1.0,0.0,100.0,1.0,,1.0,0.0,smooth
84029c,1,1,0,1.0,1.0,,1.0,0.0,100.0,1.0,,1.0,0.0,smooth
84031b,1,1,0,1.0,1.0,,1.0,0.0,100.0,1.0,,1.0,0.0,smooth
48173A,1,1,0,1.0,1.0,,1.0,0.0,100.0,1.0,,1.0,0.0,smooth
21290,1,1,0,2.0,2.0,,2.0,0.0,100.0,2.0,,1.0,0.0,smooth
21387,2,2,0,12.5,12.5,14.849242404917497,23.0,0.0,100.0,12.5,14.849242404917497,1.0,1.4112,erratic
21409,1,1,0,1.0,1.0,,1.0,0.0,100.0,1.0,,1.0,0.0,smooth
21406,1,1,0,1.0,1.0,,1.0,0.0,100.0,1.0,,1.0,0.0,smooth
21450,1,1,0,1.0,1.0,,1.0,0.0,100.0,1.0,,1.0,0.0,smooth
21480,3,3,0,53.333333333333336,70.0,45.3578365151308,88.0,0.0,100.0,53.333333333333336,45.3578365151308,1.0,0.7232812499999998,erratic
21475,1,1,0,1.0,1.0,,1.0,0.0,100.0,1.0,,1.0,0.0,smooth
21496,1,1,0,25.0,25.0,,25.0,0.0,100.0,25.0,,1.0,0.0,smooth
21525,1,1,0,2.0,2.0,,2.0,0.0,100.0,2.0,,1.0,0.0,smooth
21543,3,3,0,13.666666666666666,6.0,17.7857620959388,34.0,0.0,100.0,13.666666666666666,17.7857620959388,1.0,1.6936347412254613,erratic
21560,1,1,0,3.0,3.0,,3.0,0.0,100.0,3.0,,1.0,0.0,smooth
21585,1,1,0,1.0,1.0,,1.0,0.0,100.0,1.0,,1.0,0.0,smooth
35004S,3,3,0,42.666666666666664,42.0,41.00406483915142,84.0,0.0,100.0,42.666666666666664,41.00406483915142,1.0,0.9235839843750002,erratic
35001P,1,1,0,2.0,2.0,,2.0,0.0,100.0,2.0,,1.0,0.0,smooth
23697,4,4,0,98.5,100.0,81.8066826936121,182.0,0.0,100.0,98.5,81.8066826936121,1.0,0.6897712729865068,erratic
37483,5,5,0,28.6,5.0,52.26184076360112,122.0,0.0,100.0,28.6,52.26184076360112,1.0,3.3391608391608387,erratic
21267,2,2,0,6.0,6.0,1.4142135623730951,7.0,0.0,100.0,6.0,1.4142135623730951,1.0,0.055555555555555566,smooth
21266,2,2,0,10.5,10.5,3.5355339059327378,13.0,0.0,100.0,10.5,3.5355339059327378,1.0,0.11337868480725624,smooth
35930,1,1,0,1.0,1.0,,1.0,0.0,100.0,1.0,,1.0,0.0,smooth
35915A,1,1,0,288.0,288.0,,288.0,0.0,100.0,288.0,,1.0,0.0,smooth
35950,1,1,0,1.0,1.0,,1.0,0.0,100.0,1.0,,1.0,0.0,smooth
35945,1,1,0,1.0,1.0,,1.0,0.0,100.0,1.0,,1.0,0.0,smooth
47590a,1,1,0,1.0,1.0,,1.0,0.0,100.0,1.0,,1.0,0.0,smooth
47594a,1,1,0,1.0,1.0,,1.0,0.0,100.0,1.0,,1.0,0.0,smooth
47593b,1,1,0,6.0,6.0,,6.0,0.0,100.0,6.0,,1.0,0.0,smooth
47593a,1,1,0,1.0,1.0,,1.0,0.0,100.0,1.0,,1.0,0.0,smooth
47591b,2,2,0,3.5,3.5,0.7071067811865476,4.0,0.0,100.0,3.5,0.7071067811865476,1.0,0.04081632653061225,smooth
84867a,1,1,0,1.0,1.0,,1.0,0.0,100.0,1.0,,1.0,0.0,smooth
84857B,1,1,0,24.0,24.0,,24.0,0.0,100.0,24.0,,1.0,0.0,smooth
48179,2,2,0,14.5,14.5,14.849242404917497,25.0,0.0,100.0,14.5,14.849242404917497,1.0,1.0487514863258027,erratic
48175,1,1,0,39.0,39.0,,39.0,0.0,100.0,39.0,,1.0,0.0,smooth
21120,1,1,0,1.0,1.0,,1.0,0.0,100.0,1.0,,1.0,0.0,smooth
90184c,1,1,0,1.0,1.0,,1.0,0.0,100.0,1.0,,1.0,0.0,smooth
90183c,1,1,0,1.0,1.0,,1.0,0.0,100.0,1.0,,1.0,0.0,smooth
51014c,1,1,0,1.0,1.0,,1.0,0.0,100.0,1.0,,1.0,0.0,smooth
51012L,1,1,0,6.0,6.0,,6.0,0.0,100.0,6.0,,1.0,0.0,smooth
35999,1,1,0,1.0,1.0,,1.0,0.0,100.0,1.0,,1.0,0.0,smooth
35995,3,3,0,1.3333333333333333,1.0,0.5773502691896257,2.0,0.0,100.0,1.3333333333333333,0.5773502691896257,1.0,0.18749999999999997,smooth
35974,1,1,0,1.0,1.0,,1.0,0.0,100.0,1.0,,1.0,0.0,smooth
37399,3,3,0,47.666666666666664,54.0,32.95957119462165,77.0,0.0,100.0,47.666666666666664,32.95957119462165,1.0,0.47811628930510053,smooth
37438,1,1,0,1.0,1.0,,1.0,0.0,100.0,1.0,,1.0,0.0,smooth
37432,1,1,0,6.0,6.0,,6.0,0.0,100.0,6.0,,1.0,0.0,smooth
37481,1,1,0,6.0,6.0,,6.0,0.0,100.0,6.0,,1.0,0.0,smooth
37477C,1,1,0,6.0,6.0,,6.0,0.0,100.0,6.0,,1.0,0.0,smooth
37451,1,1,0,1.0,1.0,,1.0,0.0,100.0,1.0,,1.0,0.0,smooth
37487B,1,1,0,68.0,68.0,,68.0,0.0,100.0,68.0,,1.0,0.0,smooth
37484,1,1,0,1.0,1.0,,1.0,0.0,100.0,1.0,,1.0,0.0,smooth
46776f,1,1,0,7.0,7.0,,7.0,0.0,100.0,7.0,,1.0,0.0,smooth
46776e,1,1,0,1.0,1.0,,1.0,0.0,100.0,1.0,,1.0,0.0,smooth
46776b,1,1,0,1.0,1.0,,1.0,0.0,100.0,1.0,,1.0,0.0,smooth
20879,3,3,0,18.333333333333332,16.0,18.610033136277146,38.0,0.0,100.0,18.333333333333332,18.610033136277146,1.0,1.0304132231404963,erratic
20877,2,2,0,6.0,6.0,2.8284271247461903,8.0,0.0,100.0,6.0,2.8284271247461903,1.0,0.22222222222222227,smooth
20858,1,1,0,4.0,4.0,,4.0,0.0,100.0,4.0,,1.0,0.0,smooth
20885,1,1,0,1.0,1.0,,1.0,0.0,100.0,1.0,,1.0,0.0,smooth
20884,2,2,0,1.5,1.5,0.7071067811865476,2.0,0.0,100.0,1.5,0.7071067811865476,1.0,0.22222222222222227,smooth
20882,2,2,0,1.5,1.5,0.7071067811865476,2.0,0.0,100.0,1.5,0.7071067811865476,1.0,0.22222222222222227,smooth
20881,2,2,0,1.5,1.5,0.7071067811865476,2.0,0.0,100.0,1.5,0.7071067811865476,1.0,0.22222222222222227,smooth
20954,1,1,0,2.0,2.0,,2.0,0.0,100.0,2.0,,1.0,0.0,smooth
20940,1,1,0,52.0,52.0,,52.0,0.0,100.0,52.0,,1.0,0.0,smooth
20939,1,1,0,12.0,12.0,,12.0,0.0,100.0,12.0,,1.0,0.0,smooth
20987,3,3,0,19.0,3.0,29.46183972531247,53.0,0.0,100.0,19.0,29.46183972531247,1.0,2.4044321329639886,erratic
21008,1,1,0,1.0,1.0,,1.0,0.0,100.0,1.0,,1.0,0.0,smooth
21036,1,1,0,1.0,1.0,,1.0,0.0,100.0,1.0,,1.0,0.0,smooth
20715,1,1,0,400.0,400.0,,400.0,0.0,100.0,400.0,,1.0,0.0,smooth
20812,1,1,0,2.0,2.0,,2.0,0.0,100.0,2.0,,1.0,0.0,smooth
20791,1,1,0,5.0,5.0,,5.0,0.0,100.0,5.0,,1.0,0.0,smooth
20822,1,1,0,2.0,2.0,,2.0,0.0,100.0,2.0,,1.0,0.0,smooth
37482p,1,1,0,1.0,1.0,,1.0,0.0,100.0,1.0,,1.0,0.0,smooth
37482b,1,1,0,1.0,1.0,,1.0,0.0,100.0,1.0,,1.0,0.0,smooth
37494a,1,1,0,4.0,4.0,,4.0,0.0,100.0,4.0,,1.0,0.0,smooth
37492A,3,3,0,35.333333333333336,38.0,28.095076674273972,62.0,0.0,100.0,35.333333333333336,28.095076674273972,1.0,0.6322534709861161,erratic
44217M,1,1,0,72.0,72.0,,72.0,0.0,100.0,72.0,,1.0,0.0,smooth
40046C,2,2,0,1.0,1.0,0.0,1.0,0.0,100.0,1.0,0.0,1.0,0.0,smooth
40002,1,1,0,78.0,78.0,,78.0,0.0,100.0,78.0,,1.0,0.0,smooth
84868A,1,1,0,2.0,2.0,,2.0,0.0,100.0,2.0,,1.0,0.0,smooth
84867b,1,1,0,2.0,2.0,,2.0,0.0,100.0,2.0,,1.0,0.0,smooth
45014,1,1,0,1.0,1.0,,1.0,0.0,100.0,1.0,,1.0,0.0,smooth
46775B,1,1,0,2.0,2.0,,2.0,0.0,100.0,2.0,,1.0,0.0,smooth
46138D,1,1,0,1.0,1.0,,1.0,0.0,100.0,1.0,,1.0,0.0,smooth
20721,1,1,0,1.0,1.0,,1.0,0.0,100.0,1.0,,1.0,0.0,smooth
47504J,2,2,0,2.0,2.0,1.4142135623730951,3.0,0.0,100.0,2.0,1.4142135623730951,1.0,0.5000000000000001,erratic
16169G,1,1,0,25.0,25.0,,25.0,0.0,100.0,25.0,,1.0,0.0,smooth
16169E,20,20,0,215.65,175.0,157.9384540356081,575.0,0.0,100.0,215.65,157.9384540356081,1.0,0.5363852668103659,erratic
16169D,1,1,0,150.0,150.0,,150.0,0.0,100.0,150.0,,1.0,0.0,smooth
16169A,1,1,0,25.0,25.0,,25.0,0.0,100.0,25.0,,1.0,0.0,smooth
B,1,1,0,1.0,1.0,,1.0,0.0,100.0,1.0,,1.0,0.0,smooth
ADJUST2,1,1,0,3.0,3.0,,3.0,0.0,100.0,3.0,,1.0,0.0,smooth
ADJUST,1,1,0,36.0,36.0,,36.0,0.0,100.0,36.0,,1.0,0.0,smooth
90214U,1,1,0,1.0,1.0,,1.0,0.0,100.0,1.0,,1.0,0.0,smooth
16201B,1,1,0,5.0,5.0,,5.0,0.0,100.0,5.0,,1.0,0.0,smooth
16258B,3,3,0,311.6666666666667,325.0,221.30145352738498,526.0,0.0,100.0,311.6666666666667,221.30145352738498,1.0,0.5041825616975034,erratic
17013B,2,2,0,128.0,128.0,4.242640687119285,131.0,0.0,100.0,128.0,4.242640687119285,1.0,0.0010986328124999998,smooth
17011E,1,1,0,124.0,124.0,,124.0,0.0,100.0,124.0,,1.0,0.0,smooth
84614C,1,1,0,3.0,3.0,,3.0,0.0,100.0,3.0,,1.0,0.0,smooth
46776a,1,1,0,5.0,5.0,,5.0,0.0,100.0,5.0,,1.0,0.0,smooth
84596l,1,1,0,1.0,1.0,,1.0,0.0,100.0,1.0,,1.0,0.0,smooth
DCGS0072,1,1,0,4.0,4.0,,4.0,0.0,100.0,4.0,,1.0,0.0,smooth
DCGS0068,1,1,0,1.0,1.0,,1.0,0.0,100.0,1.0,,1.0,0.0,smooth
DCGS0066N,1,1,0,2.0,2.0,,2.0,0.0,100.0,2.0,,1.0,0.0,smooth
DCGS0062,1,1,0,1.0,1.0,,1.0,0.0,100.0,1.0,,1.0,0.0,smooth
DCGS0044,1,1,0,1.0,1.0,,1.0,0.0,100.0,1.0,,1.0,0.0,smooth
DCGS0041,1,1,0,1.0,1.0,,1.0,0.0,100.0,1.0,,1.0,0.0,smooth
DCGS0037,1,1,0,1.0,1.0,,1.0,0.0,100.0,1.0,,1.0,0.0,smooth
84387A,1,1,0,11.0,11.0,,11.0,0.0,100.0,11.0,,1.0,0.0,smooth
84796b,1,1,0,1.0,1.0,,1.0,0.0,100.0,1.0,,1.0,0.0,smooth
84509g,1,1,0,2.0,2.0,,2.0,0.0,100.0,2.0,,1.0,0.0,smooth
84509e,1,1,0,2.0,2.0,,2.0,0.0,100.0,2.0,,1.0,0.0,smooth
84510b,1,1,0,1.0,1.0,,1.0,0.0,100.0,1.0,,1.0,0.0,smooth
84559d,1,1,0,2.0,2.0,,2.0,0.0,100.0,2.0,,1.0,0.0,smooth
84567,1,1,0,9.0,9.0,,9.0,0.0,100.0,9.0,,1.0,0.0,smooth
DCGS0075,1,1,0,1.0,1.0,,1.0,0.0,100.0,1.0,,1.0,0.0,smooth
