StockCode,description,quantity,revenue,invoices,active_weeks,countries,median_price,first_sale,last_sale,quantity_per_invoice,quantity_share_pct,quantity_cumulative_pct
84077,WORLD WAR 2 GLIDERS ASSTD DESIGNS,104335,24006.829999999998,992,101,15,0.29,2009-12-07 13:07:00,2011-12-02 17:06:00,105.17641129032258,0.9647659539841732,0.9647659539841732
85099B,JUMBO BAG RED RETROSPOT,95108,177408.76,3897,102,22,1.95,2009-12-07 11:35:00,2011-12-04 13:55:00,24.405440082114445,0.879445635228128,1.8442115892123012
21212,PACK OF 72 RETROSPOT CAKE CASES,93090,50706.5,3040,102,26,0.55,2009-12-07 10:33:00,2011-12-04 14:51:00,30.62171052631579,0.8607855720169327,2.704997161229234
85123A,WHITE HANGING HEART T-LIGHT HOLDER,91737,251100.59,5228,102,23,2.95,2009-12-07 08:13:00,2011-12-04 15:00:00,17.54724560061209,0.8482746376637379,3.553271798892972
22197,SMALL POPCORN HOLDER,83366,75089.31999999999,2262,102,16,0.85,2009-12-07 11:05:00,2011-12-04 16:02:00,36.85499557913351,0.7708695885354347,4.324141387428407
23166,MEDIUM CERAMIC TOP STORAGE JAR,77856,81492.97,237,31,10,1.25,2011-01-18 10:01:00,2011-12-02 16:39:00,328.50632911392404,0.7199196637120026,5.044061051140409
84879,ASSORTED COLOUR BIRD ORNAMENT,77387,125036.59999999999,2739,102,19,1.69,2009-12-07 11:20:00,2011-12-04 14:01:00,28.25374224169405,0.7155829096753075,5.759643960815717
17003,BROCADE RING PURSE,69909,14617.74,441,96,7,0.25,2009-12-07 17:56:00,2011-12-04 13:00:00,158.52380952380952,0.6464352621563192,6.4060792229720365
21977,PACK OF 60 PINK PAISLEY CAKE CASES,55321,27671.5,1947,102,24,0.55,2009-12-07 10:33:00,2011-12-04 15:19:00,28.413456599897277,0.5115427933134465,6.917622016285483
84991,60 TEATIME FAIRY CAKE CASES,53277,26607.11,2077,102,22,0.55,2009-12-07 10:33:00,2011-12-04 15:19:00,25.650938854116514,0.4926423130341189,7.4102643293196016
15036,ASSORTED COLOURS SILK FAN,43921,32754.26,977,100,14,0.83,2009-12-07 11:19:00,2011-12-02 17:06:00,44.95496417604913,0.40612915574772485,7.8163934850673265
22492,MINI PAINT SET VINTAGE,43326,27670.670000000002,726,82,23,0.65,2010-05-06 11:50:00,2011-12-02 13:58:00,59.67768595041322,0.4006273036116192,8.217020788678946
84755,COLOUR GLASS T-LIGHT HOLDER HANGING,40213,25025.59,1242,102,13,0.65,2009-12-07 11:35:00,2011-12-01 16:22:00,32.37761674718197,0.37184198310792693,8.588862771786873
21213,PACK OF 72 SKULL CAKE CASES,39824,21137.56,1451,102,21,0.55,2009-12-07 15:42:00,2011-12-04 15:19:00,27.445899379738112,0.3682449738962545,8.957107745683128
20725,LUNCH BAG RED RETROSPOT,39747,70137.21,2991,102,21,1.65,2009-12-07 11:35:00,2011-12-04 15:19:00,13.288866599799398,0.36753296950217024,9.324640715185298
22386,JUMBO BAG PINK POLKADOT,39335,76055.91,2232,96,17,1.95,2010-01-29 12:35:00,2011-12-04 13:59:00,17.62320788530466,0.3637232836533038,9.688363998838602
22178,VICTORIAN GLASS HANGING T-LIGHT,39195,50797.88,1768,102,17,1.25,2009-12-07 10:51:00,2011-12-04 15:16:00,22.169117647058822,0.3624287302095142,10.050792729048116
22616,PACK OF 12 LONDON TISSUES,38582,12267.41,809,82,10,0.29,2010-05-06 11:50:00,2011-12-02 13:12:00,47.69097651421508,0.35676043548777847,10.407553164535894
21232,STRAWBERRY CERAMIC TRINKET BOX,36757,47626.29,2361,102,24,1.25,2009-12-07 08:24:00,2011-12-04 15:47:00,15.56840321897501,0.33988500666695026,10.747438171202845
85099F,JUMBO BAG STRAWBERRY,36575,67441.75,1801,101,16,1.95,2009-12-07 11:52:00,2011-12-04 13:59:00,20.308162132148805,0.3382020871900238,11.085640258392868
84568,GIRLS ALPHABET IRON ON PATCHES,36308,7590.7,300,90,8,0.42,2009-12-07 18:02:00,2011-12-02 16:39:00,121.02666666666667,0.3357331888365108,11.421373447229378
21915,RED  HARMONICA IN BOX,36286,42660.79,1023,89,20,1.25,2010-03-17 10:22:00,2011-12-02 12:19:00,35.47018572825024,0.3355297590096296,11.756903206239008
84946,ANTIQUE SILVER TEA GLASS ETCHED,35675,47807.37,1710,102,9,1.25,2009-12-07 10:51:00,2011-12-04 15:18:00,20.862573099415204,0.3298799579085195,12.086783164147526
84992,72 SWEETHEART FAIRY CAKE CASES,34134,16912.65,1419,102,20,0.55,2009-12-07 17:56:00,2011-12-04 15:19:00,24.054968287526428,0.31563062321652147,12.402413787364047
71459,HANGING JAM JAR T-LIGHT HOLDER,32713,26479.47,1002,101,10,0.85,2009-12-07 17:56:00,2011-12-01 16:22:00,32.647704590818364,0.3024909057620574,12.704904693126105
22952,60 CAKE CASES VINTAGE CHRISTMAS,32435,18874.3,1113,50,19,0.55,2010-09-17 15:04:00,2011-12-04 15:13:00,29.141958670260557,0.2999202924951038,13.004824985621209
21982,PACK OF 12 SUKI TISSUES,31979,10345.869999999999,702,92,11,0.29,2009-12-07 18:02:00,2011-12-02 16:39:00,45.554131054131055,0.2957037469924749,13.300528732613683
22086,PAPER CHAIN KIT 50'S CHRISTMAS,31533,106989.90000000001,1864,82,12,2.95,2009-12-07 10:38:00,2011-12-04 15:35:00,16.91684549356223,0.2915796695929739,13.592108402206657
20724,RED RETROSPOT CHARLOTTE BAG,31351,34049.65,1990,102,19,0.85,2009-12-07 11:19:00,2011-12-04 16:07:00,15.754271356783919,0.2898967501160475,13.882005152322705
22355,CHARLOTTE BAG SUKI DESIGN,30996,43707.4,1698,102,16,0.85,2009-12-07 09:18:00,2011-12-04 14:51:00,18.25441696113074,0.28661413245500966,14.168619284777714
21975,PACK OF 60 DINOSAUR CAKE CASES,30938,15026.12,1277,102,24,0.55,2009-12-07 15:02:00,2011-12-04 11:45:00,24.227094753328114,0.2860778174568683,14.454697102234583
21080,SET/20 RED RETROSPOT PAPER NAPKINS,30593,25007.95,2080,102,21,0.85,2009-12-07 10:42:00,2011-12-04 13:32:00,14.708173076923076,0.28288766789895825,14.737584770133541
85099C,JUMBO  BAG BAROQUE BLACK WHITE,29983,57741.340000000004,1820,102,15,1.95,2009-12-07 14:44:00,2011-12-04 16:02:00,16.474175824175823,0.27724711360816084,15.014831883741701
16014,SMALL CHINESE STYLE SCISSOR,29275,9481.5,91,58,6,0.42,2009-12-07 11:40:00,2011-12-01 13:32:00,321.7032967032967,0.27070037190671076,15.285532255648413
84347,ROTATING SILVER ANGELS T-LIGHT HLDR,29049,65821.65,695,75,15,2.55,2009-12-07 17:56:00,2011-12-04 15:54:00,41.79712230215827,0.2686105927760219,15.554142848424435
21931,JUMBO STORAGE BAG SUKI,28682,60423.29,2265,102,17,1.95,2009-12-07 13:48:00,2011-12-04 13:59:00,12.663134657836645,0.2652170133912307,15.819359861815666
21731,RED TOADSTOOL LED NIGHT LIGHT,28471,47426.78999999999,1495,101,22,1.65,2009-12-07 10:41:00,2011-12-04 16:07:00,19.044147157190636,0.26326593641523355,16.0826257982309
47566,PARTY BUNTING,28085,147630.35,2649,101,21,4.95,2009-12-07 11:39:00,2011-12-04 14:51:00,10.602114005285014,0.2596966676344995,16.3423224658654
22469,HEART OF WICKER SMALL,27811,48759.38,2131,77,15,1.65,2010-04-22 12:12:00,2011-12-04 13:15:00,13.050680431722196,0.25716304160879705,16.5994855074742
23084,RABBIT NIGHT LIGHT,27536,59757.5,919,30,19,2.08,2011-05-10 14:20:00,2011-12-04 16:02:00,29.963003264417846,0.2546201687727818,16.85410567624698
22151,PLACE SETTING WHITE HEART,27215,11463.449999999999,700,102,12,0.42,2009-12-07 12:12:00,2011-12-04 15:00:00,38.878571428571426,0.2516519426623786,17.105757618909358
22411,JUMBO SHOPPER VINTAGE RED PAISLEY,26970,56592.93,2163,96,19,1.95,2010-01-29 13:52:00,2011-12-04 13:59:00,12.468793342579751,0.24938647413574688,17.355144093045105
21980,PACK OF 12 RED RETROSPOT TISSUES,26958,7530.03,655,100,16,0.29,2009-12-07 15:42:00,2011-12-01 14:55:00,41.157251908396944,0.24927551241199347,17.6044196054571
21790,VINTAGE SNAP CARDS,26733,23010.5,1828,102,16,0.85,2009-12-07 10:33:00,2011-12-04 14:55:00,14.62417943107221,0.2471949800916174,17.851614585548717
20727,LUNCH BAG  BLACK SKULL.,26289,44899.47,2302,102,18,1.65,2009-12-07 10:48:00,2011-12-04 15:19:00,11.420069504778454,0.24308939631274193,18.094703981861457
21498,RED RETROSPOT WRAP,26151,10610.42,786,101,16,0.42,2009-12-07 13:57:00,2011-12-04 12:52:00,33.270992366412216,0.24181333648957792,18.336517318351035
22423,REGENCY CAKESTAND 3 TIER,26103,325718.47,3880,89,31,12.75,2010-03-15 13:55:00,2011-12-04 16:02:00,6.7275773195876285,0.24136948959456436,18.5778868079456
84970S,HANGING HEART ZINC T-LIGHT HOLDER,26007,21327.199999999997,1397,102,17,0.85,2009-12-07 17:56:00,2011-12-04 12:52:00,18.61632068718683,0.2404817958045372,18.818368603750137
37410,BLACK AND WHITE PAISLEY FLOWER MUG,25490,3088.57,31,12,2,1.25,2009-12-07 11:55:00,2010-04-07 14:10:00,822.258064516129,0.23570119487282862,19.054069798622965
21985,PACK OF 12 HEARTS DESIGN TISSUES,25255,8881.91,895,102,13,0.29,2009-12-07 11:47:00,2011-12-01 16:22:00,28.217877094972067,0.2335281944493247,19.28759799307229
21929,JUMBO BAG PINK VINTAGE PAISLEY,25250,48936.14,1577,97,15,1.95,2009-12-07 14:10:00,2011-12-04 13:59:00,16.01141407736208,0.23348196039776078,19.52107995347005
22383,LUNCH BAG SUKI  DESIGN,24946,42968.62,2378,97,17,1.65,2010-01-22 16:28:00,2011-12-04 15:19:00,10.490328006728344,0.2306709300626749,19.751750883532726
84212,"ASSORTED FLOWER COLOUR ""LEIS""",24740,11926.39,275,88,9,0.65,2009-12-07 15:28:00,2011-11-30 15:27:00,89.96363636363637,0.22876608713824167,19.980516970670966
20728,LUNCH BAG CARS BLUE,24357,41808.82,2025,102,22,1.65,2009-12-07 11:35:00,2011-12-04 15:19:00,12.028148148148148,0.22522455878844594,20.205741529459413
20719,WOODLAND CHARLOTTE BAG,24043,26980.48,1543,101,18,0.85,2009-12-07 10:41:00,2011-12-04 16:07:00,15.58198314970836,0.2223210603502322,20.428062589809645
21181,PLEASE ONE PERSON METAL SIGN,23984,48475.75000000001,1734,77,11,2.1,2009-12-07 12:08:00,2011-12-04 15:19:00,13.831603229527104,0.22177549854177803,20.649838088351423
21928,JUMBO BAG SCANDINAVIAN PAISLEY,23979,45614.82,1512,100,12,1.95,2009-12-07 14:44:00,2011-12-04 13:59:00,15.859126984126984,0.2217292644902141,20.871567352841637
84270,ASSTD DESIGN BUBBLE GUM RING,22182,4665.08,454,50,9,0.21,2009-12-07 13:32:00,2010-12-06 16:57:00,48.859030837004404,0.20511274635814375,21.07668009919978
20726,LUNCH BAG WOODLAND,21845,37996.6,1882,102,20,1.65,2009-12-07 13:24:00,2011-12-04 13:32:00,11.607332624867162,0.20199657128273601,21.278676670482515
21981,PACK OF 12 WOODLAND TISSUES,21703,5977.889999999999,530,91,16,0.29,2009-12-07 15:42:00,2011-12-02 16:39:00,40.949056603773585,0.2006835242183209,21.479360194700835
84978,HANGING HEART JAR T-LIGHT HOLDER,21446,28177.350000000002,1404,101,9,1.25,2009-12-07 11:35:00,2011-12-04 13:00:00,15.274928774928775,0.19830709396793575,21.677667288668772
22417,PACK OF 60 SPACEBOY CAKE CASES,21358,11106.65,1095,96,23,0.55,2010-01-31 15:47:00,2011-12-04 11:45:00,19.50502283105023,0.1974933746604109,21.875160663329183
84945,MULTI COLOUR SILVER T-LIGHT HOLDER,21305,17480.31,637,90,11,0.85,2009-12-22 15:12:00,2011-12-04 13:00:00,33.445839874411305,0.1970032937138334,22.072163957043017
21984,PACK OF 12 PINK PAISLEY TISSUES,21139,5957.83,419,99,13,0.29,2009-12-10 11:40:00,2011-12-02 16:39:00,50.45107398568019,0.1954683232019115,22.26763228024493
20971,PINK BLUE FELT CRAFT TRINKET BOX,21036,27211.86,1116,102,16,1.25,2009-12-07 11:05:00,2011-12-04 15:00:00,18.849462365591396,0.19451590173969488,22.462148181984624
22384,LUNCH BAG PINK POLKADOT,20689,33894.82,2088,96,23,1.65,2010-01-25 11:18:00,2011-12-04 15:19:00,9.90852490421456,0.19130725856115932,22.653455440545784
20713,JUMBO BAG OWLS,20503,39973.21,1273,89,16,1.95,2009-12-07 15:26:00,2011-12-02 15:39:00,16.106048703849176,0.18958735184298176,22.843042792388765
22629,SPACEBOY LUNCH BOX,20441,37303.619999999995,1344,74,21,1.95,2010-07-01 11:59:00,2011-12-04 13:54:00,15.209077380952381,0.18901404960358925,23.032056841992354
21175,GIN + TONIC DIET METAL SIGN,20356,43066.25,1615,97,15,2.1,2009-12-07 12:08:00,2011-12-04 15:19:00,12.604334365325077,0.18822807072700273,23.220284912719357
20972,PINK CREAM FELT CRAFT TRINKET BOX,20216,24408.8,1356,102,18,1.25,2009-12-07 12:19:00,2011-12-04 14:40:00,14.908554572271386,0.18693351728321317,23.40721843000257
84598,BOYS ALPHABET IRON ON PATCHES,20163,4213.86,211,85,6,0.42,2009-12-08 15:49:00,2011-12-01 16:22:00,95.55924170616113,0.18644343633663568,23.593661866339204
22382,LUNCH BAG SPACEBOY DESIGN,20148,33888.78,2135,97,23,1.65,2010-01-22 16:28:00,2011-12-04 15:19:00,9.437002341920374,0.18630473418194393,23.77996660052115
23203,JUMBO BAG VINTAGE DOILY,19954,40978.01,1200,31,15,2.08,2011-05-06 15:54:00,2011-12-04 16:07:00,16.628333333333334,0.1845108529812641,23.964477453502415
22356,CHARLOTTE BAG PINK POLKADOT,19451,20210.01,1545,102,18,0.85,2009-12-07 11:35:00,2011-12-04 16:07:00,12.589644012944984,0.17985970739393448,24.14433716089635
21166,COOK WITH WINE METAL SIGN,19434,37141.96,1384,94,12,1.95,2009-12-08 15:49:00,2011-12-04 15:19:00,14.041907514450868,0.17970251161861717,24.324039672514967
21094,SET/6 RED SPOTTY PAPER PLATES,19418,15171.98,972,102,19,0.85,2009-12-10 09:49:00,2011-12-01 16:22:00,19.977366255144034,0.17955456265361264,24.50359423516858
72741,GRAND CHOCOLATECANDLE,19298,26642.43,894,101,19,1.45,2009-12-07 15:55:00,2011-12-04 11:45:00,21.58612975391499,0.17844494541607872,24.68203918058466
84836,ZINC METAL HEART DECORATION,19187,23488.87,1365,102,13,1.25,2009-12-07 11:20:00,2011-12-04 12:52:00,14.056410256410256,0.17741854947135985,24.859457730056018
20668,DISCO BALL CHRISTMAS DECORATION,19182,2249.68,345,72,7,0.12,2009-12-07 11:39:00,2011-12-04 14:45:00,55.6,0.17737231541979595,25.036830045475813
21231,SWEETHEART CERAMIC TRINKET BOX,18685,23135.04,1431,94,19,1.25,2009-12-07 08:24:00,2011-12-02 11:16:00,13.057302585604472,0.17277665069434298,25.209606696170155
84692,BOX OF 24 COCKTAIL PARASOLS,18608,9121.99,1100,102,13,0.42,2009-12-07 13:48:00,2011-12-04 12:32:00,16.916363636363638,0.17206464630025872,25.381671342470415
20914,SET/5 RED RETROSPOT LID GLASS BOWLS,18393,51622.94,1980,102,19,2.95,2009-12-07 10:42:00,2011-12-04 13:20:00,9.289393939393939,0.17007658208301046,25.551747924553425
22910,PAPER CHAIN KIT VINTAGE CHRISTMAS,17998,56703.62,1374,49,12,2.95,2010-09-19 10:20:00,2011-12-04 14:51:00,13.098981077147016,0.16642409200946134,25.718172016562885
20723,STRAWBERRY CHARLOTTE BAG,17960,19814.04,1353,102,15,0.85,2009-12-07 09:18:00,2011-12-04 14:51:00,13.27420546932742,0.1660727132175756,25.884244729780463
22630,DOLLY GIRL LUNCH BOX,17922,33103.89,1313,74,24,1.95,2010-07-01 16:48:00,2011-12-04 13:54:00,13.649657273419649,0.16572133442568987,26.049966064206153
22470,HEART OF WICKER LARGE,17711,53294.83,1934,76,10,2.95,2010-04-22 12:12:00,2011-12-02 16:30:00,9.15770423991727,0.16377025744969273,26.213736321655844
22693,GROW A FLYTRAP OR SUNFLOWER IN TIN,17644,20198.06,344,67,12,1.25,2010-08-05 15:01:00,2011-12-02 16:39:00,51.2906976744186,0.1631507211587363,26.37688704281458
22489,PACK OF 12 TRADITIONAL CRAYONS,17639,7428.67,771,83,20,0.42,2010-03-02 16:36:00,2011-12-04 13:45:00,22.878080415045396,0.16310448710717237,26.539991529921753
20975,12 PENCILS SMALL TUBE RED RETROSPOT,17636,11539.960000000001,864,87,16,0.65,2009-12-07 12:32:00,2011-12-04 13:59:00,20.412037037037038,0.16307674667623404,26.70306827659799
20712,JUMBO BAG WOODLAND ANIMALS,17506,36959.91,1381,95,20,2.08,2009-12-07 13:24:00,2011-12-04 16:02:00,12.67632150615496,0.1618746613355723,26.864942937933563
22585,PACK OF 6 BIRDY GIFT TAGS,17481,21866.57,1074,90,18,1.25,2010-03-10 12:51:00,2011-12-02 16:39:00,16.276536312849164,0.16164349107775272,27.026586429011317
21326,AGED GLASS SILVER T-LIGHT HOLDER,17202,11228.26,626,100,7,0.65,2009-12-07 11:35:00,2011-12-04 12:44:00,27.47923322683706,0.15906363100048637,27.185650060011803
22029,SPACEBOY BIRTHDAY CARD,17178,7109.05,1077,101,19,0.42,2009-12-07 18:02:00,2011-12-04 13:54:00,15.949860724233984,0.1588417075529796,27.344491767564783
21137,BLACK RECORD COVER FRAME,17119,59451.0,599,97,8,3.75,2009-12-07 12:08:00,2011-12-04 12:32:00,28.579298831385643,0.1582961457445254,27.50278791330931
21497,FANCY FONTS BIRTHDAY WRAP,17100,6822.0,476,98,11,0.42,2009-12-08 12:46:00,2011-12-04 15:18:00,35.924369747899156,0.15812045634858254,27.660908369657893
22077,6 RIBBONS RUSTIC CHARM,17038,31038.769999999997,1718,93,22,1.65,2009-12-07 17:56:00,2011-12-04 12:52:00,9.917345750873109,0.15754715410919004,27.81845552376708
21704,BAG 250g SWIRLY MARBLES,17007,13078.619999999999,545,96,12,0.85,2009-12-07 10:33:00,2011-12-04 10:56:00,31.205504587155964,0.15726050298949376,27.975716026756576
21791,VINTAGE HEADS AND TAILS CARD GAME,17004,22101.79,1258,102,23,1.25,2009-12-07 11:40:00,2011-12-04 13:45:00,13.516693163751988,0.15723276255855542,28.13294878931513
22385,JUMBO BAG SPACEBOY DESIGN,16987,32277.65,1238,96,17,1.95,2010-01-29 13:46:00,2011-12-04 16:02:00,13.721324717285945,0.1570755667832381,28.290024356098368
84970L,SINGLE HEART ZINC T-LIGHT HOLDER,16981,16687.42,1057,101,16,0.95,2009-12-07 11:55:00,2011-12-04 13:20:00,16.06527909176916,0.15702008592136144,28.447044442019727
21733,RED HANGING HEART T-LIGHT HOLDER,16962,48619.22,1694,102,21,2.95,2009-12-07 08:13:00,2011-12-04 15:00:00,10.012987012987013,0.15684439652541857,28.603888838545146
22909,SET OF 20 VINTAGE CHRISTMAS NAPKINS,16640,14823.24,1052,51,18,0.85,2010-09-16 16:15:00,2011-12-04 15:28:00,15.817490494296578,0.15386692360470255,28.75775576214985
21088,SET/6 FRUIT SALAD PAPER CUPS,16590,1811.3400000000001,134,58,7,0.19,2009-12-15 17:02:00,2011-11-28 13:26:00,123.80597014925372,0.15340458308906343,28.911160345238912
82482,WOODEN PICTURE FRAME WHITE FINISH,16551,40895.54,1949,93,14,2.55,2009-12-07 08:13:00,2011-12-04 12:52:00,8.492047203694202,0.15304395748686492,29.064204302725777
22090,PAPER BUNTING RETROSPOT,16543,49971.43,1685,102,20,2.95,2009-12-07 12:41:00,2011-12-04 16:07:00,9.81780415430267,0.15296998300436265,29.217174285730138
16156S,WRAP PINK FAIRY CAKES,16536,6506.12,414,95,14,0.42,2009-12-10 07:43:00,2011-12-02 10:22:00,39.94202898550725,0.15290525533217317,29.37007954106231
21086,SET/6 RED SPOTTY PAPER CUPS,16494,10675.210000000001,832,96,18,0.65,2009-12-08 12:05:00,2011-12-02 16:04:00,19.82451923076923,0.15251688929903628,29.522596430361347
22961,JAM MAKING SET PRINTED,16321,25339.0,1172,54,26,1.45,2010-07-23 12:29:00,2011-12-04 11:24:00,13.925767918088738,0.1509171911149249,29.67351362147627
22294,HEART FILIGREE DOVE  SMALL,16000,19826.32,830,101,11,1.25,2009-12-07 11:40:00,2011-12-01 15:56:00,19.27710843373494,0.14794896500452168,29.82146258648079
21096,SET/6 FRUIT SALAD  PAPER PLATES,15917,2710.05,142,58,8,0.83,2009-12-10 13:59:00,2011-11-20 11:56:00,112.09154929577464,0.14718147974856075,29.968644066229352
22659,LUNCH BOX I LOVE LONDON,15894,29453.43,1061,75,18,1.95,2010-03-14 12:18:00,2011-12-04 13:32:00,14.980207351555137,0.14696880311136673,30.11561286934072
22379,RECYCLING BAG RETROSPOT,15717,34469.46,1558,96,16,2.1,2010-01-25 13:46:00,2011-12-04 16:07:00,10.08793324775353,0.1453321176860042,30.260944987026722
21500,PINK POLKADOT WRAP,15575,6293.5,483,99,19,0.42,2009-12-08 18:07:00,2011-12-02 12:52:00,32.2463768115942,0.14401907062158908,30.40496405764831
22189,CREAM HEART CARD HOLDER,15516,46866.3,1257,94,12,3.95,2009-12-07 10:33:00,2011-12-04 12:52:00,12.343675417661098,0.14347350881313492,30.548437566461445
85152,HAND OVER THE CHOCOLATE   SIGN,15502,29744.760000000002,1423,99,11,2.1,2009-12-07 13:45:00,2011-12-04 15:19:00,10.893886156008433,0.14334405346875595,30.6917816199302
84947,ANTIQUE SILVER TEA GLASS ENGRAVED,15478,18296.32,656,101,5,1.25,2009-12-07 11:05:00,2011-12-04 14:55:00,23.59451219512195,0.14312213002124918,30.83490374995145
79321,CHILLI LIGHTS,15447,78292.91,1099,95,10,4.95,2009-12-07 08:24:00,2011-12-02 16:39:00,14.055505004549591,0.1428354789015529,30.977739228853004
40016,CHINESE DRAGON PAPER LANTERNS,15410,5468.58,242,85,6,0.42,2009-12-07 13:48:00,2011-09-21 14:40:00,63.67768595041322,0.14249334691997995,31.120232575772985
85175,CACTI T-LIGHT CANDLES,15341,6498.3099999999995,435,92,11,0.42,2009-12-09 10:41:00,2011-11-28 11:18:00,35.266666666666666,0.14185531700839796,31.262087892781384
22551,PLASTERS IN TIN SPACEBOY,15242,25585.679999999997,1275,88,27,1.65,2010-03-25 12:41:00,2011-12-04 13:59:00,11.95450980392157,0.14093988278743247,31.403027775568816
22326,ROUND SNACK BOXES SET OF4 WOODLAND,15213,43583.23,1367,94,24,2.95,2010-01-07 16:46:00,2011-12-02 16:39:00,11.12874908558888,0.14067172528836178,31.543699500857176
16033,MINI HIGHLIGHTER PENS,15121,1544.52,50,36,6,0.12,2009-12-10 12:44:00,2011-02-17 15:40:00,302.42,0.13982101873958577,31.68352051959676
21787,RAIN PONCHO RETROSPOT,15097,11882.86,461,85,13,0.85,2010-03-25 14:22:00,2011-12-04 14:55:00,32.748373101952275,0.139599095292079,31.823119614888842
21121,SET/10 RED POLKADOT PARTY CANDLES,14981,18148.88,857,102,20,1.25,2009-12-07 15:42:00,2011-12-04 11:45:00,17.480746791131857,0.1385264652957962,31.96164608018464
82494L,WOODEN FRAME ANTIQUE WHITE,14955,42820.39,1920,96,11,2.95,2009-12-07 08:13:00,2011-12-04 12:52:00,7.7890625,0.13828604822766385,32.099932128412306
21210,SET OF 72 RETROSPOT PAPER  DOILIES,14865,21333.37,1131,95,25,1.45,2009-12-07 10:42:00,2011-12-02 16:39:00,13.143236074270558,0.13745383529951344,32.237385963711816
23199,JUMBO BAG APPLES,14765,30088.15,956,34,15,2.08,2011-04-11 16:47:00,2011-12-04 16:07:00,15.444560669456067,0.13652915426823517,32.373915117980054
21829,DINOSAUR KEYRINGS ASSORTED,14703,3170.7,399,95,13,0.21,2009-12-07 11:47:00,2011-10-20 12:07:00,36.849624060150376,0.13595585202884264,32.5098709700089
21499,BLUE POLKADOT WRAP,14702,5912.84,449,95,19,0.42,2009-12-08 18:07:00,2011-12-02 10:22:00,32.74387527839644,0.13594660521852986,32.645817575227426
22457,NATURAL SLATE HEART CHALKBOARD,14591,45061.770000000004,2018,85,15,2.95,2010-03-04 10:29:00,2011-12-04 15:13:00,7.230426164519326,0.134920209273811,32.780737784501234
22045,SPACEBOY GIFT WRAP,14392,5918.64,467,97,19,0.42,2009-12-07 10:51:00,2011-12-02 10:22:00,30.817987152034263,0.13308009402156726,32.9138178785228
71477,COLOUR GLASS. STAR T-LIGHT HOLDER,14375,42422.23,772,86,6,3.25,2009-12-07 13:23:00,2011-12-02 11:53:00,18.620466321243523,0.13292289824624995,33.04674077676905
21976,PACK OF 60 MUSHROOM CAKE CASES,14361,7667.1900000000005,932,102,24,0.55,2009-12-07 13:32:00,2011-12-04 11:45:00,15.408798283261802,0.132793442901871,33.17953421967092
21918,SET 12 KIDS COLOUR  CHALK STICKS,14325,5891.55,762,102,20,0.42,2009-12-07 11:40:00,2011-12-04 13:59:00,18.799212598425196,0.13246055773061083,33.31199477740153
22969,HOMEMADE JAM SCENTED CANDLES,14307,21216.129999999997,697,54,20,1.45,2010-11-21 11:28:00,2011-12-04 15:18:00,20.526542324246773,0.13229411514498074,33.44428889254651
21703,BAG 125g SWIRLY MARBLES,14284,5529.1900000000005,543,101,12,0.42,2009-12-07 17:56:00,2011-12-04 13:32:00,26.30570902394107,0.13208143850778675,33.5763703310543
75049L,LARGE CIRCULAR MIRROR MOBILE,13914,13086.3,339,79,1,1.25,2009-12-09 11:40:00,2011-12-02 12:52:00,41.04424778761062,0.12866011869205718,33.70503044974636
22865,HAND WARMER OWL DESIGN,13906,30050.180000000004,1157,46,11,2.1,2010-09-10 13:59:00,2011-12-04 15:00:00,12.019014693171997,0.12858614420955491,33.83361659395592
22560,TRADITIONAL MODELLING CLAY,13888,16803.3,730,88,12,1.25,2010-03-25 12:41:00,2011-12-04 13:32:00,19.024657534246575,0.12841970162392483,33.96203629557984
21877,HOME SWEET HOME MUG,13775,15576.960000000001,727,100,13,1.25,2009-12-08 13:38:00,2011-12-02 12:36:00,18.947730398899587,0.1273748120585804,34.089411107638426
21085,SET/6 WOODLAND PAPER CUPS,13704,1854.0800000000002,63,22,8,0.65,2009-12-08 16:09:00,2010-07-12 12:44:00,217.52380952380952,0.12671828852637282,34.216129396164796
21091,SET/6 WOODLAND PAPER PLATES,13686,1855.95,44,13,8,0.85,2009-12-08 16:09:00,2010-03-18 12:47:00,311.04545454545456,0.12655184594074273,34.34268124210554
22577,WOODEN HEART CHRISTMAS SCANDINAVIAN,13660,6975.579999999999,812,63,13,0.85,2010-07-18 11:31:00,2011-12-04 15:28:00,16.822660098522167,0.1263114288726104,34.46899267097815
37340,MULTICOLOUR SPRING FLOWER MUG,13622,3810.08,196,82,5,0.85,2009-12-07 18:02:00,2011-11-30 15:33:00,69.5,0.12596005008072467,34.59495272105888
22558,CLOTHES PEGS RETROSPOT PACK 24,13555,19114.43,1186,70,17,1.49,2010-04-14 13:39:00,2011-12-04 12:52:00,11.429173693086003,0.1253405137897682,34.72029323484865
22297,HEART IVORY TRELLIS SMALL,13526,17451.41,949,102,9,1.25,2009-12-07 11:05:00,2011-12-04 14:01:00,14.252897787144363,0.12507235629069752,34.84536559113934
22554,PLASTERS IN TIN WOODLAND ANIMALS,13477,22649.249999999996,1254,87,25,1.65,2010-03-25 12:43:00,2011-12-04 13:59:00,10.747208931419458,0.12461926258537118,34.96998485372471
22556,PLASTERS IN TIN CIRCUS PARADE,13422,22061.85,1177,88,24,1.65,2010-03-25 12:12:00,2011-12-04 13:32:00,11.4035683942226,0.12411068801816813,35.09409554174288
21986,PACK OF 12 PINK POLKADOT TISSUES,13372,4749.389999999999,454,100,13,0.29,2009-12-07 11:47:00,2011-12-02 16:39:00,29.45374449339207,0.123648347502529,35.21774388924541
22740,POLKADOT PEN,13345,11395.31,300,43,11,0.85,2010-09-30 13:57:00,2011-09-26 13:57:00,44.483333333333334,0.12339868362408388,35.341142572869494
21099,SET/6 STRAWBERRY PAPER CUPS,13265,1499.3400000000001,31,17,5,0.65,2009-12-10 09:49:00,2010-05-07 12:13:00,427.9032258064516,0.12265893879906127,35.46380151166856
23201,JUMBO BAG ALPHABET,13206,27456.18,880,34,17,2.08,2011-04-11 16:47:00,2011-12-04 13:15:00,15.006818181818181,0.12211337699060709,35.58591488865916
82580,BATHROOM METAL SIGN,13138,7388.27,1316,102,12,0.55,2009-12-07 10:33:00,2011-12-02 16:39:00,9.983282674772036,0.12148459388933787,35.707399482548496
20974,12 PENCILS SMALL TUBE SKULL,13093,8599.44,798,99,12,0.65,2009-12-07 11:39:00,2011-11-22 11:18:00,16.407268170426065,0.12106848742526266,35.82846796997376
21930,JUMBO STORAGE BAG SKULLS,13056,26676.51,1286,102,11,1.95,2009-12-07 13:24:00,2011-12-04 13:59:00,10.152410575427682,0.1207263554436897,35.949194325417444
22083,PAPER CHAIN KIT RETROSPOT,13000,38357.62,1340,102,18,2.95,2009-12-07 10:33:00,2011-12-02 16:39:00,9.701492537313433,0.12020853406617388,36.06940285948362
16161P,WRAP ENGLISH ROSE,12948,5330.4,432,87,18,0.42,2009-12-08 12:46:00,2011-11-29 10:01:00,29.97222222222222,0.11972769992990918,36.18913055941353
20718,RED RETROSPOT SHOPPER BAG,12924,16913.93,1177,102,18,1.25,2009-12-07 08:53:00,2011-12-04 13:59:00,10.980458793542907,0.11950577648240239,36.30863633589593
22328,ROUND SNACK BOXES SET OF 4 FRUITS,12871,35898.91,1148,98,19,2.95,2010-01-07 16:46:00,2011-12-02 14:48:00,11.211672473867596,0.11901569553582492,36.427652031431755
21092,SET/6 STRAWBERRY PAPER PLATES,12846,1571.5,28,13,5,0.85,2009-12-07 18:02:00,2010-03-17 13:09:00,458.7857142857143,0.11878452527800536,36.54643655670976
23209,LUNCH BAG VINTAGE DOILY,12829,20851.37,1070,31,16,1.65,2011-05-08 11:08:00,2011-12-04 13:59:00,11.989719626168224,0.11862732950268805,36.665063886212444
22534,MAGIC DRAWING SLATE SPACEBOY,12791,5472.79,578,88,15,0.42,2010-03-28 13:10:00,2011-12-02 13:35:00,22.129757785467127,0.11827595071080231,36.78333983692325
22699,ROSES REGENCY TEACUP AND SAUCER,12791,37336.37,1398,68,21,2.95,2010-08-11 15:46:00,2011-12-04 13:00:00,9.149499284692418,0.11827595071080231,36.90161578763405
82583,HOT BATHS METAL SIGN,12767,27678.7,1155,97,8,2.1,2009-12-07 10:33:00,2011-12-04 15:19:00,11.053679653679653,0.11805402726329553,37.01966981489735
21108,FAIRY CAKE FLANNEL ASSORTED COLOUR,12676,24858.760000000002,586,98,17,2.55,2009-12-07 17:56:00,2011-12-04 15:19:00,21.631399317406142,0.1172125675248323,37.13688238242218
22147,FELTCRAFT BUTTERFLY HEARTS,12620,17594.2,1112,101,15,1.45,2009-12-07 12:19:00,2011-12-01 11:18:00,11.348920863309353,0.11669474614731648,37.253577128569496
21914,BLUE HARMONICA IN BOX,12589,17211.01,921,90,17,1.25,2010-01-25 15:38:00,2011-12-04 14:55:00,13.668838219326819,0.11640809502762023,37.36998522359712
22030,SWALLOWS GREETING CARD,12513,5092.62,668,95,12,0.42,2009-12-07 12:19:00,2011-12-02 16:39:00,18.732035928143713,0.11570533744384874,37.48569056104097
20711,JUMBO BAG TOYS,12512,25502.68,1043,102,14,2.08,2009-12-07 18:02:00,2011-12-01 16:22:00,11.996164908916587,0.11569609063353596,37.6013866516745
22595,GINGHAM HEART DECORATION,12507,10520.519999999999,792,72,18,0.85,2010-07-16 15:26:00,2011-12-04 12:32:00,15.791666666666666,0.11564985658197205,37.71703650825648
21889,WOODEN BOX OF DOMINOES,12502,16660.23,1080,102,16,1.25,2009-12-07 10:33:00,2011-12-04 14:15:00,11.575925925925926,0.11560362253040814,37.832640130786885
22610,PENS ASSORTED FUNNY FACE,12464,5066.5,283,77,6,0.21,2010-02-25 09:16:00,2011-12-02 16:34:00,44.042402826855124,0.1152522437385224,37.94789237452541
22578,WOODEN STAR CHRISTMAS SCANDINAVIAN,12412,6031.62,744,44,12,0.83,2010-07-18 11:31:00,2011-12-04 15:28:00,16.682795698924732,0.1147714096022577,38.062663784127665
82600,NO SINGING METAL SIGN,12340,25033.230000000003,1163,96,14,2.1,2009-12-07 12:18:00,2011-12-04 15:19:00,10.61049011177988,0.11410563925973735,38.176769423387405
22866,HAND WARMER SCOTTY DOG DESIGN,12305,27252.550000000003,1042,35,10,2.1,2010-09-10 13:59:00,2011-12-04 15:00:00,11.809021113243762,0.11378200089878997,38.29055142428619
22149,FELTCRAFT 6 FLOWER FRIENDS,12286,25368.97,1361,97,18,2.1,2009-12-07 15:28:00,2011-11-10 18:46:00,9.027185892725937,0.1136063115028471,38.40415773578904
22993,SET OF 4 PANTRY JELLY MOULDS,12242,15974.33,1044,42,19,1.25,2011-02-16 15:13:00,2011-12-04 13:54:00,11.726053639846743,0.11319945184908466,38.517357187638126
22418,10 COLOUR SPACEBOY PEN,12240,10341.42,576,82,18,0.85,2010-05-06 16:21:00,2011-12-02 13:36:00,21.25,0.1131809582284591,38.63053814586659
21495,SKULLS AND CROSSBONES WRAP,12240,5024.8,367,99,11,0.42,2009-12-08 17:04:00,2011-12-02 10:22:00,33.35149863760218,0.1131809582284591,38.74371910409505
22998,TRAVEL CARD WALLET KEEP CALM,12208,5185.8,522,42,6,0.42,2011-02-16 16:56:00,2011-12-04 14:09:00,23.386973180076627,0.11288506029845005,38.8566041643935
21122,SET/10 PINK POLKADOT PARTY CANDLES,12029,14616.04,785,100,21,1.25,2009-12-07 15:42:00,2011-11-30 14:40:00,15.323566878980891,0.11122988125246196,38.967834045645965
23206,LUNCH BAG APPLE DESIGN,12028,20514.66,1015,34,18,1.65,2011-04-11 16:47:00,2011-12-04 15:19:00,11.85024630541872,0.11122063444214918,39.07905468008811
85220,SMALL FAIRY CAKE FRIDGE MAGNETS,11996,6527.0,4,3,3,1.5499999999999998,2009-12-15 14:03:00,2010-02-17 10:51:00,2999.0,0.11092473651214013,39.18997941660025
21891,TRADITIONAL WOODEN SKIPPING ROPE,11941,15241.02,800,92,17,1.25,2009-12-07 12:42:00,2011-12-04 12:08:00,14.92625,0.1104161619449371,39.30039557854519
22348,TEA BAG PLATE RED RETROSPOT,11915,10140.439999999999,923,102,21,0.85,2009-12-07 10:41:00,2011-12-04 11:50:00,12.90899241603467,0.11017574487680475,39.410571323422
79000,MOROCCAN TEA GLASS,11888,9631.5,428,86,13,0.85,2009-12-07 12:19:00,2011-09-12 16:14:00,27.77570093457944,0.10992608099835961,39.520497404420354
23310,BUBBLEGUM RING ASSORTED,11821,4896.179999999999,234,26,10,0.42,2011-06-09 11:49:00,2011-12-04 15:18:00,50.51709401709402,0.10930654470740318,39.629803949127755
22467,GUMBALL COAT RACK,11697,27641.37,1075,76,19,2.55,2010-03-04 14:45:00,2011-12-04 13:20:00,10.88093023255814,0.10815994022861813,39.73796388935637
85110,BLACK SILVER FLOWER T-LIGHT HOLDER,11520,1138.04,23,18,2,0.85,2009-12-10 09:49:00,2010-09-27 16:30:00,500.8695652173913,0.10652325480325561,39.84448714415963
23307,SET OF 60 PANTRY DESIGN CAKE CASES,11503,6102.990000000001,607,27,19,0.55,2011-06-03 12:07:00,2011-12-04 15:19:00,18.950576606260295,0.10636605902793832,39.95085320318757
84949,SILVER HANGING T-LIGHT HOLDER,11479,18302.739999999998,673,100,7,1.65,2009-12-07 12:12:00,2011-12-04 14:01:00,17.056463595839524,0.10614413558043154,40.056997338768
22561,WOODEN SCHOOL COLOURING SET,11467,19246.64,891,88,18,1.65,2010-03-25 11:28:00,2011-12-02 10:47:00,12.869809203142536,0.10603317385667814,40.16303051262468
22555,PLASTERS IN TIN STRONGMAN,11454,18508.809999999998,952,88,24,1.65,2010-03-25 12:12:00,2011-12-04 13:55:00,12.031512605042018,0.10591296532261196,40.26894347794729
84378,SET OF 3 HEART COOKIE CUTTERS,11442,15077.57,1218,102,17,1.25,2009-12-07 17:56:00,2011-12-04 11:45:00,9.394088669950738,0.10580200359885858,40.37474548154615
18007,ESSENTIAL BALM 3.5g TIN IN ENVELOPE,11386,1041.42,70,42,6,0.18,2009-12-07 13:48:00,2011-07-20 16:12:00,162.65714285714284,0.10528418222134275,40.48002966376749
22867,HAND WARMER BIRD DESIGN,11263,24865.61,1014,38,10,2.1,2010-09-10 13:59:00,2011-12-04 15:00:00,11.107495069033531,0.10414682455287048,40.58417648832036
21871,SAVE THE PLANET MUG,11160,13186.57,748,93,12,1.25,2009-12-07 14:02:00,2011-12-02 16:39:00,14.919786096256685,0.10319440309065388,40.687370891411014
22027,TEA PARTY BIRTHDAY CARD,11146,4741.43,831,101,19,0.42,2009-12-07 18:02:00,2011-12-02 10:41:00,13.412755716004813,0.10306494774627492,40.79043583915729
35961,FOLKART ZINC HEART CHRISTMAS DEC,11021,9194.859999999999,618,100,11,0.85,2009-12-07 17:56:00,2011-12-04 13:59:00,17.833333333333332,0.10190909645717709,40.89234493561447
20993,JAZZ HEARTS MEMO PAD,10966,1332.41,31,12,3,0.85,2009-12-09 15:03:00,2010-03-09 12:48:00,353.741935483871,0.10140052188997406,40.99374545750444
21672,WHITE SPOT RED CERAMIC DRAWER KNOB,10951,14163.58,801,99,13,1.25,2009-12-07 13:35:00,2011-12-04 15:38:00,13.671660424469414,0.10126181973528231,41.09500727723972
22951,60 CAKE CASES DOLLY GIRL DESIGN,10924,5741.72,621,63,22,0.55,2010-09-19 12:15:00,2011-12-04 13:45:00,17.59098228663446,0.10101215585683719,41.19601943309656
21390,FILIGRIS HEART WITH BUTTERFLY,10821,13404.12,578,101,9,1.25,2009-12-08 15:00:00,2011-12-04 14:01:00,18.72145328719723,0.10005973439462057,41.29607916749118
21916,SET 12 RETRO WHITE CHALK STICKS,10756,4630.25,685,102,8,0.42,2009-12-07 13:48:00,2011-12-04 14:55:00,15.702189781021898,0.0994586917242897,41.395537859215466
22114,HOT WATER BOTTLE TEA AND SYMPATHY,10754,54294.73,1482,76,18,3.95,2009-12-07 10:41:00,2011-12-04 10:10:00,7.256410256410256,0.09944019810366414,41.49497805731913
16047,POP ART PEN CASE & PENS,10611,1053.8500000000001,30,21,2,0.85,2009-12-13 15:43:00,2010-10-24 11:17:00,353.7,0.09811790422893622,41.593095961548066
21385,IVORY HANGING DECORATION  HEART,10558,9123.699999999999,675,96,7,0.85,2009-12-07 12:32:00,2011-12-01 12:53:00,15.641481481481481,0.09762782328235875,41.690723784830425
23202,JUMBO BAG VINTAGE LEAF,10541,20995.43,854,31,11,2.08,2011-05-06 15:40:00,2011-12-04 16:07:00,12.343091334894613,0.09747062750704144,41.78819441233747
21314,SMALL GLASS HEART TRINKET POT,10519,22875.350000000002,1039,102,10,2.1,2009-12-07 12:32:00,2011-12-02 16:39:00,10.124157844080846,0.09726719768016023,41.88546161001763
21506,"FANCY FONT BIRTHDAY CARD,",10516,4393.54,651,102,14,0.42,2009-12-07 11:46:00,2011-12-04 15:18:00,16.153609831029186,0.09723945724922188,41.98270106726685
15056N,EDWARDIAN PARASOL NATURAL,10509,55157.28,1009,102,13,5.95,2009-12-07 08:13:00,2011-12-04 14:55:00,10.415262636273539,0.09717472957703241,42.079875796843886
84997D,PINK 3 PIECE MINI DOTS CUTLERY SET,10484,39199.57,1050,97,27,3.75,2009-12-07 12:26:00,2011-12-04 15:19:00,9.984761904761905,0.09694355931921284,42.1768193561631
17084R,ASSORTED INCENSE PACK,10481,1938.21,64,45,3,0.21,2009-12-08 12:54:00,2011-11-06 14:08:00,163.765625,0.0969158188882745,42.27373517505138
22112,CHOCOLATE HOT WATER BOTTLE,10448,54493.79,1634,102,16,4.95,2009-12-07 12:08:00,2011-12-04 15:00:00,6.394124847001224,0.09661067414795266,42.37034584919933
22741,FUNKY DIVA PEN,10387,8928.279999999999,282,60,10,0.85,2010-09-30 14:46:00,2011-12-04 15:00:00,36.833333333333336,0.09604661871887292,42.466392467918205
21669,BLUE STRIPE CERAMIC DRAWER KNOB,10386,13594.26,791,90,14,1.25,2009-12-07 13:35:00,2011-12-04 15:38:00,13.130214917825537,0.09603737190856014,42.56242983982676
21967,PACK OF 12 SKULL TISSUES,10372,3063.5599999999995,464,91,13,0.29,2009-12-07 17:56:00,2011-12-01 16:22:00,22.353448275862068,0.09590791656418118,42.65833775639094
20676,RED RETROSPOT BOWL,10344,12932.050000000001,945,102,22,1.25,2009-12-07 08:53:00,2011-12-02 16:39:00,10.946031746031746,0.09564900587542327,42.753986762266365
21136,PAINTED METAL PEARS ASSORTED,10341,17129.36,725,101,12,1.69,2009-12-07 11:20:00,2011-12-04 11:50:00,14.26344827586207,0.09562126544448492,42.84960802771085
22557,PLASTERS IN TIN VINTAGE PAISLEY,10278,17226.55,1109,88,29,1.65,2010-03-25 13:16:00,2011-12-04 14:55:00,9.2678088367899,0.09503871639477962,42.94464674410563
22666,RECIPE BOX PANTRY YELLOW DESIGN,10270,32186.780000000002,1630,73,23,2.95,2010-07-09 17:17:00,2011-12-04 14:01:00,6.300613496932515,0.09496474191227736,43.03961148601791
21668,RED STRIPE CERAMIC DRAWER KNOB,10203,13682.59,805,95,12,1.25,2009-12-07 17:56:00,2011-12-04 14:51:00,12.674534161490683,0.09434520562132093,43.133956691639234
84380,SET OF 3 BUTTERFLY COOKIE CUTTERS,10183,13732.37,1081,102,16,1.25,2009-12-07 17:56:00,2011-12-04 11:45:00,9.419981498612396,0.09416026941506528,43.2281169610543
15034,PAPER POCKET TRAVELING FAN,10148,1413.4900000000002,251,90,10,0.14,2009-12-07 17:56:00,2011-11-30 15:13:00,40.430278884462155,0.09383663105411788,43.321953592108414
22444,GROW YOUR OWN PLANT IN A CAN,10132,13856.6,453,54,17,1.25,2010-03-23 11:41:00,2011-05-19 10:47:00,22.36644591611479,0.09368868208911336,43.41564227419753
22139,RETROSPOT TEA SET CERAMIC 11 PC,10123,50273.630000000005,1997,99,27,4.95,2009-12-07 08:53:00,2011-12-04 16:07:00,5.069103655483225,0.09360546079629832,43.50924773499383
22632,HAND WARMER RED RETROSPOT,10087,20099.820000000003,752,31,9,2.1,2010-09-20 15:33:00,2011-12-04 13:54:00,13.413563829787234,0.09327257562503814,43.602520310618864
48138,DOORMAT UNION FLAG,10022,66554.66,1650,101,12,7.49,2009-12-15 11:56:00,2011-12-04 11:55:00,6.073939393939394,0.09267153295470727,43.695191843573575
22188,BLACK HEART CARD HOLDER,10011,27274.170000000002,558,96,7,3.95,2009-12-14 17:57:00,2011-12-02 17:06:00,17.940860215053764,0.09256981804126667,43.787761661614844
84029E,RED WOOLLY HOTTIE WHITE HEART.,10005,40770.85,1085,95,10,3.75,2009-12-07 09:42:00,2011-12-04 14:51:00,9.221198156682028,0.09251433717938996,43.88027599879423
22530,MAGIC DRAWING SLATE DOLLY GIRL,9989,4225.17,462,86,15,0.42,2010-03-28 13:10:00,2011-11-30 17:37:00,21.62121212121212,0.09236638821438545,43.97264238700862
16046,TEATIME PEN CASE & PENS,9959,1204.41,57,41,2,0.85,2009-12-07 18:02:00,2011-11-28 11:26:00,174.71929824561403,0.09208898390500198,44.06473137091362
22333,RETROSPOT PARTY BAG + STICKER SET,9949,15506.0,683,101,22,1.65,2009-12-07 10:41:00,2011-11-28 13:56:00,14.566617862371888,0.09199651580187414,44.156727886715494
23077,DOUGHNUT LIP GLOSS,9930,13108.47,327,37,15,1.25,2011-03-24 08:44:00,2011-12-04 13:45:00,30.36697247706422,0.09182082640593127,44.24854871312142
21124,SET/10 BLUE SPOTTY PARTY CANDLES,9927,12042.65,612,100,21,1.25,2009-12-07 15:42:00,2011-12-02 13:35:00,16.220588235294116,0.09179308597499293,44.340341799096414
22652,TRAVEL SEWING KIT,9910,16794.05,830,70,26,1.65,2010-07-18 12:20:00,2011-11-15 16:38:00,11.939759036144578,0.09163589019967562,44.43197768929609
22662,LUNCH BAG DOLLY GIRL DESIGN,9898,16118.72,985,71,17,1.65,2010-07-19 12:22:00,2011-12-04 13:59:00,10.048730964467005,0.09152492847592222,44.52350261777201
16161U,WRAP SUKI AND FRIENDS,9876,4021.92,312,96,13,0.42,2009-12-08 12:46:00,2011-12-02 16:34:00,31.653846153846153,0.09132149864904102,44.614824116421055
21673,WHITE SPOT BLUE CERAMIC DRAWER KNOB,9854,12998.55,748,102,14,1.25,2009-12-07 13:35:00,2011-12-02 10:07:00,13.17379679144385,0.0911180688221598,44.70594218524322
16237,SLEEPING CAT ERASERS,9824,2114.06,555,101,7,0.21,2009-12-07 13:32:00,2011-12-04 13:15:00,17.7009009009009,0.09084066451277632,44.79678284975599
20973,12 PENCIL SMALL TUBE WOODLAND,9720,6661.8,635,79,14,0.65,2010-03-17 12:19:00,2011-12-04 13:59:00,15.307086614173228,0.08987899624024692,44.88666184599624
22734,SET OF 6 RIBBONS VINTAGE CHRISTMAS,9687,26413.7,739,43,17,2.89,2010-09-16 11:40:00,2011-12-04 13:32:00,13.108254397834912,0.0895738514999251,44.976235697496165
22219,LOVEBIRD HANGING DECORATION WHITE,9641,9150.48,1134,101,13,0.85,2009-12-07 11:46:00,2011-12-04 13:15:00,8.501763668430335,0.0891484982255371,45.065384195721705
22959,WRAP CHRISTMAS VILLAGE,9613,3929.46,279,32,12,0.42,2010-09-06 17:13:00,2011-12-04 13:32:00,34.45519713261649,0.08888958753677918,45.15427378325848
84050,PINK HEART SHAPE EGG FRYING PAN,9589,14145.0,703,95,19,1.65,2009-12-07 09:18:00,2011-11-01 10:30:00,13.640113798008535,0.0886676640892724,45.242941447347754
20685,DOORMAT RED RETROSPOT,9569,64950.27,1670,101,18,7.95,2009-12-07 10:33:00,2011-12-04 12:52:00,5.729940119760479,0.08848272788301675,45.33142417523077
62018,SOMBRERO,9558,12433.3,125,70,5,1.95,2009-12-11 12:58:00,2011-12-04 11:56:00,76.464,0.08838101296957615,45.41980518820035
22296,HEART IVORY TRELLIS LARGE,9546,15731.989999999998,811,91,10,1.65,2009-12-08 10:02:00,2011-12-04 14:01:00,11.770653514180024,0.08827005124582275,45.50807523944617
22697,GREEN REGENCY TEACUP AND SAUCER,9541,29611.23,1330,68,21,2.95,2010-08-11 15:46:00,2011-12-04 15:18:00,7.173684210526316,0.08822381719425884,45.59629905664043
21908,CHOCOLATE THIS WAY METAL SIGN,9535,18782.2,948,102,16,2.1,2009-12-07 13:45:00,2011-12-04 13:32:00,10.058016877637131,0.08816833633238215,45.68446739297281
23344,JUMBO BAG 50'S CHRISTMAS,9526,22185.100000000002,671,25,12,2.08,2011-06-15 13:25:00,2011-12-04 16:07:00,14.19672131147541,0.0880851150395671,45.77255250801238
82484,WOOD BLACK BOARD ANT WHITE FINISH,9506,54876.7,1155,86,15,6.75,2010-04-11 10:30:00,2011-12-04 15:19:00,8.23030303030303,0.08790017883331144,45.86045268684569
21174,POTTERING IN THE SHED METAL SIGN,9438,18997.829999999998,1094,102,5,2.08,2009-12-07 18:02:00,2011-12-04 15:19:00,8.627056672760512,0.08727139573204223,45.947724082577736
22759,SET OF 3 NOTEBOOKS IN PARCEL,9380,15866.559999999998,795,69,20,1.65,2010-08-08 12:43:00,2011-11-30 11:08:00,11.79874213836478,0.08673508073390084,46.03445916331164
22130,PARTY CONE CHRISTMAS DECORATION,9338,10628.66,396,62,12,0.85,2009-12-07 15:28:00,2011-12-02 12:52:00,23.58080808080808,0.08634671470076397,46.120805878012405
22791,T-LIGHT GLASS FLUTED ANTIQUE,9248,11442.36,419,52,8,1.25,2010-10-22 11:41:00,2011-12-04 15:00:00,22.071599045346062,0.08551450177261354,46.20632037978502
22381,TOY TIDY PINK POLKADOT,9247,19563.01,1093,97,19,2.1,2010-01-24 13:46:00,2011-12-04 16:07:00,8.460201280878316,0.08550525496230076,46.29182563474732
21165,BEWARE OF THE CAT METAL SIGN,9236,14922.64,944,98,16,1.69,2009-12-07 13:45:00,2011-12-04 11:45:00,9.783898305084746,0.08540354004886015,46.37722917479618
16045,POPART WOODEN PENCILS ASST,9212,425.44,73,35,4,0.04,2010-01-07 14:20:00,2011-12-04 13:59:00,126.1917808219178,0.08518161660135336,46.46241079139753
21238,RED RETROSPOT CUP,9196,7920.83,877,102,20,0.85,2009-12-07 13:57:00,2011-12-04 14:51:00,10.485746864310148,0.08503366763634884,46.547444459033876
21671,RED SPOT CERAMIC DRAWER KNOB,9185,11954.45,708,89,15,1.25,2009-12-07 17:56:00,2011-11-30 11:18:00,12.97316384180791,0.08493195272290824,46.63237641175679
84997B,RED 3 PIECE MINI DOTS CUTLERY SET,9136,34016.44,994,102,23,3.75,2009-12-07 12:26:00,2011-12-04 15:19:00,9.191146881287727,0.08447885901758188,46.71685527077437
22111,SCOTTIE DOG HOT WATER BOTTLE,9131,46452.05,1596,99,16,4.95,2009-12-07 10:48:00,2011-12-04 14:55:00,5.721177944862156,0.08443262496601797,46.80128789574039
22536,MAGIC DRAWING SLATE PURDEY,9041,3565.24,361,83,10,0.42,2010-03-28 13:31:00,2011-12-02 12:59:00,25.04432132963989,0.08360041203786754,46.884888307778255
47591D,PINK FAIRY CAKE CHILDRENS APRON,9017,16749.77,1105,98,23,1.95,2009-12-07 09:42:00,2011-12-04 11:45:00,8.160180995475113,0.08337848859036076,46.96826679636862
22988,SOLDIERS EGG CUP,8961,10768.89,430,45,4,1.25,2010-11-23 12:57:00,2011-12-02 16:39:00,20.83953488372093,0.08286066721284494,47.05112746358146
22138,BAKING SET 9 PIECE RETROSPOT,8954,43782.880000000005,1826,97,29,4.95,2009-12-07 09:42:00,2011-12-04 13:55:00,4.903614457831325,0.08279593954065545,47.13392340312211
21156,RETROSPOT CHILDRENS APRON,8919,16575.22,900,101,23,1.95,2009-12-07 08:53:00,2011-12-04 16:07:00,9.91,0.08247230117970807,47.21639570430182
22158,3 HEARTS HANGING DECORATION RUSTIC,8882,28902.99,706,72,7,2.95,2009-12-14 17:16:00,2011-12-04 15:00:00,12.580736543909348,0.08213016919813511,47.298525873499955
85160A,WHITE BIRD GARDEN DESIGN MUG,8816,1493.75,32,23,2,1.25,2009-12-10 09:49:00,2011-01-25 17:10:00,275.5,0.08151987971749144,47.380045753217445
M,Manual,8816,338793.72000000003,776,102,21,2.95,2009-12-08 09:49:00,2011-12-01 13:08:00,11.360824742268042,0.08151987971749144,47.461565632934935
21868,POTTING SHED TEA MUG,8803,10822.78,849,92,6,1.25,2009-12-07 08:13:00,2011-12-02 16:39:00,10.36866902237927,0.08139967118342528,47.54296530411836
22960,JAM MAKING SET WITH JARS,8801,37310.57,1132,53,26,4.25,2010-11-28 12:38:00,2011-12-04 14:55:00,7.774734982332156,0.08138117756279971,47.62434648168116
22544,MINI JIGSAW SPACEBOY,8787,3632.83,323,85,16,0.42,2010-03-25 16:25:00,2011-12-02 16:39:00,27.204334365325078,0.08125172221842075,47.70559820389958
21670,BLUE SPOT CERAMIC DRAWER KNOB,8746,11935.25,755,98,11,1.25,2009-12-07 17:56:00,2011-12-01 16:22:00,11.584105960264901,0.08087260299559666,47.786470806895174
21169,YOU'RE CONFUSING ME METAL SIGN,8728,14035.85,756,82,9,1.69,2009-12-08 15:49:00,2011-12-04 12:48:00,11.544973544973544,0.08070616040996659,47.86717696730514
22084,PAPER CHAIN KIT EMPIRE,8684,24828.510000000002,799,89,6,2.95,2009-12-07 13:24:00,2011-09-26 13:57:00,10.868585732165206,0.08029930075620414,47.947476268061344
84997C,BLUE 3 PIECE MINI DOTS CUTLERY SET,8664,32223.32,926,100,27,3.75,2009-12-07 12:26:00,2011-12-01 18:03:00,9.356371490280777,0.0801143645499485,48.02759063261129
21509,COWBOYS AND INDIANS BIRTHDAY CARD,8571,3532.67,616,101,11,0.42,2009-12-07 17:56:00,2011-12-04 13:32:00,13.91396103896104,0.07925441119085971,48.10684504380215
22907,PACK OF 20 NAPKINS PANTRY DESIGN,8554,7173.07,819,63,19,0.85,2010-09-16 13:06:00,2011-12-04 12:44:00,10.444444444444445,0.0790972154155424,48.1859422592177
22704,WRAP RED APPLES,8553,3512.26,290,78,14,0.42,2010-05-27 16:54:00,2011-12-04 16:07:00,29.49310344827586,0.07908796860522962,48.265030227822926
10002,INFLATABLE POLITICAL GLOBE,8531,6823.26,352,69,12,0.85,2009-12-07 16:40:00,2011-04-18 12:56:00,24.235795454545453,0.0788845387783484,48.34391476660127
22440,BALLOON WATER BOMB PACK OF 35,8503,3391.01,290,77,7,0.42,2010-04-11 12:37:00,2011-12-01 13:08:00,29.320689655172412,0.07862562808959049,48.42254039469086
22621,TRADITIONAL KNITTING NANCY,8489,13338.909999999998,848,79,16,1.65,2010-05-06 18:01:00,2011-12-02 16:39:00,10.01061320754717,0.07849617274521153,48.501036567436074
21989,PACK OF 20 SKULL PAPER NAPKINS,8427,6678.139999999999,639,99,17,0.85,2009-12-08 16:09:00,2011-12-04 11:45:00,13.187793427230046,0.07792287050581902,48.57895943794189
15056BL,EDWARDIAN PARASOL BLACK,8406,42922.82,827,102,14,5.95,2009-12-07 08:13:00,2011-12-02 13:21:00,10.164449818621524,0.07772868748925059,48.65668812543114
22087,PAPER BUNTING WHITE LACE,8389,25129.22,837,73,13,2.95,2009-12-07 12:19:00,2011-11-24 09:21:00,10.022700119474313,0.07757149171393328,48.73425961714507
22646,CERAMIC STRAWBERRY CAKE MONEY BANK,8377,12427.43,862,81,16,1.45,2010-05-14 15:41:00,2011-12-04 14:15:00,9.718097447795824,0.07746052999017988,48.81172014713525
23298,SPOTTY BUNTING,8370,42602.9,1124,31,16,4.95,2011-05-04 13:57:00,2011-12-04 13:59:00,7.44661921708185,0.07739580231799041,48.889115949453235
22950,36 DOILIES VINTAGE CHRISTMAS,8333,11452.64,352,31,12,1.45,2010-09-19 13:02:00,2011-11-07 11:33:00,23.673295454545453,0.07705367033641745,48.96616961978965
85184D,S/4 BLUE ROUND DECOUPAGE BOXES,8306,4519.67,63,32,8,2.95,2009-12-07 13:32:00,2010-09-27 16:30:00,131.84126984126985,0.07680400645797232,49.04297362624762
22727,ALARM CLOCK BAKELIKE RED,8297,33326.38,1326,62,22,3.75,2010-09-24 10:29:00,2011-12-04 14:51:00,6.257164404223228,0.07672078516515728,49.11969441141278
82581,TOILET METAL SIGN,8288,4585.85,900,102,11,0.55,2009-12-07 10:33:00,2011-12-04 13:59:00,9.20888888888889,0.07663756387234223,49.19633197528512
22633,HAND WARMER UNION JACK,8277,17012.120000000003,824,34,7,2.1,2010-10-07 09:12:00,2011-12-04 13:59:00,10.044902912621358,0.07653584895890163,49.272867824244024
23232,WRAP VINTAGE LEAF DESIGN,8276,3331.92,231,44,8,0.42,2011-01-17 12:31:00,2011-11-30 10:18:00,35.82683982683983,0.07652660214858885,49.349394426392614
23301,GARDENERS KNEELING PAD KEEP CALM,8258,14996.46,867,30,9,1.65,2011-05-15 11:43:00,2011-12-04 15:19:00,9.52479815455594,0.07636015956295876,49.42575458595557
85150,LADIES & GENTLEMEN METAL SIGN,8189,19761.92,1073,87,12,2.55,2009-12-07 12:18:00,2011-12-04 15:19:00,7.631873252562908,0.07572212965137676,49.50147671560695
22295,HEART FILIGREE DOVE LARGE,8187,13493.679999999998,681,92,9,1.65,2009-12-07 13:06:00,2011-12-04 12:52:00,12.022026431718063,0.0757036360307512,49.5771803516377
35970,ZINC FOLKART SLEIGH BELLS,8171,14591.18,666,74,11,1.69,2010-03-19 13:41:00,2011-12-04 14:55:00,12.26876876876877,0.07555568706574667,49.652736038703445
21559,STRAWBERRY LUNCH BOX WITH CUTLERY,8145,20081.94,1196,102,18,2.55,2009-12-07 13:24:00,2011-12-04 12:32:00,6.8102006688963215,0.07531526999761433,49.72805130870106
84988,SET OF 72 PINK HEART PAPER DOILIES,8145,12663.689999999999,1000,102,20,1.45,2009-12-07 17:56:00,2011-12-04 14:55:00,8.145,0.07531526999761433,49.80336657869868
21900,"KEY FOB , SHED",8133,5382.68,812,101,5,0.65,2009-12-07 12:08:00,2011-12-02 16:39:00,10.016009852216749,0.07520430827386093,49.87857088697254
21098,CHRISTMAS TOILET ROLL,8116,12403.41,563,55,11,1.25,2009-12-07 17:56:00,2011-12-04 13:20:00,14.41563055062167,0.07504711249854362,49.953617999471085
22661,CHARLOTTE BAG DOLLY GIRL DESIGN,8116,6546.78,622,71,15,0.85,2010-07-19 12:22:00,2011-12-02 16:39:00,13.04823151125402,0.07504711249854362,50.02866511196963
22065,CHRISTMAS PUDDING TRINKET POT,8104,5892.62,428,58,10,1.45,2009-12-07 11:47:00,2011-12-04 13:59:00,18.934579439252335,0.07493615077479024,50.10360126274442
16162L,THE KING GIFT BAG,8101,570.4300000000001,30,25,2,0.65,2009-12-09 12:45:00,2011-09-13 11:14:00,270.03333333333336,0.07490841034385189,50.17850967308827
22531,MAGIC DRAWING SLATE CIRCUS PARADE,8087,3487.18,404,86,14,0.42,2010-03-31 11:58:00,2011-12-02 12:59:00,20.01732673267327,0.07477895499947293,50.253288628087745
22620,4 TRADITIONAL SPINNING TOPS,8081,10896.13,823,82,21,1.45,2010-05-09 16:10:00,2011-12-04 13:32:00,9.818955042527339,0.07472347413759624,50.328012102225344
21507,"ELEPHANT, BIRTHDAY CARD,",8048,3379.0099999999998,567,102,14,0.42,2009-12-07 08:53:00,2011-12-02 16:39:00,14.19400352733686,0.07441832939727441,50.40243043162262
23293,SET OF 12 FAIRY CAKE BAKING CASES,8029,6601.94,527,21,18,0.83,2011-07-12 15:56:00,2011-12-04 15:18:00,15.235294117647058,0.07424264000133154,50.47667307162395
22698,PINK REGENCY TEACUP AND SAUCER,8010,23732.93,1012,62,18,2.95,2010-08-11 15:46:00,2011-12-04 15:18:00,7.91501976284585,0.07406695060538868,50.55074002222934
22966,GINGERBREAD MAN COOKIE CUTTER,8010,9840.97,704,51,14,1.25,2010-11-09 12:39:00,2011-12-04 16:07:00,11.377840909090908,0.07406695060538868,50.62480697283473
84987,SET OF 36 TEATIME PAPER DOILIES,8007,11674.199999999999,798,102,18,1.45,2009-12-07 13:49:00,2011-12-04 12:44:00,10.033834586466165,0.07403921017445032,50.69884618300918
21154,RED RETROSPOT OVEN GLOVE,7984,11526.39,876,102,16,1.25,2009-12-07 15:26:00,2011-12-04 14:51:00,9.114155251141552,0.07382653353725632,50.77267271654644
22367,CHILDRENS APRON SPACEBOY DESIGN,7965,15536.619999999999,1131,99,23,1.95,2010-01-10 11:08:00,2011-12-04 12:44:00,7.042440318302387,0.07365084414131345,50.84632356068775
23076,ICE CREAM SUNDAE LIP GLOSS,7952,9775.92,270,36,16,1.25,2011-03-24 09:44:00,2011-12-04 13:59:00,29.451851851851853,0.07353063560724728,50.919854196295
21481,FAWN BLUE HOT WATER BOTTLE,7947,24786.81,993,98,17,2.95,2009-12-07 10:41:00,2011-12-04 12:44:00,8.003021148036254,0.07348440155568337,50.99333859785068
22335,HEART DECORATION PAINTED ZINC,7894,5182.58,488,100,9,0.65,2009-12-07 12:32:00,2011-12-04 13:15:00,16.17622950819672,0.07299432060910589,51.066332918459786
23230,WRAP ALPHABET DESIGN,7876,3175.92,232,46,12,0.42,2011-01-13 11:48:00,2011-11-30 16:43:00,33.94827586206897,0.0728278780234758,51.13916079648326
22047,EMPIRE GIFT WRAP,7875,3209.5,253,88,6,0.42,2009-12-07 15:42:00,2011-11-28 08:48:00,31.126482213438734,0.07281863121316302,51.21197942769642
21917,SET 12 KIDS  WHITE CHALK STICKS,7820,3244.0099999999998,454,97,15,0.42,2009-12-07 12:19:00,2011-12-04 13:59:00,17.22466960352423,0.07231005664595998,51.28428948434238
21988,PACK OF 6 SKULL PAPER PLATES,7801,5795.5199999999995,411,99,16,0.85,2009-12-07 15:28:00,2011-11-28 13:26:00,18.980535279805352,0.07213436725001711,51.356423851592396
20979,36 PENCILS TUBE RED RETROSPOT,7778,9789.2,675,101,19,1.25,2009-12-07 11:35:00,2011-12-02 16:39:00,11.522962962962962,0.07192169061282311,51.42834554220522
21936,RED RETROSPOT PICNIC BAG,7760,22573.48,1032,101,21,2.95,2009-12-07 18:02:00,2011-12-04 16:02:00,7.51937984496124,0.07175524802719302,51.500100790232416
23207,LUNCH BAG ALPHABET DESIGN,7748,13173.71,724,34,13,1.65,2011-04-11 16:47:00,2011-12-04 15:19:00,10.701657458563536,0.07164428630343962,51.571745076535855
21892,TRADITIONAL WOODEN CATCH CUP GAME,7720,9968.4,792,100,15,1.25,2009-12-07 13:57:00,2011-12-04 13:45:00,9.747474747474747,0.07138537561468171,51.64313045215054
22553,PLASTERS IN TIN SKULLS,7712,12854.889999999998,1073,88,23,1.65,2010-03-25 13:16:00,2011-12-04 13:59:00,7.187325256290774,0.07131140113217946,51.714441853282715
23204,CHARLOTTE BAG APPLES DESIGN,7699,7424.22,566,34,11,0.85,2011-04-11 16:47:00,2011-12-04 16:07:00,13.602473498233216,0.07119119259811328,51.78563304588083
22243,5 HOOK HANGER RED MAGIC TOADSTOOL,7678,11860.249999999998,388,80,17,1.65,2009-12-13 12:36:00,2011-11-30 11:31:00,19.788659793814432,0.07099700958154484,51.856630055462375
48194,DOORMAT HEARTS,7676,48327.88,1324,102,14,7.95,2009-12-07 11:35:00,2011-12-04 10:11:00,5.7975830815709966,0.07097851596091928,51.92760857142329
22945,CHRISTMAS METAL TAGS ASSORTED,7629,7344.099999999999,336,44,12,0.85,2010-09-19 11:25:00,2011-12-02 16:39:00,22.705357142857142,0.0705439158762185,51.998152487299514
21830,ASSORTED CREEPY CRAWLIES,7610,3165.44,254,90,4,0.42,2009-12-07 16:40:00,2011-11-23 13:39:00,29.96062992125984,0.07036822648027563,52.06852071377979
23309,SET OF 60 I LOVE LONDON CAKE CASES,7594,4170.4,389,27,8,0.55,2011-06-02 15:13:00,2011-12-04 15:19:00,19.52185089974293,0.0702202775152711,52.13874099129506
20677,PINK POLKADOT BOWL,7546,9525.24,740,102,22,1.25,2009-12-07 17:56:00,2011-12-02 16:07:00,10.197297297297297,0.06977643062025754,52.20851742191532
21392,RED SPOTTY PUDDING BOWL,7539,1465.53,47,35,8,2.1,2009-12-16 11:43:00,2011-03-17 19:01:00,160.40425531914894,0.06971170294806807,52.27822912486339
21172,PARTY METAL SIGN,7538,11163.65,947,95,11,1.45,2009-12-07 13:45:00,2011-12-04 13:32:00,7.95987328405491,0.06970245613775528,52.34793158100114
22150,3 STRIPEY MICE FELTCRAFT,7537,13934.16,895,101,12,1.95,2009-12-07 10:42:00,2011-12-04 15:54:00,8.42122905027933,0.0696932093274425,52.41762479032858
21240,BLUE POLKADOT CUP,7515,6478.86,758,102,21,0.85,2009-12-09 12:30:00,2011-12-02 14:26:00,9.914248021108179,0.06948977950056127,52.487114569829146
22771,CLEAR DRAWER KNOB ACRYLIC EDWARDIAN,7450,10081.39,507,59,11,1.25,2010-10-17 11:23:00,2011-12-04 12:32:00,14.694280078895464,0.06888873683023042,52.55600330665938
84375,SET OF 20 KIDS COOKIE CUTTERS,7432,15375.720000000001,767,94,17,2.1,2009-12-07 12:19:00,2011-12-04 14:55:00,9.689700130378096,0.06872229424460033,52.62472560090398
22726,ALARM CLOCK BAKELIKE GREEN,7426,31457.079999999998,1241,58,17,3.75,2010-09-24 10:29:00,2011-12-04 14:51:00,5.983883964544722,0.06866681338272362,52.693392414286706
21754,HOME BUILDING BLOCK WORD,7407,45304.39,2019,102,16,5.95,2009-12-07 10:33:00,2011-12-04 11:56:00,3.6686478454680533,0.06849112398678076,52.76188353827349
22491,PACK OF 12 COLOURED PENCILS,7399,5929.599999999999,388,82,15,0.85,2010-05-06 10:28:00,2011-12-02 12:24:00,19.06958762886598,0.0684171495042785,52.830300687777765
22464,HANGING METAL HEART LANTERN,7380,12580.739999999998,757,91,10,1.65,2010-03-04 14:50:00,2011-12-04 12:31:00,9.749009247027741,0.06824146010833564,52.8985421478861
22720,SET OF 3 CAKE TINS PANTRY DESIGN,7352,37232.200000000004,1358,49,22,4.95,2010-12-13 15:13:00,2011-12-02 16:39:00,5.4138438880706925,0.06798254941957772,52.96652469730567
21786,POLKADOT RAIN HAT,7331,2973.17,434,97,9,0.79,2009-12-07 17:56:00,2011-12-04 12:44:00,16.891705069124423,0.06778836640300928,53.03431306370868
84520B,PACK 20 ENGLISH ROSE PAPER NAPKINS,7326,6264.67,712,63,13,0.85,2009-12-08 11:07:00,2011-03-03 16:22:00,10.289325842696629,0.06774213235144537,53.10205519606013
21485,RETROSPOT HEART HOT WATER BOTTLE,7316,35672.47,1311,98,18,4.95,2009-12-07 10:41:00,2011-12-04 13:54:00,5.58047292143402,0.06764966424831755,53.16970486030844
21519,GIN & TONIC DIET GREETING CARD,7280,3116.28,543,98,14,0.42,2009-12-07 13:17:00,2011-11-24 10:42:00,13.406998158379373,0.06731677907705737,53.2370216393855
21239,PINK  POLKADOT CUP,7269,6346.09,735,102,21,0.85,2009-12-07 17:56:00,2011-12-02 14:26:00,9.889795918367346,0.06721506416361676,53.30423670354912
48187,DOORMAT NEW ENGLAND,7210,45668.56,1243,95,13,7.95,2009-12-07 10:33:00,2011-12-04 15:35:00,5.80048270313757,0.06666950235516259,53.370906205904284
82582,AREA PATROLLED METAL SIGN,7206,14562.02,766,95,8,2.1,2009-12-07 12:18:00,2011-12-04 13:00:00,9.407310704960835,0.06663251511391145,53.43753872101819
21078,SET/20 STRAWBERRY PAPER NAPKINS,7198,6170.2,739,94,14,0.85,2009-12-07 18:02:00,2011-10-13 14:33:00,9.740189445196211,0.0665585406314092,53.504097261649605
21082,SET/20 FRUIT SALAD PAPER NAPKINS,7171,1950.25,162,64,6,0.85,2009-12-10 13:59:00,2011-06-28 15:44:00,44.26543209876543,0.06630887675296407,53.57040613840257
22710,WRAP I LOVE LONDON,7159,2810.78,172,70,10,0.42,2010-05-27 09:17:00,2011-12-04 13:32:00,41.622093023255815,0.06619791502921067,53.63660405343178
22579,WOODEN TREE CHRISTMAS SCANDINAVIAN,7152,3797.2799999999997,553,43,11,0.85,2010-07-18 11:31:00,2011-11-28 15:54:00,12.933092224231464,0.0661331873570212,53.7027372407888
22273,FELTCRAFT DOLL MOLLY,7143,19522.23,774,101,16,2.95,2009-12-07 12:19:00,2011-12-04 15:13:00,9.228682170542635,0.06604996606420616,53.768787206853006
22041,"RECORD FRAME 7"" SINGLE SIZE",7126,17673.59,541,99,5,2.55,2009-12-10 09:49:00,2011-12-02 16:39:00,13.171903881700555,0.06589277028888885,53.834679977141896
23231,WRAP DOILEY DESIGN,7102,2934.84,254,47,19,0.42,2011-01-12 15:06:00,2011-12-01 10:20:00,27.96062992125984,0.06567084684138207,53.90035082398328
22198,LARGE POPCORN HOLDER,7102,12397.119999999999,636,59,12,1.65,2009-12-07 10:41:00,2011-02-21 11:35:00,11.166666666666666,0.06567084684138207,53.96602167082467
20991,JAZZ HEARTS MAGNETIC MEMO PAD,7074,872.21,28,8,4,0.65,2009-12-07 17:56:00,2010-02-19 10:54:00,252.64285714285714,0.06541193615262415,54.03143360697729
22609,PENS ASSORTED SPACEBALL,7042,2393.0299999999997,197,63,6,0.21,2010-02-23 14:16:00,2011-12-02 16:34:00,35.746192893401016,0.06511603822261511,54.0965496451999
22712,CARD DOLLY GIRL,7041,2907.88,501,68,18,0.42,2010-05-28 13:23:00,2011-12-02 10:41:00,14.053892215568862,0.06510679141230233,54.161656436612205
84406B,CREAM CUPID HEARTS COAT HANGER,7030,22748.920000000002,826,100,11,3.25,2009-12-07 11:46:00,2011-12-04 11:56:00,8.51089588377724,0.06500507649886171,54.22666151311107
23200,JUMBO BAG PEARS,7022,14076.91,583,31,13,2.08,2011-05-06 15:40:00,2011-12-04 13:59:00,12.04459691252144,0.06493110201635946,54.29159261512743
37370,RETRO COFFEE MUGS ASSORTED,7004,10597.800000000001,481,84,13,1.25,2009-12-07 18:02:00,2011-11-22 12:24:00,14.56133056133056,0.06476465943072937,54.35635727455816
22082,RIBBON REEL STRIPES DESIGN,6978,11720.74,928,102,12,1.65,2009-12-07 12:19:00,2011-12-01 16:22:00,7.519396551724138,0.06452424236259702,54.42088151692075
21974,SET OF 36 PAISLEY FLOWER DOILIES,6973,10497.869999999999,795,102,18,1.45,2009-12-07 17:56:00,2011-12-04 12:44:00,8.771069182389937,0.0644780083110331,54.485359525231786
22352,LUNCH BOX WITH CUTLERY RETROSPOT,6895,17336.29,1085,102,16,2.55,2009-12-07 08:13:00,2011-12-02 10:47:00,6.354838709677419,0.06375675710663607,54.549116282338424
82552,WASHROOM METAL SIGN,6893,9438.77,779,98,8,1.45,2009-12-07 15:43:00,2011-12-02 17:12:00,8.848523748395378,0.0637382634860105,54.61285454582443
21242,RED RETROSPOT PLATE,6883,11579.07,641,101,21,1.69,2009-12-07 13:57:00,2011-12-02 10:21:00,10.737909516380656,0.06364579538288268,54.676500341207316
22488,NATURAL SLATE RECTANGLE CHALKBOARD,6869,11717.179999999998,797,91,11,1.65,2010-03-05 11:31:00,2011-12-01 11:53:00,8.618569636135508,0.06351634003850372,54.74001668124582
22154,ANGEL DECORATION 3 BUTTONS,6861,2960.83,299,55,5,0.42,2009-12-07 16:38:00,2011-12-02 14:26:00,22.94648829431438,0.06344236555600145,54.80345904680182
21935,SUKI  SHOULDER BAG,6846,12536.88,889,102,16,1.65,2009-12-07 15:26:00,2011-12-04 12:32:00,7.700787401574803,0.06330366340130972,54.866762710203126
47503E,ASS FLORAL PRINT SCISSORS,6842,1186.9,25,16,5,1.25,2009-12-08 13:59:00,2010-09-28 15:28:00,273.68,0.06326667616005859,54.93002938636319
22834,HAND WARMER BABUSHKA DESIGN,6840,11151.02,583,47,8,2.1,2010-09-12 14:34:00,2011-12-04 14:51:00,11.732418524871354,0.06324818253943303,54.99327756890262
21621,VINTAGE UNION JACK BUNTING,6821,59606.409999999996,1265,100,10,8.5,2009-12-07 08:53:00,2011-12-04 13:20:00,5.3920948616600795,0.06307249314349016,55.05635006204611
23078,ICE CREAM PEN LIP GLOSS,6802,8511.04,253,37,12,1.25,2011-03-24 10:40:00,2011-12-02 16:39:00,26.885375494071145,0.06289680374754729,55.119246865793656
21523,DOORMAT FANCY FONT HOME SWEET HOME,6758,45006.89,1083,100,12,7.95,2009-12-07 08:13:00,2011-12-04 13:32:00,6.2400738688827335,0.06248994409378485,55.18173680988744
48185,DOORMAT FAIRY CAKE,6753,45206.25,961,102,14,7.95,2009-12-07 08:24:00,2011-12-04 11:45:00,7.027055150884495,0.062443710042220935,55.244180519929664
23170,REGENCY TEA PLATE ROSES,6749,10889.289999999999,432,30,15,1.65,2011-05-10 10:34:00,2011-12-04 13:00:00,15.622685185185185,0.0624067228009698,55.306587242730636
22037,ROBOT BIRTHDAY CARD,6720,2899.93,616,92,13,0.42,2009-12-07 12:19:00,2011-12-04 15:18:00,10.909090909090908,0.06213856530189911,55.368725808032536
22419,LIPSTICK PEN RED,6698,3148.0299999999997,496,81,11,0.42,2010-05-07 09:04:00,2011-12-04 14:55:00,13.504032258064516,0.061935135475017895,55.430660943507554
21875,KINGS CHOICE MUG,6688,7697.4400000000005,393,97,5,1.25,2009-12-07 15:02:00,2011-12-04 11:24:00,17.017811704834607,0.061842667371890064,55.492503610879446
21535,RED RETROSPOT SMALL MILK JUG,6688,16591.64,1088,101,14,2.55,2009-12-07 10:46:00,2011-12-04 11:24:00,6.147058823529412,0.061842667371890064,55.55434627825134
22161,HEART DECORATION RUSTIC HANGING,6655,2720.4700000000003,485,91,9,0.79,2009-12-07 18:02:00,2011-12-01 12:01:00,13.721649484536082,0.06153752263156824,55.615883800882905
22816,CARD MOTORBIKE SANTA,6644,2861.89,418,38,12,0.42,2010-09-16 13:06:00,2011-12-04 13:59:00,15.894736842105264,0.06143580771812763,55.67731960860103
22983,CARD BILLBOARD FONT,6617,2808.33,541,63,15,0.42,2010-09-14 17:50:00,2011-12-02 14:26:00,12.231053604436228,0.0611861438396825,55.738505752440716
21508,VINTAGE KID DOLLY CARD,6617,2765.78,531,100,15,0.42,2009-12-07 08:53:00,2011-12-02 16:39:00,12.461393596986817,0.0611861438396825,55.7996918962804
21313,GLASS HEART T-LIGHT HOLDER,6574,5648.42,401,95,5,0.85,2009-12-07 18:02:00,2011-12-04 14:45:00,16.394014962593516,0.06078853099623285,55.860480427276634
21155,RED RETROSPOT PEG BAG,6570,16069.55,951,92,12,2.55,2009-12-07 15:26:00,2011-12-04 12:52:00,6.908517350157728,0.06075154375498172,55.92123197103162
21810,CHRISTMAS HANGING STAR WITH BELL,6562,4117.34,318,41,6,0.83,2009-12-08 12:51:00,2011-12-04 14:55:00,20.635220125786162,0.060677569272479456,55.981909540304095
21899,"KEY FOB , GARAGE DESIGN",6555,4232.83,606,101,6,0.65,2009-12-07 12:08:00,2011-12-02 13:38:00,10.816831683168317,0.06061284160028998,56.042522381904384
51014A,"FEATHER PEN,HOT PINK",6522,4466.7,361,91,11,0.83,2009-12-07 13:35:00,2011-12-04 14:15:00,18.066481994459835,0.06030769685996815,56.10283007876435
23300,GARDENERS KNEELING PAD CUP OF TEA,6497,11182.15,719,30,6,1.65,2011-05-15 11:43:00,2011-12-04 15:19:00,9.03616133518776,0.060076526602148586,56.162906605366494
84832,ZINC WILLIE WINKIE  CANDLE STICK,6457,5813.37,603,102,15,0.85,2009-12-07 13:17:00,2011-12-04 14:55:00,10.708126036484245,0.05970665418963728,56.222613259556134
22437,SET OF 9 BLACK SKULL BALLOONS,6447,5400.24,438,85,15,0.85,2010-04-07 16:22:00,2011-12-04 11:45:00,14.719178082191782,0.05961418608650946,56.28222744564264
21987,PACK OF 6 SKULL PAPER CUPS,6364,3951.65,378,98,15,0.65,2009-12-07 15:28:00,2011-11-28 13:26:00,16.835978835978835,0.0588467008305485,56.34107414647319
22549,PICTURE DOMINOES,6347,9450.06,694,88,18,1.45,2010-03-25 13:41:00,2011-12-04 14:55:00,9.145533141210375,0.0586895050552312,56.399763651528424
84971S,SMALL HEART FLOWERS HOOK,6342,5394.389999999999,445,101,8,0.85,2009-12-08 13:08:00,2011-12-02 13:21:00,14.251685393258427,0.058643271003667286,56.45840692253209
22196,SMALL HEART MEASURING SPOONS,6336,5882.4,942,102,16,0.85,2009-12-07 12:26:00,2011-12-04 14:55:00,6.726114649681529,0.05858779014179059,56.516994712673885
84029G,KNITTED UNION FLAG HOT WATER BOTTLE,6303,27305.79,953,99,10,3.75,2009-12-07 13:52:00,2011-12-04 14:51:00,6.6138509968520465,0.05828264540146876,56.575277358075354
22602,CHRISTMAS RETROSPOT HEART WOOD,6297,5339.37,525,71,16,0.85,2010-07-16 15:26:00,2011-12-04 12:52:00,11.994285714285715,0.05822716453959207,56.63350452261495
20675,BLUE POLKADOT BOWL,6296,7859.150000000001,674,102,21,1.25,2009-12-09 09:42:00,2011-12-02 14:26:00,9.341246290801188,0.058217917729279284,56.69172244034423
22028,PENNY FARTHING BIRTHDAY CARD,6265,2629.02,496,93,17,0.42,2009-12-08 12:05:00,2011-12-01 12:01:00,12.631048387096774,0.057931266609583025,56.749653706953815
21811,HANGING HEART WITH BELL,6259,4473.29,372,76,8,1.25,2009-12-07 17:56:00,2011-11-23 12:45:00,16.8252688172043,0.057875785747706326,56.80752949270152
20717,STRAWBERRY SHOPPER BAG,6253,7700.42,739,102,14,1.25,2009-12-07 11:20:00,2011-11-30 11:30:00,8.461434370771313,0.057820304885829635,56.86534979758735
21874,GIN AND TONIC MUG,6251,8069.12,599,102,9,1.25,2009-12-07 15:42:00,2011-12-02 16:39:00,10.435726210350584,0.05780181126520407,56.92315160885256
22046,TEA PARTY  WRAPPING PAPER,6250,2561.0,203,89,16,0.42,2009-12-10 11:27:00,2011-12-02 10:22:00,30.788177339901477,0.05779256445489128,56.98094417330745
17096,ASSORTED LAQUERED INCENSE HOLDERS,6239,1116.66,75,52,2,0.42,2009-12-10 12:10:00,2011-07-19 15:30:00,83.18666666666667,0.05769084954145068,57.0386350228489
20996,JAZZ HEARTS ADDRESS BOOK,6205,1664.21,325,88,5,0.42,2009-12-08 17:13:00,2011-12-04 13:59:00,19.092307692307692,0.05737645799081607,57.096011480839714
22631,CIRCUS PARADE LUNCH BOX,6204,12094.51,651,75,19,1.95,2010-03-14 12:18:00,2011-12-04 14:51:00,9.52995391705069,0.05736721118050329,57.15337869202022
16044,POP-ART FLUORESCENT PENS,6193,389.22,3,3,2,0.42,2010-01-07 14:20:00,2010-02-18 13:29:00,2064.3333333333335,0.05726549626706268,57.21064418828728
85049E,SCANDINAVIAN REDS RIBBONS,6185,8264.97,805,100,11,1.25,2009-12-07 11:39:00,2011-12-04 15:35:00,7.683229813664596,0.05719152178456042,57.26783571007184
22818,CARD CHRISTMAS VILLAGE,6185,2676.7599999999998,393,39,13,0.42,2010-09-16 13:06:00,2011-12-04 13:32:00,15.73791348600509,0.05719152178456042,57.3250272318564
21429,RED GINGHAM ROSE JEWELLERY BOX,6176,10993.82,960,85,18,1.65,2009-12-07 10:41:00,2011-12-02 16:39:00,6.433333333333334,0.057108300491745374,57.38213553234815
37423,WHITE WITH BLACK CATS PLATE,6159,833.68,67,38,2,1.66,2009-12-07 18:02:00,2011-03-18 11:30:00,91.92537313432835,0.056951104716428065,57.43908663706458
23171,REGENCY TEA PLATE GREEN,6157,9863.89,369,30,14,1.65,2011-05-10 10:34:00,2011-12-04 15:18:00,16.685636856368564,0.056932611095802506,57.49601924816038
23245,SET OF 3 REGENCY CAKE TINS,6156,29902.440000000002,844,26,24,4.95,2011-06-08 12:02:00,2011-12-04 15:18:00,7.293838862559242,0.05692336428548972,57.55294261244587
85160B,BLACK BIRD GARDEN DESIGN MUG,6155,1032.7,36,27,2,1.25,2009-12-14 18:03:00,2011-11-13 16:22:00,170.97222222222223,0.05691411747517694,57.60985672992104
22152,PLACE SETTING WHITE STAR,6135,2597.7599999999998,233,73,6,0.42,2009-12-07 18:12:00,2011-12-04 15:00:00,26.330472103004293,0.056729181268921285,57.66658591118996
21623,VINTAGE UNION JACK MEMOBOARD,6102,44853.63,523,91,9,9.95,2010-02-28 15:58:00,2011-12-04 13:45:00,11.667304015296367,0.05642403652859946,57.72300994771856
22728,ALARM CLOCK BAKELIKE PINK,6078,23713.72,951,62,17,3.75,2010-09-24 13:04:00,2011-12-04 13:59:00,6.391167192429022,0.05620211308109268,57.77921206079965
84596B,SMALL DOLLY MIX DESIGN ORANGE BOWL,6076,3974.98,701,98,11,0.83,2009-12-07 17:18:00,2011-12-04 13:59:00,8.667617689015692,0.05618361946046711,57.83539568026012
72232,FENG SHUI PILLAR CANDLE,6076,1154.44,116,63,2,0.19,2009-12-11 14:20:00,2011-11-30 14:05:00,52.37931034482759,0.05618361946046711,57.89157929972059
21833,CAMOUFLAGE LED TORCH,6068,10362.2,420,95,8,1.69,2009-12-07 11:39:00,2011-12-02 16:39:00,14.447619047619048,0.05610964497796485,57.947688944698555
20992,JAZZ HEARTS PURSE NOTEBOOK,6054,3173.58,420,95,6,0.7849999999999999,2009-12-07 18:02:00,2011-12-04 13:59:00,14.414285714285715,0.05598018963358589,58.00366913433214
22713,CARD I LOVE LONDON,6045,2598.5099999999998,362,79,5,0.42,2010-05-27 20:11:00,2011-12-04 13:32:00,16.69889502762431,0.055896968340770854,58.05956610267291
21901,"KEY FOB , BACK DOOR",6045,3977.1400000000003,668,101,4,0.65,2009-12-07 12:08:00,2011-12-02 16:38:00,9.04940119760479,0.055896968340770854,58.11546307101368
22064,PINK DOUGHNUT TRINKET POT,6030,10077.96,657,101,16,1.65,2009-12-07 09:18:00,2011-12-04 11:55:00,9.178082191780822,0.05575826618607911,58.17122133719976
22900,SET 2 TEA TOWELS I LOVE LONDON,6026,19375.7,704,62,11,3.25,2010-09-24 16:06:00,2011-12-02 16:39:00,8.559659090909092,0.05572127894482798,58.22694261614459
23295,SET OF 12 MINI LOAF BAKING CASES,6025,4960.16,424,21,15,0.83,2011-07-12 15:56:00,2011-12-04 15:18:00,14.209905660377359,0.0557120321345152,58.282654648279106
21870,I CAN ONLY PLEASE ONE PERSON MUG,6016,7526.3,616,76,6,1.25,2009-12-07 13:17:00,2011-08-24 09:36:00,9.766233766233766,0.055628810841700155,58.33828345912081
21983,PACK OF 12 BLUE PAISLEY TISSUES,6008,1835.2399999999998,313,99,10,0.29,2009-12-08 15:49:00,2011-12-02 13:49:00,19.19488817891374,0.0555548363591979,58.39383829548001
21843,RED RETROSPOT CAKE STAND,6001,63289.439999999995,1484,102,18,10.95,2009-12-07 10:33:00,2011-12-04 13:32:00,4.043800539083558,0.05549010868700842,58.44932840416702
21700,BIG DOUGHNUT FRIDGE MAGNETS,6001,6729.009999999999,511,94,20,0.85,2009-12-07 10:41:00,2011-11-10 14:01:00,11.743639921722114,0.05549010868700842,58.50481851285403
85049A,TRADITIONAL CHRISTMAS RIBBONS,5991,7882.99,638,83,11,1.25,2009-12-07 11:39:00,2011-12-04 15:00:00,9.390282131661442,0.05539764058388059,58.56021615343791
23208,LUNCH BAG VINTAGE LEAF DESIGN,5988,9909.17,643,34,13,1.65,2011-04-12 09:49:00,2011-12-04 15:19:00,9.312597200622085,0.05536990015294224,58.61558605359085
20983,12 PENCILS TALL TUBE RED RETROSPOT,5968,5195.09,613,101,15,0.85,2009-12-07 11:39:00,2011-12-01 13:08:00,9.735725938009788,0.055184963946686594,58.67077101753754
22156,HEART DECORATION WITH PEARLS,5965,5362.46,565,102,5,0.85,2009-12-07 17:56:00,2011-12-04 12:32:00,10.557522123893806,0.05515722351574824,58.72592824105329
47599A,PINK PARTY BAGS,5961,11167.97,368,89,17,2.1,2009-12-11 12:41:00,2011-12-02 16:04:00,16.19836956521739,0.055120236274497116,58.781048477327786
21746,SMALL RED RETROSPOT WINDMILL,5925,7413.06,484,97,8,1.25,2009-12-09 09:42:00,2011-11-29 08:07:00,12.241735537190083,0.05478735110323694,58.83583582843102
22227,HANGING HEART MIRROR DECORATION,5918,4269.17,630,102,5,0.65,2009-12-07 12:32:00,2011-12-04 12:31:00,9.393650793650794,0.05472262343104746,58.89055845186207
22540,MINI JIGSAW CIRCUS PARADE,5911,2361.32,182,76,14,0.42,2010-03-28 15:11:00,2011-11-29 15:06:00,32.47802197802198,0.05465789575885798,58.94521634762093
21135,VICTORIAN  METAL POSTCARD SPRING,5907,8435.42,397,101,13,1.69,2009-12-07 12:32:00,2011-12-04 13:00:00,14.879093198992443,0.05462090851760685,58.999837256138534
85061W,WHITE JEWELLED HEART DECORATION,5904,5153.46,458,98,7,0.85,2009-12-07 12:32:00,2011-12-04 14:55:00,12.890829694323145,0.0545931680866685,59.0544304242252
22722,SET OF 6 SPICE TINS PANTRY DESIGN,5902,24105.34,813,42,20,3.95,2010-11-11 13:24:00,2011-12-04 13:54:00,7.259532595325953,0.05457467446604294,59.10900509869125
21544,SKULLS  WATER TRANSFER TATTOOS,5893,4894.389999999999,482,100,13,0.85,2009-12-07 13:48:00,2011-12-02 16:39:00,12.226141078838173,0.05449145317322789,59.163496551864476
21164,HOME SWEET HOME METAL SIGN,5876,16310.730000000001,699,102,17,2.95,2009-12-08 12:48:00,2011-12-04 11:56:00,8.406294706723891,0.05433425739791059,59.21783080926239
22537,MAGIC DRAWING SLATE DINOSAUR,5860,2420.4900000000002,349,83,10,0.42,2010-03-29 13:55:00,2011-12-02 13:54:00,16.79083094555874,0.05418630843290607,59.27201711769529
20984,12 PENCILS TALL TUBE POSY,5853,1928.2099999999998,242,72,14,0.29,2009-12-07 11:39:00,2011-10-17 12:50:00,24.18595041322314,0.05412158076071659,59.326138698456006
22528,GARDENERS KNEELING PAD,5824,7623.41,554,36,3,1.25,2010-03-26 13:03:00,2010-12-07 15:31:00,10.512635379061372,0.0538534232616459,59.37999212171765
21035,SET/2 RED RETROSPOT TEA TOWELS,5823,18129.66,907,102,17,3.25,2009-12-07 17:56:00,2011-12-04 12:52:00,6.4200661521499445,0.05384417645133311,59.433836298168984
22563,HAPPY STENCIL CRAFT,5799,6753.9400000000005,521,87,8,1.25,2010-03-24 13:15:00,2011-12-02 16:39:00,11.130518234165066,0.05362225300382633,59.48745855117281
21479,WHITE SKULL HOT WATER BOTTLE,5786,28838.47,857,57,9,3.75,2009-12-07 09:42:00,2011-12-04 14:51:00,6.751458576429405,0.05350204446976015,59.54096059564257
84950,ASSORTED COLOUR T-LIGHT HOLDER,5777,3998.27,267,86,8,0.72,2009-12-08 17:24:00,2011-12-02 14:25:00,21.636704119850187,0.053418823176945116,59.594379418819514
47566B,TEA TIME PARTY BUNTING,5777,25691.89,753,88,13,4.65,2009-12-07 17:56:00,2011-12-04 13:20:00,7.671978751660027,0.053418823176945116,59.64779824199646
20759,CHRYSANTHEMUM POCKET BOOK,5776,890.28,62,35,3,0.85,2009-12-17 11:43:00,2011-11-22 15:45:00,93.16129032258064,0.05340957636663233,59.701207818363095
72351B,SET/6 PINK  BUTTERFLY T-LIGHTS,5748,11102.960000000001,492,99,5,2.1,2009-12-07 12:08:00,2011-12-04 10:51:00,11.682926829268293,0.053150665677874416,59.75435848404097
47590B,PINK HAPPY BIRTHDAY BUNTING,5733,29331.27,869,99,23,5.45,2009-12-07 11:35:00,2011-12-02 16:04:00,6.5972382048331415,0.05301196352318268,59.80737044756415
22663,JUMBO BAG DOLLY GIRL DESIGN,5726,11373.95,679,71,12,2.08,2010-07-19 12:22:00,2011-12-02 16:39:00,8.43298969072165,0.0529472358509932,59.86031768341515
20756,GREEN FERN POCKET BOOK,5725,849.01,63,31,4,0.85,2009-12-07 11:35:00,2011-11-22 15:45:00,90.87301587301587,0.052937989040680415,59.913255672455826
23308,SET OF 60 VINTAGE LEAF CAKE CASES,5712,3078.96,369,27,13,0.55,2011-06-05 14:06:00,2011-12-04 15:19:00,15.479674796747968,0.052817780506614245,59.96607345296244
23205,CHARLOTTE BAG VINTAGE ALPHABET,5712,5534.2,449,34,10,0.85,2011-04-11 16:47:00,2011-12-04 14:51:00,12.721603563474387,0.052817780506614245,60.018891233469056
22596,CHRISTMAS STAR WISH LIST CHALKBOARD,5705,6200.15,403,42,11,1.25,2010-07-16 15:26:00,2011-12-04 15:19:00,14.156327543424318,0.05275305283442477,60.07164428630348
16235,RECYCLED PENCIL WITH RABBIT ERASER,5702,1302.19,298,91,6,0.21,2009-12-07 13:24:00,2011-12-04 13:45:00,19.13422818791946,0.052725312403486414,60.12436959870697
22986,GINGHAM ROSE WRAP,5695,2347.9,201,61,15,0.42,2010-09-07 10:59:00,2011-11-27 11:22:00,28.333333333333332,0.052660584731296936,60.17703018343827
85199S,SMALL HANGING IVORY/RED WOOD BIRD,5679,2607.09,463,99,7,0.42,2009-12-07 17:56:00,2011-12-02 16:39:00,12.265658747300217,0.05251263576629242,60.22954281920456
22155,STAR DECORATION RUSTIC,5669,2539.75,317,59,4,0.42,2009-12-07 16:38:00,2011-12-04 15:00:00,17.883280757097793,0.05242016766316459,60.281962986867725
21749,LARGE RED RETROSPOT WINDMILL,5657,10980.980000000001,286,90,8,2.1,2009-12-09 09:42:00,2011-11-29 16:33:00,19.77972027972028,0.0523092059394112,60.334272192807134
22614,PACK OF 12 SPACEBOY TISSUES,5649,1917.6699999999998,358,77,13,0.29,2010-05-06 11:50:00,2011-12-01 16:22:00,15.779329608938548,0.05223523145690894,60.386507424264046
22338,STAR DECORATION PAINTED ZINC,5637,1981.2200000000003,242,49,12,0.63,2009-12-07 18:02:00,2011-12-04 13:32:00,23.293388429752067,0.05212426973315555,60.4386316939972
22570,FELTCRAFT CUSHION RABBIT,5631,20901.1,807,85,13,3.75,2010-03-10 09:30:00,2011-11-18 14:14:00,6.977695167286245,0.05206878887127885,60.49070048286848
22571,ROCKING HORSE RED CHRISTMAS,5617,4977.97,498,49,17,0.85,2010-07-23 15:09:00,2011-12-04 12:32:00,11.279116465863455,0.051939333526899896,60.542639816395386
82551,LAUNDRY 15C METAL SIGN,5609,8026.09,735,100,10,1.45,2009-12-07 11:05:00,2011-12-02 13:32:00,7.631292517006803,0.05186535904439764,60.594505175439785
21114,LAVENDER SCENTED FABRIC HEART,5596,7218.64,485,98,13,1.25,2009-12-07 12:32:00,2011-12-04 13:55:00,11.538144329896907,0.05174515051033146,60.64625032595011
22608,PENS ASSORTED FUNKY JEWELED,5596,1540.27,161,55,5,0.42,2010-02-26 09:47:00,2011-12-01 16:22:00,34.75776397515528,0.05174515051033146,60.69799547646044
21878,PACK OF 6 SANDCASTLE FLAGS ASSORTED,5582,4580.74,399,81,7,0.85,2010-03-25 14:12:00,2011-12-02 16:39:00,13.989974937343359,0.051615695165952505,60.74961117162639
21876,POTTERING MUG,5571,7124.7699999999995,600,101,3,1.25,2009-12-07 12:25:00,2011-12-04 11:24:00,9.285,0.051513980252511894,60.8011251518789
22413,METAL SIGN TAKE IT OR LEAVE IT,5540,15772.840000000002,874,96,20,2.95,2010-01-29 13:52:00,2011-12-04 13:32:00,6.338672768878719,0.051227329132815635,60.852352481011714
20760,GARDEN PATH POCKET BOOK,5538,1303.46,80,43,5,0.85,2009-12-07 15:15:00,2011-11-24 14:09:00,69.225,0.05120883551219007,60.903561316523906
22567,20 DOLLY PEGS RETROSPOT,5534,6916.68,501,79,17,1.25,2010-03-26 13:13:00,2011-12-02 16:39:00,11.045908183632735,0.05117184827093894,60.954733164794845
82578,KITCHEN METAL SIGN,5529,3087.94,690,100,11,0.55,2009-12-07 13:45:00,2011-12-02 17:12:00,8.013043478260869,0.051125614219375025,61.00585877901422
23343,JUMBO BAG VINTAGE CHRISTMAS,5524,12766.1,449,25,11,2.08,2011-06-13 11:33:00,2011-12-04 16:08:00,12.302895322939866,0.05107938016781111,61.05693815918203
22569,FELTCRAFT CUSHION BUTTERFLY,5521,20104.43,784,85,10,3.75,2010-03-10 09:30:00,2011-10-25 09:31:00,7.042091836734694,0.05105163973687277,61.10798979891891
22113,GREY HEART HOT WATER BOTTLE,5507,21018.73,943,63,12,3.75,2009-12-07 11:39:00,2011-12-04 15:16:00,5.839872746553553,0.05092218439249381,61.1589119833114
21755,LOVE BUILDING BLOCK WORD,5503,33975.36,1656,102,14,5.95,2009-12-07 12:08:00,2011-12-04 13:32:00,3.3230676328502415,0.05088519715124268,61.209797180462644
22908,PACK OF 20 NAPKINS RED APPLES,5487,4431.93,480,61,14,0.85,2010-09-20 13:44:00,2011-12-04 13:59:00,11.43125,0.050737248186238156,61.26053442864888
16259,PIECE OF CAMO STATIONERY SET,5473,766.09,55,37,4,0.21,2009-12-07 13:24:00,2011-11-13 11:55:00,99.50909090909092,0.0506077928418592,61.31114222149074
21243,PINK  POLKADOT PLATE,5459,8995.33,489,99,19,1.69,2009-12-10 09:49:00,2011-12-04 14:51:00,11.16359918200409,0.05047833749748024,61.36162055898822
22568,FELTCRAFT CUSHION OWL,5455,20154.97,872,90,10,3.75,2010-03-10 09:30:00,2011-11-28 15:54:00,6.2557339449541285,0.05044135025622912,61.41206190924445
23167,SMALL CERAMIC TOP STORAGE JAR,5434,4173.379999999999,223,30,11,0.83,2011-05-11 14:14:00,2011-12-01 16:22:00,24.367713004484305,0.05024716723966068,61.46230907648411
22507,MEMO BOARD RETROSPOT  DESIGN,5427,25388.94,887,90,15,4.95,2010-03-11 17:05:00,2011-12-04 13:00:00,6.118376550169109,0.050182439567471204,61.51249151605158
20758,ABSTRACT CIRCLES POCKET BOOK,5416,945.77,91,50,4,0.85,2009-12-07 12:26:00,2011-12-01 13:28:00,59.51648351648352,0.050080724654030594,61.56257224070561
85178,VICTORIAN SEWING KIT,5413,5933.59,302,91,15,1.25,2009-12-07 11:51:00,2011-12-04 15:28:00,17.923841059602648,0.05005298422309224,61.612625224928706
37351,ORANGE FLOWER MUG,5404,612.5099999999999,11,11,2,1.25,2009-12-22 15:06:00,2011-03-20 13:28:00,491.27272727272725,0.0499697629302772,61.66259498785898
85014B,RED RETROSPOT UMBRELLA,5390,27911.820000000003,853,102,19,5.95,2009-12-07 08:13:00,2011-12-02 11:49:00,6.318874560375146,0.04984030758589825,61.71243529544488
23355,HOT WATER BOTTLE KEEP CALM,5384,26167.120000000003,725,15,13,4.95,2011-08-22 13:32:00,2011-12-04 15:00:00,7.426206896551724,0.04978482672402155,61.7622201221689
23284,DOORMAT KEEP CALM AND COME IN,5363,37078.6,700,27,15,7.95,2011-04-27 12:57:00,2011-12-04 15:18:00,7.661428571428571,0.049590643707453114,61.81181076587635
20757,RED DAISY POCKET BOOK,5347,890.7,78,40,2,0.85,2009-12-07 11:19:00,2011-11-27 12:13:00,68.55128205128206,0.04944269474244859,61.8612534606188
22593,CHRISTMAS GINGHAM STAR,5344,4733.5599999999995,405,48,16,0.85,2010-07-16 15:26:00,2011-12-04 15:18:00,13.195061728395062,0.049414954311510245,61.910668414930306
22153,ANGEL DECORATION STARS ON DRESS,5340,2298.78,261,56,6,0.42,2009-12-07 17:56:00,2011-12-04 15:00:00,20.45977011494253,0.04937796707025911,61.96004638200056
22645,CERAMIC HEART FAIRY CAKE MONEY BANK,5321,9749.72,717,81,11,1.45,2010-05-14 15:41:00,2011-12-04 14:15:00,7.421199442119944,0.049202277674316244,62.00924865967488
21844,RED RETROSPOT MUG,5310,15115.92,483,99,13,2.95,2009-12-07 18:02:00,2011-11-29 16:47:00,10.993788819875776,0.049100562760875634,62.05834922243576
22539,MINI JIGSAW DOLLY GIRL,5308,2200.47,239,79,17,0.42,2010-03-26 11:21:00,2011-12-02 16:39:00,22.209205020920503,0.04908206914025007,62.107431291576006
22711,WRAP CIRCUS PARADE,5302,2178.84,179,69,10,0.42,2010-05-27 18:13:00,2011-12-01 10:31:00,29.620111731843576,0.049026588278373376,62.15645787985438
22303,COFFEE MUG APPLES DESIGN,5296,12317.28,518,97,9,2.55,2009-12-07 14:58:00,2011-12-02 13:12:00,10.223938223938225,0.04897110741649668,62.20542898727088
22024,RAINY LADIES BIRTHDAY CARD,5283,2206.66,423,95,11,0.42,2009-12-08 12:05:00,2011-12-02 16:39:00,12.48936170212766,0.04885089888243051,62.254279886153306
21902,"KEY FOB , FRONT  DOOR",5277,3347.8700000000003,461,99,6,0.65,2009-12-07 12:08:00,2011-11-30 14:33:00,11.446854663774403,0.04879541802055381,62.30307530417386
22708,WRAP DOLLY GIRL,5275,2119.5,157,69,13,0.42,2010-06-02 11:11:00,2011-12-02 10:22:00,33.59872611464968,0.04877692439992824,62.35185222857379
20679,EDWARDIAN PARASOL RED,5250,26598.79,683,101,15,5.95,2009-12-07 08:13:00,2011-12-04 15:00:00,7.686676427525622,0.04854575414210868,62.4003979827159
22714,CARD BIRTHDAY COWBOY,5247,2142.85,354,78,15,0.42,2010-05-28 16:36:00,2011-12-02 16:39:00,14.822033898305085,0.04851801371117033,62.44891599642707
22466,FAIRY TALE COTTAGE NIGHTLIGHT,5246,9697.96,382,83,17,1.95,2010-03-05 11:31:00,2011-12-04 13:32:00,13.732984293193716,0.04850876690085755,62.49742476332793
21393,BLUE  SPOTTY PUDDING BOWL,5244,1172.8100000000002,43,30,7,2.1,2010-01-08 16:29:00,2011-03-28 12:23:00,121.95348837209302,0.048490273280231984,62.54591503660816
37424,WHITE WITH BLACK CATS MUG,5240,1124.48,105,42,2,1.66,2009-12-07 17:56:00,2010-11-21 13:53:00,49.904761904761905,0.04845328603898085,62.594368322647135
POST,POSTAGE,5239,122783.13,1805,102,25,18.0,2009-12-07 10:42:00,2011-12-04 16:07:00,2.9024930747922437,0.04844403922866807,62.642812361875805
20729,RED SPOTTY CANDY BAG,5239,1746.73,114,23,7,1.25,2009-12-07 11:35:00,2010-06-16 11:17:00,45.95614035087719,0.04844403922866807,62.691256401104475
22804,CANDLEHOLDER PINK HANGING HEART,5235,13984.900000000001,663,62,10,2.95,2010-09-23 11:21:00,2011-12-04 13:59:00,7.895927601809955,0.04840705198741694,62.73966345309189
22601,CHRISTMAS RETROSPOT ANGEL WOOD,5194,4489.45,407,50,15,0.85,2010-07-18 11:31:00,2011-12-04 14:15:00,12.761670761670763,0.04802793276459286,62.78769138585648
21524,DOORMAT SPOTTY HOME SWEET HOME,5189,35450.54,1125,102,21,7.95,2009-12-07 18:02:00,2011-12-04 11:45:00,4.612444444444445,0.04798169871302894,62.835673084569514
22584,PACK OF 6 PANNETONE GIFT BOXES,5181,13176.0,582,88,17,2.55,2010-03-10 12:51:00,2011-12-01 15:32:00,8.902061855670103,0.04790772423052668,62.88358080880004
21592,RETROSPOT CIGAR BOX MATCHES,5175,6122.55,443,96,9,1.25,2009-12-07 12:08:00,2011-12-04 14:55:00,11.681715575620768,0.04785224336864998,62.93143305216869
21218,RED SPOTTY BISCUIT TIN,5166,20346.25,869,102,19,3.75,2009-12-08 13:08:00,2011-12-02 14:48:00,5.944764096662831,0.047769022075834944,62.979202074244526
22851,SET 20 NAPKINS FAIRY CAKES DESIGN,5164,4189.57,520,67,10,0.85,2010-08-19 19:03:00,2011-12-04 13:20:00,9.930769230769231,0.04775052845520938,63.02695260269974
22992,REVOLVER WOODEN RULER,5162,10212.32,330,41,13,1.95,2011-02-17 12:01:00,2011-12-04 12:32:00,15.642424242424243,0.04773203483458381,63.07468463753432
47556B,TEA TIME TEA TOWELS,5160,13566.98,436,51,8,2.95,2009-12-07 12:26:00,2011-04-18 13:20:00,11.8348623853211,0.047713541213958245,63.12239817874828
23233,WRAP POPPIES  DESIGN,5150,2095.0,157,46,6,0.42,2011-01-16 13:18:00,2011-11-24 18:13:00,32.802547770700635,0.04762107311083042,63.17001925185911
22329,ROUND CONTAINER SET OF 5 RETROSPOT,5150,8404.119999999999,604,97,19,1.65,2010-01-10 11:08:00,2011-12-04 14:15:00,8.526490066225165,0.04762107311083042,63.21764032496994
22716,CARD CIRCUS PARADE,5148,2177.91,438,76,17,0.42,2010-06-01 13:49:00,2011-12-02 16:39:00,11.753424657534246,0.047602579490204855,63.265242904460145
22835,HOT WATER BOTTLE I AM SO POORLY,5148,26113.72,977,63,10,4.65,2010-09-12 14:58:00,2011-12-04 14:55:00,5.269191402251791,0.047602579490204855,63.31284548395035
20755,BLUE PAISLEY POCKET BOOK,5133,1079.53,121,52,5,0.85,2009-12-07 12:26:00,2011-11-30 17:37:00,42.421487603305785,0.04746387733551311,63.36030936128586
21907,I'M ON HOLIDAY METAL SIGN,5113,10753.1,764,96,15,2.1,2010-01-29 11:59:00,2011-12-04 11:45:00,6.692408376963351,0.047278941129257464,63.407588302415114
84997A,GREEN 3 PIECE MINI DOTS CUTLERY SET,5112,19109.04,571,91,19,3.75,2009-12-07 15:15:00,2011-12-02 13:52:00,8.952714535901926,0.04726969431894468,63.454857996734056
21069,VINTAGE BILLBOARD TEA MUG,5089,5389.22,275,78,5,1.25,2009-12-07 15:15:00,2011-08-17 15:05:00,18.505454545454544,0.04705701768175068,63.50191501441581
21381,MINI WOODEN HAPPY BIRTHDAY GARLAND,5087,8537.67,527,102,13,1.69,2009-12-07 12:32:00,2011-12-04 14:51:00,9.652751423149905,0.04703852406112512,63.54895353847693
47559B,TEA TIME OVEN GLOVE,5064,6237.01,691,98,17,1.25,2009-12-08 11:22:00,2011-12-04 13:59:00,7.328509406657019,0.046825847423931116,63.59577938590086
15039,SANDALWOOD FAN,5045,4263.7,300,92,8,0.85,2009-12-08 15:49:00,2011-12-01 16:22:00,16.816666666666666,0.04665015802798825,63.64242954392885
21872,GLAMOROUS  MUG,5032,5086.76,320,92,8,1.25,2009-12-07 14:02:00,2011-12-01 18:43:00,15.725,0.04652994949392207,63.68895949342277
23286,BLUE VINTAGE SPOT BEAKER,5031,4728.49,217,26,14,0.85,2011-06-12 13:12:00,2011-12-02 16:39:00,23.18433179723502,0.04652070268360929,63.73548019610638
22131,FOOD CONTAINER SET 3 LOVE HEART,5028,9510.16,667,101,13,1.95,2009-12-07 13:59:00,2011-11-29 15:23:00,7.538230884557721,0.04649296225267094,63.78197315835905
22174,PHOTO CUBE,5007,10029.9,535,89,9,1.65,2009-12-09 09:42:00,2011-12-02 16:39:00,9.358878504672898,0.046298779236102504,63.828271937595154
21186,WHITE DOVE HONEYCOMB PAPER GARLAND,4994,8080.2699999999995,347,51,6,1.65,2009-12-07 12:08:00,2010-12-14 15:52:00,14.39193083573487,0.046178570702036334,63.874450508297194
84670,JAPANESE CROCHETED ANIMAL,4989,2039.22,171,45,7,0.42,2009-12-07 11:35:00,2010-11-22 11:39:00,29.17543859649123,0.04613233665047242,63.92058284494767
20754,RETROSPOT RED WASHING UP GLOVES,4983,10198.52,829,100,16,2.1,2009-12-07 11:40:00,2011-11-20 14:43:00,6.010856453558504,0.04607685578859572,63.966659700736265
21380,WOODEN HAPPY BIRTHDAY GARLAND,4980,14442.87,644,101,18,2.95,2009-12-08 13:19:00,2011-12-02 10:22:00,7.732919254658385,0.04604911535765738,64.01270881609392
22574,HEART WOODEN CHRISTMAS DECORATION,4979,4513.32,404,51,13,0.85,2010-07-18 11:31:00,2011-12-04 12:31:00,12.324257425742575,0.04603986854734459,64.05874868464126
21244,BLUE POLKADOT PLATE,4978,8162.639999999999,435,96,17,1.69,2009-12-13 11:05:00,2011-11-22 10:41:00,11.443678160919541,0.04603062173703181,64.10477930637829
15044A,PINK PAPER PARASOL,4962,13202.11,248,80,8,2.95,2009-12-07 11:46:00,2011-12-02 16:39:00,20.008064516129032,0.04588267277202729,64.15066197915031
23144,ZINC T-LIGHT HOLDER STARS SMALL,4954,4052.18,265,33,10,0.83,2011-04-21 09:36:00,2011-12-04 12:31:00,18.69433962264151,0.04580869828952503,64.19647067743983
23296,SET OF 6 TEA TIME BAKING CASES,4952,5941.6,369,21,16,1.25,2011-07-12 15:56:00,2011-12-04 15:18:00,13.420054200542005,0.045790204668899465,64.24226088210874
22173,METAL 4 HOOK HANGER FRENCH CHATEAU,4938,15089.0,970,81,12,2.95,2009-12-07 17:56:00,2011-12-02 14:48:00,5.090721649484536,0.04566074932452051,64.28792163143326
22079,RIBBON REEL HEARTS DESIGN,4935,8278.95,664,102,11,1.65,2009-12-07 12:32:00,2011-12-04 12:32:00,7.432228915662651,0.045633008893582155,64.33355464032685
84536A,ENGLISH ROSE NOTEBOOK A7 SIZE,4929,2222.24,593,100,12,0.42,2009-12-08 15:49:00,2011-12-04 13:00:00,8.311973018549747,0.045577528031705464,64.37913216835855
22144,CHRISTMAS CRAFT LITTLE FRIENDS,4919,11780.58,668,46,13,2.1,2009-12-07 18:02:00,2011-12-04 14:40:00,7.36377245508982,0.04548505992857764,64.42461722828713
22301,COFFEE MUG CAT + BIRD DESIGN,4907,11837.539999999999,620,101,12,2.55,2009-12-07 10:41:00,2011-12-02 13:12:00,7.914516129032258,0.04537409820482424,64.46999132649195
22023,EMPIRE BIRTHDAY CARD,4899,2043.62,420,98,7,0.42,2009-12-07 18:02:00,2011-11-30 15:13:00,11.664285714285715,0.045300123722321985,64.51529145021428
22812,PACK 3 BOXES CHRISTMAS PANNETONE,4875,10726.63,461,37,13,1.95,2010-09-15 13:36:00,2011-11-30 14:11:00,10.574837310195228,0.045078200274815204,64.5603696504891
22380,TOY TIDY SPACEBOY,4856,10112.3,679,97,20,2.1,2010-01-22 16:28:00,2011-12-02 16:39:00,7.151693667157585,0.044902510878872336,64.60527216136796
22694,WICKER STAR,4855,10862.210000000001,843,66,6,2.1,2010-07-29 11:23:00,2011-12-04 12:17:00,5.759193357058126,0.04489326406855955,64.65016542543653
48188,DOORMAT WELCOME PUPPIES,4828,28313.0,679,101,14,7.95,2009-12-07 12:08:00,2011-11-29 13:12:00,7.110456553755522,0.04464360019011442,64.69480902562664
22573,STAR WOODEN CHRISTMAS DECORATION,4824,4298.179999999999,394,48,12,0.85,2010-07-18 11:31:00,2011-12-02 16:39:00,12.243654822335026,0.04460661294886329,64.73941563857551
22195,LARGE HEART MEASURING SPOONS,4817,8594.72,767,100,17,1.65,2009-12-07 13:48:00,2011-12-04 11:45:00,6.280312907431552,0.04454188527667381,64.78395752385218
22302,COFFEE MUG PEARS  DESIGN,4804,10169.09,377,88,7,2.55,2009-12-07 14:58:00,2011-12-04 16:07:00,12.742705570291777,0.044421676742607635,64.82837920059478
23285,PINK VINTAGE SPOT BEAKER,4800,4561.0,187,26,14,0.85,2011-06-12 13:17:00,2011-12-02 14:26:00,25.668449197860962,0.04438468950135651,64.87276389009614
22855,FINE WICKER HEART,4795,5979.24,427,47,7,1.25,2010-09-15 12:48:00,2011-08-30 16:43:00,11.229508196721312,0.04433845544979259,64.91710234554593
22435,SET OF 9 HEART SHAPED BALLOONS,4784,6040.47,531,83,13,1.25,2010-04-08 11:16:00,2011-12-01 16:38:00,9.009416195856874,0.04423674053635199,64.96133908608228
21504,SKULLS GREETING CARD,4780,1948.72,320,89,5,0.42,2009-12-07 13:48:00,2011-11-28 15:31:00,14.9375,0.044199753295100855,65.00553883937738
20829,GLITTER HANGING BUTTERFLY STRING,4767,9707.460000000001,467,100,4,2.1,2009-12-07 11:20:00,2011-12-02 14:26:00,10.207708779443255,0.04407954476103468,65.04961838413841
23243,SET OF TEA COFFEE SUGAR TINS PANTRY,4765,23281.13,458,26,20,4.95,2011-06-08 08:12:00,2011-12-04 15:19:00,10.403930131004367,0.04406105114040912,65.09367943527882
22944,CHRISTMAS METAL POSTCARD WITH BELLS,4762,3468.19,151,29,8,0.97,2010-09-19 12:39:00,2011-12-04 13:34:00,31.5364238410596,0.044033310709470766,65.13771274598828
22244,3 HOOK HANGER MAGIC GARDEN,4760,9101.96,431,84,17,1.95,2009-12-09 11:58:00,2011-09-28 15:50:00,11.044083526682135,0.0440148170888452,65.18172756307713
22242,"HOOK, 5 HANGER , MAGIC TOADSTOOL",4756,7559.909999999999,368,59,18,1.65,2009-12-10 18:36:00,2011-02-16 10:32:00,12.923913043478262,0.043977829847594074,65.22570539292472
21067,VINTAGE RED TEATIME MUG,4752,3812.96,262,79,9,1.25,2009-12-07 17:56:00,2011-10-04 13:25:00,18.137404580152673,0.04394084260634294,65.26964623553107
22600,CHRISTMAS RETROSPOT STAR WOOD,4751,4107.889999999999,415,51,15,0.85,2010-07-16 15:26:00,2011-12-04 15:00:00,11.448192771084337,0.04393159579603016,65.3135778313271
11001,ASSTD DESIGN RACING CAR PEN,4751,7263.61,243,85,12,1.69,2009-12-07 15:15:00,2011-12-04 10:29:00,19.551440329218106,0.04393159579603016,65.35750942712312
22594,CHRISTMAS GINGHAM TREE,4747,4310.29,402,50,14,0.85,2010-07-18 11:31:00,2011-12-04 12:32:00,11.808457711442786,0.04389460855477903,65.4014040356779
21679,SKULLS  STICKERS,4745,3919.12,357,94,10,0.85,2009-12-07 13:59:00,2011-12-01 12:53:00,13.291316526610645,0.043876114934153464,65.44528015061205
71053,WHITE METAL LANTERN,4740,18751.18,710,102,7,3.75,2009-12-07 17:56:00,2011-12-01 17:51:00,6.676056338028169,0.04382988088258955,65.48911003149463
47590A,BLUE HAPPY BIRTHDAY BUNTING,4736,24076.13,683,86,23,5.45,2009-12-10 11:39:00,2011-12-02 13:54:00,6.934114202049781,0.04379289364133842,65.53290292513597
82483,WOOD 2 DRAWER CABINET WHITE FINISH,4736,28197.11,1091,93,7,5.95,2009-12-07 08:13:00,2011-12-04 15:35:00,4.340971585701191,0.04379289364133842,65.57669581877731
22460,EMBOSSED GLASS TEALIGHT HOLDER,4720,6201.97,370,88,5,1.25,2010-03-08 12:40:00,2011-12-04 12:01:00,12.756756756756756,0.0436449446763339,65.62034076345364
22667,RECIPE BOX RETROSPOT,4715,13231.650000000001,832,66,18,2.95,2010-07-09 17:17:00,2011-12-04 12:52:00,5.6670673076923075,0.043598710624769985,65.6639394740784
22996,TRAVEL CARD WALLET VINTAGE TICKET,4710,2044.82,397,42,4,0.42,2011-02-17 12:51:00,2011-12-04 14:09:00,11.8639798488665,0.04355247657320607,65.70749195065162
22985,"WRAP, BILLBOARD FONTS DESIGN",4697,1884.74,135,57,6,0.42,2010-09-07 10:59:00,2011-12-02 14:26:00,34.79259259259259,0.043432268039139896,65.75092421869076
22271,FELTCRAFT DOLL ROSIE,4684,13401.6,765,98,16,2.95,2009-12-07 13:07:00,2011-11-25 08:55:00,6.122875816993464,0.043312059505073726,65.79423627819583
23005,TRAVEL CARD WALLET I LOVE LONDON,4676,2098.1,231,27,3,0.42,2011-02-17 13:47:00,2011-12-04 14:09:00,20.242424242424242,0.04323808502257146,65.83747436321839
22493,PAINT YOUR OWN CANVAS SET,4664,7474.539999999999,407,82,9,1.65,2010-05-07 09:04:00,2011-12-04 13:32:00,11.45945945945946,0.04312712329881807,65.88060148651721
22421,LIPSTICK PEN FUSCHIA,4648,2310.95,400,79,8,0.42,2010-05-06 14:01:00,2011-12-02 16:39:00,11.62,0.04297917433381355,65.92358066085102
37352,BIRD IN TREE MUG,4643,504.55,8,7,2,1.25,2009-12-17 11:43:00,2010-11-01 15:14:00,580.375,0.042932940282249636,65.96651360113327
22245,"HOOK, 1 HANGER ,MAGIC GARDEN",4633,3988.85,413,75,17,0.85,2009-12-09 11:58:00,2011-09-01 13:40:00,11.217917675544793,0.04284047217912181,66.0093540733124
48184,DOORMAT ENGLISH ROSE,4633,30594.23,834,92,15,7.95,2009-12-08 15:12:00,2011-12-04 13:32:00,5.55515587529976,0.04284047217912181,66.05219454549152
23581,JUMBO BAG PAISLEY PARK,4629,10778.4,305,6,7,2.08,2011-10-25 10:31:00,2011-12-04 13:59:00,15.177049180327868,0.04280348493787068,66.0949980304294
22055,MINI CAKE STAND  HANGING STRAWBERY,4619,7960.67,692,97,13,1.65,2009-12-07 17:56:00,2011-12-04 15:19:00,6.67485549132948,0.042711016834742856,66.13770904726414
23288,GREEN VINTAGE SPOT BEAKER,4615,4434.17,182,26,12,0.85,2011-06-12 13:17:00,2011-12-02 14:26:00,25.357142857142858,0.04267402959349172,66.18038307685762
20981,12 PENCILS TALL TUBE WOODLAND,4603,3967.16,497,99,19,0.85,2009-12-07 11:39:00,2011-12-02 13:12:00,9.261569416498993,0.04256306786973833,66.22294614472736
23321,SMALL WHITE HEART OF WICKER,4598,8242.199999999999,607,26,9,1.65,2011-06-09 12:21:00,2011-12-04 13:59:00,7.57495881383855,0.04251683381817442,66.26546297854553
82486,WOOD S/3 CABINET ANT WHITE FINISH,4587,36936.56,1241,102,8,7.95,2009-12-07 08:13:00,2011-12-04 15:35:00,3.69621273166801,0.04241511890473381,66.30787809745026
84596F,SMALL MARSHMALLOWS PINK BOWL,4585,3115.69,583,98,11,0.83,2009-12-07 17:18:00,2011-12-04 13:59:00,7.864493996569468,0.042396625284108244,66.35027472273437
20982,12 PENCILS TALL TUBE SKULLS,4561,3987.66,543,98,12,0.85,2009-12-07 11:39:00,2011-12-02 12:24:00,8.39963167587477,0.042174701836601464,66.39244942457097
21033,JUMBO BAG CHARLIE AND LOLA TOYS,4552,10042.33,569,86,8,2.95,2009-12-08 14:03:00,2011-09-08 13:53:00,8.0,0.04209148054378642,66.43454090511476
22053,EMPIRE DESIGN ROSETTE,4548,4015.8199999999997,85,52,4,1.25,2009-12-07 18:02:00,2011-11-08 12:58:00,53.50588235294118,0.042054493302535294,66.47659539841729
22564,ALPHABET STENCIL CRAFT,4536,5172.85,335,82,6,1.25,2010-03-24 13:15:00,2011-12-02 14:29:00,13.540298507462687,0.0419435315787819,66.51853892999607
17109B,FLOWER FAIRY INCENSE LAVENDER,4532,877.6999999999999,13,10,3,1.69,2009-12-10 12:21:00,2010-03-05 12:44:00,348.61538461538464,0.04190654433753077,66.5604454743336
16218,CARTOON  PENCIL SHARPENERS,4529,438.53,94,51,4,0.16,2009-12-08 15:49:00,2011-12-02 13:35:00,48.180851063829785,0.04187880390659242,66.6023242782402
22533,MAGIC DRAWING SLATE BAKE A CAKE,4513,1780.84,229,71,12,0.42,2010-03-28 13:31:00,2011-11-30 17:37:00,19.707423580786028,0.0417308549415879,66.6440551331818
21430,SET/3 RED GINGHAM ROSE STORAGE BOX,4502,17516.08,780,78,18,3.75,2009-12-07 13:32:00,2011-12-02 12:24:00,5.771794871794872,0.04162914002814729,66.68568427320994
22637,PIGGY BANK RETROSPOT,4478,11492.82,598,79,15,2.55,2010-05-20 10:42:00,2011-11-27 11:22:00,7.488294314381271,0.041407216580640505,66.72709148979058
21934,SKULL SHOULDER BAG,4462,8010.71,702,102,9,1.65,2009-12-07 18:02:00,2011-12-02 16:39:00,6.356125356125356,0.04125926761563599,66.76835075740621
22535,MAGIC DRAWING SLATE BUNNIES,4454,1862.49,298,84,10,0.42,2010-03-25 13:43:00,2011-12-02 13:54:00,14.946308724832214,0.041185293133133724,66.80953605053935
22597,MUSICAL ZINC HEART DECORATION,4434,2687.17,277,53,10,0.85,2010-07-25 12:16:00,2011-12-04 13:59:00,16.0072202166065,0.041000356926878076,66.85053640746622
21484,CHICK GREY HOT WATER BOTTLE,4399,17394.98,823,94,13,3.45,2009-12-07 11:39:00,2011-12-04 14:51:00,5.345078979343864,0.040676718565930685,66.89121312603216
22456,NATURAL SLATE CHALKBOARD LARGE,4392,21379.23,825,88,7,4.95,2010-03-04 10:29:00,2011-12-02 13:49:00,5.323636363636363,0.04061199089374121,66.93182511692589
22738,RIBBON REEL SNOWY VILLAGE,4390,7894.55,485,44,11,1.65,2010-09-16 12:20:00,2011-12-04 14:51:00,9.051546391752577,0.04059349727311564,66.97241861419901
22059,CERAMIC STRAWBERRY DESIGN MUG,4387,6333.82,428,97,13,1.49,2009-12-07 17:56:00,2011-12-04 15:19:00,10.25,0.04056575684217729,67.01298437104118
37448,CERAMIC CAKE DESIGN SPOTTED MUG,4386,6582.98,507,95,19,1.49,2009-12-07 13:52:00,2011-12-01 16:22:00,8.650887573964496,0.04055651003186451,67.05354088107305
22772,PINK DRAWER KNOB ACRYLIC EDWARDIAN,4372,5901.79,312,59,8,1.25,2010-10-17 11:23:00,2011-12-04 14:51:00,14.012820512820513,0.04042705468748555,67.09396793576053
47504E,ENGLISH ROSE SCISSORS,4357,885.21,42,26,5,1.25,2009-12-13 11:28:00,2010-10-12 12:36:00,103.73809523809524,0.040288352532793816,67.13425628829333
70006,LOVE HEART POCKET WARMER,4340,3989.68,273,59,11,1.65,2009-12-07 11:47:00,2011-12-04 15:28:00,15.897435897435898,0.040131156757476506,67.17438744505081
22766,PHOTO FRAME CORNICE,4338,12773.02,631,60,9,2.95,2010-10-10 12:45:00,2011-12-04 13:15:00,6.874801901743265,0.04011266313685094,67.21450010818766
23582,VINTAGE DOILY JUMBO BAG RED,4334,9321.92,238,6,9,2.08,2011-10-25 09:07:00,2011-12-04 13:59:00,18.210084033613445,0.040075675895599815,67.25457578408326
22962,JAM JAR WITH PINK LID,4331,3603.3799999999997,347,52,19,0.85,2010-11-28 11:04:00,2011-12-02 16:39:00,12.481268011527378,0.04004793546466146,67.29462371954791
22088,PAPER BUNTING COLOURED LACE,4330,12889.33,612,79,15,2.95,2009-12-07 12:19:00,2011-07-06 10:41:00,7.07516339869281,0.04003868865434868,67.33466240820226
23294,SET OF 6 SNACK LOAF BAKING CASES,4329,3534.33,341,21,15,0.83,2011-07-12 15:56:00,2011-12-04 15:18:00,12.695014662756599,0.0400294418440359,67.3746918500463
22670,FRENCH WC SIGN BLUE METAL,4327,5368.43,417,67,10,1.25,2010-08-17 11:21:00,2011-12-02 13:12:00,10.376498800959233,0.040010948223410336,67.41470279826972
21215,IVORY PAPER CUP CAKE CASES,4322,2518.33,287,95,9,0.55,2009-12-07 17:56:00,2011-11-29 16:47:00,15.059233449477352,0.039964714171846424,67.45466751244156
22644,CERAMIC CHERRY CAKE MONEY BANK,4317,6835.62,584,80,11,1.45,2010-05-14 15:41:00,2011-12-04 14:15:00,7.392123287671233,0.039918480120282505,67.49458599256184
16169E,WRAP 50'S  CHRISTMAS,4313,1787.46,142,20,9,0.42,2011-07-21 13:06:00,2011-12-04 16:07:00,30.37323943661972,0.03988149287903138,67.53446748544087
16053,POPART COL BALLPOINT PEN ASST,4313,185.73,10,10,3,0.21,2010-01-07 14:20:00,2010-11-16 12:50:00,431.3,0.03988149287903138,67.5743489783199
23297,SET 40 HEART SHAPE PETIT FOUR CASES,4303,6792.23,161,15,14,1.65,2011-07-12 15:56:00,2011-11-22 16:47:00,26.726708074534162,0.03978902477590355,67.6141380030958
21803,CHRISTMAS TREE STAR DECORATION,4298,1863.1499999999999,312,57,5,0.42,2009-12-07 17:56:00,2011-11-25 15:23:00,13.775641025641026,0.03974279072433964,67.65388079382014
21802,CHRISTMAS TREE HEART DECORATION,4291,1874.78,318,64,6,0.42,2009-12-07 17:56:00,2011-11-21 11:55:00,13.4937106918239,0.03967806305215016,67.69355885687229
22241,GARLAND WOODEN HAPPY EASTER,4289,5787.42,471,64,4,1.25,2009-12-08 13:19:00,2011-11-23 10:39:00,9.106157112526539,0.03965956943152459,67.73321842630381
20828,GLITTER BUTTERFLY CLIPS,4288,10598.34,585,100,6,2.55,2009-12-07 15:19:00,2011-12-04 15:00:00,7.32991452991453,0.03965032262121181,67.77286874892502
21179,NO JUNK MAIL METAL SIGN,4281,3511.97,503,86,8,1.25,2009-12-08 16:23:00,2011-09-12 16:23:00,8.510934393638172,0.039585594949022335,67.81245434387404
22336,DOVE DECORATION PAINTED ZINC,4281,2010.3200000000002,201,60,10,0.65,2009-12-07 16:38:00,2011-10-14 14:54:00,21.29850746268657,0.039585594949022335,67.85203993882305
22970,LONDON BUS COFFEE MUG,4264,9957.28,307,49,7,2.55,2010-12-15 17:28:00,2011-12-02 14:26:00,13.889250814332248,0.03942839917370503,67.89146833799676
22546,MINI JIGSAW PURDEY,4260,1736.3899999999999,173,67,10,0.42,2010-03-26 13:46:00,2011-12-04 14:55:00,24.6242774566474,0.0393914119324539,67.93085974992921
21071,VINTAGE BILLBOARD DRINK ME MUG,4247,4961.58,465,95,6,1.25,2009-12-07 15:28:00,2011-10-31 14:41:00,9.133333333333333,0.03927120339838772,67.9701309533276
21714,CITRONELLA CANDLE GARDEN POT,4245,6130.81,518,94,5,1.25,2009-12-07 12:08:00,2011-12-04 14:55:00,8.194980694980694,0.039252709777762164,68.00938366310535
21642,ASSORTED TUTTI FRUTTI PEN,4218,2394.1,234,73,5,0.85,2009-12-07 12:42:00,2011-12-01 13:08:00,18.025641025641026,0.03900304589931703,68.04838670900467
85109,PINK BOUDOIR T-LIGHT HOLDER,4211,475.43,20,16,3,0.85,2009-12-11 11:17:00,2010-12-19 14:03:00,210.55,0.03893831822712755,68.0873250272318
85172,HYACINTH BULB T-LIGHT CANDLES,4191,2235.2,146,70,6,0.42,2009-12-10 17:09:00,2011-11-29 11:48:00,28.705479452054796,0.0387533820208719,68.12607840925267
51014C,"FEATHER PEN,COAL BLACK",4191,2696.56,256,85,10,0.83,2009-12-07 18:02:00,2011-12-04 14:15:00,16.37109375,0.0387533820208719,68.16483179127354
48111,DOORMAT 3 SMILEY CATS,4186,25524.760000000002,702,100,11,7.95,2009-12-07 10:48:00,2011-12-04 11:45:00,5.962962962962963,0.038707147969307985,68.20353893924285
22617,BAKING SET SPACEBOY DESIGN,4181,20159.61,926,89,23,4.95,2010-03-14 16:18:00,2011-12-04 12:02:00,4.515118790496761,0.03866091391774407,68.24219985316059
22706,WRAP COWBOYS,4172,1672.24,123,53,12,0.42,2010-06-02 11:11:00,2011-12-02 10:22:00,33.91869918699187,0.03857769262492903,68.28077754578551
22436,12 COLOURED PARTY BALLOONS,4172,2659.1,285,80,9,0.65,2010-04-07 13:34:00,2011-12-01 16:22:00,14.63859649122807,0.03857769262492903,68.31935523841044
20731,POSY CANDY BAG,4142,1252.92,73,42,3,1.25,2009-12-07 11:35:00,2011-06-20 14:48:00,56.73972602739726,0.03830028831554555,68.35765552672598
22332,SKULLS PARTY BAG + STICKER SET,4141,6492.5,378,97,14,1.65,2009-12-09 11:58:00,2011-11-25 11:54:00,10.955026455026456,0.03829104150523277,68.39594656823121
21558,SKULL LUNCH BOX WITH CUTLERY,4135,10573.72,739,86,13,2.55,2009-12-07 13:24:00,2011-12-02 10:47:00,5.595399188092016,0.03823556064335607,68.43418212887457
22748,POPPY'S PLAYHOUSE KITCHEN,4127,10122.62,733,62,17,2.1,2010-09-24 14:42:00,2011-12-04 12:01:00,5.6302864938608455,0.038161586160853814,68.47234371503542
10135,COLOURING PENCILS BROWN TUBE,4126,4427.68,312,92,7,1.25,2009-12-07 08:53:00,2011-12-01 15:32:00,13.224358974358974,0.038152339350541034,68.51049605438597
22398,MAGNETS PACK OF 4 SWALLOWS,4116,3639.5099999999998,422,82,14,1.25,2010-03-26 14:32:00,2011-12-04 14:55:00,9.753554502369669,0.0380598712474132,68.54855592563338
21937,STRAWBERRY   PICNIC BAG,4093,11999.63,653,76,13,2.95,2009-12-14 17:16:00,2011-12-04 12:32:00,6.267993874425727,0.0378471946102192,68.5864031202436
22465,HANGING METAL STAR LANTERN,4090,6916.589999999999,434,86,6,1.65,2010-03-04 14:45:00,2011-12-04 12:31:00,9.423963133640553,0.037819454179280856,68.62422257442289
22142,CHRISTMAS CRAFT WHITE FAIRY,4089,6081.5599999999995,461,40,11,1.45,2009-12-07 11:51:00,2011-12-04 14:40:00,8.869848156182213,0.03781020736896808,68.66203278179185
22603,CHRISTMAS RETROSPOT TREE WOOD,4082,3491.66,375,47,14,0.85,2010-07-16 15:26:00,2011-12-04 12:32:00,10.885333333333334,0.0377454796967786,68.69977826148863
21933,PINK VINTAGE PAISLEY PICNIC BAG,4071,8994.71,612,95,13,2.46,2009-12-14 15:17:00,2011-12-02 16:39:00,6.651960784313726,0.03764376478333799,68.73742202627197
21818,GLITTER CHRISTMAS HEART,4058,2456.5299999999997,272,61,4,0.85,2009-12-08 13:41:00,2011-12-04 15:00:00,14.919117647058824,0.03752355624927181,68.77494558252124
23240,SET OF 4 KNICK KNACK TINS DOILY,4046,16459.16,514,26,24,4.15,2011-06-07 13:10:00,2011-12-04 13:54:00,7.871595330739299,0.03741259452551842,68.81235817704676
16216,LETTER SHAPE PENCIL SHARPENER,4043,363.74,85,51,2,0.16,2009-12-16 11:57:00,2011-12-01 12:01:00,47.56470588235294,0.037384854094580075,68.84974303114134
22399,MAGNETS PACK OF 4 CHILDHOOD MEMORY,4040,4734.6,277,83,15,1.25,2010-03-26 13:46:00,2011-12-02 10:47:00,14.584837545126353,0.03735711366364173,68.88710014480499
22979,PANTRY WASHING UP BRUSH,4039,6304.99,372,40,15,1.45,2011-03-02 08:26:00,2011-12-02 16:39:00,10.85752688172043,0.03734786685332894,68.92444801165831
21068,VINTAGE BILLBOARD LOVE/HATE MUG,4036,4184.71,367,95,8,1.25,2009-12-07 17:56:00,2011-12-02 10:08:00,10.997275204359672,0.0373201264223906,68.9617681380807
22035,VINTAGE CARAVAN GREETING CARD,4033,1709.36,355,93,8,0.42,2009-12-07 13:48:00,2011-10-31 14:41:00,11.36056338028169,0.03729238599145225,68.99906052407215
48173C,DOORMAT BLACK FLOCK,4031,22812.14,482,94,9,7.95,2009-12-07 17:56:00,2011-12-04 11:00:00,8.363070539419088,0.037273892370826685,69.03633441644297
21718,RED METAL BEACH SPADE,4013,5225.42,462,93,7,1.25,2009-12-14 18:03:00,2011-12-04 14:55:00,8.686147186147187,0.037107449785196596,69.07344186622817
21394,RED POLKADOT BEAKER,4005,1864.6299999999999,150,53,12,0.39,2010-01-26 10:09:00,2011-11-13 11:55:00,26.7,0.03703347530269434,69.11047534153086
22300,COFFEE MUG DOG + BALL DESIGN,3994,9557.35,502,97,10,2.55,2009-12-07 12:25:00,2011-12-02 14:26:00,7.956175298804781,0.03693176038925373,69.14740710192011
23103,JINGLE BELL HEART DECORATION,3986,6694.419999999999,351,30,5,1.65,2011-05-11 12:44:00,2011-12-04 13:15:00,11.356125356125355,0.03685778590675146,69.18426488782686
22026,BANQUET BIRTHDAY  CARD,3985,1695.71,359,97,10,0.42,2009-12-07 18:02:00,2011-11-30 09:00:00,11.100278551532034,0.03684853909643868,69.2211134269233
84990,60 GOLD AND SILVER FAIRY CAKE CASES,3974,1909.99,181,44,2,0.55,2009-12-07 15:55:00,2011-05-08 13:07:00,21.955801104972377,0.03674682418299807,69.2578602511063
21531,RED RETROSPOT SUGAR JAM BOWL,3967,9907.08,756,100,15,2.55,2009-12-07 17:56:00,2011-12-02 12:52:00,5.247354497354498,0.036682096510808594,69.2945423476171
20978,36 PENCILS TUBE SKULLS,3964,5214.21,533,100,12,1.25,2009-12-07 13:24:00,2011-12-04 13:59:00,7.437148217636023,0.03665435607987025,69.33119670369696
22739,RIBBON REEL CHRISTMAS SOCK BAUBLE,3960,7198.47,589,48,15,1.65,2010-09-16 12:20:00,2011-12-04 13:00:00,6.723259762308999,0.036617368838619116,69.36781407253558
22745,POPPY'S PLAYHOUSE BEDROOM,3955,9710.390000000001,694,62,17,2.1,2010-09-24 14:42:00,2011-12-04 14:51:00,5.698847262247838,0.036571134787055204,69.40438520732263
85014A,BLACK/BLUE POLKADOT UMBRELLA,3945,19504.170000000002,658,100,16,5.95,2009-12-07 08:13:00,2011-12-04 15:00:00,5.995440729483283,0.03647866668392738,69.44086387400657
22562,MONSTERS STENCIL CRAFT,3938,4628.67,383,85,10,1.25,2010-03-24 13:15:00,2011-12-02 16:38:00,10.281984334203655,0.0364139390117379,69.4772778130183
22025,RING OF ROSES BIRTHDAY CARD,3927,1620.68,282,91,11,0.42,2009-12-08 16:09:00,2011-11-29 16:33:00,13.925531914893616,0.03631222409829729,69.5135900371166
22212,FOUR HOOK  WHITE LOVEBIRDS,3927,8416.1,806,102,15,2.1,2009-12-07 17:56:00,2011-12-04 10:56:00,4.8722084367245655,0.03631222409829729,69.5499022612149
23353,6 GIFT TAGS VINTAGE CHRISTMAS,3904,3386.9599999999996,310,18,11,0.83,2011-08-02 14:04:00,2011-12-04 14:15:00,12.593548387096774,0.03609954746110329,69.586001808676
22813,PACK 3 BOXES BIRD PANNETONE,3904,7546.82,363,63,11,1.95,2010-09-16 18:09:00,2011-12-04 12:01:00,10.754820936639119,0.03609954746110329,69.62210135613711
22128,PARTY CONES CANDY ASSORTED,3893,4722.09,192,77,16,1.25,2009-12-07 15:28:00,2011-11-18 12:07:00,20.276041666666668,0.035997832547662686,69.65809918868477
21034,REX CASH+CARRY JUMBO SHOPPER,3866,3672.7,1828,102,9,0.95,2009-12-07 12:42:00,2011-12-04 14:01:00,2.114879649890591,0.03574816866921755,69.69384735735399
85062,PEARL CRYSTAL PUMPKIN T-LIGHT HLDR,3859,6316.299999999999,340,97,7,1.65,2009-12-10 14:46:00,2011-12-02 16:39:00,11.35,0.035683440997028075,69.72953079835102
85198,ASSORTED FARMYARD ANIMALS IN BUCKET,3859,1469.4999999999998,51,26,5,0.85,2009-12-07 11:46:00,2011-05-18 16:37:00,75.66666666666667,0.035683440997028075,69.76521423934805
23378,PACK OF 12 50'S CHRISTMAS TISSUES,3859,1775.7,161,14,6,0.39,2011-09-01 11:30:00,2011-12-04 14:15:00,23.96894409937888,0.035683440997028075,69.80089768034509
22619,SET OF 6 SOLDIER SKITTLES,3856,15008.4,689,82,24,3.75,2010-05-07 08:49:00,2011-12-04 16:07:00,5.596516690856314,0.03565570056608973,69.83655338091118
22439,6 ROCKET BALLOONS,3834,2555.96,354,82,9,0.65,2010-04-08 08:31:00,2011-12-01 19:42:00,10.830508474576272,0.03545227073920851,69.8720056516504
22991,GIRAFFE WOODEN RULER,3827,7472.629999999999,261,41,10,1.95,2011-02-17 12:01:00,2011-12-04 12:08:00,14.662835249042146,0.03538754306701903,69.90739319471741
21932,SCANDINAVIAN PAISLEY PICNIC BAG,3824,8402.39,635,92,13,2.46,2009-12-07 18:02:00,2011-12-02 16:39:00,6.022047244094488,0.035359802636080684,69.9427529973535
22078,RIBBON REEL LACE DESIGN,3815,8125.04,472,86,12,2.1,2009-12-07 12:32:00,2011-12-04 15:18:00,8.082627118644067,0.03527658134326564,69.97802957869676
22080,RIBBON REEL SPOTS DESIGN,3814,6386.93,502,78,13,1.65,2009-12-07 12:42:00,2011-12-04 12:32:00,7.597609561752988,0.03526733453295286,70.01329691322971
21216,"SET 3 RETROSPOT TEA,COFFEE,SUGAR",3806,19738.7,781,96,19,4.95,2009-12-07 15:27:00,2011-12-04 15:19:00,4.873239436619718,0.035193360050450595,70.04849027328017
85049G,CHOCOLATE BOX RIBBONS,3801,4682.41,504,90,12,1.25,2009-12-22 09:52:00,2011-12-04 12:52:00,7.541666666666667,0.03514712599888668,70.08363739927906
84508A,CAMOUFLAGE DESIGN TEDDY,3800,8068.530000000001,103,64,2,2.55,2009-12-07 13:35:00,2011-09-21 09:54:00,36.89320388349515,0.0351378791885739,70.11877527846762
21955,DOORMAT UNION JACK GUNS AND ROSES,3768,22783.71,691,100,9,7.49,2009-12-07 08:13:00,2011-12-04 12:32:00,5.4529667149059335,0.03484198125856486,70.15361725972619
22502,PICNIC BASKET WICKER SMALL,3766,60880.3,924,69,8,5.95,2010-05-23 10:54:00,2011-09-25 14:33:00,4.075757575757576,0.03482348763793929,70.18844074736413
16011,ANIMAL STICKERS,3763,789.03,110,65,3,0.21,2009-12-07 08:53:00,2011-11-29 09:47:00,34.20909090909091,0.034795747207000946,70.22323649457113
22505,MEMO BOARD COTTAGE DESIGN,3761,17957.71,739,90,23,4.95,2010-03-10 14:50:00,2011-12-04 15:19:00,5.089309878213802,0.03477725358637538,70.2580137481575
10133,COLOURING PENCILS BROWN TUBE,3752,2300.16,281,73,8,0.83,2009-12-07 13:17:00,2011-09-07 10:07:00,13.352313167259787,0.034694032293560335,70.29270778045105
23493,VINTAGE DOILY TRAVEL SEWING KIT,3751,8030.37,383,11,14,1.95,2011-09-22 12:13:00,2011-12-04 15:28:00,9.793733681462141,0.034684785483247556,70.3273925659343
23172,REGENCY TEA PLATE PINK,3747,6116.709999999999,293,30,14,1.65,2011-05-10 10:34:00,2011-12-04 15:18:00,12.788395904436861,0.03464779824199642,70.3620403641763
17091J,VANILLA INCENSE IN TIN,3747,2121.02,169,79,5,0.38,2009-12-08 13:41:00,2011-11-29 11:48:00,22.171597633136095,0.03464779824199642,70.39668816241829
22732,3D VINTAGE CHRISTMAS STICKERS,3734,4939.47,329,41,11,1.25,2010-09-15 15:08:00,2011-12-04 14:15:00,11.349544072948328,0.03452758970793025,70.43121575212622
22378,WALL TIDY RETROSPOT,3733,6757.11,539,93,17,2.1,2010-01-25 15:07:00,2011-12-01 16:22:00,6.925788497217068,0.03451834289761747,70.46573409502383
21287,SCENTED VELVET LOUNGE CANDLE,3732,1717.5,90,56,4,0.38,2009-12-14 12:24:00,2011-11-30 17:37:00,41.46666666666667,0.03450909608730469,70.50024319111114
21591,COSY HOUR CIGAR BOX MATCHES,3726,5688.08,343,69,7,1.25,2009-12-08 16:43:00,2011-11-27 12:52:00,10.862973760932945,0.03445361522542799,70.53469680633657
21819,GLITTER CHRISTMAS STAR,3722,2179.99,234,41,6,0.85,2009-12-08 10:02:00,2011-12-04 14:55:00,15.905982905982906,0.034416627984176856,70.56911343432074
23263,SET OF 3 WOODEN HEART DECORATIONS,3722,4906.49,427,27,11,1.25,2011-06-02 14:15:00,2011-12-04 15:18:00,8.716627634660421,0.034416627984176856,70.60353006230491
23182,TOILET SIGN OCCUPIED OR VACANT,3714,3631.2499999999995,421,40,5,0.83,2011-03-01 17:32:00,2011-12-04 14:55:00,8.821852731591449,0.0343426535016746,70.63787271580658
21494,ROTATING LEAVES T-LIGHT HOLDER,3713,6106.73,476,88,8,1.66,2009-12-07 13:48:00,2011-12-04 14:55:00,7.800420168067227,0.03433340669136181,70.67220612249794
20977,36 PENCILS TUBE WOODLAND,3713,4958.04,465,95,17,1.25,2009-12-07 11:39:00,2011-11-07 17:42:00,7.98494623655914,0.03433340669136181,70.7065395291893
23439,HAND WARMER RED LOVE HEART,3712,8265.900000000001,357,15,8,2.1,2011-08-24 14:23:00,2011-12-04 15:00:00,10.397759103641457,0.03432415988104903,70.74086368907035
22705,WRAP GREEN PEARS,3708,1557.36,150,63,10,0.42,2010-05-27 16:54:00,2011-12-02 16:34:00,24.72,0.0342871726397979,70.77515086171015
17039,INLAID WOOD INCENSE HOLDER,3706,837.23,42,27,2,0.29,2009-12-07 13:48:00,2010-08-09 09:23:00,88.23809523809524,0.034268679019172334,70.80941954072932
21716,BOYS VINTAGE TIN SEASIDE BUCKET,3704,9374.68,491,96,15,2.55,2009-12-13 13:31:00,2011-12-04 14:55:00,7.543788187372709,0.034250185398546774,70.84366972612787
22274,FELTCRAFT DOLL EMILY,3693,10500.83,633,101,15,2.95,2009-12-07 13:07:00,2011-12-04 14:40:00,5.834123222748815,0.034148470485106164,70.87781819661298
22615,PACK OF 12 CIRCUS PARADE TISSUES,3687,1130.7099999999998,183,73,10,0.29,2010-05-06 11:50:00,2011-12-01 16:22:00,20.147540983606557,0.034092989623229465,70.91191118623621
17021,NAMASTE SWAGAT INCENSE,3684,973.4399999999999,75,53,2,0.3,2010-01-22 14:40:00,2011-11-17 14:24:00,49.12,0.03406524919229112,70.9459764354285
22938,CUPCAKE LACE PAPER SET 6,3684,6883.219999999999,270,60,15,1.95,2010-09-20 14:38:00,2011-12-04 12:32:00,13.644444444444444,0.03406524919229112,70.9800416846208
21281,VINTAGE KITCHEN PRINT SEAFOOD,3677,1709.15,66,40,5,2.55,2009-12-10 20:16:00,2011-11-09 17:47:00,55.71212121212121,0.03400052152010164,71.0140422061409
72351A,SET/6 TURQUOISE BUTTERFLY T-LIGHTS,3675,7257.38,390,99,5,2.1,2009-12-08 07:43:00,2011-12-04 10:51:00,9.423076923076923,0.033982027899476075,71.04802423404037
22749,FELTCRAFT PRINCESS CHARLOTTE DOLL,3673,15026.87,669,63,15,3.75,2010-09-08 10:54:00,2011-12-04 14:40:00,5.490284005979073,0.03396353427885051,71.08198776831922
22963,JAM JAR WITH GREEN LID,3672,3049.65,312,54,15,0.85,2010-07-23 12:29:00,2011-12-02 16:39:00,11.76923076923077,0.03395428746853773,71.11594205578776
23354,6 GIFT TAGS 50'S CHRISTMAS,3666,3321.58,307,18,10,0.83,2011-08-02 14:04:00,2011-12-04 14:15:00,11.941368078175897,0.03389880660666103,71.14984086239441
72008,FROSTED BOX 9 WHITE T-LIGHT CANDLES,3642,1456.62,197,46,5,0.42,2009-12-07 10:51:00,2010-11-14 14:54:00,18.487309644670052,0.03367688315915425,71.18351774555357
23318,BOX OF 6 MINI VINTAGE CRACKERS,3639,8706.92,351,21,12,2.49,2011-07-04 10:17:00,2011-12-04 13:32:00,10.367521367521368,0.033649142728215904,71.2171668882818
22331,WOODLAND PARTY BAG + STICKER SET,3631,5957.16,428,99,18,1.65,2009-12-07 10:41:00,2011-12-04 13:32:00,8.483644859813085,0.03357516824571364,71.25074205652751
22730,ALARM CLOCK BAKELIKE IVORY,3629,14554.32,729,62,12,3.75,2010-09-24 12:05:00,2011-12-04 14:51:00,4.978052126200274,0.03355667462508807,71.2842987311526
20777,CHRYSANTHEMUM NOTEBOOK,3628,1206.56,158,66,6,1.65,2009-12-07 15:42:00,2011-12-02 16:39:00,22.962025316455698,0.033547427814775294,71.31784615896738
21584,RETROSPOT SMALL TUBE MATCHES,3620,5824.2,339,84,9,1.65,2009-12-07 10:33:00,2011-12-04 11:45:00,10.678466076696164,0.033473453332273036,71.35131961229966
22377,BOTTLE BAG RETROSPOT,3612,6899.39,431,95,14,2.1,2010-01-26 11:33:00,2011-11-30 15:13:00,8.380510440835266,0.03339947884977077,71.38471909114944
23319,BOX OF 6 MINI 50'S CRACKERS,3607,8913.460000000001,378,22,15,2.49,2011-07-07 12:38:00,2011-12-04 16:08:00,9.542328042328043,0.03335324479820686,71.41807233594764
20778,GARDEN PATH NOTEBOOK,3605,929.12,84,41,4,1.65,2009-12-07 15:42:00,2011-04-26 13:22:00,42.916666666666664,0.03333475117758129,71.45140708712522
20775,DAISY NOTEBOOK,3601,921.63,110,53,2,1.65,2009-12-11 10:54:00,2011-12-02 16:39:00,32.736363636363635,0.03329776393633016,71.48470485106155
22775,PURPLE DRAWERKNOB ACRYLIC EDWARDIAN,3596,5125.56,280,59,10,1.25,2010-10-17 11:23:00,2011-12-04 15:38:00,12.842857142857143,0.03325152988476625,71.51795638094632
20750,RED RETROSPOT MINI CASES,3590,26118.37,877,101,25,7.95,2009-12-07 13:48:00,2011-12-04 13:55:00,4.0935005701254275,0.03319604902288956,71.5511524299692
79164,BLACK WINE GLASS,3586,3034.91,86,46,1,1.65,2009-12-07 17:56:00,2011-11-07 13:56:00,41.69767441860465,0.033159061781638424,71.58431149175084
21622,VINTAGE UNION JACK CUSHION COVER,3583,19318.14,602,92,13,4.95,2009-12-07 12:32:00,2011-12-02 12:36:00,5.951827242524917,0.03313132135070008,71.61744281310153
21207,SKULL AND CROSSBONES  GARLAND,3581,5559.12,278,92,16,1.65,2009-12-08 15:49:00,2011-12-02 10:22:00,12.881294964028777,0.03311282773007451,71.65055564083161
22668,PINK BABY BUNTING,3580,10874.56,576,73,18,2.95,2010-07-07 16:29:00,2011-12-02 13:46:00,6.215277777777778,0.033103580919761726,71.68365922175137
37446,MINI CAKE STAND WITH HANGING CAKES,3576,5148.14,391,75,11,1.45,2009-12-07 14:10:00,2011-12-04 10:51:00,9.145780051150895,0.0330665936785106,71.71672581542988
21912,VINTAGE SNAKES & LADDERS,3574,13984.14,787,102,19,3.75,2009-12-07 15:15:00,2011-12-04 14:55:00,4.5412960609911055,0.033048100057885034,71.74977391548776
22499,WOODEN UNION JACK BUNTING,3573,21744.690000000002,769,95,8,5.95,2010-02-02 12:03:00,2011-12-04 12:52:00,4.64629388816645,0.03303885324757225,71.78281276873534
35953,FOLKART STAR CHRISTMAS DECORATIONS,3566,1858.6799999999998,140,33,8,0.61,2009-12-13 13:03:00,2011-12-04 13:15:00,25.47142857142857,0.03297412557538277,71.81578689431072
22141,CHRISTMAS CRAFT TREE TOP ANGEL,3558,8530.560000000001,545,38,12,2.1,2009-12-07 12:42:00,2011-12-04 14:40:00,6.528440366972477,0.03290015109288051,71.8486870454036
22185,SLATE TILE NATURAL HANGING,3553,5908.789999999999,441,95,5,1.65,2009-12-07 15:15:00,2011-11-28 10:31:00,8.056689342403628,0.0328539170413166,71.88154096244492
21715,GIRLS VINTAGE TIN SEASIDE BUCKET,3550,8977.18,485,98,15,2.55,2009-12-13 13:31:00,2011-12-01 16:22:00,7.319587628865979,0.03282617661037825,71.9143671390553
22094,RED RETROSPOT TISSUE BOX,3544,2637.44,333,91,13,1.25,2009-12-07 17:56:00,2011-12-04 13:32:00,10.642642642642643,0.032770695748501555,71.9471378348038
22837,HOT WATER BOTTLE BABUSHKA,3534,16455.18,450,31,9,4.65,2010-10-06 16:17:00,2011-09-25 14:37:00,7.8533333333333335,0.03267822764537373,71.97981606244917
23503,PLAYING CARDS KEEP CALM & CARRY ON,3530,4716.88,314,11,7,1.25,2011-09-22 09:52:00,2011-12-04 14:15:00,11.242038216560509,0.0326412404041226,72.01245730285329
22548,HEADS AND TAILS SPORTING FUN,3526,4404.31,428,83,11,1.25,2010-03-25 14:22:00,2011-11-13 13:42:00,8.238317757009346,0.032604253162871466,72.04506155601617
21279,VINTAGE KITCHEN PRINT FRUITS,3521,1606.53,99,58,6,2.55,2009-12-07 18:02:00,2011-12-04 14:55:00,35.56565656565657,0.032558019111307554,72.07761957512747
22892,SET OF SALT AND PEPPER TOADSTOOLS,3520,4322.06,295,57,10,1.25,2010-10-15 11:45:00,2011-11-22 11:34:00,11.932203389830509,0.032548772300994774,72.11016834742847
22089,PAPER BUNTING VINTAGE PAISLEY,3494,10267.95,550,98,10,2.95,2009-12-07 11:35:00,2011-11-28 14:39:00,6.352727272727273,0.03230835523286242,72.14247670266133
23215,JINGLE BELL HEART ANTIQUE SILVER,3492,6880.4400000000005,201,23,4,2.08,2011-06-01 12:19:00,2011-12-04 15:00:00,17.37313432835821,0.03228986161223686,72.17476656427357
47599B,BLUE PARTY BAGS,3492,6662.54,286,93,15,2.1,2010-01-11 09:53:00,2011-12-02 16:04:00,12.20979020979021,0.03228986161223686,72.20705642588581
21260,FIRST AID TIN,3477,11447.02,524,101,19,3.25,2009-12-07 13:57:00,2011-12-02 16:39:00,6.635496183206107,0.03215115945754512,72.23920758534335
22052,VINTAGE CARAVAN GIFT WRAP,3475,1439.5,126,55,10,0.42,2009-12-09 15:20:00,2011-07-11 14:10:00,27.57936507936508,0.03213266583691955,72.27134025118028
22432,WATERING CAN PINK BUNNY,3471,6623.69,513,88,15,1.95,2010-02-18 15:19:00,2011-11-30 15:13:00,6.766081871345029,0.03209567859566843,72.30343592977594
23275,SET OF 3 HANGING OWLS OLLIE BEAK,3471,4197.16,300,27,11,1.25,2011-06-02 12:37:00,2011-12-04 15:00:00,11.57,0.03209567859566843,72.33553160837161
20774,GREEN FERN NOTEBOOK,3468,936.0799999999999,116,53,4,1.65,2009-12-07 12:26:00,2011-10-04 16:33:00,29.896551724137932,0.032067938164730074,72.36759954653634
22904,CALENDAR PAPER CUT DESIGN,3467,10755.050000000001,463,60,15,2.95,2010-09-19 14:51:00,2011-11-17 12:43:00,7.4881209503239745,0.032058691354417294,72.39965823789076
22940,FELTCRAFT CHRISTMAS FAIRY,3462,15131.28,573,47,14,4.25,2010-09-06 12:04:00,2011-12-04 14:40:00,6.041884816753926,0.03201245730285338,72.43167069519362
16048,TEATIME ROUND PENCIL SHARPENER,3460,536.23,104,57,7,0.12,2009-12-07 18:02:00,2011-12-01 16:22:00,33.26923076923077,0.031993963682227816,72.46366465887584
22339,CHRISTMAS TREE PAINTED ZINC,3448,1337.3600000000001,141,39,9,0.63,2009-12-07 18:02:00,2011-11-20 10:15:00,24.45390070921986,0.031883001958474426,72.49554766083432
22572,ROCKING HORSE GREEN CHRISTMAS,3439,3087.18,362,49,13,0.85,2010-07-22 15:06:00,2011-11-29 16:23:00,9.5,0.03179978066565938,72.52734744149998
22920,HERB MARKER BASIL,3436,2166.9900000000002,243,48,8,0.65,2010-11-21 16:11:00,2011-12-02 17:04:00,14.139917695473251,0.031772040234721036,72.55911948173471
84536B,FAIRY CAKES NOTEBOOK A7 SIZE,3431,1517.71,386,99,10,0.42,2009-12-07 17:56:00,2011-12-01 16:22:00,8.88860103626943,0.03172580618315712,72.59084528791787
21888,BINGO SET,3427,13429.43,799,102,19,3.75,2009-12-07 15:15:00,2011-12-04 14:15:00,4.289111389236545,0.03168881894190599,72.62253410685977
20961,STRAWBERRY BATH SPONGE,3426,4534.77,491,97,13,1.25,2009-12-07 11:47:00,2011-12-02 11:45:00,6.977596741344196,0.031679572131593205,72.65421367899137
22341,LOVE GARLAND PAINTED ZINC,3425,5619.61,233,88,7,1.65,2009-12-07 08:53:00,2011-11-29 16:47:00,14.699570815450643,0.031670325321280425,72.68588400431265
22402,MAGNETS PACK OF 4 VINTAGE COLLAGE,3423,3009.66,246,78,13,1.25,2010-03-26 13:46:00,2011-12-04 13:59:00,13.914634146341463,0.03165183170065486,72.71753583601331
46000S,POLYESTER FILLER PAD 40x40cm,3421,4960.45,372,97,10,1.45,2009-12-07 09:42:00,2011-12-04 12:17:00,9.196236559139784,0.03163333808002929,72.74916917409334
21890,S/6 WOODEN SKITTLES IN COTTON BAG,3420,10210.050000000001,521,99,15,2.95,2009-12-07 17:56:00,2011-12-02 12:59:00,6.564299424184261,0.03162409126971651,72.78079326536306
51014L,"FEATHER PEN,LIGHT PINK",3411,2193.6499999999996,222,79,10,0.83,2009-12-09 10:46:00,2011-12-04 14:15:00,15.364864864864865,0.03154086997690147,72.81233413533997
22127,PARTY CONES CARNIVAL ASSORTED,3408,4078.11,151,57,11,1.25,2009-12-07 13:48:00,2011-03-23 12:24:00,22.56953642384106,0.03151312954596312,72.84384726488592
22066,LOVE HEART TRINKET POT,3407,2692.7999999999997,270,84,9,1.45,2009-12-08 17:41:00,2011-12-04 11:55:00,12.618518518518519,0.031503882735650336,72.87535114762157
22733,3D TRADITIONAL CHRISTMAS STICKERS,3406,4376.66,328,39,12,1.25,2010-09-17 13:38:00,2011-12-04 14:15:00,10.384146341463415,0.03149463592533756,72.90684578354691
48116,DOORMAT MULTICOLOUR STRIPE,3403,20276.84,479,86,8,7.49,2009-12-07 18:02:00,2011-11-30 14:46:00,7.104384133611691,0.031466895494399204,72.93831267904132
21355,TOAST ITS - I LOVE YOU,3401,4152.9800000000005,331,75,11,1.25,2009-12-07 17:56:00,2011-11-27 16:27:00,10.274924471299094,0.031448401873773645,72.96976108091509
85221,ASSORTED COLOUR SILK COIN PURSE,3401,1592.29,42,17,3,1.25,2009-12-08 15:00:00,2010-05-10 13:28:00,80.97619047619048,0.031448401873773645,73.00120948278887
23326,HANGING MINI COLOURED BOTTLES,3386,2186.48,72,16,7,0.63,2011-08-11 12:53:00,2011-12-02 11:53:00,47.02777777777778,0.0313096997190819,73.03251918250795
22792,FLUTED ANTIQUE CANDLE HOLDER,3380,3140.4199999999996,254,54,3,0.85,2010-10-22 13:11:00,2011-12-04 15:00:00,13.307086614173228,0.03125421885720521,73.06377340136515
22299,PIG KEYRING WITH LIGHT & SOUND,3358,4109.38,187,70,8,1.25,2009-12-07 13:48:00,2011-12-04 10:56:00,17.9572192513369,0.03105078903032399,73.09482419039547
21903,MAN FLU METAL SIGN,3356,6740.35,397,98,7,2.1,2009-12-07 11:29:00,2011-12-04 13:32:00,8.453400503778338,0.031032295409698426,73.12585648580517
22817,CARD SUKI BIRTHDAY,3355,1419.36,349,62,8,0.42,2010-09-16 09:54:00,2011-12-04 15:18:00,9.613180515759312,0.031023048599385643,73.15687953440455
22431,WATERING CAN BLUE ELEPHANT,3350,6735.73,615,91,11,1.95,2010-02-22 10:24:00,2011-12-02 16:38:00,5.4471544715447155,0.030976814547821727,73.18785634895238
21801,CHRISTMAS TREE DECORATION WITH BELL,3349,1443.03,253,57,4,0.42,2009-12-07 17:56:00,2011-10-30 11:22:00,13.237154150197629,0.030967567737508948,73.21882391668989
16219,HOUSE SHAPE PENCIL SHARPENER,3347,493.72999999999996,124,59,6,0.21,2009-12-10 09:49:00,2011-12-02 16:39:00,26.991935483870968,0.03094907411688338,73.24977299080678
85227,SET OF 6 3D KIT CARDS FOR KIDS,3347,2995.48,421,94,14,0.85,2009-12-07 16:40:00,2011-12-04 13:15:00,7.950118764845605,0.03094907411688338,73.28072206492367
22754,SMALL RED BABUSHKA NOTEBOOK,3338,2894.8199999999997,459,66,14,0.85,2010-08-08 10:55:00,2011-12-04 15:28:00,7.272331154684096,0.030865852824068337,73.31158791774773
23192,BUNDLE OF 3 ALPHABET EXERCISE BOOKS,3337,5847.69,337,30,11,1.65,2011-05-10 09:58:00,2011-12-04 15:00:00,9.90207715133531,0.030856606013755554,73.34244452376149
22815,CARD PSYCHEDELIC APPLES,3336,1427.79,331,61,9,0.42,2010-09-16 09:54:00,2011-12-02 16:39:00,10.078549848942599,0.03084735920344277,73.37329188296493
22984,CARD GINGHAM ROSE,3336,1364.86,212,62,12,0.42,2010-09-12 14:34:00,2011-12-01 11:20:00,15.735849056603774,0.03084735920344277,73.40413924216838
20773,BLUE PAISLEY NOTEBOOK,3330,949.13,113,56,3,1.65,2009-12-07 12:32:00,2011-09-12 13:43:00,29.469026548672566,0.030791878341566076,73.43493112050994
20963,APPLE BATH SPONGE,3329,4487.25,483,100,12,1.25,2009-12-07 17:56:00,2011-12-04 13:32:00,6.892339544513457,0.030782631531253293,73.4657137520412
21280,VINTAGE KITCHEN PRINT VEGETABLES,3327,1785.14,69,47,5,2.55,2009-12-10 20:16:00,2011-11-09 17:47:00,48.21739130434783,0.03076413791062773,73.49647788995182
22049,WRAP CHRISTMAS SCREEN PRINT,3325,942.25,108,26,5,0.19,2009-12-10 14:50:00,2011-10-20 10:34:00,30.787037037037038,0.030745644290002164,73.52722353424183
22755,SMALL PURPLE BABUSHKA NOTEBOOK,3323,2889.72,470,67,12,0.85,2010-08-06 17:36:00,2011-12-04 13:59:00,7.0702127659574465,0.030727150669376598,73.5579506849112
22581,WOOD STOCKING CHRISTMAS SCANDISPOT,3312,2729.04,362,43,10,0.85,2010-07-18 11:31:00,2011-12-04 15:18:00,9.149171270718233,0.03062543575593599,73.58857612066714
85199L,LARGE HANGING IVORY & RED WOOD BIRD,3310,2186.2200000000003,263,90,9,0.65,2009-12-07 17:56:00,2011-11-29 15:06:00,12.585551330798479,0.030606942135310424,73.61918306280245
21992,VINTAGE PAISLEY STATIONERY SET,3307,6703.36,651,99,10,2.46,2009-12-07 17:56:00,2011-11-15 14:48:00,5.0798771121351765,0.03057920170437208,73.64976226450682
20674,GREEN POLKADOT BOWL,3303,4218.58,455,101,15,1.25,2009-12-07 18:02:00,2011-12-02 16:07:00,7.259340659340659,0.030542214463120946,73.68030447896994
21533,RETRO SPOT LARGE MILK JUG,3295,16360.95,931,102,17,4.95,2009-12-07 14:10:00,2011-12-02 14:48:00,3.539205155746509,0.030468239980618685,73.71077271895057
23188,VINTAGE  2 METER FOLDING RULER,3292,6122.9,315,25,7,1.65,2011-06-14 09:43:00,2011-12-04 14:45:00,10.450793650793651,0.03044049954968034,73.74121321850025
21788,KIDS RAIN MAC BLUE,3290,2647.74,197,83,14,0.85,2009-12-07 13:32:00,2011-12-02 13:12:00,16.700507614213198,0.030422005929054773,73.7716352244293
22545,MINI JIGSAW BUNNIES,3288,1386.25,177,76,10,0.42,2010-03-26 13:46:00,2011-12-02 12:59:00,18.576271186440678,0.030403512308429206,73.80203873673773
23351,ROLL WRAP 50'S CHRISTMAS,3284,4408.23,321,18,10,1.25,2011-08-04 16:17:00,2011-12-04 15:00:00,10.230529595015577,0.030366525067178077,73.83240526180491
22819,"BIRTHDAY CARD, RETRO SPOT",3283,1389.56,322,61,13,0.42,2010-09-20 10:20:00,2011-12-02 16:39:00,10.195652173913043,0.030357278256865294,73.86276254006178
22752,SET 7 BABUSHKA NESTING BOXES,3280,27350.800000000003,677,68,17,8.5,2010-08-06 15:02:00,2011-12-01 17:20:00,4.844903988183161,0.030329537825926945,73.8930920778877
22132,RED LOVE HEART SHAPE CUP,3280,2919.54,373,97,14,0.85,2009-12-07 08:24:00,2011-12-01 16:22:00,8.793565683646113,0.030329537825926945,73.92342161571362
35957,SMALLFOLKART BAUBLE CHRISTMAS DEC,3260,1172.97,138,31,3,1.66,2009-12-07 11:39:00,2011-01-13 09:30:00,23.6231884057971,0.030144601619671293,73.95356621733329
21527,RED RETROSPOT TRADITIONAL TEAPOT,3252,24199.32,801,65,15,7.95,2009-12-07 10:41:00,2011-05-15 16:02:00,4.059925093632959,0.030070627137169032,73.98363684447045
22050,PINK PAISLEY ROSE GIFT WRAP,3250,1333.0,113,67,12,0.42,2009-12-07 11:41:00,2011-11-10 09:57:00,28.761061946902654,0.03005213351654347,74.013688977987
22906,12 MESSAGE CARDS WITH ENVELOPES,3242,6015.63,434,61,7,1.65,2010-09-19 13:05:00,2011-12-04 13:32:00,7.470046082949309,0.029978159034041208,74.04366713702105
22737,RIBBON REEL CHRISTMAS PRESENT,3239,5777.8,484,45,11,1.65,2010-09-16 12:20:00,2011-12-04 13:32:00,6.6921487603305785,0.02995041860310286,74.07361755562415
20776,ABSTRACT CIRCLES NOTEBOOK,3239,801.31,81,28,5,1.65,2009-12-07 11:20:00,2010-09-17 14:50:00,39.98765432098765,0.02995041860310286,74.10356797422726
22148,EASTER CRAFT 4 CHICKS,3232,6470.54,297,49,14,1.95,2009-12-13 10:54:00,2011-12-04 11:50:00,10.882154882154882,0.02988569093091338,74.13345366515817
22427,ENAMEL FLOWER JUG CREAM,3210,19273.280000000002,798,70,11,5.95,2010-05-14 15:14:00,2011-11-28 14:26:00,4.022556390977444,0.029682261104032163,74.1631359262622
17033,"BROCADE PURSE,SMALL ARCH BUTTON",3198,844.06,64,25,1,0.29,2009-12-07 11:39:00,2010-10-19 12:48:00,49.96875,0.029571299380278773,74.19270722564248
22291,"SPRING DEC , HANGING CHICK CREAM",3190,4408.58,263,64,5,1.45,2009-12-17 15:44:00,2011-11-25 14:53:00,12.129277566539924,0.02949732489777651,74.22220455054025
23198,PANTRY MAGNETIC  SHOPPING LIST,3185,4796.71,454,24,15,1.45,2011-06-22 14:24:00,2011-12-04 12:52:00,7.015418502202643,0.0294510908462126,74.25165564138646
21832,CHOCOLATE CALCULATOR,3184,5551.46,436,96,13,1.65,2009-12-07 13:24:00,2011-12-02 13:38:00,7.302752293577981,0.029441844035899816,74.28109748542236
23168,CLASSIC CAFE SUGAR DISPENSER,3178,4391.72,322,30,8,1.25,2011-05-12 08:42:00,2011-12-04 14:55:00,9.869565217391305,0.02938636317402312,74.31048384859639
21807,WHITE CHRISTMAS STAR DECORATION,3173,1396.11,165,41,4,0.42,2009-12-07 17:56:00,2011-11-22 15:43:00,19.23030303030303,0.02934012912245921,74.33982397771885
22651,GENTLEMAN SHIRT REPAIR KIT,3165,2706.12,264,64,10,0.85,2010-07-20 15:28:00,2011-12-02 16:39:00,11.988636363636363,0.029266154639956948,74.3690901323588
20969,RED FLORAL FELTCRAFT SHOULDER BAG,3165,11736.2,586,99,11,3.75,2009-12-07 18:02:00,2011-12-04 14:40:00,5.401023890784983,0.029266154639956948,74.39835628699876
21413,PERIWINKLE T-LIGHT HOLDER,3162,1131.14,52,32,1,1.25,2009-12-08 15:49:00,2011-11-13 15:29:00,60.80769230769231,0.0292384142090186,74.42759470120778
47503K,ASSORTED FLORAL SECATEURS,3152,1340.69,40,23,3,1.95,2009-12-08 08:48:00,2010-06-21 16:04:00,78.8,0.029145946105890774,74.45674064731367
23175,REGENCY MILK JUG PINK,3143,9494.01,319,28,15,3.25,2011-05-10 10:34:00,2011-12-02 16:39:00,9.852664576802507,0.02906272481307573,74.48580337212674
22898,CHILDRENS APRON APPLES DESIGN,3136,6487.37,461,62,12,1.95,2010-09-26 12:51:00,2011-12-04 16:07:00,6.802603036876356,0.02899799714088625,74.51480136926763
23546,WRAP PAISLEY PARK,3125,1312.5,116,20,14,0.42,2011-07-19 11:57:00,2011-12-02 13:49:00,26.939655172413794,0.02889628222744564,74.54369765149508
22051,BLUE SCANDINAVIAN PAISLEY WRAP,3125,1296.5,114,67,10,0.42,2009-12-07 11:41:00,2011-11-24 17:06:00,27.412280701754387,0.02889628222744564,74.57259393372253
22543,MINI JIGSAW BAKE A CAKE,3121,1256.9099999999999,111,63,10,0.42,2010-03-26 13:46:00,2011-11-27 11:57:00,28.117117117117118,0.028859294986194512,74.60145322870872
21422,PORCELAIN ROSE SMALL,3120,2585.17,145,73,4,0.85,2009-12-09 13:31:00,2011-11-28 15:54:00,21.517241379310345,0.02885004817588173,74.6303032768846
21588,RETROSPOT GIANT TUBE MATCHES,3117,7235.55,271,79,6,2.55,2009-12-08 15:12:00,2011-12-02 16:14:00,11.501845018450185,0.028822307744943383,74.65912558462955
17109C,FLOWER FAIRY INCENSE ROSE,3116,647.71,12,8,2,1.69,2009-12-09 14:48:00,2010-03-03 11:53:00,259.6666666666667,0.0288130609346306,74.68793864556417
22091,EMPIRE TISSUE BOX,3114,2390.01,308,86,7,1.25,2009-12-07 17:56:00,2011-12-02 12:36:00,10.11038961038961,0.028794567314005034,74.71673321287818
22575,METAL MERRY CHRISTMAS WREATH,3112,6697.76,329,44,10,1.95,2010-07-18 15:45:00,2011-11-21 14:34:00,9.458966565349543,0.028776073693379468,74.74550928657156
23000,TRAVEL CARD WALLET TRANSPORT,3110,1338.99,270,42,9,0.42,2011-02-16 16:56:00,2011-12-04 14:09:00,11.518518518518519,0.028757580072753905,74.77426686664431
22171,3 HOOK PHOTO SHELF ANTIQUE WHITE,3108,23420.83,647,99,10,8.5,2009-12-07 17:18:00,2011-12-04 12:44:00,4.80370942812983,0.02873908645212834,74.80300595309645
22109,FULL ENGLISH BREAKFAST PLATE,3105,12699.83,600,101,10,3.75,2009-12-07 11:51:00,2011-12-04 13:45:00,5.175,0.02871134602118999,74.83171729911764
22624,IVORY KITCHEN SCALES,3099,26761.13,1196,78,19,8.5,2010-05-04 10:02:00,2011-12-04 15:19:00,2.5911371237458196,0.028655865159313294,74.86037316427695
21090,SET/6 COLLAGE PAPER PLATES,3093,1719.6699999999998,275,76,10,0.83,2009-12-16 12:11:00,2011-12-01 12:54:00,11.247272727272728,0.0286003842974366,74.88897354857438
23583,LUNCH BAG PAISLEY PARK,3087,4958.51,289,6,8,1.65,2011-10-25 09:31:00,2011-12-04 15:19:00,10.681660899653979,0.028544903435559904,74.91751845200994
48129,DOORMAT TOPIARY,3087,19311.33,527,99,10,7.95,2009-12-07 09:42:00,2011-12-04 15:35:00,5.857685009487666,0.028544903435559904,74.9460633554455
22750,FELTCRAFT PRINCESS LOLA DOLL,3087,11540.26,633,62,16,3.75,2010-09-06 12:04:00,2011-12-04 15:00:00,4.876777251184834,0.028544903435559904,74.97460825888106
22129,PARTY CONES CANDY TREE DECORATION,3084,2944.04,165,70,14,0.85,2009-12-08 13:02:00,2011-12-02 16:39:00,18.69090909090909,0.028517163004621555,75.00312542188568
23367,SET 12 COLOUR PENCILS SPACEBOY,3072,2336.3,262,11,12,0.65,2011-09-22 11:46:00,2011-12-04 13:45:00,11.725190839694656,0.028406201280868165,75.03153162316656
84929,ASSTD FRUIT+FLOWERS FRIDGE MAGNETS,3072,994.32,92,56,9,0.19,2009-12-16 14:59:00,2011-11-24 13:27:00,33.391304347826086,0.028406201280868165,75.05993782444743
22576,SWALLOW WOODEN CHRISTMAS DECORATION,3054,2759.42,318,46,13,0.85,2010-07-18 11:31:00,2011-12-02 11:28:00,9.60377358490566,0.02823975869523808,75.08817758314267
85006,SET 4 NURSERY DES ROUND BOXES,3043,1271.61,36,27,6,2.95,2009-12-14 12:24:00,2011-04-27 14:58:00,84.52777777777777,0.02813804378179747,75.11631562692446
21650,ASSORTED TUTTI FRUTTI BRACELET,3040,1055.31,185,68,6,0.65,2009-12-07 15:28:00,2011-12-02 16:39:00,16.43243243243243,0.028110303350859123,75.14442593027532
21590,KINGS CHOICE CIGAR BOX MATCHES,3038,3656.14,267,47,3,1.25,2009-12-07 15:42:00,2010-11-10 15:16:00,11.378277153558052,0.028091809730233556,75.17251774000555
23174,REGENCY SUGAR BOWL GREEN,3035,12226.31,313,30,18,4.15,2011-05-10 10:34:00,2011-12-02 16:39:00,9.696485623003195,0.028064069299295207,75.20058180930484
23349,ROLL WRAP VINTAGE CHRISTMAS,3031,4009.5099999999998,311,18,8,1.25,2011-08-04 15:23:00,2011-12-04 13:32:00,9.745980707395498,0.028027082058044078,75.22860889136288
22327,ROUND SNACK BOXES SET OF 4 SKULLS,3029,9769.310000000001,631,98,14,2.95,2010-01-10 12:13:00,2011-12-04 14:15:00,4.800316957210777,0.028008588437418512,75.2566174798003
22613,PACK OF 20 SPACEBOY NAPKINS,3026,2397.73,270,75,14,0.85,2010-05-06 11:50:00,2011-12-04 12:44:00,11.207407407407407,0.027980848006480166,75.28459832780678
23322,LARGE WHITE HEART OF WICKER,3018,8713.560000000001,545,26,6,2.95,2011-06-12 12:01:00,2011-12-04 13:59:00,5.537614678899082,0.027906873523977905,75.31250520133075
72756,FAIRY CAKE CANDLES,3015,4077.6299999999997,88,6,5,1.49,2009-12-07 11:41:00,2010-06-15 12:11:00,34.26136363636363,0.027879133093039556,75.34038433442379
22599,CHRISTMAS MUSICAL ZINC STAR,3007,1913.3799999999999,177,34,7,0.83,2010-07-25 12:16:00,2011-12-04 13:59:00,16.98870056497175,0.027805158610537294,75.36818949303432
22729,ALARM CLOCK BAKELIKE ORANGE,2999,11864.0,612,62,12,3.75,2010-09-24 10:29:00,2011-12-04 14:51:00,4.900326797385621,0.027731184128035033,75.39592067716235
85232B,SET/3 RUSSIAN DOLL STACKING TINS,2997,14999.410000000002,521,55,15,4.95,2009-12-07 13:35:00,2011-02-11 13:53:00,5.752399232245681,0.02771269050740947,75.42363336766977
85066,CREAM SWEETHEART MINI CHEST,2980,37235.31,905,98,13,12.75,2009-12-07 11:46:00,2011-12-04 12:52:00,3.292817679558011,0.027555494732092164,75.45118886240186
22207,FRYING PAN UNION FLAG,2971,12712.21,453,98,7,4.25,2009-12-07 13:35:00,2011-11-30 15:13:00,6.558498896247241,0.02747227343927712,75.47866113584114
21395,BLUE POLKADOT BEAKER,2968,1401.6,115,47,10,0.39,2009-12-07 13:35:00,2011-11-03 16:56:00,25.808695652173913,0.027444533008338774,75.50610566884947
22665,RECIPE BOX BLUE SKETCHBOOK DESIGN,2955,9589.84,703,72,14,2.95,2010-07-11 12:00:00,2011-11-25 11:36:00,4.203413940256046,0.0273243244742726,75.53342999332375
84032A,CHARLIE+LOLA PINK HOT WATER BOTTLE,2953,7941.62,618,88,8,2.95,2009-12-07 13:07:00,2011-12-02 16:39:00,4.7783171521035595,0.027305830853647035,75.5607358241774
22353,LUNCH BOX WITH CUTLERY FAIRY CAKES,2953,7675.009999999999,470,58,15,2.55,2009-12-07 10:41:00,2011-05-08 12:58:00,6.282978723404256,0.027305830853647035,75.58804165503105
23165,LARGE CERAMIC TOP STORAGE JAR,2952,4889.44,271,30,9,1.65,2011-05-12 10:10:00,2011-12-02 16:39:00,10.892988929889299,0.02729658404333425,75.61533823907438
21770,OPEN CLOSED METAL SIGN,2942,14549.29,629,63,21,4.95,2009-12-08 12:54:00,2011-12-04 11:56:00,4.677265500794912,0.027204115940206424,75.64254235501458
79029,GLASS HONEYPOT WASP CATCHER,2930,5441.82,338,34,5,1.95,2009-12-07 15:15:00,2010-08-09 14:39:00,8.668639053254438,0.027093154216453034,75.66963550923104
21561,DINOSAUR LUNCH BOX WITH CUTLERY,2929,7187.45,507,100,14,2.55,2009-12-08 11:13:00,2011-12-02 10:47:00,5.777120315581854,0.02708390740614025,75.69671941663718
20682,RED RETROSPOT CHILDRENS UMBRELLA,2925,9696.86,570,100,19,3.25,2009-12-07 11:39:00,2011-12-04 16:07:00,5.131578947368421,0.027046920164889122,75.72376633680207
22731,3D CHRISTMAS STAMPS STICKERS,2922,3909.8,257,36,7,1.25,2010-09-16 13:12:00,2011-12-04 14:15:00,11.369649805447471,0.027019179733950772,75.75078551653603
23376,PACK OF 12 VINTAGE CHRISTMAS TISSUE,2918,1329.8,142,14,3,0.39,2011-09-01 11:30:00,2011-12-04 11:45:00,20.549295774647888,0.026982192492699644,75.77776770902872
85049C,ROMANTIC PINKS RIBBONS,2917,3663.87,489,95,15,1.25,2009-12-07 18:02:00,2011-12-04 12:52:00,5.965235173824131,0.02697294568238686,75.80474065471111
22622,BOX OF VINTAGE ALPHABET BLOCKS,2917,29108.82,562,82,17,9.95,2010-05-07 10:44:00,2011-12-01 12:39:00,5.190391459074733,0.02697294568238686,75.8317136003935
22653,BUTTON BOX,2915,5424.71,371,67,8,1.95,2010-07-19 10:31:00,2011-12-02 16:39:00,7.857142857142857,0.026954452061761294,75.85866805245526
21809,CHRISTMAS HANGING TREE WITH BELL,2914,2327.38,194,43,6,1.25,2009-12-08 11:46:00,2011-11-28 15:54:00,15.02061855670103,0.02694520525144851,75.88561325770671
20749,ASSORTED COLOUR MINI CASES,2910,21062.93,747,100,21,7.95,2009-12-07 13:49:00,2011-12-04 12:02:00,3.895582329317269,0.026908218010197382,75.9125214757169
21084,SET/6 COLLAGE PAPER CUPS,2906,996.66,219,70,9,0.65,2009-12-10 09:49:00,2011-12-01 13:33:00,13.269406392694064,0.026871230768946253,75.93939270648585
84032B,CHARLIE + LOLA RED HOT WATER BOTTLE,2904,7118.410000000001,556,89,8,2.95,2009-12-07 11:39:00,2011-12-04 14:55:00,5.223021582733813,0.026852737148320687,75.96624544363416
21648,ASSORTED TUTTI FRUTTI SMALL PURSE,2901,3892.22,222,75,9,1.25,2009-12-07 13:49:00,2011-11-29 16:33:00,13.067567567567568,0.026824996717382338,75.99307044035154
85015,SET OF 12  VINTAGE POSTCARD SET,2901,2735.85,248,86,17,2.51,2009-12-07 12:32:00,2011-12-02 13:49:00,11.69758064516129,0.026824996717382338,76.01989543706893
22746,POPPY'S PLAYHOUSE LIVINGROOM,2891,6653.26,557,62,17,2.1,2010-09-24 16:50:00,2011-12-04 14:51:00,5.190305206463195,0.026732528614254514,76.04662796568319
20966,SANDWICH BATH SPONGE,2888,4078.21,404,71,9,1.25,2009-12-07 13:35:00,2011-08-24 10:22:00,7.148514851485149,0.026704788183316164,76.0733327538665
22057,CERAMIC PLATE STRAWBERRY DESIGN,2885,3921.16,246,79,7,1.49,2009-12-09 09:51:00,2011-12-04 12:14:00,11.727642276422765,0.02667704775237782,76.10000980161887
35004C,SET OF 3 COLOURED  FLYING DUCKS,2884,15066.43,345,62,5,5.45,2009-12-07 08:24:00,2011-03-07 14:33:00,8.359420289855073,0.026667800942065036,76.12667760256093
85230F,JASMINE VOTIVE CANDLE,2872,704.2399999999999,58,39,5,0.29,2009-12-13 11:34:00,2011-11-10 13:28:00,49.51724137931034,0.026556839218311642,76.15323444177925
22508,DOORSTOP RETROSPOT HEART,2868,11498.4,691,89,13,3.75,2010-03-11 10:26:00,2011-12-04 12:52:00,4.150506512301013,0.026519851977060513,76.1797542937563
21789,KIDS RAIN MAC PINK,2861,2382.67,211,81,15,0.85,2009-12-07 17:56:00,2011-12-02 16:39:00,13.559241706161137,0.026455124304871035,76.20620941806118
47503A,ASS FLORAL PRINT MULTI SCREWDRIVER,2851,1400.3700000000001,194,61,10,0.42,2010-04-21 15:24:00,2011-11-28 12:14:00,14.695876288659793,0.026362656201743207,76.23257207426292
23507,MINI PLAYING CARDS BUFFALO BILL,2849,1139.76,112,11,10,0.42,2011-09-22 14:11:00,2011-12-04 13:15:00,25.4375,0.026344162581117644,76.25891623684403
22098,BOUDOIR SQUARE TISSUE BOX,2847,1928.38,304,90,11,1.25,2009-12-07 15:42:00,2011-12-04 12:44:00,9.365131578947368,0.026325668960492078,76.28524190580453
37447,CERAMIC CAKE DESIGN SPOTTED PLATE,2844,4465.139999999999,353,96,13,1.49,2009-12-07 17:56:00,2011-12-02 11:12:00,8.056657223796034,0.02629792852955373,76.31153983433408
22915,ASSORTED BOTTLE TOP  MAGNETS,2837,1376.96,180,48,14,0.42,2010-11-19 13:09:00,2011-12-04 13:54:00,15.761111111111111,0.02623320085736425,76.33777303519145
22588,CARD HOLDER GINGHAM HEART,2837,7724.76,478,54,13,2.55,2010-07-16 15:26:00,2011-12-02 16:39:00,5.935146443514644,0.02623320085736425,76.36400623604881
82001S,VINYL RECORD FRAME SILVER,2836,10174.98,221,82,5,3.75,2009-12-07 12:56:00,2011-11-30 13:22:00,12.832579185520363,0.02622395404705147,76.39023019009586
85111,SILVER GLITTER FLOWER VOTIVE HOLDER,2832,931.4399999999999,74,42,2,0.29,2010-01-31 14:25:00,2011-12-02 16:39:00,38.270270270270274,0.02618696680580034,76.41641715690166
16008,SMALL FOLDING SCISSOR(POINTED EDGE),2829,385.52,82,42,8,0.12,2010-03-19 14:02:00,2011-12-04 15:13:00,34.5,0.026159226374861993,76.44257638327652
22532,MAGIC DRAWING SLATE LEAP FROG,2828,1086.82,173,66,9,0.42,2010-03-28 13:38:00,2011-11-30 17:37:00,16.346820809248555,0.02614997956454921,76.46872636284107
22895,SET OF 2 TEA TOWELS APPLE AND PEARS,2828,8566.460000000001,404,62,13,3.25,2010-09-24 16:50:00,2011-12-04 14:15:00,7.0,0.02614997956454921,76.49487634240562
22999,TRAVEL CARD WALLET VINTAGE LEAF,2826,1220.75,214,42,8,0.42,2011-02-17 12:51:00,2011-12-04 14:09:00,13.205607476635514,0.026131485943923644,76.52100782834954
22672,FRENCH BATHROOM SIGN BLUE METAL,2822,4683.349999999999,365,66,9,1.65,2010-08-17 11:21:00,2011-12-02 13:32:00,7.7315068493150685,0.026094498702672515,76.54710232705222
85217,ASSORTED ICE CREAM FRIDGE MAGNETS,2813,1931.19,158,37,11,0.65,2009-12-09 09:42:00,2010-09-09 15:44:00,17.803797468354432,0.02601127740985747,76.57311360446208
23306,SET OF 36 DOILIES PANTRY DESIGN,2807,4120.46,276,27,13,1.45,2011-06-05 11:29:00,2011-12-04 12:32:00,10.170289855072463,0.025955796547980775,76.59906940101006
85212,MINI PAINTED GARDEN DECORATION,2806,1087.8999999999999,119,66,5,0.85,2009-12-07 18:02:00,2011-11-29 12:09:00,23.57983193277311,0.025946549737667992,76.62501595074772
21680,WOODLAND  STICKERS,2804,2432.96,256,87,9,0.85,2009-12-08 16:09:00,2011-12-02 16:39:00,10.953125,0.025928056117042426,76.65094400686476
23313,VINTAGE CHRISTMAS BUNTING,2796,14779.08,373,21,9,4.95,2011-07-12 15:15:00,2011-12-04 15:13:00,7.49597855227882,0.025854081634540164,76.6767980884993
22566,FELTCRAFT HAIRBAND PINK AND PURPLE,2793,2327.91,284,77,7,0.85,2010-03-10 12:39:00,2011-12-02 12:59:00,9.834507042253522,0.02582634120360182,76.7026244297029
21163,DO NOT TOUCH MY STUFF DOOR HANGER,2792,1744.34,247,82,4,1.45,2009-12-09 09:42:00,2011-10-28 12:34:00,11.303643724696355,0.025817094393289036,76.72844152409618
22040,BOTANICAL ROSE GIFT WRAP,2790,1133.8,93,60,6,0.42,2009-12-17 12:30:00,2011-11-17 10:01:00,30.0,0.02579860077266347,76.75424012486884
20751,FUNKY WASHING UP GLOVES ASSORTED,2786,5911.960000000001,462,101,13,2.1,2009-12-07 11:40:00,2011-12-04 12:32:00,6.03030303030303,0.02576161353141234,76.78000173840026
22115,METAL SIGN EMPIRE TEA,2782,5481.14,481,99,7,2.95,2009-12-07 17:56:00,2011-12-04 15:19:00,5.783783783783784,0.025724626290161208,76.80572636469041
84509F,SET OF 4 NEW ENGLAND PLACEMATS,2780,2452.35,45,30,4,3.75,2009-12-10 17:04:00,2010-11-10 10:50:00,61.77777777777778,0.025706132669535645,76.83143249735996
22774,RED DRAWER KNOB ACRYLIC EDWARDIAN,2779,3576.06,183,53,8,1.25,2010-10-17 11:23:00,2011-11-30 15:13:00,15.185792349726777,0.025696885859222862,76.85712938321917
22989,SET 2 PANTRY DESIGN TEA TOWELS,2778,8855.22,360,44,18,3.25,2011-02-03 17:01:00,2011-12-04 14:15:00,7.716666666666667,0.02568763904891008,76.88281702226809
85216,ASSORTED CAKES FRIDGE MAGNETS,2776,2099.6400000000003,181,55,11,0.65,2009-12-07 15:42:00,2011-11-18 12:48:00,15.337016574585636,0.025669145428284513,76.90848616769637
22709,WRAP WEDDING DAY,2774,1089.08,76,49,10,0.42,2010-06-02 11:11:00,2011-10-25 08:26:00,36.5,0.025650651807658947,76.93413681950402
22433,WATERING CAN GREEN DINOSAUR,2771,5170.45,420,86,14,1.95,2010-02-18 18:33:00,2011-11-30 15:13:00,6.597619047619047,0.0256229113767206,76.95975973088073
16012,FOOD/DRINK SPONGE STICKERS,2768,580.08,79,49,6,0.21,2009-12-13 14:01:00,2011-12-04 14:09:00,35.037974683544306,0.02559517094578225,76.98535490182651
22350,ILLUSTRATED CAT BOWL,2768,7684.12,315,90,9,2.55,2009-12-07 12:58:00,2011-12-02 13:12:00,8.787301587301588,0.02559517094578225,77.01095007277229
21824,PAINTED METAL STAR WITH HOLLY BELLS,2759,2314.93,207,40,5,1.45,2009-12-09 09:42:00,2011-11-15 12:02:00,13.328502415458937,0.02551194965296721,77.03646202242525
21278,VINTAGE KITCHEN PRINT PUDDINGS,2758,1654.4499999999998,118,49,8,2.55,2009-12-08 15:49:00,2011-07-15 14:05:00,23.372881355932204,0.025502702842654427,77.06196472526791
21993,FLORAL FOLK STATIONERY SET,2755,5004.99,553,94,11,2.46,2009-12-07 15:42:00,2011-12-04 12:52:00,4.981916817359855,0.025474962411716078,77.08743968767963
22292,HANGING CHICK  YELLOW DECORATION,2755,3738.9399999999996,221,69,5,1.45,2009-12-17 15:44:00,2011-11-25 14:53:00,12.46606334841629,0.025474962411716078,77.11291465009135
22494,EMERGENCY FIRST AID TIN,2752,3700.15,461,96,22,1.25,2010-01-29 13:53:00,2011-12-04 14:55:00,5.969631236442516,0.025447221980777732,77.13836187207214
23571,TRADITIONAL NAUGHTS & CROSSES,2752,6228.9,237,7,8,1.65,2011-10-21 14:23:00,2011-12-04 16:02:00,11.611814345991561,0.025447221980777732,77.16380909405292
21447,12 IVORY ROSE PEG PLACE SETTINGS,2750,3808.81,333,89,8,1.25,2009-12-07 15:42:00,2011-09-21 15:43:00,8.258258258258259,0.025428728360152166,77.18923782241308
22478,BIRDHOUSE GARDEN MARKER,2746,3808.65,312,86,11,1.25,2010-03-05 10:37:00,2011-12-04 10:53:00,8.801282051282051,0.025391741118901034,77.21462956353197
21217,RED RETROSPOT ROUND CAKE TINS,2745,28093.199999999997,890,101,18,9.95,2009-12-07 11:46:00,2011-12-02 14:48:00,3.0842696629213484,0.025382494308588254,77.24001205784056
22048,BIRTHDAY BANQUET GIFT WRAP,2740,1134.8,99,63,9,0.42,2009-12-14 13:19:00,2011-11-09 17:47:00,27.67676767676768,0.02533626025702434,77.26534831809758
16049,TEATIME GEL PENS ASST,2737,508.64,31,19,1,0.42,2009-12-09 16:24:00,2011-05-25 11:44:00,88.29032258064517,0.025308519826085993,77.29065683792366
23210,WHITE ROCKING HORSE HAND PAINTED,2733,3388.38,173,26,13,1.25,2011-06-02 09:04:00,2011-12-04 16:08:00,15.797687861271676,0.02527153258483486,77.3159283705085
23173,REGENCY TEAPOT ROSES,2732,24462.33,405,30,17,9.95,2011-05-10 10:34:00,2011-12-02 16:39:00,6.745679012345679,0.025262285774522077,77.34119065628302
21713,CITRONELLA CANDLE FLOWERPOT,2730,5137.110000000001,389,87,4,2.1,2009-12-08 15:49:00,2011-12-04 14:55:00,7.017994858611825,0.025243792153896515,77.36643444843692
22095,LADS ONLY TISSUE BOX,2724,2817.55,267,74,2,1.25,2009-12-07 13:59:00,2011-12-02 16:39:00,10.202247191011235,0.02518831129201982,77.39162275972895
21201,TROPICAL  HONEYCOMB PAPER GARLAND,2719,6438.95,229,93,7,2.55,2009-12-09 10:41:00,2011-11-30 15:13:00,11.873362445414847,0.025142077240455904,77.4167648369694
22715,CARD WEDDING DAY,2717,1133.93,218,67,12,0.42,2010-06-01 15:01:00,2011-11-27 13:26:00,12.463302752293577,0.02512358361983034,77.44188842058924
37444A,YELLOW BREAKFAST CUP AND SAUCER,2704,539.41,41,34,3,2.95,2009-12-07 18:02:00,2011-07-13 12:06:00,65.95121951219512,0.025003375085764164,77.466891795675
47587A,PINK FAIRY CAKE COASTER,2703,1094.78,24,13,3,1.66,2009-12-10 09:49:00,2010-05-14 12:05:00,112.625,0.02499412827545138,77.49188592395045
22893,MINI CAKE STAND T-LIGHT HOLDER,2694,1294.75,180,54,8,0.42,2010-10-15 13:48:00,2011-11-30 15:13:00,14.966666666666667,0.02491090698263634,77.51679683093309
21539,RED RETROSPOT BUTTER DISH,2689,13334.380000000001,695,98,11,4.95,2009-12-07 13:48:00,2011-11-01 14:54:00,3.869064748201439,0.024864672931072425,77.54166150386416
22285,"DECORATION HEN ON NEST, HANGING",2688,4218.32,258,77,6,1.65,2009-12-08 15:49:00,2011-11-30 13:13:00,10.418604651162791,0.024855426120759645,77.56651692998493
17084N,FAIRY DREAMS INCENSE,2688,622.41,181,80,1,0.42,2009-12-07 13:48:00,2011-11-28 15:31:00,14.850828729281767,0.024855426120759645,77.5913723561057
84691,PACK 20 DOLLY PEGS,2686,2170.25,225,38,9,0.85,2009-12-07 13:48:00,2011-05-31 09:38:00,11.937777777777777,0.02483693250013408,77.61620928860583
21123,SET/10 IVORY POLKADOT PARTY CANDLES,2682,3313.11,241,87,15,1.25,2009-12-13 13:53:00,2011-12-02 16:39:00,11.12863070539419,0.024799945258882947,77.64100923386471
22899,CHILDREN'S APRON DOLLY GIRL,2676,5562.320000000001,407,61,15,2.1,2010-09-26 12:51:00,2011-12-04 11:24:00,6.574938574938575,0.02474446439700625,77.66575369826171
21077,SET/20 WOODLAND PAPER NAPKINS,2675,1979.6599999999999,185,38,10,0.85,2009-12-07 13:48:00,2010-09-09 17:46:00,14.45945945945946,0.02473521758669347,77.6904889158484
22964,3 PIECE SPACEBOY COOKIE CUTTER SET,2675,5571.990000000001,392,54,14,2.1,2010-11-21 13:46:00,2011-12-04 14:55:00,6.823979591836735,0.02473521758669347,77.7152241334351
21745,GAOLERS KEYS DECORATIVE GARDEN,2666,9068.3,473,100,10,3.75,2009-12-07 13:57:00,2011-12-04 12:52:00,5.636363636363637,0.024651996293878427,77.73987612972898
84535B,FAIRY CAKES NOTEBOOK A6 SIZE,2660,1728.43,318,97,12,0.65,2009-12-07 17:56:00,2011-11-30 14:41:00,8.364779874213836,0.024596515432001732,77.76447264516098
16236,KITTY PENCIL ERASERS,2641,589.03,252,88,7,0.21,2009-12-07 13:59:00,2011-12-04 13:15:00,10.48015873015873,0.02442082603605886,77.78889347119704
23328,SET 6 SCHOOL MILK BOTTLES IN CRATE,2641,12238.7,385,17,9,3.75,2011-08-08 15:42:00,2011-12-04 14:55:00,6.85974025974026,0.02442082603605886,77.8133142972331
22358,KINGS CHOICE TEA CADDY,2637,8312.550000000001,597,99,12,2.95,2010-01-06 13:56:00,2011-12-04 11:45:00,4.417085427135678,0.02438383879480773,77.83769813602791
21702,SET 5 MINI GATEAUX  FRIDGE MAGNETS,2636,918.6800000000001,8,5,5,1.69,2009-12-15 10:02:00,2010-02-15 11:57:00,329.5,0.02437459198449495,77.86207272801241
85176,SEWING SUSAN 21 NEEDLE SET,2633,2181.92,291,91,8,0.85,2009-12-08 12:38:00,2011-12-02 16:39:00,9.048109965635739,0.0243468515535566,77.88641957956597
21428,SET3 BOOK BOX GREEN GINGHAM FLOWER,2630,10766.32,447,83,18,4.25,2009-12-07 11:05:00,2011-12-01 16:22:00,5.883668903803132,0.024319111122618253,77.91073869068859
23506,MINI PLAYING CARDS SPACEBOY,2630,1086.78,135,11,10,0.42,2011-09-22 12:02:00,2011-12-04 13:15:00,19.48148148148148,0.024319111122618253,77.93505780181121
47504K,ENGLISH ROSE GARDEN SECATEURS,2624,3037.58,308,89,9,1.95,2009-12-11 12:31:00,2011-11-09 16:33:00,8.519480519480519,0.024263630260741558,77.95932143207196
22343,PARTY PIZZA DISH RED RETROSPOT,2621,1650.9499999999998,174,78,13,0.85,2009-12-07 14:34:00,2011-12-04 12:32:00,15.063218390804598,0.02423588982980321,77.98355732190176
22347,PIZZA SLICE DISH,2621,2988.55,102,30,5,1.25,2009-12-07 15:42:00,2010-08-20 14:07:00,25.69607843137255,0.02423588982980321,78.00779321173155
22501,PICNIC BASKET WICKER LARGE,2612,30339.36,762,75,10,9.95,2010-05-21 16:37:00,2011-11-06 15:01:00,3.4278215223097113,0.024152668536988164,78.03194588026854
21041,RED RETROSPOT OVEN GLOVE DOUBLE,2609,8868.78,507,76,9,2.95,2009-12-07 15:26:00,2011-11-23 14:07:00,5.145956607495069,0.02412492810604982,78.05607080837459
22718,CARD CAT AND TREE,2593,1136.32,263,75,11,0.42,2010-06-01 13:49:00,2011-11-27 16:19:00,9.859315589353612,0.023976979141045296,78.08004778751562
23508,MINI PLAYING CARDS DOLLY GIRL,2592,1145.06,114,11,10,0.42,2011-09-22 14:11:00,2011-12-04 11:45:00,22.736842105263158,0.023967732330732513,78.10401551984636
22075,6 RIBBONS ELEGANT CHRISTMAS,2592,4304.82,317,66,7,1.65,2009-12-07 11:40:00,2011-12-04 15:35:00,8.176656151419559,0.023967732330732513,78.12798325217709
22441,GROW YOUR OWN BASIL IN ENAMEL MUG,2591,5610.150000000001,464,83,11,2.1,2010-03-23 11:13:00,2011-12-04 14:55:00,5.584051724137931,0.02395848552041973,78.15194173769751
23346,SPACEBOY BEAKER,2590,3057.58,173,20,12,1.25,2011-07-24 16:13:00,2011-12-04 12:01:00,14.971098265895954,0.02394923871010695,78.17589097640762
22625,RED KITCHEN SCALES,2586,22548.86,935,77,20,8.5,2010-05-04 12:18:00,2011-12-04 15:19:00,2.7657754010695186,0.023912251468855818,78.19980322787647
21806,WHITE CHRISTMAS HEART DECORATION,2581,1121.11,121,31,3,0.42,2009-12-07 13:46:00,2010-11-29 16:32:00,21.330578512396695,0.023866017417291906,78.22366924529376
23350,ROLL WRAP VINTAGE SPOT,2568,3245.72,285,18,8,1.25,2011-08-04 15:23:00,2011-12-04 15:00:00,9.010526315789473,0.023745808883225732,78.24741505417698
79323W,WHITE CHERRY LIGHTS,2564,15407.240000000002,304,23,5,6.75,2009-12-07 08:13:00,2010-09-16 09:07:00,8.43421052631579,0.0237088216419746,78.27112387581896
21949,SET OF 6 STRAWBERRY CHOPSTICKS,2561,3104.29,254,82,11,1.25,2009-12-07 18:02:00,2011-12-02 12:24:00,10.082677165354331,0.023681081211036254,78.29480495703
23154,SET OF 4 JAM JAR MAGNETS,2558,5573.04,229,37,16,2.08,2011-03-25 11:01:00,2011-12-02 16:07:00,11.170305676855895,0.023653340780097905,78.3184582978101
23157,SET OF 6 NATIVITY MAGNETS,2556,5138.93,162,24,11,2.08,2011-03-31 13:40:00,2011-11-29 16:47:00,15.777777777777779,0.02363484715947234,78.34209314496957
17038,PORCELAIN BUDAH INCENSE HOLDER,2556,252.02,53,44,2,0.1,2009-12-14 15:57:00,2011-11-24 12:48:00,48.22641509433962,0.02363484715947234,78.36572799212904
23158,SET OF 5 LUCKY CAT MAGNETS,2555,5318.79,240,37,11,2.08,2011-03-25 14:50:00,2011-12-02 16:39:00,10.645833333333334,0.02362560034915956,78.3893535924782
22268,EASTER DECORATION SITTING BUNNY,2554,1271.29,236,62,4,0.85,2009-12-13 15:38:00,2011-11-10 15:32:00,10.822033898305085,0.023616353538846776,78.41296994601704
85048,15CM CHRISTMAS GLASS BALL 20 LIGHTS,2554,20021.8,486,58,7,7.95,2009-12-07 08:24:00,2011-12-04 14:01:00,5.255144032921811,0.023616353538846776,78.43658629955588
21158,MOODY GIRL DOOR HANGER,2546,1747.61,296,88,5,1.45,2009-12-14 13:23:00,2011-12-01 13:08:00,8.60135135135135,0.023542379056344515,78.46012867861224
23570,TRADITIONAL PICK UP STICKS GAME,2545,4594.88,246,7,7,1.25,2011-10-21 13:13:00,2011-12-04 13:15:00,10.345528455284553,0.02353313224603173,78.48366181085827
85038,6 CHOCOLATE LOVE HEART T-LIGHTS,2545,5358.410000000001,367,87,9,2.1,2009-12-07 13:24:00,2011-12-04 10:51:00,6.9346049046321525,0.02353313224603173,78.5071949431043
21586,KINGS CHOICE GIANT TUBE MATCHES,2544,5919.3,232,72,5,2.55,2009-12-07 12:25:00,2011-11-07 11:16:00,10.96551724137931,0.02352388543571895,78.53071882854002
22366,DOORMAT AIRMAIL,2536,17209.3,566,98,20,7.95,2010-01-04 16:11:00,2011-11-28 12:33:00,4.480565371024735,0.023449910953216687,78.55416873949324
85042,ANTIQUE LILY FAIRY LIGHTS,2533,11505.19,271,45,5,4.95,2009-12-07 11:19:00,2010-11-16 12:50:00,9.346863468634686,0.02342217052227834,78.57759091001552
22110,BIRD HOUSE HOT WATER BOTTLE,2530,8186.71,491,87,9,2.55,2009-12-07 11:39:00,2011-12-04 15:28:00,5.15274949083503,0.023394430091339992,78.60098534010686
47503F,ASS FLORAL PRINT TORCH,2529,667.25,7,5,2,1.65,2009-12-09 14:48:00,2010-03-09 13:26:00,361.2857142857143,0.02338518328102721,78.62437052338788
23445,ICE CREAM BUBBLES,2528,2045.0399999999997,96,15,9,0.83,2011-08-24 11:31:00,2011-12-01 12:01:00,26.333333333333332,0.023375936470714426,78.6477464598586
22434,BALLOON PUMP WITH 10 BALLOONS,2526,4690.36,274,77,12,1.95,2010-04-07 13:34:00,2011-12-04 13:59:00,9.218978102189782,0.023357442850088863,78.67110390270868
21845,DAIRY MAID STRIPE MUG,2521,3758.4100000000003,158,78,5,2.95,2009-12-09 09:42:00,2011-11-28 11:27:00,15.955696202531646,0.023311208798524947,78.69441511150721
22814,CARD PARTY GAMES,2520,1069.05,286,60,13,0.42,2010-09-21 15:46:00,2011-12-02 16:39:00,8.811188811188812,0.023301961988212168,78.71771707349542
22582,PACK OF 6 SWEETIE GIFT BOXES,2520,6317.26,293,78,18,2.55,2010-03-10 12:51:00,2011-12-04 12:32:00,8.600682593856655,0.023301961988212168,78.74101903548363
22997,TRAVEL CARD WALLET UNION JACK,2514,1079.45,214,41,3,0.42,2011-02-17 13:47:00,2011-12-04 14:09:00,11.74766355140187,0.02324648112633547,78.76426551660997
21491,SET OF THREE VINTAGE GIFT WRAPS,2513,4691.71,212,23,8,1.95,2009-12-07 12:13:00,2010-12-16 17:31:00,11.85377358490566,0.02323723431602269,78.787502750926
22607,WOODEN ROUNDERS GARDEN SET,2511,22679.2,735,70,8,8.5,2010-04-08 19:40:00,2011-12-04 14:55:00,3.416326530612245,0.023218740695397123,78.8107214916214
21911,GARDEN METAL SIGN,2511,4023.0999999999995,339,64,7,1.65,2009-12-07 13:52:00,2011-04-15 10:42:00,7.407079646017699,0.023218740695397123,78.83394023231679
23510,MINI PLAYING CARDS GYMKHANA,2509,1110.48,111,11,9,0.42,2011-09-22 14:11:00,2011-12-01 16:22:00,22.603603603603602,0.023200247074771557,78.85714047939156
22654,DELUXE SEWING KIT,2509,16771.27,584,71,14,5.95,2010-07-19 11:59:00,2011-12-02 16:39:00,4.296232876712328,0.023200247074771557,78.88034072646633
22085,PAPER CHAIN KIT SKULLS,2507,6774.68,221,91,11,2.95,2009-12-14 13:36:00,2011-11-30 16:43:00,11.343891402714933,0.02318175345414599,78.90352247992047
22690,DOORMAT HOME SWEET HOME BLUE,2507,15658.3,430,69,15,7.95,2010-06-28 13:53:00,2011-12-04 10:11:00,5.830232558139535,0.02318175345414599,78.92670423337461
51008,AFGHAN SLIPPER SOCK PAIR,2504,8033.8,77,40,7,3.45,2009-12-07 12:13:00,2011-11-27 13:26:00,32.51948051948052,0.023154013023207645,78.94985824639781
23121,PACK OF 6 COCKTAIL PARASOL STRAWS,2500,1000.02,110,24,6,0.42,2011-06-17 12:22:00,2011-12-04 15:19:00,22.727272727272727,0.023117025781956513,78.97297527217977
22941,CHRISTMAS LIGHTS 10 REINDEER,2498,20599.010000000002,462,31,14,8.5,2010-10-21 10:47:00,2011-12-04 15:35:00,5.406926406926407,0.02309853216133095,78.9960738043411
21577,SAVE THE PLANET COTTON TOTE BAG,2492,5520.8,448,97,22,2.25,2009-12-07 09:18:00,2011-12-02 13:20:00,5.5625,0.023043051299454255,79.01911685564055
22349,DOG BOWL CHASING BALL DESIGN,2491,10239.9,345,93,10,3.75,2009-12-07 13:07:00,2011-12-02 13:12:00,7.220289855072464,0.023033804489141472,79.04215066012969
22360,GLASS JAR ENGLISH CONFECTIONERY,2489,7471.4800000000005,416,87,8,2.95,2009-12-13 13:39:00,2011-12-02 16:39:00,5.983173076923077,0.023015310868515906,79.06516597099821
84828,JUNGLE POPSICLES ICE LOLLY HOLDERS,2488,3287.96,347,88,14,1.25,2009-12-09 09:51:00,2011-12-02 10:41:00,7.170028818443804,0.023006064058203123,79.08817203505642
22736,RIBBON REEL MAKING SNOWMEN,2486,4421.01,398,45,12,1.65,2010-09-16 12:20:00,2011-12-04 14:51:00,6.2462311557788945,0.022987570437577556,79.111159605494
82599,FANNY'S REST STOPMETAL SIGN,2482,5420.14,499,72,6,2.1,2009-12-07 12:18:00,2011-05-08 12:36:00,4.973947895791583,0.022950583196326427,79.13411018869031
22809,SET OF 6 T-LIGHTS SANTA,2482,7385.660000000001,365,35,9,2.95,2010-09-20 12:21:00,2011-12-02 16:07:00,6.8,0.022950583196326427,79.15706077188663
22266,EASTER DECORATION HANGING BUNNY,2476,1027.57,159,57,3,0.65,2009-12-17 08:55:00,2011-12-04 15:19:00,15.572327044025156,0.022895102334449732,79.17995587422108
23236,STORAGE TIN VINTAGE DOILY,2472,6984.78,319,26,20,2.89,2011-06-08 12:44:00,2011-12-04 13:54:00,7.7492163009404385,0.0228581150931986,79.20281398931428
21880,RED RETROSPOT TAPE,2462,1273.49,321,92,13,0.43,2009-12-09 14:48:00,2011-12-04 16:07:00,7.669781931464175,0.022765646990070776,79.22557963630435
84937,KASHMIR FOLKART TUMBLERS,2460,5204.02,117,21,6,2.1,2009-12-08 15:49:00,2010-05-07 17:49:00,21.025641025641026,0.02274715336944521,79.2483267896738
21354,TOAST ITS - BEST MUM,2460,2960.54,213,67,9,1.25,2009-12-07 17:56:00,2011-12-01 11:18:00,11.549295774647888,0.02274715336944521,79.27107394304325
22978,PANTRY ROLLING PIN,2457,9512.76,234,42,10,3.75,2011-02-17 13:28:00,2011-12-04 11:45:00,10.5,0.02271941293850686,79.29379335598175
22725,ALARM CLOCK BAKELIKE CHOCOLATE,2456,10006.6,535,62,12,3.75,2010-09-24 13:04:00,2011-12-04 14:51:00,4.590654205607477,0.02271016612819408,79.31650352210994
46000M,POLYESTER FILLER PAD 45x45cm,2453,3802.15,344,94,9,1.55,2009-12-07 15:55:00,2011-12-02 14:02:00,7.130813953488372,0.02268242569725573,79.3391859478072
23340,VINTAGE CHRISTMAS CAKE FRILL,2452,3938.4799999999996,142,18,3,1.65,2011-07-31 15:31:00,2011-12-04 10:51:00,17.267605633802816,0.02267317888694295,79.36185912669414
40001,WHITE BAMBOO RIBS LAMPSHADE,2448,1881.05,119,69,4,0.85,2009-12-10 15:56:00,2011-11-13 11:15:00,20.571428571428573,0.02263619164569182,79.38449531833983
85230E,STRAWBRY SCENTED VOTIVE CANDLE,2445,628.41,66,47,3,0.29,2009-12-08 13:08:00,2011-09-11 15:44:00,37.04545454545455,0.02260845121475347,79.40710376955458
20970,PINK FLORAL FELTCRAFT SHOULDER BAG,2445,9198.710000000001,554,102,12,3.75,2009-12-07 12:19:00,2011-12-04 15:00:00,4.413357400722021,0.02260845121475347,79.42971222076933
22956,36 FOIL HEART CAKE CASES,2441,4837.030000000001,251,54,15,2.1,2010-11-04 16:16:00,2011-12-04 14:55:00,9.725099601593625,0.02257146397350234,79.45228368474284
22400,MAGNETS PACK OF 4 HOME SWEET HOME,2441,2043.98,229,70,10,1.25,2010-03-30 12:27:00,2011-12-04 14:55:00,10.65938864628821,0.02257146397350234,79.47485514871634
21245,GREEN POLKADOT PLATE,2432,4061.6499999999996,296,97,15,1.69,2009-12-08 12:33:00,2011-11-30 14:52:00,8.216216216216216,0.022488242680687297,79.49734339139704
37450,CERAMIC CAKE BOWL + HANGING CAKES,2422,6946.13,382,95,13,2.95,2009-12-07 14:10:00,2011-12-04 15:19:00,6.340314136125654,0.02239577457755947,79.5197391659746
22133,PINK LOVE HEART SHAPE CUP,2420,2213.63,315,98,12,0.85,2009-12-07 13:48:00,2011-12-01 16:22:00,7.682539682539683,0.022377280956933907,79.54211644693153
23345,DOLLY GIRL BEAKER,2417,2837.7,165,20,11,1.25,2011-07-24 16:13:00,2011-12-04 12:01:00,14.648484848484848,0.022349540525995557,79.56446598745752
22284,HEN HOUSE DECORATION,2408,3923.6899999999996,295,86,4,1.65,2009-12-13 13:21:00,2011-12-02 16:39:00,8.162711864406779,0.022266319233180513,79.5867323066907
22477,WATERING CAN GARDEN MARKER,2407,3339.52,271,77,9,1.25,2010-03-05 10:37:00,2011-11-30 15:13:00,8.881918819188192,0.022257072422867733,79.60898937911358
21211,SET OF 72 SKULL PAPER  DOILIES,2403,3362.74,236,90,11,1.45,2009-12-18 11:18:00,2011-11-28 13:26:00,10.182203389830509,0.0222200851816166,79.6312094642952
22717,CARD DOG AND BALL,2402,1015.93,212,71,10,0.42,2010-06-02 11:11:00,2011-11-28 15:34:00,11.330188679245284,0.022210838371303818,79.6534203026665
22971,QUEENS GUARD COFFEE MUG,2402,5765.7,266,49,6,2.55,2010-12-16 10:52:00,2011-12-02 16:39:00,9.030075187969924,0.022210838371303818,79.67563114103781
22321,BIRD DECORATION RED RETROSPOT,2402,2231.22,294,94,16,0.85,2009-12-07 10:33:00,2011-11-30 15:13:00,8.170068027210885,0.022210838371303818,79.69784197940912
22412,METAL SIGN NEIGHBOURHOOD WITCH,2401,5140.820000000001,402,90,5,2.1,2010-01-29 14:37:00,2011-11-10 16:15:00,5.972636815920398,0.022201591560991035,79.7200435709701
22406,MONEY BOX KINGS CHOICE DESIGN,2397,3099.7599999999998,203,71,8,1.25,2010-03-26 13:46:00,2011-12-04 14:55:00,11.807881773399014,0.022164604319739906,79.74220817528985
21328,BALLOONS  WRITING SET,2394,4499.24,618,99,9,1.65,2009-12-07 17:56:00,2011-12-02 10:52:00,3.8737864077669903,0.022136863888801556,79.76434503917865
37503,TEA TIME CAKE STAND IN GIFT BOX,2393,24609.18,499,33,14,10.75,2009-12-07 11:47:00,2010-08-01 10:09:00,4.7955911823647295,0.022127617078488777,79.78647265625713
21058,PARTY INVITES WOODLAND,2387,2043.83,270,92,14,0.85,2009-12-08 09:19:00,2011-12-04 14:15:00,8.84074074074074,0.022072136216612078,79.80854479247374
21823,PAINTED METAL HEART WITH HOLLY BELL,2385,2324.19,206,46,3,1.45,2009-12-08 13:27:00,2011-11-15 12:02:00,11.577669902912621,0.022053642595986515,79.83059843506973
22529,MAGIC DRAWING SLATE GO TO THE FAIR,2383,961.35,150,64,7,0.42,2010-03-28 13:31:00,2011-11-29 15:06:00,15.886666666666667,0.02203514897536095,79.8526335840451
22773,GREEN DRAWER KNOB ACRYLIC EDWARDIAN,2374,3141.35,225,55,7,1.25,2010-10-17 11:23:00,2011-12-04 15:38:00,10.551111111111112,0.021951927682545905,79.87458551172764
72818,CHRISTMAS DECOUPAGE CANDLE,2372,1264.43,124,33,6,0.85,2009-12-14 11:31:00,2011-10-31 14:09:00,19.129032258064516,0.021933434061920342,79.89651894578957
21896,POTTING SHED TWINE,2370,4899.54,282,90,6,2.1,2009-12-09 09:51:00,2011-11-22 13:02:00,8.404255319148936,0.021914940441294776,79.91843388623086
16238,PARTY TIME PENCIL ERASERS,2370,539.34,225,84,7,0.21,2009-12-07 13:59:00,2011-12-04 13:15:00,10.533333333333333,0.021914940441294776,79.94034882667215
22669,RED BABY BUNTING,2369,7543.91,433,72,12,2.95,2010-07-06 14:46:00,2011-12-02 13:46:00,5.471131639722864,0.021905693630981993,79.96225452030313
22480,RED TEA TOWEL CLASSIC DESIGN,2368,2863.06,263,67,9,1.25,2010-03-05 11:16:00,2011-08-28 16:09:00,9.003802281368822,0.02189644682066921,79.9841509671238
22943,CHRISTMAS LIGHTS 10 VINTAGE BAUBLES,2366,11534.79,346,39,9,4.95,2010-10-21 10:47:00,2011-12-04 14:51:00,6.838150289017341,0.021877953200043643,80.00602892032384
22674,FRENCH TOILET SIGN BLUE METAL,2359,2927.78,292,66,9,1.25,2010-08-17 11:21:00,2011-12-01 16:22:00,8.07876712328767,0.021813225527854165,80.0278421458517
21291,SMALL POLKADOT CHOCOLATE GIFT BAG,2359,2030.33,149,74,8,0.85,2009-12-07 17:56:00,2011-11-28 14:37:00,15.832214765100671,0.021813225527854165,80.04965537137954
23320,GIANT 50'S CHRISTMAS CRACKER,2357,6640.27,293,22,9,2.89,2011-07-05 12:47:00,2011-12-04 16:08:00,8.044368600682594,0.021794731907228602,80.07145010328678
22980,PANTRY SCRUBBING BRUSH,2356,3891.8999999999996,286,41,11,1.65,2011-02-16 13:02:00,2011-12-02 16:39:00,8.237762237762238,0.02178548509691582,80.09323558838369
21990,MODERN FLORAL STATIONERY SET,2356,4310.29,473,91,10,2.46,2009-12-07 15:15:00,2011-12-04 13:59:00,4.980972515856236,0.02178548509691582,80.1150210734806
23545,WRAP RED VINTAGE DOILY,2355,973.1,81,20,13,0.42,2011-07-20 13:30:00,2011-12-02 10:22:00,29.074074074074073,0.021776238286603036,80.13679731176721
21292,SMALL STRIPES CHOCOLATE GIFT BAG,2352,1407.17,89,54,8,0.85,2009-12-08 12:05:00,2011-11-23 17:43:00,26.426966292134832,0.021748497855664687,80.15854580962288
85204,HANGING WOOD AND FELT FLOWER,2345,459.94,153,76,5,0.42,2009-12-14 17:57:00,2011-11-29 13:12:00,15.326797385620916,0.02168377018347521,80.18022957980635
21272,SALLE DE BAIN HOOK,2345,3104.76,337,83,8,1.25,2009-12-07 18:02:00,2011-08-11 10:14:00,6.958456973293768,0.02168377018347521,80.20191334998982
21161,KEEP OUT BOYS DOOR HANGER,2338,1768.2099999999998,199,66,5,1.45,2009-12-07 13:45:00,2011-06-08 12:44:00,11.748743718592964,0.02161904251128573,80.22353239250111
23187,FRENCH STYLE STORAGE JAR BONBONS,2338,695.06,74,22,7,0.29,2011-03-08 12:05:00,2011-11-03 16:56:00,31.594594594594593,0.02161904251128573,80.2451514350124
20985,HEART CALCULATOR,2337,3000.69,283,89,11,1.25,2009-12-07 17:56:00,2011-12-04 13:59:00,8.257950530035336,0.02160979570097295,80.26676123071337
22757,LARGE RED BABUSHKA NOTEBOOK,2333,2907.91,277,64,10,1.25,2010-08-08 15:53:00,2011-12-02 16:39:00,8.422382671480145,0.02157280845972182,80.2883340391731
22224,WHITE LOVEBIRD LANTERN,2332,7377.09,390,99,9,2.95,2009-12-07 11:46:00,2011-12-02 16:39:00,5.97948717948718,0.021563561649409035,80.30989760082251
22995,TRAVEL CARD WALLET SUKI,2331,1030.67,256,42,3,0.42,2011-02-17 12:51:00,2011-12-02 16:39:00,9.10546875,0.021554314839096252,80.3314519156616
84847,FLORAL BATHROOM SET,2330,1149.73,49,35,3,3.75,2009-12-14 18:37:00,2011-08-01 17:37:00,47.55102040816327,0.021545068028783473,80.35299698369039
21399,BLUE POLKADOT COFFEE MUG,2330,1466.44,117,52,7,1.63,2009-12-07 13:59:00,2011-06-05 10:50:00,19.914529914529915,0.021545068028783473,80.37454205171917
23032,DRAWER KNOB CRACKLE GLAZE IVORY,2328,3853.68,199,24,10,1.65,2011-06-14 13:51:00,2011-11-27 11:05:00,11.698492462311558,0.021526574408157906,80.39606862612733
47568,ENGLISH ROSE DESIGN PEG BAG,2325,4854.72,396,36,10,2.1,2009-12-07 10:48:00,2010-08-22 13:41:00,5.871212121212121,0.021498833977219557,80.41756746010455
22365,DOORMAT RESPECTABLE HOUSE,2324,15225.92,439,97,14,7.95,2010-01-04 16:11:00,2011-12-04 14:55:00,5.29384965831435,0.021489587166906774,80.43905704727146
22208,WOOD STAMP SET THANK YOU,2323,2962.9799999999996,410,87,8,1.65,2009-12-07 17:56:00,2011-12-04 13:15:00,5.6658536585365855,0.021480340356593994,80.46053738762805
22304,COFFEE MUG BLUE PAISLEY DESIGN,2322,4555.45,161,73,9,2.55,2009-12-07 12:31:00,2011-11-28 15:54:00,14.422360248447205,0.02147109354628121,80.48200848117433
85206A,CREAM FELT EASTER EGG BASKET,2321,3973.0099999999998,317,32,11,1.65,2010-01-12 11:45:00,2011-03-17 18:24:00,7.321766561514195,0.021461846735968428,80.5034703279103
22482,BLUE TEA TOWEL CLASSIC DESIGN,2319,2739.43,214,58,9,1.25,2010-03-05 11:16:00,2011-07-05 13:07:00,10.836448598130842,0.021443353115342862,80.52491368102565
21162,TOXIC AREA  DOOR HANGER,2317,1574.59,267,86,9,1.45,2009-12-07 13:59:00,2011-12-01 19:42:00,8.677902621722847,0.021424859494717296,80.54633854052037
22170,PICTURE FRAME WOOD TRIPLE PORTRAIT,2316,15178.52,559,95,9,6.75,2009-12-07 12:08:00,2011-12-04 13:00:00,4.143112701252236,0.021415612684404516,80.56775415320477
21883,STARS GIFT TAPE,2314,1175.28,218,77,10,0.65,2009-12-09 13:31:00,2011-12-04 12:08:00,10.614678899082568,0.02139711906377895,80.58915127226855
84510A,SET OF 4 ENGLISH ROSE COASTERS,2310,3131.44,456,100,12,1.25,2009-12-08 12:05:00,2011-12-04 13:54:00,5.065789473684211,0.021360131822527818,80.61051140409108
85049D,BRIGHT BLUES RIBBONS,2306,2892.96,395,84,13,1.25,2009-12-08 11:07:00,2011-09-28 15:50:00,5.837974683544304,0.02132314458127669,80.63183454867236
21100,CHARLIE AND LOLA CHARLOTTE BAG,2304,3438.8199999999997,254,59,7,1.65,2009-12-07 15:26:00,2011-03-22 16:56:00,9.070866141732283,0.021304650960651123,80.653139199633
37449,CERAMIC CAKE STAND + HANGING CAKES,2304,21603.15,462,84,15,9.95,2009-12-07 09:42:00,2011-12-02 12:07:00,4.987012987012987,0.021304650960651123,80.67444385059365
22623,BOX OF VINTAGE JIGSAW BLOCKS,2302,12361.43,535,81,13,4.95,2010-05-06 20:01:00,2011-12-04 14:15:00,4.302803738317757,0.02128615734002556,80.69573000793368
72586,SET OF 6 HALLOWEEN GHOST T-LIGHTS,2302,1009.68,182,60,6,0.42,2010-01-13 17:08:00,2011-12-01 16:22:00,12.648351648351648,0.02128615734002556,80.7170161652737
21403,BLUE EGG  SPOON,2301,516.41,153,74,9,0.42,2009-12-09 09:51:00,2011-11-29 16:33:00,15.03921568627451,0.021276910529712777,80.73829307580341
21126,SET OF 6 GIRLS CELEBRATION CANDLES,2301,2319.22,276,93,14,1.25,2009-12-09 09:42:00,2011-12-02 16:39:00,8.33695652173913,0.021276910529712777,80.75956998633312
22649,STRAWBERRY FAIRY CAKE TEAPOT,2300,11520.2,485,80,17,4.95,2010-05-14 15:41:00,2011-12-04 15:19:00,4.742268041237113,0.021267663719399994,80.78083765005252
22520,CHILDS GARDEN TROWEL BLUE,2294,2011.28,369,57,9,0.85,2010-03-25 14:12:00,2011-05-17 11:02:00,6.2168021680216805,0.0212121828575233,80.80204983291004
23159,SET OF 5 PANCAKE DAY MAGNETS,2293,4713.52,223,37,19,2.08,2011-03-25 11:01:00,2011-11-28 15:34:00,10.282511210762332,0.021202936047210515,80.82325276895726
23089,GLASS BON BON JAR,2292,4070.8399999999997,218,30,6,1.95,2011-05-12 15:17:00,2011-12-04 14:55:00,10.513761467889909,0.021193689236897732,80.84444645819416
23368,SET 12 COLOUR PENCILS DOLLY GIRL,2291,1613.3500000000001,218,11,11,0.65,2011-09-22 12:45:00,2011-12-04 13:45:00,10.509174311926605,0.02118444242658495,80.86563090062074
22319,HAIRCLIPS FORTIES FABRIC ASSORTED,2290,1528.38,157,73,12,0.65,2009-12-08 13:04:00,2011-11-23 11:22:00,14.585987261146498,0.021175195616272166,80.88680609623701
22521,CHILDS GARDEN TROWEL PINK,2288,1987.9299999999998,370,54,10,0.85,2010-03-25 14:12:00,2011-05-05 15:47:00,6.183783783783784,0.021156701995646603,80.90796279823266
21389,IVORY HANGING DECORATION  BIRD,2287,1997.8899999999999,260,83,5,0.85,2009-12-08 15:12:00,2011-12-04 13:55:00,8.796153846153846,0.02114745518533382,80.92911025341799
21066,VINTAGE RED MUG,2282,1492.17,130,70,2,1.25,2009-12-08 12:46:00,2011-12-01 11:53:00,17.553846153846155,0.021101221133769905,80.95021147455176
22422,TOOTHPASTE TUBE PEN,2277,1662.0800000000002,332,72,11,1.25,2010-05-07 13:58:00,2011-12-04 13:59:00,6.858433734939759,0.021054987082205993,80.97126646163397
21488,RED WHITE SCARF  HOT WATER BOTTLE,2276,9365.28,341,41,11,3.95,2009-12-07 13:52:00,2011-03-01 09:55:00,6.674486803519062,0.02104574027189321,80.99231220190586
23119,PACK OF 6 LARGE FRUIT STRAWS,2274,1391.7,147,25,10,0.62,2011-06-17 08:57:00,2011-12-04 15:19:00,15.46938775510204,0.021027246651267647,81.01333944855713
22580,ADVENT CALENDAR GINGHAM SACK,2273,12916.210000000001,487,45,16,5.95,2010-07-20 14:22:00,2011-12-02 16:39:00,4.66735112936345,0.021017999840954864,81.03435744839808
22429,ENAMEL MEASURING JUG CREAM,2273,9794.09,619,81,9,4.25,2010-03-18 13:00:00,2011-12-04 12:29:00,3.6720516962843295,0.021017999840954864,81.05537544823903
84792,ENCHANTED BIRD COATHANGER 5 HOOK,2265,9961.75,508,101,11,4.65,2009-12-07 12:08:00,2011-12-04 11:56:00,4.458661417322834,0.020944025358452602,81.07631947359748
22093,MOTORING TISSUE BOX,2260,1357.17,265,74,9,1.06,2009-12-07 18:02:00,2011-12-01 12:54:00,8.528301886792454,0.02089779130688869,81.09721726490437
23290,SPACEBOY CHILDRENS BOWL,2256,2694.3900000000003,202,25,14,1.25,2011-06-13 16:33:00,2011-12-04 13:45:00,11.168316831683168,0.020860804065637558,81.11807806897001
20956,PORCELAIN T-LIGHT HOLDERS ASSORTED,2256,2980.0,227,68,2,1.25,2009-12-07 17:56:00,2011-12-02 12:02:00,9.938325991189428,0.020860804065637558,81.13893887303564
23356,LOVE HOT WATER BOTTLE,2255,12700.460000000001,447,15,9,5.95,2011-08-22 12:52:00,2011-12-04 14:55:00,5.0447427293064875,0.020851557255324775,81.15979043029097
10123G,ARMY CAMO WRAPPING TAPE,2249,162.16,15,10,2,0.65,2010-07-15 15:01:00,2010-11-29 15:26:00,149.93333333333334,0.02079607639344808,81.18058650668442
21948,SET OF 6 CAKE CHOPSTICKS,2248,2855.1,256,93,7,2.46,2009-12-07 17:56:00,2011-11-30 15:13:00,8.78125,0.020786829583135297,81.20137333626755
85040B,SET/4 BLUE FLOWER CANDLES IN BOWL,2248,3513.6699999999996,246,64,4,1.65,2009-12-07 11:40:00,2011-04-10 12:53:00,9.138211382113822,0.020786829583135297,81.22216016585068
22751,FELTCRAFT PRINCESS OLIVIA DOLL,2247,8356.25,458,64,16,3.75,2010-09-05 10:54:00,2011-12-04 15:00:00,4.906113537117904,0.020777582772822514,81.2429377486235
23311,VINTAGE CHRISTMAS STOCKING,2245,5997.95,320,21,12,2.55,2011-07-14 13:28:00,2011-12-04 13:20:00,7.015625,0.02075908915219695,81.2636968377757
22798,ANTIQUE GLASS DRESSING TABLE POT,2243,6932.6900000000005,344,58,5,2.95,2010-10-22 13:27:00,2011-12-04 15:00:00,6.520348837209302,0.020740595531571385,81.28443743330728
21259,VICTORIAN SEWING BOX SMALL,2241,13488.41,636,102,10,5.95,2009-12-07 11:29:00,2011-12-04 15:00:00,3.5235849056603774,0.02072210191094582,81.30515953521822
22305,COFFEE MUG PINK PAISLEY DESIGN,2240,4642.68,140,79,8,2.55,2009-12-07 12:31:00,2011-11-28 15:54:00,16.0,0.020712855100633035,81.32587239031885
23082,SET 6 PAPER TABLE LANTERN HEARTS,2239,8217.41,286,30,9,3.75,2011-05-11 11:57:00,2011-12-04 12:08:00,7.828671328671328,0.020703608290320252,81.34657599860917
22522,CHILDS GARDEN FORK BLUE,2238,1904.9599999999998,333,72,10,0.85,2010-03-25 14:12:00,2011-11-24 13:06:00,6.7207207207207205,0.020694361480007473,81.36727036008918
85184C,S/4 VALENTINE DECOUPAGE HEART BOX,2236,4758.62,332,89,12,2.95,2009-12-07 16:40:00,2011-12-04 13:20:00,6.734939759036145,0.020675867859381906,81.38794622794856
23122,PARTY CHARMS 50 PIECES,2234,1709.5,127,24,9,0.83,2011-06-17 11:38:00,2011-12-04 15:19:00,17.590551181102363,0.02065737423875634,81.40860360218731
85078,SCANDINAVIAN 3 HEARTS NAPKIN RING,2234,1036.42,161,62,5,0.65,2009-12-08 15:49:00,2011-11-02 15:33:00,13.875776397515528,0.02065737423875634,81.42926097642606
22072,RED RETROSPOT TEA CUP AND SAUCER,2234,8870.84,489,95,8,3.75,2009-12-07 10:46:00,2011-12-04 15:19:00,4.568507157464213,0.02065737423875634,81.44991835066482
23380,PACK OF 12 VINTAGE DOILY TISSUES,2229,935.5699999999999,113,13,8,0.39,2011-09-05 12:00:00,2011-12-01 16:22:00,19.72566371681416,0.020611140187192428,81.47052949085202
16016,LARGE CHINESE STYLE SCISSOR,2224,1796.8,101,67,7,0.85,2009-12-07 11:40:00,2011-12-01 13:32:00,22.019801980198018,0.020564906135628516,81.49109439698765
22354,RETROSPOT PADDED SEAT CUSHION,2219,8417.1,276,87,11,3.75,2009-12-09 13:49:00,2011-11-23 11:47:00,8.039855072463768,0.0205186720840646,81.51161306907171
23155,KNICKERBOCKERGLORY MAGNET ASSORTED,2215,1899.79,134,36,12,0.83,2011-03-25 11:01:00,2011-11-30 15:13:00,16.529850746268657,0.020481684842813472,81.53209475391452
23109,PACK OF SIX LED TEA LIGHTS,2213,6367.650000000001,253,29,8,2.89,2011-05-11 12:43:00,2011-12-04 15:18:00,8.74703557312253,0.020463191222187906,81.55255794513671
21439,BASKET OF TOADSTOOLS,2213,2777.4,232,84,12,1.25,2009-12-10 16:39:00,2011-12-02 16:39:00,9.538793103448276,0.020463191222187906,81.5730211363589
21112,"SWISS ROLL TOWEL, PINK  SPOTS",2211,5445.88,185,74,7,2.95,2009-12-07 10:21:00,2011-11-24 14:40:00,11.95135135135135,0.02044469760156234,81.59346583396047
23374,RED SPOT PAPER GIFT BAG,2210,1780.3,124,18,7,0.82,2011-08-02 14:23:00,2011-12-04 15:00:00,17.822580645161292,0.02043545079124956,81.61390128475172
22334,DINOSAUR PARTY BAG + STICKER SET,2210,3519.3599999999997,261,92,10,1.65,2009-12-14 14:35:00,2011-11-29 16:33:00,8.46743295019157,0.02043545079124956,81.63433673554297
23211,RED ROCKING HORSE HAND PAINTED,2208,2753.91,146,26,10,1.25,2011-06-02 09:37:00,2011-12-04 16:08:00,15.123287671232877,0.020416957170623994,81.6547536927136
22169,FAMILY ALBUM WHITE PICTURE FRAME,2203,18864.45,681,97,11,8.5,2009-12-07 17:56:00,2011-12-04 13:00:00,3.234948604992658,0.02037072311906008,81.67512441583266
21294,ETCHED GLASS COASTER,2203,1593.3999999999999,134,68,6,1.25,2009-12-07 13:49:00,2011-10-26 14:42:00,16.440298507462686,0.02037072311906008,81.69549513895171
20730,STRAWBERRY CANDY BAG,2202,989.06,98,23,5,0.87,2009-12-09 11:46:00,2010-09-05 10:54:00,22.46938775510204,0.0203614763087473,81.71585661526046
21658,GLASS  BEURRE DISH,2202,9171.64,512,79,9,3.95,2009-12-07 14:10:00,2011-08-11 10:14:00,4.30078125,0.0203614763087473,81.73621809156921
85071B,RED CHARLIE+LOLA PERSONAL DOORSIGN,2200,1229.5600000000002,158,60,5,0.39,2009-12-10 12:21:00,2011-12-04 15:19:00,13.924050632911392,0.020342982688121732,81.75656107425733
21167,WHITE SAGE INCENSE,2199,532.29,110,66,1,0.42,2009-12-10 12:10:00,2011-11-28 10:49:00,19.990909090909092,0.02033373587780895,81.77689481013515
22810,SET OF 6 T-LIGHTS SNOWMEN,2196,6720.280000000001,326,37,7,2.95,2010-09-20 12:21:00,2011-12-01 13:22:00,6.736196319018405,0.020305995446870603,81.79720080558202
22805,BLUE DRAWER KNOB ACRYLIC EDWARDIAN,2193,2973.93,227,59,9,1.25,2010-10-17 11:23:00,2011-12-04 15:38:00,9.66079295154185,0.020278255015932254,81.81747906059796
21383,PACK OF 12 STICKY BUNNIES,2188,1578.23,318,75,7,0.65,2009-12-09 09:51:00,2011-12-01 16:22:00,6.880503144654088,0.020232020964368342,81.83771108156233
22043,CHRISTMAS CARD SCREEN PRINT,2185,614.21,124,39,7,0.42,2009-12-10 18:27:00,2011-12-02 13:35:00,17.620967741935484,0.020204280533429993,81.85791536209577
84596G,SMALL CHOCOLATES PINK BOWL,2185,1400.27,339,88,9,0.83,2009-12-09 09:42:00,2011-12-04 13:59:00,6.445427728613569,0.020204280533429993,81.8781196426292
85017B,ENVELOPE 50 BLOSSOM IMAGES,2183,1349.83,312,88,15,0.83,2009-12-07 17:56:00,2011-11-08 18:41:00,6.996794871794871,0.020185786912804426,81.898305429542
22675,FRENCH KITCHEN SIGN BLUE METAL,2183,2692.69,262,66,9,1.25,2010-08-17 11:21:00,2011-12-02 13:32:00,8.33206106870229,0.020185786912804426,81.91849121645481
21563,RED HEART SHAPE LOVE BUCKET,2182,6386.820000000001,347,94,9,2.95,2009-12-08 13:58:00,2011-12-04 11:45:00,6.2881844380403455,0.020176540102491647,81.93866775655731
23334,IVORY WICKER HEART SMALL,2181,1426.99,117,17,3,0.63,2011-08-08 14:37:00,2011-12-02 16:39:00,18.641025641025642,0.020167293292178864,81.95883504984948
72802C,VANILLA SCENT CANDLE JEWELLED BOX,2177,5995.8099999999995,266,86,5,4.25,2009-12-09 15:03:00,2011-11-04 14:07:00,8.18421052631579,0.02013030605092773,81.97896535590041
23108,SET OF 10 LED DOLLY LIGHTS,2176,13013.46,359,30,18,6.25,2011-05-11 10:18:00,2011-12-02 16:39:00,6.061281337047354,0.02012105924061495,81.99908641514102
21398,RED POLKADOT COFFEE  MUG,2175,2013.5,122,53,7,2.1,2009-12-09 09:51:00,2011-04-19 16:52:00,17.827868852459016,0.02011181243030217,82.01919822757132
21578,WOODLAND DESIGN  COTTON TOTE BAG,2172,4977.14,373,91,21,2.25,2009-12-07 10:41:00,2011-11-06 12:50:00,5.823056300268097,0.02008407199936382,82.03928229957069
22523,CHILDS GARDEN FORK PINK,2170,1870.4599999999998,350,75,11,0.85,2010-03-25 14:12:00,2011-11-30 15:13:00,6.2,0.020065578378738253,82.05934787794942
35471D,SET OF 3 BIRD LIGHT PINK FEATHER,2167,1523.6,337,87,10,1.25,2009-12-07 17:56:00,2011-12-04 14:55:00,6.43026706231454,0.020037837947799907,82.07938571589722
47567B,TEA TIME KITCHEN APRON,2162,11633.43,346,89,13,5.95,2009-12-10 16:21:00,2011-12-04 11:45:00,6.2485549132947975,0.019991603896235992,82.09937731979345
35954,SMALL FOLKART STAR CHRISTMAS DEC,2161,839.08,107,37,3,0.42,2009-12-07 18:02:00,2011-11-09 16:10:00,20.19626168224299,0.019982357085923212,82.11935967687937
21012,ANTIQUE ALL GLASS CANDLESTICK,2161,4026.7400000000002,280,88,3,2.46,2009-12-08 09:24:00,2011-12-04 14:15:00,7.7178571428571425,0.019982357085923212,82.13934203396529
23212,HEART WREATH DECORATION WITH BELL,2158,2662.98,168,26,7,1.25,2011-06-02 09:04:00,2011-12-04 12:31:00,12.845238095238095,0.019954616654984863,82.15929665062028
22707,WRAP MONSTER FUN,2157,905.94,83,54,8,0.42,2010-05-27 15:28:00,2011-12-02 10:22:00,25.987951807228917,0.01994536984467208,82.17924202046495
23191,BUNDLE OF 3 RETRO NOTE BOOKS,2153,3539.8499999999995,270,30,9,1.65,2011-05-10 08:58:00,2011-12-04 15:00:00,7.974074074074074,0.01990838260342095,82.19915040306837
23176,ABC TREASURE BOOK BOX,2153,4659.09,221,40,17,2.25,2011-03-02 12:10:00,2011-12-04 13:32:00,9.7420814479638,0.01990838260342095,82.21905878567179
16043,POP ART PUSH DOWN RUBBER,2145,180.29999999999998,13,11,2,0.42,2009-12-16 13:23:00,2011-06-09 19:33:00,165.0,0.01983440812091869,82.2388931937927
35924,HANGING FAIRY CAKE DECORATION,2144,4003.17,181,74,8,2.1,2009-12-07 18:02:00,2011-11-22 16:47:00,11.845303867403315,0.019825161310605906,82.25871835510331
21397,BLUE  SPOTTY EGG CUP,2143,1995.8799999999999,178,57,5,1.25,2009-12-09 09:51:00,2011-05-09 16:30:00,12.039325842696629,0.019815914500293123,82.27853426960361
21206,STRAWBERRY HONEYCOMB  GARLAND,2143,3048.1,237,88,8,1.65,2009-12-07 13:48:00,2011-11-23 13:34:00,9.042194092827005,0.019815914500293123,82.29835018410391
23035,DRAWER KNOB CERAMIC IVORY,2141,3114.6099999999997,184,25,8,1.45,2011-06-14 13:15:00,2011-12-04 12:44:00,11.63586956521739,0.019797420879667557,82.31814760498358
22753,SMALL YELLOW BABUSHKA NOTEBOOK,2140,1864.9499999999998,381,64,10,0.85,2010-08-08 10:55:00,2011-12-04 15:28:00,5.616797900262467,0.019788174069354778,82.33793577905294
21192,WHITE BELL HONEYCOMB PAPER,2139,3807.3999999999996,209,66,3,1.65,2009-12-07 18:02:00,2011-11-27 13:26:00,10.23444976076555,0.019778927259041994,82.35771470631198
21866,UNION JACK FLAG LUGGAGE TAG,2126,3525.25,437,97,6,1.25,2009-12-07 10:51:00,2011-12-02 16:39:00,4.864988558352403,0.01965871872497582,82.37737342503695
22948,METAL DECORATION NAUGHTY CHILDREN,2124,2118.9,176,55,7,0.85,2010-09-16 09:54:00,2011-12-02 10:23:00,12.068181818181818,0.019640225104350255,82.3970136501413
23241,TREASURE TIN GYMKHANA DESIGN,2124,4539.17,348,26,16,2.08,2011-06-08 12:49:00,2011-12-04 14:55:00,6.103448275862069,0.019640225104350255,82.41665387524566
23247,BISCUIT TIN 50'S CHRISTMAS,2122,6464.37,296,24,13,2.89,2011-06-08 13:09:00,2011-12-04 16:08:00,7.168918918918919,0.01962173148372469,82.43627560672938
47593B,SCOTTIE DOGS BABY BIB,2122,1215.18,347,88,10,0.83,2010-01-19 14:16:00,2011-12-02 16:39:00,6.115273775216139,0.01962173148372469,82.4558973382131
90167,BEADED LOVE HEART JEWELLERY SET,2121,1733.1699999999998,103,39,4,0.85,2009-12-07 12:19:00,2010-12-05 11:10:00,20.59223300970874,0.019612484673411906,82.47550982288652
22692,DOORMAT WELCOME TO OUR HOME,2121,15816.93,597,71,16,7.95,2010-06-28 13:53:00,2011-12-04 13:54:00,3.5527638190954773,0.019612484673411906,82.49512230755994
21224,SET/4 SKULL BADGES,2119,2630.63,300,95,9,1.25,2009-12-07 13:24:00,2011-12-02 16:39:00,7.0633333333333335,0.019593991052786343,82.51471629861273
84989A,75 GREEN FAIRY CAKE CASES,2114,1087.8700000000001,147,60,6,0.55,2009-12-09 09:42:00,2011-11-27 16:27:00,14.380952380952381,0.019547757001222427,82.53426405561395
21125,SET 6 FOOTBALL CELEBRATION CANDLES,2113,2195.25,241,88,15,1.25,2009-12-09 11:58:00,2011-12-02 14:26:00,8.767634854771785,0.019538510190909644,82.55380256580486
21640,ASSORTED TUTTI FRUTTI  FOB NOTEBOOK,2113,1946.55,194,78,5,0.85,2009-12-07 11:35:00,2011-12-02 16:14:00,10.891752577319588,0.019538510190909644,82.57334107599577
22217,T-LIGHT HOLDER HANGING LACE,2111,2712.24,196,82,4,1.25,2009-12-09 14:48:00,2011-12-04 11:32:00,10.770408163265307,0.01952001657028408,82.59286109256605
22315,200 RED + WHITE BENDY STRAWS,2111,2713.09,368,96,11,1.25,2009-12-09 15:20:00,2011-11-28 15:31:00,5.736413043478261,0.01952001657028408,82.61238110913634
22994,TRAVEL CARD WALLET RETROSPOT,2109,918.37,211,42,7,0.42,2011-02-16 16:56:00,2011-12-04 14:09:00,9.995260663507109,0.019501522949658515,82.63188263208599
23100,SILVER BELLS TABLE DECORATION,2099,2650.79,248,29,9,1.25,2011-05-11 11:57:00,2011-12-04 14:55:00,8.463709677419354,0.019409054846530688,82.65129168693252
22073,RED RETROSPOT STORAGE JAR,2096,8352.89,465,70,16,3.75,2009-12-07 10:41:00,2011-05-04 13:17:00,4.50752688172043,0.019381314415592342,82.67067300134812
85230B,CINNAMON SCENTED VOTIVE CANDLE,2096,554.0799999999999,67,45,6,0.29,2009-12-08 13:08:00,2011-11-30 08:38:00,31.28358208955224,0.019381314415592342,82.69005431576372
22063,CERAMIC BOWL WITH STRAWBERRY DESIGN,2096,6125.4400000000005,343,93,11,2.95,2009-12-09 13:44:00,2011-12-04 15:19:00,6.110787172011662,0.019381314415592342,82.70943563017931
22261,FELT EGG COSY WHITE RABBIT,2094,2006.21,235,64,8,0.85,2009-12-07 18:02:00,2011-11-29 16:47:00,8.91063829787234,0.019362820794966776,82.72879845097428
21677,HEARTS  STICKERS,2094,1826.6499999999999,270,84,6,0.85,2009-12-07 13:35:00,2011-12-01 12:53:00,7.7555555555555555,0.019362820794966776,82.74816127176925
85049F,BABY BOOM RIBBONS,2093,2612.75,310,87,14,1.25,2009-12-08 12:38:00,2011-09-26 12:45:00,6.751612903225807,0.019353573984653993,82.76751484575391
22337,ANGEL DECORATION PAINTED ZINC,2089,1297.8200000000002,136,35,10,0.65,2009-12-07 17:56:00,2011-12-02 12:52:00,15.360294117647058,0.019316586743402864,82.78683143249731
85049B,LUSH GREENS RIBBONS,2087,2604.55,332,56,9,1.25,2009-12-07 13:48:00,2011-01-26 14:19:00,6.286144578313253,0.019298093122777298,82.80612952562008
22420,LIPSTICK PEN BABY PINK,2085,999.73,227,68,8,0.42,2010-05-07 13:58:00,2011-12-01 13:08:00,9.185022026431717,0.01927959950215173,82.82540912512223
17091A,LAVENDER INCENSE IN TIN,2084,1284.6399999999999,116,58,5,1.25,2009-12-09 14:48:00,2011-05-18 11:58:00,17.96551724137931,0.01927035269183895,82.84467947781407
22099,CARAVAN SQUARE TISSUE BOX,2084,1531.97,281,89,11,1.25,2009-12-07 17:56:00,2011-12-04 13:59:00,7.4163701067615655,0.01927035269183895,82.8639498305059
22231,JIGSAW TREE WITH BIRDHOUSE,2082,2645.95,292,90,14,1.45,2009-12-10 15:45:00,2011-12-04 15:19:00,7.13013698630137,0.019251859071213386,82.88320168957712
22587,FELTCRAFT HAIRBAND RED AND BLUE,2073,1801.8,294,78,8,0.85,2010-03-10 10:01:00,2011-12-02 16:39:00,7.051020408163265,0.01916863777839834,82.90237032735551
21241,GREEN SPOTTY CUP,2070,1760.0,253,43,12,0.85,2009-12-07 17:56:00,2010-10-12 12:59:00,8.181818181818182,0.019140897347459995,82.92151122470297
22565,FELTCRAFT HAIRBANDS PINK AND WHITE,2069,1875.26,270,80,8,0.85,2010-03-10 11:46:00,2011-12-02 16:39:00,7.662962962962963,0.019131650537147212,82.94064287524012
21107,CREAM SLICE FLANNEL PINK SPOT,2062,5975.280000000001,297,86,12,2.95,2009-12-07 10:21:00,2011-12-01 11:18:00,6.942760942760943,0.019066922864957734,82.95970979810507
23148,MINIATURE ANTIQUE ROSE HOOK IVORY,2062,1752.3999999999999,238,33,10,0.83,2011-04-21 08:43:00,2011-12-04 12:44:00,8.663865546218487,0.019066922864957734,82.97877672097002
22896,PEG BAG APPLES DESIGN,2059,5162.94,360,62,10,2.55,2010-09-26 14:01:00,2011-12-04 14:51:00,5.719444444444444,0.019039182434019385,82.99781590340403
22357,KINGS CHOICE BISCUIT TIN,2056,9273.76,453,96,14,4.25,2010-01-07 11:31:00,2011-12-02 16:39:00,4.5386313465783665,0.01901144200308104,83.01682734540711
22586,FELTCRAFT HAIRBAND PINK AND BLUE,2055,1782.4799999999998,285,77,9,0.85,2010-03-10 09:30:00,2011-12-02 16:39:00,7.2105263157894735,0.019002195192768256,83.03582954059988
23002,TRAVEL CARD WALLET SKULLS,2055,885.03,184,42,2,0.42,2011-02-16 16:56:00,2011-12-04 13:15:00,11.168478260869565,0.019002195192768256,83.05483173579265
21159,MOODY BOY  DOOR HANGER,2054,1392.26,238,85,4,1.45,2009-12-07 13:45:00,2011-12-01 13:08:00,8.630252100840336,0.018992948382455473,83.07382468417511
85118,HEART T-LIGHT HOLDER,2054,1133.68,81,39,3,1.25,2009-12-07 18:02:00,2011-01-17 17:57:00,25.358024691358025,0.018992948382455473,83.09281763255757
23333,IVORY WICKER HEART MEDIUM,2052,2649.2,225,17,6,1.25,2011-08-08 14:37:00,2011-12-04 12:17:00,9.12,0.018974454761829906,83.1117920873194
16169K,WRAP FOLK ART,2050,648.25,59,33,4,0.42,2009-12-14 10:49:00,2011-09-28 16:07:00,34.74576271186441,0.01895596114120434,83.1307480484606
21747,SMALL SKULL WINDMILL,2047,2448.53,151,67,5,1.25,2009-12-09 11:58:00,2011-11-30 14:00:00,13.556291390728477,0.018928220710265994,83.14967626917087
84030E,ENGLISH ROSE HOT WATER BOTTLE,2047,8742.07,473,64,12,4.25,2009-12-11 15:40:00,2011-12-04 13:00:00,4.3276955602537,0.018928220710265994,83.16860448988113
22364,GLASS JAR DIGESTIVE BISCUITS,2045,6452.18,332,85,12,2.95,2010-03-15 17:29:00,2011-12-01 19:54:00,6.159638554216867,0.018909727089640428,83.18751421697077
21143,ANTIQUE GLASS HEART DECORATION,2044,4058.6499999999996,176,39,4,1.95,2009-12-07 13:49:00,2011-08-22 14:38:00,11.613636363636363,0.018900480279327645,83.2064146972501
23366,SET 12 COLOURING PENCILS DOILY,2043,1520.8500000000001,179,11,10,0.65,2011-09-22 11:46:00,2011-12-04 13:45:00,11.41340782122905,0.018891233469014862,83.22530593071912
22922,FRIDGE MAGNETS US DINER ASSORTED,2043,1758.0,110,41,12,0.85,2010-11-19 14:30:00,2011-12-02 10:23:00,18.572727272727274,0.018891233469014862,83.24419716418814
85040A,S/4 PINK FLOWER CANDLES IN BOWL,2042,3583.2,387,97,10,1.65,2009-12-09 09:42:00,2011-12-04 13:32:00,5.276485788113695,0.018881986658702082,83.26307915084683
23292,SPACEBOY CHILDRENS CUP,2040,2530.55,208,25,15,1.25,2011-06-13 16:33:00,2011-12-02 16:39:00,9.807692307692308,0.018863493038076516,83.28194264388492
22550,HOLIDAY FUN LUDO,2039,7579.84,417,86,17,3.75,2010-03-25 13:41:00,2011-12-04 14:15:00,4.889688249400479,0.018854246227763733,83.30079689011268
16169M,WRAP DAISY CARPET,2035,630.45,58,42,4,0.42,2010-01-26 11:32:00,2011-12-02 10:22:00,35.08620689655172,0.018817258986512604,83.3196141490992
22076,6 RIBBONS EMPIRE,2034,3287.5199999999995,349,96,10,1.65,2009-12-07 15:42:00,2011-12-04 14:55:00,5.828080229226361,0.01880801217619982,83.33842216127539
23145,ZINC T-LIGHT HOLDER STAR LARGE,2034,1929.7199999999998,164,33,10,0.95,2011-04-21 10:52:00,2011-12-04 10:53:00,12.402439024390244,0.01880801217619982,83.35723017345158
22293,HANGING CHICK GREEN DECORATION,2033,2857.16,224,70,5,1.45,2009-12-09 14:16:00,2011-11-22 11:18:00,9.075892857142858,0.018798765365887038,83.37602893881747
10125,MINI FUNKY DESIGN TAPES,2024,1647.78,158,69,6,0.85,2009-12-07 12:19:00,2011-12-04 12:08:00,12.810126582278482,0.018715544073071994,83.39474448289054
21805,WHITE CHRISTMAS TREE DECORATION,2023,870.87,92,23,3,0.42,2009-12-08 13:27:00,2010-11-21 11:58:00,21.98913043478261,0.01870629726275921,83.4134507801533
23177,TREASURE ISLAND BOOK BOX,2022,4495.16,258,40,16,2.25,2011-03-02 12:10:00,2011-12-04 12:29:00,7.837209302325581,0.018697050452446427,83.43214783060574
21070,VINTAGE BILLBOARD MUG,2020,2058.59,223,91,6,1.25,2009-12-07 18:02:00,2011-11-29 15:33:00,9.058295964125561,0.018678556831820865,83.45082638743756
85131A,BEADED PEARL HEART WHITE ON STICK,2019,1611.73,198,65,4,0.83,2009-12-18 14:22:00,2011-10-30 15:55:00,10.196969696969697,0.01866931002150808,83.46949569745907
22747,POPPY'S PLAYHOUSE BATHROOM,2016,4440.02,394,61,15,2.1,2010-09-24 16:50:00,2011-12-04 14:51:00,5.116751269035533,0.018641569590569732,83.48813726704964
23101,SILVER STARS TABLE DECORATION,2016,1725.55,210,27,10,0.83,2011-05-12 12:01:00,2011-12-04 14:55:00,9.6,0.018641569590569732,83.50677883664021
84754,S/15 SILVER GLASS BAUBLES IN BAG,2015,2549.59,208,47,4,1.25,2009-12-07 12:32:00,2011-09-23 13:11:00,9.6875,0.01863232278025695,83.52541115942047
85049H,URBAN BLACK RIBBONS,2014,2014.78,321,88,11,1.25,2009-12-07 18:02:00,2011-12-02 16:39:00,6.274143302180685,0.01862307596994417,83.54403423539041
22264,FELT FARM ANIMAL WHITE BUNNY,2013,1150.59,167,53,7,0.85,2009-12-14 18:37:00,2011-10-24 17:03:00,12.053892215568862,0.018613829159631386,83.56264806455005
21587,COSY HOUR GIANT TUBE MATCHES,2012,5022.599999999999,248,39,3,2.55,2009-12-07 11:40:00,2011-10-18 10:53:00,8.112903225806452,0.018604582349318603,83.58125264689936
22262,FELT EGG COSY CHICKEN,2011,1925.9299999999998,300,82,8,0.85,2009-12-07 18:02:00,2011-12-01 16:22:00,6.703333333333333,0.01859533553900582,83.59984798243836
22949,36 DOILIES DOLLY GIRL,2009,2855.27,176,56,14,1.45,2010-09-19 12:15:00,2011-11-29 12:09:00,11.414772727272727,0.018576841918380254,83.61842482435674
37444B,BLUE BREAKFAST CUP AND SAUCER,2008,403.7,27,20,3,2.95,2009-12-14 18:37:00,2011-03-28 12:23:00,74.37037037037037,0.01856759510806747,83.6369924194648
22187,GREEN CHRISTMAS TREE CARD HOLDER,2005,6315.59,342,45,6,4.25,2009-12-07 11:55:00,2011-12-02 10:08:00,5.862573099415204,0.018539854677129125,83.65553227414193
35160,BUDDHA INCENSE HOLDER ASSORTED,2003,1466.11,50,34,2,0.85,2009-12-08 12:54:00,2010-10-12 16:53:00,40.06,0.01852136105650356,83.67405363519843
22134,MINI LADLE LOVE HEART RED,2002,907.16,284,94,9,0.83,2009-12-07 12:26:00,2011-12-01 16:22:00,7.049295774647887,0.018512114246190776,83.69256574944463
23256,CHILDRENS CUTLERY SPACEBOY,2001,8197.95,352,35,19,4.15,2011-04-07 11:30:00,2011-12-04 15:35:00,5.684659090909091,0.018502867435877993,83.71106861688051
21873,IF YOU CAN'T STAND THE HEAT MUG,2000,2339.21,190,80,5,1.25,2009-12-08 14:56:00,2011-12-01 18:43:00,10.526315789473685,0.01849362062556521,83.72956223750607
85132C,CHARLIE AND LOLA FIGURES TINS,2000,5415.04,299,65,10,5.79,2009-12-07 13:49:00,2011-09-02 09:38:00,6.688963210702341,0.01849362062556521,83.74805585813164
22604,SET OF 4 NAPKIN CHARMS CUTLERY,2000,4894.99,241,59,9,2.55,2010-07-23 12:02:00,2011-12-04 15:19:00,8.298755186721992,0.01849362062556521,83.7665494787572
20653,CHERRY BLOSSOM LUGGAGE TAG,1999,518.67,78,44,5,1.25,2010-01-08 11:16:00,2011-11-28 15:54:00,25.628205128205128,0.01848437381525243,83.78503385257245
23434,3 RAFFIA RIBBONS 50'S CHRISTMAS,1999,1805.93,188,13,8,0.79,2011-09-11 10:58:00,2011-12-04 12:48:00,10.632978723404255,0.01848437381525243,83.80351822638771
85230A,OPIUM SCENTED VOTIVE CANDLE,1992,497.03999999999996,48,37,3,0.29,2009-12-13 11:34:00,2011-12-02 12:52:00,41.5,0.01841964614306295,83.82193787253077
85218,S/5 MINI ICE CREAM FRIDGE MAGNETS,1992,625.1999999999999,2,2,2,0.875,2010-01-14 14:53:00,2010-02-15 11:57:00,996.0,0.01841964614306295,83.84035751867383
21329,DINOSAURS  WRITING SET,1988,3586.7,530,98,6,1.65,2009-12-07 15:15:00,2011-12-02 16:39:00,3.750943396226415,0.01838265890181182,83.85874017757564
21214,SET OF 72 IVORY PAPER DOILIES,1988,2894.72,194,34,8,1.45,2009-12-08 15:49:00,2010-10-08 13:23:00,10.24742268041237,0.01838265890181182,83.87712283647745
22074,6 RIBBONS SHIMMERING PINKS,1986,2116.8599999999997,269,85,8,1.65,2009-12-09 09:51:00,2011-12-02 16:39:00,7.382899628252788,0.018364165281186253,83.89548700175864
22061,LARGE CAKE STAND  HANGING STRAWBERY,1984,18396.97,497,97,13,9.95,2009-12-08 07:59:00,2011-12-04 12:14:00,3.9919517102615694,0.01834567166056069,83.9138326734192
22136,LOVE HEART SOCK HANGER,1983,3305.4799999999996,261,86,9,1.65,2009-12-07 12:26:00,2011-10-31 13:05:00,7.597701149425287,0.018336424850247907,83.93216909826944
21785,RAIN PONCHO,1980,1492.53,98,43,6,0.85,2009-12-07 13:59:00,2011-02-15 14:44:00,20.20408163265306,0.018308684419309558,83.95047778268875
16169N,WRAP BLUE RUSSIAN FOLKART,1975,605.25,54,28,7,0.42,2009-12-07 15:02:00,2010-12-06 12:06:00,36.574074074074076,0.018262450367745646,83.9687402330565
22416,SET OF 36 DOILIES SPACEBOY DESIGN,1970,2763.3599999999997,176,82,13,1.45,2010-02-03 08:50:00,2011-12-04 11:45:00,11.193181818181818,0.018216216316181734,83.98695644937267
84975,HEART SHAPED MIRROR,1966,3225.84,208,47,5,1.69,2009-12-07 13:17:00,2010-12-08 15:12:00,9.451923076923077,0.0181792290749306,84.0051356784476
72807C,SET/3 VANILLA SCENTED CANDLE IN BOX,1964,8395.22,339,87,10,4.25,2009-12-08 15:10:00,2011-11-25 14:25:00,5.793510324483776,0.01816073545430504,84.0232964139019
23436,VINTAGE CHRISTMAS GIFT BAG LARGE,1956,2327.75,109,17,6,1.25,2011-08-02 14:04:00,2011-12-01 16:22:00,17.94495412844037,0.018086760971802777,84.0413831748737
22917,HERB MARKER ROSEMARY,1955,1355.1000000000001,243,52,7,0.65,2010-11-21 11:03:00,2011-12-02 17:04:00,8.045267489711934,0.018077514161489994,84.05946068903519
23090,VINTAGE GLASS T-LIGHT HOLDER,1955,1650.2099999999998,138,27,6,0.83,2011-05-16 08:13:00,2011-12-04 14:01:00,14.166666666666666,0.018077514161489994,84.07753820319668
79323P,PINK CHERRY LIGHTS,1952,11835.02,231,21,5,6.75,2009-12-07 08:13:00,2011-01-11 13:54:00,8.45021645021645,0.018049773730551645,84.09558797692723
22897,OVEN MITT APPLES DESIGN,1946,2874.73,292,62,9,1.45,2010-09-26 16:06:00,2011-12-04 13:59:00,6.664383561643835,0.01799429286867495,84.11358226979591
22525,CHILDRENS GARDEN GLOVES PINK,1946,2748.79,328,55,13,1.25,2010-03-25 14:12:00,2011-04-18 16:31:00,5.932926829268292,0.01799429286867495,84.13157656266459
22191,IVORY DINER WALL CLOCK,1945,16012.79,610,85,13,8.5,2009-12-07 13:59:00,2011-12-02 12:24:00,3.1885245901639343,0.017985046058362167,84.14956160872295
22311,OFFICE MUG WARMER BLACK+SILVER,1943,6200.2300000000005,287,80,14,2.95,2009-12-07 15:55:00,2011-12-04 13:15:00,6.770034843205575,0.017966552437736604,84.16752816116069
23266,SET OF 3 WOODEN STOCKING DECORATION,1936,2566.11,298,26,9,1.25,2011-06-09 15:34:00,2011-12-04 16:08:00,6.496644295302014,0.017901824765547126,84.18542998592623
22179,SET 10 LIGHTS NIGHT OWL,1936,13757.84,547,98,10,6.75,2009-12-07 16:40:00,2011-12-04 13:32:00,3.539305301645338,0.017901824765547126,84.20333181069178
84849B,FAIRY SOAP SOAP HOLDER,1933,3237.33,291,77,11,1.69,2009-12-07 17:56:00,2011-07-20 12:58:00,6.642611683848798,0.017874084334608777,84.22120589502639
22479,DAISY GARDEN MARKER,1931,2671.5099999999998,212,71,5,1.25,2010-03-05 16:02:00,2011-12-01 19:54:00,9.108490566037736,0.01785559071398321,84.23906148574036
23186,FRENCH STYLE STORAGE JAR CAFE,1928,803.8,68,25,5,0.29,2011-03-08 17:23:00,2011-11-30 17:22:00,28.352941176470587,0.017827850283044865,84.2568893360234
22044,CHRISTMAS CARD STACK OF PRESENTS,1928,545.24,88,26,5,0.42,2009-12-07 14:58:00,2011-11-07 12:29:00,21.90909090909091,0.017827850283044865,84.27471718630645
35971,ROSE FOLKART HEART DECORATIONS,1927,1895.1499999999999,212,86,3,1.25,2009-12-07 17:56:00,2011-12-01 16:22:00,9.089622641509434,0.01781860347273208,84.29253578977918
22592,CARDHOLDER HOLLY WREATH METAL,1927,7631.95,292,41,9,3.75,2010-07-27 09:05:00,2011-12-02 16:39:00,6.5993150684931505,0.01781860347273208,84.31035439325191
72225C,LAVENDER SCENT CAKE CANDLE,1926,466.38,38,33,4,0.29,2009-12-17 19:33:00,2011-11-29 09:48:00,50.68421052631579,0.0178093566624193,84.32816374991434
22524,CHILDRENS GARDEN GLOVES BLUE,1925,2713.23,293,59,11,1.25,2010-03-25 14:12:00,2011-05-24 08:49:00,6.5699658703071675,0.017800109852106515,84.34596385976644
22286,"DECORATION , WOBBLY RABBIT , METAL",1924,2177.52,193,53,3,1.65,2009-12-21 17:14:00,2011-12-01 12:01:00,9.968911917098445,0.017790863041793732,84.36375472280824
72349B,SET/6 PURPLE BUTTERFLY T-LIGHTS,1919,3885.8300000000004,270,91,3,2.1,2009-12-07 15:28:00,2011-12-04 10:51:00,7.107407407407408,0.01774462899022982,84.38149935179847
23004,TRAVEL CARD WALLET PANTRY,1919,863.79,212,42,7,0.42,2011-02-16 16:56:00,2011-12-04 14:09:00,9.05188679245283,0.01774462899022982,84.3992439807887
22758,LARGE PURPLE BABUSHKA NOTEBOOK,1919,2393.56,283,63,11,1.25,2010-08-06 17:36:00,2011-12-04 10:56:00,6.780918727915195,0.01774462899022982,84.41698860977893
85114B,IVORY ENCHANTED FOREST PLACEMAT,1919,3435.83,210,84,7,1.65,2009-12-07 13:59:00,2011-11-30 08:17:00,9.138095238095238,0.01774462899022982,84.43473323876916
22916,HERB MARKER THYME,1916,1327.6000000000001,242,53,7,0.65,2010-11-21 16:11:00,2011-12-02 17:04:00,7.917355371900826,0.01771688855929147,84.45245012732845
23332,IVORY WICKER HEART LARGE,1915,3298.5499999999997,270,18,5,1.65,2011-08-07 15:43:00,2011-12-04 12:17:00,7.092592592592593,0.01770764174897869,84.47015776907743
22186,RED STAR CARD HOLDER,1912,5113.06,319,51,8,2.95,2009-12-07 13:49:00,2011-12-02 14:48:00,5.993730407523511,0.017679901318040342,84.48783767039548
23437,50'S CHRISTMAS GIFT BAG LARGE,1903,2318.95,122,15,6,1.25,2011-08-22 15:05:00,2011-12-04 13:59:00,15.598360655737705,0.017596680025225298,84.5054343504207
35095B,RED VICTORIAN FABRIC OVAL BOX,1897,738.62,165,76,3,0.42,2009-12-09 13:00:00,2011-11-30 15:13:00,11.496969696969696,0.017541199163348602,84.52297554958405
85053,FRENCH ENAMEL CANDLEHOLDER,1892,4074.4100000000003,354,70,12,2.1,2009-12-07 17:56:00,2011-12-04 14:55:00,5.344632768361582,0.01749496511178469,84.54047051469583
21384,IVORY HANGING DECORATION  BUTTERFLY,1892,1784.6899999999998,146,21,2,0.85,2009-12-07 11:46:00,2010-05-19 15:10:00,12.95890410958904,0.01749496511178469,84.5579654798076
85071A,BLUE CHARLIE+LOLA PERSONAL DOORSIGN,1891,1373.6100000000001,142,58,7,0.39,2009-12-08 12:51:00,2011-12-04 15:19:00,13.316901408450704,0.017485718301471907,84.57545119810908
85224,ASSORTED COLOUR SILK GLASSES CASE,1882,1068.96,58,37,1,2.1,2009-12-07 17:56:00,2011-03-23 16:45:00,32.44827586206897,0.017402497008656863,84.59285369511774
22396,MAGNETS PACK OF 4 RETRO PHOTO,1881,1419.55,181,73,11,0.9550000000000001,2010-03-26 13:46:00,2011-12-04 13:59:00,10.392265193370166,0.01739325019834408,84.61024694531608
23399,HOME SWEET HOME HANGING HEART,1878,1692.81,213,14,4,0.85,2011-09-04 12:54:00,2011-12-04 11:24:00,8.816901408450704,0.017365509767405734,84.62761245508348
22918,HERB MARKER PARSLEY,1878,1285.45,240,52,8,0.65,2010-11-21 16:11:00,2011-12-02 17:04:00,7.825,0.017365509767405734,84.64497796485088
20733,GOLD MINI TAPE MEASURE,1874,1405.85,280,79,6,0.83,2009-12-08 16:43:00,2011-12-02 16:39:00,6.692857142857143,0.0173285225261546,84.66230648737704
20657,TROPICAL LUGGAGE TAG,1873,721.47,116,60,6,1.25,2009-12-07 18:02:00,2011-11-11 09:05:00,16.146551724137932,0.017319275715841822,84.67962576309289
22583,PACK OF 6 HANDBAG GIFT BOXES,1870,4943.28,346,83,16,2.55,2010-03-10 12:51:00,2011-12-02 16:39:00,5.404624277456647,0.017291535284903473,84.69691729837778
22251,BIRDHOUSE DECORATION MAGIC GARDEN,1869,2312.72,297,81,5,1.25,2009-12-17 17:16:00,2011-12-02 16:39:00,6.292929292929293,0.01728228847459069,84.71419958685237
21327,SKULLS WRITING SET,1867,3264.12,478,101,6,1.65,2009-12-07 15:15:00,2011-12-02 10:52:00,3.905857740585774,0.017263794853965123,84.73146338170633
22193,RED DINER WALL CLOCK,1864,15661.220000000001,598,76,16,8.5,2009-12-07 17:56:00,2011-12-04 10:10:00,3.117056856187291,0.017236054423026777,84.74869943612936
21452,TOADSTOOL MONEY BOX,1861,5679.500000000001,401,87,16,2.95,2010-03-18 13:10:00,2011-12-04 13:55:00,4.640897755610973,0.017208313992088428,84.76590775012144
23504,PLAYING CARDS JUBILEE UNION JACK,1861,2760.34,191,11,4,1.25,2011-09-22 11:46:00,2011-12-04 14:15:00,9.743455497382199,0.017208313992088428,84.78311606411353
23287,RED VINTAGE SPOT BEAKER,1860,1584.9,193,25,13,0.85,2011-06-13 16:33:00,2011-12-01 16:22:00,9.637305699481866,0.017199067181775645,84.8003151312953
23280,FOLDING BUTTERFLY MIRROR HOT PINK,1860,1481.28,150,29,10,0.83,2011-05-09 16:35:00,2011-12-04 13:00:00,12.4,0.017199067181775645,84.81751419847708
21007,ETCHED GLASS DROPLET DECORATION,1858,864.0,43,16,1,0.38,2009-12-07 11:05:00,2010-09-23 12:25:00,43.2093023255814,0.017180573561150082,84.83469477203823
22101,MIRROR MOSAIC VOTIVE HOLDER,1857,2686.47,113,62,2,2.46,2009-12-07 13:49:00,2011-11-25 14:02:00,16.43362831858407,0.0171713267508373,84.85186609878907
15056P,EDWARDIAN PARASOL PINK,1853,10302.87,337,98,9,5.95,2009-12-08 07:59:00,2011-12-02 12:40:00,5.498516320474778,0.017134339509586167,84.86900043829866
85231B,CINAMMON SET OF 9 T-LIGHTS,1853,1697.99,350,88,7,0.85,2009-12-07 11:05:00,2011-12-04 14:55:00,5.2942857142857145,0.017134339509586167,84.88613477780824
22972,CHILDREN'S SPACEBOY MUG,1851,3165.3099999999995,235,49,10,1.65,2010-11-24 13:13:00,2011-12-01 17:20:00,7.876595744680851,0.017115845888960604,84.9032506236972
23083,SET 6 PAPER TABLE LANTERN STARS,1847,6891.3,227,29,7,3.75,2011-05-15 11:17:00,2011-12-04 15:18:00,8.136563876651982,0.01707885864770947,84.92032948234491
21945,STRAWBERRIES  DESIGN FLANNEL,1845,1280.0,229,71,7,1.63,2009-12-07 18:02:00,2011-11-30 15:13:00,8.056768558951966,0.01706036502708391,84.93738984737199
23147,SINGLE ANTIQUE ROSE HOOK IVORY,1842,2714.5,257,33,9,1.45,2011-04-21 08:43:00,2011-12-04 12:44:00,7.167315175097277,0.01703262459614556,84.95442247196813
22097,SWALLOW SQUARE TISSUE BOX,1837,1181.98,237,86,10,1.25,2009-12-09 09:42:00,2011-12-02 14:26:00,7.751054852320675,0.016986390544581648,84.97140886251272
23365,SET 12 COLOUR PENCILS LOVE LONDON,1834,1445.13,158,11,6,0.65,2011-09-22 12:13:00,2011-12-02 13:36:00,11.60759493670886,0.0169586501136433,84.98836751262635
22361,GLASS JAR DAISY FRESH COTTON WOOL,1832,5969.51,487,88,13,2.95,2010-03-15 17:29:00,2011-12-04 13:32:00,3.761806981519507,0.016940156493017732,85.00530766911938
21014,SWISS CHALET TREE DECORATION,1831,910.2399999999999,184,44,5,0.85,2009-12-09 09:42:00,2011-11-23 13:27:00,9.951086956521738,0.016930909682704953,85.02223857880207
23550,WRAP ALPHABET POSTER,1830,752.6,63,19,5,0.42,2011-07-18 11:42:00,2011-11-30 16:43:00,29.047619047619047,0.01692166287239217,85.03916024167447
22265,EASTER DECORATION NATURAL CHICK,1828,1198.0500000000002,167,60,4,0.65,2009-12-09 14:16:00,2011-11-29 13:12:00,10.946107784431138,0.016903169251766603,85.05606341092623
22676,FRENCH BLUE METAL DOOR SIGN 1,1827,2457.6,302,67,7,1.25,2010-08-17 11:21:00,2011-12-02 17:12:00,6.049668874172186,0.01689392244145382,85.07295733336768
22102,MIRROR MOSAIC T-LIGHT HOLDER,1827,1166.94,56,43,2,1.65,2009-12-09 11:01:00,2011-11-28 14:44:00,32.625,0.01689392244145382,85.08985125580914
22965,3 TRADITIONAl BISCUIT CUTTERS  SET,1826,3792.3200000000006,254,54,13,2.1,2010-11-21 14:36:00,2011-12-04 11:50:00,7.188976377952756,0.016884675631141037,85.10673593144028
21011,GLITTER SNOW PEAR TREE DECORATION,1826,1353.5,116,24,3,1.45,2009-12-07 13:48:00,2010-12-21 10:35:00,15.741379310344827,0.016884675631141037,85.12362060707143
23196,VINTAGE LEAF MAGNETIC NOTEPAD,1824,2734.0,284,24,11,1.45,2011-06-23 11:51:00,2011-12-02 16:39:00,6.422535211267606,0.016866182010515474,85.14048678908195
21336,GOLD WASHBAG,1822,521.52,42,27,3,2.95,2009-12-07 18:02:00,2011-06-29 15:58:00,43.38095238095238,0.016847688389889908,85.15733447747184
22276,WASH BAG VINTAGE ROSE PAISLEY,1820,4705.67,354,90,20,2.55,2009-12-07 12:32:00,2011-11-04 15:18:00,5.141242937853107,0.016829194769264342,85.1741636722411
21542,WOODLAND WATER TRANSFER TATTOOS,1820,1548.05,183,35,8,0.85,2009-12-07 13:48:00,2010-10-10 13:23:00,9.94535519125683,0.016829194769264342,85.19099286701035
35649,VINTAGE BEAD COSMETIC BAG,1819,1343.01,49,34,2,2.46,2009-12-13 11:16:00,2011-12-02 16:39:00,37.12244897959184,0.01681994795895156,85.2078128149693
85194L,HANGING SPRING FLOWER EGG LARGE,1818,1560.6299999999999,147,38,5,0.85,2009-12-07 11:46:00,2011-11-22 16:47:00,12.36734693877551,0.016810701148638776,85.22462351611794
21171,BATHROOM METAL SIGN,1817,2535.69,253,75,7,1.45,2009-12-07 13:52:00,2011-08-11 10:14:00,7.181818181818182,0.016801454338325996,85.24142497045626
23194,GYMKHANA TREASURE BOOK BOX,1816,4015.98,205,40,12,2.25,2011-03-02 12:10:00,2011-12-04 13:32:00,8.858536585365854,0.016792207528013213,85.25821717798428
22483,RED GINGHAM TEDDY BEAR,1815,5268.29,343,90,17,2.95,2010-03-04 11:11:00,2011-12-04 11:45:00,5.291545189504373,0.01678296071770043,85.27500013870198
79163,BLACK CHAMPAGNE GLASS,1813,1207.83,63,40,2,0.39,2009-12-10 11:39:00,2011-09-18 12:21:00,28.77777777777778,0.016764467097074864,85.29176460579906
22605,WOODEN CROQUET GARDEN SET,1812,23162.53,631,84,14,12.75,2010-04-08 19:40:00,2011-12-04 14:55:00,2.8716323296354993,0.01675522028676208,85.30851982608583
23264,SET OF 3 WOODEN SLEIGH DECORATIONS,1812,2464.55,280,26,11,1.25,2011-06-09 15:34:00,2011-12-04 15:00:00,6.4714285714285715,0.01675522028676208,85.3252750463726
22547,MINI JIGSAW DINOSAUR,1805,805.49,181,75,8,0.42,2010-03-26 14:45:00,2011-12-02 12:59:00,9.972375690607734,0.016690492614572602,85.34196553898717
23163,REGENCY SUGAR TONGS,1801,4420.740000000001,200,32,7,2.49,2011-04-27 12:49:00,2011-12-02 16:39:00,9.005,0.016653505373321473,85.3586190443605
21503,TOYBOX  WRAP,1801,740.42,64,43,8,0.42,2009-12-16 17:06:00,2011-11-30 16:43:00,28.140625,0.016653505373321473,85.37527254973382
22067,CHOC TRUFFLE GOLD TRINKET POT,1798,2970.33,244,92,10,1.65,2009-12-07 13:52:00,2011-12-04 11:55:00,7.368852459016393,0.016625764942383124,85.39189831467621
85116,BLACK CANDELABRA T-LIGHT HOLDER,1794,2166.34,175,75,6,1.66,2009-12-07 13:59:00,2011-10-14 11:08:00,10.251428571428571,0.016588777701131995,85.40848709237734
20960,WATERMELON BATH SPONGE,1792,2402.64,201,55,7,1.25,2009-12-07 13:35:00,2011-03-07 10:12:00,8.91542288557214,0.01657028408050643,85.42505737645784
84818,DANISH ROSE PHOTO FRAME,1785,2374.6,213,78,9,2.51,2009-12-14 17:57:00,2011-10-30 16:15:00,8.380281690140846,0.01650555640831695,85.44156293286616
22342,HOME GARLAND PAINTED ZINC,1785,2455.33,226,91,7,1.65,2009-12-07 11:46:00,2011-11-28 15:31:00,7.898230088495575,0.01650555640831695,85.45806848927448
22371,AIRLINE BAG VINTAGE TOKYO 78,1784,8713.1,671,91,13,4.25,2010-02-12 15:38:00,2011-12-04 12:44:00,2.6587183308494784,0.016496309598004168,85.47456479887248
21906,PHARMACIE FIRST AID TIN,1782,12845.92,421,92,19,6.75,2010-01-29 13:53:00,2011-12-02 16:39:00,4.232779097387174,0.016477815977378605,85.49104261484986
90057,DIAMANTE RING ASSORTED IN BOX.,1780,2645.88,36,20,3,1.25,2009-12-09 14:25:00,2011-12-01 14:30:00,49.44444444444444,0.01645932235675304,85.50750193720661
22070,SMALL RED RETROSPOT MUG IN BOX,1779,5472.94,303,85,16,3.75,2009-12-07 11:39:00,2011-11-30 15:33:00,5.871287128712871,0.016450075546440256,85.52395201275306
21411,GINGHAM HEART  DOORSTOP RED,1777,7598.31,577,98,9,4.25,2009-12-07 15:42:00,2011-12-04 15:28:00,3.079722703639515,0.01643158192581469,85.54038359467887
22957,SET 3 PAPER VINTAGE CHICK PAPER EGG,1775,5014.650000000001,214,17,14,2.95,2011-01-14 14:11:00,2011-09-29 13:38:00,8.294392523364486,0.016413088305189127,85.55679668298406
85041,SET/4 PINK ORCHID CANDLES IN BOWL,1773,2365.69,84,25,3,1.65,2009-12-09 14:16:00,2010-07-15 15:08:00,21.107142857142858,0.01639459468456356,85.57319127766863
21675,BUTTERFLIES STICKERS,1773,1561.9599999999998,262,86,9,0.85,2009-12-07 17:56:00,2011-12-02 13:20:00,6.767175572519084,0.01639459468456356,85.5895858723532
22919,HERB MARKER MINT,1767,1229.0900000000001,240,51,7,0.65,2010-11-22 12:53:00,2011-12-02 17:04:00,7.3625,0.016339113822686865,85.60592498617588
35095A,BLUE VICTORIAN FABRIC OVAL BOX,1766,699.7099999999999,154,72,5,0.83,2009-12-09 13:00:00,2011-12-02 16:39:00,11.467532467532468,0.016329867012374082,85.62225485318825
72484,ROSES IN WHITE HEART CANDLE,1766,926.3800000000001,61,10,2,1.25,2009-12-07 18:02:00,2010-03-04 12:32:00,28.950819672131146,0.016329867012374082,85.63858472020063
85177,BASKET OF FLOWERS SEWING KIT,1764,1461.7199999999998,136,71,6,0.85,2009-12-08 13:04:00,2011-12-01 13:28:00,12.970588235294118,0.016311373391748516,85.65489609359237
21705,BAG 500g SWIRLY MARBLES,1761,2831.7599999999998,198,55,5,1.65,2010-07-25 15:44:00,2011-12-04 12:48:00,8.893939393939394,0.016283632960810167,85.67117972655318
85194S,HANGING SPRING FLOWER EGG SMALL,1760,889.46,131,54,3,0.65,2010-01-05 14:12:00,2011-12-04 12:32:00,13.435114503816793,0.016274386150497387,85.68745411270368
23330,DECORATIVE WICKER HEART MEDIUM,1759,2239.59,209,17,4,1.25,2011-08-08 13:53:00,2011-12-04 12:31:00,8.416267942583731,0.016265139340184604,85.70371925204387
22650,CERAMIC PIRATE CHEST MONEY BANK,1757,2650.0699999999997,273,77,12,1.45,2010-05-14 15:41:00,2011-11-30 16:23:00,6.435897435897436,0.016246645719559038,85.71996589776343
22175,PINK OWL SOFT TOY,1756,5082.21,351,95,11,2.95,2009-12-07 12:08:00,2011-12-04 15:35:00,5.002849002849003,0.016237398909246255,85.73620329667267
23006,TRAVEL CARD WALLET FLOWER MEADOW,1754,759.84,171,41,5,0.42,2011-02-16 16:56:00,2011-12-04 12:32:00,10.257309941520468,0.01621890528862069,85.7524222019613
23438,RED SPOT GIFT BAG LARGE,1751,2135.0,103,18,6,1.25,2011-08-03 12:20:00,2011-12-04 15:00:00,17.0,0.016191164857682343,85.76861336681898
21421,PORCELAIN ROSE LARGE,1750,2091.98,102,47,4,1.25,2009-12-07 11:46:00,2011-05-24 14:00:00,17.15686274509804,0.01618191804736956,85.78479528486635
18097C,WHITE TALL PORCELAIN T-LIGHT HOLDER,1743,3869.1,204,78,4,2.55,2009-12-07 11:05:00,2011-11-24 09:26:00,8.544117647058824,0.01611719037518008,85.80091247524153
21624,VINTAGE UNION JACK DOORSTOP,1743,10450.33,389,89,6,5.95,2009-12-07 15:42:00,2011-12-04 12:52:00,4.480719794344473,0.01611719037518008,85.81702966561672
21634,ASSORTED MINI MADRAS NOTEBOOK,1742,1464.8899999999999,66,45,3,1.25,2009-12-09 09:42:00,2011-10-16 15:13:00,26.393939393939394,0.0161079435648673,85.83313760918158
22103,MIRROR MOSAIC T-LIGHT HOLDER ROUND,1740,1750.74,70,50,4,1.65,2009-12-08 15:49:00,2011-10-24 17:03:00,24.857142857142858,0.016089449944241732,85.84922705912582
21340,CLASSIC METAL BIRDCAGE PLANT HOLDER,1739,18939.67,408,76,13,12.75,2009-12-07 16:56:00,2011-12-04 15:18:00,4.262254901960785,0.016080203133928953,85.86530726225975
22921,HERB MARKER CHIVES,1738,1200.3700000000001,213,48,6,0.65,2010-11-21 16:11:00,2011-12-02 17:04:00,8.15962441314554,0.01607095632361617,85.88137821858336
22117,METAL SIGN HER DINNER IS SERVED,1737,5122.04,222,83,11,2.95,2009-12-08 13:38:00,2011-12-02 13:38:00,7.824324324324325,0.016061709513303386,85.89743992809667
37327,ASSTD MULTICOLOUR CIRCLES MUG,1736,1046.62,87,38,1,0.42,2010-01-26 10:13:00,2011-11-10 12:01:00,19.95402298850575,0.016052462702990603,85.91349239079966
79030G,"TUMBLER, NEW ENGLAND",1733,1433.25,119,49,9,1.65,2009-12-10 16:35:00,2011-06-03 17:09:00,14.563025210084033,0.016024722272052254,85.92951711307171
22468,BABUSHKA LIGHTS STRING OF 10,1732,11502.52,410,85,14,6.75,2010-03-08 12:44:00,2011-12-02 12:13:00,4.224390243902439,0.016015475461739474,85.94553258853345
22598,CHRISTMAS MUSICAL ZINC TREE,1731,1085.86,134,31,5,0.83,2010-07-26 09:50:00,2011-12-04 13:59:00,12.917910447761194,0.01600622865142669,85.96153881718487
23327,HANGING CLEAR MINI BOTTLE,1730,1048.6200000000001,40,13,3,0.63,2011-08-10 16:01:00,2011-11-29 15:09:00,43.25,0.015996981841113908,85.97753579902599
35832,WOOLLY HAT SOCK GLOVE ADVENT STRING,1729,5251.950000000001,183,21,9,2.95,2009-12-07 17:56:00,2010-11-04 14:49:00,9.448087431693988,0.015987735030801125,85.99352353405679
21944,KITTENS DESIGN FLANNEL,1726,1065.26,190,66,7,0.85,2009-12-07 18:02:00,2011-12-02 16:39:00,9.08421052631579,0.015959994599862776,86.00948352865666
23551,PACK OF 12 PAISLEY PARK TISSUES,1726,790.0999999999999,125,14,7,0.39,2011-09-01 15:56:00,2011-12-02 16:39:00,13.808,0.015959994599862776,86.02544352325653
23229,VINTAGE DONKEY TAIL GAME,1726,6211.11,243,25,14,3.75,2011-06-14 12:09:00,2011-12-04 14:15:00,7.102880658436214,0.015959994599862776,86.0414035178564
16169P,WRAP GREEN RUSSIAN FOLKART,1725,523.25,47,30,5,0.42,2009-12-14 10:49:00,2010-12-19 11:35:00,36.702127659574465,0.015950747789549996,86.05735426564594
22628,PICNIC BOXES SET OF 3 RETROSPOT,1724,8268.8,348,72,16,4.95,2010-07-01 11:59:00,2011-12-04 16:07:00,4.954022988505747,0.015941500979237213,86.07329576662518
84880,WHITE WIRE EGG HOLDER,1723,9846.35,372,85,6,5.95,2009-12-10 14:13:00,2011-11-29 10:45:00,4.631720430107527,0.01593225416892443,86.08922802079411
22779,WOODEN OWLS LIGHT GARLAND,1721,6571.85,189,52,12,4.25,2010-10-24 11:14:00,2011-12-04 13:32:00,9.105820105820106,0.015913760548298864,86.10514178134241
84012,MAGIC SHEEP WOOL GROWING FROM PAPER,1720,2514.57,168,65,8,1.66,2009-12-09 14:02:00,2011-12-04 14:55:00,10.238095238095237,0.01590451373798608,86.12104629508039
22310,IVORY KNITTED MUG COSY,1714,3064.49,216,77,6,3.29,2009-12-07 18:02:00,2011-12-01 16:22:00,7.935185185185185,0.015849032876109385,86.1368953279565
22902,TOTE BAG I LOVE LONDON,1713,3494.17,197,58,9,2.1,2010-09-26 14:42:00,2011-12-04 12:02:00,8.695431472081218,0.015839786065796602,86.15273511402229
84006,MAGIC TREE -PAPER FLOWERS,1710,1603.77,201,72,4,0.85,2009-12-07 17:56:00,2011-12-01 13:08:00,8.507462686567164,0.015812045634858257,86.16854715965715
22199,FRYING PAN RED RETROSPOT,1710,7213.14,381,95,14,4.25,2009-12-07 17:56:00,2011-12-04 15:19:00,4.488188976377953,0.015812045634858257,86.18435920529201
22403,MAGNETS PACK OF 4 VINTAGE LABELS,1702,1190.82,210,69,9,1.25,2010-03-29 10:10:00,2011-12-02 10:23:00,8.104761904761904,0.015738071152355995,86.20009727644437
23161,REGENCY CAKE FORK,1702,2113.32,95,28,7,1.25,2011-05-03 10:43:00,2011-12-01 16:22:00,17.91578947368421,0.015738071152355995,86.21583534759672
21774,DECORATIVE CATS BATHROOM BOTTLE,1698,2101.13,359,98,8,2.46,2009-12-07 17:56:00,2011-12-02 16:39:00,4.729805013927576,0.015701083911104863,86.23153643150783
23238,SET OF 4 KNICK KNACK TINS LONDON,1694,7154.34,257,26,13,4.15,2011-06-07 14:03:00,2011-12-02 12:02:00,6.591439688715953,0.015664096669853734,86.24720052817769
22776,SWEETHEART CAKESTAND 3 TIER,1692,17291.18,680,59,13,9.95,2010-10-17 11:20:00,2011-12-04 12:31:00,2.488235294117647,0.015645603049228168,86.26284613122691
23329,DECORATIVE WICKER HEART LARGE,1691,2911.1499999999996,226,18,4,1.65,2011-08-07 15:43:00,2011-12-04 12:31:00,7.482300884955753,0.015636356238915385,86.27848248746582
22340,NOEL GARLAND PAINTED ZINC,1689,1382.9699999999998,169,34,9,0.83,2009-12-14 17:16:00,2011-12-02 16:39:00,9.994082840236686,0.01561786261828982,86.29410035008411
21541,DINOSAURS WATER TRANSFER TATTOOS,1688,1487.54,196,44,8,0.85,2009-12-07 13:59:00,2010-11-15 14:49:00,8.612244897959183,0.015608615807977039,86.30970896589209
23352,ROLL WRAP 50'S RED CHRISTMAS,1688,2272.01,191,17,6,1.25,2011-08-04 16:17:00,2011-12-04 14:15:00,8.837696335078535,0.015608615807977039,86.32531758170006
23190,BUNDLE OF 3 SCHOOL EXERCISE BOOKS,1688,2738.7999999999997,199,30,8,1.65,2011-05-09 16:35:00,2011-12-04 12:01:00,8.482412060301508,0.015608615807977039,86.34092619750804
22409,MONEY BOX BISCUITS DESIGN,1684,2287.96,162,68,12,1.25,2010-03-26 13:46:00,2011-12-04 14:55:00,10.395061728395062,0.015571628566725908,86.35649782607477
23120,PACK OF 6 SMALL FRUIT STRAWS,1683,681.18,98,24,5,0.42,2011-06-17 12:22:00,2011-12-02 14:26:00,17.1734693877551,0.015562381756413125,86.37206020783118
22671,FRENCH LAUNDRY SIGN BLUE METAL,1682,2793.24,241,63,5,1.65,2010-08-17 11:21:00,2011-12-04 14:55:00,6.979253112033195,0.015553134946100342,86.38761334277729
21402,RED  EGG  SPOON,1681,326.28,146,66,9,0.42,2009-12-09 09:51:00,2011-12-02 16:39:00,11.513698630136986,0.01554388813578756,86.40315723091307
23271,CHRISTMAS TABLE SILVER CANDLE SPIKE,1679,1437.73,98,20,7,0.83,2011-06-13 15:44:00,2011-12-04 12:01:00,17.132653061224488,0.015525394515161994,86.41868262542823
84341B,SMALL PINK MAGIC CHRISTMAS TREE,1676,884.62,114,37,4,0.85,2009-12-07 17:56:00,2011-11-15 14:48:00,14.701754385964913,0.015497654084223647,86.43418027951246
23254,CHILDRENS CUTLERY DOLLY GIRL,1674,6778.620000000001,289,35,21,4.15,2011-04-07 11:30:00,2011-12-02 14:25:00,5.7923875432525955,0.015479160463598082,86.44965943997606
22634,CHILDS BREAKFAST SET SPACEBOY,1673,15787.289999999999,491,80,20,9.95,2010-05-20 09:27:00,2011-12-02 14:25:00,3.4073319755600813,0.0154699136532853,86.46512935362935
85016,SET OF 6 VINTAGE NOTELETS KIT,1672,2015.34,163,65,10,2.51,2009-12-07 17:56:00,2011-05-31 10:45:00,10.257668711656441,0.015460666842972516,86.48059002047232
21826,EIGHT PIECE DINOSAUR SET,1670,2157.77,229,60,5,1.25,2009-12-07 11:39:00,2011-03-16 13:00:00,7.292576419213974,0.015442173222346952,86.49603219369467
21684,SMALL MEDINA STAMPED METAL BOWL,1670,1335.51,101,61,5,0.85,2009-12-11 09:58:00,2011-12-02 16:39:00,16.534653465346533,0.015442173222346952,86.51147436691703
23497,CLASSIC CHROME BICYCLE BELL,1669,2383.17,159,6,11,1.45,2011-10-28 13:04:00,2011-12-04 14:55:00,10.49685534591195,0.015432926412034169,86.52690729332906
15044B,BLUE PAPER PARASOL,1669,4641.18,188,68,7,2.95,2009-12-07 11:46:00,2011-09-28 15:50:00,8.877659574468085,0.015432926412034169,86.54234021974109
85197,SET OF 12 MINI BUNNIES IN A BUCKET,1668,957.36,73,26,5,2.1,2010-01-05 14:12:00,2011-07-29 17:28:00,22.84931506849315,0.015423679601721385,86.55776389934282
85226A,WHITE/BLUE PULL BACK RACING CAR,1668,903.1700000000001,137,40,8,0.55,2009-12-07 16:40:00,2010-11-24 15:31:00,12.175182481751825,0.015423679601721385,86.57318757894454
22228,BUNNY WOODEN PAINTED WITH BIRD,1664,1415.4699999999998,270,68,6,0.85,2009-12-10 09:49:00,2011-12-04 15:19:00,6.162962962962963,0.015386692360470256,86.588574271305
21973,SET OF 36 MUSHROOM PAPER DOILIES,1664,2404.97,206,74,17,1.45,2009-12-07 10:41:00,2011-11-28 11:18:00,8.077669902912621,0.015386692360470256,86.60396096366547
85183B,CHARLIE & LOLA WASTEPAPER BIN FLORA,1662,2576.5099999999998,169,72,9,1.25,2009-12-11 14:20:00,2011-12-04 15:28:00,9.834319526627219,0.01536819873984469,86.61932916240532
23234,BISCUIT TIN VINTAGE CHRISTMAS,1661,4859.99,261,25,12,2.89,2011-06-14 12:24:00,2011-12-02 16:39:00,6.363984674329502,0.015358951929531907,86.63468811433485
16168M,FUNKY MONKEY GIFT BAG MEDIUM,1661,501.47,99,63,2,0.42,2009-12-09 14:31:00,2011-12-02 16:39:00,16.77777777777778,0.015358951929531907,86.65004706626438
21641,ASSORTED TUTTI FRUTTI KEYRING BALL,1658,932.7099999999999,107,58,3,1.63,2009-12-07 17:56:00,2011-09-16 13:32:00,15.495327102803738,0.01533121149859356,86.66537827776297
72760B,VINTAGE CREAM 3 BASKET CAKE STAND,1657,15979.369999999999,475,87,14,9.95,2009-12-07 11:46:00,2011-12-04 10:29:00,3.488421052631579,0.015321964688280778,86.68070024245125
85230G,ORANGE VOTIVE CANDLE,1656,418.79999999999995,45,37,4,0.29,2010-02-17 14:01:00,2011-12-02 12:52:00,36.8,0.015312717877967995,86.69601296032921
22230,JIGSAW TREE WITH WATERING CAN,1654,1131.24,191,76,9,0.85,2009-12-07 17:56:00,2011-12-04 15:19:00,8.659685863874346,0.015294224257342429,86.71130718458656
22635,CHILDS BREAKFAST SET DOLLY GIRL,1653,15725.359999999999,480,77,21,9.95,2010-05-20 09:27:00,2011-12-02 13:12:00,3.44375,0.015284977447029648,86.72659216203358
35598D,PINK/WHITE CHRISTMAS TREE 60CM,1652,1259.01,99,43,7,2.46,2009-12-07 15:26:00,2011-12-04 12:14:00,16.68686868686869,0.015275730636716865,86.7418678926703
37444C,PINK BREAKFAST CUP AND SAUCER,1651,661.78,52,31,4,5.91,2009-12-09 09:42:00,2011-03-28 12:23:00,31.75,0.015266483826404081,86.75713437649671
23265,SET OF 3 WOODEN TREE DECORATIONS,1650,2228.21,274,26,9,1.25,2011-06-09 15:34:00,2011-12-04 16:08:00,6.021897810218978,0.0152572370160913,86.7723916135128
22821,GIFT BAG PSYCHEDELIC APPLES,1649,1038.68,179,56,5,0.65,2010-09-15 16:28:00,2011-12-02 16:39:00,9.212290502793296,0.015247990205778517,86.78763960371857
23371,SET 36 COLOUR PENCILS SPACEBOY,1648,2221.43,169,11,10,1.25,2011-09-22 12:02:00,2011-12-04 13:59:00,9.751479289940828,0.015238743395465734,86.80287834711405
21947,SET OF 6 HEART CHOPSTICKS,1646,2259.08,288,90,12,1.25,2009-12-07 18:02:00,2011-12-02 16:39:00,5.715277777777778,0.01522024977484017,86.81809859688889
20886,BOX OF 9 PEBBLE CANDLES,1646,3292.27,297,90,8,1.95,2009-12-07 16:38:00,2011-11-07 12:06:00,5.542087542087542,0.01522024977484017,86.83331884666373
21864,UNION JACK FLAG PASSPORT COVER,1644,4038.8500000000004,391,97,5,2.1,2009-12-07 12:42:00,2011-12-01 11:18:00,4.20460358056266,0.015201756154214603,86.84852060281794
21249,WOODLAND  HEIGHT CHART STICKERS,1640,4693.88,251,96,16,2.95,2009-12-07 13:32:00,2011-11-29 16:47:00,6.53386454183267,0.015164768912963473,86.86368537173091
35015,JACOBS LADDER SMALL,1639,108.10000000000001,34,21,4,0.06,2009-12-15 15:27:00,2010-11-07 13:47:00,48.205882352941174,0.015155522102650691,86.87884089383356
22036,DINOSAUR BIRTHDAY CARD,1637,690.07,134,35,6,0.42,2009-12-07 11:46:00,2010-10-04 14:30:00,12.216417910447761,0.015137028482025125,86.89397792231559
21414,SCALLOP SHELL SOAP DISH,1637,870.89,36,25,4,2.1,2009-12-07 18:02:00,2011-02-22 16:13:00,45.47222222222222,0.015137028482025125,86.90911495079762
21942,SKULLS DESIGN FLANNEL,1636,1092.3899999999999,208,68,4,0.87,2009-12-07 15:55:00,2011-12-01 16:22:00,7.865384615384615,0.015127781671712344,86.92424273246932
22249,DECORATION WHITE CHICK MAGIC GARDEN,1635,1433.03,242,60,5,0.85,2009-12-13 13:39:00,2011-11-28 13:06:00,6.756198347107438,0.01511853486139956,86.93936126733072
23501,KEY RING BASEBALL BOOT UNION JACK,1633,1995.4,98,9,4,1.25,2011-10-05 10:11:00,2011-12-02 14:26:00,16.663265306122447,0.015100041240773994,86.9544613085715
47580,TEA TIME DES TEA COSY,1631,4216.929999999999,331,88,12,2.55,2009-12-07 18:02:00,2011-12-04 11:45:00,4.927492447129909,0.01508154762014843,86.96954285619164
22974,CHILDRENS DOLLY GIRL MUG,1630,2779.3499999999995,206,49,9,1.65,2010-11-24 16:18:00,2011-12-04 11:24:00,7.912621359223301,0.015072300809835647,86.98461515700147
37342,POLKADOT COFFEE CUP & SAUCER PINK,1629,1731.4,131,48,6,2.46,2009-12-07 17:56:00,2011-09-02 14:42:00,12.435114503816793,0.015063053999522865,86.999678211001
23156,SET OF 5 MINI GROCERY MAGNETS,1627,3344.25,201,37,13,2.08,2011-03-25 11:01:00,2011-12-02 16:07:00,8.09452736318408,0.0150445603788973,87.0147227713799
23480,MINI LIGHTS WOODLAND MUSHROOMS,1627,6011.11,186,7,16,3.75,2011-10-19 15:09:00,2011-12-04 16:02:00,8.74731182795699,0.0150445603788973,87.02976733175879
84884A,ANT WHITE WIRE HEART SPIRAL,1627,5947.05,298,89,4,3.95,2009-12-07 10:21:00,2011-12-02 16:39:00,5.459731543624161,0.0150445603788973,87.04481189213769
23227,FILIGREE HEART BUTTERFLY WHITE,1626,2045.22,112,28,3,1.25,2011-05-26 12:00:00,2011-12-02 14:25:00,14.517857142857142,0.015035313568584516,87.05984720570628
21110,LARGE CAKE TOWEL PINK SPOTS,1625,7621.0,323,87,14,6.75,2009-12-07 10:21:00,2011-11-25 15:23:00,5.030959752321982,0.015026066758271735,87.07487327246454
21773,DECORATIVE ROSE BATHROOM BOTTLE,1625,1871.8799999999999,304,95,3,2.46,2009-12-07 17:56:00,2011-12-01 16:22:00,5.345394736842105,0.015026066758271735,87.08989933922281
23291,DOLLY GIRL CHILDRENS CUP,1618,2035.4,187,25,15,1.25,2011-06-13 16:33:00,2011-12-02 16:39:00,8.6524064171123,0.014961339086082256,87.1048606783089
22042,CHRISTMAS CARD SINGING ANGEL,1618,576.79,119,36,8,0.42,2009-12-07 14:58:00,2011-12-04 13:32:00,13.596638655462185,0.014961339086082256,87.11982201739498
22487,WHITE WOOD GARDEN PLANT LADDER,1617,16236.05,889,89,17,9.95,2010-03-05 16:02:00,2011-12-01 16:22:00,1.8188976377952757,0.014952092275769473,87.13477410967074
23289,DOLLY GIRL CHILDRENS BOWL,1614,1997.65,186,25,14,1.25,2011-06-13 16:33:00,2011-12-02 09:19:00,8.67741935483871,0.014924351844831126,87.14969846151557
23251,VINTAGE RED ENAMEL TRIM MUG,1613,2002.16,117,25,6,1.25,2011-06-14 10:00:00,2011-12-04 12:31:00,13.786324786324787,0.014915105034518343,87.16461356655009
21817,GLITTER CHRISTMAS TREE,1611,1012.59,123,31,3,0.85,2009-12-10 20:04:00,2011-11-09 15:17:00,13.097560975609756,0.014896611413892778,87.17951017796398
20707,CRAZY DAISY HEART DECORATION,1611,1238.65,197,72,7,0.83,2009-12-10 09:44:00,2011-11-28 15:54:00,8.17766497461929,0.014896611413892778,87.19440678937787
22780,LIGHT GARLAND BUTTERFILES PINK,1610,6112.34,176,50,8,4.25,2010-10-22 11:07:00,2011-12-04 13:32:00,9.147727272727273,0.014887364603579995,87.20929415398145
22639,SET OF 4 NAPKIN CHARMS HEARTS,1610,3980.39,270,67,6,2.55,2010-07-18 12:49:00,2011-12-04 15:19:00,5.962962962962963,0.014887364603579995,87.22418151858503
22636,CHILDS BREAKFAST SET CIRCUS PARADE,1609,13352.4,485,77,18,8.5,2010-05-20 11:19:00,2011-12-04 12:02:00,3.3175257731958765,0.014878117793267212,87.2390596363783
20832,RED FLOCK LOVE HEART PHOTO FRAME,1607,1067.4099999999999,155,61,2,0.85,2009-12-07 17:56:00,2011-11-28 13:56:00,10.36774193548387,0.014859624172641648,87.25391926055094
85039B,S/4 IVORY MINI ROSE CANDLE IN BOWL,1606,2101.37,256,76,2,1.65,2009-12-07 10:33:00,2011-12-02 16:39:00,6.2734375,0.014850377362328865,87.26876963791327
21015,DARK BIRD HOUSE TREE DECORATION,1604,710.63,174,41,6,0.83,2009-12-08 12:25:00,2011-12-04 13:59:00,9.218390804597702,0.0148318837417033,87.28360152165497
22157,ANGEL DECORATION WITH LACE PADDED,1604,1371.5,116,27,3,0.85,2009-12-08 13:41:00,2011-08-31 14:28:00,13.827586206896552,0.0148318837417033,87.29843340539668
23213,STAR WREATH DECORATION WITH BELL,1602,2017.85,142,23,8,1.25,2011-06-02 09:04:00,2011-12-04 13:15:00,11.28169014084507,0.014813390121077734,87.31324679551776
22306,SILVER MUG BONE CHINA TREE OF LIFE,1601,2295.0,160,40,9,1.25,2009-12-09 09:51:00,2011-12-02 10:47:00,10.00625,0.014804143310764952,87.32805093882853
21614,SET OF 12 ROSE BOTANICAL T-LIGHTS,1599,4455.570000000001,188,55,8,2.95,2009-12-09 14:48:00,2011-05-31 10:43:00,8.50531914893617,0.014785649690139386,87.34283658851867
20748,KENSINGTON COFFEE SET,1592,14164.980000000001,176,65,6,12.75,2009-12-07 14:58:00,2011-11-28 13:06:00,9.045454545454545,0.014720922017949908,87.35755751053661
22322,BIRD DECORATION GREEN POLKADOT,1592,1506.11,269,84,7,0.85,2009-12-07 15:26:00,2011-11-11 13:06:00,5.9182156133829,0.014720922017949908,87.37227843255455
21204,DAISIES  HONEYCOMB GARLAND,1591,2654.9399999999996,202,85,7,1.65,2009-12-07 13:48:00,2011-12-01 16:22:00,7.876237623762377,0.014711675207637125,87.38699010776219
22033,BOTANICAL ROSE GREETING CARD,1591,676.89,127,58,6,0.42,2009-12-07 11:46:00,2011-11-22 15:41:00,12.527559055118111,0.014711675207637125,87.40170178296982
21846,PINK DIAMANTE PEN IN GIFT BOX,1591,3754.46,258,80,5,4.21,2009-12-07 15:26:00,2011-12-04 14:45:00,6.166666666666667,0.014711675207637125,87.41641345817746
21059,PARTY INVITES DINOSAURS,1589,1341.05,218,88,9,0.85,2009-12-10 12:21:00,2011-12-04 14:15:00,7.2889908256880735,0.01469318158701156,87.43110663976447
22702,BLACK AND WHITE CAT BOWL,1589,3156.3199999999997,94,51,8,2.1,2010-06-23 16:31:00,2011-12-02 16:39:00,16.904255319148938,0.01469318158701156,87.44579982135147
15044D,RED PAPER PARASOL,1587,4520.74,222,81,7,2.95,2009-12-07 17:56:00,2011-11-28 15:54:00,7.148648648648648,0.014674687966385994,87.46047450931786
85064,CREAM SWEETHEART LETTER RACK,1583,7416.04,275,40,6,5.45,2009-12-07 15:26:00,2011-01-27 12:40:00,5.756363636363637,0.014637700725134865,87.475112210043
22677,FRENCH BLUE METAL DOOR SIGN 2,1583,2143.03,280,63,8,1.25,2010-08-17 11:21:00,2011-12-02 17:12:00,5.6535714285714285,0.014637700725134865,87.48974991076813
84826,ASSTD DESIGN 3D PAPER STICKERS,1582,800.6,48,33,6,0.85,2009-12-08 13:38:00,2011-11-11 11:11:00,32.958333333333336,0.014628453914822082,87.50437836468295
22559,SEASIDE FLYING DISC,1580,1979.49,200,71,8,1.25,2010-03-25 14:22:00,2011-11-25 16:14:00,7.9,0.014609960294196516,87.51898832497714
22135,MINI LADLE LOVE HEART PINK,1578,779.29,302,94,6,0.83,2009-12-07 10:41:00,2011-12-02 16:39:00,5.225165562913907,0.014591466673570952,87.53357979165071
17129F,BLUE GLASS GEMS IN BAG,1577,1679.55,143,79,1,1.63,2009-12-07 17:56:00,2011-11-10 12:37:00,11.027972027972028,0.014582219863258169,87.54816201151397
20714,POSY SHOPPER BAG,1575,640.93,24,4,2,0.86,2009-12-09 16:24:00,2010-01-12 09:47:00,65.625,0.014563726242632604,87.5627257377566
23373,VINTAGE CHRISTMAS PAPER GIFT BAG,1574,1266.07,97,17,5,0.82,2011-08-02 14:04:00,2011-12-04 15:13:00,16.22680412371134,0.014554479432319821,87.57728021718891
79067,CORONA MEXICAN TRAY,1573,6203.1,385,54,8,3.75,2009-12-07 18:02:00,2010-12-21 15:20:00,4.085714285714285,0.014545232622007038,87.59182544981093
22627,MINT KITCHEN SCALES,1571,13762.17,637,72,18,8.5,2010-05-04 10:02:00,2011-12-04 10:35:00,2.466248037676609,0.014526739001381473,87.60635218881231
22318,FIVE HEART HANGING DECORATION,1568,4933.8,384,97,15,2.95,2009-12-07 11:46:00,2011-12-02 13:11:00,4.083333333333333,0.014498998570443126,87.62085118738275
20738,GREEN MINI TAPE MEASURE,1567,1263.47,68,36,5,0.85,2009-12-08 11:13:00,2010-11-29 12:06:00,23.044117647058822,0.014489751760130343,87.63534093914288
85196,EASTER BUNNIES ON A STICK,1564,831.0400000000001,71,12,6,0.55,2009-12-07 11:46:00,2010-03-29 17:17:00,22.028169014084508,0.014462011329191995,87.64980295047206
79191C,RETRO PLASTIC ELEPHANT TRAY,1560,1231.71,148,74,9,0.85,2009-12-07 17:56:00,2011-12-02 10:41:00,10.54054054054054,0.014425024087940864,87.66422797456
84849D,HOT BATHS SOAP HOLDER,1558,2618.27,260,88,6,1.69,2010-01-14 16:16:00,2011-12-01 19:42:00,5.992307692307692,0.0144065304673153,87.67863450502732
21556,CERAMIC STRAWBERRY MONEY BOX,1558,4106.36,281,77,9,2.55,2009-12-07 08:53:00,2011-11-23 12:20:00,5.544483985765124,0.0144065304673153,87.69304103549463
21756,BATH BUILDING BLOCK WORD,1554,9601.17,563,81,12,5.95,2009-12-07 10:33:00,2011-12-04 11:56:00,2.7602131438721136,0.01436954322606417,87.7074105787207
72802B,OCEAN SCENT CANDLE IN JEWELLED BOX,1552,4229.22,208,78,6,4.25,2009-12-09 15:20:00,2011-11-03 19:15:00,7.461538461538462,0.014351049605438603,87.72176162832613
37495,FAIRY CAKE BIRTHDAY CANDLE SET,1548,5683.57,325,90,20,3.75,2009-12-07 09:18:00,2011-11-21 10:27:00,4.763076923076923,0.014314062364187474,87.73607569069033
20734,SILVER MINI TAPE MEASURE,1548,1430.6699999999998,109,57,7,0.85,2009-12-07 15:42:00,2011-04-06 11:14:00,14.20183486238532,0.014314062364187474,87.75038975305452
21717,EASTER TIN BUCKET,1548,4019.0899999999997,174,42,12,2.55,2009-12-16 13:15:00,2011-03-22 11:05:00,8.89655172413793,0.014314062364187474,87.76470381541871
22795,SWEETHEART RECIPE BOOK STAND,1548,10753.22,477,47,9,6.75,2010-10-17 10:42:00,2011-12-04 14:40:00,3.2452830188679247,0.014314062364187474,87.7790178777829
21879,HEARTS GIFT TAPE,1547,649.8100000000001,148,53,7,0.65,2009-12-09 14:48:00,2011-12-04 12:02:00,10.452702702702704,0.014304815553874691,87.79332269333678
23169,CLASSIC GLASS COOKIE JAR,1546,6617.2,308,30,9,4.15,2011-05-12 10:10:00,2011-12-04 14:55:00,5.01948051948052,0.014295568743561908,87.80761826208034
17164B,ASS COL SMALL SAND GECKO P'WEIGHT,1546,615.48,79,42,2,0.42,2009-12-13 12:19:00,2011-01-26 14:51:00,19.569620253164558,0.014295568743561908,87.8219138308239
22405,MONEY BOX POCKET MONEY DESIGN,1546,1955.94,209,70,14,1.25,2010-03-26 13:46:00,2011-12-02 16:39:00,7.3971291866028706,0.014295568743561908,87.83620939956747
35923,CANDY HEART HANGING DECORATION,1545,1023.77,112,57,4,1.25,2009-12-08 12:33:00,2011-12-01 11:51:00,13.794642857142858,0.014286321933249125,87.85049572150072
22260,FELT EGG COSY BLUE RABBIT,1542,1571.32,236,70,7,1.63,2009-12-07 18:02:00,2011-12-01 16:22:00,6.533898305084746,0.014258581502310777,87.86475430300302
23500,KEY RING BASEBALL BOOT ASSORTED,1541,1928.45,87,9,6,1.25,2011-10-04 13:58:00,2011-12-04 15:00:00,17.71264367816092,0.014249334691997996,87.87900363769502
21905,MORE BUTTER METAL SIGN,1538,2074.63,257,87,5,1.66,2009-12-07 13:45:00,2011-11-29 15:39:00,5.98443579766537,0.014221594261059647,87.89322523195608
85206B,PINK FELT EASTER EGG BASKET,1538,2477.2999999999997,183,17,5,1.65,2009-12-14 14:02:00,2011-01-20 19:16:00,8.404371584699453,0.014221594261059647,87.90744682621714
22923,FRIDGE MAGNETS LES ENFANTS ASSORTED,1535,1274.09,86,38,10,0.85,2010-11-19 10:51:00,2011-12-02 10:23:00,17.848837209302324,0.0141938538301213,87.92164068004726
72817,SET OF 2 CHRISTMAS DECOUPAGE CANDLE,1534,1647.53,211,41,8,1.25,2009-12-14 13:09:00,2011-11-23 13:39:00,7.270142180094787,0.014184607019808518,87.93582528706708
23382,BOX OF 6 CHRISTMAS CAKE DECORATIONS,1533,5949.26,197,8,12,3.75,2011-10-13 13:42:00,2011-12-02 16:07:00,7.781725888324873,0.014175360209495735,87.95000064727657
22034,ROBIN CHRISTMAS CARD,1533,638.21,90,22,9,0.42,2009-12-09 13:29:00,2011-11-25 15:23:00,17.033333333333335,0.014175360209495735,87.96417600748606
20658,RED SPOTTY LUGGAGE TAG,1530,2177.2599999999998,342,86,9,1.25,2009-12-07 10:51:00,2011-09-26 13:57:00,4.473684210526316,0.014147619778557387,87.97832362726461
22784,LANTERN CREAM GAZEBO,1529,7600.72,360,56,10,4.95,2010-10-22 10:59:00,2011-12-04 11:56:00,4.247222222222222,0.014138372968244604,87.99246200023286
84596L,BISCUITS SMALL BOWL LIGHT BLUE,1526,1001.4599999999999,252,69,7,0.83,2009-12-10 09:49:00,2011-09-18 12:21:00,6.055555555555555,0.014110632537306256,88.00657263277017
47480,HANGING PHOTO CLIP ROPE LADDER,1526,2522.14,144,72,8,1.65,2009-12-07 15:55:00,2011-12-02 16:39:00,10.597222222222221,0.014110632537306256,88.02068326530748
21203,BUTTERFLIES  HONEYCOMB GARLAND,1525,2503.8999999999996,143,34,5,1.65,2009-12-07 13:48:00,2010-08-17 15:49:00,10.664335664335665,0.014101385726993473,88.03478465103447
23135,SMALL ZINC HEART WALL ORGANISER,1523,5356.42,44,22,1,5.75,2011-04-19 16:52:00,2011-12-01 11:53:00,34.61363636363637,0.014082892106367909,88.04886754314084
22458,CAST IRON HOOK GARDEN FORK,1523,3790.47,173,49,4,2.55,2010-03-04 11:44:00,2011-04-20 11:05:00,8.803468208092486,0.014082892106367909,88.06295043524722
23193,BUFFALO BILL TREASURE BOOK BOX,1521,3277.12,169,40,11,2.25,2011-03-02 12:10:00,2011-12-04 11:00:00,9.0,0.014064398485742343,88.07701483373296
22250,DECORATION  BUTTERFLY  MAGIC GARDEN,1519,1379.7,256,80,4,0.85,2009-12-13 13:39:00,2011-11-16 15:23:00,5.93359375,0.014045904865116778,88.09106073859807
21445,12 PINK ROSE PEG PLACE SETTINGS,1516,1880.8400000000001,143,60,5,1.25,2009-12-09 15:28:00,2011-07-22 13:53:00,10.601398601398602,0.01401816443417843,88.10507890303225
22424,ENAMEL BREAD BIN CREAM,1515,20622.92,726,81,10,12.75,2010-05-16 11:35:00,2011-12-04 15:19:00,2.0867768595041323,0.014008917623865648,88.11908782065612
16015,MEDIUM CHINESE STYLE SCISSOR,1512,684.18,63,53,1,0.5,2009-12-07 11:40:00,2011-11-17 17:34:00,24.0,0.0139811771929273,88.13306899784905
22081,RIBBON REEL FLORA + FAUNA,1511,2670.08,291,93,9,1.65,2009-12-07 16:38:00,2011-11-28 15:54:00,5.1924398625429555,0.013971930382614517,88.14704092823166
84763,ZINC FINISH 15CM PLANTER POTS,1509,1893.0,168,67,3,1.25,2009-12-09 12:18:00,2011-05-27 14:01:00,8.982142857142858,0.013953436761988952,88.16099436499366
23331,DECORATIVE WICKER HEART SMALL,1506,996.9000000000001,99,17,2,0.63,2011-08-10 16:01:00,2011-12-04 12:31:00,15.212121212121213,0.013925696331050605,88.17492006132471
84842,HELLO SAILOR BATHROOM SET,1505,744.1500000000001,35,29,2,3.75,2009-12-07 17:56:00,2011-11-27 11:57:00,43.0,0.013916449520737822,88.18883651084545
84509A,SET OF 4 ENGLISH ROSE PLACEMATS,1503,5802.96,394,101,11,3.75,2009-12-08 12:05:00,2011-12-02 16:39:00,3.814720812182741,0.013897955900112256,88.20273446674555
23221,REINDEER HEART DECORATION SILVER,1503,1315.6499999999999,137,24,8,0.83,2011-05-31 15:53:00,2011-12-02 16:39:00,10.97080291970803,0.013897955900112256,88.21663242264566
20735,BLACK MINI TAPE MEASURE,1503,1527.54,197,66,2,0.85,2009-12-07 13:48:00,2011-12-01 19:42:00,7.629441624365482,0.013897955900112256,88.23053037854577
21257,VICTORIAN SEWING BOX MEDIUM,1501,13398.03,512,100,9,7.95,2009-12-07 11:29:00,2011-12-04 12:18:00,2.931640625,0.013879462279486691,88.24440984082526
20716,PARTY FOOD SHOPPER BAG,1498,1881.29,242,72,8,1.25,2009-12-14 17:57:00,2011-06-29 11:46:00,6.190082644628099,0.013851721848548344,88.25826156267381
22181,SNOWSTORM PHOTO FRAME FRIDGE MAGNET,1498,1253.98,134,61,10,0.85,2009-12-07 13:59:00,2011-11-29 14:20:00,11.17910447761194,0.013851721848548344,88.27211328452236
84839,SWEETHEART KEY CABINET,1495,8551.3,381,39,7,6.75,2009-12-07 17:56:00,2010-10-26 13:39:00,3.9238845144356955,0.013823981417609996,88.28593726593998
20652,BLUE POLKADOT LUGGAGE TAG,1494,994.51,166,73,8,1.25,2009-12-07 18:02:00,2011-12-02 16:39:00,9.0,0.013814734607297213,88.29975200054727
21626,VINTAGE UNION JACK PENNANT,1490,3003.02,201,73,2,1.95,2009-12-14 13:06:00,2011-11-21 16:24:00,7.412935323383085,0.013777747366046082,88.31352974791332
21643,ASSORTED TUTTI FRUTTI MIRROR,1488,2074.81,198,76,5,1.25,2009-12-07 17:56:00,2011-11-15 14:32:00,7.515151515151516,0.013759253745420518,88.32728900165874
21609,SET 12 LAVENDER  BOTANICAL T-LIGHTS,1488,4153.84,213,76,6,2.95,2009-12-07 15:28:00,2011-08-30 14:09:00,6.985915492957746,0.013759253745420518,88.34104825540416
21356,TOAST ITS - FAIRY FLOWER,1486,1892.3999999999999,329,86,8,1.25,2009-12-07 17:56:00,2011-12-02 16:39:00,4.5167173252279635,0.013740760124794952,88.35478901552895
22269,EGG CUP NATURAL CHICKEN,1486,1337.73,200,75,5,1.25,2009-12-08 15:49:00,2011-11-28 15:54:00,7.43,0.013740760124794952,88.36852977565374
22211,WOOD STAMP SET FLOWERS,1482,1938.7599999999998,274,85,7,1.63,2009-12-08 15:49:00,2011-11-30 15:13:00,5.408759124087592,0.013703772883543821,88.38223354853729
22210,WOOD STAMP SET BEST WISHES,1481,1788.9899999999998,272,79,9,1.63,2009-12-09 15:03:00,2011-12-04 13:15:00,5.444852941176471,0.01369452607323104,88.39592807461052
23228,FILIGREE HEART BIRD WHITE,1478,1926.77,119,27,4,1.25,2011-05-26 10:25:00,2011-12-02 16:39:00,12.420168067226891,0.013666785642292692,88.40959486025281
22071,SMALL WHITE RETROSPOT MUG IN BOX,1476,4149.67,241,80,15,3.75,2009-12-07 11:39:00,2011-12-04 12:32:00,6.124481327800829,0.013648292021667126,88.42324315227448
23547,WRAP FLOWER SHOP,1475,619.5,58,19,5,0.42,2011-07-20 14:39:00,2011-12-01 10:20:00,25.43103448275862,0.013639045211354343,88.43688219748583
84459B,YELLOW METAL CHICKEN HEART,1475,2341.77,213,54,5,1.49,2009-12-07 11:46:00,2011-04-07 19:05:00,6.924882629107981,0.013639045211354343,88.45052124269718
85186A,EASTER BUNNY GARLAND OF FLOWERS,1472,685.04,158,38,4,0.42,2009-12-07 11:46:00,2011-04-14 19:15:00,9.316455696202532,0.013611304780415995,88.46413254747759
20752,BLUE POLKADOT WASHING UP GLOVES,1470,2794.2000000000003,346,90,11,2.1,2009-12-07 13:49:00,2011-11-27 14:50:00,4.2485549132947975,0.01359281115979043,88.47772535863739
22719,GUMBALL MONOCHROME COAT RACK,1467,1987.83,235,51,5,2.46,2010-04-25 12:43:00,2011-05-10 15:03:00,6.242553191489361,0.013565070728852083,88.49129042936625
22222,CAKE PLATE LOVEBIRD WHITE,1466,6021.51,393,99,13,4.95,2009-12-08 15:49:00,2011-12-01 19:42:00,3.7302798982188294,0.0135558239185393,88.50484625328478
23370,SET 36 COLOURING PENCILS DOILY,1462,2023.45,135,11,9,1.25,2011-09-22 12:02:00,2011-12-04 11:55:00,10.829629629629629,0.01351883667728817,88.51836508996207
22924,FRIDGE MAGNETS LA VIE EN ROSE,1452,1271.2199999999998,90,42,7,0.85,2010-11-19 14:30:00,2011-12-02 10:23:00,16.133333333333333,0.013426368574160344,88.53179145853623
23431,NATURAL HANGING QUILTED HEARTS,1449,1171.23,72,15,8,0.83,2011-08-26 09:55:00,2011-12-01 11:20:00,20.125,0.013398628143221996,88.54519008667945
23268,SET OF 2 CERAMIC CHRISTMAS REINDEER,1447,2018.1399999999999,89,20,11,1.45,2011-06-12 11:47:00,2011-11-20 11:09:00,16.258426966292134,0.01338013452259643,88.55857022120205
21063,PARTY INVITES JAZZ HEARTS,1447,1245.29,234,89,8,0.85,2009-12-08 13:58:00,2011-12-04 14:15:00,6.183760683760684,0.01338013452259643,88.57195035572464
85060,WOOD FAN WITH FLOWER DESIGN,1446,1740.48,86,27,3,1.25,2009-12-08 15:12:00,2010-07-26 12:34:00,16.813953488372093,0.013370887712283648,88.58532124343692
85183A,CHARLIE & LOLA WASTEPAPER BIN BLUE,1445,2103.97,135,66,7,1.25,2009-12-11 14:20:00,2011-12-04 15:28:00,10.703703703703704,0.013361640901970865,88.5986828843389
23160,REGENCY TEA SPOON,1444,1779.72,75,26,8,1.25,2011-05-03 10:43:00,2011-12-01 16:22:00,19.253333333333334,0.013352394091658082,88.61203527843055
22096,PINK PAISLEY SQUARE TISSUE BOX,1440,847.75,174,67,7,0.39,2009-12-14 17:57:00,2011-11-28 12:14:00,8.275862068965518,0.013315406850406952,88.62535068528096
85203,HANGING WOOD AND FELT BUTTERFLY,1439,655.83,223,85,5,0.42,2009-12-08 15:49:00,2011-11-29 13:12:00,6.452914798206278,0.01330616004009417,88.63865684532105
21922,UNION STRIPE WITH FRINGE  HAMMOCK,1438,11142.07,384,77,10,7.95,2010-04-11 10:16:00,2011-12-02 16:39:00,3.7447916666666665,0.013296913229781387,88.65195375855083
35004B,SET OF 3 BLACK FLYING DUCKS,1438,6602.450000000001,266,84,3,5.79,2009-12-07 17:56:00,2011-12-04 11:50:00,5.406015037593985,0.013296913229781387,88.66525067178061
47421,ASSORTED COLOUR LIZARD SUCTION HOOK,1437,561.78,72,51,5,0.42,2010-02-07 14:58:00,2011-11-29 17:52:00,19.958333333333332,0.013287666419468604,88.67853833820008
21209,MULTICOLOUR HONEYCOMB FAN,1435,1352.05,133,68,9,1.65,2009-12-16 14:12:00,2011-11-24 16:59:00,10.789473684210526,0.01326917279884304,88.69180751099893
21884,CAKES AND BOWS GIFT  TAPE,1435,655.16,159,75,7,0.65,2009-12-10 09:49:00,2011-12-04 11:45:00,9.025157232704403,0.01326917279884304,88.70507668379777
85032A,ROMANTIC IMAGES GIFT WRAP SET,1432,1306.48,155,54,7,0.65,2009-12-14 17:57:00,2011-12-02 13:20:00,9.238709677419354,0.013241432367904692,88.71831811616568
21431,GREEN GINGHAM FLOWER JEWELLERY BOX,1430,2416.79,264,44,11,1.65,2009-12-07 13:24:00,2010-11-16 13:04:00,5.416666666666667,0.013222938747279126,88.73154105491295
23381,PACK OF 12 VINTAGE LEAF TISSUES,1429,534.55,70,13,4,0.39,2011-09-05 12:00:00,2011-12-02 16:39:00,20.414285714285715,0.013213691936966343,88.74475474684992
79190B,RETRO PLASTIC POLKA TRAY,1428,578.73,128,73,4,0.42,2009-12-08 17:44:00,2011-12-02 16:07:00,11.15625,0.013204445126653561,88.75795919197657
85131D,BEADED CRYSTAL HEART PINK ON STICK,1426,1073.56,263,71,4,0.83,2009-12-17 15:44:00,2011-12-02 16:39:00,5.422053231939164,0.013185951506027995,88.7711451434826
22519,CHILDS GARDEN BRUSH PINK,1425,2968.7700000000004,258,56,10,2.1,2010-03-25 14:12:00,2011-06-07 07:49:00,5.523255813953488,0.013176704695715214,88.78432184817831
21042,RED RETROSPOT APRON,1424,8412.2,385,92,10,5.95,2009-12-07 11:20:00,2011-11-30 11:08:00,3.6987012987012986,0.01316745788540243,88.79748930606371
22735,RIBBON REEL SOCKS AND MITTENS,1424,2497.54,226,37,10,1.65,2010-09-16 12:20:00,2011-12-04 14:51:00,6.300884955752212,0.01316745788540243,88.81065676394911
21191,LARGE WHITE HONEYCOMB PAPER BELL,1424,3261.4700000000003,191,63,5,2.1,2009-12-07 18:02:00,2011-12-02 16:39:00,7.455497382198953,0.01316745788540243,88.82382422183451
85039A,SET/4 RED MINI ROSE CANDLE IN BOWL,1424,1620.37,241,74,4,1.63,2009-12-07 18:02:00,2011-12-02 16:39:00,5.908713692946058,0.01316745788540243,88.83699167971992
22279,POCKET BAG BLUE PAISLEY RED SPOT,1423,2065.4500000000003,206,76,9,1.25,2009-12-10 12:03:00,2011-12-02 16:39:00,6.907766990291262,0.013158211075089648,88.85014989079501
22267,EASTER DECORATION EGG BUNNY,1423,1272.36,115,47,4,1.25,2009-12-07 11:46:00,2011-11-28 14:06:00,12.373913043478261,0.013158211075089648,88.8633081018701
84993A,75 GREEN PETIT FOUR CASES,1418,625.94,171,76,5,0.42,2009-12-07 18:02:00,2011-11-21 16:24:00,8.292397660818713,0.013111977023525736,88.87642007889363
85231G,ORANGE SCENTED SET/9 T-LIGHTS,1415,1228.61,238,84,3,0.85,2009-12-07 11:05:00,2011-10-12 16:36:00,5.945378151260504,0.013084236592587386,88.88950431548622
21391,FRENCH LAVENDER SCENT HEART,1414,1805.5900000000001,174,74,5,2.1,2009-12-11 15:55:00,2011-11-21 11:57:00,8.126436781609195,0.013074989782274605,88.90257930526849
21200,MULTICOLOUR HONEYCOMB PAPER GARLAND,1413,2038.56,124,69,5,1.65,2009-12-08 13:04:00,2011-11-27 13:26:00,11.39516129032258,0.013065742971961822,88.91564504824045
21330,WOODLAND ANIMAL  WRITING SET,1413,2373.7,189,38,6,1.65,2009-12-07 17:56:00,2010-11-07 15:58:00,7.476190476190476,0.013065742971961822,88.92871079121241
22021,BLUE FELT EASTER EGG BASKET,1413,2430.31,233,30,7,1.65,2009-12-14 14:02:00,2011-03-21 11:24:00,6.064377682403434,0.013065742971961822,88.94177653418437
21258,VICTORIAN SEWING BOX LARGE,1412,20060.98,498,71,8,12.75,2009-12-07 13:49:00,2011-12-02 16:39:00,2.8353413654618476,0.013056496161649039,88.95483303034602
21289,LARGE STRIPES CHOCOLATE GIFT BAG,1412,1548.06,101,64,7,1.25,2009-12-08 12:05:00,2011-11-27 13:26:00,13.98019801980198,0.013056496161649039,88.96788952650768
20846,ZINC HEART LATTICE T-LIGHT HOLDER,1409,1896.97,165,77,7,1.25,2009-12-14 18:03:00,2011-11-29 15:23:00,8.539393939393939,0.013028755730710691,88.98091828223839
16225,RATTLE SNAKE EGGS,1408,1184.66,148,59,3,1.25,2009-12-08 15:49:00,2011-12-04 13:59:00,9.513513513513514,0.013019508920397908,88.99393779115879
22146,EASTER CRAFT IVY WREATH WITH CHICK,1407,2621.43,106,18,7,1.95,2009-12-08 18:18:00,2011-01-25 13:15:00,13.273584905660377,0.013010262110085127,89.00694805326887
21284,RETROSPOT CANDLE  SMALL,1406,1574.81,126,60,8,1.69,2009-12-07 15:26:00,2011-12-04 14:15:00,11.158730158730158,0.013001015299772344,89.01994906856865
21401,BLUE PUDDING SPOON,1406,310.78,117,64,6,0.42,2009-12-07 13:59:00,2011-12-04 14:55:00,12.017094017094017,0.013001015299772344,89.03295008386843
23162,REGENCY TEA STRAINER,1406,5102.64,171,31,9,3.75,2011-04-27 14:48:00,2011-12-01 16:22:00,8.222222222222221,0.013001015299772344,89.0459510991682
37471,MULTICOLOUR DOTS PLATE,1405,197.85,10,10,2,3.7399999999999998,2009-12-22 09:52:00,2011-10-12 14:05:00,140.5,0.01299176848945956,89.05894286765766
22696,WICKER WREATH LARGE,1405,2771.33,284,56,4,1.95,2010-07-29 19:56:00,2011-12-02 13:49:00,4.947183098591549,0.01299176848945956,89.07193463614712
22454,MEASURING TAPE BABUSHKA RED,1405,3933.63,179,57,13,2.95,2010-03-19 16:43:00,2011-11-16 11:05:00,7.849162011173185,0.01299176848945956,89.08492640463658
15060B,FAIRY CAKE DESIGN UMBRELLA,1404,6397.68,444,95,11,3.75,2009-12-07 09:42:00,2011-11-18 14:14:00,3.1621621621621623,0.012982521679146779,89.09790892631572
23323,WHITE WICKER STAR,1404,2977.8,278,24,5,2.1,2011-06-23 18:33:00,2011-12-04 13:45:00,5.0503597122302155,0.012982521679146779,89.11089144799487
22686,FRENCH BLUE METAL DOOR SIGN No,1403,1852.43,219,64,6,1.25,2010-08-17 11:21:00,2011-12-02 17:12:00,6.406392694063927,0.012973274868833996,89.1238647228637
16156N,"WRAP, FRIENDSHIP ON GREEN",1400,588.0,53,22,1,0.42,2009-12-09 15:20:00,2010-06-21 14:25:00,26.41509433962264,0.012945534437895648,89.13681025730159
85186C,BUNNY EGG GARLAND,1399,657.36,151,38,5,0.42,2009-12-07 11:46:00,2011-10-20 09:28:00,9.264900662251655,0.012936287627582865,89.14974654492917
22518,CHILDS GARDEN BRUSH BLUE,1398,2899.8,266,54,11,2.1,2010-03-25 14:12:00,2011-05-16 13:35:00,5.2556390977443606,0.012927040817270082,89.16267358574645
21061,PARTY INVITES FOOTBALL,1396,1046.56,163,82,9,0.85,2009-12-08 16:43:00,2011-12-04 14:15:00,8.56441717791411,0.012908547196644518,89.17558213294309
22678,FRENCH BLUE METAL DOOR SIGN 3,1395,1865.65,244,63,7,1.25,2010-08-17 11:21:00,2011-12-02 17:12:00,5.717213114754099,0.012899300386331735,89.18848143332943
22430,ENAMEL WATERING CAN CREAM,1395,6751.4800000000005,354,80,11,4.95,2010-05-14 15:37:00,2011-11-28 14:06:00,3.940677966101695,0.012899300386331735,89.20138073371577
22538,MINI JIGSAW GO TO THE FAIR,1395,601.3100000000001,85,54,7,0.42,2010-03-28 13:38:00,2011-11-29 15:06:00,16.41176470588235,0.012899300386331735,89.2142800341021
22192,BLUE DINER WALL CLOCK,1394,11816.54,528,83,15,8.5,2009-12-07 14:58:00,2011-12-02 10:32:00,2.640151515151515,0.012890053576018952,89.22717008767812
23242,TREASURE TIN BUFFALO BILL,1394,2869.3900000000003,204,26,13,2.08,2011-06-08 12:49:00,2011-12-04 12:01:00,6.833333333333333,0.012890053576018952,89.24006014125413
23197,SKETCHBOOK MAGNETIC SHOPPING LIST,1392,2147.52,233,24,9,1.45,2011-06-23 11:51:00,2011-12-04 12:32:00,5.9742489270386265,0.012871559955393387,89.25293170120953
21471,STRAWBERRY RAFFIA FOOD COVER,1390,5039.31,311,92,7,3.75,2009-12-09 09:51:00,2011-12-02 16:39:00,4.469453376205788,0.012853066334767823,89.2657847675443
22955,36 FOIL STAR CAKE CASES,1389,2828.63,178,47,15,2.1,2010-11-04 12:18:00,2011-12-02 16:39:00,7.803370786516854,0.01284381952445504,89.27862858706875
DOT,DOTCOM POSTAGE,1386,287752.75,1386,101,1,153.20499999999998,2009-12-07 17:56:00,2011-12-02 16:39:00,1.0,0.012816079093516692,89.29144466616226
22277,COSMETIC BAG VINTAGE ROSE PAISLEY,1385,2887.7000000000003,243,85,14,2.1,2009-12-07 18:02:00,2011-11-29 16:33:00,5.699588477366255,0.012806832283203909,89.30425149844547
22700,BLACK AND WHITE DOG BOWL,1384,3155.4,98,44,8,2.95,2010-07-01 12:57:00,2011-10-07 13:17:00,14.122448979591837,0.012797585472891126,89.31704908391836
21532,DAIRY MAID SUGAR JAM BOWL,1383,1411.31,87,35,3,2.1,2009-12-09 09:42:00,2010-10-11 12:00:00,15.89655172413793,0.012788338662578344,89.32983742258094
85174,S/4 CACTI CANDLES,1380,6745.59,334,89,8,4.95,2009-12-07 15:26:00,2011-11-30 15:33:00,4.131736526946108,0.012760598231639995,89.34259802081257
23312,VINTAGE CHRISTMAS GIFT SACK,1379,5736.01,204,21,7,4.15,2011-07-17 13:25:00,2011-12-04 16:08:00,6.759803921568627,0.012751351421327214,89.3553493722339
22459,CAST IRON HOOK GARDEN TROWEL,1378,3389.74,172,51,6,2.55,2010-03-04 11:44:00,2011-04-27 11:47:00,8.011627906976743,0.01274210461101443,89.36809147684492
84247G,"DECOUPAGE,GREETING CARD,",1378,587.55,105,56,8,0.42,2009-12-08 08:48:00,2011-07-14 13:41:00,13.123809523809523,0.01274210461101443,89.38083358145595
85213,MINI  ZINC GARDEN DECORATIONS,1378,828.9999999999999,80,47,7,0.85,2009-12-13 13:39:00,2011-07-31 11:45:00,17.225,0.01274210461101443,89.39357568606697
21655,HANGING RIDGE GLASS T-LIGHT HOLDER,1370,2223.12,84,26,6,1.69,2009-12-09 11:40:00,2011-02-11 13:53:00,16.30952380952381,0.01266813012851217,89.40624381619548
79066K,RETRO MOD TRAY,1369,1188.77,234,88,7,0.85,2009-12-07 17:56:00,2011-12-02 13:28:00,5.85042735042735,0.012658883318199388,89.41890269951368
23028,DRAWER KNOB CRACKLE GLAZE BLUE,1369,2377.1299999999997,137,21,13,1.65,2011-06-14 13:51:00,2011-11-02 13:46:00,9.992700729927007,0.012658883318199388,89.43156158283188
22121,NOEL WOODEN BLOCK LETTERS,1365,8472.19,406,55,7,5.95,2009-12-07 11:05:00,2011-11-29 18:14:00,3.3620689655172415,0.012621896076948257,89.44418347890883
23372,SET 36 COLOUR PENCILS DOLLY GIRL,1363,1706.9,139,11,9,1.25,2011-09-22 13:51:00,2011-12-04 11:55:00,9.805755395683454,0.012603402456322691,89.45678688136515
85093,CANDY SPOT EGG WARMER HARE,1361,1091.21,152,62,6,0.83,2009-12-07 18:02:00,2011-11-03 16:56:00,8.953947368421053,0.012584908835697127,89.46937179020084
85222,ASSORTED COLOUR SILK COSMETIC PURSE,1361,1482.98,44,21,2,2.1,2009-12-08 11:13:00,2010-06-21 16:07:00,30.931818181818183,0.012584908835697127,89.48195669903653
20681,PINK SPOTTY CHILDS UMBRELLA,1358,4597.08,330,64,15,3.25,2009-12-07 11:39:00,2011-03-10 13:58:00,4.115151515151515,0.012557168404758779,89.49451386744128
85035C,ROSE 3 WICK MORRIS BOX CANDLE,1354,2685.35,196,63,7,4.03,2009-12-07 14:58:00,2011-11-27 14:40:00,6.908163265306122,0.012520181163507648,89.5070340486048
22680,FRENCH BLUE METAL DOOR SIGN 5,1354,1815.53,228,64,8,1.25,2010-08-17 11:21:00,2011-12-02 11:53:00,5.93859649122807,0.012520181163507648,89.5195542297683
22820,GIFT BAG BIRTHDAY,1353,845.1300000000001,110,46,8,0.65,2010-09-15 16:28:00,2011-12-02 16:39:00,12.3,0.012510934353194865,89.5320651641215
21564,PINK  HEART SHAPE LOVE BUCKET,1352,4046.9700000000003,282,95,10,2.95,2009-12-08 17:10:00,2011-11-29 17:52:00,4.794326241134752,0.012501687542882082,89.54456685166438
35400,WOODEN BOX ADVENT CALENDAR,1352,12785.85,388,30,8,8.95,2009-12-07 17:56:00,2011-11-23 14:35:00,3.484536082474227,0.012501687542882082,89.55706853920726
79323LP,LIGHT PINK CHERRY LIGHTS,1351,7982.97,158,21,3,6.75,2009-12-08 11:44:00,2010-10-25 16:08:00,8.550632911392405,0.0124924407325693,89.56956097993984
22254,FELT TOADSTOOL LARGE,1347,1728.46,142,67,11,1.25,2009-12-08 15:14:00,2011-12-04 12:18:00,9.485915492957746,0.01245545349131817,89.58201643343115
23534,WALL ART STOP FOR TEA,1347,8156.07,248,10,9,5.95,2011-10-02 14:37:00,2011-12-04 15:55:00,5.431451612903226,0.01245545349131817,89.59447188692246
22258,FELT FARM ANIMAL RABBIT,1341,1289.8,130,39,5,1.25,2010-01-07 12:22:00,2011-11-25 14:53:00,10.315384615384616,0.012399972629441473,89.6068718595519
22451,SILK PURSE BABUSHKA RED,1339,4496.99,238,51,12,3.35,2010-03-17 10:34:00,2011-05-13 11:12:00,5.626050420168068,0.012381479008815909,89.61925333856071
72816,SET/3 CHRISTMAS DECOUPAGE CANDLES,1337,1658.85,134,39,8,1.25,2009-12-08 13:41:00,2011-10-17 13:31:00,9.977611940298507,0.012362985388190344,89.6316163239489
22591,CARDHOLDER GINGHAM CHRISTMAS TREE,1337,3787.85,203,35,7,2.55,2010-07-16 15:26:00,2011-12-01 16:22:00,6.586206896551724,0.012362985388190344,89.6439793093371
22344,PARTY PIZZA DISH PINK POLKADOT,1336,745.5899999999999,124,60,11,0.85,2009-12-07 14:34:00,2011-12-04 12:32:00,10.774193548387096,0.012353738577877561,89.65633304791497
21651,HANGING GLASS ETCHED TEALIGHT,1333,2154.16,121,49,7,1.65,2009-12-11 10:54:00,2011-02-21 13:51:00,11.016528925619834,0.012325998146939214,89.6686590460619
21463,MIRRORED DISCO BALL,1331,7346.21,294,96,7,5.95,2009-12-08 13:28:00,2011-12-04 14:45:00,4.5272108843537415,0.012307504526313648,89.68096655058822
21116,OWL DOORSTOP,1330,7695.58,522,101,10,8.29,2009-12-07 15:43:00,2011-11-30 15:33:00,2.5478927203065136,0.012298257716000866,89.69326480830422
22426,ENAMEL WASH BOWL CREAM,1330,5112.97,369,79,9,3.75,2010-04-08 10:57:00,2011-12-04 14:51:00,3.6043360433604335,0.012298257716000866,89.70556306602022
21881,CUTE CATS TAPE,1328,549.34,114,57,7,0.65,2009-12-08 15:49:00,2011-12-04 16:07:00,11.649122807017545,0.0122797640953753,89.7178428301156
22287,"DECORATION , WOBBLY CHICKEN, METAL",1328,1415.9499999999998,120,46,3,1.65,2009-12-21 17:14:00,2011-12-01 12:01:00,11.066666666666666,0.0122797640953753,89.73012259421098
23681,LUNCH BAG RED VINTAGE DOILY,1327,2129.23,114,5,6,1.65,2011-11-06 12:36:00,2011-12-04 12:32:00,11.640350877192983,0.012270517285062517,89.74239311149604
23029,DRAWER KNOB CRACKLE GLAZE GREEN,1326,2261.02,152,25,13,1.65,2011-06-14 13:51:00,2011-12-04 13:59:00,8.723684210526315,0.012261270474749736,89.7546543819708
23225,CHERUB HEART DECORATION SILVER,1323,1136.01,83,18,5,0.83,2011-06-02 09:37:00,2011-12-01 19:42:00,15.939759036144578,0.012233530043811388,89.76688791201461
22449,SILK PURSE BABUSHKA PINK,1323,4374.45,308,76,19,3.35,2010-03-17 10:34:00,2011-11-24 11:52:00,4.295454545454546,0.012233530043811388,89.77912144205843
84507B,STRIPES DESIGN MONKEY DOLL,1322,1695.1799999999998,109,56,2,2.55,2009-12-08 09:19:00,2011-09-07 12:41:00,12.128440366972477,0.012224283233498605,89.79134572529192
21357,TOAST ITS - DINOSAUR,1322,1732.06,197,53,7,1.25,2009-12-07 17:56:00,2011-03-28 12:52:00,6.710659898477157,0.012224283233498605,89.80357000852541
85014D,PINK/BROWN DOTS RUFFLED UMBRELLA,1319,4799.6,78,13,9,5.95,2009-12-08 07:59:00,2010-03-29 14:19:00,16.91025641025641,0.012196542802560257,89.81576655132797
23375,50'S CHRISTMAS PAPER GIFT BAG,1319,1079.3999999999999,98,15,3,0.82,2011-08-22 10:39:00,2011-12-04 13:59:00,13.459183673469388,0.012196542802560257,89.82796309413052
22272,FELTCRAFT DOLL MARIA,1318,3682.7200000000003,285,68,13,2.95,2009-12-08 13:58:00,2011-05-22 11:51:00,4.624561403508772,0.012187295992247474,89.84015039012277
22203,MILK PAN RED RETROSPOT,1316,5286.05,372,96,14,3.75,2009-12-08 15:49:00,2011-12-04 11:45:00,3.5376344086021505,0.01216880237162191,89.85231919249439
22673,FRENCH GARDEN SIGN BLUE METAL,1316,1662.5,193,60,6,1.25,2010-08-17 11:21:00,2011-12-04 14:55:00,6.818652849740933,0.01216880237162191,89.86448799486601
22840,ROUND CAKE TIN VINTAGE RED,1315,9936.53,397,58,14,7.95,2010-10-13 16:17:00,2011-12-02 14:48:00,3.3123425692695214,0.012159555561309127,89.87664755042732
21894,POTTING SHED SEED ENVELOPES,1314,1827.32,243,84,5,1.25,2009-12-07 17:56:00,2011-11-29 16:47:00,5.407407407407407,0.012150308750996344,89.88879785917831
21187,WHITE BELL HONEYCOMB PAPER GARLAND,1314,2194.2799999999997,138,57,3,1.65,2009-12-07 16:40:00,2011-08-04 16:32:00,9.521739130434783,0.012150308750996344,89.9009481679293
21540,DAIRY MAID CERAMIC BUTTER DISH,1312,2343.8,80,34,2,4.25,2009-12-10 13:27:00,2010-09-09 15:44:00,16.4,0.012131815130370779,89.91307998305967
22209,WOOD STAMP SET HAPPY BIRTHDAY,1311,1651.8999999999999,246,83,7,1.65,2009-12-14 17:57:00,2011-12-04 13:15:00,5.329268292682927,0.012122568320057996,89.92520255137973
21706,FOLDING UMBRELLA RED/WHITE POLKADOT,1310,4822.22,245,91,12,4.95,2009-12-07 16:56:00,2011-12-02 12:13:00,5.346938775510204,0.012113321509745213,89.93731587288947
22288,HANGING METAL RABBIT DECORATION,1307,1520.92,117,41,4,1.25,2010-01-05 14:12:00,2011-11-22 13:20:00,11.17094017094017,0.012085581078806865,89.94940145396828
22664,TOY TIDY DOLLY GIRL DESIGN,1307,2851.13,258,69,11,2.1,2010-07-22 16:37:00,2011-12-02 16:39:00,5.065891472868217,0.012085581078806865,89.96148703504709
23549,WRAP BIRD GARDEN,1305,548.1,52,19,6,0.42,2011-07-19 11:57:00,2011-12-01 10:31:00,25.096153846153847,0.0120670874581813,89.97355412250526
21199,PINK  HEART CONFETTI IN TUBE,1305,1495.6999999999998,149,71,9,1.65,2009-12-07 15:02:00,2011-12-02 10:22:00,8.758389261744966,0.0120670874581813,89.98562120996344
21538,DAIRY MAID  PUDDING BOWL,1305,1913.26,49,26,1,3.75,2009-12-07 12:42:00,2010-12-09 13:34:00,26.632653061224488,0.0120670874581813,89.99768829742162
23377,PACK OF 12 DOLLY GIRL TISSUES,1305,560.43,125,14,6,0.39,2011-09-04 12:41:00,2011-12-02 16:39:00,10.44,0.0120670874581813,90.0097553848798
21593,SWALLOW CIGAR BOX MATCHES,1303,1519.31,86,22,2,1.25,2009-12-07 12:08:00,2010-05-23 13:03:00,15.151162790697674,0.012048593837555735,90.02180397871736
72801G,4 BURGUNDY WINE DINNER CANDLES,1303,771.12,60,39,1,1.25,2009-12-11 13:31:00,2011-11-15 15:23:00,21.716666666666665,0.012048593837555735,90.03385257255492
51020A,SUMMER FUN DESIGN SHOWER CAP,1303,463.30999999999995,50,38,2,1.25,2009-12-16 17:34:00,2011-04-27 11:26:00,26.06,0.012048593837555735,90.04590116639248
22589,CARDHOLDER GINGHAM STAR,1302,3552.38,234,37,9,2.55,2010-07-16 15:26:00,2011-12-02 16:39:00,5.564102564102564,0.012039347027242953,90.05794051341972
20665,RED RETROSPOT PURSE,1300,4135.55,340,93,17,2.95,2009-12-07 16:56:00,2011-12-01 16:22:00,3.823529411764706,0.012020853406617387,90.06996136682633
21637,ASSORTED SANSKRIT MINI NOTEBOOK,1300,1663.94,87,43,6,1.25,2009-12-07 17:56:00,2011-10-10 15:27:00,14.942528735632184,0.012020853406617387,90.08198222023294
48189,DOOR MAT FRIENDSHIP,1298,8308.79,263,61,9,7.49,2009-12-09 12:32:00,2011-04-26 10:32:00,4.935361216730038,0.012002359785991823,90.09398458001894
22973,CHILDREN'S CIRCUS PARADE MUG,1297,2211.77,151,50,8,1.65,2010-11-23 17:53:00,2011-12-04 12:08:00,8.589403973509933,0.01199311297567904,90.10597769299461
22744,MAKE YOUR OWN MONSOON CARD KIT,1288,4055.84,282,62,10,2.95,2010-08-10 17:02:00,2011-12-02 15:39:00,4.567375886524823,0.011909891682863997,90.11788758467748
85132A,CHARLIE + LOLA BISCUITS TINS,1287,4759.32,248,59,8,8.379999999999999,2009-12-07 13:49:00,2011-05-24 11:31:00,5.189516129032258,0.011900644872551214,90.12978822955003
23217,LAUREL HEART ANTIQUE SILVER,1287,1575.43,94,22,1,1.25,2011-06-02 09:37:00,2011-12-04 13:15:00,13.691489361702128,0.011900644872551214,90.14168887442258
22309,TEA COSY RED  STRIPE,1286,3324.6299999999997,251,88,10,2.55,2009-12-07 17:56:00,2011-11-29 11:23:00,5.123505976095617,0.01189139806223843,90.15358027248482
22807,SET OF 6 T-LIGHTS TOADSTOOLS,1285,3932.0800000000004,278,58,9,2.95,2010-09-20 14:49:00,2011-12-04 10:51:00,4.622302158273381,0.011882151251925648,90.16546242373674
22410,MONEY BOX HOUSEKEEPING DESIGN,1285,1637.04,191,70,10,1.25,2010-03-26 13:46:00,2011-12-02 16:39:00,6.727748691099476,0.011882151251925648,90.17734457498867
16168S,FUNKY MONKEY GIFT BAG SMALL,1283,126.82999999999998,11,6,1,0.29,2009-12-10 11:55:00,2010-02-05 15:04:00,116.63636363636364,0.011863657631300083,90.18920823261996
22445,PENCIL CASE LIFE IS BEAUTIFUL,1281,3919.8,271,76,14,2.95,2010-03-17 15:24:00,2011-12-01 16:37:00,4.726937269372693,0.011845164010674519,90.20105339663064
85034C,3 ROSE MORRIS BOXED CANDLES,1281,2519.94,187,53,6,1.25,2009-12-08 13:46:00,2011-12-04 13:32:00,6.850267379679145,0.011845164010674519,90.21289856064132
85071C,"CHARLIE+LOLA""EXTREMELY BUSY"" SIGN",1279,828.16,135,61,3,0.83,2009-12-08 13:04:00,2011-12-04 15:19:00,9.474074074074075,0.011826670390048952,90.22472523103137
22695,WICKER WREATH SMALL,1278,1938.02,205,51,4,1.45,2010-07-29 19:56:00,2011-12-04 14:55:00,6.234146341463415,0.01181742357973617,90.23654265461111
22359,GLASS JAR KINGS CHOICE,1276,4043.44,200,73,7,2.95,2010-03-16 08:23:00,2011-12-04 13:32:00,6.38,0.011798929959110605,90.24834158457023
22801,ANTIQUE GLASS PEDESTAL BOWL,1276,5178.87,294,57,7,3.75,2010-10-22 13:11:00,2011-12-04 14:01:00,4.340136054421769,0.011798929959110605,90.26014051452934
23102,SILVER HEARTS TABLE DECORATION,1274,1075.03,157,27,7,0.83,2011-05-11 11:57:00,2011-12-04 13:00:00,8.114649681528663,0.01178043633848504,90.27192095086782
21060,PARTY INVITES BALLOON GIRL,1271,944.4,150,74,5,0.85,2009-12-08 13:58:00,2011-12-04 14:15:00,8.473333333333333,0.011752695907546691,90.28367364677537
85114A,BLACK ENCHANTED FOREST PLACEMAT,1270,2110.9,103,55,3,1.65,2010-06-21 12:56:00,2011-12-01 19:42:00,12.330097087378642,0.01174344909723391,90.29541709587261
22452,MEASURING TAPE BABUSHKA PINK,1269,3352.2000000000003,253,73,15,2.95,2010-03-21 15:23:00,2011-11-22 12:48:00,5.015810276679842,0.011734202286921127,90.30715129815952
21198,WHITE HEART CONFETTI IN TUBE,1268,1445.6399999999999,115,64,5,1.65,2009-12-16 17:58:00,2011-11-22 12:09:00,11.02608695652174,0.011724955476608344,90.31887625363613
84821,DANISH ROSE DELUXE COASTER,1266,732.62,71,51,7,0.85,2009-12-22 09:41:00,2011-11-25 13:23:00,17.830985915492956,0.011706461855982779,90.33058271549211
23432,PRETTY HANGING QUILTED HEARTS,1264,1078.3999999999999,73,14,9,0.83,2011-08-31 10:06:00,2011-12-02 13:17:00,17.315068493150687,0.011687968235357213,90.34227068372748
21039,RED RETROSPOT SHOPPING BAG,1263,3296.1499999999996,221,89,12,2.55,2009-12-07 13:37:00,2011-11-30 14:00:00,5.714932126696833,0.011678721425044431,90.35394940515252
21927,BLUE/CREAM STRIPE CUSHION COVER,1260,1728.24,192,66,4,1.25,2010-04-11 14:28:00,2011-12-01 19:42:00,6.5625,0.011650980994106084,90.36560038614662
84459A,PINK METAL CHICKEN HEART,1260,2031.3999999999999,199,69,6,1.49,2009-12-07 18:02:00,2011-10-30 16:17:00,6.331658291457287,0.011650980994106084,90.37725136714073
22679,FRENCH BLUE METAL DOOR SIGN 4,1259,1687.05,226,64,8,1.25,2010-08-17 11:21:00,2011-12-02 17:12:00,5.570796460176991,0.0116417341837933,90.38889310132453
21419,CONCH SHELL,1258,569.91,18,13,2,3.75,2009-12-17 15:44:00,2010-07-14 17:13:00,69.88888888888889,0.011632487373480518,90.400525588698
23433,HANGING QUILTED PATCHWORK APPLES,1258,1108.58,89,14,10,0.83,2011-08-26 12:49:00,2011-12-04 13:32:00,14.134831460674157,0.011632487373480518,90.41215807607148
22316,200 BENDY SKULL STRAWS,1256,1431.57,118,68,7,1.25,2009-12-09 14:02:00,2011-12-04 14:15:00,10.64406779661017,0.011613993752854953,90.42377206982434
22743,MAKE YOUR OWN FLOWERPOWER CARD KIT,1256,4328.160000000001,333,62,10,2.95,2010-08-10 12:40:00,2011-12-01 19:42:00,3.7717717717717716,0.011613993752854953,90.4353860635772
21407,BROWN CHECK CAT DOORSTOP,1256,5717.43,437,95,7,4.25,2009-12-07 11:20:00,2011-11-22 11:18:00,2.874141876430206,0.011613993752854953,90.44700005733006
23031,DRAWER KNOB CRACKLE GLAZE PINK,1255,2111.0699999999997,150,25,9,1.65,2011-06-14 13:51:00,2011-12-04 15:00:00,8.366666666666667,0.01160474694254217,90.4586048042726
37479B,CUBIC MUG FLOCK BLUE ON BROWN,1253,1095.85,32,26,3,0.825,2010-01-11 09:35:00,2011-06-15 13:35:00,39.15625,0.011586253321916606,90.47019105759452
17109D,FLOWER FAIRY INCENSE BOUQUET,1251,588.17,37,28,4,1.69,2009-12-10 14:44:00,2011-04-21 12:34:00,33.810810810810814,0.01156775970129104,90.48175881729581
22859,EASTER TIN BUNNY BOUQUET,1250,2085.75,165,32,13,1.65,2010-10-05 09:43:00,2011-11-15 16:34:00,7.575757575757576,0.011558512890978256,90.49331733018678
20866,BLUE ROSE FABRIC MIRROR,1250,1317.77,177,68,9,1.25,2009-12-07 18:02:00,2011-12-02 16:39:00,7.062146892655368,0.011558512890978256,90.50487584307776
16169C,WRAP BLUE REINDEER,1250,525.0,39,11,3,0.42,2009-12-07 15:15:00,2010-11-04 18:34:00,32.05128205128205,0.011558512890978256,90.51643435596873
72800E,4 IVORY DINNER CANDLES SILVER FLOCK,1250,2422.46,263,86,6,2.55,2009-12-07 13:24:00,2011-12-02 16:39:00,4.752851711026616,0.011558512890978256,90.5279928688597
70007,HI TEC ALPINE HAND WARMER,1248,1613.6599999999999,192,50,7,1.65,2009-12-07 11:47:00,2011-12-01 16:22:00,6.5,0.011540019270352692,90.53953288813005
85169A,IVORY LOVE BIRD CANDLE,1247,1374.73,148,67,7,1.25,2009-12-08 15:12:00,2011-11-30 15:13:00,8.425675675675675,0.011530772460039909,90.55106366059009
21653,GLASS ETCHED T-LIGHT HOLDER LARGE,1246,2565.67,111,41,5,2.1,2010-01-13 17:51:00,2010-11-22 09:22:00,11.225225225225225,0.011521525649727127,90.56258518623982
37482B,CUBIC MUG BLUE POLKA DOT,1245,1112.61,8,7,2,2.55,2010-01-19 13:31:00,2010-08-01 11:22:00,155.625,0.011512278839414344,90.57409746507923
21743,STAR PORTABLE TABLE LIGHT,1243,3618.88,173,54,2,2.95,2009-12-07 17:56:00,2011-09-13 11:24:00,7.184971098265896,0.011493785218788778,90.58559125029802
22541,MINI JIGSAW LEAP FROG,1239,500.86,62,45,8,0.42,2010-03-28 11:20:00,2011-12-01 16:22:00,19.983870967741936,0.01145679797753765,90.59704804827557
21382,SET/4 SPRING FLOWER DECORATION,1238,1665.66,152,56,3,1.63,2010-05-16 15:52:00,2011-12-01 12:01:00,8.144736842105264,0.011447551167224866,90.60849559944279
23189,SET OF 12 FORK CANDLES,1234,3458.36,137,18,8,2.89,2011-08-03 15:38:00,2011-12-02 16:14:00,9.007299270072993,0.011410563925973735,90.61990616336877
22190,LOCAL CAFE MUG,1234,2418.77,223,77,5,2.1,2009-12-07 17:56:00,2011-12-04 14:55:00,5.533632286995516,0.011410563925973735,90.63131672729475
21666,RIDGED GLASS T-LIGHT HOLDER,1234,803.1500000000001,82,54,4,0.65,2009-12-11 11:06:00,2011-12-04 15:16:00,15.048780487804878,0.011410563925973735,90.64272729122072
22789,T-LIGHT HOLDER SWEETHEART HANGING,1233,2407.61,194,52,2,1.95,2010-10-17 12:03:00,2011-12-04 12:52:00,6.355670103092783,0.011401317115660952,90.65412860833638
84559A,3D SHEET OF DOG STICKERS,1232,1103.8799999999999,216,83,5,0.85,2009-12-07 13:48:00,2011-12-02 16:39:00,5.703703703703703,0.01139207030534817,90.66552067864173
22857,ASSORTED EASTER GIFT TAGS,1230,1048.28,66,22,10,0.85,2010-10-05 09:43:00,2011-10-24 14:10:00,18.636363636363637,0.011373576684722605,90.67689425532645
21446,12 RED ROSE PEG PLACE SETTINGS,1228,1632.33,225,90,10,1.25,2009-12-07 15:42:00,2011-11-30 17:37:00,5.457777777777777,0.01135508306409704,90.68824933839055
22975,SPACEBOY CHILDRENS EGG CUP,1228,1647.52,185,48,7,1.25,2010-11-24 14:29:00,2011-12-02 16:07:00,6.6378378378378375,0.01135508306409704,90.69960442145465
23426,METAL SIGN DROP YOUR PANTS,1223,3268.05,194,13,7,2.89,2011-09-05 16:22:00,2011-12-04 13:32:00,6.304123711340206,0.011308849012533127,90.71091327046719
23226,FILIGREE HEART DAISY WHITE,1219,1561.67,96,27,6,1.25,2011-05-31 12:11:00,2011-12-04 13:15:00,12.697916666666666,0.011271861771281996,90.72218513223847
47469,ASSORTED SHAPES PHOTO CLIP SILVER,1218,592.98,28,22,2,0.65,2010-01-19 13:09:00,2011-11-30 10:37:00,43.5,0.011262614960969213,90.73344774719943
75131,METAL TUBE CHIME ON BAMBOO,1217,1543.03,68,46,2,1.69,2009-12-11 11:17:00,2011-04-04 14:00:00,17.897058823529413,0.011253368150656431,90.7447011153501
22345,PARTY PIZZA DISH BLUE POLKADOT,1216,636.75,119,61,10,0.85,2009-12-07 14:34:00,2011-12-04 12:32:00,10.218487394957982,0.011244121340343648,90.75594523669044
18098C,PORCELAIN BUTTERFLY OIL BURNER,1213,3201.63,232,63,4,2.95,2009-12-07 15:28:00,2011-08-08 13:11:00,5.228448275862069,0.0112163809094053,90.76716161759984
20986,BLUE CALCULATOR RULER,1211,1518.61,199,76,5,1.25,2009-12-08 15:49:00,2011-12-04 13:59:00,6.085427135678392,0.011197887288779735,90.77835950488861
16054,POPART RECT PENCIL SHARPENER ASST,1210,159.0,39,26,4,0.12,2010-01-07 14:20:00,2011-12-04 13:59:00,31.025641025641026,0.011188640478466953,90.78954814536708
22844,VINTAGE CREAM DOG FOOD CONTAINER,1210,11400.0,487,59,14,8.5,2010-10-17 13:40:00,2011-12-04 11:56:00,2.484599589322382,0.011188640478466953,90.80073678584554
44234,ASSORTED CIRCULAR MOBILE,1210,259.76,54,41,2,0.21,2009-12-14 15:17:00,2011-12-02 13:21:00,22.40740740740741,0.011188640478466953,90.81192542632401
85202,HANGING WOOD AND FELT HEART,1208,570.09,208,73,3,0.42,2009-12-14 17:57:00,2011-11-29 13:12:00,5.8076923076923075,0.011170146857841387,90.82309557318185
20871,OPULENT VELVET SET/3 CANDLES,1206,1861.3500000000001,119,35,5,2.1,2009-12-07 15:55:00,2010-12-14 15:52:00,10.134453781512605,0.011151653237215823,90.83424722641907
23086,ZINC  STAR T-LIGHT HOLDER,1206,1424.05,45,22,4,1.25,2011-05-16 15:47:00,2011-12-01 11:20:00,26.8,0.011151653237215823,90.84539887965629
22162,HEART GARLAND RUSTIC PADDED,1205,3699.55,258,67,4,2.95,2009-12-07 18:02:00,2011-11-24 09:26:00,4.670542635658915,0.01114240642690304,90.85654128608319
22163,HEART STRING MEMO HOLDER HANGING,1199,2090.6,185,63,6,2.95,2009-12-08 15:49:00,2011-12-02 16:39:00,6.481081081081081,0.011086925565026344,90.86762821164821
35810A,ENAMEL PINK COFFEE CONTAINER,1199,1592.14,170,76,11,2.1,2009-12-09 12:18:00,2011-10-30 13:06:00,7.052941176470588,0.011086925565026344,90.87871513721323
21925,UNION STRIPE CUSHION COVER,1197,1557.33,165,62,2,1.25,2010-04-11 12:45:00,2011-11-08 12:58:00,7.254545454545455,0.011068431944400778,90.88978356915763
79337,BLUE FLOCK GLASS CANDLEHOLDER,1194,502.03000000000003,21,19,3,0.38,2010-01-04 13:25:00,2011-07-08 15:22:00,56.857142857142854,0.01104069151346243,90.90082426067109
22307,GOLD MUG BONE CHINA TREE OF LIFE,1193,1790.52,116,39,7,1.65,2009-12-07 18:02:00,2011-12-02 10:21:00,10.28448275862069,0.01103144470314965,90.91185570537424
23379,PACK OF 12 RED APPLE TISSUES,1191,447.45,67,13,5,0.39,2011-09-05 12:00:00,2011-12-01 16:22:00,17.776119402985074,0.011012951082524083,90.92286865645676
85106,CUT GLASS HEXAGON T-LIGHT HOLDER,1190,2271.24,59,34,1,2.55,2009-12-08 15:12:00,2011-11-28 13:37:00,20.16949152542373,0.0110037042722113,90.93387236072897
22145,CHRISTMAS CRAFT HEART STOCKING,1189,2508.1600000000003,181,28,10,2.1,2009-12-07 15:42:00,2010-12-08 14:43:00,6.569060773480663,0.010994457461898519,90.94486681819087
23267,SET OF 4 SANTA PLACE SETTINGS,1187,1513.2,105,22,10,1.25,2011-06-23 13:51:00,2011-12-04 16:08:00,11.304761904761905,0.010975963841272952,90.95584278203215
22247,BUNNY DECORATION MAGIC GARDEN,1184,1022.79,182,47,3,0.85,2009-12-13 13:39:00,2011-11-25 14:53:00,6.5054945054945055,0.010948223410334605,90.96679100544249
22216,T-LIGHT HOLDER WHITE LACE,1184,1112.55,106,63,4,0.85,2009-12-07 18:02:00,2011-11-30 15:13:00,11.169811320754716,0.010948223410334605,90.97773922885283
84558A,3D DOG PICTURE PLAYING CARDS,1181,3394.92,190,72,6,2.95,2009-12-07 13:59:00,2011-11-25 16:14:00,6.21578947368421,0.010920482979396257,90.98865971183223
21654,RIDGED GLASS FINGER BOWL,1181,817.31,81,45,2,1.45,2009-12-14 15:31:00,2011-09-18 12:21:00,14.580246913580247,0.010920482979396257,90.99958019481163
23499,SET 12 VINTAGE DOILY CHALK,1179,528.32,97,7,4,0.42,2011-10-20 13:54:00,2011-12-02 16:39:00,12.154639175257731,0.010901989358770693,91.0104821841704
21676,FLOWERS  STICKERS,1179,880.1899999999999,156,75,5,0.85,2009-12-09 14:25:00,2011-12-02 16:39:00,7.5576923076923075,0.010901989358770693,91.02138417352917
22312,OFFICE MUG WARMER POLKADOT,1178,4067.32,257,83,15,2.95,2009-12-07 15:55:00,2011-12-04 13:15:00,4.583657587548638,0.01089274254845791,91.03227691607763
22218,CAKE STAND LACE WHITE,1178,5143.76,251,47,14,4.25,2009-12-07 18:02:00,2010-12-15 16:50:00,4.693227091633466,0.01089274254845791,91.0431696586261
21111,"SWISS ROLL TOWEL, CHOCOLATE  SPOTS",1177,2914.57,203,69,11,2.95,2009-12-07 17:56:00,2011-12-04 15:19:00,5.798029556650246,0.010883495738145127,91.05405315436424
47422,ASSORTED MONKEY SUCTION CUP HOOK,1177,458.34,66,49,4,0.42,2010-02-07 14:58:00,2011-12-01 19:42:00,17.833333333333332,0.010883495738145127,91.06493665010238
82613D,METAL SIGN CUPCAKE SINGLE HOOK,1177,1266.6499999999999,265,84,11,1.25,2009-12-07 18:02:00,2011-11-17 14:40:00,4.441509433962264,0.010883495738145127,91.07582014584052
23360,SET 8 CANDLES VINTAGE DOILY,1177,2276.65,111,18,6,1.95,2011-08-02 11:33:00,2011-12-02 16:39:00,10.603603603603604,0.010883495738145127,91.08670364157867
22104,MIRROR MOSAIC CANDLE PLATE,1176,950.15,96,64,1,1.63,2009-12-08 12:12:00,2011-11-29 17:52:00,12.25,0.010874248927832343,91.0975778905065
85189,HANGING BUTTERFLY  EGG,1176,967.9499999999999,68,21,4,0.85,2009-12-16 13:49:00,2011-03-16 15:45:00,17.294117647058822,0.010874248927832343,91.10845213943433
22176,BLUE OWL SOFT TOY,1172,3507.3300000000004,253,88,12,2.95,2009-12-07 12:08:00,2011-10-31 11:10:00,4.632411067193676,0.010837261686581215,91.11928940112091
22414,DOORMAT NEIGHBOURHOOD WITCH,1171,7118.35,213,88,10,7.95,2010-01-10 11:47:00,2011-11-28 15:54:00,5.497652582159624,0.010828014876268431,91.13011741599718
84748,FOLK FELT HANGING MULTICOL GARLAND,1170,1781.12,93,41,3,2.51,2009-12-18 10:59:00,2011-11-29 16:33:00,12.580645161290322,0.010818768065955648,91.14093618406314
82567,"AIRLINE LOUNGE,METAL SIGN",1170,2432.09,475,98,4,2.1,2009-12-07 17:56:00,2011-12-04 11:45:00,2.463157894736842,0.010818768065955648,91.1517549521291
82597,BOMBS AWAY METAL SIGN,1169,2479.1600000000003,208,45,2,2.1,2009-12-07 11:52:00,2010-11-01 09:14:00,5.6201923076923075,0.010809521255642865,91.16256447338473
72598,SET/12 TAPER CANDLES,1167,1074.0,147,68,4,0.85,2009-12-07 11:35:00,2011-11-29 12:50:00,7.938775510204081,0.0107910276350173,91.17335550101976
22967,SET 3 SONG BIRD PAPER EGGS ASSORTED,1165,3253.71,137,18,11,2.95,2011-01-14 14:11:00,2011-06-06 13:48:00,8.503649635036496,0.010772534014391736,91.18412803503415
23270,SET OF 2 CERAMIC PAINTED HEARTS,1165,1630.33,121,26,9,1.45,2011-06-02 19:50:00,2011-12-04 12:32:00,9.62809917355372,0.010772534014391736,91.19490056904854
22681,FRENCH BLUE METAL DOOR SIGN 6,1164,1552.14,187,63,7,1.25,2010-08-17 11:21:00,2011-12-02 11:53:00,6.224598930481283,0.010763287204078953,91.20566385625263
22200,FRYING PAN PINK POLKADOT,1164,5311.68,335,92,9,4.25,2009-12-07 10:41:00,2011-12-04 15:19:00,3.4746268656716417,0.010763287204078953,91.21642714345671
22854,CREAM SWEETHEART EGG HOLDER,1160,5624.5,244,46,5,4.95,2010-09-16 14:08:00,2011-09-22 12:23:00,4.754098360655738,0.010726299962827823,91.22715344341954
22481,BLACK TEA TOWEL CLASSIC DESIGN,1158,1261.21,208,73,4,1.25,2010-03-07 14:31:00,2011-12-04 14:45:00,5.5673076923076925,0.010707806342202258,91.23786124976174
23281,FOLDING BUTTERFLY MIRROR RED,1157,907.66,96,27,9,0.83,2011-05-10 14:20:00,2011-12-04 14:55:00,12.052083333333334,0.010698559531889475,91.24855980929362
35951,FOLKART BAUBLE CHRISTMAS DECORATION,1157,633.88,40,21,3,1.25,2009-12-13 13:03:00,2010-11-25 13:51:00,28.925,0.010698559531889475,91.25925836882551
22682,FRENCH BLUE METAL DOOR SIGN 7,1156,1509.36,181,63,6,1.25,2010-08-17 11:21:00,2011-12-02 17:12:00,6.386740331491713,0.010689312721576692,91.2699476815471
22255,FELT TOADSTOOL  SMALL,1154,1100.76,138,65,8,0.85,2009-12-09 10:46:00,2011-12-04 12:18:00,8.36231884057971,0.010670819100951127,91.28061850064805
23483,HANGING  BUTTERFLY T-LIGHT HOLDER,1153,1433.31,67,9,3,1.25,2011-10-03 12:47:00,2011-12-04 11:50:00,17.208955223880597,0.010661572290638344,91.29128007293869
21615,4 LAVENDER BOTANICAL DINNER CANDLES,1152,2252.35,161,49,8,1.25,2009-12-08 16:20:00,2011-12-04 15:00:00,7.15527950310559,0.010652325480325561,91.30193239841901
22847,BREAD BIN DINER STYLE IVORY,1152,18251.649999999998,477,50,19,16.95,2010-10-14 09:44:00,2011-12-04 15:19:00,2.4150943396226414,0.010652325480325561,91.31258472389933
21469,POLKA DOT RAFFIA FOOD COVER,1151,3429.51,206,77,4,3.75,2009-12-07 13:49:00,2011-11-14 14:24:00,5.587378640776699,0.01064307867001278,91.32322780256935
40003,WHITE BAMBOO RIBS LAMPSHADE,1150,1257.02,60,42,2,1.25,2009-12-18 17:06:00,2011-06-06 14:12:00,19.166666666666668,0.010633831859699997,91.33386163442906
20803,SMALL PINK GLASS SUNDAE DISH,1149,874.4599999999999,84,47,4,1.65,2009-12-07 17:18:00,2011-05-01 13:45:00,13.678571428571429,0.010624585049387214,91.34448621947844
21386,IVORY HANGING DECORATION  EGG,1148,680.78,105,47,3,0.85,2010-01-11 14:39:00,2011-12-04 12:32:00,10.933333333333334,0.01061533823907443,91.35510155771752
35964,FOLKART CLIP ON STARS,1148,660.08,122,34,4,0.83,2009-12-09 09:42:00,2011-12-04 15:19:00,9.40983606557377,0.01061533823907443,91.3657168959566
23113,PANTRY CHOPPING BOARD,1146,5817.22,53,12,10,4.95,2011-09-16 10:02:00,2011-12-01 16:22:00,21.62264150943396,0.010596844618448866,91.37631374057504
84466,TOP SECRET PEN SET,1144,1215.4399999999998,59,24,1,1.25,2009-12-07 13:59:00,2011-07-14 13:00:00,19.389830508474578,0.010578350997823302,91.38689209157286
85107,CUT GLASS T-LIGHT HOLDER OCTAGON,1143,2163.07,66,41,1,2.55,2009-12-11 12:55:00,2011-11-28 13:37:00,17.318181818181817,0.010569104187510519,91.39746119576037
84493,BLUE/PINK NEST STRIPE BOX,1142,111.11999999999999,5,5,2,2.55,2010-06-13 14:40:00,2010-09-27 16:30:00,228.4,0.010559857377197735,91.40802105313757
84279P,CHERRY BLOSSOM  DECORATIVE FLASK,1141,4461.67,298,96,12,3.75,2009-12-07 13:32:00,2011-12-01 16:22:00,3.8288590604026846,0.010550610566884952,91.41857166370445
23274,STAR T-LIGHT HOLDER WILLIE WINKIE,1140,1925.8799999999997,112,23,6,1.65,2011-06-05 14:06:00,2011-12-02 16:39:00,10.178571428571429,0.010541363756572171,91.42911302746103
17001,HEAVENS SCENT FRAGRANCE OILS ASSTD,1139,278.46999999999997,21,15,2,0.29,2009-12-22 12:38:00,2011-02-28 14:48:00,54.23809523809524,0.010532116946259388,91.4396451444073
21869,POTTING SHED COFFEE MUG,1138,1332.6000000000001,98,21,2,1.25,2009-12-07 08:13:00,2010-05-23 14:04:00,11.612244897959183,0.010522870135946605,91.45016801454324
22858,EASTER TIN KEEPSAKE,1135,1877.34,139,23,13,1.65,2010-11-08 09:20:00,2011-10-06 18:08:00,8.16546762589928,0.010495129705008257,91.46066314424824
84559B,3D SHEET OF CAT STICKERS,1135,1010.27,189,74,5,0.85,2009-12-07 13:48:00,2011-11-02 13:50:00,6.005291005291006,0.010495129705008257,91.47115827395325
22498,WOODEN REGATTA BUNTING,1133,6919.5,379,90,7,5.95,2010-02-03 13:09:00,2011-12-01 19:42:00,2.9894459102902373,0.010476636084382693,91.48163491003763
21581,SKULLS  DESIGN  COTTON TOTE BAG,1133,1794.44,196,72,8,2.25,2009-12-07 17:56:00,2011-11-25 15:23:00,5.780612244897959,0.010476636084382693,91.492111546122
22683,FRENCH BLUE METAL DOOR SIGN 8,1131,1501.66,190,65,7,1.25,2010-08-17 11:21:00,2011-12-02 11:53:00,5.9526315789473685,0.010458142463757127,91.50256968858577
22982,PANTRY PASTRY BRUSH,1130,1501.67,206,39,11,1.25,2011-03-02 12:18:00,2011-12-04 12:32:00,5.485436893203883,0.010448895653444345,91.5130185842392
35809A,ENAMEL PINK TEA CONTAINER,1130,1652.08,175,67,10,2.1,2009-12-07 15:26:00,2011-06-09 15:34:00,6.457142857142857,0.010448895653444345,91.52346747989264
21616,4 PEAR BOTANICAL DINNER CANDLES,1129,2379.23,183,59,6,2.46,2009-12-08 16:20:00,2011-12-04 13:32:00,6.169398907103825,0.010439648843131562,91.53390712873578
22236,CAKE STAND 3 TIER MAGIC GARDEN,1127,13965.519999999999,421,89,17,12.75,2009-12-10 10:17:00,2011-11-23 16:34:00,2.676959619952494,0.010421155222505996,91.54432828395828
84944,SET OF 6 KASHMIR FOLKART BAUBLES,1127,3095.17,190,47,8,4.25,2009-12-07 15:15:00,2011-11-04 16:35:00,5.931578947368421,0.010421155222505996,91.55474943918078
22968,ROSE COTTAGE KEEPSAKE BOX,1125,11144.9,304,49,13,9.95,2010-10-29 10:28:00,2011-11-30 15:13:00,3.700657894736842,0.010402661601880431,91.56515210078267
22038,BOTANICAL LAVENDER GIFT WRAP,1125,470.5,44,37,5,0.42,2009-12-22 12:05:00,2011-11-17 10:01:00,25.568181818181817,0.010402661601880431,91.57555476238456
23505,PLAYING CARDS I LOVE LONDON,1124,1553.8700000000001,103,11,7,1.25,2011-09-22 12:55:00,2011-12-04 14:15:00,10.912621359223301,0.010393414791567648,91.58594817717612
84247L,FAWN AND MUSHROOM GREETING CARD,1123,491.45,107,40,7,0.42,2009-12-13 14:51:00,2011-04-19 11:33:00,10.495327102803738,0.010384167981254867,91.59633234515738
37379B,BLUE CHERRY BLOSSOM CUP & SAUCER,1122,181.5,3,3,3,1.25,2010-03-04 09:32:00,2010-03-23 13:52:00,374.0,0.010374921170942084,91.60670726632831
21725,SWEETIES  STICKERS,1122,1021.13,164,79,6,0.85,2009-12-07 13:35:00,2011-11-17 14:26:00,6.841463414634147,0.010374921170942084,91.61708218749925
72799F,IVORY PILLAR CANDLE GOLD FLOCK,1121,2067.85,100,48,5,2.95,2009-12-07 15:28:00,2011-11-25 12:20:00,11.21,0.0103656743606293,91.62744786185988
85032D,YULETIDE IMAGES GIFT WRAP SET,1118,1264.68,130,45,5,1.63,2009-12-20 14:59:00,2011-10-06 13:29:00,8.6,0.010337933929690953,91.63778579578957
84519A,TOMATO CHARLIE+LOLA COASTER SET,1117,2595.2000000000003,194,86,5,2.95,2009-12-09 09:51:00,2011-12-04 15:19:00,5.757731958762887,0.01032868711937817,91.64811448290895
22768,FAMILY PHOTO FRAME CORNICE,1115,10620.029999999999,345,60,9,9.95,2010-10-10 12:45:00,2011-12-04 13:00:00,3.2318840579710146,0.010310193498752606,91.6584246764077
84078A,SET/4 WHITE RETRO STORAGE CUBES,1114,43289.05,325,95,12,39.95,2009-12-07 15:26:00,2011-12-04 11:50:00,3.4276923076923076,0.010300946688439823,91.66872562309615
84596E,SMALL LICORICE DES PINK BOWL,1113,1119.02,198,54,7,1.25,2009-12-08 17:10:00,2011-04-01 11:46:00,5.621212121212121,0.01029169987812704,91.67901732297427
17129D,CLEAR COLOUR GLASS GEMS IN BAG,1111,1337.58,36,10,1,0.85,2009-12-07 15:26:00,2010-03-05 11:50:00,30.86111111111111,0.010273206257501475,91.68929052923177
23250,VINTAGE RED TRIM ENAMEL BOWL,1109,1443.53,106,25,9,1.25,2011-06-14 10:00:00,2011-12-04 12:31:00,10.462264150943396,0.010254712636875909,91.69954524186865
21777,RECIPE BOX WITH METAL HEART,1109,8940.36,360,49,4,7.95,2009-12-07 10:48:00,2010-12-06 10:08:00,3.0805555555555557,0.010254712636875909,91.70979995450553
22800,ANTIQUE TALL SWIRLGLASS TRINKET POT,1108,4489.18,261,56,4,3.75,2010-10-22 13:27:00,2011-12-04 14:01:00,4.245210727969349,0.010245465826563127,91.72004542033208
23302,KNEELING MAT HOUSEWORK  DESIGN,1107,1822.5099999999998,213,29,4,1.65,2011-05-15 15:31:00,2011-12-04 15:19:00,5.197183098591549,0.010236219016250344,91.73028163934833
23535,WALL ART BICYCLE SAFETY,1107,7075.38,195,10,8,5.95,2011-10-02 14:37:00,2011-12-04 14:55:00,5.676923076923077,0.010236219016250344,91.74051785836458
21358,TOAST ITS - HAPPY BIRTHDAY,1107,1372.89,214,85,9,1.25,2009-12-14 14:35:00,2011-12-02 16:39:00,5.172897196261682,0.010236219016250344,91.75075407738083
22863,SOAP DISH BROCANTE,1106,3163.6600000000003,168,54,13,2.95,2010-09-23 09:11:00,2011-12-01 11:51:00,6.583333333333333,0.010226972205937561,91.76098104958677
85034B,3 WHITE CHOC MORRIS BOXED CANDLES,1106,2447.71,137,45,7,3.29,2009-12-08 13:46:00,2011-12-04 11:00:00,8.072992700729927,0.010226972205937561,91.77120802179272
22942,CHRISTMAS LIGHTS 10 SANTAS,1104,9093.9,224,24,9,8.5,2010-10-21 10:04:00,2011-12-04 15:35:00,4.928571428571429,0.010208478585311997,91.78141650037803
21867,PINK UNION JACK  LUGGAGE TAG,1101,1500.32,275,90,3,1.25,2009-12-07 13:24:00,2011-12-02 16:39:00,4.003636363636364,0.01018073815437365,91.7915972385324
22976,CIRCUS PARADE CHILDRENS EGG CUP,1101,1431.55,145,48,5,1.25,2010-11-24 16:18:00,2011-12-02 14:26:00,7.593103448275862,0.01018073815437365,91.80177797668678
84510B,SET OF 4 FAIRY CAKES COASTERS,1100,1383.06,134,24,3,1.25,2009-12-07 11:47:00,2010-07-07 12:45:00,8.208955223880597,0.010171491344060866,91.81194946803085
85017A,ENVELOPE 50 ROMANTIC IMAGES,1099,743.05,166,44,9,0.83,2009-12-07 17:56:00,2011-04-03 15:07:00,6.620481927710843,0.010162244533748083,91.82211171256459
84510F,SET OF 4 NEW ENGLAND COASTERS,1095,426.43,35,24,1,1.25,2009-12-07 17:56:00,2010-10-07 16:28:00,31.285714285714285,0.010125257292496952,91.83223696985709
21913,VINTAGE SEASIDE JIGSAW PUZZLES,1093,4163.77,290,96,14,3.75,2009-12-08 15:49:00,2011-11-30 15:13:00,3.768965517241379,0.010106763671871388,91.84234373352896
22107,PIZZA PLATE IN BOX,1093,4364.1,342,86,9,3.75,2009-12-07 14:02:00,2011-12-04 13:15:00,3.195906432748538,0.010106763671871388,91.85245049720083
22930,BAKING MOULD HEART MILK CHOCOLATE,1093,2798.91,183,48,9,2.55,2010-12-08 10:40:00,2011-12-02 16:39:00,5.972677595628415,0.010106763671871388,91.8625572608727
22689,DOORMAT MERRY CHRISTMAS RED,1092,8366.72,264,47,9,7.95,2010-06-28 13:53:00,2011-11-28 15:54:00,4.136363636363637,0.010097516861558605,91.87265477773427
20801,LARGE PINK GLASS SUNDAE DISH,1092,1422.0,111,45,4,2.46,2010-01-18 11:39:00,2011-05-25 16:08:00,9.837837837837839,0.010097516861558605,91.88275229459583
21115,ROSE CARAVAN DOORSTOP,1090,7552.36,399,98,13,6.75,2009-12-07 13:32:00,2011-12-04 15:28:00,2.7318295739348373,0.01007902324093304,91.89283131783677
21470,FLOWER VINE RAFFIA FOOD COVER,1089,4126.7,310,92,6,3.75,2009-12-09 09:51:00,2011-12-01 12:55:00,3.5129032258064514,0.010069776430620257,91.90290109426739
85114C,RED ENCHANTED FOREST PLACEMAT,1089,2050.62,149,64,6,1.65,2009-12-07 13:59:00,2011-12-02 10:52:00,7.308724832214765,0.010069776430620257,91.91297087069802
21828,EIGHT PIECE SNAKE  SET,1088,1365.14,169,79,5,1.25,2009-12-07 11:39:00,2011-12-04 10:56:00,6.437869822485207,0.010060529620307474,91.92303140031832
21721,CANDY SHOP  STICKER SHEET,1085,982.0,140,57,9,0.85,2009-12-07 18:02:00,2011-12-02 16:39:00,7.75,0.010032789189369127,91.93306418950769
47585A,PINK FAIRY CAKE CUSHION COVER,1084,2612.88,148,65,9,3.75,2009-12-07 17:56:00,2011-12-01 13:08:00,7.324324324324325,0.010023542379056345,91.94308773188675
21730,GLASS STAR FROSTED T-LIGHT HOLDER,1084,5338.06,276,68,7,4.95,2009-12-07 12:12:00,2011-12-02 16:07:00,3.927536231884058,0.010023542379056345,91.95311127426581
21351,CINAMMON & ORANGE WREATH,1082,3588.0,170,32,5,6.75,2009-12-09 13:16:00,2011-12-02 16:39:00,6.364705882352941,0.010005048758430779,91.96311632302424
40018F,CHERRY DESIGN PAPERLANTERNS,1082,2080.83,116,35,7,1.95,2009-12-14 17:57:00,2010-09-05 10:54:00,9.327586206896552,0.010005048758430779,91.97312137178267
51020B,STRIPY DESIGN SHOWER CAP,1082,485.61999999999995,59,40,1,1.25,2009-12-07 15:42:00,2011-04-27 11:26:00,18.338983050847457,0.010005048758430779,91.9831264205411
90058B,CRYSTAL STUD EARRINGS ASSORTED COL,1082,509.08000000000004,29,22,1,0.38,2009-12-23 16:21:00,2011-12-01 14:30:00,37.310344827586206,0.010005048758430779,91.99313146929953
22685,FRENCH BLUE METAL DOOR SIGN 0,1081,1393.38,159,58,6,1.25,2010-08-17 11:21:00,2011-12-02 11:53:00,6.79874213836478,0.009995801948117996,92.00312727124765
21518,BANK ACCOUNT  GREETING  CARD,1081,457.48,106,55,5,0.42,2009-12-07 17:56:00,2011-07-12 16:11:00,10.19811320754717,0.009995801948117996,92.01312307319577
77101A,UNION FLAG WINDSOCK,1081,1254.72,87,43,2,1.25,2009-12-07 17:56:00,2011-03-21 11:49:00,12.425287356321839,0.009995801948117996,92.0231188751439
21991,BOHEMIAN COLLAGE STATIONERY SET,1079,1868.11,276,74,3,2.46,2009-12-07 15:42:00,2011-12-04 13:59:00,3.9094202898550723,0.009977308327492431,92.03309618347139
22485,SET OF 2 WOODEN MARKET CRATES,1077,14415.039999999999,417,90,16,12.75,2010-03-05 11:31:00,2011-12-01 14:58:00,2.58273381294964,0.009958814706866867,92.04305499817825
23126,FELTCRAFT GIRL AMELIE KIT,1077,5356.95,280,40,11,4.95,2011-03-02 16:26:00,2011-12-02 16:07:00,3.8464285714285715,0.009958814706866867,92.05301381288511
22031,BOTANICAL LAVENDER BIRTHDAY CARD,1075,472.17,136,65,3,0.42,2009-12-16 17:06:00,2011-11-30 15:13:00,7.904411764705882,0.0099403210862413,92.06295413397136
21400,RED PUDDING SPOON,1075,211.81,89,53,5,0.42,2009-12-07 13:59:00,2011-12-04 14:55:00,12.07865168539326,0.0099403210862413,92.07289445505761
37343,SPOTS DESIGN MUG W PINK INSIDE,1074,1692.52,98,49,3,1.65,2009-12-07 09:42:00,2011-03-09 14:30:00,10.959183673469388,0.009931074275928518,92.08282552933353
20663,QUEEN OF THE SKIES HOLIDAY PURSE,1074,369.41,44,30,4,2.51,2009-12-10 15:45:00,2011-10-17 13:31:00,24.40909090909091,0.009931074275928518,92.09275660360946
23389,SPACEBOY MINI BACKPACK,1073,4564.77,219,13,12,4.15,2011-09-11 13:39:00,2011-12-04 13:54:00,4.899543378995434,0.009921827465615736,92.10267843107508
22514,CHILDS GARDEN SPADE BLUE,1072,2161.6200000000003,228,71,7,2.1,2010-03-28 11:30:00,2011-12-02 16:39:00,4.701754385964913,0.009912580655302953,92.11259101173037
21486,PINK HEART DOTS HOT WATER BOTTLE,1071,3457.82,281,42,7,3.75,2009-12-07 12:25:00,2010-12-07 18:36:00,3.811387900355872,0.00990333384499017,92.12249434557536
35920,FOUR RABBIT EASTER DECORATIONS,1070,296.34,24,15,3,1.25,2010-01-27 16:41:00,2011-04-19 15:37:00,44.583333333333336,0.009894087034677389,92.13238843261004
17013D,ORIGAMI ROSE INCENSE IN TUBE,1068,572.4,31,27,3,1.65,2009-12-09 09:42:00,2011-06-07 10:05:00,34.45161290322581,0.009875593414051823,92.1422640260241
35958,FOLKART ZINC STAR CHRISTMAS DEC,1068,931.0799999999999,78,27,4,0.85,2009-12-08 11:46:00,2010-12-09 14:55:00,13.692307692307692,0.009875593414051823,92.15213961943815
21208,PASTEL COLOUR HONEYCOMB FAN,1065,971.8399999999999,118,68,10,1.65,2009-12-16 15:48:00,2011-12-04 15:19:00,9.025423728813559,0.009847852983113475,92.16198747242126
23134,LARGE ZINC HEART WALL ORGANISER,1065,6431.110000000001,38,17,2,8.25,2011-04-20 13:18:00,2011-09-18 14:56:00,28.026315789473685,0.009847852983113475,92.17183532540437
22606,WOODEN SKITTLES GARDEN SET,1065,14818.14,372,78,9,15.95,2010-04-08 19:40:00,2011-11-21 12:59:00,2.8629032258064515,0.009847852983113475,92.18168317838749
20867,PINK ROSE FABRIC MIRROR,1063,1046.75,143,54,9,1.25,2009-12-07 18:02:00,2011-12-02 16:39:00,7.433566433566433,0.00982935936248791,92.19151253774997
22232,JIGSAW TOADSTOOLS 3 PIECE,1063,1257.9299999999998,152,66,13,1.65,2009-12-07 17:56:00,2011-12-04 15:19:00,6.993421052631579,0.00982935936248791,92.20134189711246
21720,CAKE SHOP  STICKER SHEET,1060,922.16,110,44,10,0.85,2009-12-07 13:35:00,2011-07-26 09:51:00,9.636363636363637,0.009801618931549561,92.211143516044
22346,PARTY PIZZA DISH GREEN POLKADOT,1059,553.43,95,47,8,0.85,2009-12-07 14:34:00,2011-12-04 12:32:00,11.147368421052631,0.00979237212123678,92.22093588816524
23509,MINI PLAYING CARDS FUN FAIR,1055,447.29,61,11,5,0.42,2011-09-22 14:11:00,2011-12-04 13:15:00,17.295081967213115,0.00975538487998565,92.23069127304522
21644,ASSORTED TUTTI FRUTTI HEART BOX,1055,1417.51,132,62,3,1.25,2009-12-07 17:56:00,2011-11-27 16:27:00,7.992424242424242,0.00975538487998565,92.2404466579252
21619,4 VANILLA BOTANICAL CANDLES,1054,1901.65,197,56,7,2.46,2009-12-08 16:20:00,2011-12-04 14:55:00,5.350253807106599,0.009746138069672866,92.25019279599488
21062,PARTY INVITES SPACEMAN,1053,875.87,136,73,11,0.85,2009-12-08 16:43:00,2011-12-02 13:20:00,7.742647058823529,0.009736891259360083,92.25992968725424
21972,SET OF 36 DINOSAUR PAPER DOILIES,1052,1554.8799999999999,169,84,11,1.45,2009-12-09 14:25:00,2011-12-01 16:22:00,6.224852071005917,0.009727644449047302,92.26965733170329
72807B,SET/3 OCEAN SCENT CANDLE JEWEL BOX,1051,4607.47,221,85,8,4.25,2009-12-07 12:32:00,2011-11-24 09:26:00,4.755656108597285,0.009718397638734519,92.27937572934202
20802,SMALL GLASS SUNDAE DISH CLEAR,1051,1596.81,116,72,2,1.65,2009-12-16 17:58:00,2011-11-28 10:31:00,9.060344827586206,0.009718397638734519,92.28909412698076
22202,MILK PAN PINK RETROSPOT,1049,4230.41,254,63,9,3.75,2009-12-07 10:42:00,2011-05-05 19:16:00,4.1299212598425195,0.009699904018108954,92.29879403099886
23012,GLASS APOTHECARY BOTTLE PERFUME,1048,4067.2000000000003,236,25,11,3.95,2011-06-14 13:04:00,2011-12-04 15:54:00,4.440677966101695,0.009690657207796171,92.30848468820666
21910,WAY OUT METAL SIGN,1048,1368.4799999999998,107,46,5,1.65,2009-12-07 13:52:00,2011-02-16 16:57:00,9.794392523364486,0.009690657207796171,92.31817534541446
84926E,FLOWERS TILE COASTER,1047,455.95,49,32,2,0.29,2010-03-21 14:16:00,2011-11-20 15:36:00,21.367346938775512,0.009681410397483388,92.32785675581194
22122,SET OF 2 FANCY FONT TEA TOWELS,1045,3130.2200000000003,175,35,6,2.95,2009-12-07 17:56:00,2010-08-20 15:32:00,5.9714285714285715,0.009662916776857823,92.3375196725888
85200,BUNNY EGG BOX,1045,1319.09,105,26,5,1.25,2009-12-07 11:46:00,2011-04-18 13:36:00,9.952380952380953,0.009662916776857823,92.34718258936566
22515,CHILDS GARDEN SPADE PINK,1044,2125.54,206,67,7,2.1,2010-03-28 11:30:00,2011-12-02 16:39:00,5.067961165048544,0.00965366996654504,92.3568362593322
47591B,SCOTTIES CHILDRENS APRON,1044,1679.55,278,56,6,1.65,2009-12-07 11:39:00,2011-02-02 13:35:00,3.7553956834532376,0.00965366996654504,92.36648992929874
84580,MOUSE TOY WITH PINK T-SHIRT,1043,3995.34,433,96,10,3.75,2009-12-07 17:56:00,2011-12-04 15:35:00,2.4087759815242493,0.009644423156232257,92.37613435245497
22246,MAGIC GARDEN FELT GARLAND,1038,2192.35,181,72,4,1.95,2009-12-13 12:19:00,2011-11-24 09:50:00,5.734806629834254,0.009598189104668345,92.38573254155963
22723,SET OF 6 HERB TINS SKETCHBOOK,1038,4091.2400000000002,278,50,10,3.95,2010-12-13 15:13:00,2011-12-04 15:19:00,3.7338129496402876,0.009598189104668345,92.3953307306643
16202B,PASTEL BLUE PHOTO ALBUM,1038,523.01,21,19,4,5.55,2010-02-26 09:47:00,2011-04-19 14:49:00,49.42857142857143,0.009598189104668345,92.40492891976896
23369,SET 36 COLOUR PENCILS LOVE LONDON,1037,1481.54,115,11,7,1.25,2011-09-22 12:13:00,2011-12-04 13:59:00,9.017391304347827,0.009588942294355562,92.41451786206332
21472,LADYBIRD + BEE RAFFIA FOOD COVER,1037,3990.4500000000003,276,69,6,3.75,2009-12-08 13:14:00,2011-07-15 15:32:00,3.7572463768115942,0.009588942294355562,92.42410680435768
85017C,ENVELOPE 50 CURIOUS IMAGES,1035,675.79,112,47,9,0.83,2009-12-07 17:56:00,2011-05-12 20:13:00,9.241071428571429,0.009570448673729998,92.4336772530314
22472,TV DINNER TRAY DOLLY GIRL,1034,4989.37,238,72,14,4.95,2010-03-08 16:53:00,2011-12-04 13:32:00,4.34453781512605,0.009561201863417215,92.44323845489482
22756,LARGE YELLOW BABUSHKA NOTEBOOK,1031,1313.56,193,58,7,1.25,2010-08-08 15:53:00,2011-12-02 16:39:00,5.341968911917099,0.009533461432478867,92.45277191632731
23096,PETIT TRAY CHIC,1030,1726.8199999999997,143,29,4,1.65,2011-05-10 16:00:00,2011-12-02 16:39:00,7.2027972027972025,0.009524214622166084,92.46229613094947
20967,GREY FLORAL FELTCRAFT SHOULDER BAG,1026,3860.38,282,67,11,3.75,2009-12-07 12:19:00,2011-10-26 14:42:00,3.6382978723404253,0.009487227380914953,92.47178335833038
35648,VINTAGE BEAD PINK PURSE,1026,1238.74,133,52,4,1.63,2009-12-09 09:51:00,2011-11-30 17:37:00,7.714285714285714,0.009487227380914953,92.4812705857113
23548,WRAP MAGIC FOREST,1025,430.5,41,17,5,0.42,2011-07-20 14:39:00,2011-11-30 16:43:00,25.0,0.00947798057060217,92.49074856628191
23237,SET OF 4 KNICK KNACK TINS LEAF,1024,4154.04,169,26,12,4.15,2011-06-08 13:35:00,2011-12-04 13:54:00,6.059171597633136,0.009468733760289389,92.5002173000422
20770,ABSTRACT CIRCLE JOURNAL,1021,2129.39,199,76,6,2.55,2009-12-10 13:09:00,2011-11-27 11:47:00,5.130653266331659,0.009440993329351041,92.50965829337154
21426,WOODLAND STORAGE BOX SMALL,1021,1629.51,97,67,9,2.1,2009-12-09 09:42:00,2011-11-30 14:46:00,10.525773195876289,0.009440993329351041,92.5190992867009
21882,SKULLS TAPE,1021,478.24,114,62,6,0.65,2009-12-07 15:42:00,2011-11-28 13:26:00,8.956140350877194,0.009440993329351041,92.52854028003024
21333,CLASSIC WHITE FRAME,1021,3085.8900000000003,212,60,8,2.95,2009-12-07 15:26:00,2011-04-05 12:37:00,4.816037735849057,0.009440993329351041,92.53798127335959
23132,SMALL IVORY HEART WALL ORGANISER,1017,5107.93,149,31,4,5.75,2011-04-19 16:52:00,2011-12-04 12:44:00,6.825503355704698,0.00940400608809991,92.5473852794477
22374,AIRLINE BAG VINTAGE JET SET RED,1016,5054.05,425,91,13,4.25,2010-02-14 11:57:00,2011-12-04 12:44:00,2.3905882352941177,0.009394759277787127,92.55678003872548
21248,DOOR HANGER  MUM + DADS ROOM,1014,1255.52,153,74,8,1.45,2009-12-09 09:51:00,2011-11-30 14:05:00,6.627450980392157,0.009376265657161563,92.56615630438264
22283,6 EGG HOUSE PAINTED WOOD,1014,8382.15,373,96,9,7.95,2009-12-07 11:46:00,2011-11-30 10:06:00,2.7184986595174263,0.009376265657161563,92.57553257003981
21467,CHERRY CROCHET FOOD COVER,1012,3203.23,246,82,9,3.75,2009-12-11 10:37:00,2011-11-23 13:51:00,4.1138211382113825,0.009357772036535997,92.58489034207635
22947,WOODEN ADVENT CALENDAR RED,1011,12704.15,209,33,12,16.63,2010-09-16 12:27:00,2011-11-30 15:33:00,4.837320574162679,0.009348525226223214,92.59423886730258
22684,FRENCH BLUE METAL DOOR SIGN 9,1011,1339.98,161,60,7,1.25,2010-08-17 11:21:00,2011-12-02 11:53:00,6.279503105590062,0.009348525226223214,92.60358739252881
22248,DECORATION  PINK CHICK MAGIC GARDEN,1010,896.47,171,63,4,0.85,2009-12-13 13:39:00,2011-11-16 15:14:00,5.906432748538012,0.009339278415910432,92.61292667094472
79030D,TUMBLER BAROQUE,1009,711.64,61,38,5,0.97,2009-12-08 12:05:00,2011-11-10 19:40:00,16.540983606557376,0.00933003160559765,92.62225670255032
23299,FOOD COVER WITH BEADS SET 2,1008,3743.04,143,29,9,3.75,2011-05-04 13:57:00,2011-11-29 12:06:00,7.048951048951049,0.009320784795284866,92.6315774873456
21324,HANGING MEDINA LANTERN SMALL,1008,2828.01,174,60,6,2.95,2009-12-14 15:17:00,2011-05-09 16:37:00,5.793103448275862,0.009320784795284866,92.64089827214087
21219,SET/4 BADGES BALLOON GIRL,1007,1289.61,170,74,8,1.25,2009-12-07 09:18:00,2011-11-30 15:13:00,5.923529411764706,0.009311537984972085,92.65020981012584
21636,MADRAS NOTEBOOK MEDIUM,1007,976.89,96,46,4,0.75,2009-12-09 09:42:00,2011-12-02 16:34:00,10.489583333333334,0.009311537984972085,92.65952134811081
84569D,PACK 6 HEART/ICE-CREAM PATCHES,1007,1265.01,174,78,10,1.25,2009-12-07 15:15:00,2011-11-24 09:21:00,5.787356321839081,0.009311537984972085,92.66883288609579
22314,OFFICE MUG WARMER CHOC+BLUE,1006,3637.3,232,81,13,4.95,2009-12-07 10:41:00,2011-12-04 13:15:00,4.336206896551724,0.009302291174659302,92.67813517727045
20800,LARGE GLASS SUNDAE DISH CLEAR,1005,303.96,5,5,2,5.06,2010-01-11 09:37:00,2010-03-30 14:29:00,201.0,0.009293044364346519,92.68742822163479
84016,FLAG OF ST GEORGE CAR FLAG,1004,3791.67,62,22,2,0.42,2009-12-07 18:02:00,2011-09-14 16:36:00,16.193548387096776,0.009283797554033735,92.69671201918882
72799E,IVORY PILLAR CANDLE SILVER FLOCK,1001,2347.88,161,65,4,2.95,2009-12-11 12:45:00,2011-11-30 15:13:00,6.217391304347826,0.009256057123095388,92.70596807631192
21926,RED/CREAM STRIPE CUSHION COVER,1001,1315.27,146,60,4,1.25,2010-04-11 14:28:00,2011-11-29 17:52:00,6.8561643835616435,0.009256057123095388,92.71522413343502
22612,TEA COSY VINTAGE UNION JACK,1001,3984.99,109,24,4,3.75,2010-03-28 11:30:00,2010-09-28 12:44:00,9.18348623853211,0.009256057123095388,92.72448019055811
23691,WRAP KEEP CALM BIRTHDAY,1000,408.0,31,5,2,0.42,2011-11-02 11:52:00,2011-12-04 15:00:00,32.25806451612903,0.009246810312782605,92.7337270008709
21589,SWALLOW GIANT TUBE MATCHES,999,2299.05,78,26,5,2.55,2009-12-07 13:59:00,2010-06-17 10:30:00,12.807692307692308,0.009237563502469823,92.74296456437337
21726,MULTI HEARTS  STICKERS,996,860.4399999999999,146,61,7,0.85,2009-12-07 17:56:00,2011-11-06 14:14:00,6.821917808219178,0.009209823071531476,92.7521743874449
23061,VINTAGE EMBOSSED HEART,996,1307.72,114,32,4,1.25,2011-04-19 13:57:00,2011-12-01 17:56:00,8.736842105263158,0.009209823071531476,92.76138421051643
22977,DOLLY GIRL CHILDRENS EGG CUP,995,1305.23,136,42,5,1.25,2010-11-24 16:18:00,2011-12-02 16:39:00,7.3161764705882355,0.009200576261218693,92.77058478677765
22229,BUNNY WOODEN PAINTED WITH FLOWER,994,834.7099999999999,183,54,6,0.85,2009-12-07 11:46:00,2011-12-04 15:19:00,5.4316939890710385,0.00919132945090591,92.77977611622855
21808,"CHRISTMAS GARLAND STARS,TREES",992,2672.36,139,35,5,3.75,2009-12-09 14:48:00,2011-11-22 15:43:00,7.136690647482014,0.009172835830280345,92.78894895205883
22120,WELCOME  WOODEN BLOCK LETTERS,990,10014.699999999999,357,79,10,9.95,2009-12-07 11:05:00,2011-12-04 11:56:00,2.773109243697479,0.009154342209654779,92.79810329426849
21195,PINK  HONEYCOMB PAPER BALL,989,2101.46,148,57,7,2.1,2009-12-07 17:56:00,2011-05-17 16:09:00,6.6824324324324325,0.009145095399341998,92.80724838966783
22905,CALENDAR IN SEASON DESIGN,988,2799.94,182,48,6,2.95,2010-09-19 14:51:00,2011-12-02 12:02:00,5.428571428571429,0.009135848589029215,92.81638423825686
21724,PANDA AND BUNNIES STICKER SHEET,988,878.28,171,74,5,0.85,2009-12-07 18:02:00,2011-11-30 09:53:00,5.777777777777778,0.009135848589029215,92.82552008684588
21579,LOLITA  DESIGN  COTTON TOTE BAG,988,1459.84,129,68,12,2.25,2009-12-07 17:56:00,2011-11-25 16:14:00,7.658914728682171,0.009135848589029215,92.83465593543491
85035B,CHOCOLATE 3 WICK MORRIS BOX CANDLE,985,2535.04,130,51,5,4.25,2009-12-10 16:21:00,2011-10-27 19:56:00,7.576923076923077,0.009108108158090867,92.843764043593
22767,TRIPLE PHOTO FRAME CORNICE,985,9289.18,289,58,7,9.95,2010-10-10 12:45:00,2011-12-04 11:56:00,3.4083044982698962,0.009108108158090867,92.85287215175109
84989B,75 BLACK FAIRY CAKE CASES,985,496.95,56,25,3,0.55,2009-12-07 17:56:00,2010-08-08 15:53:00,17.589285714285715,0.009108108158090867,92.86198025990917
23255,CHILDRENS CUTLERY CIRCUS PARADE,984,3972.7200000000003,152,35,17,4.15,2011-04-10 12:53:00,2011-12-02 13:12:00,6.473684210526316,0.009098861347778084,92.87107912125695
21363,HOME SMALL WOOD LETTERS,984,5296.4800000000005,401,80,5,4.95,2010-01-05 14:32:00,2011-09-25 14:33:00,2.453865336658354,0.009098861347778084,92.88017798260474
21656,RIDGED GLASS POSY VASE,981,1606.76,138,64,7,1.45,2009-12-07 10:51:00,2011-05-03 16:06:00,7.108695652173913,0.009071120916839736,92.88924910352158
22845,VINTAGE CREAM CAT FOOD CONTAINER,979,6628.87,387,59,15,6.35,2010-10-15 15:38:00,2011-12-04 11:56:00,2.5297157622739017,0.00905262729621417,92.89830173081779
21707,FOLDING UMBRELLA BLACKBLUE POLKADOT,978,4051.3,166,70,10,4.95,2009-12-07 16:56:00,2011-12-02 12:13:00,5.891566265060241,0.009043380485901389,92.9073451113037
85162B,BLACK RETRODISC LAMPSHADE,977,1905.15,13,11,2,1.95,2009-12-07 16:28:00,2010-06-08 12:55:00,75.15384615384616,0.009034133675588606,92.91637924497928
23359,SET OF 12 T-LIGHTS VINTAGE DOILY,977,1841.11,77,18,4,1.95,2011-08-02 12:27:00,2011-12-02 13:46:00,12.688311688311689,0.009034133675588606,92.92541337865487
22278,OVERNIGHT BAG VINTAGE ROSE PAISLEY,977,5637.53,367,98,13,4.95,2009-12-07 13:49:00,2011-11-30 15:33:00,2.662125340599455,0.009034133675588606,92.93444751233045
16161G,WRAP BAD HAIR DAY,975,97.5,33,28,4,0.1,2010-01-19 17:12:00,2011-11-24 11:19:00,29.545454545454547,0.009015640054963041,92.94346315238542
84924F,PSYCHEDELIC METAL SIGN CALENDAR,975,274.55,10,8,2,2.27,2009-12-22 14:31:00,2011-07-29 17:19:00,97.5,0.009015640054963041,92.95247879244039
16161M,WRAP  PINK FLOCK,975,407.5,36,29,2,0.42,2009-12-07 15:42:00,2010-12-02 18:15:00,27.083333333333332,0.009015640054963041,92.96149443249536
85047,WHITE BEADED GARLAND STRING 20LIGHT,975,6194.28,223,45,4,6.35,2009-12-07 13:49:00,2011-01-27 15:36:00,4.37219730941704,0.009015640054963041,92.97051007255033
22946,WOODEN ADVENT CALENDAR CREAM,974,15026.67,274,43,12,16.95,2010-09-16 12:27:00,2011-12-04 12:44:00,3.5547445255474455,0.009006393244650258,92.97951646579497
23034,DRAWER KNOB CERAMIC BLACK,974,1434.06,86,24,8,1.45,2011-06-14 13:51:00,2011-12-04 12:18:00,11.325581395348838,0.009006393244650258,92.98852285903962
21537,RED RETROSPOT PUDDING BOWL,973,4193.91,247,81,12,4.25,2009-12-07 17:56:00,2011-12-01 09:20:00,3.9392712550607287,0.008997146434337475,92.99752000547396
21620,SET OF 4 ROSE BOTANICAL CANDLES,973,2014.29,200,65,5,2.46,2009-12-09 14:48:00,2011-12-04 14:15:00,4.865,0.008997146434337475,93.0065171519083
85226C,BLUE PULL BACK RACING CAR,973,508.91,79,34,3,0.55,2009-12-07 16:40:00,2010-11-09 13:50:00,12.316455696202532,0.008997146434337475,93.01551429834264
22778,GLASS CLOCHE SMALL,972,3844.46,194,53,7,3.95,2010-10-18 08:13:00,2011-11-24 12:48:00,5.010309278350515,0.008987899624024692,93.02450219796667
21318,GLASS CHALICE BLUE SMALL,972,900.42,93,47,7,1.65,2009-12-13 15:54:00,2011-05-09 16:30:00,10.451612903225806,0.008987899624024692,93.0334900975907
47570B,TEA TIME TABLE CLOTH,971,9600.970000000001,223,62,8,10.65,2009-12-07 09:42:00,2011-03-29 15:18:00,4.354260089686099,0.00897865281371191,93.04246875040441
22647,CERAMIC LOVE HEART MONEY BANK,970,882.41,77,44,4,1.45,2010-05-14 15:41:00,2011-12-04 14:15:00,12.597402597402597,0.008969406003399127,93.05143815640781
22032,BOTANICAL LILY GREETING CARD,968,413.08,110,56,7,0.42,2009-12-07 11:46:00,2011-11-25 10:20:00,8.8,0.008950912382773563,93.06038906879058
20941,FROG CANDLE,967,853.5699999999999,119,56,5,1.25,2009-12-08 11:27:00,2011-07-06 15:15:00,8.126050420168067,0.00894166557246078,93.06933073436305
21288,STRIPEY CHOCOLATE NESTING BOXES,965,2501.8500000000004,215,83,9,2.95,2009-12-07 12:32:00,2011-12-02 16:39:00,4.488372093023256,0.008923171951835214,93.07825390631488
23220,REINDEER HEART DECORATION GOLD,964,837.0799999999999,94,18,4,0.83,2011-06-09 13:09:00,2011-12-02 16:39:00,10.25531914893617,0.008913925141522432,93.08716783145641
15044C,PURPLE PAPER PARASOL,964,3015.32,228,82,7,2.95,2009-12-08 15:49:00,2011-11-27 13:26:00,4.228070175438597,0.008913925141522432,93.09608175659794
23283,DOORMAT VINTAGE LEAF,964,6729.88,218,26,9,7.95,2011-04-27 13:06:00,2011-12-04 10:11:00,4.422018348623853,0.008913925141522432,93.10499568173947
84969,BOX OF 6 ASSORTED COLOUR TEASPOONS,964,4254.64,338,92,13,4.25,2009-12-09 09:42:00,2011-12-04 13:00:00,2.8520710059171597,0.008913925141522432,93.113909606881
17084P,DRAGONS BLOOD INCENSE,963,211.41,68,45,2,0.42,2009-12-07 13:48:00,2011-11-22 15:41:00,14.161764705882353,0.00890467833120965,93.1228142852122
21009,ETCHED GLASS STAR TREE DECORATION,963,1389.99,92,23,3,1.25,2009-12-07 13:48:00,2010-12-17 17:30:00,10.467391304347826,0.00890467833120965,93.1317189635434
23056,FLOWERS CHANDELIER T-LIGHT HOLDER,963,2898.12,39,23,4,6.25,2011-04-19 14:56:00,2011-11-23 13:39:00,24.692307692307693,0.00890467833120965,93.14062364187461
22811,SET OF 6 T-LIGHTS CACTI,963,2784.39,129,47,4,2.95,2010-09-21 16:06:00,2011-12-04 14:55:00,7.465116279069767,0.00890467833120965,93.14952832020582
72225D,VANILLA SCENT CAKE CANDLE,962,219.45999999999998,11,8,2,0.29,2009-12-17 19:33:00,2010-05-13 10:15:00,87.45454545454545,0.008895431520896866,93.15842375172672
23130,MISTLETOE HEART WREATH GREEN,962,3988.98,184,28,5,4.15,2011-05-01 11:55:00,2011-12-04 14:45:00,5.228260869565218,0.008895431520896866,93.16731918324761
20772,GARDEN PATH JOURNAL,960,1820.82,156,66,6,2.55,2009-12-08 15:25:00,2011-11-30 17:37:00,6.153846153846154,0.008876937900271302,93.17619612114788
85068,CREAM SWEETHEART SHELF + HOOKS,959,6639.29,196,30,8,7.95,2010-04-29 11:53:00,2010-11-15 09:32:00,4.892857142857143,0.008867691089958519,93.18506381223784
21625,VINTAGE UNION JACK APRON,959,6803.38,325,97,9,6.95,2009-12-07 13:24:00,2011-12-01 15:05:00,2.9507692307692306,0.008867691089958519,93.1939315033278
22215,CAKE STAND WHITE TWO TIER LACE,958,8181.0,329,93,16,8.5,2009-12-07 11:41:00,2011-12-04 12:32:00,2.911854103343465,0.008858444279645735,93.20278994760744
22937,BAKING MOULD CHOCOLATE CUPCAKES,958,2522.72,157,40,11,2.55,2010-12-08 10:40:00,2011-11-24 09:26:00,6.101910828025478,0.008858444279645735,93.21164839188708
84827,ASS DES PHONE SPONGE CRAFT STICKER,956,483.4,27,22,4,0.65,2009-12-08 13:56:00,2011-10-20 15:57:00,35.407407407407405,0.008839950659020171,93.2204883425461
21520,BOOZE & WOMEN GREETING CARD,955,409.94,106,57,5,0.42,2009-12-08 08:48:00,2011-11-30 15:13:00,9.00943396226415,0.008830703848707388,93.2293190463948
21530,DAIRY MAID TOASTRACK,954,1350.7900000000002,158,75,4,2.95,2009-12-09 09:42:00,2011-12-02 16:39:00,6.037974683544304,0.008821457038394607,93.2381405034332
22313,OFFICE MUG WARMER PINK,954,3085.48,129,62,11,2.95,2009-12-07 10:41:00,2011-12-04 13:15:00,7.395348837209302,0.008821457038394607,93.2469619604716
84927D,LA PALMIERA TILE HOOK,953,211.29000000000002,28,20,4,2.1,2010-04-18 15:53:00,2011-07-25 13:57:00,34.035714285714285,0.008812210228081823,93.25577417069968
21109,"LARGE CAKE TOWEL, CHOCOLATE SPOTS",953,3996.0099999999998,204,74,8,6.75,2009-12-07 17:56:00,2011-12-04 15:19:00,4.671568627450981,0.008812210228081823,93.26458638092777
16156L,"WRAP, CAROUSEL",950,399.0,36,33,8,0.42,2010-01-10 12:25:00,2011-12-02 10:22:00,26.38888888888889,0.008784469797143476,93.27337085072492
84031A,CHARLIE+LOLA RED HOT WATER BOTTLE,947,3950.03,291,72,10,4.21,2009-12-07 14:58:00,2011-12-04 15:28:00,3.254295532646048,0.008756729366205128,93.28212758009113
23129,HEART SHAPED HOLLY WREATH,947,3974.63,170,25,10,4.15,2011-05-18 15:39:00,2011-12-02 16:39:00,5.570588235294117,0.008756729366205128,93.29088430945734
47591C,BLUE FAIRY CAKE CHILD'S APRON,947,1808.18,141,33,4,1.95,2009-12-07 09:42:00,2010-08-15 13:18:00,6.716312056737588,0.008756729366205128,93.29964103882355
21638,ASSORTED TUTTI FRUTTI NOTEBOOK,945,2045.8400000000001,130,63,6,2.1,2009-12-07 17:56:00,2011-11-29 12:34:00,7.269230769230769,0.008738235745579562,93.30837927456913
21424,WOODLAND STORAGE BOX LARGE,945,2832.14,139,70,8,5.91,2009-12-09 09:42:00,2011-10-25 17:31:00,6.798561151079137,0.008738235745579562,93.31711751031472
22233,JIGSAW RABBIT AND BIRDHOUSE,944,1204.4599999999998,162,67,8,1.65,2009-12-09 13:49:00,2011-12-04 15:19:00,5.827160493827161,0.008728988935266779,93.32584649924998
22252,BIRDCAGE DECORATION TEALIGHT HOLDER,944,1160.56,112,66,11,1.25,2009-12-10 17:27:00,2011-11-23 14:07:00,8.428571428571429,0.008728988935266779,93.33457548818524
85188A,GREEN METAL SWINGING BUNNY,944,824.9699999999999,105,26,3,0.85,2009-12-09 09:42:00,2011-04-21 10:19:00,8.99047619047619,0.008728988935266779,93.3433044771205
22642,SET OF 4 NAPKIN CHARMS STARS,942,2303.0,135,43,6,2.55,2010-07-18 12:49:00,2011-12-04 15:19:00,6.977777777777778,0.008710495314641215,93.35201497243514
16254,TRANSPARENT ACRYLIC TAPE DISPENSER,941,305.66,40,24,2,1.63,2010-01-11 09:30:00,2011-11-30 14:17:00,23.525,0.008701248504328431,93.36071622093947
16051,TEATIME PENCIL W STAMP ASST,941,84.69,4,4,3,0.42,2009-12-10 15:45:00,2010-06-09 13:08:00,235.25,0.008701248504328431,93.36941746944379
21448,12 DAISY PEGS IN WOOD BOX,939,1613.7699999999998,207,79,2,1.65,2009-12-07 15:26:00,2011-10-16 12:06:00,4.536231884057971,0.008682754883702867,93.3781002243275
23131,MISTLETOE HEART WREATH CREAM,939,3823.53,114,32,5,4.15,2011-04-26 16:45:00,2011-11-30 15:50:00,8.236842105263158,0.008682754883702867,93.3867829792112
85032B,BLOSSOM IMAGES GIFT WRAP SET,939,920.4900000000001,144,52,8,0.65,2010-01-22 14:17:00,2011-12-02 16:39:00,6.520833333333333,0.008682754883702867,93.39546573409491
22933,BAKING MOULD EASTER EGG MILK CHOC,938,2577.1800000000003,120,25,6,2.95,2010-12-09 12:20:00,2011-11-22 12:07:00,7.816666666666666,0.008673508073390084,93.4041392421683
22180,RETROSPOT LAMP,938,9741.75,398,94,14,9.95,2009-12-08 08:48:00,2011-11-07 12:06:00,2.35678391959799,0.008673508073390084,93.41281275024168
16258B,DAISY ERASERS IN BAG,935,186.6,10,3,1,0.19,2009-12-08 13:04:00,2009-12-22 12:01:00,93.5,0.008645767642451736,93.42145851788413
72800B,4 PURPLE FLOCK DINNER CANDLES,935,1235.52,85,50,4,2.55,2009-12-09 09:42:00,2011-11-30 10:54:00,11.0,0.008645767642451736,93.43010428552658
47504H,ENGLISH ROSE SPIRIT LEVEL,934,1009.32,130,52,7,1.6,2010-01-13 17:08:00,2011-12-04 12:32:00,7.184615384615385,0.008636520832138953,93.43874080635872
85131B,BEADED CRYSTAL HEART GREEN ON STICK,934,719.12,213,65,1,0.83,2009-12-16 17:58:00,2011-12-02 16:39:00,4.384976525821596,0.008636520832138953,93.44737732719086
22256,FELT FARM ANIMAL CHICKEN,933,1200.07,119,43,8,1.25,2009-12-07 11:46:00,2011-09-07 16:48:00,7.840336134453781,0.008627274021826172,93.45600460121268
22092,BLUE PAISLEY TISSUE BOX,930,591.74,138,59,7,0.39,2009-12-18 14:08:00,2011-12-02 13:49:00,6.739130434782608,0.008599533590887823,93.46460413480357
21454,PAINTED PINK RABBIT,930,800.87,192,59,3,0.85,2010-01-11 09:37:00,2011-11-29 15:09:00,4.84375,0.008599533590887823,93.47320366839445
23093,SMALL PARISIENNE HEART PHOTO FRAME,930,2194.6000000000004,138,30,3,2.49,2011-05-11 12:32:00,2011-12-02 11:16:00,6.739130434782608,0.008599533590887823,93.48180320198533
22497,SET OF 2 TINS VINTAGE BATHROOM,928,4234.82,278,83,13,4.25,2010-01-31 12:27:00,2011-11-25 11:54:00,3.338129496402878,0.008581039970262258,93.4903842419556
21822,GLITTER CHRISTMAS TREE WITH BELLS,928,1212.89,127,31,4,1.63,2009-12-11 15:40:00,2011-12-04 15:00:00,7.307086614173229,0.008581039970262258,93.49896528192586
23273,HEART T-LIGHT HOLDER WILLIE WINKIE,927,1564.9899999999998,104,26,8,1.65,2011-06-05 14:06:00,2011-12-02 16:39:00,8.913461538461538,0.008571793159949475,93.5075370750858
84815,SET OF 3 DANISH ROSE PLANTERS,926,1183.8200000000002,53,24,9,4.25,2009-12-10 16:39:00,2010-06-15 16:17:00,17.471698113207548,0.008562546349636694,93.51609962143544
21396,RED SPOTTY EGG CUP,926,1158.13,73,17,6,1.25,2009-12-07 13:52:00,2010-05-16 11:24:00,12.684931506849315,0.008562546349636694,93.52466216778508
85173,SET/6 FROG PRINCE T-LIGHT CANDLES,926,1678.0,141,72,4,2.55,2009-12-10 20:16:00,2011-11-30 14:46:00,6.567375886524823,0.008562546349636694,93.53322471413472
22438,BALLOON ART MAKE YOUR OWN FLOWERS,924,1700.83,154,63,6,1.95,2010-04-11 13:01:00,2011-12-04 11:45:00,6.0,0.008544052729011127,93.54176876686373
23123,COCKTAIL SWORDS 50 PIECES,921,747.15,92,23,5,0.83,2011-06-17 11:38:00,2011-12-04 15:19:00,10.01086956521739,0.00851631229807278,93.5502850791618
21683,MEDIUM MEDINA STAMPED METAL BOWL,920,2704.09,147,74,6,2.95,2009-12-10 12:10:00,2011-11-20 11:37:00,6.258503401360544,0.008507065487759997,93.55879214464956
21534,DAIRY MAID LARGE MILK JUG,919,4674.59,333,99,4,4.95,2009-12-10 14:48:00,2011-12-01 19:54:00,2.75975975975976,0.008497818677447215,93.567289963327
22068,BLACK PIRATE TREASURE CHEST,919,1859.7499999999998,249,94,4,1.65,2009-12-09 09:51:00,2011-11-29 16:33:00,3.6907630522088355,0.008497818677447215,93.57578778200444
85132B,CHARLIE AND LOLA TABLE TINS,917,2747.63,121,38,8,1.95,2009-12-07 13:35:00,2011-06-19 13:26:00,7.578512396694215,0.00847932505682165,93.58426710706127
16258A,SWIRLY CIRCULAR RUBBERS IN BAG,915,345.25,95,51,6,0.42,2009-12-11 15:40:00,2011-12-04 13:15:00,9.631578947368421,0.008460831436196085,93.59272793849746
22838,3 TIER CAKE TIN RED AND CREAM,914,13044.38,265,49,13,14.95,2010-10-14 12:49:00,2011-12-02 14:48:00,3.449056603773585,0.008451584625883302,93.60117952312335
22474,SPACEBOY TV DINNER TRAY,912,4576.49,241,74,15,4.95,2010-03-08 08:45:00,2011-12-04 14:55:00,3.784232365145228,0.008433091005257737,93.60961261412861
20666,ECONOMY HOLIDAY PURSE,911,412.45000000000005,46,28,4,2.51,2009-12-08 15:12:00,2011-07-20 16:12:00,19.804347826086957,0.008423844194944954,93.61803645832356
21466,RED FLOWER CROCHET FOOD COVER,911,3400.28,267,88,4,3.75,2009-12-09 09:51:00,2011-11-30 09:00:00,3.411985018726592,0.008423844194944954,93.62646030251851
85130B,BEADED CRYSTAL HEART GREEN LARGE,910,917.54,82,50,3,1.12,2010-01-11 09:35:00,2011-11-20 15:36:00,11.097560975609756,0.008414597384632171,93.63487489990314
21557,SET OF 6 FUNKY BEAKERS,910,3074.75,291,92,6,2.95,2009-12-07 13:59:00,2011-11-30 15:13:00,3.127147766323024,0.008414597384632171,93.64328949728777
22275,WEEKEND BAG VINTAGE ROSE PAISLEY,910,7569.33,294,46,10,8.5,2009-12-07 09:42:00,2010-12-02 16:51:00,3.0952380952380953,0.008414597384632171,93.6517040946724
23244,ROUND STORAGE TIN VINTAGE LEAF,910,1678.9199999999998,106,26,11,1.95,2011-06-08 13:35:00,2011-12-04 13:54:00,8.584905660377359,0.008414597384632171,93.66011869205703
85054,FRENCH ENAMEL POT W LID,909,2458.92,202,88,9,2.95,2009-12-08 17:10:00,2011-11-28 15:54:00,4.5,0.008405350574319388,93.66852404263135
79051A,SMOKEY GREY COLOUR D.O.F. GLASS,907,361.52,51,36,4,0.29,2009-12-09 09:51:00,2011-12-04 12:18:00,17.784313725490197,0.008386856953693823,93.67691089958504
22611,VINTAGE UNION JACK SHOPPING BAG,907,4338.63,195,58,8,4.95,2010-03-28 11:30:00,2011-11-25 11:58:00,4.651282051282052,0.008386856953693823,93.68529775653873
23013,GLASS APOTHECARY BOTTLE TONIC,906,3559.6600000000003,213,25,8,3.95,2011-06-14 14:49:00,2011-12-04 15:54:00,4.253521126760563,0.00837761014338104,93.69367536668211
72807A,SET/3 ROSE CANDLE IN JEWELLED BOX,905,4128.39,210,81,9,4.25,2009-12-09 09:51:00,2011-11-24 09:26:00,4.309523809523809,0.008368363333068259,93.70204373001518
35598B,BLACK CHRISTMAS TREE 60CM,904,838.32,53,28,8,2.95,2009-12-07 12:32:00,2011-11-30 17:22:00,17.056603773584907,0.008359116522755476,93.71040284653793
47518F,ICON PLACEMAT POP ART ELVIS,903,153.14,34,27,5,0.12,2010-01-26 13:15:00,2011-11-29 12:09:00,26.558823529411764,0.008349869712442693,93.71875271625038
21188,3D HEARTS  HONEYCOMB PAPER GARLAND,900,2735.94,127,69,7,2.95,2009-12-07 18:02:00,2011-08-03 10:56:00,7.086614173228346,0.008322129281504345,93.72707484553189
16169F,WRAP BLIZZARD,900,378.0,31,10,2,0.42,2009-12-07 10:42:00,2010-10-17 16:08:00,29.032258064516128,0.008322129281504345,93.7353969748134
21719,LOVELY BONBON STICKER SHEET,899,802.3,136,74,8,0.85,2009-12-09 09:51:00,2011-12-02 16:39:00,6.610294117647059,0.008312882471191562,93.74370985728459
79160,HEART SHAPE WIRELESS DOORBELL,899,1854.63,200,69,2,2.1,2009-12-07 15:26:00,2011-12-02 13:49:00,4.495,0.008312882471191562,93.75202273975577
85231L,LAVENDER SCENTED SET/9 T-LIGHTS,899,719.3499999999999,100,17,3,0.85,2009-12-07 11:05:00,2010-05-02 15:10:00,8.99,0.008312882471191562,93.76033562222696
21688,SILVER PLATE CANDLE BOWL SMALL,898,2798.1700000000005,140,72,5,2.95,2009-12-09 09:51:00,2011-11-30 09:53:00,6.414285714285715,0.00830363566087878,93.76863925788784
22253,6 CROCHET STRAWBERRIES,898,1075.78,81,17,6,1.25,2009-12-07 10:41:00,2010-04-08 13:19:00,11.08641975308642,0.00830363566087878,93.77694289354872
20661,BLUE SPOTTY PURSE,897,974.0200000000001,122,57,7,2.51,2009-12-07 16:56:00,2011-12-01 16:22:00,7.352459016393443,0.008294388850565998,93.7852372823993
21645,ASSORTED TUTTI FRUTTI ROUND BOX,896,1513.2999999999997,124,44,6,1.65,2009-12-07 18:02:00,2010-11-16 16:08:00,7.225806451612903,0.008285142040253215,93.79352242443954
21455,PAINTED YELLOW WOODEN DAISY,895,792.17,166,56,2,0.85,2010-01-28 09:09:00,2011-11-28 14:06:00,5.391566265060241,0.008275895229940431,93.80179831966949
82613B,"METAL SIGN,CUPCAKE SINGLE HOOK",892,977.93,219,87,10,1.25,2009-12-08 15:49:00,2011-12-02 16:39:00,4.073059360730594,0.008248154799002084,93.81004647446849
21040,MODERN VINTAGE COTTON SHOPPING BAG,892,1115.51,67,31,6,2.55,2009-12-08 15:25:00,2011-03-15 15:37:00,13.313432835820896,0.008248154799002084,93.8182946292675
35967,FOLK ART METAL STAR T-LIGHT HOLDER,890,453.63,105,48,2,0.38,2009-12-07 13:06:00,2011-12-02 16:39:00,8.476190476190476,0.00822966117837652,93.82652429044587
48197,DOOR MAT BIRD ON THE WIRE,890,5837.400000000001,219,33,6,7.49,2009-12-07 13:48:00,2010-07-28 15:14:00,4.063926940639269,0.00822966117837652,93.83475395162425
22100,SKULLS SQUARE TISSUE BOX,890,654.21,121,61,6,1.25,2009-12-07 15:42:00,2011-12-01 16:22:00,7.355371900826446,0.00822966117837652,93.84298361280263
22687,DOORMAT CHRISTMAS VILLAGE,887,5651.63,144,33,7,7.95,2010-06-28 13:53:00,2011-11-29 16:33:00,6.159722222222222,0.008201920747438172,93.85118553355007
21432,SET OF 3 CASES WOODLAND DESIGN,882,5096.91,227,47,14,5.95,2009-12-07 12:26:00,2010-11-19 13:07:00,3.8854625550660793,0.008155686695874258,93.85934122024594
85071D,CHARLIE+LOLA MY ROOM DOOR SIGN,881,540.75,109,49,2,0.39,2009-12-08 13:04:00,2011-12-04 15:19:00,8.082568807339449,0.008146439885561475,93.8674876601315
22221,CAKE STAND LOVEBIRD 2 TIER PINK,881,6631.53,152,79,12,9.95,2009-12-17 13:15:00,2011-12-04 12:14:00,5.796052631578948,0.008146439885561475,93.87563410001707
85162C,WHITE RETRODISC LAMPSHADE,880,1794.8999999999999,45,18,2,1.95,2009-12-07 16:28:00,2010-06-08 12:53:00,19.555555555555557,0.008137193075248694,93.88377129309231
21352,EUCALYPTUS & PINECONE  WREATH,877,3090.03,156,43,3,5.91,2009-12-07 17:56:00,2011-11-15 16:42:00,5.621794871794871,0.008109452644310344,93.89188074573661
22856,ASSORTED EASTER DECORATIONS  BELLS,877,1059.8500000000001,32,21,5,1.25,2010-10-17 11:58:00,2011-11-20 11:50:00,27.40625,0.008109452644310344,93.89999019838092
23138,SINGLE WIRE HOOK IVORY HEART,877,1224.9299999999998,81,33,3,1.45,2011-04-21 10:19:00,2011-11-30 15:13:00,10.82716049382716,0.008109452644310344,93.90809965102522
85036C,ROSE 1 WICK MORRIS BOXED CANDLE,875,1616.27,126,52,3,4.25,2009-12-07 14:58:00,2011-11-23 13:46:00,6.944444444444445,0.00809095902368478,93.91619061004891
20868,SILVER FABRIC MIRROR,874,514.09,66,40,4,0.85,2009-12-09 12:57:00,2011-11-30 11:17:00,13.242424242424242,0.008081712213371997,93.92427232226228
21744,SNOWFLAKE PORTABLE TABLE LIGHT,874,2626.36,213,43,6,2.95,2009-12-07 12:42:00,2011-11-24 13:40:00,4.103286384976526,0.008081712213371997,93.93235403447565
22721,SET OF 3 CAKE TINS SKETCHBOOK,873,4332.12,272,49,12,4.95,2010-12-14 11:48:00,2011-12-04 15:28:00,3.2095588235294117,0.008072465403059215,93.94042649987871
21652,GLASS ETCHED T-LIGHT HOLDER MEDIUM,872,1701.1399999999999,77,28,7,1.95,2009-12-14 08:40:00,2010-08-05 11:30:00,11.324675324675324,0.008063218592746432,93.94848971847146
84327A,PINK JUMPER LARRY THE LAMB,872,1657.25,113,34,2,2.1,2009-12-08 11:27:00,2010-08-05 14:35:00,7.716814159292035,0.008063218592746432,93.95655293706422
22660,DOORMAT I LOVE LONDON,871,5768.61,193,65,14,7.95,2010-06-28 13:53:00,2011-12-02 13:28:00,4.512953367875648,0.00805397178243365,93.96460690884665
21775,DECORATIVE FLORE BATHROOM BOTTLE,869,1313.77,272,90,4,2.46,2009-12-07 17:56:00,2011-12-01 16:22:00,3.1948529411764706,0.008035478161808085,93.97264238700845
22932,BAKING MOULD TOFFEE CUP CHOCOLATE,868,1960.0800000000002,69,37,7,2.55,2010-12-08 10:40:00,2011-11-16 11:46:00,12.579710144927537,0.008026231351495302,93.98066861835994
21528,DAIRY MAID TRADITIONAL TEAPOT,868,5482.36,251,94,5,6.95,2009-12-09 09:42:00,2011-11-29 15:09:00,3.458167330677291,0.008026231351495302,93.98869484971144
20840,FRENCH FLORAL CUSHION COVER,868,1397.32,89,44,6,2.55,2009-12-18 12:33:00,2011-12-02 13:20:00,9.752808988764045,0.008026231351495302,93.99672108106293
23541,WALL ART CLASSIC PUDDINGS,865,6715.84,148,10,4,8.25,2011-10-02 14:37:00,2011-12-01 16:22:00,5.844594594594595,0.007998490920556954,94.00471957198349
72802A,ROSE SCENT CANDLE IN JEWELLED BOX,865,3602.77,180,77,7,4.25,2009-12-07 14:58:00,2011-12-01 11:18:00,4.805555555555555,0.007998490920556954,94.01271806290404
22688,DOORMAT PEACE ON EARTH BLUE,864,4748.45,92,32,7,7.95,2010-06-28 13:53:00,2011-12-02 16:38:00,9.391304347826088,0.007989244110244171,94.02070730701429
21865,PINK UNION JACK  PASSPORT COVER,861,1998.94,284,91,3,2.1,2009-12-07 14:58:00,2011-12-02 16:39:00,3.0316901408450705,0.007961503679305823,94.0286688106936
22280,POCKET BAG PINK PAISELY BROWN SPOT,860,1211.73,151,65,6,1.25,2009-12-10 12:03:00,2011-11-30 17:37:00,5.695364238410596,0.00795225686899304,94.03662106756259
84660A,WHITE STITCHED WALL CLOCK,860,855.26,51,28,3,0.79,2009-12-18 17:15:00,2011-10-03 16:46:00,16.862745098039216,0.00795225686899304,94.04457332443158
23087,ZINC  HEART T-LIGHT HOLDER,860,1070.98,65,24,3,1.25,2011-05-13 12:13:00,2011-12-01 16:22:00,13.23076923076923,0.00795225686899304,94.05252558130057
22781,GUMBALL MAGAZINE RACK,858,6925.9400000000005,301,59,9,7.65,2010-10-17 10:56:00,2011-12-02 16:39:00,2.8504983388704317,0.007933763248367476,94.06045934454895
21286,RETRO SPOT CANDLE  LARGE,858,1505.6299999999999,88,47,8,2.55,2009-12-07 17:56:00,2011-12-02 15:39:00,9.75,0.007933763248367476,94.06839310779732
23489,VINTAGE BELLS GARLAND,858,2529.98,148,7,4,2.89,2011-10-20 10:10:00,2011-12-04 14:55:00,5.797297297297297,0.007933763248367476,94.0763268710457
23526,WALL ART DOG LICENCE,856,5247.34,131,9,5,5.95,2011-10-03 11:01:00,2011-12-04 14:55:00,6.534351145038168,0.00791526962774191,94.08424214067344
21145,ANTIQUE GLASS PLACE SETTING,856,1226.47,47,31,3,1.25,2009-12-07 13:24:00,2011-11-16 13:25:00,18.21276595744681,0.00791526962774191,94.09215741030118
21665,TRIANGULAR RIDGED GLASS POSY HOLDER,855,616.9000000000001,71,20,3,0.65,2009-12-09 09:51:00,2010-05-26 13:38:00,12.04225352112676,0.007906022817429128,94.1000634331186
37500,TEA TIME TEAPOT IN GIFT BOX,855,6545.29,251,86,14,9.95,2009-12-08 11:22:00,2011-12-04 11:45:00,3.406374501992032,0.007906022817429128,94.10796945593603
21202,DOLLY HONEYCOMB GARLAND,854,1103.48,66,50,6,1.65,2009-12-14 11:30:00,2011-11-17 11:02:00,12.93939393939394,0.007896776007116345,94.11586623194314
21723,ALPHABET HEARTS STICKER SHEET,853,754.75,130,69,6,0.85,2009-12-07 17:56:00,2011-11-30 14:00:00,6.561538461538461,0.007887529196803562,94.12375376113995
23530,WALL ART ONLY ONE PERSON,853,3629.7400000000002,79,9,5,4.95,2011-10-03 11:37:00,2011-12-02 14:30:00,10.79746835443038,0.007887529196803562,94.13164129033676
21693,SMALL HAMMERED SILVER CANDLEPOT,853,2595.5200000000004,117,65,6,2.95,2009-12-08 15:49:00,2011-11-30 15:13:00,7.2905982905982905,0.007887529196803562,94.13952881953357
72038P,PRICE'S CANDLE PEACH,850,100.5,8,8,1,0.21,2010-01-04 12:57:00,2010-08-27 12:18:00,106.25,0.007859788765865214,94.14738860829944
22039,BOTANICAL LILY GIFT WRAP,850,353.0,30,23,3,0.42,2009-12-22 12:05:00,2011-10-25 13:46:00,28.333333333333332,0.007859788765865214,94.15524839706531
22425,ENAMEL COLANDER CREAM,849,4281.740000000001,297,79,8,4.95,2010-05-16 11:35:00,2011-12-01 16:22:00,2.8585858585858586,0.007850541955552431,94.16309893902086
84817,DANISH ROSE DECORATIVE PLATE,849,855.5400000000001,71,48,9,2.1,2010-02-08 13:56:00,2011-12-01 19:54:00,11.95774647887324,0.007850541955552431,94.1709494809764
16052,TEATIME PUSH DOWN RUBBER,848,281.32,35,27,3,0.42,2009-12-16 17:01:00,2011-06-09 19:33:00,24.228571428571428,0.00784129514523965,94.17879077612164
21897,POTTING SHED CANDLE CITRONELLA,848,2585.17,101,42,4,2.95,2009-12-07 13:59:00,2011-04-27 11:47:00,8.396039603960396,0.00784129514523965,94.18663207126689
22911,PAPER CHAIN KIT LONDON,847,2436.65,163,54,7,2.95,2010-09-19 13:05:00,2011-12-01 18:43:00,5.196319018404908,0.007832048334926867,94.19446411960182
23014,GLASS APOTHECARY BOTTLE ELIXIR,846,3341.0200000000004,201,24,9,3.95,2011-06-14 13:04:00,2011-12-04 13:32:00,4.208955223880597,0.007822801524614084,94.20228692112643
17012C,ORIGAMI LAVENDER INCENSE/CANDL SET,846,935.4599999999999,109,59,3,2.46,2010-02-05 11:32:00,2011-12-04 13:45:00,7.761467889908257,0.007822801524614084,94.21010972265104
85032C,CURIOUS IMAGES GIFT WRAP SET,845,904.7700000000001,152,55,6,1.63,2009-12-08 12:33:00,2011-12-01 16:22:00,5.559210526315789,0.007813554714301302,94.21792327736534
79320,FLAMINGO LIGHTS,845,4092.62,143,40,7,4.95,2009-12-07 09:18:00,2010-09-22 15:12:00,5.909090909090909,0.007813554714301302,94.22573683207965
84676,BATH DUCK WATERING CAN,844,2090.6600000000003,108,29,6,2.95,2009-12-07 13:57:00,2010-08-18 11:16:00,7.814814814814815,0.007804307903988519,94.23354113998363
23080,RED METAL BOX TOP SECRET,844,7167.76,235,30,13,8.25,2011-05-11 10:18:00,2011-12-04 14:55:00,3.5914893617021275,0.007804307903988519,94.24134544788761
22495,SET OF 2 ROUND TINS CAMEMBERT,843,2580.69,221,73,13,2.95,2010-01-29 13:46:00,2011-12-02 16:39:00,3.81447963800905,0.007795061093675736,94.24914050898128
21732,RED HANGING METAL STAR TLIGHT HLDR,842,2919.4500000000003,48,27,2,3.75,2009-12-07 11:35:00,2010-09-28 09:34:00,17.541666666666668,0.007785814283362954,94.25692632326465
23184,BULL DOG BOTTLE OPENER,841,4525.2300000000005,251,39,9,4.95,2011-03-06 10:05:00,2011-12-04 15:19:00,3.350597609561753,0.007776567473050171,94.2647028907377
21735,TWO DOOR CURIO CABINET,839,10854.61,253,72,5,12.75,2009-12-07 17:56:00,2011-09-16 13:53:00,3.316205533596838,0.0077580738524246065,94.27246096459012
23249,VINTAGE RED ENAMEL TRIM PLATE,839,1421.1499999999999,79,25,7,1.65,2011-06-14 10:00:00,2011-12-04 12:31:00,10.620253164556962,0.0077580738524246065,94.28021903844255
85170A,SET/6 IVORY BIRD T-LIGHT CANDLES,839,1563.96,80,42,2,2.1,2009-12-07 18:02:00,2010-12-07 15:54:00,10.4875,0.0077580738524246065,94.28797711229498
23404,HOME SWEET HOME BLACKBOARD,836,3903.21,158,13,7,4.95,2011-09-05 10:15:00,2011-12-04 12:44:00,5.291139240506329,0.007730333421486258,94.29570744571647
22450,SILK PURSE BABUSHKA BLUE,834,2798.28,180,61,13,3.35,2010-03-17 10:34:00,2011-11-28 15:34:00,4.633333333333334,0.007711839800860693,94.30341928551734
22263,FELT EGG COSY LADYBIRD,834,624.9,103,55,5,0.85,2009-12-07 17:56:00,2011-11-28 15:54:00,8.097087378640778,0.007711839800860693,94.3111311253182
79336,LIGHT PINK FLOCK GLASS CANDLEHOLDER,833,358.23,19,18,2,0.38,2009-12-09 09:42:00,2011-09-02 15:48:00,43.8421052631579,0.0077025929905479105,94.31883371830875
21442,GREEN BIRDHOUSE DECORATION,833,678.37,129,70,7,0.85,2009-12-15 18:33:00,2011-11-20 13:33:00,6.457364341085271,0.0077025929905479105,94.32653631129931
85215,ASSORTED CHEESE FRIDGE MAGNETS,831,643.89,66,43,7,0.65,2009-12-10 20:16:00,2011-08-10 15:29:00,12.590909090909092,0.007684099369922345,94.33422041066923
21617,4 LILY  BOTANICAL DINNER CANDLES,831,2123.76,167,68,3,3.75,2009-12-08 11:52:00,2011-11-21 15:18:00,4.976047904191617,0.007684099369922345,94.34190451003916
20990,SPRING FLOWER CHOPSTICKS SET/5,831,1581.34,96,25,3,1.95,2009-12-07 18:02:00,2010-06-13 11:36:00,8.65625,0.007684099369922345,94.34958860940908
35001W,HAND OPEN SHAPE DECO.WHITE,830,2605.04,181,45,2,3.49,2009-12-07 11:35:00,2010-12-16 10:08:00,4.585635359116022,0.007674852559609563,94.35726346196869
22069,BROWN  PIRATE TREASURE CHEST,830,1997.87,244,87,5,3.36,2009-12-07 18:02:00,2011-12-01 16:22:00,3.401639344262295,0.007674852559609563,94.36493831452829
22516,CHILDS GARDEN RAKE BLUE,829,1659.3000000000002,158,55,6,2.1,2010-03-28 11:30:00,2011-12-02 16:39:00,5.246835443037975,0.00766560574929678,94.37260392027758
23531,WALL ART BIG LOVE,829,4791.33,102,9,4,6.95,2011-10-03 11:37:00,2011-12-01 18:43:00,8.127450980392156,0.00766560574929678,94.38026952602688
23347,I LOVE LONDON BEAKER,829,1031.29,91,20,7,1.25,2011-07-24 16:15:00,2011-12-02 16:39:00,9.10989010989011,0.00766560574929678,94.38793513177617
21348,PINK SPOTS CHOCOLATE NESTING BOXES,829,1989.4,128,46,6,2.95,2009-12-08 12:05:00,2011-01-26 10:51:00,6.4765625,0.00766560574929678,94.39560073752547
21076,SET/20 COLLAGE PAPER NAPKIN,826,700.0999999999999,90,14,5,0.85,2009-12-09 10:48:00,2010-03-16 13:28:00,9.177777777777777,0.007637865318358432,94.40323860284383
21827,EIGHT PIECE CREEPY CRAWLIE SET,822,1043.4,127,45,4,1.25,2009-12-07 11:39:00,2011-03-29 17:23:00,6.47244094488189,0.007600878077107302,94.41083948092094
17164D,ASS COL SMALL SAND FROG P'WEIGHT,821,323.21999999999997,24,10,1,0.42,2009-12-07 13:57:00,2010-03-19 10:02:00,34.208333333333336,0.007591631266794519,94.41843111218773
20850,ZINC HEART LATTICE PLANTER BOWL,820,713.8000000000001,23,15,2,2.95,2010-01-06 10:53:00,2010-11-11 15:09:00,35.65217391304348,0.007582384456481736,94.42601349664422
22626,BLACK KITCHEN SCALES,818,7008.05,334,81,18,8.5,2010-04-30 15:57:00,2011-12-04 15:19:00,2.4491017964071857,0.007563890835856172,94.43357738748007
22842,BISCUIT TIN VINTAGE RED,817,5295.29,236,57,14,6.75,2010-10-13 16:17:00,2011-11-29 15:09:00,3.461864406779661,0.007554644025543389,94.44113203150562
85034A,3 GARDENIA MORRIS BOXED CANDLES,815,2234.83,130,56,4,4.25,2009-12-08 09:46:00,2011-11-23 09:34:00,6.269230769230769,0.007536150404917823,94.44866818191053
84467,ENGLISH ROSE DESIGN QUILTED THROW,815,17437.71,82,16,4,25.49,2009-12-10 12:10:00,2010-07-27 08:57:00,9.939024390243903,0.007536150404917823,94.45620433231545
44235,ASS COL CIRCLE MOBILE,814,302.99999999999994,21,18,1,0.42,2010-01-13 15:24:00,2011-12-02 13:21:00,38.76190476190476,0.007526903594605041,94.46373123591006
84625A,PINK NEW BAROQUECANDLESTICK CANDLE,812,1166.7,79,47,8,2.95,2009-12-07 13:59:00,2011-11-29 15:09:00,10.278481012658228,0.007508409973979476,94.47123964588404
84596J,MIXED NUTS LIGHT GREEN BOWL,810,621.74,138,56,5,1.25,2009-12-09 09:42:00,2011-05-23 09:43:00,5.869565217391305,0.0074899163533539105,94.47872956223739
22846,BREAD BIN DINER STYLE RED,810,12977.55,338,55,20,16.95,2010-10-14 13:38:00,2011-12-04 15:54:00,2.396449704142012,0.0074899163533539105,94.48621947859074
23282,FOLDING BUTTERFLY MIRROR IVORY,807,748.8199999999999,132,29,6,0.83,2011-05-09 16:35:00,2011-12-04 12:08:00,6.113636363636363,0.007462175922415563,94.49368165451315
84534B,FAIRY CAKE NOTEBOOK A5 SIZE,807,759.41,182,52,5,0.85,2009-12-07 15:15:00,2011-01-20 12:16:00,4.434065934065934,0.007462175922415563,94.50114383043557
21190,PINK HEARTS PAPER GARLAND,806,1337.59,111,41,6,1.65,2009-12-13 13:39:00,2011-11-25 12:20:00,7.261261261261262,0.00745292911210278,94.50859675954767
84279B,CHERRY BLOSSOM DECORATIVE FLASK,805,3055.87,212,48,13,3.75,2009-12-10 09:49:00,2011-06-17 11:07:00,3.797169811320755,0.007443682301789998,94.51604044184946
22517,CHILDS GARDEN RAKE PINK,804,1583.18,150,59,6,2.1,2010-03-26 14:16:00,2011-12-01 19:42:00,5.36,0.007434435491477215,94.52347487734093
21898,POTTING SHED ROSE CANDLE,801,2462.1099999999997,108,43,3,2.95,2009-12-11 13:52:00,2011-04-27 11:47:00,7.416666666666667,0.007406695060538867,94.53088157240147
23435,3 RAFFIA RIBBONS VINTAGE CHRISTMAS,801,713.45,91,13,4,0.83,2011-09-09 16:13:00,2011-12-02 16:39:00,8.802197802197803,0.007406695060538867,94.53828826746201
23068,ALUMINIUM STAMPED HEART,800,1944.5200000000002,134,33,6,2.49,2011-04-18 14:01:00,2011-12-04 12:52:00,5.970149253731344,0.007397448250226085,94.54568571571224
22796,PHOTO FRAME 3 CLASSIC HANGING,799,7950.799999999999,312,59,10,9.95,2010-10-10 11:32:00,2011-12-04 11:56:00,2.5608974358974357,0.007388201439913302,94.55307391715215
22931,BAKING MOULD HEART WHITE CHOCOLATE,798,1925.05,126,40,11,2.55,2010-12-08 10:40:00,2011-11-29 16:47:00,6.333333333333333,0.007378954629600519,94.56045287178175
22116,METAL SIGN HIS DINNER IS SERVED,798,1043.69,188,75,3,1.63,2009-12-11 11:52:00,2011-12-04 15:19:00,4.24468085106383,0.007378954629600519,94.56783182641135
23146,TRIPLE HOOK ANTIQUE IVORY ROSE,797,2641.9700000000003,226,33,8,3.29,2011-04-19 13:49:00,2011-12-04 15:28:00,3.5265486725663715,0.007369707819287737,94.57520153423064
20767,BLUE PAISLEY JOURNAL,797,1700.95,174,79,5,2.55,2009-12-07 12:32:00,2011-12-02 16:39:00,4.580459770114943,0.007369707819287737,94.58257124204994
23393,HOME SWEET HOME CUSHION COVER,797,3171.79,225,14,9,3.75,2011-09-04 12:07:00,2011-12-04 14:55:00,3.542222222222222,0.007369707819287737,94.58994094986923
21647,ASSORTED TUTTI FRUTTI LARGE PURSE,795,1776.9800000000002,137,51,6,2.1,2009-12-07 15:15:00,2011-11-27 12:00:00,5.802919708029197,0.007351214198662172,94.5972921640679
22890,NOVELTY BISCUITS CAKE STAND 3 TIER,794,7742.24,255,57,11,9.95,2010-10-14 17:13:00,2011-11-28 15:54:00,3.1137254901960785,0.007341967388349389,94.60463413145625
20692,FLORAL ELEPHANT SOFT TOY,792,3233.36,130,31,6,4.25,2009-12-07 08:53:00,2010-09-08 15:30:00,6.092307692307692,0.007323473767723823,94.61195760522398
84519B,CARROT CHARLIE+LOLA COASTER SET,790,1700.7,203,85,5,2.95,2009-12-09 09:51:00,2011-12-04 15:19:00,3.8916256157635467,0.007304980147098258,94.61926258537108
21465,PINK FLOWER CROCHET FOOD COVER,790,2864.3900000000003,184,83,3,3.75,2009-12-18 14:08:00,2011-12-01 12:55:00,4.293478260869565,0.007304980147098258,94.62656756551817
21160,KEEP OUT GIRLS DOOR HANGER,789,544.3,55,27,2,1.45,2009-12-07 13:59:00,2010-12-14 15:52:00,14.345454545454546,0.007295733336785476,94.63386329885496
23388,WOODLAND MINI BACKPACK,788,3278.5800000000004,142,13,11,4.15,2011-09-11 15:47:00,2011-12-02 13:49:00,5.549295774647887,0.007286486526472694,94.64114978538143
21441,BLUE BIRDHOUSE DECORATION,788,628.86,126,68,10,0.85,2009-12-13 12:04:00,2011-11-28 15:54:00,6.253968253968254,0.007286486526472694,94.6484362719079
72800F,4 IVORY DINNER CANDLES GOLD FLOCK,788,970.87,60,33,4,2.55,2009-12-08 13:41:00,2010-11-21 12:29:00,13.133333333333333,0.007286486526472694,94.65572275843437
84249D,FAIRY CAKE GREETINGS CARD,787,332.18,61,25,1,0.42,2010-01-05 11:16:00,2010-08-23 14:38:00,12.901639344262295,0.0072772397161599105,94.66299999815053
21064,BOOM BOX SPEAKER BOYS,785,4179.45,153,58,8,5.95,2009-12-07 09:18:00,2011-12-04 14:55:00,5.130718954248366,0.007258746095534345,94.67025874424606
23214,JINGLE BELL HEART ANTIQUE GOLD,783,1678.46,98,22,6,2.08,2011-06-01 12:19:00,2011-12-04 15:00:00,7.989795918367347,0.00724025247490878,94.67749899672097
84509G,SET OF 4 FAIRY CAKE PLACEMATS,783,2016.7,154,70,8,3.75,2009-12-16 10:39:00,2011-12-04 15:19:00,5.084415584415584,0.00724025247490878,94.68473924919589
23223,CHRISTMAS TREE HANGING SILVER,783,726.4499999999999,82,19,2,0.83,2011-06-23 09:38:00,2011-12-04 14:01:00,9.548780487804878,0.00724025247490878,94.6919795016708
84422,PINK/BLUE DISC/MIRROR STRING,782,427.95,38,33,1,0.85,2009-12-20 12:10:00,2011-09-16 13:13:00,20.57894736842105,0.007231005664595998,94.6992105073354
20671,BLUE TEATIME PRINT BOWL,782,1028.44,141,49,5,1.25,2009-12-07 15:02:00,2010-12-09 13:34:00,5.546099290780142,0.007231005664595998,94.70644151299999
22453,MEASURING TAPE BABUSHKA BLUE,782,2156.8700000000003,141,58,14,2.95,2010-03-21 14:16:00,2011-12-01 13:47:00,5.546099290780142,0.007231005664595998,94.71367251866458
85130D,BEADED CRYSTAL HEART PINK LARGE,782,951.4699999999999,104,65,1,1.65,2009-12-08 17:41:00,2011-12-02 12:52:00,7.519230769230769,0.007231005664595998,94.72090352432917
21016,LIGHT BIRD HOUSE TREE DECORATION,782,536.93,74,20,4,0.85,2009-12-07 18:02:00,2010-11-26 11:50:00,10.567567567567568,0.007231005664595998,94.72813452999377
22473,TV DINNER TRAY VINTAGE PAISLEY,781,3012.42,202,70,9,4.95,2010-03-11 10:05:00,2011-12-04 15:28:00,3.866336633663366,0.007221758854283215,94.73535628884805
23552,BICYCLE PUNCTURE REPAIR KIT,779,1668.0,69,2,4,2.08,2011-11-25 10:58:00,2011-12-04 14:55:00,11.289855072463768,0.00720326523365765,94.74255955408171
20702,PINK PADDED MOBILE,779,3283.95,244,77,17,4.25,2009-12-07 13:35:00,2011-10-26 13:07:00,3.192622950819672,0.00720326523365765,94.74976281931536
23239,SET OF 4 KNICK KNACK TINS POPPIES,778,3241.6000000000004,165,26,11,4.15,2011-06-08 12:44:00,2011-12-04 12:44:00,4.715151515151515,0.007194018423344867,94.75695683773871
20669,RED HEART LUGGAGE TAG,778,1078.35,207,76,7,1.25,2009-12-07 18:02:00,2011-11-29 16:47:00,3.758454106280193,0.007194018423344867,94.76415085616206
71101E,STANDING FAIRY POLE SUPPORT,777,626.13,47,37,4,0.85,2009-12-13 13:39:00,2011-11-21 12:40:00,16.53191489361702,0.007184771613032085,94.77133562777509
23222,CHRISTMAS TREE HANGING GOLD,776,695.4399999999999,71,16,4,0.83,2011-06-23 09:38:00,2011-12-02 13:49:00,10.929577464788732,0.007175524802719302,94.7785111525778
22831,WHITE BROCANTE SOAP DISH,776,2286.28,138,48,10,2.95,2010-11-07 14:51:00,2011-12-01 15:11:00,5.6231884057971016,0.007175524802719302,94.78568667738053
22363,GLASS JAR MARMALADE,776,2282.96,164,76,9,2.95,2010-03-15 13:06:00,2011-12-02 16:39:00,4.7317073170731705,0.007175524802719302,94.79286220218324
21812,GARLAND WITH HEARTS AND BELLS,775,3775.1400000000003,196,63,9,4.95,2009-12-07 18:02:00,2011-11-29 15:39:00,3.954081632653061,0.007166277992406519,94.80002848017565
21820,GLITTER HEART GARLAND WITH BELLS,774,3045.58,174,58,4,3.75,2009-12-07 12:12:00,2011-12-02 13:35:00,4.448275862068965,0.007157031182093737,94.80718551135774
22165,"DIAMANTE HEART SHAPED WALL MIRROR,",774,6713.39,252,86,2,12.75,2009-12-08 08:48:00,2011-12-01 11:53:00,3.0714285714285716,0.007157031182093737,94.81434254253983
23057,BEADED CHANDELIER T-LIGHT HOLDER,773,1768.67,45,23,4,4.95,2011-04-18 11:10:00,2011-11-18 11:35:00,17.177777777777777,0.007147784371780954,94.82149032691161
22119,PEACE WOODEN BLOCK LETTERS,772,5152.1,314,81,7,6.95,2009-12-07 12:08:00,2011-12-04 15:28:00,2.4585987261146496,0.007138537561468172,94.82862886447309
23133,LARGE IVORY HEART WALL ORGANISER,770,5421.64,152,32,4,8.25,2011-04-20 13:18:00,2011-12-01 19:42:00,5.065789473684211,0.0071200439408426065,94.83574890841393
22841,ROUND CAKE TIN VINTAGE GREEN,768,5947.2,302,59,12,7.95,2010-10-13 16:17:00,2011-12-01 11:43:00,2.543046357615894,0.007101550320217041,94.84285045873415
82613C,"METAL SIGN,CUPCAKE SINGLE HOOK",767,813.62,184,79,4,1.25,2009-12-09 09:51:00,2011-12-02 16:39:00,4.168478260869565,0.007092303509904259,94.84994276224405
22742,MAKE YOUR OWN PLAYTIME CARD KIT,766,2283.86,168,58,10,2.95,2010-08-10 17:02:00,2011-12-02 15:39:00,4.559523809523809,0.007083056699591476,94.85702581894364
21106,CREAM SLICE FLANNEL CHOCOLATE SPOT,764,2349.4900000000002,166,73,10,2.95,2009-12-07 18:02:00,2011-12-02 16:39:00,4.602409638554217,0.0070645630789659105,94.86409038202261
23088,ZINC HEART FLOWER T-LIGHT HOLDER,764,976.38,71,25,3,1.25,2011-05-12 18:19:00,2011-12-01 16:22:00,10.76056338028169,0.0070645630789659105,94.87115494510158
84924D,LA PALMIERA METAL SIGN CALENDAR,763,268.86,14,13,2,3.75,2010-01-08 15:16:00,2010-11-11 12:13:00,54.5,0.007055316268653128,94.87821026137023
22390,PAPERWEIGHT CHILDHOOD MEMORIES,763,1419.8799999999999,77,49,9,2.55,2010-03-26 13:46:00,2011-11-29 16:47:00,9.909090909090908,0.007055316268653128,94.88526557763888
22289,"DECORATION , HANGING METAL CHICKEN",763,814.91,75,41,3,1.25,2010-01-10 11:08:00,2011-11-22 11:18:00,10.173333333333334,0.007055316268653128,94.89232089390752
84625C,BLUE NEW BAROQUE CANDLESTICK CANDLE,763,1003.5,69,40,8,2.95,2009-12-16 17:01:00,2011-10-03 16:04:00,11.057971014492754,0.007055316268653128,94.89937621017617
21010,ETCHED GLASS BIRD TREE DECORATION,760,1002.26,76,19,4,1.25,2009-12-07 13:06:00,2010-10-24 14:08:00,10.0,0.007027575837714781,94.90640378601388
22062,CERAMIC BOWL WITH LOVE HEART DESIGN,760,1245.2,125,66,5,2.46,2009-12-07 18:02:00,2011-10-14 11:08:00,6.08,0.007027575837714781,94.9134313618516
23269,SET OF 2 CERAMIC CHRISTMAS TREES,759,1118.1,87,22,6,1.45,2011-06-12 11:47:00,2011-12-04 12:32:00,8.724137931034482,0.007018329027401998,94.920449690879
22953,BIRTHDAY PARTY CORDON BARRIER TAPE,759,947.3,118,45,6,1.25,2010-11-04 16:16:00,2011-11-29 12:34:00,6.432203389830509,0.007018329027401998,94.9274680199064
22862,LOVE HEART NAPKIN BOX,758,3373.22,221,19,6,4.25,2010-09-16 13:06:00,2011-01-25 13:46:00,3.429864253393665,0.007009082217089215,94.9344771021235
21904,HOUSE WRECKING METAL SIGN,757,1201.52,145,57,2,2.1,2009-12-08 12:54:00,2011-05-25 17:31:00,5.220689655172414,0.006999835406776432,94.94147693753027
21458,2 PICTURE BOOK EGGS EASTER BUNNY,756,834.24,87,30,5,1.25,2009-12-14 13:30:00,2011-11-09 15:09:00,8.689655172413794,0.00699058859646365,94.94846752612673
23569,TRADTIONAL ALPHABET STAMP SET,756,3812.28,171,7,10,4.95,2011-10-21 15:36:00,2011-12-04 16:02:00,4.421052631578948,0.00699058859646365,94.9554581147232
22691,DOORMAT WELCOME SUNRISE,753,5149.81,215,63,8,7.95,2010-06-28 13:53:00,2011-12-04 10:29:00,3.5023255813953487,0.0069628481655253024,94.96242096288873
72130,COLUMBIAN CANDLE ROUND,753,306.35,57,42,1,0.65,2009-12-13 11:49:00,2011-11-30 15:13:00,13.210526315789474,0.0069628481655253024,94.96938381105426
85094,CANDY SPOT EGG WARMER RABBIT,752,354.35,104,43,4,0.83,2009-12-15 18:33:00,2011-12-04 11:24:00,7.230769230769231,0.006953601355212519,94.97633741240946
21416,CLAM SHELL LARGE,751,603.0600000000001,22,18,3,3.75,2009-12-13 15:17:00,2011-03-22 16:08:00,34.13636363636363,0.006944354544899737,94.98328176695436
85018D,YULETIDE IMAGES S/6 PAPER BOXES,750,886.3499999999999,77,22,3,2.55,2009-12-08 15:49:00,2011-01-14 14:39:00,9.74025974025974,0.006935107734586954,94.99021687468895
16161E,WRAP BOUDOIR,750,75.0,9,6,1,0.1,2009-12-07 13:48:00,2010-02-22 17:10:00,83.33333333333333,0.006935107734586954,94.99715198242355
85129D,BEADED CRYSTAL HEART PINK SMALL,750,1101.2,163,74,1,2.46,2009-12-07 17:56:00,2011-11-29 16:47:00,4.601226993865031,0.006935107734586954,95.00408709015814
79190A,RETRO PLASTIC 70'S TRAY,749,343.75,111,73,4,0.42,2009-12-16 09:37:00,2011-12-02 16:07:00,6.747747747747748,0.006925860924274172,95.0110129510824
72131,COLUMBIAN CANDLE RECTANGLE,748,692.28,56,34,2,1.95,2009-12-10 17:09:00,2011-11-25 11:02:00,13.357142857142858,0.006916614113961389,95.01792956519637
85188B,PINK METAL SWINGING BUNNY,748,660.88,74,21,3,0.85,2010-01-11 12:29:00,2011-03-27 12:06:00,10.108108108108109,0.006916614113961389,95.02484617931033
23348,CHILDRENS TOY COOKING UTENSIL SET,746,1633.81,168,24,8,2.08,2011-04-18 13:49:00,2011-11-23 12:20:00,4.440476190476191,0.006898120493335824,95.03174429980366
21246,RED RETROSPOT BIG BOWL,745,3665.8300000000004,206,76,16,4.95,2009-12-07 18:02:00,2011-09-04 16:09:00,3.616504854368932,0.006888873683023041,95.03863317348669
22362,GLASS JAR PEACOCK BATH SALTS,743,2393.05,250,82,9,2.95,2010-03-15 09:28:00,2011-12-04 13:32:00,2.972,0.006870380062397476,95.04550355354908
21307,SET/4 BUTTERFLY MIRROR MAGNETS,743,629.49,68,36,2,2.1,2009-12-07 17:56:00,2011-07-13 12:06:00,10.926470588235293,0.006870380062397476,95.05237393361148
84660B,BLACK STITCHED WALL CLOCK,743,887.95,59,37,3,3.36,2009-12-09 09:42:00,2011-09-01 14:26:00,12.59322033898305,0.006870380062397476,95.05924431367387
84031B,CHARLIE LOLA BLUE HOT WATER BOTTLE,743,2986.44,255,72,10,4.21,2009-12-07 09:42:00,2011-12-04 14:55:00,2.9137254901960783,0.006870380062397476,95.06611469373627
23118,PARISIENNE JEWELLERY DRAWER,740,5565.64,245,30,9,7.5,2011-05-10 15:05:00,2011-12-04 13:00:00,3.020408163265306,0.006842639631459128,95.07295733336773
84926D,LA PALMIERA TILE COASTER,738,347.27,43,32,4,0.835,2010-03-21 14:16:00,2011-11-29 16:33:00,17.162790697674417,0.006824146010833563,95.07978147937855
35096A,BLUE VICTORIAN FABRIC HEART BOX,738,260.66999999999996,47,12,2,0.84,2009-12-07 17:56:00,2010-03-05 13:21:00,15.702127659574469,0.006824146010833563,95.08660562538938
47310M,"SMALL POP BOX,FUNKY MONKEY",738,992.66,167,70,3,1.63,2009-12-09 09:51:00,2011-12-02 16:39:00,4.419161676646707,0.006824146010833563,95.09342977140021
22903,CALENDAR FAMILY FAVOURITES,738,2036.74,78,37,5,2.95,2010-09-26 10:53:00,2011-12-02 16:39:00,9.461538461538462,0.006824146010833563,95.10025391741104
72801E,S/4 FESTIVE GREEN DINNER CANDLES,735,362.25,19,13,1,1.25,2009-12-11 12:09:00,2010-09-02 16:47:00,38.68421052631579,0.006796405579895215,95.10705032299093
21051,RIBBONS PURSE,734,1442.13,121,58,10,2.1,2009-12-08 13:56:00,2011-11-22 12:40:00,6.066115702479339,0.006787158769582432,95.11383748176051
22475,SKULL DESIGN TV DINNER TRAY,733,3760.0800000000004,247,81,8,4.95,2010-03-05 14:30:00,2011-12-04 15:19:00,2.967611336032389,0.00677791195926965,95.12061539371979
21189,WHITE HONEYCOMB PAPER GARLAND,733,1551.58,109,56,5,1.65,2009-12-14 17:16:00,2011-12-02 16:39:00,6.724770642201835,0.00677791195926965,95.12739330567906
85231E,STRAWBERRY SCENTED SET/9 T-LIGHTS,732,605.98,93,22,3,0.85,2009-12-08 12:30:00,2010-06-13 13:30:00,7.870967741935484,0.006768665148956867,95.13416197082802
21696,SMALL SILVER TRELLIS CANDLEPOT,731,2198.0400000000004,105,60,5,2.95,2009-12-07 11:05:00,2011-11-23 14:35:00,6.961904761904762,0.006759418338644085,95.14092138916666
78124,MAGAZINE RACK GEBRA ASSORTED,729,965.31,30,25,4,1.25,2009-12-14 17:16:00,2011-11-28 14:12:00,24.3,0.006740924718018519,95.14766231388468
20768,GREEN FERN JOURNAL,729,1434.8799999999999,143,68,3,2.55,2009-12-08 17:10:00,2011-11-30 17:37:00,5.0979020979020975,0.006740924718018519,95.1544032386027
22060,LARGE CAKE STAND HANGING HEARTS,728,5629.91,156,63,8,9.95,2009-12-08 17:13:00,2011-05-23 14:11:00,4.666666666666667,0.006731677907705737,95.1611349165104
21285,RETROSPOT CANDLE  MEDIUM,727,1161.8100000000002,76,47,7,2.1,2009-12-08 17:08:00,2011-11-30 14:38:00,9.56578947368421,0.006722431097392954,95.1678573476078
37502,TEA TIME MUG IN GIFT BOX,727,2209.88,161,30,8,2.95,2009-12-07 12:26:00,2010-07-30 16:50:00,4.515527950310559,0.006722431097392954,95.17457977870518
20662,FIRST CLASS HOLIDAY PURSE,727,468.38000000000005,48,32,6,2.51,2009-12-08 15:12:00,2011-10-24 17:07:00,15.145833333333334,0.006722431097392954,95.18130220980257
22448,PIN CUSHION BABUSHKA RED,726,2367.78,116,58,10,3.35,2010-03-18 16:28:00,2011-12-04 15:28:00,6.258620689655173,0.006713184287080172,95.18801539408965
17012A,ORIGAMI VANILLA INCENSE/CANDLE SET,724,795.8199999999999,93,52,3,2.46,2009-12-14 17:57:00,2011-12-02 14:25:00,7.78494623655914,0.0066946906664546064,95.1947100847561
84660C,PINK STITCHED WALL CLOCK,723,980.48,83,44,3,3.75,2009-12-08 14:03:00,2011-09-08 11:56:00,8.710843373493976,0.006685443856141824,95.20139552861224
72803A,ROSE SCENT CANDLE JEWELLED DRAWER,723,1549.25,96,62,5,4.25,2009-12-09 16:00:00,2011-11-06 11:55:00,7.53125,0.006685443856141824,95.20808097246838
21813,GARLAND WITH STARS AND BELLS,723,3387.63,168,41,5,4.95,2009-12-07 17:56:00,2011-12-02 16:39:00,4.303571428571429,0.006685443856141824,95.21476641632452
23224,CHERUB HEART DECORATION GOLD,722,629.3399999999999,65,16,4,0.83,2011-06-02 09:04:00,2011-12-02 16:39:00,11.107692307692307,0.006676197045829041,95.22144261337036
17012B,ORIGAMI JASMINE INCENSE/CANDLE SET,721,867.4499999999999,126,58,3,2.46,2009-12-08 15:49:00,2011-11-30 14:17:00,5.722222222222222,0.006666950235516259,95.22810956360587
47505,MINATURE COLOURED GARDENING SET,721,3441.9100000000003,171,21,8,4.95,2009-12-08 12:33:00,2010-06-07 12:43:00,4.216374269005848,0.006666950235516259,95.23477651384138
84819,DANISH ROSE ROUND SEWING BOX,721,1196.31,80,46,12,4.25,2009-12-15 10:21:00,2011-12-04 15:28:00,9.0125,0.006666950235516259,95.2414434640769
21130,COLOURFUL STANDING GNOME,720,1194.0200000000002,48,22,6,3.45,2009-12-07 13:48:00,2010-06-30 12:30:00,15.0,0.006657703425203476,95.2481011675021
23566,EGG CUP MILKMAID HEIDI,720,972.61,74,7,6,1.25,2011-10-17 10:10:00,2011-12-04 10:56:00,9.72972972972973,0.006657703425203476,95.2547588709273
84051,ASS COLOUR GLOWING TIARAS,720,585.88,57,40,4,0.85,2009-12-14 18:37:00,2011-12-02 14:26:00,12.631578947368421,0.006657703425203476,95.26141657435251
17136A,BLUE STONES ON WIRE FOR CANDLE,719,59.86,33,27,2,0.08,2010-01-07 14:04:00,2011-11-03 18:49:00,21.78787878787879,0.0066484566148906936,95.2680650309674
22223,CAKE PLATE LOVEBIRD PINK,719,3320.0,172,76,9,4.95,2009-12-08 16:40:00,2011-12-04 15:47:00,4.180232558139535,0.0066484566148906936,95.2747134875823
22618,COOKING SET RETROSPOT,718,6984.349999999999,242,50,15,9.95,2010-03-14 16:18:00,2011-05-06 19:37:00,2.9669421487603307,0.0066392098045779105,95.28135269738688
85025C,PINK HEART SHAPE PHOTO FRAME,718,1282.61,124,63,2,1.65,2009-12-07 11:39:00,2011-08-24 13:23:00,5.790322580645161,0.0066392098045779105,95.28799190719145
21547,CERAMIC BIRDHOUSE CRESTED TIT SMALL,716,1836.5300000000002,116,52,6,2.95,2009-12-07 12:08:00,2011-03-22 13:11:00,6.172413793103448,0.006620716183952346,95.2946126233754
85019B,BLOSSOM  IMAGES NOTEBOOK SET,716,979.97,46,33,7,1.25,2010-03-18 20:02:00,2011-11-29 12:52:00,15.565217391304348,0.006620716183952346,95.30123333955935
23395,BELLE JARDINIERE CUSHION COVER,715,3091.09,201,14,10,3.75,2011-09-04 12:07:00,2011-12-04 14:55:00,3.557213930348259,0.006611469373639563,95.30784480893298
71038,WHITE HANGING BEADS CANDLE HOLDER,715,3778.3500000000004,143,73,2,5.45,2009-12-07 10:51:00,2011-11-28 11:00:00,5.0,0.006611469373639563,95.31445627830662
84925F,PSYCHEDELIC WALL THERMOMETER,714,873.11,34,27,2,2.55,2010-01-12 15:57:00,2011-07-31 15:24:00,21.0,0.006602222563326781,95.32105850086995
22476,EMPIRE UNION JACK TV DINNER TRAY,714,4004.67,264,80,8,4.95,2010-03-07 12:35:00,2011-12-04 15:19:00,2.7045454545454546,0.006602222563326781,95.32766072343328
21456,2 PICTURE BOOK EGGS EASTER CHICKS,714,746.05,63,22,4,1.25,2010-01-12 16:02:00,2011-08-30 10:47:00,11.333333333333334,0.006602222563326781,95.33426294599661
23033,DRAWER KNOB CERAMIC RED,713,1057.45,73,24,6,1.45,2011-06-14 13:51:00,2011-11-29 17:23:00,9.767123287671232,0.0065929757530139976,95.34085592174962
21794,CLASSIC FRENCH STYLE BASKET NATURAL,713,3552.09,178,70,3,6.75,2010-01-27 13:20:00,2011-10-25 15:34:00,4.00561797752809,0.0065929757530139976,95.34744889750263
84356,POMPOM CURTAIN,712,3600.94,129,65,7,6.95,2009-12-07 17:56:00,2011-12-04 15:00:00,5.51937984496124,0.006583728942701215,95.35403262644533
72128,COLUMBIAN CANDLE ROUND,712,438.97999999999996,87,56,2,0.85,2009-12-07 12:42:00,2011-11-27 15:02:00,8.183908045977011,0.006583728942701215,95.36061635538803
21323,HANGING MEDINA LANTERN LARGE,712,2395.49,77,26,3,4.25,2009-12-07 17:56:00,2010-07-23 08:24:00,9.246753246753247,0.006583728942701215,95.36720008433073
35968,FOLK ART METAL HEART T-LIGHT HOLDER,711,341.7,73,45,3,0.38,2009-12-09 09:42:00,2011-11-01 14:29:00,9.73972602739726,0.006574482132388432,95.37377456646313
47021G,SET/6 BEAD COASTERS GAUZE BAG GOLD,709,536.96,69,41,3,1.25,2009-12-07 17:56:00,2011-06-23 09:14:00,10.27536231884058,0.006555988511762868,95.38033055497489
23127,FELTCRAFT GIRL NICOLE KIT,707,3609.61,185,39,10,4.95,2011-03-02 16:26:00,2011-12-02 16:07:00,3.8216216216216217,0.0065374948911373024,95.38686804986602
17109A,FLOWER FAIRY INCENSE LILY,705,326.85,12,8,2,1.69,2009-12-09 14:48:00,2010-03-26 14:29:00,58.75,0.006519001270511737,95.39338705113654
21710,FOLDING UMBRELLA PINKWHITE POLKADOT,705,2131.06,107,62,9,4.95,2009-12-08 16:23:00,2011-11-25 11:41:00,6.588785046728972,0.006519001270511737,95.39990605240706
85170D,SET/6 PINK BIRD T-LIGHT CANDLES,704,1238.19,142,73,3,2.46,2009-12-07 18:02:00,2011-11-30 15:13:00,4.957746478873239,0.006509754460198954,95.40641580686726
22118,JOY WOODEN BLOCK LETTERS,703,3635.15,249,70,5,4.95,2009-12-07 11:05:00,2011-12-04 14:55:00,2.823293172690763,0.006500507649886172,95.41291631451715
72801C,S/4 ROSE PINK DINNER CANDLES,703,522.6899999999999,54,37,3,1.25,2009-12-11 15:40:00,2011-10-11 16:25:00,13.018518518518519,0.006500507649886172,95.41941682216704
20878,SET/9 CHRISTMAS T-LIGHTS SCENTED,702,900.84,80,19,2,1.25,2009-12-07 11:05:00,2010-12-05 16:24:00,8.775,0.0064912608395733895,95.4259080830066
23494,VINTAGE DOILY DELUXE SEWING KIT,701,4594.2300000000005,184,11,13,5.95,2011-09-25 12:31:00,2011-12-04 15:28:00,3.8097826086956523,0.0064820140292606064,95.43239009703586
21311,SET/4 BIRD MIRROR MAGNETS,700,536.24,93,51,2,2.1,2009-12-08 15:49:00,2011-12-04 15:19:00,7.526881720430108,0.006472767218947824,95.43886286425482
23502,PLAYING CARDS VINTAGE DOILY,697,875.16,91,11,9,1.25,2011-09-22 12:02:00,2011-12-02 17:06:00,7.65934065934066,0.006445026788009476,95.44530789104283
21825,PAINTED METAL TREE WITH HOLLY BELLS,695,994.91,67,20,4,1.45,2009-12-08 13:27:00,2010-11-14 16:32:00,10.373134328358208,0.006426533167383911,95.45173442421022
21545,CERAMIC BIRDHOUSE BUTTERFLY SMALL,695,1631.13,80,29,4,2.95,2009-12-07 15:26:00,2010-07-23 08:24:00,8.6875,0.006426533167383911,95.4581609573776
85059,FRENCH ENAMEL WATER BASIN,695,2369.9700000000003,207,85,5,3.75,2009-12-07 17:56:00,2011-11-29 15:09:00,3.357487922705314,0.006426533167383911,95.46458749054499
20670,VIP HOLIDAY PURSE,694,378.85,48,32,3,2.51,2009-12-08 16:43:00,2011-11-15 16:38:00,14.458333333333334,0.006417286357071128,95.47100477690206
21611,SET OF 12 LILY BOTANICAL T-LIGHTS,694,2013.9,140,44,5,2.95,2009-12-07 15:26:00,2010-10-27 12:55:00,4.957142857142857,0.006417286357071128,95.47742206325914
21146,ANTIQUE GLASS RIDGED HANGING BALL,693,1355.27,57,16,3,1.95,2009-12-07 13:49:00,2010-11-02 11:27:00,12.157894736842104,0.006408039546758346,95.4838301028059
85167B,BLACK GRAND BAROQUE PHOTO FRAME,692,1426.34,59,34,3,4.25,2009-12-14 17:57:00,2011-04-08 09:25:00,11.728813559322035,0.006398792736445563,95.49022889554234
21316,SMALL CHUNKY GLASS ROMAN  BOWL,691,1140.21,46,30,1,2.95,2009-12-13 16:05:00,2011-04-10 13:36:00,15.021739130434783,0.006389545926132781,95.49661844146847
22442,GROW YOUR OWN FLOWERS SET OF 3,690,4398.12,154,57,9,7.95,2010-03-23 12:41:00,2011-12-04 15:19:00,4.48051948051948,0.0063802991158199976,95.50299874058429
85232D,SET/3 DECOUPAGE STACKING TINS,690,3566.75,215,80,17,4.95,2009-12-07 15:28:00,2011-12-01 19:54:00,3.2093023255813953,0.0063802991158199976,95.50937903970011
22105,MIRROR MOSAIC GOBLET CANDLE HOLDER,689,1282.31,53,39,4,4.21,2009-12-07 11:46:00,2011-11-29 16:33:00,13.0,0.006371052305507215,95.51575009200562
22325,MOBILE VINTAGE HEARTS,689,3090.4900000000002,221,80,16,4.95,2010-01-04 14:00:00,2011-11-29 13:37:00,3.1176470588235294,0.006371052305507215,95.52212114431113
21576,LETS GO SHOPPING COTTON TOTE BAG,688,1584.48,197,80,12,2.25,2009-12-07 09:18:00,2011-11-25 14:25:00,3.4923857868020303,0.006361805495194433,95.52848294980632
37413,ICON MUG REVOLUTIONARY,688,278.64,78,34,2,0.39,2011-02-07 11:42:00,2011-12-02 14:26:00,8.820512820512821,0.006361805495194433,95.5348447553015
21709,FOLDING UMBRELLA CHOCOLATE POLKADOT,686,2827.2200000000003,114,67,5,4.95,2009-12-08 15:49:00,2011-12-04 13:45:00,6.017543859649122,0.006343311874568868,95.54118806717608
23235,STORAGE TIN VINTAGE LEAF,686,1888.16,99,24,9,2.89,2011-06-08 12:44:00,2011-12-04 13:54:00,6.929292929292929,0.006343311874568868,95.54753137905065
23110,PARISIENNE KEY CABINET,685,4040.8,248,30,12,5.75,2011-05-11 10:32:00,2011-12-04 11:56:00,2.7620967741935485,0.006334065064256085,95.5538654441149
20891,LARGE GLASS ROSE SCENTED CANDLE,684,236.32999999999998,3,3,1,7.95,2010-01-12 09:47:00,2010-04-19 10:36:00,228.0,0.006324818253943302,95.56019026236885
22935,BAKING MOULD ROSE MILK CHOCOLATE,684,2040.56,62,34,5,3.25,2010-12-08 10:46:00,2011-11-29 16:47:00,11.03225806451613,0.006324818253943302,95.56651508062279
21612,SET 12 WILDFLOWER BOTANICAL T-LIGHT,684,1975.2000000000003,107,32,4,2.95,2009-12-07 15:26:00,2010-09-29 14:43:00,6.392523364485982,0.006324818253943302,95.57283989887674
22443,GROW YOUR OWN HERBS SET OF 3,683,5393.43,264,66,10,7.95,2010-03-23 12:18:00,2011-08-05 15:38:00,2.587121212121212,0.006315571443630519,95.57915547032037
21482,MUSHROOM BLUE HOT WATER BOTTLE,683,2103.8900000000003,163,33,9,2.95,2009-12-07 11:39:00,2010-10-17 16:17:00,4.190184049079755,0.006315571443630519,95.58547104176401
85130A,BEADED PEARL HEART WHITE LARGE,682,1165.9999999999998,84,43,4,1.65,2009-12-17 16:38:00,2011-05-23 16:32:00,8.119047619047619,0.006306324633317737,95.59177736639732
37441,ASSORTED WHITE EMBOSSED CHINA MUGS,682,1602.0,52,25,1,2.1,2009-12-08 17:13:00,2010-08-02 11:09:00,13.115384615384615,0.006306324633317737,95.59808369103064
85084,HOLLY TOP CHRISTMAS STOCKING,682,681.4,84,19,2,0.85,2009-12-08 13:43:00,2010-12-21 12:44:00,8.119047619047619,0.006306324633317737,95.60439001566395
22926,IVORY GIANT GARDEN THERMOMETER,680,4150.31,216,25,8,5.95,2010-11-21 10:49:00,2011-05-10 10:00:00,3.1481481481481484,0.006287831012692172,95.61067784667665
22167,OVAL WALL MIRROR DIAMANTE,679,5951.86,294,92,3,9.95,2009-12-08 08:48:00,2011-12-04 13:00:00,2.3095238095238093,0.0062785842023793895,95.61695643087903
84799,SPRIG LAVENDER ARTIFICIAL FLOWER,678,528.78,31,25,3,1.25,2010-01-21 14:01:00,2011-04-14 10:42:00,21.870967741935484,0.0062693373920666064,95.6232257682711
21306,SET/4 DAISY MIRROR MAGNETS,678,338.31,65,43,3,0.38,2009-12-13 12:04:00,2011-12-04 15:19:00,10.430769230769231,0.0062693373920666064,95.62949510566317
35001G,HAND OPEN SHAPE GOLD,678,2144.9,97,53,5,4.25,2009-12-10 15:35:00,2011-12-04 15:00:00,6.989690721649485,0.0062693373920666064,95.63576444305524
21562,HAWAIIAN GRASS SKIRT,678,970.2800000000001,73,51,6,1.25,2010-01-07 16:46:00,2011-11-21 12:53:00,9.287671232876713,0.0062693373920666064,95.6420337804473
21437,24 HANGING EASTER EGGS FLORAL TUB,677,2350.92,109,14,3,3.75,2009-12-08 18:18:00,2010-03-28 15:16:00,6.2110091743119265,0.006260090581753824,95.64829387102905
21043,APRON MODERN VINTAGE COTTON,677,1921.03,141,49,4,4.13,2009-12-07 15:42:00,2011-06-07 17:09:00,4.801418439716312,0.006260090581753824,95.6545539616108
21276,TWO EMBOSSED HEART MINI DRAWERS,676,1551.99,28,8,4,1.95,2009-12-08 14:56:00,2010-04-08 16:21:00,24.142857142857142,0.006250843771441041,95.66080480538224
23390,DOLLY GIRL MINI BACKPACK,675,2734.3700000000003,153,13,12,4.15,2011-09-11 13:39:00,2011-12-04 11:45:00,4.411764705882353,0.006241596961128259,95.66704640234337
20849,ZINC HEART LATTICE DOUBLE PLANTER,674,593.03,24,19,2,3.75,2009-12-07 17:56:00,2010-11-21 15:56:00,28.083333333333332,0.006232350150815476,95.67327875249418
20950,SET/6  ANGEL T-LIGHTS WHITE/GOLD,674,331.86,78,23,3,0.42,2009-12-07 11:05:00,2010-11-28 14:57:00,8.64102564102564,0.006232350150815476,95.679511102645
21157,RED SPOTTY WASHBAG,673,1572.3500000000001,170,63,9,2.1,2009-12-09 08:58:00,2011-10-25 17:31:00,3.958823529411765,0.0062231033405026935,95.6857342059855
79341,WILLOW BRANCH LIGHTS.,673,4061.17,68,18,2,6.75,2009-12-07 09:42:00,2010-04-20 10:35:00,9.897058823529411,0.0062231033405026935,95.691957309326
21457,2 PICTURE BOOK EGGS EASTER DUCKS,673,701.0,64,27,4,1.25,2010-01-12 16:02:00,2011-11-09 15:09:00,10.515625,0.0062231033405026935,95.6981804126665
21618,4 WILDFLOWER BOTANICAL CANDLES,672,1726.24,135,63,4,3.29,2009-12-08 16:20:00,2011-11-14 17:40:00,4.977777777777778,0.006213856530189911,95.7043942691967
22290,STANDING METAL RABBIT WITH EGG,670,1223.02,78,15,1,2.1,2009-12-09 13:16:00,2010-03-31 17:13:00,8.58974358974359,0.006195362909564346,95.71058963210626
21815,STAR  T-LIGHT HOLDER,670,1044.01,89,35,6,1.45,2009-12-07 11:05:00,2011-11-23 12:58:00,7.52808988764045,0.006195362909564346,95.71678499501583
22270,HAPPY EASTER HANGING DECORATION,669,2578.67,152,56,8,3.75,2009-12-10 11:55:00,2011-11-22 17:21:00,4.401315789473684,0.006186116099251563,95.72297111111509
21741,COSY SLIPPER SHOES LARGE GREEN,668,2174.7700000000004,179,62,8,2.95,2009-12-07 15:42:00,2011-11-16 12:08:00,3.7318435754189943,0.006176869288938781,95.72914798040402
20764,ABSTRACT CIRCLES SKETCHBOOK,668,2059.56,186,77,6,3.75,2009-12-07 18:02:00,2011-12-02 16:07:00,3.5913978494623655,0.006176869288938781,95.73532484969296
21468,BUTTERFLY CROCHET FOOD COVER,668,2357.64,141,75,3,3.75,2009-12-18 11:18:00,2011-11-29 13:06:00,4.73758865248227,0.006176869288938781,95.7415017189819
72800A,S/4 BLACK DINNER CANDLE SILVER FLOC,667,720.1700000000001,41,18,2,2.55,2009-12-07 17:56:00,2010-05-16 12:51:00,16.26829268292683,0.0061676224786259976,95.74766934146052
21548,CERAMIC BIRDHOUSE FINCH BLUE ROOF,665,1716.7,101,37,5,2.95,2009-12-07 15:26:00,2010-11-01 15:14:00,6.584158415841584,0.006149128858000433,95.75381847031852
84926A,WAKE UP COCKEREL TILE COASTER,664,293.08,51,35,3,1.25,2010-03-03 12:34:00,2011-12-01 12:36:00,13.019607843137255,0.00613988204768765,95.75995835236621
84469,ROSE DES PADDED FLOOR CUSHION,663,2242.46,43,12,4,2.95,2009-12-11 15:40:00,2010-03-24 10:30:00,15.418604651162791,0.006130635237374868,95.76608898760358
16202A,PASTEL PINK PHOTO ALBUM,661,278.32,20,17,3,5.55,2009-12-17 12:34:00,2011-04-17 13:43:00,33.05,0.006112141616749302,95.77220112922033
35915C,PEACH KNITTED HEN,661,789.89,81,29,4,0.83,2009-12-18 10:59:00,2011-04-18 15:16:00,8.160493827160494,0.006112141616749302,95.77831327083709
20747,PICCADILLY TEA SET,660,8865.63,96,20,4,14.95,2009-12-07 14:58:00,2010-05-16 12:07:00,6.875,0.006102894806436519,95.78441616564352
22168,ORGANISER WOOD ANTIQUE WHITE,659,5475.93,312,66,10,8.5,2009-12-08 11:44:00,2011-04-12 11:58:00,2.1121794871794872,0.006093647996123737,95.79050981363964
85159B,"WHITE TEA,COFFEE,SUGAR JARS",658,1490.5,87,59,9,1.95,2010-01-13 17:51:00,2011-11-30 17:22:00,7.563218390804598,0.006084401185810955,95.79659421482546
21821,GLITTER STAR GARLAND WITH BELLS,658,2632.46,140,38,4,3.75,2009-12-07 15:28:00,2011-11-29 16:16:00,4.7,0.006084401185810955,95.80267861601128
84976,RECTANGULAR SHAPED MIRROR,658,707.62,53,37,6,1.69,2009-12-09 09:51:00,2011-12-02 16:39:00,12.415094339622641,0.006084401185810955,95.8087630171971
23055,IVORY CHANDELIER T-LIGHT HOLDER,657,1395.18,38,21,4,6.25,2011-04-19 14:56:00,2011-11-18 11:35:00,17.289473684210527,0.006075154375498172,95.81483817157259
22220,CAKE STAND LOVEBIRD 2 TIER WHITE,657,6520.839999999999,248,87,10,9.95,2009-12-07 11:46:00,2011-12-04 12:14:00,2.649193548387097,0.006075154375498172,95.82091332594808
72487,ROSES WHITE ROUND CANDLE,657,261.59,8,2,1,0.935,2009-12-10 14:44:00,2009-12-14 18:37:00,82.125,0.006075154375498172,95.82698848032358
20931,BLUE POT PLANT CANDLE,656,2198.19,151,71,6,3.75,2009-12-07 16:40:00,2011-12-02 16:39:00,4.344370860927152,0.0060659075651853895,95.83305438788877
22324,BLUE POLKADOT KIDS BAG,655,1751.1699999999998,146,70,6,4.13,2010-01-07 12:34:00,2011-12-02 16:39:00,4.486301369863014,0.006056660754872606,95.83911104864364
37482P,CUBIC MUG PINK POLKADOT,654,858.36,80,34,5,2.55,2009-12-13 11:02:00,2011-04-13 11:48:00,8.175,0.006047413944559824,95.8451584625882
85130C,BEADED CRYSTAL HEART BLUE  LARGE,654,733.9399999999999,66,44,3,0.79,2010-01-05 13:23:00,2011-12-02 12:52:00,9.909090909090908,0.006047413944559824,95.85120587653276
22763,KEY CABINET MA CAMPAGNE,653,5311.01,130,54,6,9.95,2010-10-10 14:17:00,2011-12-02 17:12:00,5.023076923076923,0.006038167134247041,95.85724404366701
22308,TEA COSY BLUE STRIPE,651,1981.34,197,86,8,4.96,2009-12-07 17:56:00,2011-12-02 16:39:00,3.3045685279187818,0.006019673513621477,95.86326371718063
22939,APRON APPLE DELIGHT,650,3290.04,180,54,11,4.95,2010-09-26 16:06:00,2011-11-29 17:52:00,3.611111111111111,0.0060104267033086935,95.86927414388394
84800L,LARGE WHITE/PINK ROSE ART FLOWER,650,970.7900000000001,38,31,4,2.12,2010-01-19 13:09:00,2011-06-03 17:07:00,17.105263157894736,0.0060104267033086935,95.87528457058725
23052,RECYCLED ACAPULCO MAT TURQUOISE,648,5849.5599999999995,276,40,15,8.25,2011-03-04 13:58:00,2011-12-02 14:16:00,2.347826086956522,0.005991933082683128,95.88127650366994
72819,CUPID DESIGN SCENTED CANDLES,647,1103.54,84,56,7,2.55,2009-12-16 17:01:00,2011-12-04 15:28:00,7.7023809523809526,0.005982686272370346,95.88725918994231
21814,HEART T-LIGHT HOLDER,646,981.7299999999999,93,41,4,1.45,2009-12-07 18:02:00,2011-11-29 11:23:00,6.946236559139785,0.005973439462057563,95.89323262940437
20889,JARDIN DE FEMME SCENTED CANDLE,646,362.5,10,8,3,1.9000000000000001,2009-12-17 09:09:00,2010-03-26 14:29:00,64.6,0.005973439462057563,95.89920606886642
10123C,HEARTS WRAPPING TAPE,646,249.86,61,34,5,0.65,2009-12-07 18:02:00,2011-03-31 13:14:00,10.59016393442623,0.005973439462057563,95.90517950832847
84625D,WHITE NEWBAROQUE CANDLESTICK CANDLE,646,781.54,50,25,4,2.95,2009-12-11 10:54:00,2010-11-17 13:53:00,12.92,0.005973439462057563,95.91115294779053
23396,LE JARDIN BOTANIQUE CUSHION COVER,644,2691.91,191,14,7,3.75,2011-09-04 12:07:00,2011-12-04 14:55:00,3.3717277486910993,0.005954945841431998,95.91710789363196
72728,ROSE SCENT CANDLES IN GLASS,643,523.15,54,23,3,0.85,2009-12-10 18:27:00,2010-08-04 14:41:00,11.907407407407407,0.005945699031119215,95.92305359266308
85035A,GARDENIA 3 WICK MORRIS BOXED CANDLE,643,2332.15,176,66,8,4.25,2009-12-07 10:51:00,2011-10-26 16:43:00,3.653409090909091,0.005945699031119215,95.9289992916942
23473,WOODLAND SMALL RED FELT HEART,642,522.14,49,7,8,0.83,2011-10-20 12:24:00,2011-12-04 13:55:00,13.10204081632653,0.005936452220806433,95.934935743915
84985A,SET OF 72 GREEN PAPER DOILIES,642,1015.2299999999999,152,59,8,1.45,2009-12-08 07:43:00,2011-03-01 17:28:00,4.223684210526316,0.005936452220806433,95.94087219613581
37461,FUNKY MONKEY MUG,641,689.4699999999999,91,43,1,1.25,2009-12-07 15:15:00,2010-12-05 15:12:00,7.043956043956044,0.00592720541049365,95.9467994015463
21781,MA CAMPAGNE CUTLERY BOX,641,9870.1,354,81,8,14.95,2009-12-08 15:12:00,2011-07-10 16:18:00,1.810734463276836,0.00592720541049365,95.95272660695679
84520D,PACK OF 20 FAIRY CAKE PAPER NAPKINS,641,587.62,83,10,4,0.85,2009-12-07 11:47:00,2010-02-26 11:59:00,7.72289156626506,0.00592720541049365,95.95865381236727
21220,SET/4 BADGES DOGS,641,847.37,148,71,7,1.25,2009-12-07 15:42:00,2011-11-30 11:48:00,4.331081081081081,0.00592720541049365,95.96458101777776
47502,POLKADOT CUTLERY 24 PCS IN TRAY,640,6855.75,79,31,5,12.75,2009-12-09 09:42:00,2010-09-13 12:26:00,8.10126582278481,0.005917958600180868,95.97049897637794
23392,SPACEBOY ROCKET LOLLY MAKERS,640,1390.32,105,13,10,2.08,2011-09-06 10:42:00,2011-12-02 16:39:00,6.095238095238095,0.005917958600180868,95.97641693497812
82607A,GLASS BONBON JAR PARFUME AUX FLEURE,638,891.15,154,40,2,1.25,2009-12-15 15:18:00,2010-10-12 11:34:00,4.142857142857143,0.005899464979555302,95.98231639995767
22891,TEA FOR ONE POLKADOT,634,3028.88,223,54,7,4.25,2010-10-15 08:41:00,2011-12-02 12:13:00,2.8430493273542603,0.005862477738304172,95.98817887769597
84968C,SET OF 16 VINTAGE PISTACHIO CUTLERY,632,7565.5,189,75,8,12.75,2009-12-10 20:22:00,2011-11-23 12:05:00,3.3439153439153437,0.005843984117678606,95.99402286181365
21849,SILVER DIAMANTE PEN IN GIFT BOX,632,1478.56,133,60,2,4.21,2009-12-07 17:56:00,2011-12-04 14:45:00,4.7518796992481205,0.005843984117678606,95.99986684593132
23498,CLASSIC BICYCLE CLIPS,632,906.3199999999999,60,2,2,1.45,2011-11-25 10:58:00,2011-12-04 14:55:00,10.533333333333333,0.005843984117678606,96.005710830049
72800D,4 BLUE DINNER CANDLES SILVER FLOCK,630,1017.66,85,55,3,2.55,2009-12-07 13:24:00,2011-11-28 13:37:00,7.411764705882353,0.005825490497053042,96.01153632054606
23529,WALL ART DOLLY GIRL,630,1982.0300000000002,35,9,3,3.75,2011-10-03 12:48:00,2011-11-29 16:47:00,18.0,0.005825490497053042,96.01736181104312
20615,BLUE POLKADOT PASSPORT COVER,628,1042.83,188,78,4,2.1,2009-12-07 14:58:00,2011-11-30 15:33:00,3.3404255319148937,0.005806996876427477,96.02316880791955
22853,CAT BOWL VINTAGE CREAM,628,2140.18,142,53,8,3.25,2010-10-15 11:47:00,2011-12-04 11:56:00,4.422535211267606,0.005806996876427477,96.02897580479598
22323,PINK POLKADOT KIDS BAG,625,1628.37,112,42,6,1.95,2009-12-16 11:57:00,2011-01-12 13:19:00,5.580357142857143,0.005779256445489128,96.03475506124147
21695,SMALL SILVER FLOWER CANDLE POT,625,1934.5900000000001,100,59,3,2.95,2009-12-14 10:27:00,2011-11-30 09:53:00,6.25,0.005779256445489128,96.04053431768696
35965,FOLKART HEART NAPKIN RINGS,625,1402.5600000000002,171,71,4,2.95,2009-12-07 18:02:00,2011-11-15 17:00:00,3.654970760233918,0.005779256445489128,96.04631357413245
79190D,RETRO PLASTIC DAISY TRAY,623,289.02,109,69,4,0.42,2009-12-14 14:35:00,2011-12-02 16:07:00,5.715596330275229,0.005760762824863564,96.05207433695732
35646,VINTAGE BEAD PINK EVENING BAG,623,985.96,96,37,3,2.46,2009-12-23 13:36:00,2011-12-02 16:39:00,6.489583333333333,0.005760762824863564,96.05783509978218
21851,LILAC DIAMANTE PEN IN GIFT BOX,622,1441.17,145,59,2,4.21,2009-12-08 12:34:00,2011-11-29 16:33:00,4.289655172413793,0.005751516014550781,96.06358661579674
21613,S/12 VANILLA  BOTANICAL T-LIGHTS,621,1829.0000000000002,142,71,5,2.95,2009-12-07 15:28:00,2011-10-27 13:33:00,4.373239436619718,0.005742269204237998,96.06932888500097
85019A,ROMANTIC IMAGES NOTEBOOK SET,621,882.54,47,40,1,1.25,2010-01-05 15:55:00,2011-11-21 15:10:00,13.212765957446809,0.005742269204237998,96.0750711542052
22496,SET OF 2 ROUND TINS DUTCH CHEESE,620,1908.4,184,79,13,2.95,2010-01-29 13:46:00,2011-11-30 14:00:00,3.369565217391304,0.005733022393925215,96.08080417659913
21946,PARTY TIME DESIGN FLANNEL,619,355.39,65,40,6,0.85,2009-12-07 17:56:00,2011-11-28 11:18:00,9.523076923076923,0.005723775583612433,96.08652795218275
21379,CAMPHOR WOOD PORTOBELLO MUSHROOM,618,687.24,118,67,2,2.46,2009-12-07 17:56:00,2011-12-04 10:10:00,5.237288135593221,0.00571452877329965,96.09224248095605
85180A,RED HEARTS LIGHT CHAIN,616,1571.49,95,35,3,4.65,2009-12-09 11:52:00,2011-11-24 12:48:00,6.484210526315789,0.005696035152674085,96.09793851610873
23564,EGG CUP MILKMAID INGRID,615,791.75,65,8,5,1.25,2011-10-13 13:50:00,2011-12-02 16:39:00,9.461538461538462,0.005686788342361302,96.10362530445109
85036A,GARDENIA 1 WICK MORRIS BOXED CANDLE,615,2372.21,162,79,3,4.25,2009-12-07 14:52:00,2011-10-31 14:41:00,3.7962962962962963,0.005686788342361302,96.10931209279345
22408,MONEY BOX CONFECTIONERY DESIGN,614,784.63,92,52,7,1.25,2010-03-26 13:46:00,2011-11-30 09:53:00,6.673913043478261,0.00567754153204852,96.1149896343255
21373,MIRRORED WALL ART SNOWFLAKES,614,526.99,58,29,4,0.75,2009-12-07 18:02:00,2011-12-02 09:19:00,10.586206896551724,0.00567754153204852,96.12066717585755
21222,SET/4 BADGES BEETLES,614,788.64,127,67,7,1.25,2009-12-07 13:59:00,2011-11-29 16:33:00,4.834645669291339,0.00567754153204852,96.1263447173896
21408,SPOTTY PINK DUCK DOORSTOP,614,2807.64,224,84,8,4.25,2009-12-07 14:31:00,2011-12-04 15:28:00,2.7410714285714284,0.00567754153204852,96.13202225892165
23536,WALL ART VILLAGE SHOW,612,3345.81,80,9,5,5.95,2011-10-03 13:49:00,2011-12-04 14:55:00,7.65,0.005659047911422955,96.13768130683307
22860,EASTER TIN CHICKS PINK DAISY,612,1060.85,111,22,10,1.65,2010-10-05 09:43:00,2011-11-18 14:50:00,5.513513513513513,0.005659047911422955,96.1433403547445
84509B,SET OF 4 FAIRY CAKE PLACEMATS,611,2302.11,185,85,12,3.75,2009-12-07 10:51:00,2011-11-27 15:44:00,3.3027027027027027,0.005649801101110172,96.14899015584561
72800C,4 PINK DINNER CANDLE SILVER FLOCK,611,886.13,73,48,3,2.55,2009-12-07 15:26:00,2011-11-30 10:54:00,8.36986301369863,0.005649801101110172,96.15463995694672
23403,LETTER HOLDER HOME SWEET HOME,609,2118.14,127,13,3,3.75,2011-09-05 12:00:00,2011-12-04 15:13:00,4.7952755905511815,0.005631307480484606,96.16027126442721
21205,MULTICOLOUR 3D BALLS GARLAND,609,1615.57,141,78,5,2.55,2009-12-07 13:48:00,2011-12-02 14:30:00,4.319148936170213,0.005631307480484606,96.1659025719077
84913A,SOFT PINK ROSE TOWEL,608,2211.54,266,76,6,3.36,2009-12-09 09:42:00,2011-11-07 16:16:00,2.2857142857142856,0.005622060670171824,96.17152463257787
84750B,BLACK SMALL GLASS CAKE STAND,607,1135.77,76,39,2,1.95,2009-12-09 09:42:00,2011-04-19 14:49:00,7.9868421052631575,0.005612813859859042,96.17713744643773
22056,CERAMIC PLATE LOVE HEART DESIGN,607,656.87,34,18,3,1.49,2009-12-08 12:38:00,2010-07-27 15:45:00,17.852941176470587,0.005612813859859042,96.18275026029758
85162A,SILVER RETRODISC LAMPSHADE,606,1224.32,19,12,2,1.95,2009-12-07 16:28:00,2010-06-08 12:53:00,31.894736842105264,0.005603567049546259,96.18835382734713
84684,BEACH HUT PHOTO FRAME,606,713.05,38,18,3,2.55,2009-12-14 16:11:00,2010-06-04 15:50:00,15.947368421052632,0.005603567049546259,96.19395739439668
22137,BATHROOM SET LOVE HEART DESIGN,606,1508.28,43,32,6,2.95,2009-12-14 18:03:00,2011-08-11 11:45:00,14.093023255813954,0.005603567049546259,96.19956096144622
20890,SMALL GLASS ROSE SCENTED CANDLE,605,202.62,4,4,1,2.025,2010-01-21 14:30:00,2010-04-19 10:36:00,151.25,0.005594320239233477,96.20515528168546
22701,PINK DOG BOWL,605,1233.54,143,57,4,2.95,2010-06-22 16:28:00,2011-12-04 15:19:00,4.230769230769231,0.005594320239233477,96.2107496019247
20839,FRENCH PAISLEY CUSHION COVER,604,966.62,112,46,5,2.95,2009-12-07 18:02:00,2011-12-01 14:50:00,5.392857142857143,0.0055850734289206935,96.21633467535362
84934,ASSTD DESIGN POP ART SLIM PEN,603,515.1,10,9,3,0.85,2009-12-09 11:01:00,2010-04-09 10:30:00,60.3,0.005575826618607911,96.22191050197223
10134,COLOURING PENCILS BROWN TUBE,602,692.38,49,28,4,1.25,2009-12-07 12:19:00,2010-11-12 13:43:00,12.285714285714286,0.005566579808295128,96.22747708178052
85065,CREAM SWEETHEART TRAYS,602,7322.94,249,45,5,12.75,2009-12-07 09:42:00,2010-10-29 09:57:00,2.4176706827309236,0.005566579808295128,96.23304366158881
23252,VINTAGE RED ENAMEL TRIM JUG,601,2254.11,136,26,8,3.75,2011-06-12 12:00:00,2011-12-02 13:28:00,4.419117647058823,0.005557332997982346,96.23860099458679
84796B,BLUE SAVANNAH PICNIC HAMPER FOR 2,600,4999.79,180,48,6,8.29,2010-03-05 10:05:00,2011-11-08 09:29:00,3.3333333333333335,0.005548086187669564,96.24414908077446
22389,PAPERWEIGHT SAVE THE PLANET,600,1213.48,83,51,6,2.55,2010-03-30 12:27:00,2011-12-02 16:39:00,7.228915662650603,0.005548086187669564,96.24969716696214
22393,PAPERWEIGHT VINTAGE COLLAGE,600,1354.3999999999999,107,60,6,2.55,2010-03-26 13:46:00,2011-12-04 15:28:00,5.607476635514018,0.005548086187669564,96.25524525314981
22843,BISCUIT TIN VINTAGE GREEN,594,3845.2200000000003,176,53,9,6.75,2010-10-15 08:41:00,2011-11-30 08:43:00,3.375,0.005492605325792868,96.26073785847561
22372,AIRLINE BAG VINTAGE WORLD CHAMPION,593,3018.6,281,84,14,4.25,2010-02-11 11:24:00,2011-12-02 12:59:00,2.110320284697509,0.0054833585154800855,96.26622121699108
79302M,"ART LIGHTS,FUNK MONKEY",593,1690.73,102,61,4,2.95,2009-12-08 15:49:00,2011-11-28 15:31:00,5.813725490196078,0.0054833585154800855,96.27170457550656
72755C,FLOWER FAIRY OIL BURNER SET ROSE,592,767.0,14,8,2,1.25,2009-12-22 12:01:00,2010-03-26 14:29:00,42.285714285714285,0.005474111705167302,96.27717868721173
85036B,CHOCOLATE 1 WICK MORRIS BOX CANDLE,591,1500.4099999999999,84,42,5,3.81,2009-12-07 14:58:00,2011-11-17 15:16:00,7.035714285714286,0.00546486489485452,96.28264355210659
17165D,ASS COL LARGE SAND FROG P'WEIGHT,590,571.62,85,42,2,1.05,2009-12-13 12:19:00,2011-01-12 15:22:00,6.9411764705882355,0.005455618084541737,96.28809917019113
22259,FELT FARM ANIMAL HEN,590,482.95,72,26,2,1.25,2010-01-24 15:14:00,2011-04-26 13:05:00,8.194444444444445,0.005455618084541737,96.29355478827567
21251,DINOSAUR HEIGHT CHART STICKER SET,590,1663.0000000000002,128,70,11,2.95,2009-12-07 13:35:00,2011-11-30 15:13:00,4.609375,0.005455618084541737,96.29901040636021
21943,CAKES AND RABBITS DESIGN FLANNEL,589,525.9,147,65,7,0.85,2009-12-07 18:02:00,2011-11-25 15:23:00,4.006802721088436,0.005446371274228955,96.30445677763444
22934,BAKING MOULD EASTER EGG WHITE CHOC,589,1707.47,78,25,7,2.95,2010-12-10 09:35:00,2011-11-11 13:06:00,7.551282051282051,0.005446371274228955,96.30990314890867
21262,WHITE GOOSE FEATHER CHRISTMAS TREE,589,2287.8700000000003,126,46,7,2.95,2009-12-10 09:49:00,2011-12-04 15:13:00,4.674603174603175,0.005446371274228955,96.3153495201829
72799A,BLACK PILLAR CANDLE SILVER FLOCK,588,816.6,17,11,1,2.95,2009-12-09 10:48:00,2010-08-04 12:39:00,34.588235294117645,0.005437124463916172,96.32078664464682
22320,BIRDS MOBILE VINTAGE DESIGN,588,3479.34,174,79,19,5.95,2009-12-16 12:17:00,2011-12-02 13:11:00,3.3793103448275863,0.005437124463916172,96.32622376911073
84659A,WHITE TRAVEL ALARM CLOCK,587,1464.34,223,71,4,2.51,2009-12-11 12:31:00,2011-11-21 10:35:00,2.632286995515695,0.0054278776536033895,96.33165164676433
82616B,FRAPPUCINO SCARF KNITTING KIT,587,924.6,119,53,3,2.46,2009-12-07 12:26:00,2011-12-02 16:39:00,4.932773109243698,0.0054278776536033895,96.33707952441793
21065,BOOM BOX SPEAKER GIRLS,586,1373.78,106,52,3,4.255,2009-12-07 13:59:00,2011-12-02 16:39:00,5.528301886792453,0.005418630843290607,96.34249815526123
84637,KITCHEN FLOWER POTS WALL PLAQUE,585,1454.49,114,52,6,4.96,2009-12-14 18:37:00,2011-09-23 14:49:00,5.131578947368421,0.005409384032977824,96.3479075392942
20771,CHRYSANTHEMUM  JOURNAL,585,1148.1299999999999,136,65,5,2.55,2009-12-07 17:56:00,2011-11-30 17:37:00,4.301470588235294,0.005409384032977824,96.35331692332717
22471,TV DINNER TRAY AIR HOSTESS,583,2465.28,170,69,13,4.95,2010-03-11 10:26:00,2011-12-04 15:47:00,3.429411764705882,0.005390890412352259,96.35870781373953
21708,FOLDING UMBRELLA CREAM POLKADOT,583,2187.4300000000003,122,63,7,4.95,2009-12-09 09:51:00,2011-11-28 11:00:00,4.778688524590164,0.005390890412352259,96.36409870415189
85086A,CANDY SPOT HEART DECORATION,583,561.93,150,55,4,0.85,2009-12-07 17:56:00,2011-08-12 16:30:00,3.8866666666666667,0.005390890412352259,96.36948959456424
82616C,MIDNIGHT GLAMOUR SCARF KNITTING KIT,582,929.65,129,54,2,2.46,2009-12-07 17:56:00,2011-12-02 16:39:00,4.511627906976744,0.005381643602039477,96.37487123816628
23398,HANGING HEART BONHEUR,582,512.49,63,14,5,0.85,2011-09-04 14:08:00,2011-12-04 11:24:00,9.238095238095237,0.005381643602039477,96.38025288176831
22375,AIRLINE BAG VINTAGE JET SET BROWN,581,2914.88,278,89,9,4.25,2010-02-14 12:22:00,2011-12-02 16:39:00,2.0899280575539567,0.0053723967917266935,96.38562527856004
23091,ZINC HERB GARDEN CONTAINER,580,3656.32,209,27,4,6.25,2011-05-11 09:28:00,2011-11-10 18:04:00,2.77511961722488,0.005363149981413911,96.39098842854146
85185B,PINK HORSE SOCK PUPPET,580,1792.7500000000002,176,79,5,2.95,2009-12-07 13:59:00,2011-11-30 17:37:00,3.2954545454545454,0.005363149981413911,96.39635157852288
22822,CREAM WALL PLANTER HEART SHAPED,578,3342.9900000000002,180,49,5,5.95,2010-11-07 12:21:00,2011-11-29 16:47:00,3.2111111111111112,0.005344656360788346,96.40169623488367
22183,CAKE STAND VICTORIAN FILIGREE MED,578,3229.01,206,60,3,5.91,2009-12-09 09:44:00,2011-11-13 12:19:00,2.8058252427184467,0.005344656360788346,96.40704089124446
90058A,CRYSTAL STUD EARRINGS CLEAR DISPLAY,576,218.88,13,11,1,0.38,2009-12-10 14:13:00,2011-11-14 12:07:00,44.30769230769231,0.005326162740162781,96.41236705398462
22839,3 TIER CAKE TIN GREEN AND CREAM,575,8868.789999999999,256,59,10,14.95,2010-10-14 14:11:00,2011-12-01 19:42:00,2.24609375,0.005316915929849998,96.41768396991448
23559,WOODLAND BUNNIES LOLLY MAKERS,575,1291.59,110,13,10,2.08,2011-09-08 13:07:00,2011-12-02 16:39:00,5.2272727272727275,0.005316915929849998,96.42300088584433
23164,REGENCY CAKE SLICE,575,2688.77,89,29,8,4.95,2011-05-03 10:43:00,2011-12-04 15:18:00,6.46067415730337,0.005316915929849998,96.42831780177418
17012F,ORIGAMI SANDLEWOOD INCENSE/CAND SET,574,665.62,102,48,3,2.46,2010-03-03 11:53:00,2011-12-04 13:45:00,5.627450980392157,0.005307669119537215,96.43362547089372
20619,TROPICAL PASSPORT COVER,573,999.86,190,80,6,2.1,2009-12-07 14:58:00,2011-12-02 16:39:00,3.0157894736842104,0.005298422309224433,96.43892389320294
47574A,ENGLISH ROSE SCENTED HANGING FLOWER,573,792.73,129,42,6,2.46,2009-12-09 09:51:00,2011-10-07 15:45:00,4.441860465116279,0.005298422309224433,96.44422231551216
23048,SET OF 10 LANTERNS FAIRY LIGHT STAR,571,2335.19,96,28,8,4.15,2011-04-28 13:35:00,2011-12-04 12:32:00,5.947916666666667,0.005279928688598868,96.44950224420076
21804,WHITE CHRISTMAS GARLAND STARS TREES,570,2131.68,133,34,2,3.75,2009-12-08 12:25:00,2011-12-02 11:28:00,4.285714285714286,0.0052706818782860855,96.45477292607904
20684,STRAWBERRY DREAM CHILDS UMBRELLA,570,1873.9,171,67,7,3.25,2009-12-08 13:58:00,2011-07-22 10:52:00,3.3333333333333335,0.0052706818782860855,96.46004360795733
21678,PAISLEY PATTERN  STICKERS,569,418.03999999999996,78,52,6,0.85,2009-12-11 15:37:00,2011-11-25 11:25:00,7.294871794871795,0.005261435067973302,96.46530504302531
20686,DOLLY MIXTURE CHILDREN'S UMBRELLA,569,1934.59,180,82,7,3.25,2009-12-09 09:42:00,2011-12-01 12:53:00,3.161111111111111,0.005261435067973302,96.47056647809329
23525,WALL ART BUFFALO BILL,568,1807.6100000000001,49,10,2,3.75,2011-10-02 15:50:00,2011-12-04 11:55:00,11.591836734693878,0.00525218825766052,96.47581866635095
23124,18PC WOODEN CUTLERY SET DISPOSABLE,567,751.38,43,15,4,1.25,2011-06-17 13:17:00,2011-11-03 15:56:00,13.186046511627907,0.005242941447347737,96.4810616077983
23515,EMBROIDERED RIBBON REEL DAISY,566,1135.8899999999999,68,11,12,2.08,2011-09-22 14:10:00,2011-12-02 14:30:00,8.323529411764707,0.005233694637034955,96.48629530243534
22317,FIVE CATS HANGING DECORATION,566,1765.69,162,75,15,2.95,2009-12-07 11:46:00,2011-11-29 11:23:00,3.493827160493827,0.005233694637034955,96.49152899707238
85025B,EAU DE NILE HEART SHAPE PHOTO FRAME,566,975.5199999999999,92,53,3,1.65,2009-12-07 11:39:00,2011-11-24 09:06:00,6.1521739130434785,0.005233694637034955,96.49676269170942
22914,BLUE COAT RACK PARIS FASHION,565,2684.23,167,50,14,4.95,2010-11-19 10:58:00,2011-12-01 09:20:00,3.3832335329341316,0.005224447826722173,96.50198713953614
23511,EMBROIDERED RIBBON REEL EMILY,565,1233.38,93,11,11,2.08,2011-09-22 12:23:00,2011-12-02 16:39:00,6.075268817204301,0.005224447826722173,96.50721158736286
84678,CLASSICAL ROSE SMALL VASE,565,1108.28,81,47,5,2.55,2009-12-08 13:59:00,2011-03-23 10:15:00,6.9753086419753085,0.005224447826722173,96.51243603518958
10120,DOGGY RUBBER,564,121.74,70,41,2,0.21,2009-12-08 15:49:00,2011-12-04 13:15:00,8.057142857142857,0.0052152010164093895,96.51765123620599
35647,VINTAGE BEAD PINK SHADE,563,748.24,74,36,1,1.25,2009-12-08 15:49:00,2011-03-11 12:29:00,7.608108108108108,0.005205954206096607,96.52285719041208
23513,EMBROIDERED RIBBON REEL SUSIE,563,1105.97,68,11,10,2.08,2011-09-22 14:18:00,2011-12-04 12:44:00,8.279411764705882,0.005205954206096607,96.52806314461817
35915B,BLUE KNITTED HEN,563,713.7299999999999,67,26,5,0.83,2009-12-18 10:59:00,2011-09-23 17:04:00,8.402985074626866,0.005205954206096607,96.53326909882426
22123,PING MICROWAVE APRON,562,1592.6,152,73,5,4.13,2009-12-10 12:44:00,2011-12-04 15:28:00,3.6973684210526314,0.005196707395783824,96.53846580622005
20622,VIPPASSPORT COVER,561,1079.26,120,66,6,2.1,2009-12-07 13:59:00,2011-12-02 16:39:00,4.675,0.005187460585471042,96.54365326680552
21194,PINK  HONEYCOMB PAPER FAN,560,733.25,91,51,8,2.1,2009-12-14 18:03:00,2011-12-01 19:24:00,6.153846153846154,0.005178213775158259,96.54883148058067
84760L,LARGE HANGING GLASS+ZINC LANTERN,560,896.0,1,1,1,1.6,2010-05-04 13:59:00,2010-05-04 13:59:00,560.0,0.005178213775158259,96.55400969435583
22894,TABLECLOTH RED APPLES DESIGN,559,5140.88,191,54,10,9.95,2010-09-24 16:50:00,2011-11-28 14:06:00,2.926701570680628,0.005168966964845477,96.55917866132067
84951A,SET OF 4 PISTACHIO LOVEBIRD COASTER,558,763.8299999999999,131,58,2,1.66,2009-12-07 17:56:00,2011-11-30 15:13:00,4.259541984732825,0.0051597201545326935,96.56433838147521
35818P,"ACRYLIC JEWEL ICICLE, PINK",557,241.39,24,18,2,0.38,2010-05-14 12:00:00,2011-11-30 10:45:00,23.208333333333332,0.005150473344219911,96.56948885481943
84569A,PACK 3 IRON ON DOG PATCHES,557,691.11,107,59,10,1.25,2009-12-08 12:38:00,2011-11-24 09:26:00,5.205607476635514,0.005150473344219911,96.57463932816364
35981C,WHITE SNOW SCANDINAVIAN STOCKING,557,252.34,60,20,1,0.38,2009-12-08 11:46:00,2010-10-17 16:17:00,9.283333333333333,0.005150473344219911,96.57978980150786
21361,LOVE LARGE WOOD LETTERS,556,7361.74,286,67,7,12.75,2010-02-11 12:31:00,2011-07-22 17:21:00,1.944055944055944,0.005141226533907129,96.58493102804177
72122,COFFEE SCENT PILLAR CANDLE,555,553.65,112,62,2,0.95,2009-12-13 11:32:00,2011-12-01 16:22:00,4.955357142857143,0.005131979723594346,96.59006300776537
23152,IVORY SWEETHEART WIRE LETTER RACK,554,2080.65,159,33,4,3.75,2011-04-20 11:19:00,2011-12-04 12:52:00,3.4842767295597485,0.005122732913281564,96.59518574067864
20893,HANGING BAUBLE T-LIGHT HOLDER SMALL,554,1295.8400000000001,74,47,3,2.55,2009-12-22 14:31:00,2011-12-04 12:13:00,7.486486486486487,0.005122732913281564,96.60030847359192
35607A,PINK FLUFFY CHRISTMAS DECORATION,554,118.43,31,20,4,0.19,2009-12-11 12:31:00,2011-01-18 17:34:00,17.870967741935484,0.005122732913281564,96.6054312065052
21682,LARGE MEDINA STAMPED METAL BOWL,553,2737.8900000000003,150,80,7,4.95,2009-12-11 12:55:00,2011-12-04 13:00:00,3.6866666666666665,0.005113486102968781,96.61054469260817
35637A,IVORY STRING CURTAIN WITH POLE,551,1445.05,53,35,4,5.95,2009-12-13 15:16:00,2011-11-27 13:49:00,10.39622641509434,0.005094992482343215,96.61563968509051
23026,DRAWER KNOB VINTAGE GLASS STAR,550,1186.48,61,24,5,2.08,2011-06-16 17:08:00,2011-11-28 15:54:00,9.01639344262295,0.005085745672030433,96.62072543076255
72132,COLUMBIAN CUBE CANDLE,549,462.15,28,20,2,1.95,2009-12-21 12:20:00,2011-11-27 14:30:00,19.607142857142858,0.005076498861717651,96.62580192962426
84313C,ORANGE TV TRAY TABLE,548,1442.3899999999999,73,44,2,4.25,2010-01-11 09:34:00,2011-06-02 09:38:00,7.506849315068493,0.005067252051404868,96.63086918167566
22282,12 EGG HOUSE PAINTED WOOD,548,7126.7300000000005,210,87,9,12.75,2009-12-07 18:02:00,2011-11-28 14:06:00,2.6095238095238096,0.005067252051404868,96.63593643372707
23695,DOILY THANK YOU CARD,547,235.26,45,4,4,0.42,2011-11-09 14:11:00,2011-12-04 13:59:00,12.155555555555555,0.0050580052410920855,96.64099443896816
84535A,ENGLISH ROSE NOTEBOOK A6 SIZE,547,301.84000000000003,56,18,1,0.65,2009-12-07 17:56:00,2011-05-08 13:32:00,9.767857142857142,0.0050580052410920855,96.64605244420926
22852,DOG BOWL VINTAGE CREAM,547,2382.53,154,54,9,4.25,2010-10-15 11:47:00,2011-12-04 11:56:00,3.551948051948052,0.0050580052410920855,96.65111044945036
20798,CLEAR MILKSHAKE GLASS,547,1290.95,81,41,4,2.1,2009-12-07 18:02:00,2011-01-25 13:38:00,6.753086419753086,0.0050580052410920855,96.65616845469145
72801D,S/4 SKY BLUE DINNER CANDLES,547,438.67,58,40,2,1.25,2009-12-15 12:03:00,2011-11-25 16:14:00,9.431034482758621,0.0050580052410920855,96.66122645993255
21549,CERAMIC BIRDHOUSE RED ROOF SMALL,544,1261.54,48,16,3,2.95,2009-12-07 12:08:00,2010-04-13 13:21:00,11.333333333333334,0.005030264810153737,96.66625672474271
23418,LAVENDER TOILETTE BOTTLE,542,1132.75,75,13,3,2.08,2011-09-11 10:53:00,2011-12-04 14:55:00,7.226666666666667,0.005011771189528173,96.67126849593224
23003,TRAVEL CARD WALLET VINTAGE ROSE,542,226.2,53,16,3,0.42,2011-02-16 16:56:00,2011-06-12 12:34:00,10.226415094339623,0.005011771189528173,96.67628026712177
84971L,LARGE HEART FLOWERS HOOK,541,667.19,52,15,2,1.25,2009-12-07 11:46:00,2010-04-07 12:45:00,10.403846153846153,0.0050025243792153895,96.68128279150099
22526,WHEELBARROW FOR CHILDREN,541,6614.79,205,73,6,12.75,2010-03-26 13:05:00,2011-12-01 12:25:00,2.6390243902439026,0.0050025243792153895,96.68628531588021
79328,BLUE FLOCK GLASS CANDLEHOLDER,541,234.27,14,12,2,0.38,2009-12-11 10:37:00,2010-07-26 14:36:00,38.642857142857146,0.0050025243792153895,96.69128784025943
21694,SMALL REGAL  SILVER CANDLEPOT,541,1545.8200000000002,66,45,2,2.95,2009-12-07 11:05:00,2011-11-20 11:37:00,8.196969696969697,0.0050025243792153895,96.69629036463866
21349,IVY HEART WREATH,540,3894.5,163,29,9,6.75,2009-12-07 18:02:00,2011-11-01 15:55:00,3.312883435582822,0.004993277568902607,96.70128364220756
84951B,SET OF 4 BLACK LOVEBIRD COASTERS,540,782.98,118,49,2,1.66,2009-12-10 09:49:00,2011-12-04 15:19:00,4.576271186440678,0.004993277568902607,96.70627691977646
22125,UNION JACK HOT WATER BOTTLE,539,3378.3900000000003,153,16,3,5.95,2009-12-07 13:07:00,2011-11-23 13:53:00,3.522875816993464,0.004984030758589824,96.71126095053505
85170C,SET/6 EAU DE NIL BIRD T-LIGHTS,539,980.57,104,58,4,2.46,2009-12-14 18:37:00,2011-11-29 17:52:00,5.1826923076923075,0.004984030758589824,96.71624498129364
84526,GIANT BLACK SUNGLASSES,536,1499.7399999999998,33,24,1,1.95,2009-12-11 14:39:00,2010-11-18 12:14:00,16.242424242424242,0.004956290327651477,96.7212012716213
21895,POTTING SHED SOW 'N' GROW SET,535,1629.23,80,35,3,4.25,2009-12-13 13:03:00,2010-12-09 16:31:00,6.6875,0.004947043517338694,96.72614831513863
84683,CLASSICAL ROSE CANDLESTAND,533,506.57,45,32,3,1.25,2009-12-10 14:44:00,2011-05-03 13:52:00,11.844444444444445,0.004928549896713129,96.73107686503535
85039C,S/4 BLACK MINI ROSE CANDLE IN BOWL,533,507.82,111,60,1,1.65,2009-12-18 17:06:00,2011-12-02 16:39:00,4.801801801801802,0.004928549896713129,96.73600541493207
22446,PIN CUSHION BABUSHKA PINK,532,1580.97,174,56,10,2.51,2010-03-18 14:09:00,2011-12-04 15:28:00,3.057471264367816,0.004919303086400346,96.74092471801846
21378,SMALL TALL CAMPHOR WOOD TOADSTOOL,531,703.16,82,52,2,1.65,2009-12-07 17:56:00,2011-12-04 10:10:00,6.475609756097561,0.004910056276087564,96.74583477429455
21580,RABBIT  DESIGN  COTTON TOTE BAG,530,1297.0,166,65,7,2.25,2009-12-09 09:51:00,2011-11-30 15:31:00,3.1927710843373496,0.004900809465774781,96.75073558376033
84993B,75 BLACK PETIT FOUR CASES,530,234.84,83,45,3,0.42,2009-12-10 10:29:00,2011-08-08 13:46:00,6.385542168674699,0.004900809465774781,96.75563639322611
72755D,FLOWER FAIRY OIL BURNER SET SUMMER,529,676.25,12,7,2,1.25,2009-12-07 13:48:00,2010-03-26 14:29:00,44.083333333333336,0.004891562655461998,96.76052795588157
22513,DOORSTOP FOOTBALL DESIGN,529,1817.11,158,64,6,3.75,2010-03-14 12:05:00,2011-12-04 15:19:00,3.348101265822785,0.004891562655461998,96.76541951853703
84968A,SET OF 16 VINTAGE ROSE CUTLERY,528,6512.04,203,80,7,12.75,2009-12-10 09:49:00,2011-12-04 15:13:00,2.600985221674877,0.004882315845149216,96.77030183438218
35824B,"HANGING FLOWERS+MIRROR,BLUE",528,203.24,6,5,2,0.38,2009-12-10 08:29:00,2010-05-14 12:00:00,88.0,0.004882315845149216,96.77518415022733
21056,DOCTOR'S BAG SOFT TOY,528,4755.42,189,78,12,8.95,2009-12-09 13:11:00,2011-12-04 13:32:00,2.7936507936507935,0.004882315845149216,96.78006646607248
21464,DISCO BALL ROTATOR BATTERY OPERATED,527,2235.75,212,89,6,4.25,2009-12-08 13:28:00,2011-12-01 14:38:00,2.4858490566037736,0.004873069034836433,96.78493953510733
23543,WALL ART KEEP CALM,527,4060.21,98,9,7,8.25,2011-10-03 11:26:00,2011-12-04 12:52:00,5.377551020408164,0.004873069034836433,96.78981260414217
22376,AIRLINE BAG VINTAGE JET SET WHITE,525,2611.14,243,84,10,4.25,2010-02-14 12:22:00,2011-12-04 13:45:00,2.1604938271604937,0.004854575414210868,96.79466717955638
22990,COTTON APRON PANTRY DESIGN,524,2572.2000000000003,151,44,10,4.95,2011-02-06 14:33:00,2011-11-30 15:13:00,3.4701986754966887,0.0048453286038980855,96.79951250816028
16256B,FLOWER PENCIL/RUBBER+5 MINI PENCILS,523,231.52,34,21,2,0.42,2009-12-07 13:24:00,2010-06-10 18:50:00,15.382352941176471,0.004836081793585302,96.80434858995386
23216,LAUREL HEART ANTIQUE GOLD,523,627.02,42,20,2,1.25,2011-06-02 09:37:00,2011-12-02 14:26:00,12.452380952380953,0.004836081793585302,96.80918467174745
23112,PARISIENNE CURIO CABINET,522,4277.6,232,30,12,7.5,2011-05-11 12:47:00,2011-12-02 16:39:00,2.25,0.00482683498327252,96.81401150673072
21221,SET/4 BADGES CUTE CREATURES,522,690.88,103,56,5,1.25,2009-12-07 16:40:00,2011-11-30 15:13:00,5.067961165048544,0.00482683498327252,96.818838341714
85169D,PINK LOVE BIRD CANDLE,521,603.98,88,55,5,1.25,2009-12-14 17:57:00,2011-11-29 12:07:00,5.920454545454546,0.004817588172959738,96.82365592988695
20869,GOLD FABRIC MIRROR,521,290.28000000000003,49,36,4,0.85,2009-12-09 12:57:00,2011-11-28 14:37:00,10.63265306122449,0.004817588172959738,96.82847351805991
84750A,PINK SMALL GLASS CAKE STAND,520,1133.03,100,23,4,3.08,2009-12-07 17:56:00,2011-03-20 10:13:00,5.2,0.004808341362646955,96.83328185942256
84912B,GREEN ROSE WASHBAG,518,1842.82,254,81,7,3.36,2009-12-09 12:57:00,2011-12-02 16:39:00,2.0393700787401574,0.0047898477420213895,96.83807170716457
79323GR,GREEN CHERRY LIGHTS,518,3107.7400000000002,78,18,3,6.75,2009-12-08 13:08:00,2010-04-20 13:43:00,6.641025641025641,0.0047898477420213895,96.84286155490659
22214,CANDLE PLATE LACE WHITE,517,1239.78,88,50,7,2.55,2009-12-13 15:16:00,2011-11-16 15:16:00,5.875,0.004780600931708607,96.8476421558383
37330,SPOTS MUG,517,927.4599999999999,28,20,2,1.95,2010-01-11 09:38:00,2011-03-22 12:25:00,18.464285714285715,0.004780600931708607,96.85242275677001
20766,GARDEN PATH SKETCHBOOK,516,1540.97,153,70,5,3.75,2009-12-08 15:25:00,2011-12-04 15:00:00,3.372549019607843,0.004771354121395824,96.85719411089141
35962,12 ASS ZINC CHRISTMAS DECORATIONS,515,1197.7800000000002,78,23,2,2.1,2009-12-07 11:40:00,2010-10-20 14:42:00,6.602564102564102,0.004762107311083042,96.8619562182025
21026,SPACE OWL,515,669.28,118,50,7,1.25,2009-12-07 18:02:00,2011-12-02 16:39:00,4.364406779661017,0.004762107311083042,96.86671832551357
84199,GLOW IN DARK DOLPHINS,514,112.67999999999999,63,37,5,0.21,2009-12-14 14:35:00,2011-12-01 12:53:00,8.158730158730158,0.00475286050077026,96.87147118601435
23490,T-LIGHT HOLDER HANGING LOVE BIRD,512,1916.56,95,8,3,3.75,2011-10-14 12:33:00,2011-12-04 13:15:00,5.389473684210526,0.004734366880144694,96.87620555289449
21283,NATURAL BARK CANDLE SMALL,511,1622.29,80,41,5,3.25,2009-12-09 09:42:00,2010-11-24 10:03:00,6.3875,0.004725120069831911,96.88093067296433
22204,MILK PAN BLUE POLKADOT,509,1921.79,162,70,11,3.75,2009-12-14 17:57:00,2011-12-04 15:19:00,3.1419753086419755,0.004706626449206346,96.88563729941353
22058,CERAMIC LOVE HEARTS DESIGN MUG,508,775.9,99,34,3,1.49,2009-12-08 15:49:00,2010-11-21 15:24:00,5.1313131313131315,0.004697379638893564,96.89033467905243
21319,GLASS CHALICE GREEN  SMALL,508,743.6099999999999,65,42,4,1.65,2009-12-07 13:35:00,2011-04-10 13:36:00,7.815384615384615,0.004697379638893564,96.89503205869133
22281,EASTER TREE YELLOW BIRDS,508,3268.01,147,38,7,5.95,2009-12-07 18:02:00,2011-11-02 12:46:00,3.45578231292517,0.004697379638893564,96.89972943833023
85214,TUB 24 PINK FLOWER PEGS,507,874.68,165,63,2,1.65,2010-01-11 09:35:00,2011-08-10 16:19:00,3.0727272727272728,0.0046881328285807815,96.9044175711588
47504F,ENGLISH ROSE TORCH,507,163.45999999999998,9,3,2,1.65,2009-12-07 11:39:00,2010-02-15 11:57:00,56.333333333333336,0.0046881328285807815,96.90910570398738
22106,MIRROR MOSAIC HURRICANE LAMP,504,1565.18,77,50,3,5.06,2010-01-15 12:38:00,2011-12-01 16:22:00,6.545454545454546,0.004660392397642433,96.91376609638502
84997b,CHILDRENS CUTLERY RETROSPOT RED,504,4239.67,81,51,1,8.29,2010-06-24 11:40:00,2011-11-30 14:46:00,6.222222222222222,0.004660392397642433,96.91842648878266
23092,LARGE ANTIQUE WHITE PHOTO FRAME,503,3599.0,131,28,5,7.9,2011-05-16 10:43:00,2011-12-04 11:56:00,3.8396946564885495,0.004651145587329651,96.92307763436999
20933,YELLOW POT PLANT CANDLE,502,1310.98,50,30,2,3.75,2009-12-11 15:40:00,2011-11-30 14:00:00,10.04,0.004641898777016868,96.92771953314701
82615,PINK MARSHMALLOW SCARF KNITTING KIT,502,1384.08,80,32,4,2.95,2009-12-07 12:26:00,2010-12-01 16:11:00,6.275,0.004641898777016868,96.93236143192404
85169C,EAU DE NIL LOVE BIRD CANDLE,501,560.61,68,45,4,1.25,2009-12-08 15:12:00,2011-11-28 11:18:00,7.367647058823529,0.0046326519667040855,96.93699408389074
21698,MOCK LOBSTER FRIDGE MAGNET,501,387.7,109,62,4,1.63,2009-12-08 17:24:00,2011-11-30 15:13:00,4.5963302752293576,0.0046326519667040855,96.94162673585744
84673B,BLUE FLY SWAT,501,388.38,131,66,4,0.65,2009-12-07 18:02:00,2011-11-28 15:54:00,3.8244274809160306,0.0046326519667040855,96.94625938782414
84581,DOG TOY WITH PINK CROCHET SKIRT,499,1893.77,231,87,8,3.75,2009-12-08 11:27:00,2011-12-04 15:35:00,2.16017316017316,0.00461415834607852,96.95087354617021
79338,DARK PINK FLOCK GLASS CANDLEHOLDER,499,224.15,11,7,1,1.65,2009-12-07 17:56:00,2010-03-02 10:37:00,45.36363636363637,0.00461415834607852,96.95548770451629
20976,12 PENCILS SMALL TUBE POSY,499,343.84000000000003,72,33,3,0.65,2009-12-07 11:39:00,2010-10-04 14:30:00,6.930555555555555,0.00461415834607852,96.96010186286236
84673A,PINK FLY SWAT,498,312.24,97,46,2,0.65,2009-12-09 09:51:00,2011-11-24 15:02:00,5.134020618556701,0.004604911535765738,96.96470677439812
21427,SKULLS STORAGE BOX SMALL,498,980.16,116,60,5,2.1,2009-12-07 15:42:00,2011-11-30 09:53:00,4.293103448275862,0.004604911535765738,96.96931168593389
72780,BLACK SILOUETTE CANDLE PLATE,498,404.58,42,35,3,0.85,2009-12-09 15:28:00,2011-12-02 12:52:00,11.857142857142858,0.004604911535765738,96.97391659746965
22182,CAKE STAND VICTORIAN FILIGREE SMALL,497,2046.85,166,67,5,4.21,2010-01-11 09:38:00,2011-12-04 15:28:00,2.9939759036144578,0.004595664725452955,96.97851226219511
72750B,FLOWER FAIRY SET 3 CANDLES LAVENDER,496,1047.2,39,26,3,1.95,2009-12-14 15:51:00,2010-11-11 15:43:00,12.717948717948717,0.004586417915140173,96.98309868011025
75178,ASSTD COL BUTTERFLY/CRYSTAL W/CHIME,496,272.68,24,19,2,1.25,2010-02-18 13:29:00,2011-10-10 14:25:00,20.666666666666668,0.004586417915140173,96.98768509802538
20617,FIRST CLASS PASSPORT COVER,495,982.46,102,64,9,2.1,2009-12-07 14:58:00,2011-11-28 13:37:00,4.852941176470588,0.0045771711048273895,96.99226226913021
23512,EMBROIDERED RIBBON REEL ROSIE,495,962.79,53,11,12,2.08,2011-09-22 14:10:00,2011-12-04 12:44:00,9.339622641509434,0.0045771711048273895,96.99683944023504
84927E,FLOWERS TILE HOOK,494,224.31,29,24,3,2.1,2010-02-02 09:39:00,2011-07-18 11:47:00,17.03448275862069,0.004567924294514607,97.00140736452956
21792,CLASSIC FRENCH STYLE BASKET GREEN,494,2517.88,141,60,2,6.75,2010-01-20 11:57:00,2011-08-03 12:58:00,3.50354609929078,0.004567924294514607,97.00597528882408
84912A,PINK ROSE WASHBAG,494,1796.44,230,72,7,3.36,2009-12-08 12:33:00,2011-09-22 12:41:00,2.1478260869565218,0.004567924294514607,97.0105432131186
23050,RECYCLED ACAPULCO MAT GREEN,493,4236.79,202,39,12,8.25,2011-03-04 13:58:00,2011-12-02 16:39:00,2.4405940594059405,0.004558677484201824,97.01510189060279
22500,SET OF 2 TINS JARDIN DE PROVENCE,493,2538.56,180,81,8,4.95,2010-01-31 12:27:00,2011-12-04 15:00:00,2.738888888888889,0.004558677484201824,97.01966056808699
85159A,"BLACK TEA,COFFEE,SUGAR JARS",492,1248.98,82,53,4,1.95,2009-12-07 17:56:00,2011-12-04 15:19:00,6.0,0.004549430673889042,97.02420999876088
85123a,WHITE HANGING HEART T-LIGHT HOLDER,492,3284.8999999999996,95,47,1,6.63,2010-06-08 15:24:00,2011-11-30 14:46:00,5.178947368421053,0.004549430673889042,97.02875942943477
21768,WALL MOUNTED VINTAGE ORGANISER,491,6650.95,157,30,5,14.95,2009-12-08 15:49:00,2010-11-15 09:32:00,3.127388535031847,0.00454018386357626,97.03329961329835
17165B,ASS COL LARGE SAND GECKO P'WEIGHT,491,474.33000000000004,54,29,1,1.05,2009-12-16 12:06:00,2010-10-10 11:41:00,9.092592592592593,0.00454018386357626,97.03783979716194
21377,SMALL CAMPHOR WOOD FIELD  MUSHROOM,491,717.27,92,60,3,3.29,2009-12-07 17:56:00,2011-12-04 10:11:00,5.336956521739131,0.00454018386357626,97.04237998102552
71028B,SILVER BLUE EGG T-LIGHT HOLDER,490,220.88000000000002,11,5,1,1.65,2009-12-07 17:56:00,2010-01-17 11:55:00,44.54545454545455,0.004530937053263477,97.04691091807878
21425,SKULLS STORAGE BOX LARGE,490,1230.68,91,54,1,2.95,2009-12-07 17:56:00,2011-11-30 14:11:00,5.384615384615385,0.004530937053263477,97.05144185513204
21692,SILVER LATTICE VANILLA CANDLE POT,489,1857.87,106,47,3,3.75,2009-12-07 11:05:00,2011-02-25 11:56:00,4.613207547169812,0.004521690242950694,97.055963545375
21529,RETRO SPOT CERAMIC TOASTRACK,489,1729.19,146,33,5,3.45,2009-12-07 17:56:00,2010-09-13 13:29:00,3.3493150684931505,0.004521690242950694,97.06048523561795
22925,BLUE GIANT GARDEN THERMOMETER,488,2989.52,191,46,8,5.95,2010-11-22 12:26:00,2011-10-28 12:09:00,2.554973821989529,0.004512443432637911,97.06499767905058
23007,SPACEBOY BABY GIFT SET,488,7615.369999999999,175,37,13,16.95,2011-03-09 12:37:00,2011-12-04 12:02:00,2.7885714285714287,0.004512443432637911,97.06951012248321
85067,CREAM SWEETHEART WALL CABINET,488,8050.389999999999,169,50,6,18.95,2009-12-08 10:41:00,2011-01-13 15:18:00,2.8875739644970415,0.004512443432637911,97.07402256591584
23358,HOT STUFF HOT WATER BOTTLE,488,1795.18,75,15,8,3.75,2011-08-21 15:17:00,2011-12-04 14:51:00,6.506666666666667,0.004512443432637911,97.07853500934847
82613A,"METAL SIGN,CUPCAKE SINGLE HOOK",487,659.9,113,50,5,1.25,2009-12-08 15:49:00,2011-07-14 13:41:00,4.3097345132743365,0.004503196622325129,97.0830382059708
37492B,BLUE YELLOW FLOWER PIGGY BANK,486,927.8999999999999,42,26,2,4.65,2009-12-11 13:31:00,2010-10-05 13:01:00,11.571428571428571,0.004493949812012346,97.08753215578281
22783,SET 3 WICKER OVAL BASKETS W LIDS,482,6316.3,45,19,6,19.95,2010-10-26 08:11:00,2011-06-14 11:28:00,10.71111111111111,0.004456962570761216,97.09198911835357
23397,FOOT STOOL HOME SWEET HOME,482,4957.93,212,14,7,9.95,2011-09-04 12:24:00,2011-12-02 16:38:00,2.2735849056603774,0.004456962570761216,97.09644608092432
84797A,PINK HAWAIIAN PICNIC HAMPER FOR 4,481,3361.25,44,9,4,11.02,2010-01-29 17:55:00,2010-06-04 16:13:00,10.931818181818182,0.004447715760448433,97.10089379668477
85166B,BLACK METAL BAROQUE PHOTO FRAME,480,826.6,37,26,2,3.75,2009-12-09 09:42:00,2010-11-14 14:47:00,12.972972972972974,0.004438468950135651,97.10533226563491
17014D,ORIGAMI ROSE INCENSE CONES,479,204.36,8,7,2,1.65,2010-01-14 09:41:00,2010-08-20 09:23:00,59.875,0.004429222139822868,97.10976148777473
85187,S/12 MINI RABBIT EASTER,479,816.4799999999999,109,38,3,1.65,2010-01-13 17:44:00,2011-11-27 13:26:00,4.394495412844036,0.004429222139822868,97.11419070991455
17012D,ORIGAMI ROSE INCENSE/CANDLE SET,479,607.77,107,49,3,2.46,2010-03-12 11:19:00,2011-12-04 13:45:00,4.4766355140186915,0.004429222139822868,97.11861993205437
84926F,PSYCHEDELIC TILE COASTER,479,269.83,39,31,2,1.25,2009-12-16 14:59:00,2011-11-30 09:00:00,12.282051282051283,0.004429222139822868,97.12304915419419
23568,EGG CUP HENRIETTA HEN CREAM,478,618.08,43,8,3,1.25,2011-10-16 16:13:00,2011-12-02 16:39:00,11.116279069767442,0.0044199753295100855,97.1274691295237
23514,EMBROIDERED RIBBON REEL SALLY,478,977.39,74,11,11,2.08,2011-09-22 14:10:00,2011-12-04 12:44:00,6.45945945945946,0.0044199753295100855,97.13188910485322
21223,SET/4 BADGES WOODLAND ANIMAL,478,566.94,39,17,5,1.25,2009-12-07 17:56:00,2010-04-08 11:36:00,12.256410256410257,0.0044199753295100855,97.13630908018273
23452,HEART MINI PORTRAIT FRAME,477,933.0899999999999,78,8,4,1.95,2011-10-14 13:35:00,2011-12-02 12:36:00,6.115384615384615,0.004410728519197303,97.14071980870193
22788,BROCANTE COAT RACK,476,3942.62,84,32,7,9.95,2010-10-17 09:54:00,2011-06-15 13:05:00,5.666666666666667,0.00440148170888452,97.14512129041081
15058A,BLUE POLKADOT GARDEN PARASOL,476,3153.73,148,54,8,7.95,2010-01-24 12:12:00,2011-11-23 12:48:00,3.2162162162162162,0.00440148170888452,97.1495227721197
23528,WALL ART SPACEBOY,475,1474.65,47,9,4,3.75,2011-10-03 11:01:00,2011-12-01 14:38:00,10.106382978723405,0.004392234898571738,97.15391500701827
22201,FRYING PAN BLUE POLKADOT,471,1937.8600000000001,157,70,9,4.25,2009-12-08 13:41:00,2011-12-04 15:19:00,3.0,0.004355247657320607,97.15827025467559
21374,MIRRORED WALL ART SKULLS,470,809.67,71,49,4,1.25,2009-12-18 17:15:00,2011-12-01 11:10:00,6.619718309859155,0.004346000847007825,97.1626162555226
84968D,SET OF 16 VINTAGE RED CUTLERY,470,5356.0,104,45,8,12.75,2009-12-08 13:46:00,2011-12-02 14:26:00,4.519230769230769,0.004346000847007825,97.1669622563696
21147,JINGLE BELLS TREE DECORATION,470,849.76,114,37,2,2.1,2009-12-23 11:51:00,2011-12-01 16:22:00,4.12280701754386,0.004346000847007825,97.17130825721661
46776F,WOVEN ROSE GARDEN CUSHION COVER,470,1602.24,151,68,1,4.21,2010-01-04 13:03:00,2011-12-02 16:39:00,3.1125827814569536,0.004346000847007825,97.17565425806362
84849A,HELLO SAILOR BLUE SOAP HOLDER,470,833.57,103,64,7,1.69,2009-12-08 14:56:00,2011-11-24 15:05:00,4.563106796116505,0.004346000847007825,97.18000025891062
15058C,ICE CREAM DESIGN GARDEN PARASOL,469,2742.93,121,50,5,7.95,2010-01-24 12:12:00,2011-11-15 16:57:00,3.87603305785124,0.004336754036695042,97.18433701294732
84856S,SMALL TAHITI BEACH BAG,467,1877.21,33,22,3,4.65,2009-12-14 17:57:00,2011-03-30 12:04:00,14.151515151515152,0.004318260416069477,97.1886552733634
85031C,CURIOUS IMAGES SCRAP BOOK SET,467,960.34,98,37,3,3.36,2009-12-07 17:56:00,2010-12-16 11:53:00,4.76530612244898,0.004318260416069477,97.19297353377947
85031A,ROMANTIC IMAGES SCRAP BOOK SET,467,904.58,96,43,3,3.36,2009-12-07 17:56:00,2011-04-13 14:17:00,4.864583333333333,0.004318260416069477,97.19729179419554
22927,GREEN GIANT GARDEN THERMOMETER,467,2936.94,161,41,6,5.95,2010-11-21 15:56:00,2011-09-29 18:53:00,2.900621118012422,0.004318260416069477,97.2016100546116
22981,PANTRY APPLE CORER,466,696.88,103,34,7,1.45,2011-03-03 15:02:00,2011-12-02 16:39:00,4.524271844660194,0.004309013605756694,97.20591906821737
21017,RED BIRD HOUSE TREE DECORATION,464,391.65999999999997,83,23,2,1.28,2009-12-07 18:02:00,2010-11-19 13:07:00,5.590361445783133,0.004290519985131129,97.2102095882025
85031B,BLOSSOM IMAGES SCRAP BOOK SET,463,835.22,79,38,3,3.36,2009-12-07 17:56:00,2010-12-16 19:19:00,5.860759493670886,0.004281273174818347,97.21449086137731
20688,BEAUTY SPEED EXPRESSO CUPS,463,326.95,10,5,2,5.95,2009-12-07 17:18:00,2010-03-17 13:09:00,46.3,0.004281273174818347,97.21877213455213
37501,TEA TIME TEA SET IN GIFT BOX,463,3252.6800000000003,171,69,12,6.95,2009-12-07 11:47:00,2011-08-10 16:19:00,2.7076023391812867,0.004281273174818347,97.22305340772694
81952V,ROUND PURPLE CLOCK WITH SUCKER,463,158.17,45,31,3,0.19,2009-12-16 09:17:00,2011-11-27 16:02:00,10.28888888888889,0.004281273174818347,97.22733468090175
23524,WALL ART HORSE & PONY,463,1475.2900000000002,56,10,3,3.75,2011-10-02 13:46:00,2011-12-04 11:55:00,8.267857142857142,0.004281273174818347,97.23161595407656
21610,SET 12 PEAR BOTANICAL T-LIGHTS,462,1326.8700000000001,91,42,4,2.95,2009-12-08 16:20:00,2010-11-18 13:18:00,5.076923076923077,0.004272026364505564,97.23588798044106
23325,RUSTIC STRAWBERRY JAM POT SMALL,462,740.9399999999999,35,15,4,1.65,2011-08-11 16:30:00,2011-11-27 15:38:00,13.2,0.004272026364505564,97.24016000680557
23081,GREEN METAL BOX ARMY SUPPLIES,461,3860.37,133,30,9,8.25,2011-05-10 13:33:00,2011-12-04 16:02:00,3.4661654135338344,0.0042627795541927815,97.24442278635976
84674,FLYING PIG WATERING CAN,459,1172.98,105,68,8,2.95,2009-12-08 15:49:00,2011-12-01 16:22:00,4.371428571428571,0.004244285933567216,97.24866707229333
35969,FOLKART CROWN TABLE DECORATIONS,459,490.71,71,31,6,1.65,2009-12-07 15:26:00,2010-11-18 13:55:00,6.464788732394366,0.004244285933567216,97.2529113582269
21739,COSY SLIPPER SHOES SMALL GREEN,459,1347.66,164,60,7,2.95,2009-12-07 14:58:00,2011-12-02 16:39:00,2.798780487804878,0.004244285933567216,97.25715564416046
23125,6PC WOOD PLATE SET DISPOSABLE,459,574.88,38,17,3,2.46,2011-06-17 14:46:00,2011-11-29 16:47:00,12.078947368421053,0.004244285933567216,97.26139993009403
23400,SHELF WITH 4 HOOKS HOME SWEET HOME,458,2390.59,105,13,4,6.25,2011-09-06 11:55:00,2011-11-30 15:33:00,4.3619047619047615,0.004235039123254433,97.26563496921729
35651,VINTAGE BEAD PINK SCARF,458,1049.6699999999998,62,26,4,1.65,2010-08-18 16:21:00,2011-11-10 14:28:00,7.387096774193548,0.004235039123254433,97.26987000834055
85045,GREEN CHRISTMAS TREE STRING 20LIGHT,457,2163.73,77,28,3,4.95,2009-12-07 08:24:00,2011-11-02 12:45:00,5.935064935064935,0.004225792312941651,97.27409580065348
72772,SET/4 SCENTED CANDLES IN RAMEKINS,457,615.84,9,5,1,1.25,2009-12-13 13:24:00,2010-01-17 11:55:00,50.77777777777778,0.004225792312941651,97.27832159296642
23049,RECYCLED ACAPULCO MAT RED,456,3896.84,186,40,12,8.25,2011-03-04 13:58:00,2011-12-01 14:38:00,2.4516129032258065,0.004216545502628869,97.28253813846905
20762,GREEN FERN SKETCHBOOK,456,1336.29,134,63,4,3.75,2009-12-07 13:48:00,2011-11-27 13:29:00,3.4029850746268657,0.004216545502628869,97.28675468397168
22428,ENAMEL FIRE BUCKET CREAM,456,3344.46,188,75,3,6.95,2010-04-08 10:57:00,2011-12-02 16:38:00,2.425531914893617,0.004216545502628869,97.29097122947431
21144,PINK POODLE HANGING DECORATION,456,236.38000000000002,54,23,6,0.38,2009-12-07 13:48:00,2010-12-21 15:19:00,8.444444444444445,0.004216545502628869,97.29518777497694
22777,GLASS CLOCHE LARGE,455,3838.82,100,23,3,8.5,2010-10-22 10:59:00,2011-07-21 18:21:00,4.55,0.0042072986923160855,97.29939507366926
23075,PARLOUR CERAMIC WALL HOOK,454,1885.6000000000001,77,30,6,4.15,2011-04-18 14:21:00,2011-11-28 11:27:00,5.896103896103896,0.004198051882003303,97.30359312555126
17084J,LOVE POTION MASALA INCENSE,454,95.34,19,18,2,0.21,2010-02-04 12:08:00,2011-09-13 14:53:00,23.894736842105264,0.004198051882003303,97.30779117743326
23419,HOME SWEET HOME BOTTLE,454,991.9,81,13,4,2.08,2011-09-11 10:53:00,2011-12-04 12:52:00,5.604938271604938,0.004198051882003303,97.31198922931526
21197,MULTICOLOUR  CONFETTI IN TUBE,453,661.81,45,32,8,1.65,2010-03-03 13:57:00,2011-12-02 10:22:00,10.066666666666666,0.00418880507169052,97.31617803438695
21364,PEACE SMALL WOOD LETTERS,453,3285.11,161,51,2,6.75,2009-12-07 13:06:00,2011-10-13 12:38:00,2.813664596273292,0.00418880507169052,97.32036683945864
20703,BLUE PADDED SOFT MOBILE,453,1916.97,165,48,15,4.25,2009-12-07 08:53:00,2011-04-14 11:45:00,2.7454545454545456,0.00418880507169052,97.32455564453034
20761,BLUE PAISLEY SKETCHBOOK,452,1395.93,140,70,5,3.75,2009-12-07 13:48:00,2011-12-04 15:00:00,3.2285714285714286,0.004179558261377738,97.32873520279172
84925D,LA PALMIERA WALL THERMOMETER,452,677.45,26,20,2,2.55,2009-12-07 12:42:00,2011-06-23 11:38:00,17.384615384615383,0.004179558261377738,97.3329147610531
79191B,RETRO PLASTIC POLKA TRAY,450,371.02,64,43,5,0.85,2009-12-10 09:49:00,2011-11-17 15:17:00,7.03125,0.004161064640752173,97.33707582569386
23406,HOME SWEET HOME KEY HOLDER,450,2372.7400000000002,107,13,3,6.25,2011-09-05 10:15:00,2011-12-04 12:17:00,4.205607476635514,0.004161064640752173,97.34123689033461
22913,RED COAT RACK PARIS FASHION,448,2086.27,120,45,12,4.95,2010-11-19 10:58:00,2011-12-01 09:20:00,3.7333333333333334,0.004142571020126607,97.34537946135474
84251G,"GREETING CARD, OVERCROWDED POOL.",447,122.14,88,46,5,0.42,2010-01-14 17:43:00,2011-12-01 12:01:00,5.079545454545454,0.004133324209813825,97.34951278556456
20838,FRENCH LATTICE CUSHION COVER,445,562.51,62,33,4,0.85,2010-02-14 11:52:00,2011-11-29 16:47:00,7.17741935483871,0.00411483058918826,97.35362761615374
21850,BLUE  DIAMANTE PEN IN GIFT BOX,444,1051.45,104,48,3,4.21,2009-12-10 09:49:00,2011-12-04 14:45:00,4.269230769230769,0.004105583778875477,97.35773319993262
23424,GINGHAM RECIPE BOOK BOX,443,2374.69,129,14,7,4.95,2011-09-04 16:09:00,2011-12-04 10:29:00,3.434108527131783,0.004096336968562694,97.36182953690118
84789,ENCHANTED BIRD PLANT CAGE,443,1550.89,123,54,3,3.75,2009-12-22 11:32:00,2011-07-21 14:52:00,3.6016260162601625,0.004096336968562694,97.36592587386974
21255,"FRENCH BOTTLE , LAVENDER",443,800.29,89,17,2,1.65,2009-12-07 12:08:00,2010-04-18 11:24:00,4.977528089887641,0.004096336968562694,97.3700222108383
17084A,TRANQUILITY MASALA INCENSE,442,92.82,18,17,1,0.21,2010-02-04 12:08:00,2011-09-13 14:53:00,24.555555555555557,0.004087090158249912,97.37410930099655
21365,MIRRORED WALL ART STARS,441,686.9200000000001,74,45,4,2.95,2009-12-07 13:35:00,2011-12-01 11:10:00,5.95945945945946,0.004077843347937129,97.3781871443445
20854,BLUE PATCH PURSE PINK HEART,440,709.7199999999999,106,45,4,1.65,2009-12-09 15:03:00,2011-02-20 12:01:00,4.150943396226415,0.004068596537624347,97.38225574088212
72811,SMALL ZINC/GLASS CANDLEHOLDER,439,331.51,20,18,2,1.49,2009-12-07 12:08:00,2011-11-29 14:58:00,21.95,0.004059349727311564,97.38631509060943
85131C,BEADED CRYSTAL HEART BLUE ON STICK,439,320.15,72,49,3,0.83,2010-01-28 17:13:00,2011-11-14 15:27:00,6.097222222222222,0.004059349727311564,97.39037444033674
35609A,PINK FEATHER CHRISTMAS DECORATION,438,111.42,21,14,4,0.19,2009-12-14 13:09:00,2010-12-10 14:59:00,20.857142857142858,0.0040501029169987815,97.39442454325373
15058B,PINK POLKADOT GARDEN PARASOL,438,3327.67,156,55,10,7.95,2010-01-13 17:51:00,2011-11-17 12:55:00,2.8076923076923075,0.0040501029169987815,97.39847464617073
21795,SET OF 3 BLUE STRIPE BASKET,437,3683.9400000000005,78,29,2,12.75,2009-12-08 16:20:00,2010-08-11 11:58:00,5.602564102564102,0.004040856106685998,97.40251550227741
21687,SILVER PLATE CANDLE BOWL LARGE,436,1712.58,94,36,2,3.75,2009-12-09 09:42:00,2010-09-14 13:45:00,4.638297872340425,0.004031609296373216,97.40654711157379
84908B,BLUE 5 PATCH FLOWER CUSHION COVER,435,1052.29,35,22,1,5.91,2010-03-02 13:25:00,2010-11-18 13:55:00,12.428571428571429,0.004022362486060433,97.41056947405984
85129A,"WHITE PEARL BEADED HEART, SMALL",435,555.27,71,33,3,1.25,2009-12-08 09:56:00,2010-08-29 14:30:00,6.126760563380282,0.004022362486060433,97.4145918365459
23128,FELTCRAFT BOY JEAN-PAUL KIT,434,2177.6800000000003,133,38,11,4.95,2011-03-03 13:45:00,2011-12-04 15:00:00,3.263157894736842,0.004013115675747651,97.41860495222164
21842,PINK HEART CANDY BUTTON CALCULATOR,434,1026.75,41,9,4,2.55,2009-12-07 11:47:00,2010-03-04 12:39:00,10.585365853658537,0.004013115675747651,97.42261806789739
23553,LANDMARK FRAME CAMDEN TOWN,433,4946.19,63,7,1,12.5,2011-10-20 10:04:00,2011-12-04 11:56:00,6.873015873015873,0.004003868865434869,97.42662193676283
84908A,PINK 5 PATCH FLOWER CUSHION COVER,432,1045.16,36,23,1,5.91,2010-02-07 11:57:00,2010-11-12 09:18:00,12.0,0.0039946220551220855,97.43061655881795
84685,BEACH HUT KEY CABINET,432,1342.83,123,52,4,7.62,2009-12-10 09:44:00,2011-05-22 11:34:00,3.5121951219512195,0.0039946220551220855,97.43461118087306
84910A,PINK PAISLEY CUSHION COVER,431,1224.44,52,39,2,5.95,2009-12-18 12:33:00,2011-07-20 16:12:00,8.288461538461538,0.003985375244809303,97.43859655611787
84569B,PACK 3 FIRE ENGINE/CAR PATCHES,431,554.68,74,40,7,1.25,2009-12-07 15:15:00,2011-03-22 09:30:00,5.824324324324325,0.003985375244809303,97.44258193136268
84507C,BLUE CIRCLES DESIGN MONKEY DOLL,431,629.54,68,50,2,2.55,2009-12-07 17:56:00,2011-10-23 11:10:00,6.338235294117647,0.003985375244809303,97.44656730660749
20769,DAISY JOURNAL,431,790.96,77,46,5,2.55,2009-12-07 11:19:00,2011-11-29 13:43:00,5.597402597402597,0.003985375244809303,97.4505526818523
23008,DOLLY GIRL BABY GIFT SET,430,6687.24,131,36,15,16.95,2011-03-09 15:20:00,2011-12-04 12:02:00,3.282442748091603,0.00397612843449652,97.4545288102868
20689,RETRO SISTERS EXPRESSO CUPS,429,614.1,41,20,7,5.95,2009-12-07 15:42:00,2010-07-14 16:20:00,10.463414634146341,0.003966881624183738,97.45849569191098
35811A,ENAMEL PINK SUGAR CONTAINER,428,750.37,83,35,2,2.1,2009-12-09 12:18:00,2010-10-08 12:18:00,5.156626506024097,0.003957634813870955,97.46245332672486
23556,LANDMARK FRAME COVENT GARDEN,428,4824.55,49,7,2,12.5,2011-10-19 12:28:00,2011-12-04 13:45:00,8.73469387755102,0.003957634813870955,97.46641096153873
85028S,FRENCH CHATEAU SMALL FRUITBOWL,427,641.97,31,18,4,1.95,2009-12-15 13:48:00,2011-04-08 11:54:00,13.774193548387096,0.003948388003558173,97.47035934954229
23058,CHRISTMAS HANGING SNOWFLAKE,427,376.92,42,12,4,0.79,2011-09-14 09:27:00,2011-12-02 16:39:00,10.166666666666666,0.003948388003558173,97.47430773754586
84806B,WHITE CANDYSTUFT ARTIFICIAL FLOWER,426,558.66,31,27,3,1.45,2010-03-14 11:55:00,2011-11-22 13:11:00,13.741935483870968,0.00393914119324539,97.4782468787391
85124C,GREEN JUICY FRUIT PHOTO FRAME,426,1123.8899999999999,121,63,4,2.55,2009-12-08 09:35:00,2011-10-23 12:46:00,3.520661157024793,0.00393914119324539,97.48218601993234
85169B,BLACK LOVE BIRD CANDLE,425,495.42,91,48,3,1.25,2009-12-09 09:42:00,2011-11-30 14:00:00,4.670329670329671,0.003929894382932607,97.48611591431528
18094C,WHITE AND BLUE CERAMIC OIL BURNER,425,588.02,95,59,4,2.46,2009-12-09 09:42:00,2011-10-07 13:17:00,4.473684210526316,0.003929894382932607,97.49004580869821
84968B,S/16 VINTAGE IVORY CUTLERY,424,5630.41,133,36,5,12.75,2009-12-07 10:51:00,2011-04-06 11:34:00,3.18796992481203,0.003920647572619825,97.49396645627083
20831,GOLD PHOTO FRAME,423,883.74,74,51,4,2.1,2009-12-10 20:16:00,2011-11-13 13:41:00,5.716216216216216,0.003911400762307042,97.49787785703313
22703,PINK CAT BOWL,423,841.6700000000001,149,56,4,1.63,2010-06-23 14:49:00,2011-12-04 15:19:00,2.838926174496644,0.003911400762307042,97.50178925779544
37422,WHITE WITH BLACK CATS BOWL,423,275.08,68,22,1,1.66,2009-12-08 17:10:00,2010-05-26 12:47:00,6.220588235294118,0.003911400762307042,97.50570065855774
22643,SET OF 4 NAPKIN CHARMS LEAVES,422,964.7199999999999,90,41,2,2.55,2010-07-18 12:49:00,2011-12-04 15:19:00,4.688888888888889,0.0039021539519942597,97.50960281250974
85019C,CURIOUS  IMAGES NOTEBOOK SET,422,646.94,24,20,3,4.25,2010-03-02 14:59:00,2011-06-09 10:06:00,17.583333333333332,0.0039021539519942597,97.51350496646174
72529W,WHITE ADVENT CANDLE,421,803.61,37,14,2,2.12,2009-12-07 13:24:00,2010-09-30 14:25:00,11.378378378378379,0.003892907141681477,97.51739787360341
47471,RAINBOW PEGS PHOTO CLIP STRING,421,287.06,59,47,2,0.65,2009-12-14 18:03:00,2011-11-28 12:14:00,7.135593220338983,0.003892907141681477,97.52129078074509
35817P,"ACRYLIC JEWEL SNOWFLAKE,PINK",420,216.7,11,10,1,0.38,2010-05-14 12:00:00,2011-08-12 12:37:00,38.18181818181818,0.0038836603313686944,97.52517444107646
84688,BEACH HUT DESIGN BLACKBOARD,420,1305.02,79,44,4,4.25,2009-12-07 18:02:00,2011-05-12 16:52:00,5.3164556962025316,0.0038836603313686944,97.52905810140783
20700,GREEN CAT FLORAL CUSHION COVER,420,1125.05,103,51,3,4.13,2009-12-07 13:35:00,2011-09-28 16:13:00,4.077669902912621,0.0038836603313686944,97.5329417617392
84913B,MINT GREEN ROSE TOWEL,419,1583.77,199,66,7,3.36,2009-12-14 17:57:00,2011-12-02 13:22:00,2.1055276381909547,0.0038744135210559117,97.53681617526026
21247,SET OF RED SALAD SERVERS,419,658.3199999999999,78,36,6,1.49,2009-12-08 12:33:00,2010-10-25 15:23:00,5.371794871794871,0.0038744135210559117,97.54069058878132
85099b,JUMBO BAG RED RETROSPOT,419,2111.64,25,10,1,5.06,2010-06-04 14:55:00,2010-10-15 11:40:00,16.76,0.0038744135210559117,97.54456500230238
21742,LARGE ROUND WICKER PLATTER,419,2540.1800000000003,185,81,3,5.95,2009-12-10 14:48:00,2011-12-04 13:00:00,2.264864864864865,0.0038744135210559117,97.54843941582344
22257,FELT FARM ANIMAL SHEEP,419,345.47999999999996,57,26,3,1.25,2010-01-21 09:30:00,2011-10-30 11:09:00,7.350877192982456,0.0038744135210559117,97.5523138293445
21555,CERAMIC STRAWBERRY TRINKET TRAY,418,1113.79,130,68,7,2.55,2009-12-15 11:09:00,2011-12-01 16:22:00,3.2153846153846155,0.003865166710743129,97.55617899605524
21002,ROSE DU SUD DRAWSTRING BAG,417,1507.22,184,57,9,3.36,2009-12-21 17:14:00,2011-10-23 11:42:00,2.266304347826087,0.0038559199004303464,97.56003491595567
23394,POSTE FRANCE CUSHION COVER,417,1760.87,141,14,5,3.75,2011-09-04 12:07:00,2011-12-04 14:55:00,2.9574468085106385,0.0038559199004303464,97.5638908358561
85208,SET/12 FUNKY FELT FLOWER PEG IN BAG,415,826.44,84,48,1,2.1,2009-12-07 12:32:00,2011-11-29 10:57:00,4.940476190476191,0.0038374262798047815,97.5677282621359
23554,LANDMARK FRAME OXFORD STREET,415,4705.57,54,7,2,12.5,2011-10-19 12:28:00,2011-12-04 11:56:00,7.685185185185185,0.0038374262798047815,97.5715656884157
23219,LAUREL STAR ANTIQUE SILVER,414,543.76,58,16,3,1.25,2011-06-02 09:04:00,2011-12-04 14:01:00,7.137931034482759,0.003828179469491999,97.5753938678852
22407,MONEY BOX FIRST ADE DESIGN,414,511.76,73,47,6,1.25,2010-03-26 13:46:00,2011-11-23 11:11:00,5.671232876712328,0.003828179469491999,97.57922204735469
23555,LANDMARK FRAME NOTTING HILL,414,4680.61,47,7,2,12.5,2011-10-19 14:12:00,2011-12-04 13:59:00,8.808510638297872,0.003828179469491999,97.58305022682418
23527,WALL ART ANIMALS AND NATURE,413,1402.31,46,9,2,3.75,2011-10-03 12:17:00,2011-12-04 11:55:00,8.978260869565217,0.003818932659179216,97.58686915948337
72799C,PINK PILLAR CANDLE SILVER FLOCK,413,718.39,38,26,1,2.95,2009-12-09 09:42:00,2011-12-01 11:20:00,10.868421052631579,0.003818932659179216,97.59068809214256
35972,DAISY FOLKART HEART DECORATION,413,573.67,85,40,1,1.25,2009-12-07 17:56:00,2011-11-06 14:56:00,4.858823529411764,0.003818932659179216,97.59450702480174
85119,WATERING CAN SINGLE HOOK PISTACHIO,413,567.48,39,26,4,1.69,2009-12-15 17:05:00,2010-12-07 15:34:00,10.58974358974359,0.003818932659179216,97.59832595746093
46776B,WOVEN BERRIES CUSHION COVER,412,1299.87,145,67,2,4.21,2009-12-07 17:56:00,2011-12-01 16:22:00,2.8413793103448275,0.0038096858488664335,97.6021356433098
22461,SAVOY ART DECO CLOCK,410,3607.81,146,59,1,12.75,2010-03-07 10:58:00,2011-08-12 12:37:00,2.808219178082192,0.003791192228240868,97.60592683553803
23558,LANDMARK FRAME LONDON BRIDGE,410,4628.91,49,7,2,12.5,2011-10-19 12:28:00,2011-12-04 11:56:00,8.36734693877551,0.003791192228240868,97.60971802776626
23022,SMALL BONNE JAM JAR  T-LIGHT HOLDER,409,781.12,21,14,2,2.08,2011-06-15 15:35:00,2011-12-04 14:45:00,19.476190476190474,0.003781945417928086,97.61349997318419
20765,CHRYSANTHEMUM SKETCHBOOK,408,1159.45,143,65,2,3.75,2009-12-11 11:39:00,2011-11-27 16:08:00,2.8531468531468533,0.0037726986076153032,97.61727267179181
84802B,PURPLE ANEMONE ARTIFICIAL FLOWER,408,384.72,16,13,2,1.69,2010-01-05 13:58:00,2011-03-01 12:46:00,25.5,0.0037726986076153032,97.62104537039943
35818B,"ACRYLIC JEWEL ICICLE, BLUE",408,180.05,11,10,2,0.38,2010-04-13 14:27:00,2011-11-01 14:29:00,37.09090909090909,0.0037726986076153032,97.62481806900705
84569C,PACK 4 FLOWER/BUTTERFLY PATCHES,408,569.58,85,39,6,1.25,2009-12-07 16:40:00,2011-03-25 13:54:00,4.8,0.0037726986076153032,97.62859076761467
23521,WALL ART CAT AND BIRD,408,768.96,39,9,2,2.89,2011-10-03 11:37:00,2011-12-02 16:39:00,10.461538461538462,0.0037726986076153032,97.63236346622229
84396,6 HOOK JEWELLERY STAND BLACK DRESS,407,1091.07,44,10,2,8.47,2009-12-07 17:56:00,2010-02-24 10:18:00,9.25,0.0037634517973025206,97.63612691801958
20856,DENIM PATCH PURSE PINK BUTTERFLY,407,672.4399999999999,121,58,6,1.65,2009-12-11 11:26:00,2011-08-09 14:18:00,3.3636363636363638,0.0037634517973025206,97.63989036981688
21440,12 MINI TOADSTOOL PEGS,406,515.06,87,29,3,1.25,2009-12-10 11:42:00,2010-07-01 16:48:00,4.666666666666667,0.003754204986989738,97.64364457480387
47594B,SCOTTIES DESIGN WASHBAG,405,797.8399999999999,119,56,8,1.95,2009-12-08 17:41:00,2011-11-08 10:44:00,3.403361344537815,0.0037449581766769552,97.64738953298055
20655,QUEEN OF SKIES LUGGAGE TAG,404,594.66,185,81,4,1.25,2009-12-08 12:33:00,2011-12-04 13:32:00,2.1837837837837837,0.0037357113663641726,97.65112524434691
20830,SILVER PHOTO FRAME,404,958.3100000000001,81,53,3,2.1,2009-12-10 20:16:00,2011-10-02 15:33:00,4.987654320987654,0.0037357113663641726,97.65486095571327
21360,JOY LARGE WOOD LETTERS,403,2544.56,91,47,3,9.95,2009-12-08 15:12:00,2011-06-06 15:31:00,4.428571428571429,0.00372646455605139,97.65858742026933
84596K,JELLY BABIES YELLOW SMALL BOWL,403,512.16,88,35,3,1.25,2009-12-09 14:38:00,2010-11-16 17:03:00,4.579545454545454,0.00372646455605139,97.66231388482538
22849,BREAD BIN DINER STYLE MINT,403,6287.73,162,41,11,16.95,2010-10-14 09:44:00,2011-10-20 10:41:00,2.4876543209876543,0.00372646455605139,97.66604034938143
23482,PEARLISED IVORY HEART LARGE,401,632.9699999999999,37,7,3,1.65,2011-10-14 14:04:00,2011-12-04 14:01:00,10.837837837837839,0.003707970935425825,97.66974832031686
20715,LITTLE FLOWER SHOPPER BAG,400,424.0,1,1,1,1.06,2010-01-07 12:34:00,2010-01-07 12:34:00,400.0,0.0036987241251130423,97.67344704444197
84638,SMALL KITCHEN FLOWER POTS PLAQUE,399,1086.81,68,40,4,6.95,2010-02-05 09:58:00,2011-10-20 12:43:00,5.867647058823529,0.0036894773148002597,97.67713652175676
22143,CHRISTMAS CRAFT HEART DECORATIONS,398,826.6800000000001,55,25,2,2.1,2009-12-07 12:42:00,2010-10-27 16:04:00,7.236363636363636,0.003680230504487477,97.68081675226125
85049a,TRADITIONAL CHRISTMAS RIBBONS,398,1332.8,46,28,1,3.29,2010-08-13 18:07:00,2011-11-30 15:33:00,8.652173913043478,0.003680230504487477,97.68449698276574
23324,RUSTIC STRAWBERRY JAM POT LARGE,397,807.7800000000001,43,15,4,2.08,2011-08-05 15:45:00,2011-11-27 15:38:00,9.232558139534884,0.0036709836941746943,97.68816796645991
21635,MADRAS NOTEBOOK LARGE,397,851.49,41,29,2,3.75,2009-12-09 09:51:00,2011-07-13 11:00:00,9.682926829268293,0.0036709836941746943,97.6918389501541
85087,CANDY SPOT CUSHION COVER,396,1331.44,145,48,5,3.29,2010-01-05 15:29:00,2011-10-07 15:09:00,2.731034482758621,0.0036617368838619117,97.69550068703795
35271S,GOLD PRINT PAPER BAG,396,75.89,19,12,1,0.19,2009-12-13 15:38:00,2010-12-02 13:49:00,20.842105263157894,0.0036617368838619117,97.6991624239218
21250,SET OF SKULL WALL STICKERS,395,973.8100000000001,58,40,5,2.95,2009-12-08 14:20:00,2011-11-30 15:13:00,6.810344827586207,0.003652490073549129,97.70281491399535
22808,SET OF 6 T-LIGHTS EASTER CHICKS,394,1211.38,80,28,4,2.95,2010-09-20 14:49:00,2011-11-22 11:18:00,4.925,0.003643243263236347,97.7064581572586
23697,A PRETTY THANK YOU CARD,394,167.72,28,4,3,0.42,2011-11-09 14:11:00,2011-12-04 13:59:00,14.071428571428571,0.003643243263236347,97.71010140052184
23357,HOT WATER BOTTLE SEX BOMB,394,1770.45,85,15,7,4.95,2011-08-21 15:17:00,2011-12-04 15:00:00,4.635294117647059,0.003643243263236347,97.71374464378508
21268,VINTAGE BLUE TINSEL REEL,393,253.26000000000002,47,24,5,0.42,2009-12-07 15:26:00,2010-12-02 15:46:00,8.361702127659575,0.003633996452923564,97.717378640238
84033,FLAG OF ST GEORGE,392,735.38,49,26,3,1.65,2010-01-15 12:22:00,2011-09-14 16:36:00,8.0,0.0036247496426107815,97.72100338988061
20654,FIRST CLASS LUGGAGE TAG,392,494.17,115,63,8,1.25,2009-12-07 15:15:00,2011-12-04 13:32:00,3.408695652173913,0.0036247496426107815,97.72462813952322
85092,CANDY SPOT TEA COSY,391,622.57,24,15,3,3.35,2010-01-11 09:37:00,2011-02-20 13:21:00,16.291666666666668,0.003615502832297999,97.72824364235552
21737,SET 3 WICKER LOG BASKETS,391,7223.009999999999,158,42,4,19.95,2009-12-07 12:41:00,2010-10-18 12:58:00,2.4746835443037973,0.003615502832297999,97.73185914518783
21320,GLASS CHALICE GREEN  LARGE,391,895.49,54,34,3,2.55,2009-12-22 09:41:00,2011-04-07 13:09:00,7.2407407407407405,0.003615502832297999,97.73547464802013
84907,PINK YELLOW PATCH CUSHION COVER,390,980.9499999999999,35,26,2,5.79,2009-12-10 09:49:00,2011-09-21 15:22:00,11.142857142857142,0.003606256021985216,97.73908090404211
23565,EGG CUP MILKMAID HELGA,390,551.63,56,8,5,1.25,2011-10-16 12:19:00,2011-12-04 10:56:00,6.964285714285714,0.003606256021985216,97.7426871600641
35599D,PINK AND WHITE CHRISTMAS TREE 120CM,389,1282.3400000000001,95,36,5,5.91,2009-12-07 17:56:00,2011-12-04 12:14:00,4.094736842105263,0.0035970092116724335,97.74628416927577
90209C,PINK ENAMEL+GLASS HAIR COMB,388,731.24,63,45,2,2.1,2009-12-15 13:21:00,2011-10-31 14:41:00,6.158730158730159,0.003587762401359651,97.74987193167713
21816,CHRISTMAS TREE T-LIGHT HOLDER,388,581.68,44,23,4,1.45,2009-12-07 17:56:00,2011-11-27 13:00:00,8.818181818181818,0.003587762401359651,97.7534596940785
84800S,SMALL WHITE/PINK ROSE ART FLOWER,388,292.04,19,17,1,1.25,2010-02-19 12:34:00,2011-09-11 14:09:00,20.42105263157895,0.003587762401359651,97.75704745647987
84986B,SET OF 36 SILVER PAPER DOILIES,387,572.2199999999999,68,29,4,1.45,2009-12-07 13:24:00,2010-10-13 14:03:00,5.6911764705882355,0.0035785155910468686,97.76062597207091
35471A,SET OF 3 BIRD L.BLUE FEATHER,387,452.85,77,31,4,1.25,2009-12-10 16:35:00,2010-11-14 16:16:00,5.025974025974026,0.0035785155910468686,97.76420448766196
23314,VINTAGE CHRISTMAS TABLECLOTH,387,4713.12,108,18,5,12.5,2011-07-15 10:44:00,2011-12-04 11:55:00,3.5833333333333335,0.0035785155910468686,97.767783003253
84686,BEACH HUT MIRROR,386,1001.84,73,37,3,4.25,2009-12-11 16:48:00,2011-07-10 16:18:00,5.287671232876712,0.003569268780734086,97.77135227203374
22794,SWEETHEART WIRE MAGAZINE RACK,386,3247.5,207,58,6,7.95,2010-10-17 16:06:00,2011-12-04 13:20:00,1.8647342995169083,0.003569268780734086,97.77492154081447
22184,CAKE STAND VICTORIAN FILIGREE LARGE,385,2853.07,144,46,6,8.5,2009-12-08 12:25:00,2011-01-27 11:05:00,2.673611111111111,0.0035600219704213032,97.77848156278489
46776A,WOVEN BUBBLE GUM CUSHION COVER,385,1187.63,116,60,2,4.13,2009-12-14 18:37:00,2011-11-30 15:13:00,3.3189655172413794,0.0035600219704213032,97.7820415847553
17011F,ORIGAMI SANDLEWOOD INCENSE+FLOWER,385,336.20000000000005,20,19,3,2.1,2009-12-16 12:39:00,2011-05-19 12:10:00,19.25,0.0035600219704213032,97.78560160672572
35911A,MULTICOLOUR RABBIT EGG WARMER,385,455.99,94,43,5,0.85,2009-12-10 15:45:00,2011-11-04 15:18:00,4.095744680851064,0.0035600219704213032,97.78916162869614
21264,WHITE GOOSE FEATHER TREE 60CM,385,906.15,65,32,5,1.95,2009-12-08 17:44:00,2011-12-04 13:59:00,5.923076923076923,0.0035600219704213032,97.79272165066655
35819B,"ACRYLIC HANGING JEWEL,BLUE",385,192.3,32,22,3,0.38,2009-12-14 18:03:00,2011-11-30 15:58:00,12.03125,0.0035600219704213032,97.79628167263697
84968E,SET OF 16 VINTAGE BLACK CUTLERY,384,4440.0199999999995,95,52,5,12.75,2009-12-07 15:42:00,2011-12-01 11:00:00,4.042105263157895,0.0035507751601085206,97.79983244779707
62096A,PINK/YELLOW FLOWERS HANDBAG,383,592.79,89,38,3,1.95,2010-01-07 12:37:00,2011-02-24 14:32:00,4.303370786516854,0.003541528349795738,97.80337397614687
84813,SET OF 4 DIAMOND NAPKIN RINGS,383,3087.71,91,49,2,12.75,2009-12-08 18:18:00,2011-11-10 14:28:00,4.208791208791209,0.003541528349795738,97.80691550449667
21841,BABY MOUSE RED GINGHAM DRESS,383,1641.57,124,54,7,4.25,2009-12-07 13:59:00,2011-11-29 10:57:00,3.088709677419355,0.003541528349795738,97.81045703284647
23139,SINGLE WIRE HOOK PINK HEART,382,516.2199999999999,24,21,2,1.45,2011-04-21 10:19:00,2011-11-29 18:05:00,15.916666666666666,0.0035322815394829552,97.81398931438595
22511,RETROSPOT BABUSHKA DOORSTOP,381,1027.35,104,50,8,3.75,2010-03-12 11:19:00,2011-12-04 15:35:00,3.6634615384615383,0.0035230347291701726,97.81751234911512
85129C,BEADED CRYSTAL HEART BLUE SMALL,381,497.77,63,41,2,1.25,2009-12-14 08:40:00,2011-11-10 12:37:00,6.0476190476190474,0.0035230347291701726,97.82103538384429
35991,SET/6 BLACK SNOWFLAKE T-LIGHTS,381,189.63,48,21,1,0.42,2009-12-07 11:05:00,2010-11-17 14:05:00,7.9375,0.0035230347291701726,97.82455841857346
22848,BREAD BIN DINER STYLE PINK,381,6128.599999999999,151,53,12,16.95,2010-10-14 17:59:00,2011-10-30 13:51:00,2.5231788079470197,0.0035230347291701726,97.82808145330263
90209B,GREEN ENAMEL+GLASS HAIR COMB,380,730.66,97,49,1,2.11,2009-12-09 09:42:00,2011-10-02 10:58:00,3.917525773195876,0.0035137879188573903,97.83159524122149
22864,MUG AND COASTER SET RED CIRCLES,378,158.76,2,2,1,0.42,2010-06-02 14:48:00,2010-06-29 15:17:00,189.0,0.003495294298231825,97.83509053551973
23218,LAUREL STAR ANTIQUE GOLD,378,480.57,39,13,3,1.25,2011-07-18 11:55:00,2011-12-01 19:42:00,9.692307692307692,0.003495294298231825,97.83858582981796
21153,RED SPOTTY TABLECLOTH,377,4057.9900000000002,132,34,8,10.65,2009-12-07 12:26:00,2010-09-22 15:17:00,2.856060606060606,0.0034860474879190423,97.84207187730588
35980C,REDWHITE STRIPE SCANDINAVIAN HEART,377,147.64000000000001,29,18,1,0.38,2009-12-14 15:51:00,2010-10-13 10:46:00,13.0,0.0034860474879190423,97.84555792479381
84247E,PACK/12 XMAS FUN CARD,376,1064.0500000000002,96,29,5,2.95,2010-06-30 15:35:00,2011-12-01 16:22:00,3.9166666666666665,0.0034768006776062597,97.84903472547141
21738,COSY SLIPPER SHOES SMALL  RED,376,1171.48,121,43,4,2.95,2009-12-07 14:58:00,2011-10-20 12:43:00,3.1074380165289255,0.0034768006776062597,97.85251152614902
72750A,FLOWER FAIRY SET OF 3 LILY CANDLES,375,751.25,15,10,2,1.95,2009-12-14 15:51:00,2010-04-23 11:12:00,25.0,0.003467553867293477,97.85597908001631
75013B,"STRING OF 8 BUTTERFLIES,PINK",375,635.9699999999999,69,38,2,1.65,2009-12-08 15:49:00,2011-01-16 13:41:00,5.434782608695652,0.003467553867293477,97.8594466338836
85124A,PINK JUICY FRUIT PHOTO FRAME,375,1026.79,93,32,4,2.55,2009-12-07 18:02:00,2010-10-01 13:40:00,4.032258064516129,0.003467553867293477,97.8629141877509
21055,TOOL BOX SOFT TOY,375,3690.24,214,84,14,8.95,2009-12-09 13:22:00,2011-11-30 14:00:00,1.7523364485981308,0.003467553867293477,97.8663817416182
21649,ASSORTED TUTTI FRUTTI PHOTO FRAME,374,1014.97,20,4,1,2.95,2009-12-08 07:42:00,2010-01-08 11:50:00,18.7,0.0034583070569806943,97.86984004867517
84663A,GRASS HOPPER WOODEN WALL CLOCK,373,746.39,64,43,6,5.91,2009-12-07 14:58:00,2011-11-20 14:04:00,5.828125,0.003449060246667912,97.87328910892184
21697,SET 5 MINI DOUGHNUT FRIDGE MAGNET,372,295.08000000000004,7,6,6,1.69,2009-12-07 10:41:00,2010-02-15 11:57:00,53.142857142857146,0.0034398134363551294,97.8767289223582
84875B,GREEN SQUARE COMPACT MIRROR,372,503.55,39,19,2,1.25,2010-04-18 12:07:00,2011-11-29 12:34:00,9.538461538461538,0.0034398134363551294,97.88016873579456
21371,MIRRORED WALL ART POPPIES,372,521.2099999999999,61,42,7,2.55,2009-12-08 15:49:00,2011-12-01 11:10:00,6.098360655737705,0.0034398134363551294,97.88360854923091
22806,SET OF 6 T-LIGHTS WEDDING CAKE,370,1074.02,52,32,4,2.95,2010-09-20 14:08:00,2011-12-01 08:51:00,7.115384615384615,0.003421319815729564,97.88702986904664
84875D,BLUE SQUARE COMPACT MIRROR,370,480.0,36,15,1,1.25,2009-12-11 11:26:00,2011-09-23 13:18:00,10.277777777777779,0.003421319815729564,97.89045118886237
23542,WALL ART 70'S ALPHABET,369,2844.95,84,9,7,8.25,2011-10-03 11:01:00,2011-12-01 16:22:00,4.392857142857143,0.0034120730054167814,97.89386326186779
23342,MINT DINER WALL CLOCK,369,3142.41,160,24,10,8.5,2011-06-24 09:22:00,2011-12-02 10:32:00,2.30625,0.0034120730054167814,97.89727533487321
84952C,MIRROR LOVE BIRD T-LIGHT HOLDER,368,682.51,41,22,1,3.75,2009-12-07 13:06:00,2011-10-11 12:36:00,8.975609756097562,0.003402826195103999,97.90067816106831
71270,PHOTO CLIP LINE,368,520.48,79,56,5,1.25,2009-12-18 11:18:00,2011-12-01 19:42:00,4.658227848101266,0.003402826195103999,97.90408098726341
22172,METAL SHELF WITH RAIL,368,3349.12,177,33,7,8.5,2009-12-08 07:59:00,2010-09-29 13:17:00,2.07909604519774,0.003402826195103999,97.90748381345851
21054,NURSE'S BAG SOFT TOY,367,3395.35,176,68,10,8.95,2009-12-07 15:26:00,2011-11-14 12:45:00,2.085227272727273,0.003393579384791216,97.9108773928433
40018E,TEA TIME PAPER LANTERNS,367,803.87,78,22,4,1.95,2009-12-07 17:56:00,2010-07-25 11:46:00,4.705128205128205,0.003393579384791216,97.9142709722281
23085,ANTIQUE SILVER BAUBLE LAMP,366,3479.23,74,20,4,10.4,2011-05-16 12:25:00,2011-12-02 08:55:00,4.945945945945946,0.0033843325744784335,97.91765530480258
85232A,SET/3 POLKA DOT STACKING TINS,365,1840.38,132,61,8,4.95,2009-12-16 14:12:00,2011-06-06 16:41:00,2.765151515151515,0.0033750857641656512,97.92103039056674
46118,FUNKY MONKEY CUSHION COVER,365,489.14,67,41,2,0.85,2009-12-08 12:33:00,2011-12-02 16:39:00,5.447761194029851,0.0033750857641656512,97.9244054763309
20888,SET 3 JARDIN DE FEMME SCENT CANDLES,364,529.62,16,10,2,3.75,2009-12-07 17:56:00,2010-03-26 14:29:00,22.75,0.0033658389538528686,97.92777131528476
23391,I LOVE LONDON MINI BACKPACK,364,1503.72,80,13,8,4.15,2011-09-11 11:29:00,2011-12-01 12:53:00,4.55,0.0033658389538528686,97.93113715423861
22194,BLACK DINER WALL CLOCK,364,3135.6,157,70,9,8.5,2009-12-07 14:58:00,2011-08-11 10:14:00,2.3184713375796178,0.0033658389538528686,97.93450299319247
23335,EGG FRYING PAN IVORY,363,755.51,91,24,5,2.08,2011-06-13 16:33:00,2011-12-04 10:35:00,3.989010989010989,0.003356592143540086,97.93785958533601
84597C,RETRO PINK BALL ASHTRAY,363,449.73,43,29,5,1.25,2009-12-09 09:34:00,2011-06-02 19:50:00,8.44186046511628,0.003356592143540086,97.94121617747956
84970s,HANGING HEART ZINC T-LIGHT HOLDER,363,763.24,94,48,1,2.08,2010-06-04 14:55:00,2011-11-30 14:11:00,3.8617021276595747,0.003356592143540086,97.94457276962311
84997d,CHILDRENS CUTLERY POLKADOT PINK,363,3031.06,78,47,1,8.29,2010-02-19 11:07:00,2011-11-30 15:33:00,4.653846153846154,0.003356592143540086,97.94792936176665
22504,CABIN BAG VINTAGE RETROSPOT,363,7895.179999999999,113,46,12,29.95,2010-05-04 15:45:00,2011-11-25 11:12:00,3.2123893805309733,0.003356592143540086,97.9512859539102
22512,DOORSTOP RACING CAR DESIGN,362,938.79,66,40,4,3.75,2010-03-12 11:19:00,2011-12-04 15:19:00,5.484848484848484,0.0033473453332273032,97.95463329924343
84595E,LARGE TORTILLA DESIGN RED BOWL,361,701.0699999999999,42,33,3,3.29,2009-12-09 09:42:00,2011-08-02 16:11:00,8.595238095238095,0.0033380985229145206,97.95797139776634
23518,EMBROIDERED RIBBON REEL RACHEL,361,980.41,44,11,8,2.89,2011-09-22 14:10:00,2011-12-02 14:30:00,8.204545454545455,0.0033380985229145206,97.96130949628926
23051,RECYCLED ACAPULCO MAT BLUE,361,3173.73,159,37,11,8.25,2011-03-04 13:58:00,2011-11-24 13:25:00,2.270440251572327,0.0033380985229145206,97.96464759481218
84952B,BLACK LOVE BIRD T-LIGHT HOLDER,361,600.53,42,24,2,2.51,2009-12-11 14:39:00,2011-11-14 15:27:00,8.595238095238095,0.0033380985229145206,97.9679856933351
82494l,WOODEN FRAME ANTIQUE WHITE,361,3015.0,82,39,1,8.29,2010-05-05 14:23:00,2011-12-02 10:08:00,4.402439024390244,0.0033380985229145206,97.97132379185801
22638,SET OF 4 NAPKIN CHARMS CROWNS,361,700.47,70,34,5,2.55,2010-07-23 14:16:00,2011-12-04 14:55:00,5.1571428571428575,0.0033380985229145206,97.97466189038093
72127,COLUMBIAN CANDLE ROUND,360,438.44,64,43,1,1.25,2009-12-18 16:04:00,2011-11-23 14:35:00,5.625,0.003328851712601738,97.97799074209352
23412,HEART MIRROR ANTIQUE WHITE,358,2354.8,76,6,1,7.5,2011-09-06 09:53:00,2011-10-10 17:26:00,4.7105263157894735,0.003310358091976173,97.9813011001855
23053,RECYCLED ACAPULCO MAT PINK,358,3188.06,160,35,15,8.25,2011-03-04 13:58:00,2011-12-01 14:38:00,2.2375,0.003310358091976173,97.98461145827748
37492D,PURPLE GREEN FLOWER PIGGY BANK,358,669.04,25,14,1,4.65,2009-12-08 11:13:00,2010-05-21 09:40:00,14.32,0.003310358091976173,97.98792181636946
21417,COCKLE SHELL DISH,357,903.3900000000001,108,65,2,4.13,2009-12-08 15:49:00,2011-11-20 15:00:00,3.3055555555555554,0.0033011112816633903,97.99122292765112
21765,HANGING METAL BIRD BATH,357,2972.29,141,40,7,7.95,2009-12-14 17:57:00,2010-11-15 14:11:00,2.5319148936170213,0.0033011112816633903,97.99452403893278
47420,ASSORTED COLOUR SUCTION CUP HOOK,357,67.83000000000001,30,26,1,0.19,2010-02-07 14:58:00,2011-12-04 15:00:00,11.9,0.0033011112816633903,97.99782515021444
22760,"TRAY, BREAKFAST IN BED",356,4506.889999999999,120,41,9,12.75,2010-10-10 14:17:00,2011-09-05 10:00:00,2.966666666666667,0.0032918644713506077,98.00111701468579
85098B,BLUE FLYING SINGING CANARY,356,1403.32,108,43,7,3.75,2009-12-07 13:35:00,2010-11-18 14:25:00,3.2962962962962963,0.0032918644713506077,98.00440887915714
23338,EGG FRYING PAN RED,355,754.01,97,25,4,2.08,2011-06-12 13:17:00,2011-12-04 14:55:00,3.6597938144329896,0.003282617661037825,98.00769149681818
20943,SET/6 GINGERBREAD STAR T-LIGHTS,354,501.18,66,20,5,1.25,2009-12-07 11:05:00,2010-10-22 11:40:00,5.363636363636363,0.0032733708507250423,98.0109648676689
84228,HEN HOUSE W CHICK STANDING,354,156.07,46,25,5,0.625,2009-12-07 17:56:00,2011-11-29 08:07:00,7.695652173913044,0.0032733708507250423,98.01423823851962
85180B,PINK HEARTS LIGHT CHAIN,353,966.14,64,35,4,4.23,2009-12-09 11:52:00,2011-12-02 12:40:00,5.515625,0.0032641240404122597,98.01750236256004
85124B,BLUE JUICY FRUIT PHOTO FRAME,353,938.4699999999999,102,63,3,2.55,2009-12-08 09:35:00,2011-11-24 09:21:00,3.4607843137254903,0.0032641240404122597,98.02076648660045
21438,TUB 24 HANGING EASTER EGGS SPOTTY,353,1154.8200000000002,35,12,3,3.75,2009-12-08 18:18:00,2010-03-18 19:29:00,10.085714285714285,0.0032641240404122597,98.02403061064086
21793,CLASSIC FRENCH STYLE BASKET BROWN,353,1627.3600000000001,102,54,2,3.95,2010-01-20 11:57:00,2011-12-01 16:22:00,3.4607843137254903,0.0032641240404122597,98.02729473468128
21667,GLASS CAKE COVER AND PLATE,352,6092.349999999999,161,47,6,16.95,2009-12-07 17:56:00,2011-01-12 12:31:00,2.186335403726708,0.003254877230099477,98.03054961191138
22640,SET OF 4 NAPKIN CHARMS 3 KEYS,352,757.27,85,50,4,2.55,2010-06-24 12:49:00,2011-12-02 15:39:00,4.141176470588236,0.003254877230099477,98.03380448914149
20701,PINK CAT FLORAL CUSHION COVER,351,700.71,48,20,3,4.13,2009-12-07 13:35:00,2011-06-30 15:56:00,7.3125,0.0032456304197866948,98.03705011956127
23025,DRAWER KNOB VINTAGE GLASS BALL,350,760.8000000000001,54,20,4,2.08,2011-06-27 08:50:00,2011-12-02 10:32:00,6.481481481481482,0.003236383609473912,98.04028650317075
16161C,WRAP SPEED DEMONS,350,35.0,1,1,1,0.1,2009-12-22 12:01:00,2009-12-22 12:01:00,350.0,0.003236383609473912,98.04352288678022
85055,FRENCH ENAMEL UTENSIL HOLDER,349,1405.44,105,51,4,3.75,2009-12-07 17:56:00,2011-01-18 10:22:00,3.323809523809524,0.0032271367991611294,98.04675002357938
16212,FUNKY GIRLZ ASST MAGNETIC MEMO PAD,347,274.66,35,26,3,0.65,2009-12-07 18:02:00,2010-11-12 13:43:00,9.914285714285715,0.003208643178535564,98.04995866675792
20897,VINTAGE NOTEBOOK PARIS DAYS,347,830.72,72,43,4,2.95,2009-12-07 17:56:00,2011-08-30 10:29:00,4.819444444444445,0.003208643178535564,98.05316730993646
23046,PAPER LANTERN 9 POINT DELUXE STAR,347,2098.19,35,20,3,6.65,2011-05-08 11:41:00,2011-12-04 13:15:00,9.914285714285715,0.003208643178535564,98.056375953115
23523,WALL ART TREASURE AHOY,347,1125.0600000000002,38,9,2,3.75,2011-10-03 11:37:00,2011-12-04 11:55:00,9.131578947368421,0.003208643178535564,98.05958459629353
21847,GREEN  DIAMANTE PEN IN GIFT BOX,347,675.37,71,40,2,2.57,2009-12-08 12:34:00,2011-11-16 15:23:00,4.887323943661972,0.003208643178535564,98.06279323947207
21317,GLASS SPHERE CANDLE STAND MEDIUM,347,1398.9,71,51,2,5.45,2009-12-13 11:05:00,2011-12-02 12:52:00,4.887323943661972,0.003208643178535564,98.06600188265061
84858C,PINK RIVIERA HANDBAG,347,611.0699999999999,30,22,1,5.95,2009-12-18 17:24:00,2011-04-13 11:48:00,11.566666666666666,0.003208643178535564,98.06921052582915
21027,NINJA RABBIT PINK,345,421.11,76,40,5,1.25,2009-12-09 09:51:00,2011-11-21 12:05:00,4.5394736842105265,0.0031901495579099988,98.07240067538706
23557,LANDMARK FRAME BAKER STREET,345,3855.31,29,7,1,12.5,2011-10-19 13:23:00,2011-11-30 10:12:00,11.89655172413793,0.0031901495579099988,98.07559082494497
84876B,GREEN HEART COMPACT MIRROR,344,488.31,40,27,2,1.25,2009-12-10 19:35:00,2011-11-30 14:17:00,8.6,0.0031809027475972165,98.07877172769257
85088,CANDY SPOT HAND BAG,344,717.5500000000001,76,48,8,2.1,2009-12-08 12:33:00,2011-11-30 15:13:00,4.526315789473684,0.0031809027475972165,98.08195263044017
47594A,CAROUSEL DESIGN WASHBAG,344,678.3,105,57,7,1.95,2009-12-14 17:57:00,2011-11-24 13:06:00,3.276190476190476,0.0031809027475972165,98.08513353318777
16239,BALLERINA HEART DECORATION.,344,484.46000000000004,18,8,2,2.95,2009-12-09 09:51:00,2010-03-02 12:24:00,19.11111111111111,0.0031809027475972165,98.08831443593537
17181,CIRCLE OF FRIENDS CANDLE HOLDER,343,590.9599999999999,63,26,3,5.06,2009-12-07 17:56:00,2010-08-05 10:44:00,5.444444444444445,0.003171655937284434,98.09148609187265
40046A,RED DAISY PAPER LAMPSHADE,343,457.07,61,37,3,1.25,2009-12-07 17:56:00,2011-10-17 12:33:00,5.622950819672131,0.003171655937284434,98.09465774780993
72739B,WHITE CHOCOLATE SCENT CANDLE,343,282.28000000000003,25,7,1,2.51,2009-12-07 11:29:00,2010-01-26 12:46:00,13.72,0.003171655937284434,98.09782940374721
85091,CANDY SPOT BREAD BASKETS,343,548.81,20,13,2,4.95,2009-12-14 17:16:00,2010-08-15 11:47:00,17.15,0.003171655937284434,98.10100105968449
21722,SWEET PUDDING STICKER SHEET,343,321.09,76,49,5,0.85,2009-12-07 13:35:00,2011-12-02 16:39:00,4.5131578947368425,0.003171655937284434,98.10417271562177
47503J,SET/3 FLORAL GARDEN TOOLS IN BAG,342,2694.95,73,36,3,7.95,2009-12-07 15:26:00,2010-12-07 15:59:00,4.684931506849315,0.003162409126971651,98.10733512474874
44230,SQUARE MIRROR CURTAIN,342,3341.8700000000003,51,25,2,7.95,2009-12-09 09:56:00,2010-10-10 13:31:00,6.705882352941177,0.003162409126971651,98.11049753387572
16244B,MAXWELL 2 TONE BLUE 60 PAGE PHOTO A,341,747.9699999999999,26,14,1,4.21,2009-12-14 18:37:00,2011-05-11 15:16:00,13.115384615384615,0.0031531623166588685,98.11365069619238
22054,MINI CAKE STAND HANGING HEARTS,341,620.23,69,13,4,1.65,2009-12-08 15:49:00,2010-03-08 12:35:00,4.942028985507246,0.0031531623166588685,98.11680385850904
79144B,PAINTED LIGHTBULB STAR+ MOON,341,173.97,85,54,4,0.83,2009-12-14 12:24:00,2011-12-01 16:22:00,4.011764705882353,0.0031531623166588685,98.11995702082571
23522,WALL ART DOG AND BALL,340,705.4,29,9,1,2.89,2011-10-03 11:01:00,2011-11-29 17:12:00,11.724137931034482,0.003143915506346086,98.12310093633205
84997c,CHILDRENS CUTLERY POLKADOT BLUE,339,2842.81,72,45,1,8.29,2010-08-31 11:20:00,2011-12-02 10:07:00,4.708333333333333,0.0031346686960333032,98.12623560502809
20989,URBAN CHIC CHOPSTICKS SET/5,338,647.63,50,13,2,1.95,2009-12-07 17:56:00,2010-03-17 12:54:00,6.76,0.0031254218857205206,98.12936102691381
21689,SILVER VANILLA  FLOWER CANDLE POT,338,1253.12,59,41,3,3.75,2009-12-07 11:05:00,2011-12-02 13:28:00,5.728813559322034,0.0031254218857205206,98.13248644879954
20659,ECONOMY LUGGAGE TAG,338,476.39,130,66,4,1.25,2009-12-07 17:56:00,2011-11-28 15:54:00,2.6,0.0031254218857205206,98.13561187068527
71143,SILVER BOOK MARK WITH BEADS,337,483.60999999999996,94,42,1,2.51,2009-12-07 13:24:00,2011-07-13 16:07:00,3.5851063829787235,0.003116175075407738,98.13872804576067
21923,RED/CREAM STRIPE FRINGE HAMMOCK,336,2645.29,118,28,5,7.95,2009-12-14 18:37:00,2010-08-03 11:32:00,2.847457627118644,0.0031069282650949557,98.14183497402577
17011C,ORIGAMI LAVENDER INCENSE+FLOWER,335,221.4,2,1,1,2.475,2009-12-14 18:03:00,2009-12-16 12:39:00,167.5,0.003097681454782173,98.14493265548055
21293,MIRRORED DOVE WALL DECORATION,335,851.3100000000001,82,43,3,3.36,2009-12-09 13:16:00,2011-11-30 15:13:00,4.085365853658536,0.003097681454782173,98.14803033693532
85117,NIGHTINGALE COATHOOK WHITE,335,574.52,59,18,2,1.65,2009-12-07 10:21:00,2010-05-04 10:02:00,5.677966101694915,0.003097681454782173,98.1511280183901
72134,COLUMBIAN  CUBE CANDLE,335,128.33,28,23,2,0.85,2009-12-13 11:49:00,2011-10-30 13:37:00,11.964285714285714,0.003097681454782173,98.15422569984487
22166,WALL MIRROR RECTANGLE DIAMANTE PINK,335,3124.89,151,78,1,15.79,2009-12-07 13:35:00,2011-11-30 14:46:00,2.218543046357616,0.003097681454782173,98.15732338129965
20851,ZINC HEART LATTICE TRAY OVAL,335,429.57,28,23,2,5.95,2009-12-08 15:00:00,2011-04-27 16:54:00,11.964285714285714,0.003097681454782173,98.16042106275442
23072,MARIE ANTOINETTE TRINKET BOX SILVER,334,1273.76,30,16,4,12.5,2011-05-08 11:37:00,2011-10-26 13:36:00,11.133333333333333,0.0030884346444693903,98.16350949739889
23517,EMBROIDERED RIBBON REEL REBECCA,332,987.7,61,11,8,2.89,2011-09-22 12:23:00,2011-12-02 14:30:00,5.442622950819672,0.003069941023843825,98.16657943842273
84876D,BLUE HEART COMPACT MIRROR,331,600.52,35,28,1,3.75,2009-12-16 17:01:00,2011-09-11 13:51:00,9.457142857142857,0.0030606942135310423,98.16964013263626
21282,NATURAL BARK CANDLE LARGE,331,1423.63,67,37,4,4.25,2009-12-09 09:42:00,2010-11-14 12:47:00,4.940298507462686,0.0030606942135310423,98.17270082684979
17108D,FLOWER FAIRY SUMMER BOUQUET SACHET,331,139.02,21,11,3,0.42,2009-12-10 12:21:00,2010-03-28 14:53:00,15.761904761904763,0.0030606942135310423,98.17576152106332
85014C,BLUE/BROWN DOTS RUFFLED UMBRELLA,331,1544.88,61,20,1,5.95,2009-12-07 10:51:00,2010-06-11 15:03:00,5.426229508196721,0.0030606942135310423,98.17882221527685
23107,WHITE HEARTS WIRE PLANT POT HOLDER,330,981.6,68,26,3,2.89,2011-05-12 15:21:00,2011-12-01 13:08:00,4.852941176470588,0.0030514474032182597,98.18187366268008
84402D,PINK DRESS JEWELLERY STAND,329,301.64,9,8,1,0.85,2009-12-22 09:52:00,2010-03-19 13:51:00,36.55555555555556,0.0030422005929054774,98.18491586327298
20952,PORCELAIN CHERUB BELL SMALL,329,150.72,24,17,3,0.42,2009-12-10 13:59:00,2010-11-23 17:43:00,13.708333333333334,0.0030422005929054774,98.18795806386588
21117,BLOND DOLL DOORSTOP,328,502.08,26,24,4,1.25,2009-12-10 14:44:00,2011-11-23 13:46:00,12.615384615384615,0.0030329537825926948,98.19099101764847
20936,FORKED CACTUS CANDLE,328,824.6600000000001,72,51,2,2.95,2009-12-09 09:51:00,2011-11-29 16:47:00,4.555555555555555,0.0030329537825926948,98.19402397143106
23538,WALL ART VINTAGE HEART,328,1308.85,30,9,1,4.95,2011-10-03 11:37:00,2011-11-30 15:13:00,10.933333333333334,0.0030329537825926948,98.19705692521366
20704,MR ROBOT SOFT TOY,328,1302.07,76,45,9,6.95,2009-12-07 13:35:00,2011-12-02 13:58:00,4.315789473684211,0.0030329537825926948,98.20008987899625
35004G,SET OF 3 GOLD FLYING DUCKS,327,1319.6599999999999,71,48,2,6.35,2009-12-07 17:56:00,2011-11-23 15:44:00,4.605633802816901,0.003023706972279912,98.20311358596854
85104,SILVER GLASS T-LIGHT SET,327,977.4900000000001,49,34,1,2.95,2009-12-09 15:28:00,2011-11-21 15:18:00,6.673469387755102,0.003023706972279912,98.20613729294082
84251F,"GREETING CARD, RITA",326,79.11,47,27,2,0.19,2009-12-07 18:02:00,2010-09-20 15:32:00,6.9361702127659575,0.0030144601619671294,98.20915175310279
20898,VINTAGE NOTEBOOK TRAVELOGUE,326,687.88,52,31,4,2.95,2009-12-08 12:34:00,2011-10-23 13:49:00,6.269230769230769,0.0030144601619671294,98.21216621326475
21173,LOO ROLL  METAL SIGN,326,576.91,69,14,3,1.65,2009-12-07 17:56:00,2010-04-01 12:07:00,4.72463768115942,0.0030144601619671294,98.21518067342672
84798B,PURPLE FOXGLOVE ARTIIFCIAL FLOWER,326,492.90000000000003,10,9,2,2.55,2010-01-07 12:34:00,2011-03-22 13:54:00,32.6,0.0030144601619671294,98.21819513358868
84858B,BLUE RIVIERA HANDBAG,326,431.0,9,5,1,1.25,2010-04-28 10:50:00,2010-06-02 14:48:00,36.22222222222222,0.0030144601619671294,98.22120959375064
84499,BLACK FLOWER CANDLE PLATE,326,272.16999999999996,41,25,1,0.85,2009-12-16 17:58:00,2011-01-04 11:34:00,7.951219512195122,0.0030144601619671294,98.22422405391261
21462,"NURSERY A,B,C PAINTED LETTERS",326,2226.96,160,80,7,6.75,2009-12-11 13:36:00,2011-12-04 15:28:00,2.0375,0.0030144601619671294,98.22723851407457
21253,SET OF PICTURE FRAME  STICKERS,326,1197.52,117,68,4,5.79,2009-12-07 13:59:00,2011-12-02 10:08:00,2.786324786324786,0.0030144601619671294,98.23025297423654
47481,50CM METAL STRING WITH  7 CLIPS,325,263.23,43,35,6,0.85,2009-12-07 17:56:00,2011-11-29 17:52:00,7.558139534883721,0.0030052133516543468,98.23325818758819
47563A,RETRO LONGBOARD IRONING BOARD COVER,324,780.64,141,62,2,3.29,2009-12-07 15:26:00,2011-12-02 16:39:00,2.297872340425532,0.002995966541341564,98.23625415412954
72739C,DARK CHOCOLATE SCENTCANDLE,324,273.94,22,7,1,1.25,2009-12-07 11:29:00,2010-01-27 12:39:00,14.727272727272727,0.002995966541341564,98.23925012067089
35824P,"HANGING FLOWERS+MIRROR,PINK",324,136.44,3,3,1,0.38,2010-03-22 14:34:00,2010-04-23 11:12:00,108.0,0.002995966541341564,98.24224608721224
21089,SET/6 GREEN SPRING PAPER CUPS,323,112.54,40,29,4,0.19,2010-01-15 15:05:00,2011-08-17 14:25:00,8.075,0.0029867197310287814,98.24523280694326
35810B,ENAMEL BLUE RIM COFFEE CONTAINER,323,513.51,66,38,9,2.1,2009-12-10 20:22:00,2011-11-30 14:03:00,4.893939393939394,0.0029867197310287814,98.24821952667429
84797B,BLUE SAVANNAH PICNIC HAMPER FOR 4,323,1845.2,33,7,3,4.95,2009-12-14 18:03:00,2010-06-01 12:00:00,9.787878787878787,0.0029867197310287814,98.25120624640532
84795C,OCEAN STRIPE HAMMOCK,322,2728.7400000000002,129,28,3,7.95,2009-12-11 16:48:00,2011-01-31 15:27:00,2.496124031007752,0.002977472920715999,98.25418371932604
84984B,RED PEONY CUSHION COVER,322,541.3,16,13,2,4.65,2010-01-08 16:29:00,2011-11-08 11:03:00,20.125,0.002977472920715999,98.25716119224676
47597,NEW ENGLAND TEATOWELS,322,644.88,124,28,2,1.66,2009-12-10 12:21:00,2010-08-31 12:30:00,2.596774193548387,0.002977472920715999,98.26013866516747
22394,PAPERWEIGHT KINGS CHOICE,321,534.54,52,37,3,2.55,2010-04-06 11:21:00,2011-11-30 09:53:00,6.173076923076923,0.0029682261104032165,98.26310689127787
84927F,PSYCHEDELIC TILE HOOK,321,267.86,60,41,3,2.1,2009-12-16 14:59:00,2011-12-02 14:25:00,5.35,0.0029682261104032165,98.26607511738827
23179,CLOCK MAGNET MUM'S KITCHEN,321,922.19,50,26,8,2.89,2011-03-03 15:02:00,2011-11-24 09:26:00,6.42,0.0029682261104032165,98.26904334349867
20862,PINK PATCH PENCIL CASE BLUE HEART,321,676.1400000000001,33,15,4,2.1,2009-12-07 15:28:00,2010-06-30 08:36:00,9.727272727272727,0.0029682261104032165,98.27201156960906
20998,ROSE DU SUD OVEN GLOVE,320,930.46,126,70,8,2.95,2009-12-08 16:09:00,2011-10-14 13:54:00,2.5396825396825395,0.002958979300090434,98.27497054890915
21796,SET OF 3 RED STRIPE BASKETS,320,2731.19,65,29,2,12.75,2009-12-08 16:20:00,2010-08-11 11:58:00,4.923076923076923,0.002958979300090434,98.27792952820924
23469,CARD HOLDER LOVE BIRD SMALL,320,1288.88,68,10,7,4.15,2011-09-30 09:39:00,2011-12-02 16:39:00,4.705882352941177,0.002958979300090434,98.28088850750933
84251B,"GREETING CARD, STICKY GORDON",319,84.84,61,30,3,0.42,2010-03-08 12:08:00,2011-09-25 16:05:00,5.229508196721311,0.002949732489777651,98.28383823999911
84854,GIRLY PINK TOOL SET,317,1716.5700000000002,94,38,7,4.95,2009-12-07 15:26:00,2010-12-01 09:41:00,3.372340425531915,0.002931238869152086,98.28676947886827
23010,CIRCUS PARADE BABY GIFT SET,315,4879.599999999999,111,35,11,16.95,2011-03-09 12:37:00,2011-12-04 12:02:00,2.8378378378378377,0.002912745248526521,98.28968222411679
23071,MARIE ANTOINETTE TRINKET BOX GOLD,315,1205.1,19,14,5,12.5,2011-04-20 11:11:00,2011-10-26 13:36:00,16.57894736842105,0.002912745248526521,98.29259496936531
22177,5 HOOK BLACKBOARD ORGANISER,315,2990.21,119,22,4,9.95,2009-12-08 09:35:00,2010-08-25 12:39:00,2.6470588235294117,0.002912745248526521,98.29550771461383
47592A,CAROUSEL DES CHILD'S OVERALL,315,603.77,97,32,5,1.66,2009-12-08 13:08:00,2010-09-13 11:28:00,3.247422680412371,0.002912745248526521,98.29842045986236
84791,GINGHAM HEART DECORATION,315,1020.8100000000001,99,29,3,2.95,2009-12-07 12:32:00,2010-07-20 11:06:00,3.1818181818181817,0.002912745248526521,98.30133320511088
21711,FOLDING UMBRELLA WHITE/RED POLKADOT,315,1213.13,66,47,5,4.95,2009-12-11 13:49:00,2011-11-24 14:40:00,4.7727272727272725,0.002912745248526521,98.3042459503594
46126A,ELVIS WALLHANGING / CURTAIN,314,416.24,47,29,2,1.25,2010-01-22 11:28:00,2011-05-18 11:08:00,6.680851063829787,0.0029034984382137383,98.30714944879762
22912,YELLOW COAT RACK PARIS FASHION,313,1471.0900000000001,108,46,9,4.95,2010-11-19 10:58:00,2011-11-28 14:06:00,2.8981481481481484,0.0028942516279009557,98.31004370042552
84687,BEACH HUT SHELF W 3 DRAWERS,313,1202.11,72,46,6,5.95,2009-12-15 17:56:00,2011-11-13 16:24:00,4.347222222222222,0.0028942516279009557,98.31293795205343
21924,BLUE/CREAM STRIPE FRINGE HAMMOCK,313,2461.36,121,34,4,7.95,2009-12-18 16:36:00,2010-10-18 12:43:00,2.5867768595041323,0.0028942516279009557,98.31583220368134
72799B,PURPLE PILLAR CANDLE BLACK FLOCK,312,438.21000000000004,15,3,2,2.95,2009-12-07 18:02:00,2010-01-05 15:55:00,20.8,0.002885004817588173,98.31871720849892
20825,GOLD WINE GLASS,312,1066.3200000000002,5,4,1,3.75,2010-03-25 13:05:00,2010-11-14 11:30:00,62.4,0.002885004817588173,98.32160221331651
35607B,BLACK FEATHER CHRISTMAS DECORATION,312,62.3,17,15,1,0.19,2009-12-11 11:52:00,2011-09-15 12:16:00,18.352941176470587,0.002885004817588173,98.3244872181341
22164,STRING OF STARS CARD HOLDER,312,871.2800000000001,47,30,4,2.95,2009-12-08 15:49:00,2011-11-28 12:14:00,6.638297872340425,0.002885004817588173,98.32737222295168
84689,S/2 BEACH HUT TREASURE CHESTS,312,742.9,40,23,4,5.95,2009-12-18 12:33:00,2011-05-04 12:29:00,7.8,0.002885004817588173,98.33025722776927
10080,GROOVY CACTUS INFLATABLE,311,125.88999999999999,25,19,1,0.39,2010-07-29 18:49:00,2011-11-21 17:04:00,12.44,0.0028757580072753903,98.33313298577654
21415,CLAM SHELL SMALL,311,696.9300000000001,79,58,3,2.1,2009-12-09 09:42:00,2011-11-21 10:22:00,3.9367088607594938,0.0028757580072753903,98.33600874378382
22765,NEWSPAPER STAND,311,3508.3,53,10,4,14.95,2010-10-10 14:17:00,2010-12-09 14:09:00,5.867924528301887,0.0028757580072753903,98.3388845017911
21028,NINJA RABBIT BLACK,310,404.02,89,51,2,1.25,2009-12-07 13:59:00,2011-11-28 15:54:00,3.4831460674157304,0.0028665111969626077,98.34175101298806
20804,GLASS CHICKEN BUTTER DISH,310,543.88,52,15,1,3.36,2009-12-07 11:51:00,2010-07-01 10:44:00,5.961538461538462,0.0028665111969626077,98.34461752418501
23178,JAM CLOCK MAGNET,309,905.3100000000001,63,28,9,2.89,2011-03-03 15:02:00,2011-11-30 17:37:00,4.904761904761905,0.002857264386649825,98.34747478857166
21750,LARGE SKULL WINDMILL,309,663.85,62,42,3,2.1,2009-12-14 15:51:00,2011-11-08 18:41:00,4.983870967741935,0.002857264386649825,98.35033205295831
35241,ENAMEL BLUE RIM BISCUIT BIN,308,1626.47,129,58,14,4.95,2009-12-07 15:15:00,2011-05-03 15:59:00,2.387596899224806,0.0028480175763370423,98.35318007053465
35653,VINTAGE BEAD NOTEBOOK,308,970.59,110,51,4,2.95,2009-12-09 13:00:00,2011-08-11 11:45:00,2.8,0.0028480175763370423,98.35602808811099
85103,SILVER T-LIGHT SETTING,308,2092.68,82,46,2,6.75,2009-12-08 12:12:00,2011-07-19 12:38:00,3.7560975609756095,0.0028480175763370423,98.35887610568733
23185,FRENCH STYLE STORAGE JAR JAM,308,112.24,29,20,2,0.29,2011-03-04 14:42:00,2011-11-24 16:59:00,10.620689655172415,0.0028480175763370423,98.36172412326367
23453,OVAL  MINI PORTRAIT FRAME,307,598.43,45,8,4,1.95,2011-10-14 12:33:00,2011-12-02 12:36:00,6.822222222222222,0.00283877076602426,98.36456289402969
84804B,BLUE DELPHINIUM ARTIFICIAL FLOWER,307,464.05000000000007,17,13,1,2.95,2010-01-05 13:58:00,2011-09-27 11:01:00,18.058823529411764,0.00283877076602426,98.36740166479571
20826,SILVER APERITIF GLASS,307,188.96,13,10,1,1.69,2010-05-16 14:54:00,2011-05-18 11:08:00,23.615384615384617,0.00283877076602426,98.37024043556173
23401,RUSTIC MIRROR WITH LACE HEART,307,1663.8000000000002,76,13,3,6.25,2011-09-07 16:27:00,2011-12-04 15:18:00,4.0394736842105265,0.00283877076602426,98.37307920632774
21388,IVORY HANGING DECORATION  CHICKEN,305,285.07,28,12,1,0.85,2009-12-08 15:12:00,2010-03-29 16:47:00,10.892857142857142,0.0028202771453986948,98.37589948347315
37464,ROBOT MUG IN DISPLAY BOX,305,414.79,77,33,3,1.25,2009-12-07 15:15:00,2010-12-17 16:53:00,3.961038961038961,0.0028202771453986948,98.37871976061855
22861,EASTER TIN CHICKS IN GARDEN,305,522.93,50,15,7,1.65,2010-12-12 11:44:00,2011-04-21 16:17:00,6.1,0.0028202771453986948,98.38154003776395
62094B,TURQ ICE CREAM BUM BAG,305,677.99,67,38,5,5.06,2010-01-19 09:05:00,2011-02-04 10:40:00,4.552238805970149,0.0028202771453986948,98.38436031490936
37345,ASSTD HEARTS DESIGN MUGS,305,529.85,7,4,2,1.95,2009-12-07 17:56:00,2010-01-07 12:34:00,43.57142857142857,0.0028202771453986948,98.38718059205476
23408,PHOTO FRAME LINEN AND LACE SMALL,304,632.32,58,13,3,2.08,2011-09-07 16:27:00,2011-12-02 15:29:00,5.241379310344827,0.002811030335085912,98.38999162238984
84805B,BLUE CLIMBING HYDRANGA ART FLOWER,304,506.40000000000003,7,7,2,3.75,2010-01-07 12:34:00,2011-09-16 14:04:00,43.42857142857143,0.002811030335085912,98.39280265272492
47593A,CAROUSEL DESIGN BABY BIB,303,306.67,97,44,5,0.85,2009-12-07 13:59:00,2011-03-29 16:05:00,3.1237113402061856,0.0028017835247731294,98.3956044362497
84859C,PINK DISCO HANDBAG,303,550.77,38,25,3,1.95,2009-12-11 11:10:00,2011-11-25 11:20:00,7.973684210526316,0.0028017835247731294,98.39840621977447
17107D,"FLOWER FAIRY,5 SUMMER B'DRAW LINERS",303,772.65,83,49,5,2.55,2009-12-10 12:21:00,2011-11-25 16:13:00,3.6506024096385543,0.0028017835247731294,98.40120800329925
79144C,PAINTED LIGHTBULB RAINBOW DESIGN,302,176.82,94,59,2,0.83,2009-12-14 17:57:00,2011-12-01 16:22:00,3.2127659574468086,0.0027925367144603468,98.40400054001371
84869,CANDY BUTTON PHOTO ALBUM,302,703.54,26,14,2,5.95,2009-12-09 11:58:00,2010-04-23 11:12:00,11.615384615384615,0.0027925367144603468,98.40679307672818
85125,SMALL ROUND CUT GLASS CANDLESTICK,301,1439.91,60,41,3,4.95,2009-12-13 11:23:00,2011-11-27 11:12:00,5.016666666666667,0.002783289904147564,98.40957636663232
21322,GLASS SPHERE CANDLE STAND LARGE,301,590.45,14,4,2,6.65,2009-12-09 13:11:00,2010-01-11 14:35:00,21.5,0.002783289904147564,98.41235965653647
20935,ROUND CACTUS CANDLE,300,574.48,46,25,1,2.95,2009-12-08 15:25:00,2011-11-16 16:08:00,6.521739130434782,0.002774043093834782,98.4151336996303
23694,PAISLEY PARK CARD,299,130.69,32,3,1,0.42,2011-11-14 13:42:00,2011-12-02 16:39:00,9.34375,0.002764796283521999,98.41789849591383
22509,SEWING BOX RETROSPOT DESIGN,298,4778.8099999999995,161,70,11,16.95,2010-03-10 14:50:00,2011-12-04 15:28:00,1.8509316770186335,0.0027555494732092165,98.42065404538704
22415,WHITE TISSUE REAM,298,2369.1,190,50,4,7.95,2009-12-07 13:07:00,2011-01-26 11:27:00,1.568421052631579,0.0027555494732092165,98.42340959486025
72051S,BAG OF SILVER STONES,297,189.19,52,38,1,0.84,2009-12-15 18:33:00,2011-04-13 12:57:00,5.711538461538462,0.002746302662896434,98.42615589752315
84795B,SUNSET CHECK HAMMOCK,297,2371.14,95,47,4,7.95,2009-12-07 18:02:00,2011-11-08 09:07:00,3.126315789473684,0.002746302662896434,98.42890220018604
21265,PINK GOOSE FEATHER TREE 60CM,297,658.79,32,23,5,1.95,2009-12-16 10:45:00,2011-12-04 13:59:00,9.28125,0.002746302662896434,98.43164850284894
85211,S/4 GROOVY CAT MAGNETS,297,443.65,69,46,2,1.65,2009-12-07 18:02:00,2011-10-13 12:21:00,4.304347826086956,0.002746302662896434,98.43439480551184
21779,MA CAMPAGNE MINI WOODEN CHEST,297,1063.8000000000002,20,4,2,2.95,2009-12-07 12:42:00,2010-01-15 15:22:00,14.85,0.002746302662896434,98.43714110817474
21312,LARGE CHUNKY GLASS ROMAN BOWL,297,1165.67,24,16,1,6.75,2010-01-18 13:15:00,2010-09-12 11:44:00,12.375,0.002746302662896434,98.43988741083764
84086C,PINK/PURPLE RETRO RADIO,297,884.75,88,49,9,2.95,2009-12-09 09:42:00,2011-11-30 13:08:00,3.375,0.002746302662896434,98.44263371350054
22641,SET OF 4 NAPKIN CHARMS INSTRUMENT,297,702.53,68,38,3,2.55,2010-07-21 14:38:00,2011-11-29 15:06:00,4.367647058823529,0.002746302662896434,98.44538001616344
23341,PINK DINER WALL CLOCK,297,2648.2200000000003,116,24,11,8.5,2011-06-24 09:22:00,2011-12-02 10:32:00,2.560344827586207,0.002746302662896434,98.44812631882634
47578A,ENGLISH ROSE SMALL SCENTED FLOWER,297,270.6,67,47,3,0.85,2009-12-07 18:02:00,2011-12-04 13:45:00,4.432835820895522,0.002746302662896434,98.45087262148924
35816P,"ACRYLIC JEWEL ANGEL,PINK",297,137.43,9,8,3,1.25,2010-02-18 13:29:00,2011-08-16 13:12:00,33.0,0.002746302662896434,98.45361892415214
85026B,EAU DE NILE JEWELLED T-LIGHT HOLDER,297,364.15,27,25,1,0.85,2009-12-10 12:10:00,2011-11-24 14:40:00,11.0,0.002746302662896434,98.45636522681504
22510,GINGHAM BABUSHKA DOORSTOP,296,805.77,83,51,7,3.75,2010-03-12 11:19:00,2011-12-04 15:19:00,3.566265060240964,0.002737055852583651,98.45910228266762
21728,METAL MEDINA LANTERN,296,2747.61,38,21,1,12.75,2009-12-14 17:16:00,2010-07-23 08:24:00,7.7894736842105265,0.002737055852583651,98.46183933852019
84809B,PINK CHRYSANTHEMUMS ART FLOWER,296,351.6,8,7,1,2.1,2010-01-27 12:19:00,2011-02-25 10:53:00,37.0,0.002737055852583651,98.46457639437277
23516,EMBROIDERED RIBBON REEL SOPHIE,295,1054.85,41,10,7,3.75,2011-09-25 12:22:00,2011-12-02 14:30:00,7.195121951219512,0.0027278090422708685,98.46730420341504
23027,DRAWER KNOB VINTAGE GLASS HEXAGON,295,627.95,30,18,4,2.08,2011-06-22 14:38:00,2011-12-02 10:32:00,9.833333333333334,0.0027278090422708685,98.47003201245731
21127,COLOURFUL FISHING GNOME,295,986.13,46,23,4,5.95,2009-12-07 13:48:00,2010-06-10 13:52:00,6.413043478260869,0.0027278090422708685,98.47275982149958
84682,CLASSICAL ROSE DISH,295,596.94,49,32,1,2.95,2009-12-08 12:38:00,2010-09-27 13:10:00,6.020408163265306,0.0027278090422708685,98.47548763054185
20932,PINK POT PLANT CANDLE,295,1090.26,77,55,4,3.75,2009-12-10 09:49:00,2011-12-02 16:39:00,3.831168831168831,0.0027278090422708685,98.47821543958412
21095,SET/6 POSIES PAPER PLATES,295,274.57,40,31,3,0.85,2009-12-17 14:08:00,2011-06-16 19:59:00,7.375,0.0027278090422708685,98.48094324862639
85063,CREAM SWEETHEART MAGAZINE RACK,295,5218.389999999999,173,46,5,16.95,2009-12-09 09:42:00,2010-11-18 14:52:00,1.7052023121387283,0.0027278090422708685,98.48367105766866
84968F,SET OF 16 VINTAGE SKY BLUE CUTLERY,294,3520.77,128,57,9,12.75,2009-12-07 10:51:00,2011-11-13 11:37:00,2.296875,0.002718562231958086,98.48638961990062
71495B,CD WALL TIDY RED FLOWERS,294,111.57000000000001,18,17,3,0.42,2010-01-28 12:42:00,2011-11-24 12:33:00,16.333333333333332,0.002718562231958086,98.48910818213258
20618,QUEEN OF THE SKIES PASSPORT COVER,294,640.04,134,72,4,2.1,2009-12-07 18:02:00,2011-11-28 13:37:00,2.1940298507462686,0.002718562231958086,98.49182674436454
23402,HOME SWEET HOME 3 PEG HANGER,293,1124.9,65,13,3,3.75,2011-09-05 12:00:00,2011-12-04 12:17:00,4.507692307692308,0.0027093154216453036,98.49453605978618
23660,HENRIETTA HEN MUG,293,500.80999999999995,36,6,4,1.65,2011-10-13 13:43:00,2011-12-02 14:26:00,8.13888888888889,0.0027093154216453036,98.49724537520783
23067,HANGING ENGRAVED METAL HEART,292,1228.3600000000001,76,30,3,4.15,2011-04-26 16:45:00,2011-12-04 13:59:00,3.8421052631578947,0.002700068611332521,98.49994544381916
72023F,RED ORGANIC CANDLE IN GLASS,292,369.02,46,18,1,1.25,2009-12-07 13:32:00,2010-08-08 14:51:00,6.3478260869565215,0.002700068611332521,98.50264551243049
62095B,TURQOISE ICE CREAM SUNHAT,292,310.83,21,12,3,1.69,2010-02-01 09:52:00,2010-11-28 14:57:00,13.904761904761905,0.002700068611332521,98.50534558104182
84919,BLUE CUSHION COVER WITH FLOWER,291,1619.84,43,32,3,6.95,2009-12-09 13:25:00,2011-09-21 15:22:00,6.767441860465116,0.0026908218010197383,98.50803640284285
23054,RECYCLED ACAPULCO MAT LAVENDER,291,2555.17,127,34,12,8.25,2011-03-04 13:58:00,2011-11-29 16:33:00,2.2913385826771653,0.0026908218010197383,98.51072722464387
84859A,SILVER DISCO HANDBAG,291,605.27,57,38,3,1.95,2009-12-11 11:10:00,2011-11-25 11:20:00,5.105263157894737,0.0026908218010197383,98.5134180464449
71279,PINK GLASS CANDLEHOLDER,291,966.21,77,52,3,2.95,2009-12-07 17:56:00,2011-11-09 16:14:00,3.779220779220779,0.0026908218010197383,98.51610886824592
84457,SET/3 RABBITS FLOWER SKIPPPING ROPE,291,278.72999999999996,64,28,3,0.85,2010-01-24 14:57:00,2011-11-09 15:09:00,4.546875,0.0026908218010197383,98.51879969004695
79323G,GOLD  CHERRY LIGHTS,291,1852.63,53,17,1,6.75,2009-12-07 18:02:00,2010-04-19 12:39:00,5.490566037735849,0.0026908218010197383,98.52149051184797
20863,BLUE PATCH PENCIL CASE PINK HEART,290,588.63,47,25,4,2.1,2009-12-07 15:28:00,2010-08-15 16:00:00,6.170212765957447,0.0026815749907069556,98.52417208683867
21263,GREEN GOOSE FEATHER TREE 60CM,290,640.74,52,24,4,1.95,2010-09-13 09:56:00,2011-12-04 14:55:00,5.576923076923077,0.0026815749907069556,98.52685366182938
22785,SQUARECUSHION COVER PINK UNION FLAG,290,2023.85,114,37,5,6.75,2010-10-17 10:42:00,2011-12-01 13:28:00,2.543859649122807,0.0026815749907069556,98.52953523682008
85023B,EAU DE NILE JEWELLED PHOTOFRAME,290,674.7,36,29,4,2.55,2009-12-22 14:15:00,2011-11-16 10:55:00,8.055555555555555,0.0026815749907069556,98.53221681181078
84877B,GREEN ROUND COMPACT MIRROR,289,497.57,41,30,3,2.46,2009-12-09 09:51:00,2011-11-30 14:17:00,7.048780487804878,0.002672328180394173,98.53488913999118
90200D,PINK SWEETHEART BRACELET,289,1210.8,137,69,3,4.24,2009-12-07 17:56:00,2011-11-30 15:13:00,2.1094890510948905,0.002672328180394173,98.53756146817157
82076,BEECH WOOD PHOTO FRAME,288,396.78,17,5,1,3.36,2009-12-07 17:56:00,2010-01-27 12:39:00,16.941176470588236,0.0026630813700813903,98.54022454954166
35912B,WHITE/PINK CHICK DECORATION,288,355.58000000000004,30,25,5,1.25,2010-01-07 12:22:00,2011-10-30 11:09:00,9.6,0.0026630813700813903,98.54288763091175
84631,FRUIT TREE AND BIRDS WALL PLAQUE,288,1106.16,50,30,3,7.95,2009-12-16 12:11:00,2011-06-30 15:56:00,5.76,0.0026630813700813903,98.54555071228184
20699,MOUSEY LONG LEGS SOFT TOY,288,780.04,85,46,6,2.55,2009-12-07 13:35:00,2011-11-17 12:55:00,3.388235294117647,0.0026630813700813903,98.54821379365193
21133,PAINTED BIRD ASSORTED CHRISTMAS,288,486.72,31,15,1,1.69,2009-12-08 12:25:00,2010-09-13 12:56:00,9.290322580645162,0.0026630813700813903,98.55087687502201
35915A,CREAM KNITTED HEN,288,365.76,1,1,1,1.27,2009-12-18 10:59:00,2009-12-18 10:59:00,288.0,0.0026630813700813903,98.5535399563921
23272,TREE T-LIGHT HOLDER WILLIE WINKIE,287,511.2699999999999,37,17,3,1.65,2011-06-22 11:30:00,2011-12-01 19:54:00,7.756756756756757,0.0026538345597686076,98.55619379095187
46115B,GREEN POP ART MAO CUSHION COVER,286,54.34,22,16,1,0.19,2010-05-11 15:03:00,2011-03-04 14:28:00,13.0,0.0026445877494558254,98.55883837870132
85144,JARDIN ETCHED GLASS CHEESE DISH,286,1039.6,69,35,4,7.25,2010-01-14 14:18:00,2011-05-03 13:52:00,4.144927536231884,0.0026445877494558254,98.56148296645078
21025,SPACE FROG,286,376.09,77,34,4,1.25,2009-12-16 16:02:00,2011-12-02 16:39:00,3.7142857142857144,0.0026445877494558254,98.56412755420024
23478,WOODLAND LARGE PINK FELT HEART,285,324.40000000000003,13,5,3,1.25,2011-10-20 12:07:00,2011-12-01 14:17:00,21.923076923076923,0.0026353409391430428,98.56676289513938
79323S,SILVER CHERRY LIGHTS,285,1739.3300000000002,42,16,2,6.75,2009-12-08 12:41:00,2010-09-16 09:07:00,6.785714285714286,0.0026353409391430428,98.56939823607851
21444,BLUE CHALET BIRDFEEDER,285,863.4100000000001,31,15,3,3.75,2009-12-10 09:44:00,2010-04-26 10:57:00,9.193548387096774,0.0026353409391430428,98.57203357701765
84796A,PINK HAWAIIAN PICNIC HAMPER FOR 2,284,2072.9500000000003,111,46,4,8.47,2009-12-07 17:56:00,2011-12-02 14:26:00,2.5585585585585586,0.00262609412883026,98.57465967114648
35096B,RED VICTORIAN FABRIC HEART BOX,284,102.27000000000001,22,9,1,0.42,2009-12-07 17:56:00,2010-03-05 13:21:00,12.909090909090908,0.00262609412883026,98.5772857652753
22391,PAPERWEIGHT HOME SWEET HOME,284,619.98,62,40,4,2.55,2010-03-30 12:27:00,2011-11-29 16:47:00,4.580645161290323,0.00262609412883026,98.57991185940413
85113,POLKA DOT PISTACHIO PAIL,283,587.46,46,16,4,2.1,2009-12-08 15:49:00,2010-08-19 13:48:00,6.1521739130434785,0.0026168473185174774,98.58252870672266
18098c,PORCELAIN BUTTERFLY OIL BURNER,283,1433.08,130,32,1,5.06,2009-12-22 15:05:00,2010-12-21 15:17:00,2.1769230769230767,0.0026168473185174774,98.58514555404118
22928,YELLOW GIANT GARDEN THERMOMETER,283,1911.92,111,41,5,5.95,2010-11-22 14:39:00,2011-12-02 16:39:00,2.5495495495495497,0.0026168473185174774,98.5877624013597
23474,WOODLAND SMALL BLUE FELT HEART,282,242.85999999999999,34,6,6,0.83,2011-10-24 13:37:00,2011-12-02 14:48:00,8.294117647058824,0.0026076005082046948,98.5903700018679
85170B,SET/6 BLACK BIRD T-LIGHT CANDLES,282,471.61,57,40,1,2.1,2009-12-14 18:37:00,2011-11-29 17:52:00,4.947368421052632,0.0026076005082046948,98.5929776023761
84840,SWEETHEART CARRY-ALL BASKET,282,2430.82,140,36,4,8.5,2010-05-02 15:48:00,2011-03-25 12:21:00,2.0142857142857142,0.0026076005082046948,98.5955852028843
84859B,BLUE DISCO HANDBAG,281,429.33,17,14,1,1.95,2010-02-03 13:52:00,2011-11-25 11:20:00,16.529411764705884,0.002598353697891912,98.59818355658219
21261,GREEN GOOSE FEATHER CHRISTMAS TREE,281,1112.7800000000002,75,36,6,7.46,2009-12-07 16:38:00,2011-11-25 12:20:00,3.7466666666666666,0.002598353697891912,98.60078191028008
21550,CERAMIC BIRDHOUSE CRESTED TIT LARGE,281,1488.21,61,21,1,5.95,2009-12-07 13:23:00,2010-05-21 17:19:00,4.60655737704918,0.002598353697891912,98.60338026397797
20616,CHERRY BLOSSOM PASSPORT COVER,280,439.91,118,61,2,1.66,2009-12-22 09:41:00,2011-11-28 15:31:00,2.3728813559322033,0.0025891068875791294,98.60596937086555
22108,PING! MICROWAVE PLATE,279,896.66,118,57,4,3.36,2009-12-07 15:26:00,2011-12-04 15:19:00,2.364406779661017,0.0025798600772663468,98.60854923094281
84932C,SMALL ORIENTAL BLUE FOLDING STOOL,279,589.9,33,18,8,1.95,2009-12-15 13:12:00,2010-06-30 13:17:00,8.454545454545455,0.0025798600772663468,98.61112909102008
84584,PINK GINGHAM CAT WITH SCARF,278,683.93,73,45,8,2.55,2009-12-09 09:42:00,2011-07-10 13:46:00,3.808219178082192,0.0025706132669535645,98.61369970428703
84843,WHITE SOAP RACK WITH 2 BOTTLES,278,1719.16,109,67,8,5.95,2009-12-07 17:56:00,2011-12-02 12:07:00,2.55045871559633,0.0025706132669535645,98.61627031755398
72753B,S/3 FLWR FAIRY LAVENDER CANDLES,277,604.9300000000001,12,7,2,2.1,2009-12-07 13:48:00,2010-03-26 14:29:00,23.083333333333332,0.002561366456640782,98.61883168401063
20793,BLUE TILED TRAY,277,483.51,20,19,2,6.75,2009-12-08 13:19:00,2011-09-08 10:35:00,13.85,0.002561366456640782,98.62139305046728
17014A,ORIGAMI VANILLA INCENSE CONES,276,170.13,16,14,1,1.65,2009-12-09 09:42:00,2011-06-27 13:58:00,17.25,0.002552119646327999,98.6239451701136
23111,PARISIENNE SEWING BOX,276,3402.26,130,29,9,12.5,2011-05-11 13:20:00,2011-12-02 15:25:00,2.123076923076923,0.002552119646327999,98.62649728975993
84809A,WHITE CHRYSANTHEMUMS ART FLOWER,276,474.84000000000003,21,19,3,2.1,2010-01-27 12:19:00,2011-06-01 17:18:00,13.142857142857142,0.002552119646327999,98.62904940940625
17091B,JASMINE TEA INCENSE IN TIN,275,315.73,50,29,2,1.25,2009-12-08 13:41:00,2010-09-09 19:23:00,5.5,0.0025428728360152165,98.63159228224227
21410,COUNTRY COTTAGE  DOORSTOP GREEN,274,1343.98,144,47,6,4.25,2009-12-07 15:42:00,2010-12-07 15:32:00,1.9027777777777777,0.002533626025702434,98.63412590826798
16119,FUNKY GIRL ADDRESS BOOK,273,130.71,8,3,2,1.25,2009-12-10 16:21:00,2009-12-22 14:15:00,34.125,0.002524379215389651,98.63665028748336
23065,LARGE DECO JEWELLERY STAND,273,3427.44,99,28,6,12.5,2011-04-15 16:11:00,2011-10-20 12:23:00,2.757575757575758,0.002524379215389651,98.63917466669875
84820,DANISH ROSE TRINKET TRAYS,273,859.87,50,38,10,5.95,2010-01-19 17:49:00,2011-12-02 14:48:00,5.46,0.002524379215389651,98.64169904591414
22936,BAKING MOULD ROSE WHITE CHOCOLATE,273,869.71,47,28,5,3.25,2010-12-08 10:46:00,2011-11-29 16:33:00,5.808510638297872,0.002524379215389651,98.64422342512952
84931B,BLUE SCOTTIE DOG W FLOWER PATTERN,273,683.77,82,52,4,2.55,2009-12-14 17:57:00,2011-11-30 13:08:00,3.3292682926829267,0.002524379215389651,98.64674780434491
20913,SET/5 BLUE SPOTTY LID GLASS BOWLS,273,762.3199999999999,26,5,2,2.95,2009-12-08 15:12:00,2010-01-17 16:01:00,10.5,0.002524379215389651,98.6492721835603
84801A,PINK HYDRANGEA ART FLOWER,272,427.44000000000005,15,14,1,2.1,2010-01-05 14:12:00,2011-11-23 11:47:00,18.133333333333333,0.0025151324050768685,98.65178731596538
84509C,SET OF 4 POLKADOT PLACEMATS,272,1059.79,93,58,5,3.75,2009-12-07 18:02:00,2011-11-25 14:25:00,2.924731182795699,0.0025151324050768685,98.65430244837046
37467,PIG MUG IN TWO COLOUR DESIGNS,272,324.21,63,40,5,4.13,2009-12-07 17:18:00,2011-10-10 14:37:00,4.317460317460317,0.0025151324050768685,98.65681758077554
35933,PINK STOCKING CHRISTMAS DECORATION,271,113.14,27,17,4,0.38,2010-09-20 13:44:00,2011-11-06 12:26:00,10.037037037037036,0.0025058855947640863,98.6593234663703
21256,"FRENCH BOTTLE, BRASSERIE DES ARTIST",270,493.37999999999994,60,10,1,1.65,2009-12-07 12:08:00,2010-02-18 12:25:00,4.5,0.0024966387844513036,98.66182010515475
85127,SMALL SQUARE CUT GLASS CANDLESTICK,270,1649.19,77,50,3,4.95,2009-12-16 12:16:00,2011-11-29 15:08:00,3.5064935064935066,0.0024966387844513036,98.6643167439392
21332,MOROCCAN BEATEN METAL MIRROR,269,1631.42,49,31,3,12.75,2009-12-09 11:58:00,2011-08-15 14:51:00,5.489795918367347,0.002487391974138521,98.66680413591334
84905,PINK BUTTERFLY CUSHION COVER,269,1007.91,105,44,2,5.06,2009-12-16 15:48:00,2011-06-29 15:58:00,2.5619047619047617,0.002487391974138521,98.66929152788748
85028L,FRENCH CHATEAU LARGE FRUIT BOWL,269,638.11,26,19,3,7.95,2009-12-21 11:08:00,2011-04-08 11:54:00,10.346153846153847,0.002487391974138521,98.67177891986162
23023,RIDGED BONNE JAM JAR T-LIGHT HOLDER,268,427.91999999999996,24,14,2,1.65,2011-06-20 15:47:00,2011-11-24 14:40:00,11.166666666666666,0.0024781451638257383,98.67425706502544
23106,ZINC HEARTS PLANT POT HOLDER,268,797.4200000000001,49,24,1,2.89,2011-05-13 10:44:00,2011-11-25 14:53:00,5.469387755102041,0.0024781451638257383,98.67673521018926
84761,IVORY HANGING BIRD PLANTER,268,748.4499999999999,60,28,3,2.55,2009-12-08 17:08:00,2010-09-16 19:43:00,4.466666666666667,0.0024781451638257383,98.67921335535308
21134,VICTORIAN METAL POSTCARD CHRISTMAS,267,440.54999999999995,37,19,2,1.65,2009-12-07 12:13:00,2010-11-16 16:46:00,7.216216216216216,0.0024688983535129556,98.6816822537066
20763,DAISY SKETCHBOOK,266,699.11,73,46,2,3.75,2009-12-07 11:19:00,2011-11-27 16:08:00,3.643835616438356,0.002459651543200173,98.6841419052498
84510C,SET OF 4 POLKADOT COASTERS,266,389.17,96,65,2,1.25,2009-12-07 18:02:00,2011-12-01 19:42:00,2.7708333333333335,0.002459651543200173,98.68660155679301
C2,CARRIAGE,266,13326.0,265,90,4,50.0,2009-12-07 09:25:00,2011-12-01 17:51:00,1.0037735849056604,0.002459651543200173,98.68906120833621
84984A,GREEN PEONY CUSHION COVER,266,462.12,17,14,3,4.65,2010-01-08 16:29:00,2011-11-08 11:03:00,15.647058823529411,0.002459651543200173,98.69152085987942
82605,OLD DOC RUSSEL METAL SIGN,266,588.6700000000001,123,51,2,2.1,2009-12-08 14:56:00,2011-03-18 11:30:00,2.16260162601626,0.002459651543200173,98.69398051142262
20894,HANGING BAUBLE T-LIGHT HOLDER LARGE,265,821.4000000000001,77,42,2,2.95,2009-12-14 10:27:00,2011-12-01 08:51:00,3.4415584415584415,0.0024504047328873903,98.6964309161555
16207B,PINK HEART RED HANDBAG,265,457.65000000000003,46,20,2,2.51,2009-12-11 13:49:00,2011-08-30 10:49:00,5.760869565217392,0.0024504047328873903,98.69888132088839
20705,MRS ROBOT SOFT TOY,265,980.59,52,39,7,6.95,2009-12-07 13:35:00,2011-12-04 15:19:00,5.096153846153846,0.0024504047328873903,98.70133172562127
35599B,BLACK CHRISTMAS TREE 120CM,264,923.13,48,28,6,5.91,2009-12-11 15:40:00,2011-12-04 12:14:00,5.5,0.002441157922574608,98.70377288354385
21459,YELLOW EASTER EGG HUNT START POST,263,520.55,44,24,2,1.95,2010-01-28 10:08:00,2011-04-18 14:50:00,5.9772727272727275,0.0024319111122618254,98.70620479465612
21784,SHOE SHINE BOX,263,3093.3799999999997,167,67,6,9.95,2009-12-07 13:49:00,2011-09-01 13:40:00,1.5748502994011977,0.0024319111122618254,98.70863670576838
17012E,ORIGAMI OPIUM INCENSE/CANDLE SET,263,296.78999999999996,29,17,2,2.51,2009-12-16 12:39:00,2010-12-15 15:34:00,9.068965517241379,0.0024319111122618254,98.71106861688065
84218,BOX/12 CHICK & EGG IN BASKET,261,503.51,96,21,5,1.95,2010-01-31 15:40:00,2011-03-31 11:25:00,2.71875,0.00241341749163626,98.71348203437229
23041,PAPER LANTERN 9 POINT SNOW STAR,261,1099.71,51,24,1,4.15,2011-04-28 13:35:00,2011-12-04 12:02:00,5.117647058823529,0.00241341749163626,98.71589545186393
17011A,ORIGAMI VANILLA INCENSE+FLOWER,261,179.56,12,10,2,3.1550000000000002,2009-12-22 09:41:00,2010-08-20 09:23:00,21.75,0.00241341749163626,98.71830886935557
21087,SET/6 POSIES PAPER CUPS,260,168.08,32,22,3,0.65,2010-01-25 15:42:00,2011-04-19 14:49:00,8.125,0.0024041706813234774,98.72071304003688
23475,WOODLAND SMALL PINK FELT HEART,260,220.6,29,6,5,0.83,2011-10-27 16:23:00,2011-12-04 13:55:00,8.96551724137931,0.0024041706813234774,98.7231172107182
84916,HAND TOWEL PALE BLUE W FLOWERS,260,640.48,57,34,4,4.21,2009-12-13 16:05:00,2011-05-04 11:00:00,4.56140350877193,0.0024041706813234774,98.72552138139952
21412,VINTAGE GOLD TINSEL REEL,260,229.9,58,19,4,0.42,2009-12-07 15:26:00,2010-11-21 10:38:00,4.482758620689655,0.0024041706813234774,98.72792555208083
23066,SMALL DECO JEWELLERY STAND,259,2137.81,85,24,5,8.25,2011-04-18 14:01:00,2011-10-13 14:33:00,3.0470588235294116,0.0023949238710106947,98.73032047595184
84932A,SMALL GREEN PEONY FOLDING STOOL,258,568.6,22,13,7,1.95,2010-01-21 14:01:00,2010-06-14 13:31:00,11.727272727272727,0.002385677060697912,98.73270615301254
48195,DOOR MAT GREEN PAISLEY,258,1553.74,82,24,4,7.49,2009-12-08 13:56:00,2010-07-22 12:17:00,3.1463414634146343,0.002385677060697912,98.73509183007324
23009,I LOVE LONDON BABY GIFT SET,258,4016.2499999999995,99,37,8,16.95,2011-03-09 15:17:00,2011-12-01 16:37:00,2.606060606060606,0.002385677060697912,98.73747750713395
23485,BOTANICAL GARDENS WALL CLOCK,258,5743.92,79,7,5,25.0,2011-10-20 14:51:00,2011-12-04 11:56:00,3.2658227848101267,0.002385677060697912,98.73986318419465
85008,SET OF 3 CONEY ISLAND OVAL BOXES,257,999.32,96,46,6,4.95,2009-12-07 18:02:00,2011-04-10 14:16:00,2.6770833333333335,0.00237643025038513,98.74223961444503
21664,RIDGED GLASS STORAGE JAR CREAM LID,257,1027.32,66,45,2,3.75,2009-12-07 15:28:00,2011-10-17 12:22:00,3.893939393939394,0.00237643025038513,98.7446160446954
21662,VINTAGE GLASS COFFEE CADDY,257,1669.65,105,55,2,5.95,2009-12-07 17:56:00,2011-08-15 14:17:00,2.447619047619048,0.00237643025038513,98.74699247494578
62096B,PURPLE/TURQ FLOWERS HANDBAG,257,441.99,82,33,2,1.95,2009-12-07 18:02:00,2011-03-07 14:51:00,3.1341463414634148,0.00237643025038513,98.74936890519616
21690,SILVER  CANDLEPOT JARDIN,256,983.34,81,43,2,3.75,2009-12-08 12:51:00,2011-01-30 15:48:00,3.1604938271604937,0.002367183440072347,98.75173608863624
17013B,ORIGAMI JASMINE INCENSE IN TUBE,256,221.03,3,2,1,1.27,2009-12-09 09:42:00,2009-12-16 12:39:00,85.33333333333333,0.002367183440072347,98.7541032720763
47503G,ASS FLORAL PRINT TAPE MEASURE,256,331.04,30,13,2,1.25,2009-12-07 18:02:00,2010-03-12 11:19:00,8.533333333333333,0.002367183440072347,98.75647045551638
85049e,SCANDINAVIAN REDS RIBBONS,256,853.77,56,35,1,3.29,2010-06-24 11:33:00,2011-11-30 14:11:00,4.571428571428571,0.002367183440072347,98.75883763895645
23153,ZINC SWEETHEART WIRE LETTER RACK,256,990.73,87,31,2,3.75,2011-04-18 14:32:00,2011-11-25 14:25:00,2.942528735632184,0.002367183440072347,98.76120482239652
23024,LARGE BONNE JAM JAR  T-LIGHT HOLDER,255,667.8500000000001,11,9,3,2.89,2011-06-22 15:41:00,2011-11-14 13:55:00,23.181818181818183,0.0023579366297595645,98.76356275902629
23253,16 PIECE CUTLERY SET PANTRY DESIGN,255,3783.67,68,29,9,15.95,2011-04-18 13:13:00,2011-11-24 12:40:00,3.75,0.0023579366297595645,98.76592069565605
21657,MILK BOTTLE WITH GLASS STOPPER,255,1945.69,116,53,4,6.95,2009-12-08 13:04:00,2011-02-20 13:18:00,2.1982758620689653,0.0023579366297595645,98.76827863228581
21443,OLIVE CHALET BIRDFEEDER,255,716.4,24,12,1,3.75,2009-12-08 15:49:00,2010-03-30 13:35:00,10.625,0.0023579366297595645,98.77063656891558
35966,FOLKART CHRISTMAS TREE T-LIGHT HOLD,254,109.64,25,17,1,0.38,2009-12-09 09:42:00,2011-08-24 10:45:00,10.16,0.002348689819446782,98.77298525873502
84601A,NEW BAROQUE IVORY CUSHION COVER,254,620.64,14,12,2,2.95,2009-12-10 16:21:00,2010-07-15 13:16:00,18.142857142857142,0.002348689819446782,98.77533394855446
81952B,ROUND BLUE CLOCK W/SUCKER,254,84.56,20,12,2,0.745,2010-01-11 14:39:00,2011-07-26 13:03:00,12.7,0.002348689819446782,98.7776826383739
23451,SQUARE MINI PORTRAIT FRAME,254,502.59999999999997,46,8,3,1.95,2011-10-14 14:04:00,2011-12-02 12:02:00,5.521739130434782,0.002348689819446782,98.78003132819335
47591d,PINK FAIRY CAKE CHILDRENS APRON,253,1274.3799999999999,72,40,1,4.96,2010-08-13 17:00:00,2011-11-29 15:08:00,3.513888888888889,0.002339443009133999,98.78237077120248
22987,"WRAP , SUMMER ROSE DESIGN",252,105.84,11,11,1,0.42,2010-09-07 10:59:00,2011-10-10 16:36:00,22.90909090909091,0.0023301961988212165,98.7847009674013
15030,FAN BLACK FRAME,252,73.08,25,23,1,0.29,2009-12-13 14:38:00,2011-11-10 12:01:00,10.08,0.0023301961988212165,98.78703116360013
84249A,"GREETING CARD,SQUARE, DOUGHNUTS",251,112.39,33,25,2,0.42,2010-02-04 16:16:00,2011-11-22 15:41:00,7.606060606060606,0.002320949388508434,98.78935211298864
20864,DENIM PATCH PENCIL CASE BUTTERFLY,251,496.04,28,17,4,2.1,2009-12-07 15:28:00,2010-10-24 14:21:00,8.964285714285714,0.002320949388508434,98.79167306237714
84800M,MEDIUM WHITE/PINK ROSE ART FLOWER,250,357.22,27,21,1,1.69,2010-01-28 17:13:00,2011-08-28 12:06:00,9.25925925925926,0.002311702578195651,98.79398476495534
20736,PINK MINI TAPE MEASURE,250,199.5,12,7,1,0.85,2009-12-08 11:13:00,2010-03-14 15:07:00,20.833333333333332,0.002311702578195651,98.79629646753354
22782,SET 3 WICKER STORAGE BASKETS,249,3587.5499999999997,82,38,5,24.95,2010-10-27 15:04:00,2011-11-28 10:49:00,3.0365853658536586,0.002302455767882869,98.79859892330143
21275,ZINC TOP  2 DOOR WOODEN SHELF,249,1714.48,55,32,4,16.95,2009-12-08 16:23:00,2011-11-10 18:04:00,4.527272727272727,0.002302455767882869,98.80090137906932
21836,GINGHAM OVEN GLOVE RED HEART,249,1003.89,100,39,6,3.75,2009-12-07 18:02:00,2011-01-20 15:22:00,2.49,0.002302455767882869,98.8032038348372
22124,SET OF 2 TEA TOWELS PING MICROWAVE,249,693.1800000000001,123,66,3,2.51,2009-12-07 13:59:00,2011-12-04 15:19:00,2.024390243902439,0.002302455767882869,98.8055062906051
46776C,WOVEN FROST CUSHION COVER,249,867.93,92,50,3,4.21,2009-12-10 09:49:00,2011-12-02 16:39:00,2.7065217391304346,0.002302455767882869,98.80780874637298
20857,BLUE ROSE PATCH PURSE PINK BUTTERFL,248,409.2,72,41,5,1.65,2009-12-09 14:25:00,2011-02-17 13:28:00,3.4444444444444446,0.0022932089575700863,98.81010195533055
23407,SET OF 2 TRAYS HOME SWEET HOME,247,2503.6099999999997,123,14,7,9.95,2011-09-04 12:07:00,2011-12-04 13:20:00,2.008130081300813,0.0022839621472573036,98.81238591747781
84251C,"GREETING CARD, TWO SISTERS.",247,76.68,53,24,3,0.42,2009-12-14 13:19:00,2011-08-04 16:32:00,4.660377358490566,0.0022839621472573036,98.81466987962507
79072,TEATIME CAKE TIN WITH HANDLE,246,2684.7,94,15,6,9.95,2009-12-07 09:42:00,2010-03-29 15:02:00,2.617021276595745,0.002274715336944521,98.81694459496201
21131,GOLD STANDING GNOME,246,1061.36,47,39,5,4.25,2009-12-07 17:56:00,2011-11-18 15:59:00,5.23404255319149,0.002274715336944521,98.81921931029895
23079,TOADSTOOL BEDSIDE LIGHT,246,2180.7,102,29,8,8.95,2011-05-11 13:20:00,2011-12-04 13:32:00,2.411764705882353,0.002274715336944521,98.82149402563589
84657,GREEN ROSE CUSHION COVER,246,517.48,20,8,3,3.1500000000000004,2009-12-18 12:33:00,2010-04-19 14:59:00,12.3,0.002274715336944521,98.82376874097282
84846A,SCENTED CANDLE IN DIGITALIS TIN,245,554.95,53,36,1,2.1,2009-12-08 15:49:00,2011-10-10 14:37:00,4.622641509433962,0.0022654685266317383,98.82603420949945
20865,PATCHWORK PENCIL CASE BUTTERFLY,245,483.49,29,17,4,2.1,2009-12-08 11:13:00,2010-06-30 08:36:00,8.448275862068966,0.0022654685266317383,98.82829967802608
82616A,BUBBLE GUM SCARF KNITTING KIT,244,493.41,45,25,3,2.95,2009-12-07 12:26:00,2010-10-27 13:00:00,5.4222222222222225,0.0022562217163189556,98.83055589974241
71496A,A4 WALL TIDY BLUE OFFICE,244,148.01000000000002,17,16,3,1.46,2010-03-01 10:14:00,2011-11-02 14:31:00,14.352941176470589,0.0022562217163189556,98.83281212145873
23316,RED REFECTORY CLOCK,244,2421.92,105,24,10,9.95,2011-06-23 18:44:00,2011-12-02 13:21:00,2.323809523809524,0.0022562217163189556,98.83506834317505
23405,HOME SWEET HOME 2 DRAWER CABINET,243,1237.73,66,13,3,4.95,2011-09-05 11:18:00,2011-12-02 15:48:00,3.6818181818181817,0.002246974906006173,98.83731531808105
46000U,POLYESTER FILLER PAD 30CMx30CM,243,303.75,50,41,5,1.25,2010-01-06 13:56:00,2011-12-04 12:17:00,4.86,0.002246974906006173,98.83956229298705
47367B,PAIR PADDED HANGERS PINK CHECK,242,834.95,95,61,5,3.36,2009-12-14 18:37:00,2011-10-26 12:14:00,2.5473684210526315,0.0022377280956933907,98.84180002108275
23539,WALL ART LOVES' SECRET,242,1191.69,39,10,1,5.95,2011-10-02 15:50:00,2011-12-01 18:43:00,6.205128205128205,0.0022377280956933907,98.84403774917844
84715,SET OF 6 ICE CREAM SKITTLES,241,734.8900000000001,47,28,5,2.95,2009-12-07 17:56:00,2011-04-13 13:47:00,5.127659574468085,0.002228481285380608,98.84626623046383
46000R,POLYESTER FILLER PAD 45x30cm,241,349.45,60,42,3,1.45,2010-01-26 14:18:00,2011-11-29 17:52:00,4.016666666666667,0.002228481285380608,98.84849471174921
22829,SWEETHEART WIRE WALL TIDY,241,2468.5699999999997,118,46,6,9.95,2010-11-10 12:54:00,2011-11-11 14:50:00,2.042372881355932,0.002228481285380608,98.8507231930346
77081,FLOWER WINDMILL,241,305.81,32,19,2,1.25,2009-12-07 17:56:00,2010-08-31 15:36:00,7.53125,0.002228481285380608,98.85295167431998
85205B,PINK FELT EASTER RABBIT GARLAND,241,669.38,61,24,4,2.55,2010-01-11 09:37:00,2011-04-21 18:06:00,3.9508196721311477,0.002228481285380608,98.85518015560537
47347B,BLUE FLOWER T-LIGHT HOLDER,240,179.88,11,8,1,1.25,2009-12-07 13:35:00,2010-03-08 15:49:00,21.818181818181817,0.0022192344750678254,98.85739939008043
84615,PINK ROUND BUTTERFLY MIRROR,240,748.48,21,9,2,1.95,2009-12-08 12:38:00,2010-04-12 16:38:00,11.428571428571429,0.0022192344750678254,98.8596186245555
22797,CHEST OF DRAWERS GINGHAM HEART,240,4155.32,138,47,7,16.95,2010-10-17 12:59:00,2011-11-30 10:48:00,1.7391304347826086,0.0022192344750678254,98.86183785903056
37492C,GREEN BLUE FLOWER PIGGY BANK,240,467.99999999999994,22,14,1,4.65,2009-12-11 13:31:00,2010-05-18 13:04:00,10.909090909090908,0.0022192344750678254,98.86405709350562
75149N,STRING CRYSTALS NATURAL,240,300.0,21,13,1,1.25,2009-12-14 13:09:00,2010-05-04 13:49:00,11.428571428571429,0.0022192344750678254,98.86627632798069
72815,3 WICK CHRISTMAS BRIAR CANDLE,239,922.11,61,19,3,3.75,2009-12-08 13:41:00,2011-01-26 12:40:00,3.918032786885246,0.0022099876647550427,98.86848631564544
21030,SPACE CADET RED,239,290.9,51,31,5,1.25,2009-12-16 16:02:00,2011-11-21 12:05:00,4.686274509803922,0.0022099876647550427,98.8706963033102
84837,WHITE SWEETHEARTS CABINET 4 DRAWERS,238,3017.71,133,33,2,12.75,2009-12-08 12:38:00,2010-08-02 11:07:00,1.7894736842105263,0.00220074085444226,98.87289704416465
22954,HEN PARTY CORDON BARRIER TAPE,238,293.89,50,35,2,1.25,2010-11-05 14:21:00,2011-11-24 14:40:00,4.76,0.00220074085444226,98.8750977850191
22799,SWEETHEART WIRE FRUIT BOWL,238,1976.59,105,44,6,8.5,2010-10-18 09:36:00,2011-12-04 15:28:00,2.2666666666666666,0.00220074085444226,98.87729852587354
84856L,LARGE TAHITI BEACH BAG,238,1492.28,81,37,3,5.95,2009-12-17 17:54:00,2011-03-18 11:22:00,2.9382716049382718,0.00220074085444226,98.87949926672799
23040,PAPER LANTERN 9 POINT SNOW STAR,237,1284.39,36,20,5,5.75,2011-04-28 13:35:00,2011-12-04 12:02:00,6.583333333333333,0.0021914940441294774,98.88169076077212
23427,STOOL HOME SWEET HOME,236,2848.08,113,12,5,12.5,2011-09-04 12:07:00,2011-12-04 11:56:00,2.088495575221239,0.0021822472338166947,98.88387300800593
23074,EMBOSSED HEART TRINKET BOX,235,510.04,42,13,3,2.08,2011-09-11 13:51:00,2011-12-04 15:00:00,5.595238095238095,0.0021730004235039125,98.88604600842945
23598,PAPER BUNTING VINTAGE PARTY,235,713.1300000000001,40,4,3,2.95,2011-11-10 16:20:00,2011-12-04 14:15:00,5.875,0.0021730004235039125,98.88821900885296
21366,MIRRORED WALL ART PHOTO FRAMES,235,1127.25,76,47,2,4.25,2009-12-10 10:47:00,2011-11-23 11:32:00,3.0921052631578947,0.0021730004235039125,98.89039200927647
21477,STRING OF 20 ROSE LIGHTS,234,2761.1099999999997,33,7,2,12.75,2009-12-07 09:42:00,2010-03-31 14:12:00,7.090909090909091,0.00216375361319113,98.89255576288966
85179B,WHITE BITTY LIGHT CHAIN,234,1000.8,42,21,1,4.65,2009-12-07 11:20:00,2010-11-15 11:49:00,5.571428571428571,0.00216375361319113,98.89471951650285
22786,CUSHION COVER PINK UNION JACK,234,1531.6000000000001,90,36,4,5.95,2010-10-17 13:07:00,2011-12-01 09:20:00,2.6,0.00216375361319113,98.89688327011604
35824C,"HANGING FLOWERS+MIRROR,CLEAR",234,115.56,7,5,2,0.38,2009-12-07 11:46:00,2010-04-08 16:49:00,33.42857142857143,0.00216375361319113,98.89904702372922
79063C,"RETRO PILL BOX KEY CHAIN,THE KING",234,43.46,13,11,2,0.19,2011-03-09 12:35:00,2011-11-27 15:02:00,18.0,0.00216375361319113,98.90121077734241
84726,LILLIES CANVAS PICTURE,233,394.84999999999997,5,4,1,1.65,2010-03-03 11:53:00,2010-08-20 12:28:00,46.6,0.002154506802878347,98.9033652841453
84807,RED POPPY ARTIFICIAL FLOWER,233,215.93,7,7,1,1.69,2010-01-07 11:52:00,2010-05-14 12:00:00,33.285714285714285,0.002154506802878347,98.90551979094818
84984C,ORIENTAL BLUE C/COVER,232,401.16,16,13,2,4.65,2009-12-09 13:25:00,2010-11-14 15:22:00,14.5,0.0021452599925655645,98.90766505094074
84915,HAND TOWEL PINK FLOWER AND DAISY,232,451.3,36,27,4,4.21,2010-03-30 11:14:00,2011-12-02 16:39:00,6.444444444444445,0.0021452599925655645,98.9098103109333
79406,FROSTED WHITE BASE,232,57.85,19,18,1,0.22,2010-01-07 13:07:00,2011-11-03 11:29:00,12.210526315789474,0.0021452599925655645,98.91195557092585
85129B,BEADED CRYSTAL HEART GREEN SMALL,232,312.65,55,41,2,1.25,2009-12-15 13:40:00,2011-11-25 14:25:00,4.218181818181818,0.0021452599925655645,98.91410083091841
84932D,SMALL ORIENTAL RED FOLDING STOOL,231,506.71,19,10,5,1.95,2009-12-13 15:01:00,2010-04-20 11:37:00,12.157894736842104,0.002136013182252782,98.91623684410067
84595B,LARGE TRIFLE DESIGN L BLUE BOWL,230,408.9,16,14,2,3.75,2009-12-15 15:21:00,2010-06-27 13:11:00,14.375,0.002126766371939999,98.91836361047261
35914,PINK CHICK EGG WARMER + EGG CUP,230,309.28,54,25,3,0.85,2009-12-10 15:45:00,2011-10-19 15:08:00,4.2592592592592595,0.002126766371939999,98.92049037684455
84231,EASTER BUNNY WITH BASKET ON BACK,230,166.21,50,23,1,0.65,2010-01-24 14:57:00,2011-11-04 12:05:00,4.6,0.002126766371939999,98.9226171432165
84970l,SINGLE HEART ZINC T-LIGHT HOLDER,229,478.82,62,38,1,2.08,2010-05-26 12:38:00,2011-12-02 10:08:00,3.693548387096774,0.0021175195616272165,98.92473466277812
22447,PIN CUSHION BABUSHKA BLUE,229,759.99,79,43,7,3.35,2010-03-23 08:55:00,2011-11-24 09:21:00,2.8987341772151898,0.0021175195616272165,98.92685218233974
23060,HEART BEADED TRELLIS DECORATION,229,486.57,40,21,2,2.08,2011-04-18 10:41:00,2011-12-04 14:55:00,5.725,0.0021175195616272165,98.92896970190137
72814,SET OF 3 CHRISTMAS BRIAR CANDLES,229,829.1700000000001,47,19,4,3.75,2009-12-07 15:42:00,2010-11-22 12:59:00,4.872340425531915,0.0021175195616272165,98.93108722146299
35822B,"ACRYLIC BEAD CHAIN, BLUE",229,87.02,1,1,1,0.38,2010-01-27 12:39:00,2010-01-27 12:39:00,229.0,0.0021175195616272165,98.93320474102461
84917,WHITE HAND TOWEL WITH BUTTERFLY,229,686.03,53,31,3,4.21,2010-01-07 19:34:00,2011-05-26 10:44:00,4.320754716981132,0.0021175195616272165,98.93532226058623
17027A,INCENSE BAZAAR CANNABIS,228,84.84,2,2,1,0.355,2010-02-04 13:47:00,2010-03-10 11:21:00,114.0,0.0021082727513144343,98.93743053333755
23470,CARD HOLDER LOVE BIRD LARGE,228,1435.5,82,10,4,6.25,2011-10-02 13:26:00,2011-12-04 15:00:00,2.7804878048780486,0.0021082727513144343,98.93953880608886
21661,VINTAGE GLASS TEA CADDY,227,1445.91,97,43,3,5.95,2009-12-09 09:42:00,2011-02-22 13:20:00,2.3402061855670104,0.0020990259410016516,98.94163783202987
23411,TRELLIS COAT RACK,227,1118.6100000000001,56,14,3,4.95,2011-09-04 14:08:00,2011-12-02 17:12:00,4.053571428571429,0.0020990259410016516,98.94373685797088
84661B,BLACK SQUARE TABLE CLOCK,227,509.24,46,36,3,2.55,2009-12-16 17:58:00,2011-12-04 15:19:00,4.934782608695652,0.0020990259410016516,98.94583588391188
85020,ROUND PINK HEART MIRROR,227,503.98,56,40,3,2.1,2009-12-09 14:38:00,2011-11-27 13:49:00,4.053571428571429,0.0020990259410016516,98.94793490985289
84192,ASSORTED COLOUR METAL CAT,226,271.1,38,28,1,1.25,2010-02-08 14:00:00,2011-12-04 15:00:00,5.947368421052632,0.002089779130688869,98.95002468898358
84666,SQUARE CHERRY BLOSSOM CABINET,226,892.7,33,16,1,3.95,2009-12-09 09:34:00,2011-04-19 14:49:00,6.848484848484849,0.002089779130688869,98.95211446811426
72606A,BROWN ANTIQUE CUBE CANDLE,226,94.92,18,13,1,0.42,2010-01-11 13:24:00,2010-10-05 13:12:00,12.555555555555555,0.002089779130688869,98.95420424724495
84927A,WAKE UP COCKEREL TILE HOOK,226,157.61,33,27,3,2.1,2010-02-03 17:04:00,2011-08-09 14:18:00,6.848484848484849,0.002089779130688869,98.95629402637563
84313B,BLUE TV TRAY TABLE,226,1146.69,82,39,5,4.25,2009-12-14 18:37:00,2011-04-01 09:25:00,2.7560975609756095,0.002089779130688869,98.95838380550632
84665,SQUARE CHERRY BLOSSOM CABINET,226,1364.7,47,34,3,5.95,2009-12-09 09:34:00,2011-11-08 13:22:00,4.808510638297872,0.002089779130688869,98.960473584637
84923,PINK BUTTERFLY HANDBAG W BOBBLES,225,980.47,145,64,1,4.13,2010-02-04 14:19:00,2011-12-02 16:39:00,1.5517241379310345,0.0020805323203760863,98.96255411695738
23415,HOME SWEET HOME HOOK,225,372.00999999999993,38,12,5,1.65,2011-09-07 15:52:00,2011-12-04 15:19:00,5.921052631578948,0.0020805323203760863,98.96463464927776
71495A,CD WALL TIDY BLUE OFFICE,225,87.96000000000001,20,17,1,0.83,2010-02-09 16:18:00,2011-11-24 12:33:00,11.25,0.0020805323203760863,98.96671518159813
23519,EMBROIDERED RIBBON REEL CLAIRE,224,792.31,24,9,6,3.75,2011-09-25 12:22:00,2011-11-24 09:21:00,9.333333333333334,0.0020712855100633036,98.9687864671082
20836,FRENCH PAISLEY CUSHION COVER,224,250.0,22,19,2,0.83,2010-03-02 15:28:00,2011-11-24 11:52:00,10.181818181818182,0.0020712855100633036,98.97085775261827
84806A,PINK CANDYSTUFT ARTIFICIAL FLOWER,223,224.47,16,15,3,1.45,2010-01-24 15:54:00,2011-09-04 13:07:00,13.9375,0.002062038699750521,98.97291979131802
20980,36 PENCILS TUBE POSY,223,268.49,54,32,2,1.25,2009-12-07 11:39:00,2011-08-08 14:53:00,4.12962962962963,0.002062038699750521,98.97498183001777
21691,SILVER VANILLA FLOWER CANDLE POT,223,863.49,66,34,2,3.75,2009-12-09 13:00:00,2010-10-29 17:17:00,3.378787878787879,0.002062038699750521,98.97704386871752
23481,PEARLISED IVORY HEART SMALL,222,273.67,27,7,2,1.25,2011-10-17 15:06:00,2011-12-04 14:01:00,8.222222222222221,0.0020527918894377383,98.97909666060696
47504G,ENGLISH ROSE TAPE MEASURE,222,300.05,49,20,4,1.25,2009-12-07 15:26:00,2010-05-11 11:29:00,4.530612244897959,0.0020527918894377383,98.9811494524964
72750C,"F.FAIRY S/3 CANDLE/GLASS, ROSE",222,448.9,13,9,3,1.95,2009-12-11 15:52:00,2010-03-30 13:13:00,17.076923076923077,0.0020527918894377383,98.98320224438584
84760S,SMALL HANGING GLASS+ZINC LANTERN,222,360.21,36,32,3,1.45,2009-12-09 09:42:00,2011-05-12 20:13:00,6.166666666666667,0.0020527918894377383,98.98525503627528
21631,HIPPY CHIC DECORATIVE PARASOL,221,1571.75,54,33,1,12.75,2009-12-09 13:16:00,2011-11-17 14:24:00,4.092592592592593,0.002043545079124956,98.9872985813544
21350,GINGHAM HEART WREATH,221,635.95,41,16,3,2.95,2009-12-09 13:11:00,2010-11-05 11:17:00,5.390243902439025,0.002043545079124956,98.98934212643351
23064,CINDERELLA CHANDELIER,221,3717.56,23,16,4,49.95,2011-04-28 13:35:00,2011-11-03 14:32:00,9.608695652173912,0.002043545079124956,98.99138567151263
23183,MOTHER'S KITCHEN SPOON REST,220,922.41,81,30,7,3.75,2011-03-03 15:02:00,2011-11-25 14:25:00,2.7160493827160495,0.0020342982688121734,98.99341996978144
79323B,BLACK CHERRY LIGHTS,219,1403.33,49,19,2,6.75,2009-12-09 09:42:00,2011-02-11 13:53:00,4.469387755102041,0.0020250514584993907,98.99544502123995
84706D,CHERRY BLOSSOM TABLE CLOCK,219,500.19,16,14,4,1.95,2009-12-18 17:15:00,2011-05-22 11:29:00,13.6875,0.0020250514584993907,98.99747007269845
21837,CROSS STITCH ALPHABET CUSHION COVER,218,1459.15,82,21,4,5.95,2009-12-07 16:38:00,2010-05-18 16:28:00,2.658536585365854,0.002015804648186608,98.99948587734663
72140E,BEST DAD CANDLE LETTERS,218,156.72,29,25,2,0.85,2009-12-07 18:02:00,2011-10-16 11:06:00,7.517241379310345,0.002015804648186608,99.00150168199481
23491,VINTAGE JINGLE BELLS HEART,218,1815.26,75,7,3,8.25,2011-10-20 10:10:00,2011-12-04 14:01:00,2.9066666666666667,0.002015804648186608,99.00351748664299
47570,ENGLISH ROSE TABLE CLOTH,217,2330.01,75,20,5,10.65,2009-12-13 16:03:00,2010-04-26 14:22:00,2.8933333333333335,0.0020065578378738254,99.00552404448086
85024B,EAU DE NILE JEWELLED PHOTOFRAME,217,329.25,19,18,3,1.65,2010-01-19 17:32:00,2011-11-20 11:34:00,11.421052631578947,0.0020065578378738254,99.00753060231874
79403,FROSTED WHITE BASE,216,199.01999999999998,36,27,2,0.85,2009-12-18 17:06:00,2011-12-02 12:52:00,6.0,0.0019973110275610427,99.0095279133463
81950B,FLOWER BLUE CLOCK W/SUCKER,215,125.89,33,26,4,0.85,2009-12-16 09:17:00,2011-08-17 13:21:00,6.515151515151516,0.00198806421724826,99.01151597756355
84801B,WHITE HYDRANGEA ART FLOWER,214,345.00000000000006,18,15,2,2.1,2009-12-17 17:46:00,2011-04-06 14:23:00,11.88888888888889,0.0019788174069354774,99.01349479497048
21536,DAIRY MAID  SMALL  MILK JUG,213,457.94000000000005,58,13,3,2.1,2009-12-10 18:27:00,2010-03-30 15:25:00,3.6724137931034484,0.001969570596622695,99.01546436556711
17013C,ORIGAMI LAVENDER INCENSE IN TUBE,213,89.46000000000001,2,2,1,0.42,2009-12-16 12:39:00,2010-03-03 11:53:00,106.5,0.001969570596622695,99.01743393616374
21226,POCKET MIRROR WOODLAND,213,230.54999999999998,37,23,3,1.25,2009-12-11 15:40:00,2011-11-25 11:12:00,5.756756756756757,0.001969570596622695,99.01940350676037
47566b,TEA TIME PARTY BUNTING,212,1761.2599999999998,113,35,1,8.29,2010-06-24 11:33:00,2011-11-08 15:24:00,1.8761061946902655,0.0019603237863099125,99.02136383054668
23422,PANTRY HOOK BALLOON WHISK,212,473.76,46,12,5,2.08,2011-09-07 16:48:00,2011-12-04 14:55:00,4.608695652173913,0.0019603237863099125,99.02332415433298
23336,EGG FRYING PAN PINK,211,479.88,79,24,4,2.08,2011-06-13 16:33:00,2011-12-04 10:35:00,2.670886075949367,0.0019510769759971298,99.02527523130898
85030,FRENCH CHATEAU OVAL PLATTER,211,531.4499999999999,29,17,4,7.95,2009-12-15 13:48:00,2011-04-08 11:54:00,7.275862068965517,0.0019510769759971298,99.02722630828498
21474,SWEETHEART CREAM STEEL FOLDIN BENCH,210,4189.5,94,27,4,19.95,2010-01-21 14:30:00,2010-09-12 11:29:00,2.234042553191489,0.0019418301656843472,99.02916813845067
20794,BLUE  TILE HOOK,210,583.51,46,40,3,2.55,2010-01-07 19:34:00,2011-12-02 16:39:00,4.565217391304348,0.0019418301656843472,99.03110996861636
23423,PANTRY 3 HOOK ROLLING PIN HANGER,210,832.02,62,13,6,3.75,2011-09-08 13:38:00,2011-12-04 12:44:00,3.3870967741935485,0.0019418301656843472,99.03305179878205
16243B,BROWN COZY SQUARE PHOTO ALBUM,210,429.69,6,4,1,5.975,2009-12-16 11:57:00,2010-03-11 10:13:00,35.0,0.0019418301656843472,99.03499362894775
23409,PHOTO FRAME LINEN AND LACE LARGE,209,779.1800000000001,42,12,3,3.75,2011-09-07 16:00:00,2011-12-04 12:18:00,4.976190476190476,0.0019325833553715645,99.03692621230311
17011D,ORIGAMI ROSE INCENSE+FLOWER,209,135.70000000000002,4,3,2,1.375,2009-12-15 18:33:00,2010-08-20 09:23:00,52.25,0.0019325833553715645,99.03885879565848
84909A,PINK PAISLEY QUILT,209,2797.55,30,7,2,12.75,2009-12-09 13:25:00,2010-03-24 12:04:00,6.966666666666667,0.0019325833553715645,99.04079137901385
23461,SWEETHEART BIRD HOUSE,209,891.5300000000001,85,10,2,4.15,2011-09-29 15:57:00,2011-12-04 12:52:00,2.458823529411765,0.0019325833553715645,99.04272396236922
37476,CONDIMENT TRAY 4 BOWLS AND 4 SPOONS,208,2000.65,76,44,4,9.95,2009-12-11 13:31:00,2011-10-20 15:57:00,2.736842105263158,0.001923336545058782,99.04464729891428
23315,IVORY REFECTORY CLOCK,207,2004.51,83,24,6,9.95,2011-06-23 18:44:00,2011-12-02 13:21:00,2.4939759036144578,0.0019140897347459994,99.04656138864902
84795A,PASTEL STRIPE HAMMOCK,207,1688.0700000000002,69,21,3,7.95,2009-12-13 14:38:00,2010-08-04 16:38:00,3.0,0.0019140897347459994,99.04847547838376
84804A,CREAM DELPHINIUM ARTIFICIAL FLOWER,206,386.90000000000003,17,14,1,2.95,2010-01-19 13:09:00,2011-09-27 11:01:00,12.117647058823529,0.0019048429244332167,99.0503803213082
21950,SET OF 6 DOTS CHOPSTICKS,206,250.78,16,8,1,2.57,2009-12-07 17:56:00,2010-04-01 15:04:00,12.875,0.0019048429244332167,99.05228516423263
71406C,BLACK ORANGE SQUEEZER,206,87.8,33,28,3,0.42,2009-12-14 18:37:00,2011-11-29 17:52:00,6.242424242424242,0.0019048429244332167,99.05419000715706
23661,MILK MAIDS MUG,206,357.25999999999993,28,8,2,1.65,2011-10-13 13:43:00,2011-11-30 09:53:00,7.357142857142857,0.0019048429244332167,99.0560948500815
84578,ELEPHANT TOY WITH BLUE T-SHIRT,205,787.86,102,17,2,3.75,2009-12-07 18:02:00,2010-04-09 09:26:00,2.0098039215686274,0.001895596114120434,99.05799044619562
23567,EGG CUP HENRIETTA HEN PINK,205,276.82,34,8,2,1.25,2011-10-14 09:35:00,2011-12-02 14:26:00,6.029411764705882,0.001895596114120434,99.05988604230974
84597B,RETRO BROWN BALL ASHTRAY,205,259.37,27,21,3,1.25,2009-12-09 09:34:00,2011-06-19 11:10:00,7.592592592592593,0.001895596114120434,99.06178163842387
46000P,POLYESTER FILLER PAD 65CMx65CM,205,871.25,46,28,3,4.25,2009-12-07 13:49:00,2011-09-04 14:36:00,4.456521739130435,0.001895596114120434,99.06367723453799
84675,FROG KING WATERING CAN,205,565.6700000000001,61,29,4,2.95,2009-12-14 17:16:00,2011-01-17 13:23:00,3.360655737704918,0.001895596114120434,99.06557283065212
23476,WOODLAND LARGE RED FELT HEART,205,264.72,22,7,6,1.25,2011-10-20 12:07:00,2011-11-30 15:43:00,9.318181818181818,0.001895596114120434,99.06746842676624
85033S,SET/6 SILVER REINDEER T-LIGHTS,204,207.35,42,10,1,0.65,2009-12-07 11:05:00,2010-11-08 14:48:00,4.857142857142857,0.0018863493038076516,99.06935477607004
84918,CREAM CUSHION COVER WITH FLOWERS,204,967.32,62,23,2,5.91,2009-12-18 12:33:00,2010-09-27 12:45:00,3.2903225806451615,0.0018863493038076516,99.07124112537385
20902,VINTAGE KEEPSAKE BOX PARIS DAYS,204,1499.22,115,58,6,12.72,2009-12-07 17:56:00,2011-08-10 16:51:00,1.7739130434782608,0.0018863493038076516,99.07312747467765
20823,GOLD WINE GOBLET,204,312.36,17,12,1,4.25,2009-12-18 10:24:00,2011-06-09 14:23:00,12.0,0.0018863493038076516,99.07501382398145
21359,RELAX LARGE WOOD LETTERS,204,2052.68,70,47,3,15.95,2009-12-10 13:34:00,2011-08-11 14:54:00,2.914285714285714,0.0018863493038076516,99.07690017328525
84658,WHITE STITCHED CUSHION COVER,204,1127.48,59,43,6,6.95,2009-12-08 13:27:00,2011-11-03 15:18:00,3.457627118644068,0.0018863493038076516,99.07878652258906
84948,SILVER HANGING T-LIGHT HOLDER DOME,204,345.35999999999996,30,12,3,1.65,2009-12-07 13:48:00,2010-05-11 10:56:00,6.8,0.0018863493038076516,99.08067287189286
84931A,PINK SCOTTIE DOG W FLOWER PATTERN,203,508.52,81,50,4,2.55,2009-12-07 17:56:00,2011-11-30 08:50:00,2.506172839506173,0.001877102493494869,99.08254997438635
21780,MA CAMPAGNE 4 DRAWER WALL SHELF,203,1745.85,32,4,3,11.14,2009-12-08 12:34:00,2010-01-13 17:08:00,6.34375,0.001877102493494869,99.08442707687985
20621,ECONOMY PASSPORT COVER,202,441.17,30,19,2,2.1,2009-12-07 13:59:00,2010-09-02 13:57:00,6.733333333333333,0.0018678556831820863,99.08629493256304
72267,PREMIUM CHURCH CANDLE,201,386.96000000000004,30,8,1,2.1,2009-12-07 13:48:00,2010-03-28 10:54:00,6.7,0.0018586088728693038,99.0881535414359
85099f,JUMBO BAG STRAWBERRY,201,1016.3599999999999,25,17,1,5.06,2010-07-26 11:00:00,2011-01-11 14:42:00,8.04,0.0018586088728693038,99.09001215030877
22762,CUPBOARD 3 DRAWER MA CAMPAGNE,200,3216.8199999999997,132,50,8,14.95,2010-10-10 14:17:00,2011-12-02 13:17:00,1.5151515151515151,0.0018493620625565212,99.09186151237132
47343A,FUSCHIA FLOWER PURSE WITH BEADS,200,206.26,23,20,3,1.49,2009-12-17 15:44:00,2011-08-07 15:52:00,8.695652173913043,0.0018493620625565212,99.09371087443388
46776E,WOVEN CANDY CUSHION COVER,200,641.45,76,43,1,4.21,2010-01-04 13:03:00,2011-11-30 15:13:00,2.6315789473684212,0.0018493620625565212,99.09556023649644
84766,SILVER ROCOCO CANDLE STICK,200,638.0,27,21,2,5.95,2010-01-14 14:10:00,2011-11-03 19:28:00,7.407407407407407,0.0018493620625565212,99.097409598559
47586A,PINK FAIRY CAKE CUSHION COVER,200,270.43,29,23,3,2.55,2009-12-14 18:37:00,2011-11-23 10:09:00,6.896551724137931,0.0018493620625565212,99.09925896062155
90114,SUMMER DAISIES BAG CHARM,200,501.7,108,50,3,2.46,2010-02-02 11:40:00,2011-11-23 12:43:00,1.8518518518518519,0.0018493620625565212,99.10110832268411
22790,"MIRROR, ARCHED GEORGIAN",200,3884.0000000000005,1,1,1,19.42,2010-10-14 09:46:00,2010-10-14 09:46:00,200.0,0.0018493620625565212,99.10295768474667
23181,BULL DOG BOTTLE TOP WALL CLOCK,199,1700.31,80,34,5,8.25,2011-03-08 09:23:00,2011-12-01 12:13:00,2.4875,0.0018401152522437385,99.10479779999892
84352,SILVER CHRISTMAS TREE BAUBLE STAND,199,3386.93,120,33,7,16.95,2009-12-08 15:49:00,2011-09-21 16:15:00,1.6583333333333334,0.0018401152522437385,99.10663791525117
84977,WIRE FLOWER T-LIGHT HOLDER,199,251.33,40,31,2,1.25,2009-12-13 13:24:00,2011-03-18 11:22:00,4.975,0.0018401152522437385,99.10847803050342
23533,WALL ART GARDEN HAVEN,198,965.49,31,9,2,5.95,2011-10-03 11:01:00,2011-12-01 10:31:00,6.387096774193548,0.0018308684419309558,99.11030889894535
21367,MIRRORED WALL ART GENTS,198,264.52,58,35,1,2.55,2009-12-08 15:49:00,2011-11-29 12:09:00,3.413793103448276,0.0018308684419309558,99.11213976738728
79315W,FLYING SAUCER TABLE LIGHT IN WHITE,198,605.47,12,10,1,2.95,2009-12-18 17:06:00,2010-08-09 18:31:00,16.5,0.0018308684419309558,99.1139706358292
21478,SILVER SKULL HOT WATER BOTTLE,197,799.77,87,28,2,3.75,2010-01-19 12:15:00,2010-10-31 16:16:00,2.264367816091954,0.0018216216316181734,99.11579225746082
21338,MARAKESH LANTERN SMALL,197,861.3499999999999,12,8,1,5.95,2009-12-07 13:23:00,2010-04-13 14:27:00,16.416666666666668,0.0018216216316181734,99.11761387909245
84857C,PINK MONTE CARLO HANDBAG,197,445.03,17,13,2,1.95,2010-06-16 08:54:00,2011-07-04 15:46:00,11.588235294117647,0.0018216216316181734,99.11943550072407
23532,WALL ART WORK REST AND PLAY,196,865.44,27,9,3,4.95,2011-10-02 15:50:00,2011-11-30 15:13:00,7.2592592592592595,0.0018123748213053907,99.12124787554536
20799,PINK MILKSHAKE GLASS,196,338.13,24,14,3,2.1,2009-12-07 17:18:00,2010-06-21 13:18:00,8.166666666666666,0.0018123748213053907,99.12306025036666
D,Discount,196,397.89,5,5,1,32.29,2010-04-15 18:08:00,2010-11-30 11:57:00,39.2,0.0018123748213053907,99.12487262518796
22889,NUMBER TILE VINTAGE FONT No,195,322.99,38,25,1,4.13,2010-10-25 16:43:00,2011-11-24 09:26:00,5.131578947368421,0.001803128010992608,99.12667575319895
84798A,PINK FOXGLOVE ARTIIFCIAL FLOWER,195,432.45000000000005,10,9,2,2.55,2010-01-05 14:12:00,2011-09-28 15:18:00,19.5,0.001803128010992608,99.12847888120994
72024U,LILAC VOTIVE CANDLE,194,40.74,9,8,1,0.21,2010-01-17 11:31:00,2011-06-27 12:49:00,21.555555555555557,0.0017938812006798254,99.13027276241063
84920,PINK FLOWER FABRIC PONY,194,779.13,86,48,6,3.75,2009-12-07 18:02:00,2011-11-28 12:14:00,2.255813953488372,0.0017938812006798254,99.13206664361131
84531B,BLUE KNITTED EGG COSY,194,164.01,42,25,6,0.61,2009-12-07 18:02:00,2011-04-18 13:49:00,4.619047619047619,0.0017938812006798254,99.133860524812
21032,SPACE CADET WHITE,193,239.66,49,32,3,1.25,2009-12-13 15:17:00,2011-11-30 11:48:00,3.938775510204082,0.001784634390367043,99.13564515920235
21627,ELEPHANT CARNIVAL POUFFE,193,3736.45,114,70,5,29.17,2009-12-08 15:49:00,2011-10-24 14:47:00,1.6929824561403508,0.001784634390367043,99.13742979359272
23039,T-LIGHT HOLDER SILVER HEART HANDLE,193,388.01,27,13,2,1.95,2011-06-19 10:35:00,2011-12-01 12:39:00,7.148148148148148,0.001784634390367043,99.13921442798308
84767,ZINC POLICE BOX LANTERN,193,783.7,4,4,2,5.95,2009-12-14 11:10:00,2010-03-14 11:55:00,48.25,0.001784634390367043,99.14099906237344
84664,CHERRY BLOSSOM BATHROOM CABINET,193,955.35,51,17,1,4.95,2009-12-09 09:34:00,2010-10-24 14:49:00,3.784313725490196,0.001784634390367043,99.1427836967638
90200C,BLUE SWEETHEART BRACELET,192,814.8100000000001,91,45,3,4.24,2009-12-15 18:33:00,2011-03-22 09:23:00,2.10989010989011,0.0017753875800542603,99.14455908434385
21681,GIANT MEDINA STAMPED METAL BOWL,192,1861.6599999999999,74,37,4,9.95,2009-12-07 15:42:00,2011-02-22 15:00:00,2.5945945945945947,0.0017753875800542603,99.14633447192391
20819,SILVER TEDDY BEAR,192,556.49,58,42,8,3.75,2009-12-07 08:53:00,2011-11-30 11:17:00,3.310344827586207,0.0017753875800542603,99.14810985950396
21018,BIRD BOX CHRISTMAS TREE DECORATION,191,164.01,38,17,2,0.85,2009-12-10 15:36:00,2010-12-17 17:30:00,5.026315789473684,0.0017661407697414776,99.14987600027371
21736,GOLD SCROLL GLASS T-LIGHT HOLDER,191,385.09000000000003,26,23,2,2.1,2009-12-07 13:00:00,2011-04-06 12:08:00,7.346153846153846,0.0017661407697414776,99.15164214104345
84531A,PINK KNITTED EGG COSY,191,169.35999999999999,45,23,5,0.83,2009-12-07 18:02:00,2011-04-18 13:49:00,4.2444444444444445,0.0017661407697414776,99.1534082818132
37494A,FAIRY CAKE CERAMIC BUTTER DISH,191,659.7800000000001,47,11,2,5.91,2009-12-07 13:35:00,2010-04-01 15:04:00,4.0638297872340425,0.0017661407697414776,99.15517442258295
23495,SET OF 3 PANTRY WOODEN SPOONS,190,256.86,34,6,2,1.25,2011-10-30 11:55:00,2011-12-04 14:55:00,5.588235294117647,0.0017568939594286952,99.15693131654237
85027L,FRENCH CHATEAU LARGE PLATTER,190,538.5,40,25,7,1.95,2010-01-17 14:53:00,2011-04-19 15:02:00,4.75,0.0017568939594286952,99.1586882105018
79063D,"RETRO PILL BOX , REVOLUTIONARY",189,35.14,11,9,1,0.19,2011-02-09 13:41:00,2011-11-27 16:05:00,17.181818181818183,0.0017476471491159125,99.16043585765091
21368,MIRRORED WALL ART LADIES,189,203.04,46,34,1,0.75,2009-12-08 15:49:00,2011-11-25 11:58:00,4.108695652173913,0.0017476471491159125,99.16218350480003
35937,CERISE+GOLD CHRISTMAS STOCKING DEC,188,71.44,17,10,2,0.38,2009-12-15 17:25:00,2010-10-18 17:11:00,11.058823529411764,0.0017384003388031298,99.16392190513884
84795D,SEASIDE STRIPE HAMMOCK,188,1530.8400000000001,82,21,4,7.95,2010-01-25 15:42:00,2010-08-03 11:32:00,2.292682926829268,0.0017384003388031298,99.16566030547764
85179A,GREEN BITTY LIGHT CHAIN,188,424.76,61,24,4,2.46,2009-12-09 11:52:00,2011-12-04 13:32:00,3.081967213114754,0.0017384003388031298,99.16739870581645
20780,BLACK EAR MUFF HEADPHONES,188,1111.29,91,39,5,5.49,2009-12-07 11:35:00,2011-12-02 16:39:00,2.065934065934066,0.0017384003388031298,99.16913710615526
90214A,"LETTER ""A"" BLING KEY RING",187,204.60999999999999,100,57,1,0.85,2009-12-07 15:15:00,2011-11-30 14:00:00,1.87,0.0017291535284903472,99.17086625968375
90200E,GREEN SWEETHEART BRACELET,187,780.59,83,55,3,4.25,2009-12-08 15:49:00,2011-12-02 16:39:00,2.253012048192771,0.0017291535284903472,99.17259541321224
21000,ROSE DU SUD COSMETICS BAG,187,733.1899999999999,90,59,9,3.36,2009-12-08 16:09:00,2011-12-01 16:22:00,2.077777777777778,0.0017291535284903472,99.17432456674072
23455,SMALL PARLOUR PICTURE FRAME,187,511.63000000000005,31,8,3,2.89,2011-10-16 15:44:00,2011-12-04 12:44:00,6.032258064516129,0.0017291535284903472,99.17605372026921
72349b,SET/6 PURPLE BUTTERFLY T-LIGHTS,186,773.73,106,46,1,4.13,2009-12-22 14:48:00,2011-12-02 10:08:00,1.7547169811320755,0.0017199067181775647,99.17777362698739
84452,METAL RABBIT LADDER EASTER,186,175.95999999999998,43,22,2,0.85,2009-12-09 09:51:00,2011-10-20 09:28:00,4.325581395348837,0.0017199067181775647,99.17949353370557
85185D,FROG SOCK PUPPET,186,600.2900000000001,63,37,4,2.95,2009-12-07 17:56:00,2011-05-25 17:12:00,2.9523809523809526,0.0017199067181775647,99.18121344042375
84522,PINK PARTY SUNGLASSES,186,311.86,26,22,3,1.95,2009-12-07 13:35:00,2011-11-22 13:25:00,7.153846153846154,0.0017199067181775647,99.18293334714193
20903,VINTAGE KEEPSAKE BOX TRAVELOGUE,186,906.8,85,46,4,6.35,2009-12-08 12:34:00,2011-10-23 13:49:00,2.1882352941176473,0.0017199067181775647,99.1846532538601
84932B,SMALL PINK PEONY FOLDING STOOL,186,375.8,16,10,5,1.95,2010-01-21 14:01:00,2010-04-26 11:36:00,11.625,0.0017199067181775647,99.18637316057828
22832,BROCANTE SHELF WITH HOOKS,185,2033.15,85,40,8,10.75,2010-11-09 15:45:00,2011-11-29 14:58:00,2.176470588235294,0.001710659907864782,99.18808382048616
84802A,WHITE ANEMONE ARTIFICIAL FLOWER,185,312.65000000000003,24,20,1,1.69,2009-12-11 11:26:00,2010-12-19 14:03:00,7.708333333333333,0.001710659907864782,99.18979448039403
21839,MUMMY MOUSE RED GINGHAM RIBBON,185,998.3900000000001,76,37,2,5.45,2009-12-07 13:59:00,2011-03-27 14:28:00,2.4342105263157894,0.001710659907864782,99.1915051403019
35921,EASTER BUNNY HANGING GARLAND,183,330.32,49,24,3,1.25,2010-01-22 09:48:00,2011-04-19 16:52:00,3.7346938775510203,0.0016921662872392167,99.19319730658914
84741C,CITRUS GARLAND FELT FLOWERS,183,368.24,50,29,2,1.95,2009-12-07 13:35:00,2011-04-27 14:01:00,3.66,0.0016921662872392167,99.19488947287638
47589,CONGRATULATIONS BUNTING,183,1008.73,76,35,4,5.45,2009-12-15 08:01:00,2011-05-24 10:24:00,2.4078947368421053,0.0016921662872392167,99.19658163916363
23037,CANDLE HOLDER SILVER MADELINE,183,302.06999999999994,18,11,2,1.65,2011-06-24 12:44:00,2011-12-01 11:20:00,10.166666666666666,0.0016921662872392167,99.19827380545087
22764,"RUSTIC WOODEN CABINET, GLASS DOORS",183,3462.49,25,9,3,24.95,2010-10-12 13:19:00,2011-03-25 12:10:00,7.32,0.0016921662872392167,99.19996597173811
90062,CARNIVAL BRACELET,183,2323.11,102,47,1,12.75,2009-12-07 18:02:00,2011-04-28 16:21:00,1.7941176470588236,0.0016921662872392167,99.20165813802535
35833P,4 PINK FLOCK CHRISTMAS BALLS,182,330.32,63,28,2,1.25,2009-12-10 19:35:00,2011-11-24 15:02:00,2.888888888888889,0.0016829194769264343,99.20334105750227
85141,JARDIN ETCHED GLASS FRUITBOWL,182,1286.44,71,42,3,10.75,2009-12-15 14:10:00,2011-06-16 14:26:00,2.563380281690141,0.0016829194769264343,99.20502397697919
23140,TRIPLE WIRE HOOK IVORY HEART,182,766.1,52,25,2,4.15,2011-04-19 16:52:00,2011-11-13 14:09:00,3.5,0.0016829194769264343,99.20670689645611
75011,BLUE DAISY MOBILE,181,172.51,15,15,2,0.79,2009-12-11 15:40:00,2011-11-28 13:56:00,12.066666666666666,0.0016736726666136516,99.20838056912272
23484,HEART TRELLIS TRIPLE T-LIGHT HOLDER,181,524.19,32,10,1,2.89,2011-09-30 10:18:00,2011-12-04 16:02:00,5.65625,0.0016736726666136516,99.21005424178934
22830,UTILTY CABINET WITH HOOKS,181,3760.71,18,9,2,26.95,2010-10-22 12:26:00,2011-01-16 13:25:00,10.055555555555555,0.0016736726666136516,99.21172791445595
35838A,S/6 MULTICOLOUR ORNAMENETAL CANDLE,180,184.4,20,7,1,0.85,2009-12-07 13:48:00,2010-09-29 12:49:00,9.0,0.001664425856300869,99.21339234031225
21376,LARGE  TALL CAMPHOR WOOD TOADSTOOL,179,828.11,45,34,2,5.45,2009-12-14 17:16:00,2011-12-04 10:11:00,3.977777777777778,0.0016551790459880865,99.21504751935824
23020,GLASS  SONGBIRD STORAGE JAR,178,2166.84,74,25,12,12.5,2011-06-14 13:40:00,2011-12-04 16:02:00,2.4054054054054053,0.0016459322356753038,99.21669345159391
20934,SET/3 POT PLANT CANDLES,178,1077.9,70,37,4,5.45,2009-12-07 17:56:00,2011-11-04 14:54:00,2.5428571428571427,0.0016459322356753038,99.21833938382959
84925A,WAKE UP COCKEREL WALL THERMOMETER,178,336.73999999999995,16,13,1,2.55,2009-12-09 09:42:00,2010-03-28 14:53:00,11.125,0.0016459322356753038,99.21998531606526
84872A,TEATIME FUNKY FLOWER BACKPACK FOR 2,177,1983.54,102,34,1,11.02,2010-03-05 10:05:00,2011-07-26 13:57:00,1.7352941176470589,0.0016366854253625212,99.22162200149063
71510,SQUARE METAL CANDLEHOLDER BASE,177,112.05,17,15,1,0.85,2009-12-17 16:38:00,2011-11-24 19:59:00,10.411764705882353,0.0016366854253625212,99.223258686916
71215,METAL BASE FOR CANDLES,177,68.1,12,11,1,0.42,2009-12-09 10:41:00,2011-05-26 16:30:00,14.75,0.0016366854253625212,99.22489537234136
47579,TEA TIME BREAKFAST BASKET,176,397.57000000000005,52,32,2,2.1,2009-12-07 18:02:00,2010-12-05 13:00:00,3.3846153846153846,0.0016274386150497385,99.22652281095641
16244A,MAXWELL 2 TONE PINK 60 PAGE PHOTO A,176,436.51,24,11,1,4.21,2009-12-07 17:56:00,2010-03-15 15:58:00,7.333333333333333,0.0016274386150497385,99.22815024957146
23425,STORAGE TIN HOME SWEET HOME,176,497.36,44,14,5,2.49,2011-09-04 16:09:00,2011-12-04 14:55:00,4.0,0.0016274386150497385,99.2297776881865
85114c,RED ENCHANTED FOREST PLACEMAT,176,582.75,39,31,1,3.29,2009-12-22 15:05:00,2011-11-30 14:11:00,4.512820512820513,0.0016274386150497385,99.23140512680155
71403,"PINK/WHITE ""KEEP CLEAN"" BULLET BIN",175,650.0100000000001,68,46,4,5.79,2009-12-09 15:20:00,2011-11-16 12:25:00,2.573529411764706,0.001618191804736956,99.23302331860629
21633,SUNFLOWER DECORATIVE PARASOL,174,1637.07,71,42,3,12.75,2009-12-09 09:51:00,2011-11-21 10:27:00,2.4507042253521125,0.0016089449944241734,99.23463226360072
22769,CHALKBOARD KITCHEN ORGANISER,174,3656.86,45,12,3,24.95,2010-10-10 11:58:00,2011-01-04 13:25:00,3.8666666666666667,0.0016089449944241734,99.23624120859515
85167A,WHITE GRAND BAROQUE PHOTO FRAME,174,388.3,13,6,1,4.25,2009-12-10 20:16:00,2010-03-31 12:52:00,13.384615384615385,0.0016089449944241734,99.23785015358958
72140F,HAPPY ANNIVERSARY CANDLE LETTERS,174,68.76,13,11,7,0.42,2010-03-26 14:16:00,2010-11-24 14:39:00,13.384615384615385,0.0016089449944241734,99.239459098584
15056n,EDWARDIAN PARASOL NATURAL,173,2170.4,116,52,1,12.46,2010-06-08 15:24:00,2011-11-30 14:11:00,1.4913793103448276,0.0015996981841113907,99.24105879676812
17090A,LAVENDER INCENSE 40 CONES IN TIN,173,182.65,26,24,2,1.25,2009-12-10 20:04:00,2011-11-24 10:24:00,6.653846153846154,0.0015996981841113907,99.24265849495222
85095,THREE CANVAS LUGGAGE TAGS,173,254.96,48,21,4,1.28,2010-08-19 13:32:00,2011-12-01 16:22:00,3.6041666666666665,0.0015996981841113907,99.24425819313633
84997a,CHILDRENS CUTLERY POLKADOT GREEN,173,1440.33,78,44,1,8.29,2010-04-26 13:27:00,2011-11-30 14:46:00,2.217948717948718,0.0015996981841113907,99.24585789132044
23036,T-LIGHT HOLDER SILVER PETIT FOUR,172,217.42000000000002,15,12,1,1.25,2011-06-22 11:59:00,2011-11-30 16:21:00,11.466666666666667,0.0015904513737986083,99.24744834269424
84592,CROCHET ROSE PURSE WITH SUEDE BACK,172,533.45,46,37,4,2.95,2009-12-14 17:57:00,2011-11-30 14:41:00,3.739130434782609,0.0015904513737986083,99.24903879406804
21274,EMBOSSED HEART 3 DRAWER SHELF,172,2382.44,102,42,4,12.75,2009-12-07 13:23:00,2010-11-05 11:58:00,1.6862745098039216,0.0015904513737986083,99.25062924544184
84709B,PINK OVAL JEWELLED MIRROR,171,984.73,84,47,4,5.95,2009-12-09 09:42:00,2011-06-26 13:45:00,2.0357142857142856,0.0015812045634858256,99.25221045000532
85033G,SET/6 GOLD REINDEER T-LIGHT CANDLES,171,218.75,22,5,1,1.95,2009-12-07 11:05:00,2010-09-21 12:37:00,7.7727272727272725,0.0015812045634858256,99.2537916545688
35610B,BLACK CHRISTMAS FLOCK DROPLET,171,134.07,12,10,1,1.25,2009-12-10 18:27:00,2010-12-13 09:52:00,14.25,0.0015812045634858256,99.25537285913228
37479P,CUBIC MUG FLOCK PINK ON BROWN,170,160.08,34,27,4,0.39,2010-06-11 15:03:00,2011-11-08 12:25:00,5.0,0.001571957753173043,99.25694481688545
90209A,PURPLE ENAMEL+GLASS HAIR COMB,170,319.2,9,9,3,2.1,2010-01-28 17:35:00,2011-11-04 11:43:00,18.88888888888889,0.001571957753173043,99.25851677463862
23317,BLUE REFECTORY CLOCK,170,1737.6,79,24,7,9.95,2011-06-26 13:46:00,2011-12-02 12:03:00,2.151898734177215,0.001571957753173043,99.2600887323918
21629,SQUARE FLOOR CUSHION VINTAGE RED,170,1897.19,100,60,1,15.79,2009-12-07 17:56:00,2011-12-01 19:42:00,1.7,0.001571957753173043,99.26166069014496
23337,EGG FRYING PAN MINT,169,361.77,64,23,3,2.08,2011-06-13 16:33:00,2011-11-30 13:05:00,2.640625,0.0015627109428602603,99.26322340108783
16256C,HEARTS PENCIL/RUBBER+5 MINI PENCILS,169,70.98,10,10,1,0.42,2009-12-13 15:17:00,2010-05-23 13:16:00,16.9,0.0015627109428602603,99.26478611203069
23413,VINTAGE COFFEE GRINDER BOX,169,883.6700000000001,56,13,4,4.95,2011-09-07 16:00:00,2011-12-04 11:00:00,3.017857142857143,0.0015627109428602603,99.26634882297355
35815P,"ACRYLIC JEWEL SNOWFLAKE, PINK",168,75.88000000000001,7,6,2,0.38,2010-10-18 16:52:00,2011-09-26 10:57:00,24.0,0.0015534641325474778,99.2679022871061
84508B,STRIPES DESIGN TEDDY,168,451.21,73,55,3,2.55,2009-12-13 09:58:00,2011-11-27 16:27:00,2.3013698630136985,0.0015534641325474778,99.26945575123864
21418,STARFISH SOAP DISH,168,502.73999999999995,61,48,2,2.55,2009-12-07 18:02:00,2011-10-24 17:09:00,2.7540983606557377,0.0015534641325474778,99.27100921537118
84562A,PINK/WHITE RIBBED MELAMINE JUG,167,1362.3600000000001,77,41,7,7.95,2009-12-11 12:17:00,2011-02-20 13:18:00,2.168831168831169,0.0015442173222346952,99.27255343269341
85136C,RED SHARK HELICOPTER,167,1356.29,117,46,3,7.95,2009-12-07 11:05:00,2011-12-04 15:16:00,1.4273504273504274,0.0015442173222346952,99.27409765001565
22869,NUMBER TILE COTTAGE GARDEN 1,167,393.63,57,38,3,4.13,2010-10-17 13:46:00,2011-11-29 15:39:00,2.9298245614035086,0.0015442173222346952,99.27564186733788
90086,CRYSTAL FROG PHONE CHARM,167,172.04,44,33,1,1.63,2010-03-03 11:40:00,2011-12-02 16:14:00,3.7954545454545454,0.0015442173222346952,99.27718608466012
21196,ROUND WHITE CONFETTI IN TUBE,166,287.09,21,20,6,1.65,2010-02-08 16:48:00,2011-10-24 13:37:00,7.904761904761905,0.0015349705119219125,99.27872105517204
21038,SET/4 MODERN VINTAGE COTTON NAPKINS,166,355.48,52,33,3,2.95,2009-12-16 17:01:00,2011-05-04 13:52:00,3.1923076923076925,0.0015349705119219125,99.28025602568397
20997,ROSE DU SUD CUSHION COVER,166,780.22,80,42,6,4.21,2009-12-08 16:09:00,2011-12-02 16:39:00,2.075,0.0015349705119219125,99.2817909961959
85128,PLANTPOT SINGLE HOOK PISTACHIO,166,185.52,3,3,1,1.69,2009-12-07 17:56:00,2010-01-12 15:57:00,55.333333333333336,0.0015349705119219125,99.28332596670782
23520,EMBROIDERED RIBBON REEL RUBY,166,596.8,31,10,5,3.75,2011-09-22 12:23:00,2011-12-01 16:05:00,5.354838709677419,0.0015349705119219125,99.28486093721975
84773,RED ROSE AND LACE C/COVER,166,489.70000000000005,46,28,3,2.95,2009-12-09 09:56:00,2010-12-05 14:25:00,3.608695652173913,0.0015349705119219125,99.28639590773167
20694,FLORAL PINK MONSTER,165,614.55,53,36,5,3.75,2009-12-15 18:33:00,2011-11-22 15:41:00,3.1132075471698113,0.0015257237016091298,99.28792163143328
23420,PANTRY HOOK TEA STRAINER,164,351.37,32,11,3,2.08,2011-09-15 12:46:00,2011-12-04 12:44:00,5.125,0.0015164768912963474,99.28943810832457
23454,THREE MINI HANGING FRAMES,164,691.7,48,7,2,4.15,2011-10-21 13:13:00,2011-12-04 12:17:00,3.4166666666666665,0.0015164768912963474,99.29095458521587
23544,WALL ART MID CENTURY MODERN,163,1011.8299999999999,19,7,1,8.25,2011-10-03 13:49:00,2011-12-02 15:11:00,8.578947368421053,0.0015072300809835647,99.29246181529686
21344,MOROCCAN BEATEN METAL DISH,163,719.97,24,21,4,9.95,2009-12-16 09:37:00,2011-12-04 14:01:00,6.791666666666667,0.0015072300809835647,99.29396904537785
37462B,"PET MUG, BUDGIE",163,81.26,28,20,1,0.84,2009-12-08 15:49:00,2010-10-12 15:20:00,5.821428571428571,0.0015072300809835647,99.29547627545884
90200B,BLACK SWEETHEART BRACELET,162,686.22,77,53,2,4.25,2009-12-07 17:56:00,2011-12-02 16:39:00,2.103896103896104,0.001497983270670782,99.2969742587295
85096,HILDA CANDY SPOT RABBIT,162,669.42,64,43,3,3.75,2010-01-07 11:52:00,2011-11-23 12:20:00,2.53125,0.001497983270670782,99.29847224200017
82585,SWEET VALENCIA CANDLE+CUP,161,228.19,44,11,1,1.25,2009-12-07 12:08:00,2010-03-02 17:13:00,3.659090909090909,0.0014887364603579996,99.29996097846053
21628,TRIANGULAR POUFFE VINTAGE,161,3124.95,84,53,5,29.17,2009-12-08 12:48:00,2011-11-16 15:23:00,1.9166666666666667,0.0014887364603579996,99.30144971492089
20814,SILVER FINCH DECORATION,161,173.89000000000001,8,5,1,1.25,2009-12-10 07:43:00,2010-02-24 13:15:00,20.125,0.0014887364603579996,99.30293845138125
21480,PINK STRIPE HOT WATER BOTTLE,160,517.36,35,3,1,2.95,2009-12-07 12:25:00,2009-12-22 15:13:00,4.571428571428571,0.001479489650045217,99.3044179410313
23421,PANTRY HOOK SPATULA,160,349.2,33,13,4,2.08,2011-09-08 13:38:00,2011-12-04 12:44:00,4.848484848484849,0.001479489650045217,99.30589743068136
84877D,BLUE ROUND COMPACT MIRROR,160,371.84999999999997,43,34,3,3.36,2009-12-09 09:42:00,2011-09-25 16:05:00,3.7209302325581395,0.001479489650045217,99.30737692033141
16020C,CLEAR STATIONERY BOX SET,160,134.5,39,24,1,0.85,2009-12-07 13:24:00,2011-07-05 17:09:00,4.102564102564102,0.001479489650045217,99.30885640998146
21299,EDWARDIAN TOILET ROLL UNIT,159,863.8100000000001,28,13,2,8.35,2009-12-10 09:44:00,2010-03-12 10:40:00,5.678571428571429,0.0014702428397324343,99.31032665282119
35911B,PINK/FLOWER RABBIT EGG WARMER,159,184.76000000000002,24,14,2,2.1,2009-12-11 16:11:00,2011-03-22 09:27:00,6.625,0.0014702428397324343,99.31179689566092
47503H,ASS FLORAL PRINT SPIRIT LEVEL,159,245.32999999999998,59,38,1,1.95,2009-12-08 13:59:00,2011-11-22 14:04:00,2.694915254237288,0.0014702428397324343,99.31326713850065
23070,EDWARDIAN HEART PHOTO FRAME,159,701.25,43,24,2,4.15,2011-05-04 14:11:00,2011-12-04 13:00:00,3.697674418604651,0.0014702428397324343,99.31473738134038
84898F,YELLOW FLOWERS FELT HANDBAG KIT,159,340.15000000000003,50,30,4,2.1,2010-02-02 15:22:00,2011-03-24 16:45:00,3.18,0.0014702428397324343,99.31620762418011
20837,FRENCH FLORAL CUSHION COVER,159,170.37,17,13,3,0.83,2010-03-02 15:28:00,2011-11-20 11:06:00,9.352941176470589,0.0014702428397324343,99.31767786701984
47591A,CAROUSEL DES CHILD'S APRON,159,262.94,67,32,4,1.65,2009-12-08 13:08:00,2010-08-24 14:59:00,2.373134328358209,0.0014702428397324343,99.31914810985957
21630,FLOOR CUSHION ELEPHANT CARNIVAL,158,1927.45,92,57,5,13.62,2009-12-07 17:56:00,2011-11-27 12:01:00,1.7173913043478262,0.0014609960294196516,99.32060910588899
23456,MEDIUM PARLOUR PICTURE FRAME,158,634.1,36,8,2,4.15,2011-10-16 12:25:00,2011-12-04 12:44:00,4.388888888888889,0.0014609960294196516,99.32207010191841
84661A,WHITE SQUARE TABLE CLOCK,158,250.09,37,29,4,2.55,2009-12-07 12:42:00,2011-11-20 14:04:00,4.27027027027027,0.0014609960294196516,99.32353109794784
84029C,BROWN FURRY HOT WATER BOTTLE,157,577.85,35,4,1,3.75,2009-12-07 13:48:00,2010-01-05 09:29:00,4.485714285714286,0.0014517492191068692,99.32498284716694
21473,SWEETHEART CREAM STEEL TABLE RECT,157,3212.16,90,45,3,19.95,2009-12-13 10:48:00,2011-11-20 15:35:00,1.7444444444444445,0.0014517492191068692,99.32643459638604
23339,EGG FRYING PAN BLUE,157,351.16,68,21,4,2.08,2011-06-13 16:33:00,2011-11-30 14:17:00,2.3088235294117645,0.0014517492191068692,99.32788634560514
22395,PAPERWEIGHT VINTAGE PAISLEY,155,382.95,46,32,4,2.55,2010-04-13 11:04:00,2011-12-01 16:22:00,3.369565217391304,0.0014332555984813038,99.32931960120362
90161C,ANT COPPER LIME BOUDICCA BRACELET,155,774.0500000000001,93,59,2,4.98,2009-12-07 17:56:00,2011-12-02 16:14:00,1.6666666666666667,0.0014332555984813038,99.3307528568021
79030A,"TUMBLER, ENGLISH ROSE",155,366.45,29,11,6,1.65,2009-12-07 13:35:00,2010-07-29 10:43:00,5.344827586206897,0.0014332555984813038,99.33218611240059
90214S,"LETTER ""S"" BLING KEY RING",155,169.09,79,47,2,0.85,2009-12-07 12:32:00,2011-11-14 09:00:00,1.9620253164556962,0.0014332555984813038,99.33361936799908
22870,NUMBER TILE COTTAGE GARDEN 2,155,367.96999999999997,46,33,3,4.13,2010-10-18 09:36:00,2011-11-29 15:08:00,3.369565217391304,0.0014332555984813038,99.33505262359756
21893,POTTING SHED SEED TIN,154,502.5,13,8,2,4.25,2009-12-07 18:02:00,2010-02-15 14:15:00,11.846153846153847,0.0014240087881685212,99.33647663238573
84360,TABLE LAMP WHITE SHADE WOOD BASE,153,833.39,37,32,1,5.95,2009-12-15 17:56:00,2011-11-25 09:27:00,4.135135135135135,0.0014147619778557387,99.33789139436358
90090,PINK CRYSTAL HEART PHONE CHARM,153,134.22,19,12,1,0.85,2009-12-07 17:56:00,2010-11-25 13:32:00,8.052631578947368,0.0014147619778557387,99.33930615634144
21372,MIRRORED WALL ART TABLE LAMP,153,248.89000000000001,47,34,4,1.655,2009-12-14 13:30:00,2011-11-28 15:54:00,3.25531914893617,0.0014147619778557387,99.34072091831929
72801F,S/4 FESTIVE RED DINNER CANDLES,152,190.0,16,5,1,1.25,2009-12-08 08:48:00,2010-01-28 12:59:00,9.5,0.001405515167542956,99.34212643348684
90201B,BLACK ENAMEL FLOWER RING,152,448.38000000000005,52,44,4,2.96,2009-12-09 09:51:00,2011-12-04 13:45:00,2.923076923076923,0.001405515167542956,99.34353194865439
84625B,BLCK NEW BAROQUE CANDLESTICK CANDLE,152,246.8,14,10,3,2.95,2009-12-07 13:59:00,2010-03-24 11:56:00,10.857142857142858,0.001405515167542956,99.34493746382194
23094,LE GRAND TRAY CHIC SET,152,1924.92,79,29,8,12.5,2011-05-11 09:55:00,2011-11-28 15:31:00,1.9240506329113924,0.001405515167542956,99.34634297898948
21551,CERAMIC BIRDHOUSE BUTTERFLY LARGE,152,716.75,16,6,1,5.95,2009-12-07 12:08:00,2010-01-29 17:25:00,9.5,0.001405515167542956,99.34774849415703
46775D,SUNSET COLOUR CHUNKY KNITTED THROW,152,1921.24,94,55,5,11.02,2009-12-13 13:31:00,2011-12-02 11:12:00,1.6170212765957446,0.001405515167542956,99.34915400932458
35594,WOODEN CHRISTMAS TREE 3 HANGING,151,94.62,36,24,1,0.42,2009-12-07 17:56:00,2010-10-29 15:00:00,4.194444444444445,0.0013962683572301734,99.3505502776818
16050,TEATIME PENCIL WITH RUBBER,151,46.45,8,7,1,0.4,2010-02-16 17:24:00,2010-04-19 11:13:00,18.875,0.0013962683572301734,99.35194654603903
20783,HEART EAR MUFF HEADPHONES,151,951.46,47,21,3,5.49,2009-12-07 11:35:00,2010-08-16 15:36:00,3.2127659574468086,0.0013962683572301734,99.35334281439626
72754B,F FAIRY POTPOURRI CUSHIONS LAVENDER,151,105.43,5,3,2,0.65,2009-12-10 15:33:00,2010-01-08 14:12:00,30.2,0.0013962683572301734,99.35473908275348
90129A,PINK GLASS TASSLE BAG CHARM,151,295.38,73,43,2,1.66,2009-12-14 14:33:00,2011-10-03 16:04:00,2.0684931506849313,0.0013962683572301734,99.35613535111071
47559b,TEA TIME OVEN GLOVE,151,501.59,42,33,1,3.36,2010-02-19 10:55:00,2011-05-27 15:17:00,3.5952380952380953,0.0013962683572301734,99.35753161946793
51012C,"FEATHER DUSTER, COAL BLACK",151,188.75,22,7,1,1.25,2009-12-09 14:48:00,2010-02-26 11:38:00,6.863636363636363,0.0013962683572301734,99.35892788782516
85135C,RED DRAGONFLY HELICOPTER,150,1219.72,102,46,2,7.95,2009-12-07 08:53:00,2011-12-02 12:24:00,1.4705882352941178,0.001387021546917391,99.36031490937208
35821B,"JEWELLED DECORATION,BLUE",150,57.0,3,3,1,0.38,2009-12-10 08:29:00,2010-04-08 16:49:00,50.0,0.001387021546917391,99.361701930919
16169D,WRAP WINTER FOREST,150,63.0,5,1,1,0.42,2009-12-07 15:02:00,2009-12-13 12:04:00,30.0,0.001387021546917391,99.36308895246592
84509E,SET OF 4 CAROUSEL PLACEMATS,149,313.88,31,24,2,3.36,2010-01-11 09:37:00,2011-12-04 15:19:00,4.806451612903226,0.0013777747366046083,99.36446672720253
23540,WALL ART THE MAGIC FOREST,149,944.51,13,7,2,6.95,2011-10-03 14:34:00,2011-11-30 17:37:00,11.461538461538462,0.0013777747366046083,99.36584450193914
84744,S/6 SEW ON CROCHET FLOWERS,149,188.77,31,25,5,1.25,2009-12-07 15:15:00,2011-11-15 17:26:00,4.806451612903226,0.0013777747366046083,99.36722227667575
20753,RETRO PINK SPOT WASHING UP GLOVES,148,353.20000000000005,39,6,3,2.1,2009-12-07 18:02:00,2010-01-18 12:36:00,3.7948717948717947,0.0013685279262918256,99.36859080460204
90208,PAIR OF PINK FLOWER CLUSTER SLIDE,148,359.22,60,42,3,2.54,2009-12-07 18:02:00,2011-11-30 15:13:00,2.466666666666667,0.0013685279262918256,99.36995933252832
84952A,CLEAR LOVE BIRD T-LIGHT HOLDER,147,388.78,38,21,2,2.51,2009-12-11 14:39:00,2011-11-14 15:27:00,3.8684210526315788,0.001359281115979043,99.3713186136443
82081,PINK HEARTS PHOTO ALBUM,147,379.77,20,9,1,7.62,2009-12-08 09:35:00,2010-02-24 10:18:00,7.35,0.001359281115979043,99.37267789476029
20696,FLORAL SOFT CAR TOY,147,602.9399999999999,59,41,7,3.75,2009-12-09 10:46:00,2011-11-11 13:06:00,2.4915254237288136,0.001359281115979043,99.37403717587627
84984D,ORIENTAL RED C/COVER,147,353.91,20,16,3,4.65,2009-12-09 09:42:00,2011-11-08 11:03:00,7.35,0.001359281115979043,99.37539645699225
90200A,PURPLE SWEETHEART BRACELET,146,618.2,87,51,2,4.25,2009-12-10 09:49:00,2011-12-02 16:39:00,1.6781609195402298,0.0013500343056662605,99.37674649129791
21554,CERAMIC BIRDHOUSE RED ROOF LARGE,146,641.75,16,5,2,5.95,2009-12-07 12:08:00,2010-01-21 14:30:00,9.125,0.0013500343056662605,99.37809652560357
23115,RED APPLES CHOPPING BOARD,146,728.94,41,10,5,4.95,2011-09-30 13:54:00,2011-12-04 16:07:00,3.5609756097560976,0.0013500343056662605,99.37944655990923
85195,HANGING HEART BASKET,145,265.14,16,14,3,2.1,2009-12-18 10:59:00,2011-03-16 15:45:00,9.0625,0.0013407874953534778,99.38078734740458
84510E,SET OF 4 GREEN CAROUSEL COASTERS,145,117.14,27,23,1,2.46,2010-01-11 09:37:00,2011-12-04 15:19:00,5.37037037037037,0.0013407874953534778,99.38212813489993
90170,DAISY HAIR BAND,145,241.32999999999998,68,43,4,1.67,2009-12-07 18:02:00,2011-12-02 16:39:00,2.1323529411764706,0.0013407874953534778,99.38346892239528
90085,CRYSTAL STILETTO PHONE CHARM,145,134.43,26,19,1,0.85,2009-12-07 18:02:00,2011-12-02 16:14:00,5.576923076923077,0.0013407874953534778,99.38480970989063
85135B,BLUE DRAGONFLY HELICOPTER,145,1175.31,109,41,2,7.95,2009-12-07 15:56:00,2011-11-17 13:16:00,1.3302752293577982,0.0013407874953534778,99.38615049738598
85126,LARGE ROUND CUTGLASS CANDLESTICK,144,988.16,32,28,3,6.75,2009-12-13 13:27:00,2010-12-21 15:19:00,4.5,0.0013315406850406952,99.38748203807103
79308B,MOSAIC CANDLE DISH BLUE PURPLE,144,122.39999999999999,2,2,1,0.85,2010-06-02 14:48:00,2010-06-29 15:17:00,72.0,0.0013315406850406952,99.38881357875607
37483,ENGLISH ROSE MUG IN GIFT BOX,143,232.89,10,5,1,2.55,2010-05-16 11:24:00,2010-06-08 11:51:00,14.3,0.0013222938747279127,99.3901358726308
90087,CRYSTAL SEA HORSE PHONE CHARM,143,154.28,49,36,2,1.63,2009-12-07 18:02:00,2011-11-28 15:54:00,2.9183673469387754,0.0013222938747279127,99.39145816650552
37399,"ASS RETROSPOOF MUGS,SPORTS",143,75.0,6,3,1,1.25,2009-12-13 15:55:00,2009-12-22 12:01:00,23.833333333333332,0.0013222938747279127,99.39278046038024
35610A,PINK CHRISTMAS FLOCK DROPLET,143,105.43,12,10,2,1.25,2009-12-07 17:56:00,2010-12-15 12:01:00,11.916666666666666,0.0013222938747279127,99.39410275425496
23073,GEORGIAN TRINKET BOX,143,1706.5,61,25,4,12.5,2011-04-19 08:17:00,2011-12-01 19:42:00,2.3442622950819674,0.0013222938747279127,99.39542504812968
35916C,PINK FELT HANGING HEART W FLOWER,143,153.95,40,29,2,1.63,2009-12-14 17:16:00,2011-10-18 17:00:00,3.575,0.0013222938747279127,99.3967473420044
21552,CERAMIC BIRDHOUSE BLACK ROSE  LARGE,143,712.7,30,9,2,5.95,2009-12-07 12:08:00,2010-06-03 11:35:00,4.766666666666667,0.0013222938747279127,99.39806963587912
21476,STEEL SWEETHEART ROUND TABLE CREAM,142,2219.5099999999998,85,41,4,14.95,2010-01-19 10:01:00,2011-10-19 13:58:00,1.6705882352941177,0.00131304706441513,99.39938268294354
90129B,TURQUOISE GLASS TASSLE BAG CHARM,142,318.15000000000003,60,40,2,1.66,2009-12-10 16:21:00,2011-11-22 15:43:00,2.3666666666666667,0.00131304706441513,99.40069573000795
47013C,WINE BOTTLE DRESSING DARK BLUE,142,39.06999999999999,26,22,1,0.29,2009-12-16 14:59:00,2011-06-20 17:14:00,5.461538461538462,0.00131304706441513,99.40200877707237
79071B,ENGLISH ROSE METAL WASTE BIN,142,433.70000000000005,66,38,2,2.95,2010-02-01 13:25:00,2011-06-13 13:44:00,2.1515151515151514,0.00131304706441513,99.40332182413678
20782,CAMOUFLAGE EAR MUFF HEADPHONES,142,883.37,75,34,4,5.49,2009-12-07 11:35:00,2011-12-01 13:08:00,1.8933333333333333,0.00131304706441513,99.4046348712012
47013A,WINE BOTTLE DRESSING LT.BLUE,141,39.87,25,20,1,0.29,2009-12-16 14:59:00,2011-04-19 14:23:00,5.64,0.0013038002541023474,99.4059386714553
22503,CABIN BAG VINTAGE PAISLEY,141,3178.02,54,36,10,29.95,2010-04-30 15:57:00,2011-11-27 11:22:00,2.611111111111111,0.0013038002541023474,99.40724247170941
35817B,"ACRYLIC JEWEL SNOWFLAKE,BLUE",141,53.58,1,1,1,0.38,2010-05-14 12:00:00,2010-05-14 12:00:00,141.0,0.0013038002541023474,99.40854627196352
23414,ZINC BOX SIGN HOME,141,1378.75,64,14,5,9.95,2011-09-04 16:09:00,2011-11-30 17:37:00,2.203125,0.0013038002541023474,99.40985007221762
23150,IVORY SWEETHEART SOAP DISH,141,370.85,47,24,5,2.49,2011-04-21 10:19:00,2011-12-02 15:48:00,3.0,0.0013038002541023474,99.41115387247173
21001,ROSE DU SUD WASHBAG,140,713.67,89,56,7,4.21,2009-12-16 12:17:00,2011-11-30 15:13:00,1.5730337078651686,0.0012945534437895647,99.41244842591551
16207A,PINK STRAWBERRY HANDBAG,140,414.68,74,38,2,2.95,2009-12-17 15:27:00,2011-11-06 16:14:00,1.8918918918918919,0.0012945534437895647,99.4137429793593
84708B,PINK JEWELLED PHOTO FRAME,140,722.89,51,40,4,4.95,2009-12-08 15:00:00,2011-12-01 13:47:00,2.7450980392156863,0.0012945534437895647,99.41503753280308
20855,PINK PATCH PURSE BLUE HEART,140,230.99999999999997,45,25,3,1.65,2009-12-09 14:25:00,2010-09-15 11:22:00,3.111111111111111,0.0012945534437895647,99.41633208624687
84450B,PINK/YELLOW RABBIT SAT EASTER,139,84.55,35,12,3,0.81,2009-12-10 09:49:00,2010-04-01 15:04:00,3.9714285714285715,0.0012853066334767823,99.41761739288035
84609,TALL ROCOCO CANDLE HOLDER,139,1255.24,37,31,2,8.5,2009-12-16 11:57:00,2011-11-29 11:50:00,3.7567567567567566,0.0012853066334767823,99.41890269951382
35816B,"ACRYLIC JEWEL ANGEL,BLUE",139,58.07,3,3,1,1.25,2009-12-16 11:57:00,2010-05-14 12:00:00,46.333333333333336,0.0012853066334767823,99.4201880061473
84563A,PINK & WHITE BREAKFAST TRAY,139,685.15,62,34,7,5.95,2009-12-07 17:56:00,2011-05-17 10:57:00,2.2419354838709675,0.0012853066334767823,99.42147331278078
90214L,"LETTER ""L"" BLING KEY RING",138,153.12,65,45,2,0.85,2009-12-07 12:32:00,2011-10-24 17:03:00,2.123076923076923,0.0012760598231639996,99.42274937260395
85190,PINK FLOWER HANGING HEART,138,122.46,17,6,1,0.85,2009-12-14 17:57:00,2010-03-17 16:33:00,8.117647058823529,0.0012760598231639996,99.42402543242711
72753A,S/3 FLWR FAIRY LILLY CANDLES,138,312.86,10,5,3,2.1,2009-12-07 13:48:00,2010-01-27 12:39:00,13.8,0.0012760598231639996,99.42530149225028
23114,VINTAGE LEAF CHOPPING BOARD,138,683.5,43,10,9,4.95,2011-09-30 13:54:00,2011-11-29 16:47:00,3.2093023255813953,0.0012760598231639996,99.42657755207345
37333,"RETRO ""TEA FOR ONE""",138,764.14,56,36,2,4.95,2009-12-16 10:16:00,2011-05-03 12:13:00,2.4642857142857144,0.0012760598231639996,99.42785361189662
90214C,"LETTER ""C"" BLING KEY RING",138,153.74,64,41,2,1.05,2009-12-09 15:03:00,2011-12-01 16:22:00,2.15625,0.0012760598231639996,99.42912967171979
90098,NECKLACE+BRACELET PINK BUTTERFLY,137,301.28,55,29,3,2.55,2009-12-18 17:06:00,2011-11-25 11:20:00,2.4909090909090907,0.001266813012851217,99.43039648473264
84706A,ENGLISH ROSE TABLE CLOCK,137,325.88,7,5,3,8.95,2009-12-17 09:09:00,2010-02-28 11:36:00,19.571428571428573,0.001266813012851217,99.43166329774549
84219,BOX/12 MOTHER & CHICK IN BASKET/BOW,137,303.86,28,9,3,2.55,2010-01-31 11:01:00,2010-03-28 10:13:00,4.892857142857143,0.001266813012851217,99.43293011075833
72753D,S/3 FLWR FAIRY SUMMER CANDLES,136,285.6,8,4,2,2.1,2009-12-07 13:48:00,2010-01-17 11:55:00,17.0,0.0012575662025384343,99.43418767696087
20695,FLORAL BLUE MONSTER,136,565.88,57,29,4,4.25,2009-12-07 17:56:00,2011-11-17 15:08:00,2.3859649122807016,0.0012575662025384343,99.43544524316341
90161B,ANT COPPER TURQ BOUDICCA BRACELET,136,679.37,70,49,2,4.98,2009-12-09 09:42:00,2011-11-30 15:13:00,1.9428571428571428,0.0012575662025384343,99.43670280936595
90214J,"LETTER ""J"" BLING KEY RING",136,147.16,81,48,1,0.85,2009-12-10 14:13:00,2011-11-14 09:00:00,1.6790123456790123,0.0012575662025384343,99.4379603755685
85164B,BLACK BAROQUE CUCKOO CLOCK,136,1760.8899999999999,61,28,3,12.75,2009-12-07 13:06:00,2010-09-29 13:17:00,2.2295081967213113,0.0012575662025384343,99.43921794177103
21758,VINTAGE SHELLS PRINT,135,1069.76,79,54,2,6.45,2009-12-10 20:16:00,2011-12-01 16:22:00,1.7088607594936709,0.0012483193922256518,99.44046626116327
46776D,WOVEN SUNSET CUSHION COVER,135,582.91,70,40,2,4.21,2010-01-11 09:33:00,2011-11-30 15:13:00,1.9285714285714286,0.0012483193922256518,99.4417145805555
84770,ROUND GEORGIAN SILVER MIRROR,135,419.25000000000006,16,6,1,2.95,2010-02-28 13:55:00,2010-04-08 17:44:00,8.4375,0.0012483193922256518,99.44296289994773
84805A,CREAM CLIMBING HYDRANGA ART FLOWER,135,197.85,7,7,2,3.75,2010-03-02 10:49:00,2011-12-02 13:54:00,19.285714285714285,0.0012483193922256518,99.44421121933996
90198A,VINTAGE ROSE BEAD BRACELET RASPBERR,135,572.08,79,52,2,4.24,2009-12-14 17:16:00,2011-12-02 16:39:00,1.7088607594936709,0.0012483193922256518,99.4454595387322
79191D,RETRO PLASTIC DAISY TRAY,135,139.69,53,38,1,0.85,2009-12-07 15:15:00,2011-12-02 16:39:00,2.547169811320755,0.0012483193922256518,99.44670785812443
22872,NUMBER TILE COTTAGE GARDEN 4,134,303.03999999999996,37,27,3,4.13,2010-10-18 09:36:00,2011-11-29 15:08:00,3.6216216216216215,0.0012390725819128692,99.44794693070634
90120D,WHITE MURANO TWIST BRACELET,134,554.13,40,28,1,4.25,2009-12-07 18:02:00,2011-02-09 13:37:00,3.35,0.0012390725819128692,99.44918600328825
20795,LARGE BLUE PROVENCAL CERAMIC BALL,134,304.57,28,24,3,2.1,2009-12-09 13:00:00,2011-12-02 13:17:00,4.785714285714286,0.0012390725819128692,99.45042507587016
20672,PINK TEATIME PRINT BOWL,134,190.72,34,10,2,1.25,2009-12-07 15:02:00,2010-03-05 14:42:00,3.9411764705882355,0.0012390725819128692,99.45166414845207
84933C,LARGE BLUE ORIENTAL FOLDING STOOL,133,287.15,5,4,1,2.1,2009-12-13 13:09:00,2010-01-22 13:41:00,26.6,0.0012298257716000865,99.45289397422367
17178,FLAT PALM T-LIGHT HOLDER,133,156.65,24,16,1,1.25,2009-12-08 12:54:00,2010-09-16 14:08:00,5.541666666666667,0.0012298257716000865,99.45412379999527
47598,NEW ENGLAND EGG WARMER,133,83.37,28,16,2,0.55,2009-12-07 15:42:00,2010-06-25 15:13:00,4.75,0.0012298257716000865,99.45535362576688
84725,FREESTYLE CANVAS ART PICTURE,133,212.24999999999997,28,21,1,1.65,2009-12-17 15:44:00,2011-09-22 17:19:00,4.75,0.0012298257716000865,99.45658345153848
84924A,WAKE UP COCKEREL CALENDAR SIGN,132,567.25,61,38,3,3.75,2009-12-08 12:33:00,2011-12-02 13:49:00,2.1639344262295084,0.001220578961287304,99.45780403049976
90030B,RED KUKUI COCONUT SEED NECKLACE,132,280.26,34,28,5,5.94,2009-12-09 09:51:00,2011-12-02 13:54:00,3.8823529411764706,0.001220578961287304,99.45902460946104
90201D,GREEN ENAMEL FLOWER RING,132,388.47,56,42,3,2.95,2009-12-18 17:06:00,2011-11-28 15:31:00,2.357142857142857,0.001220578961287304,99.46024518842232
90210D,PURPLE ACRYLIC FACETED BANGLE,132,206.23000000000002,22,15,2,2.95,2009-12-14 17:57:00,2011-11-10 13:44:00,6.0,0.001220578961287304,99.4614657673836
21632,VINTAGE PINK DECORATIVE PARASOL,131,1063.47,52,27,3,12.75,2010-03-08 12:44:00,2011-01-18 17:34:00,2.519230769230769,0.0012113321509745214,99.46267709953457
21375,LARGE CAMPHOR WOOD FIELD MUSHROOM,131,795.4399999999999,59,41,3,10.79,2010-01-11 09:37:00,2011-12-04 10:11:00,2.2203389830508473,0.0012113321509745214,99.46388843168555
35833G,4 GOLD FLOCK CHRISTMAS BALLS,131,208.81,33,15,2,1.25,2009-12-11 15:52:00,2010-12-06 10:08:00,3.9696969696969697,0.0012113321509745214,99.46509976383652
23099,FRENCH CARRIAGE LANTERN,131,878.8100000000001,54,24,2,6.65,2011-05-16 14:30:00,2011-12-02 16:39:00,2.425925925925926,0.0012113321509745214,99.46631109598749
82011C,BATHROOM SCALES FOOTPRINTS IN SAND,131,595.1800000000001,71,43,2,3.75,2009-12-07 18:02:00,2011-11-23 15:44:00,1.8450704225352113,0.0012113321509745214,99.46752242813847
21308,LOUVRE VANITY MIRROR,131,697.95,5,3,1,17.35,2009-12-07 18:02:00,2010-01-12 15:57:00,26.2,0.0012113321509745214,99.46873376028944
23136,IVORY WIRE SWEETHEART LETTER TRAY,131,496.89,48,21,3,3.75,2011-04-21 10:19:00,2011-12-04 12:52:00,2.7291666666666665,0.0012113321509745214,99.46994509244041
35916A,YELLOW FELT HANGING HEART W FLOWER,129,112.03999999999999,44,30,1,0.74,2009-12-07 17:56:00,2011-10-18 17:00:00,2.9318181818181817,0.001192838530348956,99.47113793097076
90093,CLEAR CRYSTAL STAR PHONE CHARM,129,118.46,21,18,2,0.85,2009-12-14 18:37:00,2011-11-23 13:39:00,6.142857142857143,0.001192838530348956,99.4723307695011
90129E,PURPLE GLASS TASSLE BAG CHARM,129,263.14,59,43,1,1.66,2009-12-16 12:17:00,2011-11-24 09:26:00,2.1864406779661016,0.001192838530348956,99.47352360803144
90104,PURPLE FRANGIPANI HAIRCLIP,129,108.11,49,27,3,0.83,2010-06-21 13:04:00,2011-04-18 13:49:00,2.63265306122449,0.001192838530348956,99.47471644656179
21031,SPACE CADET BLACK,129,157.95,36,29,2,1.25,2009-12-13 15:17:00,2011-11-16 12:18:00,3.5833333333333335,0.001192838530348956,99.47590928509213
85136A,YELLOW SHARK HELICOPTER,128,1038.28,98,47,4,7.95,2009-12-08 15:49:00,2011-12-04 14:59:00,1.3061224489795917,0.0011835917200361736,99.47709287681216
35004S,SET OF 3 SILVER FLYING DUCKS,128,364.2,16,3,1,6.35,2009-12-07 08:24:00,2009-12-23 10:54:00,8.0,0.0011835917200361736,99.4782764685322
84563B,BLUE & WHITE BREAKFAST TRAY,128,590.04,59,34,6,4.21,2009-12-20 13:28:00,2011-06-19 12:23:00,2.169491525423729,0.0011835917200361736,99.47946006025224
22877,NUMBER TILE COTTAGE GARDEN 9,128,271.64,28,19,3,1.95,2010-10-18 09:36:00,2011-10-04 16:37:00,4.571428571428571,0.0011835917200361736,99.48064365197227
90201A,PURPLE ENAMEL FLOWER RING,128,377.04,53,42,3,2.95,2009-12-13 11:34:00,2011-11-18 15:59:00,2.4150943396226414,0.0011835917200361736,99.48182724369231
21252,SET OF MEADOW  FLOWER STICKERS,128,319.19000000000005,13,7,3,2.95,2009-12-07 11:46:00,2010-01-25 12:33:00,9.846153846153847,0.0011835917200361736,99.48301083541234
90214K,"LETTER ""K"" BLING KEY RING",128,150.32,79,49,1,1.25,2009-12-07 12:32:00,2011-11-14 09:00:00,1.620253164556962,0.0011835917200361736,99.48419442713238
22878,NUMBER TILE COTTAGE GARDEN No,128,330.26000000000005,45,31,2,4.13,2010-10-18 09:36:00,2011-11-16 15:16:00,2.8444444444444446,0.0011835917200361736,99.48537801885242
22330,72 ROUND PINK DOILIES,127,196.45,21,8,4,1.45,2009-12-13 11:05:00,2010-02-07 12:15:00,6.0476190476190474,0.001174344909723391,99.48655236376214
84933B,LARGE PINK PEONY FOLDING STOOL,127,266.70000000000005,4,3,2,2.1,2009-12-13 13:09:00,2010-01-22 13:52:00,31.75,0.001174344909723391,99.48772670867187
22871,NUMBER TILE COTTAGE GARDEN 3,127,289.39,30,26,3,4.13,2010-10-18 09:36:00,2011-11-16 15:16:00,4.233333333333333,0.001174344909723391,99.4889010535816
22874,NUMBER TILE COTTAGE GARDEN 6,126,272.02,28,17,3,1.95,2010-10-18 09:36:00,2011-11-09 16:14:00,4.5,0.0011650980994106083,99.490066151681
84405A,S/3 PINK COL METAL BASKET W HANDLE,126,1003.9100000000001,47,26,4,12.75,2009-12-22 09:52:00,2010-10-05 12:39:00,2.6808510638297873,0.0011650980994106083,99.49123124978041
20957,PORCELAIN HANGING BELL SMALL,126,184.60999999999999,15,13,3,1.45,2010-04-11 15:54:00,2010-11-29 09:46:00,8.4,0.0011650980994106083,99.49239634787982
21740,COSY SLIPPER SHOES LARGE RED,126,436.59000000000003,47,7,3,2.95,2009-12-07 14:58:00,2010-05-30 15:27:00,2.6808510638297873,0.0011650980994106083,99.49356144597922
90214M,"LETTER ""M"" BLING KEY RING",125,135.09,62,40,1,1.05,2009-12-09 15:03:00,2011-11-14 09:00:00,2.0161290322580645,0.0011558512890978256,99.49471729726832
35633B,BLUE TINSEL GARLAND,125,23.75,11,8,1,0.19,2009-12-07 13:48:00,2010-11-28 15:09:00,11.363636363636363,0.0011558512890978256,99.49587314855742
20827,GOLD APERITIF GLASS,125,107.60000000000001,7,6,1,2.12,2010-05-16 14:54:00,2011-04-21 12:34:00,17.857142857142858,0.0011558512890978256,99.49702899984652
82587,TEXRIO TOMATOES CANDLE+CUP,125,163.03,39,18,1,1.25,2009-12-07 12:08:00,2010-05-13 15:42:00,3.2051282051282053,0.0011558512890978256,99.49818485113562
22882,NUMBER TILE VINTAGE FONT 3,125,253.13,49,33,1,2.17,2010-10-19 12:17:00,2011-12-01 19:42:00,2.5510204081632653,0.0011558512890978256,99.49934070242472
85007,SET OF 3 VINTAGE TEA TIME BOXES,125,369.92,20,7,3,4.65,2009-12-10 16:30:00,2010-03-02 12:24:00,6.25,0.0011558512890978256,99.50049655371382
84007,MAGIC GARDEN MOUNT FUJI,124,323.72999999999996,30,22,1,2.55,2009-12-07 13:35:00,2010-11-30 14:15:00,4.133333333333334,0.0011466044787850431,99.5016431581926
17011E,ORIGAMI OPIUM SCENT INCENSE+FLOWER,124,80.60000000000001,1,1,1,0.65,2009-12-16 12:39:00,2009-12-16 12:39:00,124.0,0.0011466044787850431,99.5027897626714
22868,NUMBER TILE COTTAGE GARDEN 0,124,270.38,27,22,3,1.95,2010-10-18 09:36:00,2011-11-21 15:18:00,4.592592592592593,0.0011466044787850431,99.50393636715019
84458,S/3 RABBIT FLOWER/EGG/CARROT ROPE,124,105.39999999999999,20,7,2,0.85,2010-01-18 11:31:00,2010-03-21 15:50:00,6.2,0.0011466044787850431,99.50508297162898
90161D,ANT COPPER PINK BOUDICCA BRACELET,123,613.15,69,45,2,4.98,2009-12-09 09:42:00,2011-12-02 16:14:00,1.7826086956521738,0.0011373576684722605,99.50622032929745
21129,SILVER FISHING GNOME,123,936.44,59,40,1,6.95,2010-01-18 13:15:00,2011-11-29 11:48:00,2.0847457627118646,0.0011373576684722605,99.50735768696592
90125A,PINK BERTIE GLASS BEAD BAG CHARM,122,127.27,15,13,1,1.66,2010-06-03 14:02:00,2011-07-13 16:07:00,8.133333333333333,0.0011281108581594778,99.50848579782408
84933A,LARGE GREEN PEONY FOLDING STOOL,122,271.90000000000003,4,3,1,2.1,2009-12-07 13:48:00,2010-02-01 17:16:00,30.5,0.0011281108581594778,99.50961390868224
72789,BASKET/8 SCENTED LOVE TOKEN CANDLES,122,461.53,45,22,2,3.75,2009-12-10 14:19:00,2010-10-10 16:01:00,2.7111111111111112,0.0011281108581594778,99.5107420195404
72781,BLACK SILOUETTE CANDLE PLATE,121,229.5,15,12,3,2.1,2009-12-17 14:38:00,2010-10-11 10:33:00,8.066666666666666,0.0011188640478466954,99.51186088358826
21769,VINTAGE POST OFFICE CABINET,121,7794.97,46,33,3,79.95,2009-12-09 16:26:00,2010-12-07 16:43:00,2.630434782608696,0.0011188640478466954,99.51297974763611
21369,MIRRORED WALL ART SPLODGES,121,210.36,21,18,3,1.25,2009-12-23 12:07:00,2011-11-04 13:15:00,5.761904761904762,0.0011188640478466954,99.51409861168396
23142,IVORY WIRE KITCHEN ORGANISER,121,1220.8200000000002,40,20,5,10.4,2011-04-21 10:19:00,2011-11-27 13:29:00,3.025,0.0011188640478466954,99.51521747573182
22875,NUMBER TILE COTTAGE GARDEN 7,121,260.09,28,22,3,1.95,2010-10-18 09:36:00,2011-09-20 12:35:00,4.321428571428571,0.0011188640478466954,99.51633633977967
22873,NUMBER TILE COTTAGE GARDEN 5,120,262.5,31,27,4,1.95,2010-10-17 13:46:00,2011-11-25 14:25:00,3.870967741935484,0.0011096172375339127,99.5174459570172
21004,ROSE DU SUD CHILDS APRON,120,544.02,61,36,4,4.25,2009-12-09 09:51:00,2010-11-05 11:17:00,1.9672131147540983,0.0011096172375339127,99.51855557425473
22833,HALL CABINET WITH 3 DRAWERS,120,4163.54,13,8,2,49.95,2010-11-04 18:40:00,2011-02-03 11:39:00,9.23076923076923,0.0011096172375339127,99.51966519149227
35916B,BLUE FELT HANGING HEART WITH FLOWER,120,109.47,45,27,1,0.63,2009-12-07 17:56:00,2011-10-18 17:00:00,2.6666666666666665,0.0011096172375339127,99.5207748087298
84823,DANISH ROSE FOLDING CHAIR,120,1210.0,29,9,4,7.95,2010-04-26 14:12:00,2011-02-07 13:15:00,4.137931034482759,0.0011096172375339127,99.52188442596733
85072,OCCASIONS GIFT CARD ASSORTMENT,120,66.0,1,1,1,0.55,2009-12-10 15:45:00,2009-12-10 15:45:00,120.0,0.0011096172375339127,99.52299404320486
84901,BLACK FACE LAMB WITH PANTS,120,459.33,71,34,1,3.75,2009-12-07 18:02:00,2010-10-20 15:25:00,1.6901408450704225,0.0011096172375339127,99.52410366044239
21639,ASSORTED TUTTI FRUTTI KEYRING,119,101.14999999999999,7,2,1,0.85,2009-12-08 15:12:00,2010-03-03 13:57:00,17.0,0.00110037042722113,99.52520403086962
85146,JARDIN ETCHED GLASS SMALL BELL JAR,118,599.38,29,19,1,5.95,2010-03-26 15:32:00,2011-04-07 13:11:00,4.068965517241379,0.0010911236169083474,99.52629515448652
23486,ANTIQUE HEART SHELF UNIT,118,1993.1399999999999,68,7,4,16.65,2011-10-20 12:21:00,2011-12-04 10:30:00,1.7352941176470589,0.0010911236169083474,99.52738627810342
90125D,PURPLE BERTIE GLASS BEAD BAG CHARM,118,181.54,32,21,2,2.1,2009-12-10 16:21:00,2011-07-13 16:07:00,3.6875,0.0010911236169083474,99.52847740172032
85044,RED REINDEER STRING OF 20 LIGHTS,118,645.82,35,16,1,4.95,2009-12-07 12:42:00,2010-11-22 13:42:00,3.3714285714285714,0.0010911236169083474,99.52956852533723
35638B,PINK/BLUE STRING CURTAIN,118,313.28999999999996,11,11,1,5.95,2009-12-09 09:42:00,2011-11-20 14:01:00,10.727272727272727,0.0010911236169083474,99.53065964895413
21659,GLASS CAKE STAND,118,1830.9199999999998,64,29,4,14.95,2009-12-08 14:03:00,2010-11-07 12:31:00,1.84375,0.0010911236169083474,99.53175077257103
21128,GOLD FISHING GNOME,118,826.0300000000001,56,44,3,12.46,2009-12-17 10:20:00,2011-11-18 15:59:00,2.107142857142857,0.0010911236169083474,99.53284189618793
22876,NUMBER TILE COTTAGE GARDEN 8,118,252.22,23,19,3,1.95,2010-10-18 09:36:00,2011-09-27 18:41:00,5.130434782608695,0.0010911236169083474,99.53393301980483
23045,PAPER LANTERN 5 POINT STAR MOON,117,489.69000000000005,24,15,3,4.15,2011-05-05 18:16:00,2011-11-29 15:23:00,4.875,0.001081876806595565,99.53501489661143
72771B,BURG FLOCK GOLD CUP/CANDLE,117,56.9,8,2,1,0.42,2009-12-10 09:49:00,2009-12-15 18:33:00,14.625,0.001081876806595565,99.53609677341802
23597,PAPER BUNTING PAISLEY PARK,117,337.67,25,4,3,2.95,2011-11-10 16:27:00,2011-12-04 14:15:00,4.68,0.001081876806595565,99.53717865022462
90134,OLD ROSE COMBO BEAD NECKLACE,117,344.39,92,58,1,2.96,2009-12-22 09:41:00,2011-12-02 16:39:00,1.2717391304347827,0.001081876806595565,99.53826052703121
90214E,"LETTER ""E"" BLING KEY RING",117,132.03,64,41,2,1.25,2009-12-10 14:07:00,2011-11-14 09:00:00,1.828125,0.001081876806595565,99.53934240383781
84782A,PINK 3 TIER GLASS PLATE STAND,117,814.95,25,15,2,12.75,2009-12-10 10:57:00,2010-08-19 14:49:00,4.68,0.001081876806595565,99.5404242806444
84972L,GIANT PINK HEART MEMO HOLDER,117,462.15000000000003,46,11,1,3.95,2009-12-09 13:22:00,2010-07-14 12:05:00,2.5434782608695654,0.001081876806595565,99.541506157451
90201C,RED ENAMEL FLOWER RING,117,345.14000000000004,44,35,4,2.95,2009-12-23 15:30:00,2011-11-16 15:23:00,2.659090909090909,0.001081876806595565,99.54258803425759
84620,BLUE GINGHAM ROSE CUSHION COVER,116,716.86,48,30,4,5.95,2009-12-14 08:40:00,2010-12-15 14:12:00,2.4166666666666665,0.0010726299962827823,99.54366066425388
23021,GLASS BONNE JAM JAR,116,484.22,26,15,6,4.15,2011-06-20 09:41:00,2011-11-22 16:24:00,4.461538461538462,0.0010726299962827823,99.54473329425016
21185,HOME SWEET HOME  BLACKBOARD,116,754.7399999999999,37,13,3,6.35,2009-12-08 11:44:00,2010-07-05 12:49:00,3.135135135135135,0.0010726299962827823,99.54580592424645
23104,IVORY CAFE HANGING LAMP,116,1380.42,44,23,4,12.5,2011-05-11 14:29:00,2011-12-02 12:52:00,2.6363636363636362,0.0010726299962827823,99.54687855424274
37475,SET/4 COLOURFUL MIXING BOWLS,116,1160.56,72,47,6,9.95,2009-12-14 11:48:00,2011-12-02 13:49:00,1.6111111111111112,0.0010726299962827823,99.54795118423903
84030e,ENGLISH ROSE HOT WATER BOTTLE,116,942.8800000000001,44,26,1,8.47,2010-09-30 12:33:00,2011-12-04 14:51:00,2.6363636363636362,0.0010726299962827823,99.54902381423531
21321,GLASS CHALICE BLUE  LARGE,115,283.95,16,12,1,2.55,2009-12-10 09:49:00,2010-04-09 12:33:00,7.1875,0.0010633831859699996,99.55008719742128
35600D,PINK AND WHITE CHRISTMAS TREE 180CM,115,395.25,9,8,2,2.95,2009-12-07 15:26:00,2010-09-28 14:23:00,12.777777777777779,0.0010633831859699996,99.55115058060724
84559D,3D SHEET OF SEA WORLD STICKERS,114,98.66,27,21,1,0.85,2009-12-09 09:51:00,2010-11-15 17:01:00,4.222222222222222,0.0010541363756572171,99.5522047169829
21269,ANTIQUE CREAM CUTLERY SHELF,114,1036.84,65,42,6,8.5,2009-12-08 14:56:00,2011-11-22 14:43:00,1.7538461538461538,0.0010541363756572171,99.55325885335856
85163B,BLACK BAROQUE WALL CLOCK,114,1243.7,65,41,4,12.75,2009-12-22 09:52:00,2011-11-23 15:44:00,1.7538461538461538,0.0010541363756572171,99.55431298973421
35822P,"ACRYLIC BEAD CHAIN, PINK",114,43.32,1,1,1,0.38,2010-01-27 12:39:00,2010-01-27 12:39:00,114.0,0.0010541363756572171,99.55536712610987
62086A,PINK RETRO BIG FLOWER BAG,113,220.35,24,19,1,1.95,2010-03-01 12:21:00,2011-06-23 14:11:00,4.708333333333333,0.0010448895653444345,99.55641201567522
21460,GREEN EASTER EGG HUNT START POST,113,249.64999999999998,27,18,2,1.95,2010-01-29 09:21:00,2011-03-23 11:48:00,4.185185185185185,0.0010448895653444345,99.55745690524057
84247N,PACK/12 BLUE FOLKART CARDS,113,297.48,53,38,3,2.95,2010-01-11 14:39:00,2011-11-27 16:19:00,2.1320754716981134,0.0010448895653444345,99.55850179480592
84803A,PINK ALLIUM  ARTIFICIAL FLOWER,112,189.28,17,14,2,1.69,2010-01-07 11:52:00,2011-02-14 12:11:00,6.588235294117647,0.0010356427550316518,99.55953743756095
84985B,SET OF 72 BLACK PAPER DOILIES,112,168.57999999999998,20,10,2,1.45,2009-12-09 09:51:00,2010-03-07 13:44:00,5.6,0.0010356427550316518,99.56057308031598
22770,MIRROR CORNICE,112,1799.62,71,42,7,14.95,2010-10-12 13:39:00,2011-12-04 14:55:00,1.5774647887323943,0.0010356427550316518,99.561608723071
84762B,PINK PICNIC BARBECUE BUCKET,112,829.12,47,21,3,8.47,2009-12-09 09:42:00,2010-09-12 13:03:00,2.382978723404255,0.0010356427550316518,99.56264436582603
84227,HEN HOUSE W CHICK IN NEST,112,47.04,13,8,1,0.42,2010-02-18 12:34:00,2011-03-14 15:40:00,8.615384615384615,0.0010356427550316518,99.56368000858106
72754A,FLOWER FAIRY POTPOURRI CUSHION LILY,112,84.24000000000001,4,3,1,1.17,2009-12-10 14:44:00,2010-02-24 10:18:00,28.0,0.0010356427550316518,99.56471565133609
85080,PADDED RED HEART DECORATION,112,54.51,21,10,1,0.42,2009-12-07 15:42:00,2010-09-26 15:07:00,5.333333333333333,0.0010356427550316518,99.56575129409111
90013A,MIDNIGHT BLUE VINTAGE EARRINGS,111,419.18,75,51,3,3.81,2009-12-07 17:56:00,2011-12-02 16:39:00,1.48,0.0010263959447188691,99.56677769003583
22881,NUMBER TILE VINTAGE FONT 2,111,214.69,35,29,1,4.13,2010-10-25 16:43:00,2011-11-15 12:25:00,3.1714285714285713,0.0010263959447188691,99.56780408598055
84537B,FAIRY CAKES GIFT BAG,111,46.62,10,9,1,0.42,2009-12-13 11:32:00,2010-03-15 14:01:00,11.1,0.0010263959447188691,99.56883048192527
22880,NUMBER TILE VINTAGE FONT 1,111,230.26999999999998,37,25,1,4.13,2010-10-25 16:43:00,2011-11-15 12:25:00,3.0,0.0010263959447188691,99.56985687787
79192A,RETRO PLASTIC 70'S TRAY,111,148.89,32,24,1,1.25,2009-12-07 15:15:00,2011-02-02 17:06:00,3.46875,0.0010263959447188691,99.57088327381472
84520b,PACK 20 ENGLISH ROSE PAPER NAPKINS,110,257.4,10,6,1,2.085,2010-03-05 14:41:00,2010-09-21 13:13:00,11.0,0.0010171491344060867,99.57190042294913
72750D,F.FAIRY S/3 CANDLE/GLASS,110,226.5,11,7,2,1.95,2009-12-07 13:48:00,2010-01-28 11:40:00,10.0,0.0010171491344060867,99.57291757208354
15056bl,EDWARDIAN PARASOL BLACK,110,1381.02,84,50,1,12.46,2009-12-22 15:06:00,2011-11-29 11:23:00,1.3095238095238095,0.0010171491344060867,99.57393472121795
22884,NUMBER TILE VINTAGE FONT 5,110,217.26,39,33,1,4.13,2010-10-21 14:55:00,2011-11-30 12:32:00,2.8205128205128207,0.0010171491344060867,99.57495187035236
23537,WALL ART I LOVE LONDON,110,576.1800000000001,33,9,2,4.95,2011-10-03 14:52:00,2011-11-30 15:13:00,3.3333333333333335,0.0010171491344060867,99.57596901948678
90108,BLUE BLOSSOM HAIR CLIP,109,125.83000000000001,21,18,3,1.05,2010-01-15 15:47:00,2011-12-01 16:22:00,5.190476190476191,0.001007902324093304,99.57697692181087
84358,FLOOR LAMP SHADE WOOD BASE,109,995.6,28,26,1,9.95,2010-01-18 13:15:00,2011-08-09 12:07:00,3.892857142857143,0.001007902324093304,99.57798482413496
23180,MUM'S KITCHEN CLOCK,109,599.64,47,27,5,4.95,2011-03-04 09:46:00,2011-12-02 16:39:00,2.3191489361702127,0.001007902324093304,99.57899272645905
84899F,YELLOW PURPLE DAISY FELT PURSE KIT,109,171.89,48,27,2,2.51,2009-12-08 15:49:00,2010-11-26 11:20:00,2.2708333333333335,0.001007902324093304,99.58000062878314
21331,MOROCCAN BEATEN METAL DISH LARGE,108,921.1800000000001,28,24,6,12.75,2009-12-16 09:37:00,2011-11-16 15:52:00,3.857142857142857,0.0009986555137805214,99.58099928429692
84926C,FAIRY CAKES TILE COASTER,108,149.46,26,13,2,1.25,2009-12-07 17:56:00,2010-08-05 14:57:00,4.153846153846154,0.0009986555137805214,99.5819979398107
44242B,PINK FEATHERS CURTAIN,108,120.28,8,8,2,1.25,2010-02-28 16:14:00,2011-09-26 16:59:00,13.5,0.0009986555137805214,99.58299659532449
21699,SET 5 MINI CHOCOLATE FRIDGE MAGNETS,108,82.44,3,3,2,1.69,2009-12-15 10:02:00,2010-02-15 11:57:00,36.0,0.0009986555137805214,99.58399525083827
23479,WIRE EGG BASKET,108,826.02,41,7,4,7.85,2011-10-17 12:41:00,2011-12-02 16:44:00,2.6341463414634148,0.0009986555137805214,99.58499390635205
79303B,BLUE STAR BLOCK TABLE LAMP,108,333.53,9,8,1,5.91,2009-12-22 09:41:00,2010-08-09 18:29:00,12.0,0.0009986555137805214,99.58599256186584
82001s,VINYL RECORD FRAME SILVER,108,806.16,25,16,1,7.46,2010-07-30 12:47:00,2011-12-02 10:08:00,4.32,0.0009986555137805214,99.58699121737962
82607C,GLASS BONBON JAR. SUPERFINES,108,165.54,41,11,2,2.51,2009-12-10 09:49:00,2010-03-09 12:48:00,2.6341463414634148,0.0009986555137805214,99.5879898728934
82093,HEART SHAPE BUTTON FRAME,108,228.84,22,5,1,3.43,2009-12-07 17:56:00,2010-01-22 11:28:00,4.909090909090909,0.0009986555137805214,99.58898852840719
22885,NUMBER TILE VINTAGE FONT 6,108,193.73999999999998,32,26,1,2.17,2010-10-20 15:56:00,2011-11-24 13:01:00,3.375,0.0009986555137805214,99.58998718392097
90115,SUMMER BUTTERFLIES BAG CHARM,107,276.40999999999997,59,27,2,2.51,2010-05-24 12:01:00,2011-06-02 11:13:00,1.8135593220338984,0.0009894087034677387,99.59097659262443
72133,COLUMBIAN CANDLE RECTANGLE,107,117.71000000000001,30,24,1,1.25,2009-12-13 11:49:00,2011-12-02 13:58:00,3.566666666666667,0.0009894087034677387,99.59196600132789
22883,NUMBER TILE VINTAGE FONT 4,107,204.79,32,26,1,4.13,2010-10-18 15:44:00,2011-11-30 15:13:00,3.34375,0.0009894087034677387,99.59295541003135
84830,LARGE ENGLISH ARBORETUM,107,1118.65,6,5,1,16.95,2009-12-17 16:58:00,2010-03-07 13:00:00,17.833333333333332,0.0009894087034677387,99.59394481873481
37462E,"PET MUG, GOLDFISH",106,46.29,27,22,1,0.83,2010-01-10 14:02:00,2011-11-28 14:12:00,3.925925925925926,0.0009801618931549563,99.59492498062797
23460,SWEETHEART WALL TIDY,106,987.18,41,7,3,9.95,2011-10-20 12:57:00,2011-12-02 11:53:00,2.5853658536585367,0.0009801618931549563,99.59590514252112
10138,ASSORTED COLOUR JUMBO PEN,106,46.12,15,8,1,0.42,2009-12-07 13:57:00,2010-04-20 12:46:00,7.066666666666666,0.0009801618931549563,99.59688530441427
85049g,CHOCOLATE BOX RIBBONS,106,259.3,49,36,1,2.46,2010-11-30 11:51:00,2011-12-02 10:07:00,2.163265306122449,0.0009801618931549563,99.59786546630743
84437A,S/6 PINK EASTER DECS IN BOX,106,90.94999999999999,18,9,2,0.85,2010-01-11 09:37:00,2010-04-09 16:54:00,5.888888888888889,0.0009801618931549563,99.59884562820058
37492A,YELLOW RED FLOWER PIGGY BANK,106,206.76999999999998,9,3,2,4.65,2009-12-08 11:13:00,2009-12-23 07:57:00,11.777777777777779,0.0009801618931549563,99.59982579009373
84600,NEW BAROQUE JEWELLERY BOX,105,894.42,49,34,5,7.95,2009-12-07 15:42:00,2011-12-04 12:29:00,2.142857142857143,0.0009709150828421736,99.60079670517658
84429A,MEDIUM PINK BUDDHA HEAD,105,356.89000000000004,39,29,4,2.95,2009-12-07 17:56:00,2011-11-30 10:54:00,2.6923076923076925,0.0009709150828421736,99.60176762025942
20910,VINTAGE PHOTO ALBUM PARIS DAYS,105,756.12,46,35,2,6.35,2009-12-07 15:26:00,2010-12-16 11:53:00,2.282608695652174,0.0009709150828421736,99.60273853534227
84762C,GREEN PICNIC BARBECUE BUCKET,105,761.25,43,18,2,8.47,2009-12-07 18:02:00,2010-05-21 15:24:00,2.441860465116279,0.0009709150828421736,99.60370945042511
90120B,BLUE MURANO TWIST BRACELET,105,443.14,41,31,2,4.25,2009-12-09 12:57:00,2011-11-17 14:24:00,2.5609756097560976,0.0009709150828421736,99.60468036550796
18096C,WHITE ROUND PORCELAIN TLIGHT HOLDER,105,268.09999999999997,18,7,3,2.55,2009-12-07 15:55:00,2010-02-24 09:24:00,5.833333333333333,0.0009709150828421736,99.6056512805908
35004P,SET OF 3 PINK FLYING DUCKS,104,553.82,39,16,1,5.91,2009-12-07 08:24:00,2010-12-10 13:27:00,2.6666666666666665,0.000961668272529391,99.60661294886333
90005A,JADE GREEN ENAMEL HAIR COMB,104,212.54999999999998,55,33,2,2.11,2009-12-07 17:56:00,2011-04-27 17:18:00,1.8909090909090909,0.000961668272529391,99.60757461713585
90096,NECKLACE+BRACELET SET BLUE BLOSSOM,104,243.60999999999999,49,34,1,2.46,2010-01-05 16:50:00,2011-11-13 16:18:00,2.122448979591837,0.000961668272529391,99.60853628540838
90116,FRUIT SALAD BAG CHARM,104,220.6,62,43,2,2.46,2010-02-02 11:40:00,2011-12-02 16:14:00,1.6774193548387097,0.000961668272529391,99.6094979536809
90198B,VINTAGE ROSE BEAD BRACELET BLACK,104,441.9,49,36,2,4.25,2009-12-07 17:56:00,2011-12-04 12:32:00,2.122448979591837,0.000961668272529391,99.61045962195342
90129C,GREEN GLASS TASSLE BAG CHARM,104,234.53,49,33,1,1.66,2010-01-11 09:34:00,2011-11-16 15:23:00,2.122448979591837,0.000961668272529391,99.61142129022595
79534,MULTICOLOUR GLASS PLATE,104,57.2,15,13,1,0.55,2009-12-13 13:53:00,2010-10-05 13:12:00,6.933333333333334,0.000961668272529391,99.61238295849847
85081,PADDED HOLLY CHRISTMAS DECORATION,104,46.17,21,10,1,0.42,2009-12-09 14:48:00,2010-10-07 15:33:00,4.9523809523809526,0.000961668272529391,99.613344626771
21729,SMALL MARAKESH METAL  LANTERN,103,350.99,22,6,1,3.25,2009-12-07 11:47:00,2010-01-18 13:20:00,4.681818181818182,0.0009524214622166084,99.61429704823321
72812,LARGE ZINC GLASS CANDLEHOLDER,103,280.2,29,25,3,4.13,2009-12-11 16:48:00,2011-11-29 16:47:00,3.5517241379310347,0.0009524214622166084,99.61524946969543
35809B,ENAMEL BLUE RIM TEA CONTAINER,103,225.44,32,21,4,2.1,2009-12-08 15:00:00,2011-04-11 14:11:00,3.21875,0.0009524214622166084,99.61620189115764
90013B,BLACK VINTAGE EARRINGS,103,424.59000000000003,78,52,1,4.24,2009-12-07 17:56:00,2011-11-30 15:13:00,1.3205128205128205,0.0009524214622166084,99.61715431261986
47348A,FUSCHIA VOILE POINTY SHOE DEC,103,62.01,16,12,3,0.39,2010-04-11 10:35:00,2011-09-01 17:14:00,6.4375,0.0009524214622166084,99.61810673408208
21003,ROSE DU SUD CUSHION COVER,102,607.22,61,33,4,5.79,2010-03-02 16:36:00,2011-12-01 16:22:00,1.6721311475409837,0.0009431746519038258,99.61904990873398
85163A,WHITE BAROQUE WALL CLOCK,102,1045.42,56,38,5,12.75,2010-02-01 17:13:00,2011-11-23 15:44:00,1.8214285714285714,0.0009431746519038258,99.61999308338589
90002D,FLOWER BURST SILVER RING CRYSTAL,102,358.24,33,25,1,3.75,2009-12-08 13:41:00,2011-05-08 16:13:00,3.090909090909091,0.0009431746519038258,99.6209362580378
84508C,BLUE CIRCLES DESIGN TEDDY,102,277.27,42,37,2,2.55,2009-12-13 13:17:00,2011-11-17 12:59:00,2.4285714285714284,0.0009431746519038258,99.62187943268971
20785,FUSCHIA RETRO BAR STOOL,102,3672.35,36,26,2,34.0,2010-01-22 11:28:00,2011-04-06 12:08:00,2.8333333333333335,0.0009431746519038258,99.62282260734162
23457,LARGE PARLOUR PICTURE FRAME,102,500.38,27,8,2,4.95,2011-10-16 15:44:00,2011-12-04 15:18:00,3.7777777777777777,0.0009431746519038258,99.62376578199353
84509a,SET OF 4 ENGLISH ROSE PLACEMATS,102,762.68,71,38,1,7.46,2009-12-22 15:13:00,2011-12-02 10:08:00,1.4366197183098592,0.0009431746519038258,99.62470895664543
23044,PAPER LANTERN 9 POINT HOLLY STAR S,101,423.29,25,17,2,4.15,2011-05-08 11:41:00,2011-12-01 13:28:00,4.04,0.0009339278415910431,99.62564288448702
23042,PAPER LANTERN 7 POINT SNOW STAR,101,684.9300000000001,27,17,1,6.65,2011-04-28 13:35:00,2011-12-01 19:24:00,3.740740740740741,0.0009339278415910431,99.62657681232861
46775E,CANDY POP CHUNKY KNITTED THROW,101,1282.9,51,14,2,11.02,2009-12-11 16:11:00,2010-09-12 11:43:00,1.9803921568627452,0.0009339278415910431,99.6275107401702
45016,DECORATIVE NET CANOPY LEOPARD,101,423.73,25,18,1,7.62,2009-12-14 18:37:00,2010-09-09 11:20:00,4.04,0.0009339278415910431,99.62844466801178
21193,WHITE HONEYCOMB PAPER FAN,101,244.57,18,12,1,2.1,2009-12-13 11:46:00,2010-04-07 14:12:00,5.611111111111111,0.0009339278415910431,99.62937859585337
35963,FOLKART ZINC CLIP ON ANGEL WINGS,101,38.38,11,10,1,0.38,2009-12-16 12:09:00,2010-09-22 15:58:00,9.181818181818182,0.0009339278415910431,99.63031252369495
35838B,S/6 SILVER ORNAMENETAL CANDLE,100,85.0,23,10,1,0.85,2009-12-09 14:30:00,2010-09-28 11:35:00,4.3478260869565215,0.0009246810312782606,99.63123720472623
20781,GOLD EAR MUFF HEADPHONES,100,564.77,58,36,4,5.49,2009-12-07 13:07:00,2011-12-01 13:08:00,1.7241379310344827,0.0009246810312782606,99.63216188575751
35913B,WHITE/PINK CHICK EASTER DECORATION,100,92.39,21,18,2,0.85,2010-01-07 12:22:00,2011-11-06 12:25:00,4.761904761904762,0.0009246810312782606,99.63308656678879
90082D,DIAMANTE BOW BROOCH BLACK COLOUR,100,644.7099999999999,49,33,1,6.35,2009-12-09 09:51:00,2011-11-27 15:18:00,2.0408163265306123,0.0009246810312782606,99.63401124782007
85090,CANDY SPOT APRON,100,531.38,51,27,4,4.65,2009-12-07 15:42:00,2010-11-24 14:49:00,1.9607843137254901,0.0009246810312782606,99.63493592885135
20784,RED RETRO BAR STOOL,100,3492.65,36,23,1,34.0,2009-12-18 12:23:00,2010-10-21 12:09:00,2.7777777777777777,0.0009246810312782606,99.63586060988263
84462,3 PINK HEN+CHICKS IN BASKET,100,114.86,14,11,2,1.25,2010-02-02 10:47:00,2011-04-14 15:26:00,7.142857142857143,0.0009246810312782606,99.6367852909139
90175A,WHITE GLASS CHUNKY CHARM BRACELET,100,900.8,57,43,2,9.15,2009-12-07 18:02:00,2011-11-15 16:57:00,1.7543859649122806,0.0009246810312782606,99.63770997194518
35637C,PINK STRING CURTAIN WITH POLE,100,331.14,19,18,2,5.95,2010-01-14 08:30:00,2011-11-27 13:49:00,5.2631578947368425,0.0009246810312782606,99.63863465297646
82095,HEART BUTTONS JEWELLERY BOX,100,600.91,48,33,4,4.96,2009-12-09 14:48:00,2011-07-05 16:53:00,2.0833333333333335,0.0009246810312782606,99.63955933400774
22825,DECORATIVE PLANT POT WITH FRIEZE,100,799.02,38,28,1,7.95,2010-10-22 09:06:00,2011-11-27 14:30:00,2.6315789473684212,0.0009246810312782606,99.64048401503902
20786,BLACK RETRO BAR STOOL,99,3533.9,31,18,1,34.0,2010-01-22 11:28:00,2010-10-22 14:23:00,3.193548387096774,0.0009154342209654779,99.64139944925999
20796,SMALL BLUE PROVENCAL CERAMIC BALL,99,182.15999999999997,22,19,2,1.65,2009-12-09 13:00:00,2011-11-10 12:01:00,4.5,0.0009154342209654779,99.64231488348096
90120C,GREEN MURANO TWIST BRACELET,99,419.88,51,38,1,4.24,2009-12-09 09:51:00,2011-11-17 14:24:00,1.9411764705882353,0.0009154342209654779,99.64323031770193
84081,WHITE CERAMIC PARTY SET (5PCS),99,380.65,19,11,1,4.25,2009-12-08 15:49:00,2010-07-14 14:17:00,5.2105263157894735,0.0009154342209654779,99.6441457519229
84661C,PINK SQUARE TABLE CLOCK,99,130.91,21,17,2,2.55,2009-12-10 09:49:00,2011-12-04 15:19:00,4.714285714285714,0.0009154342209654779,99.64506118614388
84461,12 PINK HEN+CHICKS IN BASKET,99,253.79,40,18,3,2.55,2010-01-31 11:01:00,2011-04-20 13:59:00,2.475,0.0009154342209654779,99.64597662036485
23149,ANTIQUE IVORY WIRE BOWL SMALL,99,251.45000000000002,21,14,2,2.49,2011-05-03 11:34:00,2011-11-29 13:06:00,4.714285714285714,0.0009154342209654779,99.64689205458582
85121C,RETRO LAUNDRY TUB PISTACHIO,98,918.91,53,27,6,8.5,2009-12-07 18:02:00,2010-11-17 17:01:00,1.849056603773585,0.0009061874106526954,99.64779824199647
22886,NUMBER TILE VINTAGE FONT 7,98,174.16,29,25,1,2.17,2010-10-25 16:43:00,2011-12-01 19:42:00,3.3793103448275863,0.0009061874106526954,99.64870442940712
35922,EASTER BUNNY WREATH,97,575.99,36,23,6,4.95,2009-12-22 09:52:00,2011-04-08 11:28:00,2.6944444444444446,0.0008969406003399127,99.64960137000746
79532,MOSAIC GLASS BALL CANDLEHOLDER,97,121.25,18,13,1,1.25,2010-06-07 15:31:00,2010-10-05 13:12:00,5.388888888888889,0.0008969406003399127,99.6504983106078
75172,PAINTED SEA SHELL METAL WINDCHIME,97,100.31,11,10,1,0.79,2010-06-23 14:34:00,2011-07-04 16:35:00,8.818181818181818,0.0008969406003399127,99.65139525120814
21228,"POCKET MIRROR ""GLAMOROUS""",97,122.57,31,24,1,1.25,2009-12-09 12:57:00,2011-03-09 13:56:00,3.129032258064516,0.0008969406003399127,99.65229219180848
85024C,PINK SMALL JEWELLED PHOTOFRAME,97,160.04999999999998,41,32,1,1.65,2009-12-07 11:39:00,2011-11-22 13:11:00,2.3658536585365852,0.0008969406003399127,99.65318913240883
90199C,5 STRAND GLASS NECKLACE CRYSTAL,97,572.59,30,23,1,6.35,2009-12-17 13:38:00,2011-11-29 16:47:00,3.2333333333333334,0.0008969406003399127,99.65408607300917
85097B,BLUE ROCKING SINGING CANARY,97,379.39,34,18,4,3.75,2009-12-08 15:49:00,2010-08-09 12:22:00,2.8529411764705883,0.0008969406003399127,99.65498301360951
20906,VINTAGE NOTEBOOK BEAUTY GIRL,97,347.17,44,25,2,2.95,2009-12-07 17:56:00,2011-04-03 15:07:00,2.2045454545454546,0.0008969406003399127,99.65587995420985
16206B,RED PURSE WITH PINK HEART,96,116.4,16,12,2,1.25,2010-01-31 16:02:00,2011-01-26 12:29:00,6.0,0.0008876937900271301,99.65676764799989
47351B,BLUE  VOILE LAMPSHADE,96,264.0,13,12,2,2.95,2010-04-11 13:37:00,2011-11-06 13:00:00,7.384615384615385,0.0008876937900271301,99.65765534178992
79329,PINK FLOCK GLASS CANDLEHOLDER,96,59.339999999999996,6,6,1,1.65,2009-12-16 15:38:00,2011-04-10 15:07:00,16.0,0.0008876937900271301,99.65854303557995
35931,PINK STAR CHRISTMAS DECORATION,96,36.48,13,10,2,0.38,2009-12-13 11:23:00,2010-11-12 14:05:00,7.384615384615385,0.0008876937900271301,99.65943072936999
90160C,TURQ+RED BOUDICCA LARGE BRACELET,96,669.9300000000001,44,40,2,6.95,2009-12-22 14:31:00,2011-11-30 15:13:00,2.1818181818181817,0.0008876937900271301,99.66031842316002
72801d,4 SKY BLUE DINNER CANDLES,96,237.76,58,39,1,2.46,2010-01-25 15:40:00,2011-11-23 11:11:00,1.6551724137931034,0.0008876937900271301,99.66120611695005
22802,FAUX FUR CHOCOLATE THROW,96,1822.29,58,27,2,19.95,2010-10-28 14:15:00,2011-12-02 14:25:00,1.6551724137931034,0.0008876937900271301,99.66209381074009
84712B,PINK JEWELLED PHOTO FRAME,96,751.6,58,39,2,7.95,2009-12-11 14:39:00,2011-11-30 17:37:00,1.6551724137931034,0.0008876937900271301,99.66298150453012
35815B,"ACRYLIC JEWEL SNOWFLAKE,BLUE",95,43.940000000000005,3,2,1,0.38,2009-12-07 18:02:00,2009-12-15 17:25:00,31.666666666666668,0.0008784469797143476,99.66385995150983
84707A,SILVER JEWELLED MIRROR TRINKET TRAY,95,987.38,60,37,4,9.95,2009-12-07 15:42:00,2011-12-04 14:55:00,1.5833333333333333,0.0008784469797143476,99.66473839848955
35819P,"ACRYLIC HANGING JEWEL,PINK",95,66.55,7,6,2,0.38,2011-09-16 13:13:00,2011-11-13 16:13:00,13.571428571428571,0.0008784469797143476,99.66561684546926
84576,BLUE CAT BISCUIT BARREL PINK HEART,95,331.09000000000003,31,21,3,4.13,2009-12-22 09:41:00,2011-07-20 10:08:00,3.064516129032258,0.0008784469797143476,99.66649529244897
82607E,GLASS BONBON JAR. D'AMANDES,95,118.75,24,13,1,1.25,2009-12-15 15:18:00,2010-10-31 16:26:00,3.9583333333333335,0.0008784469797143476,99.66737373942868
17014E,ORIGAMI OPIUM INCENSE CONES,95,36.599999999999994,6,6,2,1.65,2010-05-10 11:05:00,2010-08-20 09:23:00,15.833333333333334,0.0008784469797143476,99.6682521864084
35610C,WHITE CHRISTMAS FLOCK DROPLET,94,81.56,8,8,1,1.25,2009-12-10 09:49:00,2010-12-13 09:52:00,11.75,0.0008692001694015649,99.6691213865778
23416,CHAMBRE HOOK,94,164.05999999999997,17,11,2,1.65,2011-09-12 13:43:00,2011-12-04 15:19:00,5.529411764705882,0.0008692001694015649,99.6699905867472
84497,BUTTONS AND STRIPES NOTEBOOK,94,375.88,35,26,1,3.75,2009-12-09 14:48:00,2011-11-15 14:48:00,2.6857142857142855,0.0008692001694015649,99.67085978691661
90120A,PINK MURANO TWIST BRACELET,93,395.68,41,27,1,4.25,2009-12-07 17:56:00,2011-01-25 10:45:00,2.268292682926829,0.0008599533590887824,99.67171974027569
47562,ENGLISH ROSE IRONING BOARD COVER,93,348.75,36,15,1,3.75,2009-12-08 14:03:00,2010-03-29 11:55:00,2.5833333333333335,0.0008599533590887824,99.67257969363477
85089,CANDY SPOT BUNNY,93,299.84000000000003,28,18,3,2.95,2009-12-21 17:14:00,2011-11-17 15:08:00,3.3214285714285716,0.0008599533590887824,99.67343964699386
84870C,GREEN GEISHA GIRL,93,330.36,41,23,5,3.75,2009-12-14 17:57:00,2011-10-30 13:06:00,2.268292682926829,0.0008599533590887824,99.67429960035294
84454,WOBBLING METAL CHICKEN EASTER,93,85.53,18,9,2,0.85,2009-12-07 11:46:00,2010-04-09 16:54:00,5.166666666666667,0.0008599533590887824,99.67515955371202
21420,OYSTER TRINKET BOX,92,310.04,29,27,2,3.25,2010-01-04 13:36:00,2011-11-28 11:18:00,3.1724137931034484,0.0008507065487759997,99.6760102602608
84680,CLASSICAL ROSE URN,92,356.40000000000003,16,11,3,7.95,2009-12-08 13:59:00,2010-09-05 11:42:00,5.75,0.0008507065487759997,99.67686096680957
85179C,PINK BITTY LIGHT CHAIN,92,199.49,34,14,2,2.46,2009-12-14 14:35:00,2011-12-01 16:22:00,2.7058823529411766,0.0008507065487759997,99.67771167335835
23477,WOODLAND LARGE BLUE FELT HEART,92,123.47,13,7,4,1.25,2011-10-20 12:07:00,2011-11-30 15:43:00,7.076923076923077,0.0008507065487759997,99.67856237990712
DCGSSGIRL,GIRLS PARTY BAG,92,295.63,23,16,1,3.29,2010-06-21 15:13:00,2011-11-16 15:23:00,4.0,0.0008507065487759997,99.6794130864559
20892,SET/3 TALL GLASS CANDLE HOLDER PINK,92,1038.25,36,28,3,12.75,2009-12-13 11:46:00,2010-12-21 15:19:00,2.5555555555555554,0.0008507065487759997,99.68026379300467
23562,SET OF 6 RIBBONS PERFECTLY PRETTY,92,268.78,22,2,1,2.89,2011-11-27 12:29:00,2011-12-04 13:34:00,4.181818181818182,0.0008507065487759997,99.68111449955344
90210B,CLEAR ACRYLIC FACETED BANGLE,92,222.04000000000002,23,19,2,2.95,2009-12-10 14:19:00,2011-10-27 14:52:00,4.0,0.0008507065487759997,99.68196520610222
82011B,BATHROOM SCALES RUBBER DUCKS,92,345.05,47,37,3,3.75,2009-12-09 09:42:00,2011-11-23 15:44:00,1.9574468085106382,0.0008507065487759997,99.682815912651
22887,NUMBER TILE VINTAGE FONT 8,91,158.41,27,24,1,4.13,2010-10-18 15:44:00,2011-10-12 16:36:00,3.3703703703703702,0.0008414597384632171,99.68365737238946
72803B,OCEAN SCENT CANDLE JEWELLED DRAWER,91,403.63,35,23,1,4.25,2009-12-07 14:58:00,2010-11-01 13:26:00,2.6,0.0008414597384632171,99.68449883212793
85145,JARDIN ETCHED GLASS LARGE BELL JAR,91,809.05,30,21,1,12.75,2009-12-17 15:39:00,2011-04-28 16:11:00,3.033333333333333,0.0008414597384632171,99.6853402918664
21132,SILVER STANDING GNOME,91,474.11,45,34,6,4.25,2009-12-14 18:37:00,2011-11-16 17:24:00,2.022222222222222,0.0008414597384632171,99.68618175160486
90147,CHUNKY SILVER NECKLACE PASTEL FLOWE,91,917.55,57,41,1,9.95,2009-12-10 14:19:00,2011-11-27 15:18:00,1.5964912280701755,0.0008414597384632171,99.68702321134333
90059A,DIAMANTE HAIR GRIP PACK/2 CRYSTAL,91,151.89,45,33,3,1.69,2009-12-16 17:58:00,2011-12-02 16:39:00,2.022222222222222,0.0008414597384632171,99.6878646710818
21303,FILIGREE WALL MIRROR  ANTIQUE WHITE,91,909.5899999999999,28,10,3,16.95,2009-12-07 11:29:00,2010-03-10 12:51:00,3.25,0.0008414597384632171,99.68870613082026
23117,POPPY FIELDS CHOPPING BOARD,91,491.33000000000004,43,10,5,4.95,2011-09-30 13:54:00,2011-12-02 10:35:00,2.116279069767442,0.0008414597384632171,99.68954759055873
84753A,PINK EAU DE COLOGNE BOTTLE,90,86.22,22,6,1,0.85,2009-12-10 17:27:00,2010-02-19 12:34:00,4.090909090909091,0.0008322129281504345,99.69037980348688
84870B,BLUE GEISHA GIRL,90,322.61,40,27,5,3.75,2009-12-07 11:35:00,2011-11-24 09:26:00,2.25,0.0008322129281504345,99.69121201641502
90192,JADE DROP EARRINGS W FILIGREE,89,443.90000000000003,49,34,3,4.98,2009-12-07 16:38:00,2011-11-27 15:18:00,1.816326530612245,0.0008229661178376519,99.69203498253286
84974,S/2 ZINC HEART DESIGN PLANTERS,89,879.55,57,43,1,9.95,2010-01-06 13:56:00,2011-11-01 12:25:00,1.5614035087719298,0.0008229661178376519,99.6928579486507
23496,PANTRY KITCHEN THERMOMETER,88,116.05,23,6,2,1.25,2011-10-30 11:55:00,2011-12-02 16:39:00,3.8260869565217392,0.0008137193075248693,99.69367166795823
85135A,YELLOW DRAGONFLY HELICOPTER,88,704.79,58,33,1,7.95,2009-12-08 17:10:00,2011-11-29 11:48:00,1.5172413793103448,0.0008137193075248693,99.69448538726576
23069,EDWARDIAN PHOTO FRAME,88,556.21,32,21,3,6.25,2011-04-26 15:04:00,2011-12-04 13:00:00,2.75,0.0008137193075248693,99.69529910657329
85165,CANDY PINK FRENCH BOUDOIR CLOCK,88,852.86,57,22,2,8.47,2009-12-16 17:01:00,2010-06-21 15:13:00,1.543859649122807,0.0008137193075248693,99.69611282588082
72715,SPHERICAL IVORY CANDLE,88,36.96,13,11,1,0.42,2010-02-16 15:35:00,2010-08-26 12:38:00,6.769230769230769,0.0008137193075248693,99.69692654518835
16162M,THE KING GIFT BAG 25x24x12cm,88,36.96,13,10,1,0.42,2010-06-14 12:39:00,2011-11-27 13:26:00,6.769230769230769,0.0008137193075248693,99.69774026449588
21734,SMALL MARAKESH LANTERN ON STICK,88,479.62,25,11,2,5.6850000000000005,2009-12-07 18:02:00,2010-03-10 16:24:00,3.52,0.0008137193075248693,99.69855398380341
17090D,VANILLA INCENSE 40 CONES IN TIN,88,105.2,28,25,1,1.25,2009-12-13 11:34:00,2011-07-11 11:38:00,3.142857142857143,0.0008137193075248693,99.69936770311094
21553,CERAMIC BIRDHOUSE FINCH BLUE  LARGE,87,556.37,36,9,2,5.95,2009-12-07 13:49:00,2010-04-06 15:08:00,2.4166666666666665,0.0008044724972120867,99.70017217560815
90119,METALIC LEAVES BAG CHARMS,87,218.47,40,33,2,2.46,2010-06-23 10:53:00,2011-12-02 16:14:00,2.175,0.0008044724972120867,99.70097664810535
90030C,BROWN KUKUI COCONUT SEED NECKLACE,87,151.3,16,13,5,3.41,2009-12-09 09:51:00,2011-11-25 10:20:00,5.4375,0.0008044724972120867,99.70178112060256
84671B,CROCHET BEAR WITH BLUE STRIPES,86,240.26,24,4,1,2.55,2009-12-07 13:07:00,2010-01-11 09:34:00,3.5833333333333335,0.0007952256868993041,99.70257634628946
90210C,RED   ACRYLIC FACETED BANGLE,86,131.26000000000002,9,8,1,2.95,2010-02-09 13:08:00,2011-06-29 15:58:00,9.555555555555555,0.0007952256868993041,99.70337157197636
17129C,SKY BLUE COLOUR GLASS GEMS IN BAG,86,57.98,11,10,1,0.85,2009-12-09 15:03:00,2010-05-04 10:47:00,7.818181818181818,0.0007952256868993041,99.70416679766326
84455,SET OF 3 RABBIT CARROTS EASTER,85,77.96,20,12,2,0.85,2010-01-11 09:35:00,2010-04-09 16:54:00,4.25,0.0007859788765865215,99.70495277653986
16202C,BEIGE PHOTO ALBUM,85,207.19,11,8,3,1.95,2009-12-08 13:41:00,2010-05-06 12:40:00,7.7272727272727275,0.0007859788765865215,99.70573875541645
21304,ARCHED GREY MIRROR,85,578.83,17,9,2,12.75,2009-12-08 10:41:00,2010-04-13 14:36:00,5.0,0.0007859788765865215,99.70652473429304
85121B,RETRO LAUNDRY TUB PINK,85,919.39,47,20,5,8.5,2009-12-08 15:49:00,2010-06-27 13:11:00,1.8085106382978724,0.0007859788765865215,99.70731071316963
84472,PINK AND LILAC QUILTED THROW,85,3310.42,28,17,3,45.95,2009-12-09 14:02:00,2010-05-11 13:30:00,3.0357142857142856,0.0007859788765865215,99.70809669204623
84874B,BLUE TRAVEL FIRST AID KIT,85,140.10999999999999,35,30,3,1.65,2010-01-19 15:39:00,2011-08-02 09:29:00,2.4285714285714284,0.0007859788765865215,99.70888267092282
90071,RUBY GLASS CLUSTER EARRINGS,85,106.47,71,48,1,1.26,2009-12-10 09:49:00,2011-12-02 16:39:00,1.1971830985915493,0.0007859788765865215,99.70966864979941
84705B,FAIRY CAKES PHOTO FRAME,84,113.27,3,2,1,1.25,2009-12-08 12:30:00,2009-12-23 07:57:00,28.0,0.0007767320662737389,99.71044538186568
90112,PINK DOLLY HAIR CLIPS,84,91.25,20,17,1,1.05,2009-12-07 11:05:00,2010-12-23 16:31:00,4.2,0.0007767320662737389,99.71122211393195
84873a,FUNKY FLOWER PICNIC BAG FOR 4,84,928.3199999999999,55,10,1,11.02,2009-12-22 14:48:00,2010-06-04 14:49:00,1.5272727272727273,0.0007767320662737389,99.71199884599822
35793,S/3 PUPPIES CHRISTMAS DECORATIONS,83,139.49,12,3,1,2.95,2009-12-07 11:40:00,2009-12-22 15:09:00,6.916666666666667,0.0007674852559609562,99.71276633125419
20901,VINTAGE KEEPSAKE BOX PINK FLOWER,83,742.48,64,33,3,12.72,2009-12-10 09:49:00,2011-11-14 14:39:00,1.296875,0.0007674852559609562,99.71353381651015
84706C,PINK FLOCK TABLE CLOCK,83,161.85,3,3,1,1.95,2009-12-17 09:09:00,2010-01-27 12:39:00,27.666666666666668,0.0007674852559609562,99.71430130176611
22486,PLASMATRONIC LAMP,83,760.43,35,25,2,12.75,2010-03-08 12:45:00,2011-11-30 15:13:00,2.3714285714285714,0.0007674852559609562,99.71506878702208
21461,BLUE EASTER EGG HUNT START POST,82,171.04,23,14,2,1.95,2010-01-29 09:21:00,2011-04-06 17:08:00,3.5652173913043477,0.0007582384456481737,99.71582702546772
22879,NUMBER TILE VINTAGE FONT 0,82,134.4,21,19,1,4.13,2010-10-19 15:36:00,2011-10-04 16:37:00,3.9047619047619047,0.0007582384456481737,99.71658526391336
84464,S/60 PINK FLUFFY CHICKS IN BOX,82,179.1,11,6,2,2.55,2010-01-08 15:19:00,2010-02-19 14:11:00,7.454545454545454,0.0007582384456481737,99.717343502359
90173,PAIR BUTTERFLY HAIR CLIPS,81,306.64,51,35,2,3.81,2009-12-09 09:51:00,2011-10-12 11:41:00,1.588235294117647,0.000748991635335391,99.71809249399433
45008C,DECORATIVE NET CANOPY CREAM,81,774.17,33,18,6,8.95,2009-12-14 18:03:00,2010-07-14 14:30:00,2.4545454545454546,0.000748991635335391,99.71884148562967
16248B,BLUE HOLE PUNCH,81,101.25,12,9,1,1.25,2010-09-20 12:54:00,2011-10-30 15:55:00,6.75,0.000748991635335391,99.719590477265
90013C,GREEN VINTAGE EARRINGS,81,325.92,53,40,3,4.15,2009-12-16 17:01:00,2011-12-02 16:39:00,1.528301886792453,0.000748991635335391,99.72033946890033
90129F,RED GLASS TASSLE BAG CHARM,80,180.31,40,30,3,1.66,2009-12-16 12:17:00,2011-11-17 14:24:00,2.0,0.0007397448250226085,99.72107921372536
23019,SMALL APOTHECARY MEASURING JAR,80,620.8000000000001,27,17,5,8.25,2011-06-21 14:00:00,2011-12-04 14:55:00,2.962962962962963,0.0007397448250226085,99.72181895855039
90125C,TURQUOISE BERTIE GLASS BEAD CHARM,80,76.14999999999999,9,8,1,1.63,2009-12-20 14:40:00,2011-05-26 14:09:00,8.88888888888889,0.0007397448250226085,99.72255870337541
20835,FRENCH LATTICE CUSHION COVER,80,87.02,10,9,2,0.83,2010-03-03 16:37:00,2011-11-10 15:23:00,8.0,0.0007397448250226085,99.72329844820044
21757,LIGHTHOUSE PRINTED METAL SIGN,80,454.3,42,20,1,4.95,2009-12-08 14:03:00,2011-02-17 12:29:00,1.9047619047619047,0.0007397448250226085,99.72403819302546
46775A,BUBBLE GUM CHUNKY KNITTED THROW,80,940.01,30,5,2,11.02,2009-12-11 16:11:00,2010-02-24 13:48:00,2.6666666666666665,0.0007397448250226085,99.72477793785049
90030A,SPOTTED WHITE NATURAL SEED NECKLACE,79,113.76,10,8,4,1.0,2009-12-09 09:51:00,2011-11-28 13:51:00,7.9,0.0007304980147098258,99.7255084358652
23462,ROCOCO WALL MIRROR WHITE,79,1587.09,45,7,3,19.95,2011-10-20 13:06:00,2011-12-02 12:52:00,1.7555555555555555,0.0007304980147098258,99.7262389338799
90089,PINK CRYSTAL SKULL PHONE CHARM,79,79.22999999999999,23,21,1,1.63,2009-12-08 15:49:00,2011-11-29 16:47:00,3.4347826086956523,0.0007304980147098258,99.7269694318946
90143,SILVER BRACELET W PASTEL FLOWER,79,599.13,41,32,1,7.5,2009-12-14 18:03:00,2011-12-01 16:22:00,1.9268292682926829,0.0007304980147098258,99.7276999299093
35597B,BLACKCHRISTMAS TREE 30CM,78,224.1,7,7,3,1.25,2009-12-13 15:54:00,2010-12-06 12:15:00,11.142857142857142,0.0007212512043970432,99.7284211811137
84745B,BLUE HANGING GINGHAM EASTER HEN,78,32.76,16,16,1,0.42,2010-01-10 14:26:00,2011-04-27 12:08:00,4.875,0.0007212512043970432,99.7291424323181
23580,SNACK TRAY HAPPY FOREST,78,158.64,17,2,2,1.95,2011-11-27 11:57:00,2011-12-04 13:34:00,4.588235294117647,0.0007212512043970432,99.7298636835225
84529C,YELLOW KNITTED KIDS RUCKSACK,78,414.74,37,13,3,4.21,2009-12-16 10:39:00,2010-06-04 15:50:00,2.108108108108108,0.0007212512043970432,99.73058493472689
84414B,FUSCHIA/GREEN STRIPE WOOLLY BLANKET,78,536.24,9,6,2,5.95,2009-12-10 15:45:00,2010-03-25 11:28:00,8.666666666666666,0.0007212512043970432,99.73130618593129
84206A,3 BLACK CATS W HEARTS BLANK CARD,78,14.820000000000002,8,6,2,0.19,2010-01-25 15:54:00,2011-11-25 11:54:00,9.75,0.0007212512043970432,99.73202743713568
40002,WHITE BAMBOO RIBS LAMPSHADE,78,66.3,1,1,1,0.85,2009-12-18 11:18:00,2009-12-18 11:18:00,78.0,0.0007212512043970432,99.73274868834008
22888,NUMBER TILE VINTAGE FONT 9,78,126.69999999999999,22,19,1,4.13,2010-11-04 13:14:00,2011-11-24 14:06:00,3.5454545454545454,0.0007212512043970432,99.73346993954448
37508,NEW ENGLAND CERAMIC CAKE SERVER,78,198.89999999999998,42,26,1,2.55,2009-12-08 13:41:00,2010-08-24 17:21:00,1.8571428571428572,0.0007212512043970432,99.73419119074887
90205C,LARGE CRYSTAL DIAMANTE HAIRSLIDE,78,122.31,24,20,2,1.65,2009-12-09 09:42:00,2011-11-28 15:31:00,3.25,0.0007212512043970432,99.73491244195327
20818,GOLD TEDDY BEAR,77,231.0,24,19,2,3.75,2009-12-10 11:55:00,2011-05-04 13:36:00,3.2083333333333335,0.0007120043940842606,99.73562444634736
84865,NEW BAROQUE BLACK PHOTO ALBUM,77,639.42,48,29,4,8.5,2009-12-22 09:41:00,2011-07-01 13:02:00,1.6041666666666667,0.0007120043940842606,99.73633645074145
23043,PAPER LANTERN 9 POINT HOLLY STAR L,77,493.67,21,12,1,6.25,2011-05-05 18:16:00,2011-11-25 15:23:00,3.6666666666666665,0.0007120043940842606,99.73704845513554
84527,FLAMES SUNGLASSES PINK LENSES,77,146.10999999999999,22,18,1,1.95,2010-03-30 12:36:00,2011-11-25 11:20:00,3.5,0.0007120043940842606,99.73776045952962
16201A,PASTEL PINK PHOTO ALBUM,77,166.57,7,6,1,1.95,2010-02-26 09:47:00,2010-09-09 11:00:00,11.0,0.0007120043940842606,99.73847246392371
84226,HEN HOUSE W FAMILY IN BARN & NEST,77,58.31,18,15,2,0.85,2010-02-28 13:55:00,2011-06-08 10:45:00,4.277777777777778,0.0007120043940842606,99.7391844683178
23487,SWEET HEART CAKE CARRIER,77,765.7299999999999,42,7,4,9.95,2011-10-14 11:15:00,2011-11-25 16:13:00,1.8333333333333333,0.0007120043940842606,99.73989647271189
DCGSSBOY,BOYS PARTY BAG,77,251.35,21,17,1,3.29,2010-06-21 15:13:00,2011-12-01 16:22:00,3.6666666666666665,0.0007120043940842606,99.74060847710598
90210A,GREY ACRYLIC FACETED BANGLE,77,174.94,19,14,2,2.95,2009-12-10 14:19:00,2011-06-29 15:58:00,4.052631578947368,0.0007120043940842606,99.74132048150007
90214R,"LETTER ""R"" BLING KEY RING",77,88.71,47,37,1,0.85,2009-12-07 13:59:00,2011-09-29 15:13:00,1.6382978723404256,0.0007120043940842606,99.74203248589416
78033,FLAG OF ST GEORGE CHAIR,76,370.6,16,14,2,5.95,2010-01-27 16:34:00,2011-10-06 09:37:00,4.75,0.000702757583771478,99.74273524347792
35603C,SET/16 WHITE SHINY & MATT BAUBLES,76,33.6,21,15,1,0.42,2009-12-07 15:26:00,2010-11-09 12:07:00,3.619047619047619,0.000702757583771478,99.74343800106169
79303D,LILAC FLOWER BLOCK TABLE LAMP,76,260.37,17,10,1,5.91,2009-12-09 11:52:00,2010-08-09 18:31:00,4.470588235294118,0.000702757583771478,99.74414075864546
22655,VINTAGE RED KITCHEN CABINET,76,12845.0,53,31,3,125.0,2010-07-12 10:43:00,2011-11-01 15:06:00,1.4339622641509433,0.000702757583771478,99.74484351622922
90214G,"LETTER ""G"" BLING KEY RING",75,85.92999999999999,45,33,1,0.85,2009-12-13 13:03:00,2011-11-14 09:00:00,1.6666666666666667,0.0006935107734586955,99.74553702700268
21270,ANTIQUE CREAM CUTLERY CUPBOARD,75,861.68,50,26,4,12.75,2009-12-08 14:56:00,2011-11-28 14:44:00,1.5,0.0006935107734586955,99.74623053777614
20845,ZINC HEART LATTICE 2 WALL PLANTER,75,489.27,23,17,2,6.35,2009-12-14 17:16:00,2011-08-16 13:13:00,3.260869565217391,0.0006935107734586955,99.7469240485496
21102,"CANDLE IN JAR COLLAGE , VANILLA",75,203.23,18,10,2,2.55,2009-12-07 14:58:00,2010-03-12 13:08:00,4.166666666666667,0.0006935107734586955,99.74761755932306
84549,CROCHET WHITE RABBIT KEYRING,75,137.26999999999998,16,15,2,1.65,2009-12-08 17:44:00,2011-11-08 18:41:00,4.6875,0.0006935107734586955,99.74831107009652
84510a,SET OF 4 ENGLISH ROSE COASTERS,75,185.7,58,33,1,2.46,2010-06-24 11:35:00,2011-06-28 11:53:00,1.293103448275862,0.0006935107734586955,99.74900458086998
20847,ZINC HEART LATTICE CHARGER LARGE,75,311.57,25,24,3,3.75,2009-12-10 20:22:00,2011-11-25 11:54:00,3.0,0.0006935107734586955,99.74969809164344
23116,VEGETABLE GARDEN CHOPPING BOARD,75,377.49,21,10,3,4.95,2011-09-30 15:04:00,2011-12-01 16:22:00,3.5714285714285716,0.0006935107734586955,99.7503916024169
84925E,FLOWERS WALL THERMOMETER,74,127.49999999999999,2,2,1,2.125,2009-12-11 10:37:00,2010-01-12 15:57:00,37.0,0.0006842639631459128,99.75107586638005
84367,LA STREGA CANVAS PICTURE,74,126.29999999999998,8,8,1,1.65,2009-12-09 09:34:00,2010-08-04 08:05:00,9.25,0.0006842639631459128,99.7517601303432
82553,POP'S GREASY SPOON METAL SIGN,74,153.92999999999998,32,8,1,3.36,2009-12-07 18:02:00,2010-02-18 13:15:00,2.3125,0.0006842639631459128,99.75244439430635
84877A,PINK ROUND COMPACT MIRROR,74,185.66,17,16,2,3.75,2009-12-17 17:54:00,2011-06-13 15:30:00,4.352941176470588,0.0006842639631459128,99.7531286582695
72129,COLUMBIAN CANDLE ROUND,74,49.11000000000001,18,15,1,0.65,2009-12-18 16:04:00,2010-09-29 13:00:00,4.111111111111111,0.0006842639631459128,99.75381292223265
72709,IVORY SCULPTED RND CANDLE,74,62.9,13,12,2,0.85,2010-04-19 14:08:00,2011-11-13 16:22:00,5.6923076923076925,0.0006842639631459128,99.7544971861958
90214D,"LETTER ""D"" BLING KEY RING",74,81.36,46,37,1,0.85,2010-01-12 17:15:00,2011-11-14 09:00:00,1.608695652173913,0.0006842639631459128,99.75518145015896
84989a,75 GREEN FAIRY CAKE CASES,74,150.57,41,37,1,2.08,2010-06-04 14:59:00,2011-08-24 10:22:00,1.8048780487804879,0.0006842639631459128,99.75586571412211
23417,BATHROOM HOOK,73,126.13,18,9,1,1.65,2011-09-07 15:52:00,2011-12-04 15:19:00,4.055555555555555,0.0006750171528331302,99.75654073127494
90094,NECKLACE+BRACELET SET FRUIT SALAD,73,185.07,37,22,1,2.55,2010-06-27 13:11:00,2011-11-29 12:06:00,1.972972972972973,0.0006750171528331302,99.75721574842777
90158,ST TROPEZ NECKLACE,73,365.96000000000004,59,44,1,4.98,2009-12-14 17:16:00,2011-12-02 16:39:00,1.2372881355932204,0.0006750171528331302,99.7578907655806
23444,Next Day Carriage,73,1110.0,73,25,1,15.0,2011-05-26 16:11:00,2011-12-04 10:56:00,1.0,0.0006750171528331302,99.75856578273343
84782C,GREEN 3 TIER GLASS PLATE STAND,73,497.15,17,14,3,12.75,2009-12-10 10:57:00,2010-09-06 10:19:00,4.294117647058823,0.0006750171528331302,99.75924079988626
84482,BUTTONS DESIGN JEWELLERY BOX,73,285.52,31,20,1,3.75,2009-12-08 12:38:00,2010-10-03 14:36:00,2.3548387096774195,0.0006750171528331302,99.75991581703909
44217M,MULTICOLOUR FEATHERS CURTAIN,72,236.40000000000003,3,1,1,3.95,2010-02-15 13:20:00,2010-02-15 13:29:00,24.0,0.0006657703425203476,99.76058158738161
23016,GLASS TWIST BON BON JAR,72,559.55,23,14,1,7.85,2011-06-16 16:57:00,2011-12-01 12:01:00,3.130434782608696,0.0006657703425203476,99.76124735772413
84616,SILVER ROCCOCO CHANDELIER,72,1472.62,25,17,2,29.95,2009-12-16 13:16:00,2011-11-22 08:26:00,2.88,0.0006657703425203476,99.76191312806665
23492,VINTAGE JINGLE BELLS WREATH,72,602.38,27,7,2,8.25,2011-10-20 10:10:00,2011-12-02 16:44:00,2.6666666666666665,0.0006657703425203476,99.76257889840917
90206C,CRYSTAL DIAMANTE STAR BROOCH,72,362.33000000000004,51,37,1,4.98,2009-12-14 17:16:00,2011-11-29 16:47:00,1.411764705882353,0.0006657703425203476,99.7632446687517
84596I,WRAP SWEETS LIGHT PINK SMALL BOWL,72,80.62,10,6,1,1.25,2010-02-19 18:04:00,2010-04-11 13:01:00,7.2,0.0006657703425203476,99.76391043909422
90018A,SILVER M.O.P ORBIT DROP EARRINGS,72,304.54,53,38,3,4.24,2009-12-14 17:16:00,2011-11-30 15:13:00,1.3584905660377358,0.0006657703425203476,99.76457620943674
21752,GLASS CAKE STAND MIRRORED BASE,71,1139.67,33,15,5,14.95,2009-12-09 09:56:00,2010-09-09 17:46:00,2.1515151515151514,0.000656523532207565,99.76523273296895
46138B,BLUE CHENILLE SHAGGY CUSHION COVER,71,156.29,25,22,2,1.95,2009-12-07 17:56:00,2011-11-13 15:58:00,2.84,0.000656523532207565,99.76588925650117
47583A,SET OF 3 WICKER BASKET ROSE,71,612.8199999999999,6,4,1,24.95,2010-01-11 13:51:00,2010-02-17 16:40:00,11.833333333333334,0.000656523532207565,99.76654578003338
90160D,PINK BOUDICCA LARGE BRACELET,70,487.52000000000004,24,22,2,6.95,2009-12-10 14:19:00,2011-11-17 14:24:00,2.9166666666666665,0.0006472767218947824,99.76719305675527
44241C,BLUE BUTTERFLY ON SPRING,70,59.5,8,7,1,0.85,2010-01-25 15:36:00,2010-08-04 13:42:00,8.75,0.0006472767218947824,99.76784033347717
90040B,MURANO STYLE GLASS BRACELET BLACK,70,252.07,35,30,2,3.73,2009-12-08 15:49:00,2011-05-06 15:40:00,2.0,0.0006472767218947824,99.76848761019906
90160B,RED BOUDICCA LARGE BRACELET,70,483.55,28,24,2,6.95,2010-01-13 17:51:00,2011-11-09 15:07:00,2.5,0.0006472767218947824,99.76913488692095
84902,PINK KNITTED COW STUFFED TOY,70,272.18,47,22,1,3.75,2009-12-07 17:56:00,2010-07-04 13:31:00,1.4893617021276595,0.0006472767218947824,99.76978216364284
23560,SET OF 6 RIBBONS COUNTRY STYLE,70,213.9,16,2,3,2.89,2011-11-27 11:57:00,2011-12-02 15:39:00,4.375,0.0006472767218947824,99.77042944036474
16202E,BLACK PHOTO ALBUM,70,139.32999999999998,13,10,1,1.95,2009-12-14 17:57:00,2011-04-17 13:43:00,5.384615384615385,0.0006472767218947824,99.77107671708663
84247C,PACK/12 BLUE REINDEER CARD,70,206.50000000000003,20,13,3,2.95,2009-12-07 14:58:00,2010-11-29 11:54:00,3.5,0.0006472767218947824,99.77172399380852
84247K,"FOLK ART GREETING CARD,pack/12",70,218.73000000000002,26,23,3,2.95,2009-12-07 18:02:00,2011-10-16 16:13:00,2.6923076923076925,0.0006472767218947824,99.77237127053041
23137,ZINC WIRE SWEETHEART LETTER TRAY,70,259.37,21,13,1,3.75,2011-04-21 16:53:00,2011-11-30 17:37:00,3.3333333333333335,0.0006472767218947824,99.7730185472523
85112,S/3 TEAR DROP CUT GLASS DECORATION,70,129.74,20,5,1,1.25,2009-12-07 13:24:00,2010-02-07 11:57:00,3.5,0.0006472767218947824,99.7736658239742
20787,BLUE RETRO BAR STOOL,69,2535.1,30,16,1,34.0,2010-01-17 12:40:00,2010-09-22 15:11:00,2.3,0.0006380299115819998,99.77430385388578
84619,BLUE GINGHAM ROSE QUILT,69,1485.1100000000001,26,9,3,45.95,2009-12-07 09:42:00,2010-03-03 09:10:00,2.6538461538461537,0.0006380299115819998,99.77494188379737
84447,6 RABBIT CHAIN EASTER,69,72.42,19,7,3,1.66,2010-01-27 16:41:00,2010-03-23 12:11:00,3.6315789473684212,0.0006380299115819998,99.77557991370895
90184C,BLACK CHUNKY BEAD BRACELET W STRAP,69,624.8399999999999,47,34,2,8.95,2009-12-10 15:56:00,2011-11-25 16:14:00,1.4680851063829787,0.0006380299115819998,99.77621794362054
90185D,CRYSTAL DIAMANTE EXPANDABLE RING,68,289.0,34,22,1,4.25,2009-12-18 17:06:00,2011-06-02 17:26:00,2.0,0.0006287831012692171,99.7768467267218
37487B,YELLOW/ORANGE FLOWER DESIGN PLATE,68,19.72,2,1,1,0.29,2011-04-11 11:51:00,2011-04-13 11:48:00,34.0,0.0006287831012692171,99.77747550982306
90145,SILVER HOOP EARRINGS WITH FLOWER,68,413.65000000000003,41,36,4,5.95,2009-12-07 18:02:00,2011-11-29 10:57:00,1.6585365853658536,0.0006287831012692171,99.77810429292433
44089C,LILAC GAUZE BUTTERFLY LAMPSHADE,68,28.56,18,15,1,0.42,2010-02-04 12:08:00,2011-09-23 13:12:00,3.7777777777777777,0.0006287831012692171,99.77873307602559
90186A,AMETHYST HOOP EARRING FLORAL LEAF,68,200.70000000000002,32,21,1,2.95,2009-12-08 14:36:00,2011-11-29 16:33:00,2.125,0.0006287831012692171,99.77936185912685
90203,SILVER CHARM NECKLACE 70CM,68,511.77,33,21,1,7.5,2009-12-08 15:49:00,2010-10-25 11:54:00,2.0606060606060606,0.0006287831012692171,99.77999064222811
48173c,DOORMAT BLACK FLOCK,68,1095.81,36,22,1,16.98,2010-03-29 14:56:00,2011-05-03 09:44:00,1.8888888888888888,0.0006287831012692171,99.78061942532938
90129D,AMBER GLASS TASSLE BAG CHARM,67,161.57000000000002,34,25,2,1.66,2009-12-16 12:17:00,2011-10-19 15:08:00,1.9705882352941178,0.0006195362909564346,99.78123896162033
72799D,BLUE PILLAR CANDLE SILVER FLOCK,67,200.41,16,12,2,2.95,2009-12-07 18:02:00,2010-09-29 13:20:00,4.1875,0.0006195362909564346,99.78185849791129
90214H,"LETTER ""H"" BLING KEY RING",67,70.19,49,34,1,0.85,2009-12-09 15:03:00,2011-11-18 15:59:00,1.3673469387755102,0.0006195362909564346,99.78247803420224
84745A,PINK HANGING GINGHAM EASTER HEN,66,27.72,14,14,1,0.42,2010-01-10 14:26:00,2011-04-27 12:08:00,4.714285714285714,0.000610289480643652,99.78308832368289
85205A,IVORY FELT EASTER RABBIT GARLAND,66,168.29999999999998,21,8,1,2.55,2010-02-02 12:47:00,2010-03-23 12:11:00,3.142857142857143,0.000610289480643652,99.78369861316354
21686,MEDINA STAMPED METAL STOOL,65,2460.1400000000003,33,28,1,39.95,2009-12-11 14:34:00,2011-10-02 15:33:00,1.9696969696969697,0.0006010426703308694,99.78429965583386
37468,HARDMAN MUG 3 ASSORTED,65,39.81,14,12,1,0.39,2009-12-18 17:15:00,2011-10-19 16:16:00,4.642857142857143,0.0006010426703308694,99.78490069850419
23471,SIX DRAWER OFFICE TIDY,65,616.79,27,10,2,9.95,2011-09-30 15:02:00,2011-12-02 17:12:00,2.4074074074074074,0.0006010426703308694,99.78550174117451
90164B,WHITE  ROSEBUD PEARL BRACELET,65,347.65,33,30,1,7.64,2009-12-09 09:42:00,2011-11-30 14:33:00,1.9696969696969697,0.0006010426703308694,99.78610278384484
84882,GREEN WIRE STANDING CANDLE HOLDER,65,285.68,35,31,1,3.75,2009-12-11 14:20:00,2011-11-30 17:37:00,1.8571428571428572,0.0006010426703308694,99.78670382651516
90019A,SILVER M.O.P ORBIT BRACELET,65,337.93,48,40,3,5.4,2009-12-15 18:33:00,2011-11-29 16:47:00,1.3541666666666667,0.0006010426703308694,99.78730486918549
85168B,BLACK BAROQUE CARRIAGE CLOCK,65,592.48,48,29,2,8.47,2010-01-05 15:29:00,2011-12-02 16:39:00,1.3541666666666667,0.0006010426703308694,99.78790591185582
44236,PINK/PURPLE CIRCLE CURTAIN,64,112.32000000000001,12,10,1,4.65,2010-01-24 11:03:00,2011-08-21 16:24:00,5.333333333333333,0.0005917958600180868,99.78849770771583
90184B,AMETHYST CHUNKY BEAD BRACELET W STR,64,579.13,42,33,2,8.95,2009-12-07 18:02:00,2011-12-02 16:14:00,1.5238095238095237,0.0005917958600180868,99.78908950357585
23017,APOTHECARY MEASURING JAR,64,751.4000000000001,21,16,5,12.5,2011-06-26 13:56:00,2011-11-21 16:25:00,3.0476190476190474,0.0005917958600180868,99.78968129943587
77079,DOLPHIN WINDMILL,64,135.68,12,11,1,2.12,2010-03-03 13:57:00,2011-06-12 12:01:00,5.333333333333333,0.0005917958600180868,99.79027309529589
84707B,PINK JEWELLED MIRROR TRINKET TRAY,64,589.27,48,36,3,8.47,2009-12-08 15:00:00,2011-10-19 16:16:00,1.3333333333333333,0.0005917958600180868,99.7908648911559
21663,VINTAGE GLASS SUGAR CADDY,63,416.81,30,14,1,5.95,2009-12-08 15:49:00,2010-04-13 13:31:00,2.1,0.0005825490497053041,99.79144744020562
90214B,"LETTER ""B"" BLING KEY RING",63,68.85,39,30,1,0.85,2009-12-09 15:03:00,2011-09-21 15:34:00,1.6153846153846154,0.0005825490497053041,99.79202998925533
85039a,SET/4 RED MINI ROSE CANDLE IN BOWL,63,209.16,43,31,1,3.29,2010-02-19 10:49:00,2011-11-30 15:33:00,1.4651162790697674,0.0005825490497053041,99.79261253830504
72740A,LARGE STRAWBERRY CHOCOLATE CANDLE,63,130.89,10,3,1,3.86,2009-12-07 11:29:00,2010-01-05 12:13:00,6.3,0.0005825490497053041,99.79319508735475
23576,SNACK TRAY RED VINTAGE DOILY,63,129.39,15,2,3,1.95,2011-11-27 12:13:00,2011-12-04 13:34:00,4.2,0.0005825490497053041,99.79377763640446
90149,SILVER FLOWR PINK SHELL NECKLACE,62,410.26000000000005,9,8,1,7.5,2010-01-31 15:17:00,2011-12-02 16:39:00,6.888888888888889,0.0005733022393925216,99.79435093864384
90042A,FRESHWATER PEARL BRACELET GOLD,62,158.24,32,20,1,2.54,2009-12-07 17:56:00,2011-04-13 16:58:00,1.9375,0.0005733022393925216,99.79492424088323
79342B,BROWN FLOWER LIGHTS,62,487.0,28,12,1,6.75,2009-12-08 12:41:00,2010-04-06 13:30:00,2.2142857142857144,0.0005733022393925216,99.79549754312262
84509c,SET OF 4 POLKADOT PLACEMATS,62,467.64,41,28,1,7.62,2010-03-29 15:06:00,2011-11-23 11:11:00,1.5121951219512195,0.0005733022393925216,99.79607084536201
90214N,"LETTER ""N"" BLING KEY RING",62,69.72,38,35,1,0.85,2009-12-07 15:15:00,2011-11-30 14:00:00,1.631578947368421,0.0005733022393925216,99.7966441476014
17013F,ORIGAMI SANDLEWOOD INCENSE IN TUBE,62,26.7,5,5,2,1.65,2009-12-21 17:20:00,2010-08-20 09:23:00,12.4,0.0005733022393925216,99.79721744984079
21761,WOOD AND GLASS MEDICINE CABINET,62,1724.9,21,19,3,29.95,2010-01-18 12:59:00,2011-12-04 13:20:00,2.9523809523809526,0.0005733022393925216,99.79779075208018
37474,SET/4 2 TONE EGG SHAPE MIXING BOWLS,62,641.0999999999999,43,30,5,9.95,2009-12-10 16:39:00,2010-12-06 16:57:00,1.441860465116279,0.0005733022393925216,99.79836405431956
84402B,PURPLE DRESS JEWELLERY STAND,62,51.14,4,2,2,0.79,2010-11-17 12:57:00,2011-07-21 16:10:00,15.5,0.0005733022393925216,99.79893735655895
84906,PINK B'FLY C/COVER W BOBBLES,62,283.67,20,18,3,5.95,2010-01-06 13:56:00,2011-05-23 11:52:00,3.1,0.0005733022393925216,99.79951065879834
90070,RUBY GLASS CLUSTER BRACELET,62,378.65000000000003,34,30,2,6.23,2009-12-09 09:42:00,2011-11-24 09:26:00,1.8235294117647058,0.0005733022393925216,99.80008396103773
84251J,"GREETING CARD, THE BLACK CAT",62,32.0,16,10,2,0.84,2009-12-07 18:02:00,2010-06-07 10:54:00,3.875,0.0005733022393925216,99.80065726327712
84613C,BLUE NEW BAROQUE FLOCK CANDLESTICK,62,258.06,12,11,1,4.65,2010-03-15 16:13:00,2010-12-08 12:35:00,5.166666666666667,0.0005733022393925216,99.8012305655165
84388,WISE MAN STAR SHAPE EGG PAN,62,75.83999999999999,19,10,1,1.65,2009-12-07 15:15:00,2011-04-19 15:02:00,3.263157894736842,0.0005733022393925216,99.8018038677559
90161A,ANT COPPER RED BOUDICCA BRACELET,61,305.38,40,33,1,5.035,2009-12-10 14:19:00,2011-11-16 15:16:00,1.525,0.0005640554290797389,99.80236792318497
72369A,PINK CLEAR GLASS CANDLE PLATE,61,93.78999999999999,13,12,1,1.25,2010-01-04 10:43:00,2011-11-28 13:37:00,4.6923076923076925,0.0005640554290797389,99.80293197861405
90130B,TURQ STONE/CRYSTAL EARRINGS,61,179.34,46,34,1,2.95,2009-12-14 18:03:00,2011-12-02 16:39:00,1.326086956521739,0.0005640554290797389,99.80349603404314
35645,VINTAGE BEAD PINK JEWEL BOX,61,301.81,34,24,3,4.25,2009-12-09 14:48:00,2011-10-20 13:06:00,1.7941176470588236,0.0005640554290797389,99.80406008947222
22824,3 TIER SWEETHEART GARDEN SHELF,61,2153.9500000000003,48,31,4,35.95,2010-11-07 14:17:00,2011-11-23 08:17:00,1.2708333333333333,0.0005640554290797389,99.8046241449013
90010B,BLACK/WHITE GLASS/SILVER BRACELET,61,559.0899999999999,32,22,1,8.95,2009-12-14 17:57:00,2011-04-10 11:45:00,1.90625,0.0005640554290797389,99.80518820033038
90059D,DIAMANTE HAIR GRIP PACK/2 PERIDOT,61,101.72,38,30,3,1.69,2009-12-15 13:21:00,2011-11-24 09:21:00,1.605263157894737,0.0005640554290797389,99.80575225575946
72821,CUPID SCENTED CANDLE IN GLASS,61,100.64999999999999,14,11,1,1.65,2010-01-31 14:25:00,2011-02-10 16:17:00,4.357142857142857,0.0005640554290797389,99.80631631118854
79026B,"S/4 ICON COASTER,ELVIS LIVES",61,72.64999999999999,31,18,1,1.25,2009-12-07 17:56:00,2011-05-18 14:50:00,1.967741935483871,0.0005640554290797389,99.80688036661762
90185B,AMETHYST DIAMANTE EXPANDABLE RING,61,259.03000000000003,31,22,2,4.25,2009-12-09 09:51:00,2011-11-22 15:41:00,1.967741935483871,0.0005640554290797389,99.8074444220467
44091C,MULTICOLOUR CRUSOE CHECK LAMPSHADE,61,30.66,17,14,2,0.42,2009-12-17 19:54:00,2010-08-04 16:27:00,3.588235294117647,0.0005640554290797389,99.80800847747578
47592B,SCOTTIES DESIGN CHILD'S OVERALL,61,119.3,25,12,2,2.1,2009-12-07 15:28:00,2010-07-21 10:42:00,2.44,0.0005640554290797389,99.80857253290486
17014F,ORIGAMI SANDLEWOOD INCENSE CONES,61,23.699999999999996,4,4,2,1.65,2010-01-21 13:33:00,2010-08-20 09:23:00,15.25,0.0005640554290797389,99.80913658833394
23575,SNACK TRAY PAISLEY PARK,61,129.85,15,2,2,1.95,2011-11-27 11:57:00,2011-12-04 13:32:00,4.066666666666666,0.0005640554290797389,99.80970064376302
23579,SNACK TRAY I LOVE LONDON,60,134.44,17,4,3,1.95,2011-10-18 13:11:00,2011-12-04 13:32:00,3.5294117647058822,0.0005548086187669564,99.8102554523818
79331,PINK FLOCK GLASS CANDLEHOLDER,60,73.6,9,8,1,1.65,2010-02-10 13:32:00,2011-04-07 12:04:00,6.666666666666667,0.0005548086187669564,99.81081026100057
72801c,4 ROSE PINK DINNER CANDLES,60,148.75,35,22,1,2.46,2010-02-19 11:06:00,2011-11-30 15:33:00,1.7142857142857142,0.0005548086187669564,99.81136506961934
90197B,BLACK GLASS BRACELET W HEART CHARMS,60,301.94,48,32,2,5.035,2009-12-07 17:56:00,2011-12-01 08:51:00,1.25,0.0005548086187669564,99.81191987823811
82011A,"BATHROOM SCALES, TROPICAL BEACH",59,246.58,34,29,2,3.75,2010-02-03 08:50:00,2011-11-13 16:16:00,1.7352941176470589,0.0005455618084541737,99.81246544004657
23428,IVORY RETRO KITCHEN WALL CLOCK,59,486.81,24,3,4,8.15,2011-11-17 10:01:00,2011-12-04 12:44:00,2.4583333333333335,0.0005455618084541737,99.81301100185502
90154,LAZER CUT NECKLACE W PASTEL BEADS,59,439.65,7,7,1,8.95,2010-06-07 13:02:00,2011-11-18 13:25:00,8.428571428571429,0.0005455618084541737,99.81355656366347
22657,HEN & 2 CHICKS IN BASKET,59,50.15,7,7,1,0.85,2010-01-31 16:02:00,2010-03-21 10:30:00,8.428571428571429,0.0005455618084541737,99.81410212547192
20660,VIP LUGGAGE TAG,59,73.75,20,11,2,1.25,2009-12-09 11:58:00,2010-08-01 12:02:00,2.95,0.0005455618084541737,99.81464768728037
90185C,BLACK DIAMANTE EXPANDABLE RING,59,250.71,30,22,2,4.25,2009-12-08 13:41:00,2011-10-31 14:41:00,1.9666666666666666,0.0005455618084541737,99.81519324908882
22803,IVORY EMBROIDERED QUILT,59,2237.84,36,19,5,39.95,2010-10-22 14:04:00,2011-11-13 14:44:00,1.6388888888888888,0.0005455618084541737,99.81573881089727
90042C,FRESHWATER PEARL BRACELET IVORY,59,150.20999999999998,26,19,1,2.54,2010-06-02 11:54:00,2011-01-11 13:16:00,2.269230769230769,0.0005455618084541737,99.81628437270572
23141,TRIPLE WIRE HOOK PINK HEART,58,248.82000000000002,21,15,2,4.15,2011-04-19 16:52:00,2011-11-30 15:13:00,2.761904761904762,0.0005363149981413911,99.81682068770387
23561,SET OF 6 RIBBONS PARTY,58,170.52,6,2,1,2.89,2011-11-27 13:29:00,2011-12-02 16:39:00,9.666666666666666,0.0005363149981413911,99.81735700270201
23047,PAPER LANTERN 5 POINT SEQUIN STAR,58,333.5,25,19,1,5.75,2011-05-08 11:41:00,2011-11-24 12:30:00,2.32,0.0005363149981413911,99.81789331770015
23305,SET 4 PICNIC CUTLERY BLUEBERRY,58,113.1,7,4,2,1.95,2011-10-23 15:27:00,2011-11-14 08:29:00,8.285714285714286,0.0005363149981413911,99.8184296326983
10124A,SPOTS ON RED BOOKCOVER TAPE,58,24.36,18,16,1,0.42,2010-03-19 14:05:00,2011-11-06 13:00:00,3.2222222222222223,0.0005363149981413911,99.81896594769644
37491C,GREEN/BLUE CERAMIC CANDLE HOLDER,58,167.52,10,7,1,1.65,2009-12-11 15:40:00,2011-07-18 13:33:00,5.8,0.0005363149981413911,99.81950226269458
22826,LOVE SEAT ANTIQUE WHITE METAL,58,6210.0,41,24,3,85.0,2010-12-10 15:45:00,2011-11-23 12:13:00,1.4146341463414633,0.0005363149981413911,99.82003857769273
90195A,PURPLE GEMSTONE BRACELET,58,513.1999999999999,40,23,1,8.95,2009-12-10 14:19:00,2011-11-09 16:14:00,1.45,0.0005363149981413911,99.82057489269087
84762A,WHITE PICNIC BARBECUE BUCKET,58,508.78,28,14,3,10.75,2010-01-08 10:43:00,2010-06-30 11:08:00,2.0714285714285716,0.0005363149981413911,99.82111120768901
90186B,CRYSTAL HOOP EARRING FLORAL LEAF,57,168.26000000000002,31,24,1,2.95,2009-12-10 09:49:00,2011-11-29 11:05:00,1.8387096774193548,0.0005270681878286086,99.82163827587684
20664,TROPICAL HOLIDAY PURSE,57,155.41,31,24,1,2.95,2009-12-15 13:40:00,2011-08-30 10:39:00,1.8387096774193548,0.0005270681878286086,99.82216534406466
84559a,3D SHEET OF DOG STICKERS,57,95.69999999999999,40,25,1,1.69,2010-02-01 11:20:00,2011-06-27 09:12:00,1.425,0.0005270681878286086,99.82269241225248
84533B,FAIRY CAKES ROUND NESTING BOXES,57,366.03000000000003,23,12,4,5.95,2009-12-07 11:29:00,2010-03-12 11:19:00,2.4782608695652173,0.0005270681878286086,99.8232194804403
35597D,PINK/WHITE CHRISTMAS TREE 30CM,57,24.630000000000003,6,4,1,0.65,2010-10-28 17:46:00,2011-09-01 16:45:00,9.5,0.0005270681878286086,99.82374654862812
20987,GEISHA GIRL CHOPSTICKS SET/5,57,139.35,10,3,1,4.3,2009-12-07 17:56:00,2009-12-22 15:13:00,5.7,0.0005270681878286086,99.82427361681594
90082B,DIAMANTE BOW BROOCH RED COLOUR,57,361.95,24,21,1,6.35,2009-12-15 13:21:00,2011-11-27 15:18:00,2.375,0.0005270681878286086,99.82480068500377
85136B,BLUE SHARK HELICOPTER,56,449.22,44,27,1,7.95,2009-12-07 18:02:00,2010-12-14 13:31:00,1.2727272727272727,0.0005178213775158259,99.82531850638128
85142,JARDIN ETCHED GLASS GINGER JAR,56,494.63,33,22,2,7.95,2009-12-10 19:35:00,2010-07-08 19:12:00,1.696969696969697,0.0005178213775158259,99.8258363277588
84255B,ORANGE COCKTAIL GLASS LAMP,56,171.26,16,8,1,2.1,2009-12-10 12:21:00,2010-03-09 12:12:00,3.5,0.0005178213775158259,99.82635414913631
85114a,BLACK ENCHANTED FOREST PLACEMAT,56,185.64000000000001,17,14,1,3.29,2009-12-22 15:09:00,2011-06-08 15:25:00,3.2941176470588234,0.0005178213775158259,99.82687197051382
72793,BLACK BOX MIRROR LANTERN,55,268.75,10,9,1,5.95,2009-12-13 14:38:00,2010-10-26 10:22:00,5.5,0.0005085745672030433,99.82738054508103
20879,TREE OF NOAH FESTIVE SCENTED CANDLE,55,62.7,10,3,1,0.65,2009-12-10 20:04:00,2009-12-22 09:52:00,5.5,0.0005085745672030433,99.82788911964823
84539,KNITTED RABBIT DOLL,55,90.75,11,11,1,1.65,2009-12-07 15:28:00,2011-07-10 12:03:00,5.0,0.0005085745672030433,99.82839769421544
90162B,ANT SILVER LIME GREEN BOUDICCA RING,55,162.25000000000003,20,15,3,2.95,2010-03-01 13:10:00,2011-11-09 11:10:00,2.75,0.0005085745672030433,99.82890626878265
90190C,SILVER/AMETHYST DROP EARRINGS LEAF,55,161.82,36,24,2,2.95,2009-12-08 14:36:00,2011-11-29 11:05:00,1.5277777777777777,0.0005085745672030433,99.82941484334985
90185A,AMBER DIAMANTE EXPANDABLE RING,55,233.29,26,23,2,4.24,2009-12-08 15:49:00,2011-11-16 15:16:00,2.1153846153846154,0.0005085745672030433,99.82992341791706
90122A,PINK CRYSTAL+GLASS BRACELET,55,273.89,31,26,1,4.98,2010-01-11 09:33:00,2011-11-15 17:00:00,1.7741935483870968,0.0005085745672030433,99.83043199248426
47344B,BLUE FLOWER DES PURSE,54,56.16,10,9,2,1.25,2009-12-17 15:44:00,2011-06-02 09:37:00,5.4,0.0004993277568902607,99.83093132024115
90122C,TURQUOISE CRYSTAL+GLASS BRACELET,54,269.1,30,24,1,4.965,2009-12-14 18:37:00,2011-12-02 16:39:00,1.8,0.0004993277568902607,99.83143064799803
62043B,BLUE CHECK BAG W HANDLE 34X20CM,54,75.15999999999998,10,8,1,1.24,2010-04-30 15:39:00,2011-05-19 10:20:00,5.4,0.0004993277568902607,99.83192997575492
72771C,BLACK FLOCK GOLD CANDLE,54,42.08,6,1,1,0.42,2009-12-07 17:56:00,2009-12-13 15:17:00,9.0,0.0004993277568902607,99.8324293035118
90010E,AMBER GLASS/SILVER BRACELET,54,483.75,33,28,1,8.95,2009-12-09 12:57:00,2011-12-02 16:39:00,1.6363636363636365,0.0004993277568902607,99.83292863126869
21277,FRENCH STYLE EMBOSSED HEART CABINET,54,1309.3899999999999,48,40,4,21.95,2009-12-08 14:56:00,2011-11-23 15:44:00,1.125,0.0004993277568902607,99.83342795902557
72807c,SET/3 VANILLA SCENTED CANDLE IN BOX,54,460.08000000000004,40,24,1,8.47,2009-12-22 15:04:00,2011-11-23 11:11:00,1.35,0.0004993277568902607,99.83392728678245
84723,CHERRY BLOSSOM CANVAS ART PICTURE,54,201.3,12,12,1,7.95,2010-02-05 15:24:00,2011-08-08 14:37:00,4.5,0.0004993277568902607,99.83442661453934
47369B,BLUE GREEN EMBROIDERY COSMETIC BAG,54,153.18,29,18,1,2.95,2009-12-13 13:17:00,2011-12-01 16:22:00,1.8620689655172413,0.0004993277568902607,99.83492594229622
21118,SHOPPING BAG DOORSTOP,54,85.5,6,4,1,1.25,2009-12-09 15:26:00,2010-01-11 15:33:00,9.0,0.0004993277568902607,99.83542527005311
84510c,SET OF 4 POLKADOT COASTERS,53,131.48,33,23,1,2.46,2010-06-08 15:24:00,2011-11-23 11:11:00,1.606060606060606,0.0004900809465774781,99.83591535099968
35910A,MULTICOLOUR EASTER RABBIT,53,103.35,13,13,2,1.95,2009-12-13 13:27:00,2011-03-28 14:07:00,4.076923076923077,0.0004900809465774781,99.83640543194626
90157,RIVIERA NECKLACE,53,263.28000000000003,24,20,2,4.95,2010-01-20 17:50:00,2011-11-28 15:31:00,2.2083333333333335,0.0004900809465774781,99.83689551289284
90003D,CRYSTAL PAIR HEART HAIR SLIDES,53,199.92,29,23,2,3.75,2009-12-09 09:42:00,2011-11-29 16:47:00,1.8275862068965518,0.0004900809465774781,99.83738559383941
90014A,SILVER/MOP ORBIT NECKLACE,53,481.21,38,33,1,9.95,2009-12-07 18:02:00,2011-11-08 17:09:00,1.394736842105263,0.0004900809465774781,99.83787567478599
23303,SET 4 PICNIC CUTLERY FONDANT,53,103.35,5,3,2,1.95,2011-10-26 13:22:00,2011-11-14 08:29:00,10.6,0.0004900809465774781,99.83836575573257
90144,SILVER DROP EARRINGS WITH FLOWER,53,199.45,33,28,2,3.75,2009-12-07 17:56:00,2011-11-28 15:31:00,1.606060606060606,0.0004900809465774781,99.83885583667914
21298,EDWARDIAN 2 DRAWER WALL CABINET,52,755.8,14,4,1,12.75,2009-12-14 15:38:00,2010-03-03 12:31:00,3.7142857142857144,0.0004808341362646955,99.83933667081541
85185C,COW  SOCK PUPPET,52,153.4,24,17,1,2.95,2009-12-13 16:03:00,2010-08-01 14:35:00,2.1666666666666665,0.0004808341362646955,99.83981750495168
85147,JARDIN ETCHED GLASS CANDLEHLDR LONG,52,257.40000000000003,12,5,1,4.95,2009-12-07 13:00:00,2010-05-02 11:48:00,4.333333333333333,0.0004808341362646955,99.84029833908795
16151A,FLOWERS HANDBAG blue and orange,52,72.5,5,4,1,1.25,2010-04-30 15:39:00,2011-05-25 10:02:00,10.4,0.0004808341362646955,99.84077917322422
90214P,"LETTER ""P"" BLING KEY RING",52,59.339999999999996,30,25,1,1.25,2009-12-07 15:26:00,2011-10-05 15:56:00,1.7333333333333334,0.0004808341362646955,99.84126000736049
84450A,PINK RABBIT SITTING EASTER,52,24.18,5,4,2,0.42,2009-12-16 13:49:00,2010-02-03 12:21:00,10.4,0.0004808341362646955,99.84174084149676
79062D,"RETRO TIN ASHTRAY,REVOLUTIONARY",52,19.4,4,4,1,0.29,2011-02-17 14:36:00,2011-08-16 17:25:00,13.0,0.0004808341362646955,99.84222167563303
17061,ASSORTED SHAPED STENCIL FOR HENNA,52,2.08,1,1,1,0.04,2009-12-07 13:48:00,2009-12-07 13:48:00,52.0,0.0004808341362646955,99.8427025097693
20940,SET/6 GARDEN GNOME T-LIGHT CANDLES,52,156.27,11,1,1,2.95,2009-12-07 12:08:00,2009-12-13 11:28:00,4.7272727272727275,0.0004808341362646955,99.84318334390557
90031,BILI NUT AND WOOD NECKLACE,52,71.9,9,9,4,1.0,2009-12-15 18:33:00,2011-11-25 10:20:00,5.777777777777778,0.0004808341362646955,99.84366417804183
84881,BLUE WIRE SPIRAL CANDLE HOLDER,52,342.94,24,21,2,6.35,2010-01-28 09:09:00,2011-07-17 11:59:00,2.1666666666666665,0.0004808341362646955,99.8441450121781
90175D,TIGRIS EYE CHUNKY CHARM BRACELET,52,473.12,36,32,1,9.15,2009-12-14 17:16:00,2011-12-02 16:39:00,1.4444444444444444,0.0004808341362646955,99.84462584631437
84872a,TEATIME FUNKY FLOWER BACKPACK FOR 2,52,568.91,40,17,1,11.02,2009-12-22 15:10:00,2011-04-26 09:50:00,1.3,0.0004808341362646955,99.84510668045064
84858A,NATURAL RIVIERA HANDBAG,52,116.7,7,5,1,5.95,2010-03-03 14:42:00,2010-09-15 16:17:00,7.428571428571429,0.0004808341362646955,99.84558751458691
90160A,PURPLE BOUDICCA LARGE BRACELET,51,355.44,24,21,2,6.95,2010-01-13 17:44:00,2011-10-09 15:24:00,2.125,0.0004715873259519129,99.84605910191286
71050,SMALL SINGLE FLAME CANDLE HOLDER,51,17.849999999999998,8,7,1,0.35,2010-06-08 14:10:00,2011-12-02 12:52:00,6.375,0.0004715873259519129,99.8465306892388
46307,ROSES BLUE BASE CUSHION COVER,51,246.03,33,17,1,5.91,2009-12-21 17:14:00,2010-07-29 10:26:00,1.5454545454545454,0.0004715873259519129,99.84700227656475
23466,TUSCAN VILLA DOVECOTE BIRD FEEDER,51,448.27,24,8,2,8.25,2011-09-30 08:18:00,2011-11-25 15:23:00,2.125,0.0004715873259519129,99.8474738638907
90088,CRYSTAL KEY+LOCK PHONE CHARM,51,44.199999999999996,11,9,1,0.85,2009-12-10 16:21:00,2010-11-25 13:32:00,4.636363636363637,0.0004715873259519129,99.84794545121665
90101,WHITE FRANGIPANI NECKLACE,51,128.68,28,25,2,2.54,2009-12-09 09:42:00,2011-11-21 15:18:00,1.8214285714285714,0.0004715873259519129,99.84841703854259
85161,ACRYLIC GEOMETRIC LAMP,51,863.85,32,25,3,18.95,2009-12-10 14:07:00,2011-11-27 11:47:00,1.59375,0.0004715873259519129,99.84888862586854
84029D,LEOPARD PRINT HOT WATER BOTTLE,51,183.98000000000002,15,7,1,3.75,2009-12-07 15:26:00,2010-02-08 14:00:00,3.4,0.0004715873259519129,99.84936021319449
84532B,FAIRY CAKES RECTANGLUAR BOXES,51,393.55,28,13,3,5.95,2009-12-07 11:29:00,2010-03-31 12:52:00,1.8214285714285714,0.0004715873259519129,99.84983180052043
21300,ANTIQUE EDWARDIAN DRESSER,51,741.8,11,3,2,12.75,2009-12-14 18:03:00,2010-03-05 10:51:00,4.636363636363637,0.0004715873259519129,99.85030338784638
79161A,ST GEORGE SET OF 10 PARTY LIGHTS,51,150.45000000000002,16,14,1,2.95,2010-03-10 14:49:00,2011-11-22 14:43:00,3.1875,0.0004715873259519129,99.85077497517233
23472,NINE DRAWER OFFICE TIDY,51,789.77,29,10,6,14.95,2011-10-02 12:11:00,2011-12-01 11:38:00,1.7586206896551724,0.0004715873259519129,99.85124656249828
23018,LARGE APOTHECARY MEASURING JAR,51,612.1600000000001,21,13,3,12.5,2011-06-26 13:56:00,2011-11-16 15:26:00,2.4285714285714284,0.0004715873259519129,99.85171814982422
20833,SHAKER THROW  QUILTED,50,711.9,4,3,1,12.75,2009-12-10 12:10:00,2010-03-09 13:29:00,12.5,0.0004623405156391303,99.85218049033986
90059E,DIAMANTE HAIR GRIP PACK/2 RUBY,50,83.36,31,27,3,1.69,2009-12-09 09:42:00,2011-11-17 15:17:00,1.6129032258064515,0.0004623405156391303,99.8526428308555
23692,WRAP A PRETTY THANK YOU,50,21.0,2,2,2,0.42,2011-11-09 11:17:00,2011-11-30 10:54:00,25.0,0.0004623405156391303,99.85310517137114
84623,PINK GINGHAM ROSE FLOOR CUSHION,50,245.68,11,6,1,7.95,2009-12-14 11:48:00,2010-03-03 09:10:00,4.545454545454546,0.0004623405156391303,99.85356751188678
84838,ANT WHITE HIGH RISE BIRD BOX,50,312.5,4,3,1,8.5,2009-12-18 11:32:00,2010-01-12 15:57:00,12.5,0.0004623405156391303,99.85402985240242
35603B,S/16 BLACK SHINY/MAT BAUBLES,50,21.0,2,1,1,0.42,2009-12-17 19:33:00,2009-12-18 15:02:00,25.0,0.0004623405156391303,99.85449219291806
84529A,PINK KNITTED KIDS RUCKSACK,50,290.78,19,11,1,6.75,2009-12-16 10:39:00,2010-04-20 16:21:00,2.6315789473684212,0.0004623405156391303,99.8549545334337
90082A,DIAMANTE BOW BROOCH GREEN COLOUR,50,321.36,28,25,1,6.35,2009-12-07 16:38:00,2011-11-27 15:18:00,1.7857142857142858,0.0004623405156391303,99.85541687394934
90204,PAIR OF ENAMEL BUTTERFLY HAIRCLIP,50,168.46,37,26,3,3.35,2009-12-07 17:56:00,2011-12-01 16:22:00,1.3513513513513513,0.0004623405156391303,99.85587921446498
18010,ASSORTED FRAGRANCE BATH CONFETTI,50,21.0,5,4,1,0.42,2009-12-13 11:16:00,2010-01-28 13:23:00,10.0,0.0004623405156391303,99.85634155498062
TEST001,This is a test product.,50,225.0,9,5,1,4.5,2009-12-14 08:34:00,2010-04-12 09:52:00,5.555555555555555,0.0004623405156391303,99.85680389549626
85040a,S/4 PINK FLOWER CANDLES IN BOWL,50,166.32,33,25,1,3.29,2009-12-22 14:48:00,2011-11-30 15:33:00,1.5151515151515151,0.0004623405156391303,99.8572662360119
90165B,WHITE ROSEBUD  PEARL EARRINGS,49,124.1,32,26,1,2.54,2009-12-09 09:51:00,2011-12-02 16:39:00,1.53125,0.0004530937053263477,99.85771932971723
35973,GERANIUM FOLKART HEART DECORATION,49,61.25,13,6,1,1.25,2009-12-09 14:25:00,2010-03-21 16:13:00,3.769230769230769,0.0004530937053263477,99.85817242342256
90183A,AMBER DROP EARRINGS W LONG BEADS,49,144.0,28,23,2,2.95,2010-01-19 09:05:00,2011-12-02 16:39:00,1.75,0.0004530937053263477,99.85862551712789
21309,LOUVRE CHALKBOARD,49,325.6,5,4,1,9.95,2009-12-08 15:12:00,2010-02-17 16:55:00,9.8,0.0004530937053263477,99.85907861083322
84993a,75 GREEN PETIT FOUR CASES,49,41.05,29,26,1,0.83,2010-01-25 15:42:00,2011-11-13 11:50:00,1.6896551724137931,0.0004530937053263477,99.85953170453855
90214I,"LETTER ""I"" BLING KEY RING",49,57.23,25,21,1,0.85,2009-12-09 15:03:00,2011-10-05 15:56:00,1.96,0.0004530937053263477,99.85998479824389
90040A,MURANO STYLE GLASS BRACELET RED,49,192.22,32,24,2,4.24,2009-12-07 18:02:00,2011-03-07 12:26:00,1.53125,0.0004530937053263477,99.86043789194922
84627,CANDY STRIPE ROSE C/COVER,49,291.55,18,14,1,5.95,2009-12-18 17:24:00,2010-09-26 13:53:00,2.7222222222222223,0.0004530937053263477,99.86089098565455
47574B,ENGLISH ROSE SCENTED HANGING HEART,49,208.25,27,20,1,4.25,2010-01-06 13:56:00,2011-05-18 12:37:00,1.8148148148148149,0.0004530937053263477,99.86134407935988
35240,ENAMEL BLUE RIM OVAL TRAY SET/2,49,416.01,39,20,1,8.49,2010-05-27 19:53:00,2010-11-21 15:56:00,1.2564102564102564,0.0004530937053263477,99.86179717306521
45013,FOLDING SHOE TIDY,48,132.0,8,7,2,2.95,2010-05-12 12:20:00,2011-10-23 14:40:00,6.0,0.00044384689501356507,99.86224101996022
90092,BLUE CRYSTAL BOOT PHONE CHARM,48,41.61,8,7,2,0.85,2010-01-29 17:55:00,2011-01-12 09:26:00,6.0,0.00044384689501356507,99.86268486685523
90081C,LILY BROOCH OLIVE COLOUR,48,240.32000000000002,34,27,1,4.98,2009-12-09 09:42:00,2011-11-29 16:33:00,1.411764705882353,0.00044384689501356507,99.86312871375024
44228,CANNABIS LEAF BEAD CURTAIN,48,40.8,3,3,1,0.85,2010-11-18 16:27:00,2011-08-23 11:16:00,16.0,0.00044384689501356507,99.86357256064525
47341B,BLUE TABLE RUN FLOWER,48,67.5,14,13,2,1.25,2009-12-09 14:48:00,2011-11-30 17:37:00,3.4285714285714284,0.00044384689501356507,99.86401640754026
47369A,PINK GREEN EMBROIDERY COSMETIC BAG,48,140.4,25,17,2,2.95,2010-03-08 08:33:00,2011-12-01 16:22:00,1.92,0.00044384689501356507,99.86446025443527
90032,IVORY SHELL HEART NECKLACE,48,271.88,24,18,1,6.25,2010-01-21 13:21:00,2011-10-26 12:28:00,2.0,0.00044384689501356507,99.86490410133028
22761,CHEST 7 DRAWER MA CAMPAGNE,48,1182.78,34,25,5,24.95,2010-10-13 10:05:00,2011-12-02 15:25:00,1.411764705882353,0.00044384689501356507,99.86534794822529
85050,FRENCH ENAMEL SOAP DISH WITH LID,48,100.80000000000001,1,1,1,2.1,2010-05-11 12:18:00,2010-05-11 12:18:00,48.0,0.00044384689501356507,99.8657917951203
84548,CROCHET BEAR RED/BLUE  KEYRING,47,77.55,12,12,2,1.65,2009-12-07 15:15:00,2011-07-08 16:26:00,3.9166666666666665,0.00043460008470078246,99.866226395205
84555A,YELLOW VW BEETLE CERAMIC MONEY BOX,47,133.85000000000002,16,10,1,2.95,2010-02-02 15:49:00,2010-06-13 11:49:00,2.9375,0.00043460008470078246,99.8666609952897
20698,LITTLE PINK MONSTER SOFT TOY,47,114.44999999999999,21,19,2,2.55,2010-01-17 13:29:00,2011-11-23 12:20:00,2.238095238095238,0.00043460008470078246,99.86709559537441
23304,SET 4 PICNIC CUTLERY CHERRY,47,91.65,7,3,2,1.95,2011-10-30 11:25:00,2011-11-14 08:29:00,6.714285714285714,0.00043460008470078246,99.86753019545911
84306,S/3 PINK SQUARE PLANTERS ROSES,47,535.78,30,18,2,10.95,2010-01-17 15:22:00,2011-03-22 15:52:00,1.5666666666666667,0.00043460008470078246,99.86796479554381
21370,MIRRORED WALL ART FOXY,47,220.21,18,16,1,6.35,2009-12-10 09:49:00,2011-12-04 15:19:00,2.611111111111111,0.00043460008470078246,99.86839939562851
90059F,DIAMANTE HAIR GRIP PACK/2 LT ROSE,47,78.22,26,24,3,1.65,2009-12-16 17:58:00,2011-12-01 16:22:00,1.8076923076923077,0.00043460008470078246,99.86883399571322
90081A,LILY BROOCH AMETHYST COLOUR,47,232.9,23,21,1,4.95,2009-12-07 16:38:00,2011-11-27 15:18:00,2.0434782608695654,0.00043460008470078246,99.86926859579792
90177D,DROP DIAMANTE EARRINGS PURPLE,46,135.76000000000002,25,19,2,2.95,2009-12-10 18:43:00,2011-12-02 16:39:00,1.84,0.00042535327438799985,99.86969394907231
37489A,YELLOW/PINK FLOWER DESIGN BIG MUG,46,46.56,23,23,1,0.39,2009-12-13 11:49:00,2011-11-21 11:55:00,2.0,0.00042535327438799985,99.87011930234671
22827,RUSTIC  SEVENTEEN DRAWER SIDEBOARD,46,7150.0,35,23,3,165.0,2010-10-21 13:02:00,2011-11-17 19:58:00,1.3142857142857143,0.00042535327438799985,99.8705446556211
90073,VINTAGE ENAMEL & CRYSTAL EARRINGS,46,230.54000000000002,32,27,1,5.09,2009-12-14 18:03:00,2011-11-25 16:14:00,1.4375,0.00042535327438799985,99.8709700088955
90202D,PINK ENAMEL FLOWER HAIR TIE,46,135.69000000000003,22,21,3,2.955,2009-12-15 18:33:00,2011-11-21 15:18:00,2.090909090909091,0.00042535327438799985,99.87139536216989
90013D,PURPLE VINTAGE EARRINGS,46,178.11,17,16,2,4.15,2010-01-13 13:55:00,2011-06-29 15:58:00,2.7058823529411766,0.00042535327438799985,99.87182071544429
23458,DOLLY CABINET 3 DRAWERS,46,687.6999999999999,27,7,4,14.95,2011-10-17 15:18:00,2011-12-02 17:12:00,1.7037037037037037,0.00042535327438799985,99.87224606871868
47581B,FAIRY CAKE WICKER PICNIC BASKET,46,753.77,36,22,3,12.75,2009-12-08 15:49:00,2010-05-25 17:17:00,1.2777777777777777,0.00042535327438799985,99.87267142199308
90010A,MIDNIGHT BLUE GLASS/SILVER BRACELET,45,406.4,27,23,1,8.95,2009-12-15 12:49:00,2011-12-02 16:39:00,1.6666666666666667,0.00041610646407521724,99.87308752845715
84288B,SET/2 BLUE  NOODLE BASKETS,45,87.75,21,13,1,1.95,2009-12-17 11:38:00,2010-06-23 17:16:00,2.142857142857143,0.00041610646407521724,99.87350363492122
90036E,"FLOWER GLASS GARLD NECKL36""AMETHYST",45,358.87,28,23,3,7.95,2009-12-08 15:49:00,2011-10-20 15:57:00,1.6071428571428572,0.00041610646407521724,99.8739197413853
84884a,ANT WHITE WIRE HEART SPIRAL,45,377.73,33,24,1,8.47,2010-02-19 10:49:00,2011-11-13 11:50:00,1.3636363636363635,0.00041610646407521724,99.87433584784937
15056p,EDWARDIAN PARASOL PINK,45,565.38,37,28,1,12.46,2010-06-24 11:38:00,2011-11-16 10:01:00,1.2162162162162162,0.00041610646407521724,99.87475195431344
22656,VINTAGE BLUE KITCHEN CABINET,45,9290.0,37,25,3,295.0,2010-07-12 10:43:00,2011-10-12 13:14:00,1.2162162162162162,0.00041610646407521724,99.87516806077751
90174,BUTTERFLY HAIR BAND,45,113.61,28,25,2,2.54,2009-12-07 18:02:00,2011-11-30 15:13:00,1.6071428571428572,0.00041610646407521724,99.87558416724158
46137D,GREEN CHENILLE SHAGGY RUG,45,132.75,4,4,1,2.95,2010-01-29 14:44:00,2010-03-19 13:51:00,11.25,0.00041610646407521724,99.87600027370566
85114b,IVORY ENCHANTED FOREST PLACEMAT,45,149.73000000000002,16,14,1,3.29,2009-12-22 15:07:00,2011-11-23 11:11:00,2.8125,0.00041610646407521724,99.87641638016973
90195B,BLACK GEMSTONE BRACELET,45,398.03999999999996,23,17,1,8.95,2009-12-10 14:19:00,2011-11-09 15:07:00,1.9565217391304348,0.00041610646407521724,99.8768324866338
90190B,GOLD/AMBER DROP EARRINGS W LEAF,44,129.63000000000002,14,14,2,2.95,2009-12-08 14:36:00,2011-11-22 15:41:00,3.142857142857143,0.0004068596537624346,99.87723934628757
35840,FLAT GLASS  BAUBLE WHITE FLOCK,44,100.22,10,3,1,1.7,2009-12-08 11:46:00,2009-12-23 11:51:00,4.4,0.0004068596537624346,99.87764620594133
90003C,MIDNIGHT BLUE PAIR HEART HAIR SLIDE,44,165.37,30,27,2,3.75,2009-12-09 09:42:00,2011-11-30 15:13:00,1.4666666666666666,0.0004068596537624346,99.8780530655951
37489D,PINK/GREEN FLOWER DESIGN BIG MUG,44,28.08,19,18,1,0.39,2010-01-14 13:03:00,2011-11-21 11:55:00,2.3157894736842106,0.0004068596537624346,99.87845992524886
20899,VINTAGE NOTEBOOK RED ROSE,44,129.8,12,10,1,2.95,2009-12-09 12:18:00,2010-05-16 11:24:00,3.6666666666666665,0.0004068596537624346,99.87886678490263
72708,SCULPTED ROUND IVORY CANDLE,44,9.24,5,4,2,0.21,2009-12-10 14:19:00,2010-08-23 11:58:00,8.8,0.0004068596537624346,99.87927364455639
90214T,"LETTER ""T"" BLING KEY RING",44,50.839999999999996,22,19,1,1.05,2009-12-08 17:10:00,2011-09-29 15:13:00,2.0,0.0004068596537624346,99.87968050421016
90125B,AQUA BERTIE GLASS BEAD BAG CHARM,44,79.57,17,11,2,2.1,2009-12-08 13:27:00,2011-12-02 16:14:00,2.588235294117647,0.0004068596537624346,99.88008736386392
90133,TEAL/FUSCHIA COL BEAD NECKLACE,44,220.86,33,21,1,5.09,2009-12-14 17:16:00,2011-12-02 16:39:00,1.3333333333333333,0.0004068596537624346,99.88049422351769
90122B,JADE CRYSTAL+GLASS BRACELET,44,219.09,25,22,1,4.95,2009-12-14 18:03:00,2011-09-02 09:34:00,1.76,0.0004068596537624346,99.88090108317145
21763,VINTAGE WOODEN BAR STOOL,43,1157.8999999999999,17,15,5,29.95,2010-01-31 12:12:00,2011-07-06 16:40:00,2.5294117647058822,0.00039761284344965207,99.8812986960149
90103,PURPLE FRANGIPANI NECKLACE,43,108.37,29,21,2,2.54,2009-12-22 09:45:00,2011-11-23 11:22:00,1.4827586206896552,0.00039761284344965207,99.88169630885834
21674,RIDGED GLASS PENDANT LAMPSHADE,43,680.8499999999999,9,7,3,16.95,2009-12-07 13:49:00,2010-03-10 10:53:00,4.777777777777778,0.00039761284344965207,99.88209392170178
23429,RED RETRO KITCHEN WALL CLOCK,43,367.41,21,2,4,8.15,2011-11-21 10:35:00,2011-12-02 15:39:00,2.0476190476190474,0.00039761284344965207,99.88249153454522
84292,ROSE PINK METAL FOLDING CHAIR,43,359.94,13,11,2,7.95,2009-12-10 09:49:00,2010-06-16 14:34:00,3.3076923076923075,0.00039761284344965207,99.88288914738867
90165A,PINK ROSEBUD PEARL EARRINGS,42,106.49,27,22,1,2.54,2009-12-07 18:02:00,2011-11-16 15:23:00,1.5555555555555556,0.00038836603313686946,99.8832775134218
90162C,ANT SILVER FUSCHIA BOUDICCA RING,42,123.90000000000002,16,16,2,2.95,2010-03-01 13:10:00,2011-10-30 16:17:00,2.625,0.00038836603313686946,99.88366587945494
84922,PINK BUTTERFLY WASHBAG,42,208.22,16,14,1,4.25,2009-12-14 17:16:00,2011-12-02 13:49:00,2.625,0.00038836603313686946,99.88405424548807
90171,DAISY RING,42,53.2,25,10,1,1.26,2009-12-07 17:56:00,2010-03-12 11:19:00,1.68,0.00038836603313686946,99.88444261152121
20821,GOLDIE LOOKING MIRROR,42,286.42,25,23,1,10.17,2009-12-14 17:57:00,2011-11-23 15:53:00,1.68,0.00038836603313686946,99.88483097755434
37485,ENGLISH ROSE TEA SET IN GIFT BOX,42,175.14,10,7,2,4.65,2009-12-08 11:13:00,2010-02-22 17:14:00,4.2,0.00038836603313686946,99.88521934358748
84247H,PACK/12 DECOUPAGE CARD,42,109.13000000000001,20,15,1,2.95,2009-12-22 12:05:00,2010-06-17 11:26:00,2.1,0.00038836603313686946,99.88560770962061
72779,SET/6 BLACK ROSE T-LIGHT CANDLES,42,70.98,14,11,1,1.69,2009-12-14 14:35:00,2010-05-05 12:42:00,3.0,0.00038836603313686946,99.88599607565375
84705C,PINK FLOCK PHOTO FRAME,42,77.33,7,7,1,4.65,2009-12-09 14:25:00,2011-05-03 13:52:00,6.0,0.00038836603313686946,99.88638444168689
90000D,COPPER/OLIVE GREEN FLOWER NECKLACE,42,258.55,30,26,1,6.23,2009-12-10 09:49:00,2011-11-25 14:25:00,1.4,0.00038836603313686946,99.88677280772002
84711A,SILVER OVAL SHAPE TRINKET BOX,42,390.95,24,19,4,9.95,2009-12-13 12:04:00,2011-12-04 12:29:00,1.75,0.00038836603313686946,99.88716117375316
84803B,WHITE ALLIUM  ARTIFICIAL FLOWER,42,70.98,11,10,2,1.69,2010-02-04 16:16:00,2011-08-10 13:41:00,3.8181818181818183,0.00038836603313686946,99.88754953978629
90039D,FIRE POLISHED GLASS BRACELET GREEN,41,155.03,22,20,2,3.81,2009-12-07 18:02:00,2011-11-21 15:18:00,1.8636363636363635,0.00037911922282408685,99.88792865900912
84845C,CARNATION SQUARE HANDY TIN,41,51.25,13,11,1,1.25,2009-12-09 12:18:00,2010-08-18 16:39:00,3.1538461538461537,0.00037911922282408685,99.88830777823195
21543,BUTTERFLY WATER TRANSFER TATTOOS,41,44.2,13,3,1,0.85,2009-12-07 13:59:00,2009-12-21 17:14:00,3.1538461538461537,0.00037911922282408685,99.88868689745478
20861,GOLD COSMETIC BAG PINK STAR,41,86.10000000000001,15,11,2,2.1,2009-12-07 15:42:00,2010-12-10 11:24:00,2.7333333333333334,0.00037911922282408685,99.8890660166776
21335,LIBRARY LAMP,41,967.67,27,16,2,21.95,2009-12-07 17:18:00,2010-05-18 16:43:00,1.5185185185185186,0.00037911922282408685,99.88944513590043
90072,RUBY DROP CHANDELIER EARRINGS,41,164.66,28,25,2,4.24,2009-12-07 18:02:00,2011-11-29 16:47:00,1.4642857142857142,0.00037911922282408685,99.88982425512326
90099,NECKLACE+BRACELET SET BLUE HIBISCUS,41,127.13999999999999,24,17,3,2.55,2009-12-07 13:35:00,2011-11-29 12:06:00,1.7083333333333333,0.00037911922282408685,99.89020337434609
23038,T-LIGHT HOLDER SILVER SAUCER,41,38.029999999999994,7,6,1,1.63,2011-07-11 14:46:00,2011-11-18 15:59:00,5.857142857142857,0.00037911922282408685,99.89058249356891
90003B,ROSE COLOUR PAIR HEART HAIR SLIDES,41,154.56,24,20,2,3.75,2009-12-14 18:37:00,2011-11-29 16:47:00,1.7083333333333333,0.00037911922282408685,99.89096161279174
85166A,WHITE METAL BAROQUE PHOTO FRAME,41,90.84,7,4,1,3.75,2009-12-07 15:26:00,2010-01-18 16:09:00,5.857142857142857,0.00037911922282408685,99.89134073201457
90184A,AMBER CHUNKY BEAD BRACELET W STRAP,40,362.91999999999996,24,21,2,9.15,2009-12-07 18:02:00,2011-11-10 14:28:00,1.6666666666666667,0.00036987241251130423,99.89171060442708
23015,CORDIAL GLASS JUG,40,338.38,18,14,4,8.25,2011-06-17 11:04:00,2011-11-24 15:01:00,2.2222222222222223,0.00036987241251130423,99.89208047683958
21511,VINTAGE COLLAGE  GREETING  CARD,40,16.8,2,2,1,0.42,2010-04-13 12:21:00,2010-05-21 12:06:00,20.0,0.00036987241251130423,99.89245034925209
DCGS0058,MISO PRETTY  GUM,40,33.160000000000004,28,18,1,0.83,2009-12-07 18:02:00,2010-10-22 15:57:00,1.4285714285714286,0.00036987241251130423,99.89282022166459
37379A,PINK CHERRY BLOSSOM CUP & SAUCER,40,147.94,15,11,1,11.02,2009-12-17 13:15:00,2011-01-19 15:20:00,2.6666666666666665,0.00036987241251130423,99.8931900940771
84845D,GERANIUM SQUARE HANDY TIN,40,50.0,10,7,2,1.25,2009-12-13 13:31:00,2010-10-21 16:30:00,4.0,0.00036987241251130423,99.8935599664896
90180A,BLACK+WHITE NECKLACE W TASSEL,40,356.84,26,20,1,9.95,2009-12-10 14:19:00,2011-11-29 16:33:00,1.5384615384615385,0.00036987241251130423,99.89392983890211
90118,PINK DAISY BAG CHARM,40,102.47,27,21,2,2.51,2010-06-16 16:04:00,2011-11-30 15:13:00,1.4814814814814814,0.00036987241251130423,99.89429971131462
20667,CHERRY BLOSSOM PURSE,40,108.69,24,18,1,2.46,2009-12-17 15:41:00,2011-08-30 10:39:00,1.6666666666666667,0.00036987241251130423,99.89466958372712
90146,FINE SILVER NECKLACE W PASTEL FLOWE,40,268.59000000000003,18,16,1,7.5,2009-12-13 12:31:00,2011-10-26 12:28:00,2.2222222222222223,0.00036987241251130423,99.89503945613963
90059C,DIAMANTE HAIR GRIP PACK/2 MONTANA,40,66.53,22,20,4,1.65,2009-12-09 09:42:00,2011-11-25 14:25:00,1.8181818181818181,0.00036987241251130423,99.89540932855213
21341,KASBAH LANTERN WITH GLASS,40,271.44,25,10,3,10.17,2009-12-07 18:02:00,2010-10-01 13:40:00,1.6,0.00036987241251130423,99.89577920096464
44089A,PINK GAUZE BUTTERFLY LAMPSHADE,40,16.8,13,10,1,0.42,2010-02-04 12:08:00,2011-11-27 13:26:00,3.076923076923077,0.00036987241251130423,99.89614907337715
20697,LITTLE GREEN MONSTER SOFT TOY,40,96.6,21,17,1,2.55,2009-12-13 11:34:00,2011-11-23 12:20:00,1.9047619047619047,0.00036987241251130423,99.89651894578965
20848,ZINC HEART LATTICE CHARGER SMALL,39,115.05000000000001,12,12,1,2.95,2009-12-10 20:22:00,2011-11-06 14:45:00,3.25,0.0003606256021985216,99.89687957139185
90166,PINK & WHITE ROSEBUD RING,39,164.79000000000002,30,23,2,4.24,2009-12-08 15:49:00,2011-11-22 15:43:00,1.3,0.0003606256021985216,99.89724019699405
90190A,SILVER/CRYSTAL DROP EARRINGS W LEAF,39,114.76,27,19,1,2.95,2009-12-16 11:39:00,2011-11-24 09:26:00,1.4444444444444444,0.0003606256021985216,99.89760082259625
84551,CROCHET DOG KEYRING,39,64.35,8,8,1,1.65,2009-12-08 17:44:00,2011-10-06 15:58:00,4.875,0.0003606256021985216,99.89796144819844
20896,VINTAGE NOTEBOOK PINK FLOWER,39,115.05000000000001,14,11,2,2.95,2009-12-09 12:18:00,2010-08-18 16:21:00,2.7857142857142856,0.0003606256021985216,99.89832207380064
90164A,PINK ROSEBUD PEARL BRACELET,39,222.57999999999998,24,19,2,7.57,2009-12-08 15:49:00,2011-12-02 16:14:00,1.625,0.0003606256021985216,99.89868269940284
90124B,BLUE MURANO TWIST NECKLACE,39,391.18,30,23,1,9.96,2009-12-08 15:49:00,2011-11-11 17:58:00,1.3,0.0003606256021985216,99.89904332500504
48175,DOOR MAT CAMOUFLAGE,39,158.04,2,1,1,5.02,2009-12-14 17:16:00,2009-12-15 19:09:00,19.5,0.0003606256021985216,99.89940395060724
35638A,PINK AND BLACK STRING CURTAIN,39,88.04999999999998,6,6,1,3.95,2010-01-25 14:01:00,2011-11-20 14:01:00,6.5,0.0003606256021985216,99.89976457620944
90191,SILVER LARIAT 40CM,38,317.64,20,18,1,12.75,2009-12-17 18:51:00,2011-11-03 11:29:00,1.9,0.000351378791885739,99.90011595500133
35085E,IVORY ROSE LAMPSHADE,38,43.0,8,7,1,1.25,2009-12-07 13:48:00,2010-07-14 12:29:00,4.75,0.000351378791885739,99.90046733379322
84313A,PINK TV TRAY TABLE,38,212.42,19,18,3,4.25,2009-12-15 15:21:00,2010-10-10 14:18:00,2.0,0.000351378791885739,99.9008187125851
90169,DAISY HAIR COMB,38,96.39,22,17,2,2.54,2009-12-09 09:51:00,2011-11-03 15:56:00,1.7272727272727273,0.000351378791885739,99.901170091377
84751B,BLACK MEDIUM GLASS CAKE STAND,38,115.86,19,15,1,3.75,2010-02-23 13:55:00,2011-04-08 10:20:00,2.0,0.000351378791885739,99.90152147016889
20958,PORCELAIN HANGING BELL LARGE,38,70.5,10,10,1,1.95,2010-03-26 14:16:00,2010-11-29 09:46:00,3.8,0.000351378791885739,99.90187284896078
90040C,MURANO STYLE GLASS BRACELET GOLD,38,136.25,20,17,1,3.73,2009-12-07 18:02:00,2011-12-04 12:32:00,1.9,0.000351378791885739,99.90222422775267
62074B,ELEPHANT CLIP W SUCTION CUP,38,15.96,12,11,1,0.42,2009-12-13 11:05:00,2011-07-12 15:29:00,3.1666666666666665,0.000351378791885739,99.90257560654456
37489B,BLUE/YELLOW FLOWER DESIGN BIG MUG,38,30.419999999999998,17,17,1,0.39,2010-02-12 12:34:00,2011-11-21 11:55:00,2.235294117647059,0.000351378791885739,99.90292698533645
23626,SET 10 CARDS DINKY TREE 17076,38,94.62,14,8,1,2.49,2011-10-03 16:14:00,2011-12-02 16:39:00,2.7142857142857144,0.000351378791885739,99.90327836412834
84824,DANISH ROSE UMBRELLA STAND,38,676.4499999999999,32,17,3,15.95,2009-12-14 15:06:00,2011-11-20 15:35:00,1.1875,0.000351378791885739,99.90362974292023
90205A,LARGE MINT DIAMANTE HAIRSLIDE,38,63.46,22,22,2,1.67,2009-12-09 09:42:00,2011-11-24 09:26:00,1.7272727272727273,0.000351378791885739,99.90398112171212
90083,CRYSTAL CZECH CROSS PHONE CHARM,37,42.47,12,11,1,1.63,2009-12-07 18:02:00,2011-11-28 15:54:00,3.0833333333333335,0.0003421319815729564,99.90432325369369
72783,BLACK SIL'T SQU CANDLE PLATE,37,77.7,7,6,3,2.1,2010-04-08 11:49:00,2011-11-06 16:07:00,5.285714285714286,0.0003421319815729564,99.90466538567526
72351a,SET/6 TURQUOISE BUTTERFLY T-LIGHTS,37,154.89,28,25,1,4.21,2010-02-19 11:07:00,2011-10-26 14:42:00,1.3214285714285714,0.0003421319815729564,99.90500751765683
20994,JAZZ HEARTS SPIRAL NOTEPAD,37,31.45,8,3,1,0.85,2009-12-07 13:57:00,2010-01-25 15:22:00,4.625,0.0003421319815729564,99.9053496496384
90159,COTE D'AZURE NECKLACE,37,183.63000000000002,19,19,1,4.95,2009-12-16 17:58:00,2011-11-09 15:07:00,1.9473684210526316,0.0003421319815729564,99.90569178161996
85014b,RED RETROSPOT UMBRELLA,37,465.96000000000004,33,22,1,12.46,2010-06-24 11:48:00,2011-11-29 11:23:00,1.121212121212121,0.0003421319815729564,99.90603391360153
84711B,PINK OVAL SHAPE TRINKET BOX,37,339.11,28,23,2,9.3,2009-12-10 09:49:00,2011-11-22 13:11:00,1.3214285714285714,0.0003421319815729564,99.9063760455831
90018B,GOLD M.O.P ORBIT DROP EARRINGS,37,156.14000000000001,29,27,2,4.24,2009-12-07 18:02:00,2011-12-02 16:39:00,1.2758620689655173,0.0003421319815729564,99.90671817756467
23410,CURIO CABINET LINEN AND LACE,36,290.1,18,9,2,8.15,2011-09-08 10:35:00,2011-11-25 13:09:00,2.0,0.0003328851712601738,99.90705106273593
90019C,SILVER BLACK ORBIT BRACELET,36,192.23,31,26,1,5.51,2009-12-09 09:42:00,2011-11-27 15:38:00,1.1612903225806452,0.0003328851712601738,99.90738394790719
90175B,PINK GLASS CHUNKY CHARM BRACELET,36,322.84999999999997,27,24,1,9.15,2009-12-09 09:42:00,2011-11-09 16:14:00,1.3333333333333333,0.0003328851712601738,99.90771683307845
90175C,BLUE GLASS CHUNKY CHARM BRACELET,36,323.4,19,16,1,8.95,2009-12-09 09:42:00,2011-11-17 17:08:00,1.894736842105263,0.0003328851712601738,99.90804971824971
84201B,HAPPY BIRTHDAY CARD STRIPEY TEDDY,36,6.840000000000001,7,7,1,0.19,2010-05-14 14:46:00,2011-11-25 11:54:00,5.142857142857143,0.0003328851712601738,99.90838260342097
23578,SNACK TRAY RED GINGHAM,36,72.38,8,2,3,1.95,2011-11-27 11:18:00,2011-12-02 13:20:00,4.5,0.0003328851712601738,99.90871548859224
90177C,DROP DIAMANTE EARRINGS CRYSTAL,36,106.13,23,19,2,2.95,2009-12-10 18:43:00,2011-11-25 14:25:00,1.565217391304348,0.0003328851712601738,99.9090483737635
17174,ASSTD RASTA KEY-CHAINS,36,15.120000000000001,7,6,3,0.42,2010-02-01 09:52:00,2011-11-24 15:01:00,5.142857142857143,0.0003328851712601738,99.90938125893476
23611,SET 10 CARDS RED RIDING HOOD 17214,36,89.64,14,11,1,2.49,2011-09-12 15:40:00,2011-11-30 15:13:00,2.5714285714285716,0.0003328851712601738,99.90971414410602
90002A,FLOWER BURST SILVER RING OPAL,36,135.0,14,11,1,3.75,2009-12-07 12:32:00,2010-11-04 12:39:00,2.5714285714285716,0.0003328851712601738,99.91004702927728
85018C,S/6 PAPER BOXES CURIOUS IMAGES,36,127.2,4,4,1,4.25,2009-12-09 13:50:00,2010-11-24 13:16:00,9.0,0.0003328851712601738,99.91037991444854
35932,PINK CHRISTMAS TREE DECORATION,36,13.680000000000001,9,8,1,0.38,2009-12-13 11:23:00,2010-11-12 14:05:00,4.0,0.0003328851712601738,99.9107127996198
90038A,GLASS AND PAINTED BEADS BRACELET TO,36,135.8,22,21,1,3.75,2009-12-07 18:02:00,2011-11-24 09:26:00,1.6363636363636365,0.0003328851712601738,99.91104568479106
35936,CERISE+GOLD CHRISTMAS TREE DEC,36,13.68,9,8,1,0.38,2009-12-11 13:52:00,2010-10-17 10:43:00,4.0,0.0003328851712601738,99.91137856996232
90123A,PINK HEART OF GLASS BRACELET,36,214.07,19,16,1,5.95,2009-12-13 12:31:00,2011-10-10 16:02:00,1.894736842105263,0.0003328851712601738,99.91171145513358
23151,ZINC SWEETHEART SOAP DISH,36,90.41000000000001,15,11,1,2.49,2011-05-05 13:14:00,2011-12-04 12:31:00,2.4,0.0003328851712601738,99.91204434030485
ADJUST,Adjustment by john on 26/01/2010 16,36,8897.929999999998,36,1,9,83.095,2010-01-26 16:20:00,2010-01-26 17:28:00,1.0,0.0003328851712601738,99.9123772254761
72045D,ROSES ON BLUE TEACUP CANDLE,35,66.89,5,2,1,4.21,2010-01-11 09:35:00,2010-03-03 14:42:00,7.0,0.0003236383609473912,99.91270086383706
72753C,S/3 FLWR FAIRY ROSE CANDLES,35,90.88000000000001,5,3,2,2.1,2009-12-08 16:40:00,2010-01-20 12:35:00,7.0,0.0003236383609473912,99.91302450219801
90212B,JET BLACK LAS VEGAS BRACELET ROUND,35,132.27,26,21,2,3.81,2009-12-15 18:33:00,2011-05-06 15:54:00,1.3461538461538463,0.0003236383609473912,99.91334814055897
84899E,YELLOW + BROWN BEAR FELT PURSE KIT,35,51.43,17,12,2,1.25,2009-12-14 17:34:00,2010-05-06 13:45:00,2.0588235294117645,0.0003236383609473912,99.91367177891992
48103,DOOR MAT KISS MY.......,35,201.73,10,10,3,7.49,2009-12-18 12:33:00,2010-07-16 10:33:00,3.5,0.0003236383609473912,99.91399541728087
84720,DOT MATRIX CANVAS ART PICTURE,35,147.05,3,2,1,3.95,2010-03-03 11:53:00,2010-03-25 11:28:00,11.666666666666666,0.0003236383609473912,99.91431905564183
90036D,"FLOWER GLASS GARLAND NECKL.36""BLACK",35,278.44,15,14,1,7.95,2009-12-21 11:08:00,2011-06-13 14:16:00,2.3333333333333335,0.0003236383609473912,99.91464269400278
90016B,GOLD/M.O.P PENDANT ORBIT NECKLACE,35,295.5,28,23,1,8.5,2009-12-16 14:59:00,2011-11-27 15:18:00,1.25,0.0003236383609473912,99.91496633236373
35979,SIX STRING SCANDINAVIAN HEART DECS,35,124.62,14,5,1,2.95,2009-12-07 15:28:00,2010-04-09 14:58:00,2.5,0.0003236383609473912,99.91528997072469
90040D,MURANO STYLE GLASS BRACELET PINK,35,126.67,21,16,2,3.81,2009-12-07 17:56:00,2010-09-14 12:06:00,1.6666666666666667,0.0003236383609473912,99.91561360908564
90199B,5 STRAND GLASS NECKLACE AMETHYST,34,215.76,29,21,1,6.35,2009-12-08 14:33:00,2011-12-02 16:39:00,1.1724137931034482,0.00031439155063460857,99.91592800063627
17007B,S/3 POT POURI CUSHIONS BLUE COLOURS,34,71.4,6,6,1,2.1,2009-12-14 12:24:00,2011-06-08 14:35:00,5.666666666666667,0.00031439155063460857,99.9162423921869
90211B,JET BLACK LAS VEGAS NECKLACE 45CM,34,202.14000000000001,25,19,2,5.94,2009-12-09 09:51:00,2011-11-03 11:29:00,1.36,0.00031439155063460857,99.91655678373753
90163A,PINK ROSEBUD & PEARL NECKLACE,34,257.94,22,20,1,7.64,2009-12-07 18:02:00,2011-11-24 09:21:00,1.5454545454545454,0.00031439155063460857,99.91687117528816
85014a,BLACK/BLUE POLKADOT UMBRELLA,33,416.12,28,21,1,12.72,2010-06-24 11:48:00,2011-11-29 11:23:00,1.1785714285714286,0.000305144740321826,99.91717632002849
40005B,BLUE ORGANDY ROUND LAMPSHADE W BEA,33,28.05,13,12,1,0.85,2010-03-25 15:17:00,2011-11-22 13:11:00,2.5384615384615383,0.000305144740321826,99.91748146476881
20953,PORCELAIN CHERUB BELL LARGE,33,54.449999999999996,9,6,2,1.65,2010-03-19 13:53:00,2010-11-29 16:45:00,3.6666666666666665,0.000305144740321826,99.91778660950914
81953P,ROUND ARTICULATED PINK CLOCK W/SUCK,33,9.57,6,5,1,0.52,2010-02-24 12:19:00,2011-07-21 11:55:00,5.5,0.000305144740321826,99.91809175424946
84816,DANISH ROSE BEDSIDE CABINET,33,1278.3500000000001,20,18,3,39.95,2009-12-21 17:14:00,2011-08-19 15:18:00,1.65,0.000305144740321826,99.91839689898978
84966B,BLUE KASHMIRI BOXED MIRROR,33,428.0,4,4,1,16.0,2010-01-19 12:18:00,2010-11-02 17:29:00,8.25,0.000305144740321826,99.91870204373011
84706F,RED PEONY TABLE CLOCK,33,199.35,16,16,3,2.95,2010-02-08 14:53:00,2011-11-27 13:00:00,2.0625,0.000305144740321826,99.91900718847043
21490,SET OF THREE 50'S GIFT WRAPS,33,101.95,13,5,1,4.3,2009-12-07 18:02:00,2010-09-20 11:24:00,2.5384615384615383,0.000305144740321826,99.91931233321075
10124G,ARMY CAMO BOOKCOVER TAPE,33,14.28,10,10,1,0.42,2010-05-13 16:49:00,2011-11-06 13:00:00,3.3,0.000305144740321826,99.91961747795108
BANK CHARGES,Bank Charges,33,504.241,32,27,2,15.0,2009-12-08 14:29:00,2011-11-28 12:51:00,1.03125,0.000305144740321826,99.9199226226914
17191A,ROSE FLOWER CANDLE+INCENSE 16X16CM,33,123.75,12,10,1,3.75,2009-12-09 14:48:00,2011-12-04 10:51:00,2.75,0.000305144740321826,99.92022776743173
90014B,GOLD M PEARL  ORBIT NECKLACE,32,312.01,27,25,1,9.95,2009-12-22 16:17:00,2011-10-26 12:46:00,1.1851851851851851,0.0002958979300090434,99.92052366536174
90022,EDWARDIAN DROP EARRINGS JET BLACK,32,120.81,28,21,2,3.7800000000000002,2009-12-14 18:03:00,2011-11-15 16:57:00,1.1428571428571428,0.0002958979300090434,99.92081956329176
84873A,FUNKY FLOWER PICNIC BAG FOR 4,32,394.15,16,8,1,11.02,2010-03-05 10:05:00,2011-06-01 17:42:00,2.0,0.0002958979300090434,99.92111546122177
21097,SET/6 GREEN SPRING  PAPER PLATE,32,27.2,7,6,1,0.85,2010-01-15 15:05:00,2010-06-21 13:04:00,4.571428571428571,0.0002958979300090434,99.92141135915179
22823,CHEST NATURAL WOOD 20 DRAWERS,32,3655.0,18,15,3,117.5,2010-10-26 10:24:00,2011-11-15 12:09:00,1.7777777777777777,0.0002958979300090434,99.9217072570818
84465,15 PINK FLUFFY CHICKS IN BOX,32,96.51,23,16,1,2.95,2010-02-03 17:04:00,2011-11-04 12:05:00,1.391304347826087,0.0002958979300090434,99.92200315501182
16010,FOLDING CAMPING SCISSOR W/KNIF & S,32,3.84,4,4,1,0.12,2010-01-17 12:12:00,2011-03-28 14:27:00,8.0,0.0002958979300090434,99.92229905294184
90194,SILVER LARIAT BLACK STONE EARRINGS,32,135.84,21,18,2,4.25,2009-12-10 14:19:00,2011-10-19 15:08:00,1.5238095238095237,0.0002958979300090434,99.92259495087185
84559b,3D SHEET OF CAT STICKERS,32,53.54,25,18,1,1.66,2010-09-28 09:36:00,2011-09-20 14:46:00,1.28,0.0002958979300090434,99.92289084880187
84893,ANT WHITE IRON BASKET,32,180.4,14,9,2,5.95,2009-12-07 12:42:00,2010-03-01 13:10:00,2.2857142857142856,0.0002958979300090434,99.92318674673189
84660c,PINK STITCHED WALL CLOCK,31,233.98,28,23,1,7.62,2010-05-26 12:36:00,2011-08-11 10:14:00,1.1071428571428572,0.0002866511196962608,99.92347339785158
37488A,YELLOW PINK FLOWER DESIGN BIG BOWL,31,19.770000000000003,5,5,1,0.39,2010-02-23 11:14:00,2011-04-13 11:48:00,6.2,0.0002866511196962608,99.92376004897127
90048,GREEN WITH METAL BAG CHARM,31,158.89000000000001,8,7,1,4.95,2009-12-08 15:49:00,2011-07-07 16:59:00,3.875,0.0002866511196962608,99.92404670009097
90128A,PINK LEAVES AND BEADS PHONE CHARM,31,46.21,10,8,2,1.25,2010-01-24 12:15:00,2011-07-26 16:22:00,3.1,0.0002866511196962608,99.92433335121066
23442,12 HANGING EGGS HAND PAINTED,31,64.48,6,3,1,2.08,2011-11-15 17:14:00,2011-11-28 12:14:00,5.166666666666667,0.0002866511196962608,99.92462000233036
90000A,RASPBERRY ANT COPPER FLOWER NECKLAC,31,187.08,20,18,2,5.95,2010-01-11 09:33:00,2011-11-16 15:16:00,1.55,0.0002866511196962608,99.92490665345005
47016,LIGHT DECORATION BATTERY OPERATED,31,65.10000000000001,5,4,1,2.1,2009-12-07 12:42:00,2011-11-01 14:54:00,6.2,0.0002866511196962608,99.92519330456975
90214F,"LETTER ""F"" BLING KEY RING",31,32.51,25,21,1,0.85,2009-12-10 14:07:00,2011-10-18 17:00:00,1.24,0.0002866511196962608,99.92547995568944
90168,2 DAISIES HAIR COMB,31,91.30000000000001,19,17,3,2.96,2009-12-18 17:15:00,2011-11-29 16:47:00,1.631578947368421,0.0002866511196962608,99.92576660680913
23430,BLUE RETRO KITCHEN WALL CLOCK,31,252.65,14,3,4,8.15,2011-11-20 15:35:00,2011-12-02 15:39:00,2.2142857142857144,0.0002866511196962608,99.92605325792883
81950V,FLOWER PURPLE CLOCK W/SUCKER,31,17.95,9,8,1,0.85,2010-04-21 17:33:00,2011-07-13 15:42:00,3.4444444444444446,0.0002866511196962608,99.92633990904852
82545A,COGNAC AUX OEUFS METAL 1 HOOK,31,38.75,11,9,1,1.25,2010-01-14 14:18:00,2010-10-21 16:30:00,2.8181818181818183,0.0002866511196962608,99.92662656016822
85185F,LION SOCK PUPPET,31,91.45000000000002,17,7,1,2.95,2009-12-09 10:46:00,2010-03-08 12:17:00,1.8235294117647058,0.0002866511196962608,99.92691321128791
20693,FLORAL DINOSAUR GREEN,31,153.39000000000001,16,8,2,4.25,2009-12-09 09:42:00,2010-03-14 12:41:00,1.9375,0.0002866511196962608,99.9271998624076
90019B,GOLD M.O.P ORBIT BRACELET,31,163.22,27,23,1,5.4,2010-01-20 17:50:00,2011-12-02 16:39:00,1.1481481481481481,0.0002866511196962608,99.9274865135273
90002C,FLOWER BURST SILVER RING MIDN'T BLU,31,116.88,18,12,2,3.75,2009-12-07 12:32:00,2010-08-18 16:21:00,1.7222222222222223,0.0002866511196962608,99.927773164647
21759,METAL WALL SHELF UNIT WITH HOOKS,30,1274.47,13,8,2,49.95,2010-01-13 17:03:00,2010-04-29 15:34:00,2.3076923076923075,0.0002774043093834782,99.92805056895638
23459,DOLLY CABINET 2 DRAWERS,30,375.0,17,8,2,12.5,2011-10-16 12:19:00,2011-12-01 08:34:00,1.7647058823529411,0.0002774043093834782,99.92832797326577
90162A,ANT SILVER TURQUOISE BOUDICCA RING,30,88.5,11,8,3,2.95,2010-01-24 12:15:00,2011-11-07 11:57:00,2.727272727272727,0.0002774043093834782,99.92860537757515
21339,MARAKESH LANTERN LARGE,30,544.5,12,10,2,19.95,2009-12-08 11:07:00,2010-07-14 11:52:00,2.5,0.0002774043093834782,99.92888278188454
90036C,"FLOWER GLASS GARLAND NECKL.36""BLUE",30,238.88000000000002,14,12,1,7.95,2009-12-09 09:51:00,2011-12-02 16:39:00,2.142857142857143,0.0002774043093834782,99.92916018619393
90100,NECKLACE+BRACELET SET PINK DAISY,30,76.5,12,10,1,2.55,2009-12-07 13:35:00,2011-02-24 11:54:00,2.5,0.0002774043093834782,99.92943759050331
47341A,FUSCHIA TABLE RUN FLOWER,29,46.25,7,6,3,1.25,2010-09-13 12:41:00,2011-06-08 10:45:00,4.142857142857143,0.00026815749907069556,99.92970574800238
90000B,MIDNIGHT BLUE COPPER FLOWER NECKLAC,29,177.29000000000002,21,19,1,5.95,2009-12-07 18:02:00,2011-07-25 17:11:00,1.380952380952381,0.00026815749907069556,99.92997390550144
90202A,PURPLE ENAMEL FLOWER HAIR TIE,29,85.10000000000001,21,18,2,2.95,2010-02-10 13:43:00,2011-11-21 15:18:00,1.380952380952381,0.00026815749907069556,99.9302420630005
90202C,GREEN ENAMEL FLOWER HAIR TIE,29,85.66,23,21,2,2.96,2009-12-09 09:51:00,2011-11-30 15:13:00,1.2608695652173914,0.00026815749907069556,99.93051022049957
90124A,PINK MURANO TWIST NECKLACE,29,288.86,19,17,1,9.95,2010-01-28 13:23:00,2011-10-30 12:18:00,1.5263157894736843,0.00026815749907069556,99.93077837799864
35596,WOOD XMAS TREE 9 FIG SHELVES,29,24.65,4,2,1,0.85,2010-10-12 11:39:00,2010-10-22 11:00:00,7.25,0.00026815749907069556,99.9310465354977
90162D,ANT SILVER PURPLE BOUDICCA RING,29,85.55000000000001,14,11,1,2.95,2010-01-24 12:15:00,2011-10-30 16:17:00,2.0714285714285716,0.00026815749907069556,99.93131469299676
85151,WELCOME METAL SIGN,29,36.25,3,2,1,1.25,2009-12-09 14:48:00,2009-12-14 11:24:00,9.666666666666666,0.00026815749907069556,99.93158285049583
48179,DOOR MAT SWEET HOME,29,166.48,7,2,1,6.75,2009-12-07 17:56:00,2009-12-16 17:01:00,4.142857142857143,0.00026815749907069556,99.9318510079949
35910B,PINK FLOWERS RABBIT EASTER,29,61.07,8,7,2,1.95,2010-01-07 12:22:00,2011-11-06 12:25:00,3.625,0.00026815749907069556,99.93211916549396
84621,BLUE GINGHAM ROSE FLOOR CUSHION,29,247.26,15,9,1,7.95,2009-12-14 12:58:00,2010-04-23 11:21:00,1.9333333333333333,0.00026815749907069556,99.93238732299302
90016A,SILVER/M.O.P PENDANT ORBIT NECKLACE,29,207.86,16,16,1,8.5,2009-12-18 17:06:00,2011-10-26 12:28:00,1.8125,0.00026815749907069556,99.93265548049209
37506,NEW ENGLAND MILK JUG W GIFT BOX,29,172.55,23,22,1,5.95,2009-12-21 17:14:00,2010-08-24 17:21:00,1.2608695652173914,0.00026815749907069556,99.93292363799115
90003E,GREEN PAIR HEART HAIR SLIDES,29,109.12,20,17,2,3.75,2009-12-16 17:36:00,2011-11-29 16:47:00,1.45,0.00026815749907069556,99.93319179549022
90023,FILIGREE DIAMANTE EARRINGS,28,118.91,19,18,2,4.25,2009-12-07 18:02:00,2011-11-27 15:18:00,1.4736842105263157,0.00025891068875791295,99.93345070617897
37509,NEW ENGLAND MUG W GIFT BOX,28,71.39999999999999,14,12,1,2.55,2010-03-22 14:30:00,2010-12-06 11:01:00,2.0,0.00025891068875791295,99.93370961686773
gift_0001_20,Dotcomgiftshop Gift Voucher Â£20.00,28,471.06,26,21,1,17.02,2009-12-14 18:37:00,2011-10-31 14:41:00,1.0769230769230769,0.00025891068875791295,99.93396852755649
84796a,PINK HAWAIIAN PICNIC HAMPER FOR 2,28,234.28,20,15,1,8.29,2010-03-29 14:55:00,2011-08-24 09:36:00,1.4,0.00025891068875791295,99.93422743824524
84371,BIG PINK POODLE,28,215.45,4,4,1,17.95,2009-12-07 15:42:00,2010-01-25 15:54:00,7.0,0.00025891068875791295,99.934486348934
90155,RESIN NECKLACE W PASTEL BEADS,28,211.18,19,16,2,7.5,2009-12-22 14:31:00,2011-11-23 14:05:00,1.4736842105263157,0.00025891068875791295,99.93474525962276
90177B,DROP DIAMANTE EARRINGS BLACK DIAMON,28,82.68,17,16,1,2.96,2009-12-10 18:43:00,2011-06-13 14:16:00,1.6470588235294117,0.00025891068875791295,99.93500417031152
90177E,DROP DIAMANTE EARRINGS GREEN,28,82.71000000000001,22,20,2,2.96,2009-12-10 18:43:00,2011-11-21 15:18:00,1.2727272727272727,0.00025891068875791295,99.93526308100027
90123D,WHITE HEART OF GLASS BRACELET,28,166.32,13,13,1,5.95,2010-01-11 09:30:00,2011-11-28 15:31:00,2.1538461538461537,0.00025891068875791295,99.93552199168903
23465,TUSCAN VILLA BIRD FEEDER,28,231.0,15,7,2,8.25,2011-10-04 16:39:00,2011-11-24 15:01:00,1.8666666666666667,0.00025891068875791295,99.93578090237779
84732B,CUTE BIRD CEATURE SCREEN,28,18.48,6,6,1,1.65,2009-12-17 10:20:00,2011-08-18 20:05:00,4.666666666666667,0.00025891068875791295,99.93603981306654
90130A,WHITE STONE/CRYSTAL EARRINGS,28,82.51,16,14,1,2.95,2009-12-18 17:15:00,2011-11-25 16:14:00,1.75,0.00025891068875791295,99.9362987237553
90018C,SILVER BLACK ORBIT DROP EARRINGS,28,118.51,20,18,3,4.245,2009-12-14 17:16:00,2011-11-25 14:25:00,1.4,0.00025891068875791295,99.93655763444406
90028,NEW BAROQUE LARGE NECKLACE BLK/WHIT,28,236.11,23,19,1,8.49,2010-01-19 09:05:00,2011-11-02 15:33:00,1.2173913043478262,0.00025891068875791295,99.93681654513281
90014C,SILVER/BLACK ORBIT NECKLACE,28,274.72999999999996,19,16,1,9.95,2009-12-16 11:39:00,2011-11-27 15:38:00,1.4736842105263157,0.00025891068875791295,99.93707545582157
72798C,SET/4 GARDEN ROSE DINNER CANDLE,27,51.459999999999994,14,14,1,1.65,2009-12-10 14:19:00,2011-02-03 12:37:00,1.9285714285714286,0.00024966387844513034,99.93732511970002
84921,CREAM AND PINK FLOWERS PONY,27,101.25,14,14,1,3.75,2009-12-13 13:31:00,2011-10-19 12:54:00,1.9285714285714286,0.00024966387844513034,99.93757478357847
47583B,SET OF 3 WICKER BASKET TEA AND CAKE,27,332.6,6,4,1,24.95,2009-12-16 10:45:00,2010-02-17 16:40:00,4.5,0.00024966387844513034,99.93782444745692
90211A,DIAMOND LAS VEGAS NECKLACE 45CM,27,160.75,20,17,2,5.94,2009-12-14 17:16:00,2011-11-24 09:21:00,1.35,0.00024966387844513034,99.93807411133537
90067A,PINK VINTAGE VICTORIAN EARRINGS,27,79.54,15,13,1,2.95,2010-01-14 09:41:00,2011-11-15 10:56:00,1.8,0.00024966387844513034,99.93832377521382
90123C,GREEN HEART OF GLASS BRACELET,27,160.75,12,12,1,5.95,2009-12-23 15:30:00,2011-08-01 17:37:00,2.25,0.00024966387844513034,99.93857343909227
90037B,TINY CRYSTAL BRACELET GREEN,27,68.69,9,9,3,2.55,2010-03-16 11:08:00,2011-08-04 16:38:00,3.0,0.00024966387844513034,99.93882310297072
84965B,BLUE KASHMIRI COFFEE TABLE,27,1359.95,4,4,1,45.0,2010-02-22 14:54:00,2010-11-02 17:29:00,6.75,0.00024966387844513034,99.93907276684916
84415A,PINK FLOCK SUEDE CUSHION COVER,27,71.25,6,6,2,3.75,2009-12-08 11:52:00,2011-06-24 12:14:00,4.5,0.00024966387844513034,99.93932243072761
79149B,SILICON STAR BULB  BLUE,27,11.34,10,10,1,0.42,2010-02-07 15:07:00,2011-11-28 14:12:00,2.7,0.00024966387844513034,99.93957209460606
84596e,SMALL LICORICE DES PINK BOWL,27,67.77,17,12,1,2.51,2010-01-25 15:39:00,2010-12-14 15:56:00,1.588235294117647,0.00024966387844513034,99.93982175848451
90183B,AMETHYST DROP EARRINGS W LONG BEADS,27,79.03,23,20,1,2.9,2009-12-22 14:31:00,2011-12-02 16:39:00,1.173913043478261,0.00024966387844513034,99.94007142236296
90214V,"LETTER ""V"" BLING KEY RING",26,25.5,23,22,1,0.85,2010-02-03 11:58:00,2011-11-04 15:52:00,1.1304347826086956,0.00024041706813234776,99.94031183943109
37491D,PURPLE/BLUE CERAMIC CANDLE HOLDER,26,63.28,13,11,1,3.36,2010-01-27 17:56:00,2011-07-18 13:33:00,2.0,0.00024041706813234776,99.94055225649922
90084,PINK CRYSTAL GUITAR PHONE CHARM,26,22.099999999999998,5,5,1,0.85,2009-12-07 13:59:00,2011-03-06 11:39:00,5.2,0.00024041706813234776,99.94079267356734
72807b,SET/3 OCEAN SCENT CANDLE JEWEL BOX,26,220.94000000000003,19,9,1,8.47,2009-12-22 15:04:00,2011-04-15 10:37:00,1.368421052631579,0.00024041706813234776,99.94103309063547
79066k,RETRO MOD TRAY,26,42.71,16,16,1,1.645,2010-02-19 10:56:00,2011-11-20 13:58:00,1.625,0.00024041706813234776,99.9412735077036
35004c,SET OF 3 COLOURED  FLYING DUCKS,26,330.72,24,13,1,12.72,2010-06-04 14:53:00,2010-11-12 15:23:00,1.0833333333333333,0.00024041706813234776,99.94151392477173
90137,PINK COMBO MINI CRYSTALS NECKLACE,26,132.52,15,11,1,4.95,2009-12-10 16:21:00,2011-07-20 16:12:00,1.7333333333333334,0.00024041706813234776,99.94175434183985
90036A,FLOWER GARLAND NECKLACE RED,26,207.52,19,14,1,7.95,2009-12-08 15:49:00,2011-08-05 16:19:00,1.368421052631579,0.00024041706813234776,99.94199475890798
90037A,TINY CRYSTAL BRACELET RED,26,66.31,12,11,1,2.55,2009-12-14 17:57:00,2011-01-25 10:45:00,2.1666666666666665,0.00024041706813234776,99.94223517597611
90123B,TURQUOISE HEART OF GLASS BRACELET,26,154.69,13,12,1,5.95,2010-01-11 09:35:00,2011-08-01 17:37:00,2.0,0.00024041706813234776,99.94247559304424
90059B,DIAMANTE HAIR GRIP PACK/2 BLACK DIA,26,43.22,15,14,3,1.69,2010-01-19 09:05:00,2011-11-24 09:26:00,1.7333333333333334,0.00024041706813234776,99.94271601011236
72796B,S/3 FRENCH VANILLA SQU CANDLE,25,41.25,11,8,1,1.65,2009-12-08 11:52:00,2010-07-04 11:16:00,2.272727272727273,0.00023117025781956515,99.94294718037018
23467,VINTAGE ZINC PLANTER,25,94.09,9,6,1,3.29,2011-10-17 10:10:00,2011-12-02 16:44:00,2.7777777777777777,0.00023117025781956515,99.943178350628
21496,WOODLAND CREATURES  WRAP,25,10.5,1,1,1,0.42,2009-12-17 11:11:00,2009-12-17 11:11:00,25.0,0.00023117025781956515,99.94340952088582
21387,IVORY HANGING DECORATION  RABBIT,25,21.25,4,2,1,0.85,2010-02-23 13:03:00,2010-03-01 15:05:00,6.25,0.00023117025781956515,99.94364069114364
84250M,"GREETING CARD, BLACKPOOL ROCK",25,13.32,12,10,2,0.85,2010-01-08 16:29:00,2010-07-15 15:02:00,2.0833333333333335,0.00023117025781956515,99.94387186140146
16169A,WRAP CHRISTMAS DECOUPAGE,25,10.5,1,1,1,0.42,2010-04-29 18:18:00,2010-04-29 18:18:00,25.0,0.00023117025781956515,99.94410303165928
16169G,WRAP ROMANTIC DECOUPAGE,25,10.5,1,1,1,0.42,2009-12-10 14:28:00,2009-12-10 14:28:00,25.0,0.00023117025781956515,99.9443342019171
21337,SILVER WASHBAG,25,73.75000000000001,9,7,1,2.95,2009-12-08 12:33:00,2010-11-30 12:29:00,2.7777777777777777,0.00023117025781956515,99.94456537217492
90156,RESIN BRACELET W PASTEL BEADS,25,137.37,14,12,2,4.95,2010-01-11 09:37:00,2011-09-04 14:50:00,1.7857142857142858,0.00023117025781956515,99.94479654243274
85232b,SET/3 RUSSIAN DOLL STACKING TINS,25,254.47,22,14,1,10.17,2009-12-22 15:04:00,2010-11-09 11:50:00,1.1363636363636365,0.00023117025781956515,99.94502771269056
90037C,TINY CRYSTAL BRACELET BLUE,25,63.599999999999994,12,11,2,2.54,2009-12-14 17:57:00,2011-07-14 16:46:00,2.0833333333333335,0.00023117025781956515,99.94525888294838
84456,SET OF 3 RABBIT EGG EASTER,25,22.95,15,12,1,0.85,2010-01-11 09:35:00,2010-06-25 16:22:00,1.6666666666666667,0.00023117025781956515,99.9454900532062
37489C,GREEN/BLUE FLOWER DESIGN BIG MUG,25,19.81,10,10,1,0.39,2010-01-24 15:14:00,2011-09-14 16:36:00,2.5,0.00023117025781956515,99.94572122346402
17084G,MOON INCENSE,25,5.25,1,1,1,0.21,2009-12-07 13:48:00,2009-12-07 13:48:00,25.0,0.00023117025781956515,99.94595239372184
90148,LONG SILVER NECKLACE PASTEL FLOWER,25,318.48,17,16,2,12.75,2009-12-13 12:31:00,2011-09-25 16:05:00,1.4705882352941178,0.00023117025781956515,99.94618356397966
84536a,ENGLISH ROSE NOTEBOOK A7 SIZE,25,19.970000000000002,12,10,1,0.81,2010-03-29 14:59:00,2011-11-20 13:58:00,2.0833333333333335,0.00023117025781956515,99.94641473423748
23448,CREAM BUNNY EASTER EGG BASKET,25,41.24999999999999,3,2,1,1.65,2011-10-10 13:55:00,2011-11-30 09:50:00,8.333333333333334,0.00023117025781956515,99.9466459044953
72083A,STRAWBERY SWIRL FLARE CANDLE,24,50.400000000000006,7,5,1,2.1,2010-02-24 11:51:00,2010-03-31 13:22:00,3.4285714285714284,0.00022192344750678254,99.94686782794281
84030c,KNITTED RAINBOW HOT WATER BOTTLE,24,185.76,8,3,1,7.62,2009-12-22 15:07:00,2010-03-05 14:37:00,3.0,0.00022192344750678254,99.94708975139032
20968,GREEN FLORAL FELTCRAFT SHOULDER BAG,24,113.86,12,3,1,3.75,2009-12-08 13:58:00,2010-01-12 09:47:00,2.0,0.00022192344750678254,99.94731167483783
90178A,AMBER CHUNKY GLASS+BEAD NECKLACE,24,286.56,18,15,1,11.95,2009-12-14 17:57:00,2011-10-20 15:57:00,1.3333333333333333,0.00022192344750678254,99.94753359828535
84629,WHITE 3 FRAME BIRDS AND TREE,24,237.8,13,10,2,4.95,2010-02-22 13:19:00,2011-07-26 12:00:00,1.8461538461538463,0.00022192344750678254,99.94775552173286
84967B,BLUE KASHMIRI OCCASIONAL TABLE,24,1249.45,11,10,1,79.95,2010-01-06 10:20:00,2010-11-02 17:29:00,2.1818181818181817,0.00022192344750678254,99.94797744518037
90036F,"FLOWER GLASS GARLD NECKL36""TURQUOIS",24,192.17000000000002,15,13,1,8.07,2009-12-18 17:15:00,2011-03-23 12:15:00,1.6,0.00022192344750678254,99.94819936862788
23629,SET 10 CARDS DRESSING UP 17077,24,59.760000000000005,10,6,1,2.49,2011-09-21 15:43:00,2011-11-25 14:25:00,2.4,0.00022192344750678254,99.9484212920754
84575A,PINK DOG CANNISTER,24,98.8,13,12,1,5.95,2010-02-21 15:47:00,2011-04-19 14:49:00,1.8461538461538463,0.00022192344750678254,99.9486432155229
84857B,BLUE MONTE CARLO HANDBAG,24,46.8,1,1,1,1.95,2011-07-21 16:10:00,2011-07-21 16:10:00,24.0,0.00022192344750678254,99.94886513897042
79172D,PURPLE TINT ACRYLIC FLOWER VASE,24,20.4,4,4,1,0.85,2010-03-08 13:38:00,2010-10-31 13:35:00,6.0,0.00022192344750678254,99.94908706241793
84593,CROCHET ROSE DES CLOTHES HANGER,24,70.8,6,6,1,2.95,2010-04-07 11:20:00,2011-03-07 17:30:00,4.0,0.00022192344750678254,99.94930898586544
20816,GOLD FLOWER CUSHION COVER,24,123.6,7,6,2,6.75,2010-02-04 15:49:00,2011-04-28 19:53:00,3.4285714285714284,0.00022192344750678254,99.94953090931295
85230C,ROSE SCENTED VOTIVE CANDLE,24,6.959999999999999,1,1,1,0.29,2009-12-10 13:12:00,2009-12-10 13:12:00,24.0,0.00022192344750678254,99.94975283276047
85230D,VANILLA SCENTED VOTIVE CANDLE,24,6.959999999999999,1,1,1,0.29,2009-12-10 13:03:00,2009-12-10 13:03:00,24.0,0.00022192344750678254,99.94997475620798
gift_0001_30,Dotcomgiftshop Gift Voucher Â£30.00,24,610.09,24,21,1,25.53,2009-12-23 15:30:00,2011-09-02 09:26:00,1.0,0.00022192344750678254,99.95019667965549
84963A,PINK PAINTED KASHMIRI CHAIR,23,763.35,9,8,2,49.95,2010-02-02 16:07:00,2010-12-05 11:57:00,2.5555555555555554,0.00021267663719399992,99.95040935629268
90065A,WHITE VINTAGE CRYSTAL BRACELET,23,158.35,13,9,1,6.75,2009-12-07 17:56:00,2011-06-26 13:45:00,1.7692307692307692,0.00021267663719399992,99.95062203292987
90214O,"LETTER ""O"" BLING KEY RING",23,27.11,16,15,1,1.25,2009-12-09 15:03:00,2011-10-18 17:00:00,1.4375,0.00021267663719399992,99.95083470956706
84966C,GREEN KASHMIRI BOXED MIRROR,23,276.0,2,2,1,12.0,2010-09-03 17:23:00,2010-11-02 17:29:00,11.5,0.00021267663719399992,99.95104738620425
81985A,"ICON ALARM CLOCK,FUSCHIA  PIN UP",23,58.64999999999999,7,7,1,2.55,2009-12-07 13:59:00,2010-08-22 11:45:00,3.2857142857142856,0.00021267663719399992,99.95126006284144
85023C,PINK LARGE JEWELED PHOTOFRAME,23,58.65,11,8,1,2.55,2010-01-18 14:23:00,2010-06-06 13:22:00,2.090909090909091,0.00021267663719399992,99.95147273947863
84926B,SCOTTS ROSES TILE COASTER,23,28.75,7,6,1,1.25,2010-02-17 16:55:00,2010-04-18 13:12:00,3.2857142857142856,0.00021267663719399992,99.95168541611582
84925C,FAIRY CAKES  WALL THERMOMETER,23,58.65,7,7,1,2.55,2009-12-14 15:18:00,2010-05-11 12:10:00,3.2857142857142856,0.00021267663719399992,99.95189809275301
90138,WHITE/PINK MINI CRYSTALS NECKLACE,23,120.24000000000001,16,16,1,5.455,2009-12-10 16:21:00,2011-11-03 15:56:00,1.4375,0.00021267663719399992,99.9521107693902
90035A,"PEARL & SHELL 42""NECKL. GREEN",23,246.7,15,12,1,10.75,2009-12-07 13:35:00,2011-04-13 16:58:00,1.5333333333333334,0.00021267663719399992,99.95232344602739
44092C,PURPLE/COPPER HANGING LAMPSHADE,23,19.55,10,9,1,0.85,2009-12-18 12:04:00,2011-10-20 12:34:00,2.3,0.00021267663719399992,99.95253612266458
84709A,SILVER OVAL JEWELLED MIRROR,23,136.85,13,12,1,5.95,2010-05-28 12:21:00,2010-10-26 16:47:00,1.7692307692307692,0.00021267663719399992,99.95274879930177
84746,PINK EASTER HENS+FLOWER,23,72.06,16,11,1,3.105,2009-12-07 13:35:00,2011-07-20 16:12:00,1.4375,0.00021267663719399992,99.95296147593896
84086B,YELLOW/BLUE RETRO RADIO,23,67.85000000000001,11,10,1,2.95,2010-05-16 16:05:00,2011-11-20 12:34:00,2.090909090909091,0.00021267663719399992,99.95317415257615
20988,TRELLIS FLOWER CHOPSTICKS SET/5,23,44.85,8,6,1,1.95,2009-12-09 13:00:00,2010-02-28 16:00:00,2.875,0.00021267663719399992,99.95338682921334
22929,SCHOOL DESK AND CHAIR,23,1459.75,17,12,8,65.0,2010-11-24 10:35:00,2011-10-26 13:46:00,1.3529411764705883,0.00021267663719399992,99.95359950585053
84424A,FOUR PICTURE WHITE GLASS FRAME,23,86.25,10,8,1,3.75,2010-06-09 11:28:00,2010-10-24 15:51:00,2.3,0.00021267663719399992,99.95381218248772
90199D,5 STRAND GLASS NECKLACE AMBER,22,139.28,16,15,1,6.35,2009-12-17 16:58:00,2011-11-29 16:33:00,1.375,0.0002034298268812173,99.9540156123146
90199A,5 STRAND GLASS NECKLACE BLACK,22,139.5,16,14,1,6.35,2009-12-16 11:39:00,2011-11-03 11:29:00,1.375,0.0002034298268812173,99.95421904214149
84855,BLOKEY SILVER TOOL SET,22,112.60000000000001,7,6,1,4.95,2009-12-22 15:09:00,2010-07-11 10:49:00,3.142857142857143,0.0002034298268812173,99.95442247196837
90181B,AMETHYST GLASS/SHELL/PEARL NECKLACE,22,203.42000000000002,21,19,1,9.15,2009-12-22 14:31:00,2011-11-17 15:17:00,1.0476190476190477,0.0002034298268812173,99.95462590179525
90130C,GREEN STONE/CRYSTAL EARRINGS,22,64.74,21,19,1,2.96,2009-12-18 17:06:00,2011-11-22 15:41:00,1.0476190476190477,0.0002034298268812173,99.95482933162214
90039C,FIRE POLISHED GLASS BRACELET BLACK,22,82.92,11,10,1,3.75,2009-12-10 09:49:00,2011-11-21 15:18:00,2.0,0.0002034298268812173,99.95503276144902
84613A,PINK NEW BAROQUE FLOCK CANDLESTICK,22,102.30000000000001,10,10,3,4.65,2010-02-23 09:54:00,2011-02-02 17:06:00,2.2,0.0002034298268812173,99.9552361912759
90065B,BLACK VINT ART DEC CRYSTAL BRACELET,22,154.87,16,12,1,6.75,2009-12-13 10:48:00,2011-11-09 15:07:00,1.375,0.0002034298268812173,99.95543962110278
90124C,GREEN MURANO TWIST NECKLACE,22,220.20999999999998,16,16,1,9.95,2009-12-16 17:58:00,2011-11-03 15:56:00,1.375,0.0002034298268812173,99.95564305092967
90202B,WHITE ENAMEL FLOWER HAIR TIE,22,64.56,14,13,2,2.925,2009-12-14 17:16:00,2011-11-21 15:18:00,1.5714285714285714,0.0002034298268812173,99.95584648075655
85168A,WHITE BAROQUE CARRIAGE CLOCK,21,208.95,14,12,1,9.95,2009-12-13 15:16:00,2010-06-14 15:11:00,1.5,0.00019418301656843473,99.95604066377312
90064B,BLACK VINTAGE  CRYSTAL EARRINGS,21,78.75,12,12,1,3.75,2009-12-17 19:33:00,2011-10-12 11:41:00,1.75,0.00019418301656843473,99.9562348467897
90079,VINTAGE ENAMEL & CRYSTAL NECKLACE,21,104.77000000000001,13,13,1,4.95,2009-12-17 19:33:00,2011-10-09 15:24:00,1.6153846153846154,0.00019418301656843473,99.95642902980627
84622,PINK GINGHAM ROSE CUSHION COVER,21,140.7,8,4,2,5.95,2009-12-14 08:40:00,2010-02-01 12:10:00,2.625,0.00019418301656843473,99.95662321282285
90024B,NEW BAROQUE B'FLY NECKLACE RED,21,178.24,19,17,3,8.49,2009-12-07 18:02:00,2011-11-28 15:31:00,1.105263157894737,0.00019418301656843473,99.95681739583942
90039B,FIRE POLISHED GLASS BRACELET MONTAN,21,78.99,11,10,2,3.75,2010-01-12 09:48:00,2011-07-27 15:16:00,1.9090909090909092,0.00019418301656843473,99.957011578856
90029,NEW BAROQUE SMALL NECKLACE BLACK,21,178.14,11,10,1,8.5,2009-12-11 12:21:00,2011-08-30 10:47:00,1.9090909090909092,0.00019418301656843473,99.95720576187257
90126C,AMBER BERTIE MOBILE PHONE CHARM,21,42.1,5,5,2,3.29,2009-12-18 17:06:00,2011-07-15 16:27:00,4.2,0.00019418301656843473,99.95739994488915
84564,6 SEGMENT COLOURED SNACK BOWL,21,175.48000000000002,11,8,2,7.95,2009-12-08 13:38:00,2010-06-09 14:04:00,1.9090909090909092,0.00019418301656843473,99.95759412790572
90063A,WHITE VINT ART DECO CRYSTAL NECKLAC,21,178.48,13,13,2,8.5,2010-06-17 11:57:00,2011-11-03 11:29:00,1.6153846153846154,0.00019418301656843473,99.9577883109223
21266,VINTAGE SILVER TINSEL REEL,21,90.3,7,2,1,4.3,2009-12-08 15:49:00,2009-12-16 11:57:00,3.0,0.00019418301656843473,99.95798249393887
35265,COLOURFUL FLOWER FRUIT BOWL,21,80.0,16,13,1,1.95,2010-05-25 16:48:00,2011-10-02 15:49:00,1.3125,0.00019418301656843473,99.95817667695545
84546,CROCHET POODLE KEYRING,21,34.64999999999999,3,3,3,1.65,2010-03-01 12:21:00,2010-07-14 13:01:00,7.0,0.00019418301656843473,99.95837085997202
35644,PAIR PINK/BLACK COATHANGERS,21,40.95,7,6,1,1.95,2010-02-03 13:52:00,2010-11-21 12:21:00,3.0,0.00019418301656843473,99.9585650429886
20860,GOLD COSMETICS BAG WITH BUTTERFLY,20,42.0,11,9,1,2.1,2010-04-08 11:49:00,2010-12-13 16:46:00,1.8181818181818181,0.00018493620625565212,99.95874997919485
23441,HAND PAINTED HANGING EASTER EGG,20,8.4,2,1,1,0.42,2011-11-23 10:39:00,2011-11-25 14:53:00,10.0,0.00018493620625565212,99.9589349154011
84656,WHITE ROSE C/COVER,20,119.0,11,8,1,5.95,2010-01-25 11:53:00,2010-05-20 16:05:00,1.8181818181818181,0.00018493620625565212,99.95911985160735
21343,GOLD JEWELERY BOX,20,92.00000000000001,3,3,1,3.95,2009-12-09 14:01:00,2010-02-11 15:02:00,6.666666666666667,0.00018493620625565212,99.95930478781361
84690,S/2 BEACH HUT STOOLS,20,159.0,12,11,2,7.95,2009-12-09 14:02:00,2010-08-15 15:26:00,1.6666666666666667,0.00018493620625565212,99.95948972401986
90002B,FLOWER BURST SILVER RING ROSE,20,75.24,10,8,2,3.75,2009-12-07 12:32:00,2010-10-25 16:57:00,2.0,0.00018493620625565212,99.95967466022611
90064A,WHITE VINTAGE CRYSTAL EARRINGS,20,79.14,12,12,1,4.15,2010-01-13 17:44:00,2011-11-17 15:17:00,1.6666666666666667,0.00018493620625565212,99.95985959643237
84965A,PINK KASHMIRI COFFEE TABLE,20,1050.0,3,3,1,30.0,2010-02-22 14:54:00,2010-11-02 17:29:00,6.666666666666667,0.00018493620625565212,99.96004453263862
90049,IVORY GOLD METAL BAG CHARM,20,114.24,6,5,1,7.455,2010-05-23 12:46:00,2011-11-23 13:39:00,3.3333333333333335,0.00018493620625565212,99.96022946884487
84993b,75 BLACK PETIT FOUR CASES,20,16.99,13,6,1,0.85,2010-01-25 15:40:00,2010-04-26 13:30:00,1.5384615384615385,0.00018493620625565212,99.96041440505113
84612B,SET/4 BLACK  BAROQUE FLOCK COASTER,20,51.0,4,4,1,2.55,2010-01-08 15:19:00,2010-10-26 13:07:00,5.0,0.00018493620625565212,99.96059934125738
35909A,RABBIT EASTER DECORATION,20,59.00000000000001,5,5,1,2.95,2010-02-23 12:55:00,2011-04-26 13:05:00,4.0,0.00018493620625565212,99.96078427746363
90038B,GLASS AND PAINTED BEADS BRACELET OL,20,75.46,12,9,1,3.7800000000000002,2009-12-14 17:16:00,2011-11-16 15:23:00,1.6666666666666667,0.00018493620625565212,99.96096921366988
90060F,FIRE POLISHED GLASS NECKL GREEN,20,118.54,17,15,1,5.94,2009-12-16 17:58:00,2011-11-25 16:14:00,1.1764705882352942,0.00018493620625565212,99.96115414987614
90033,IVORY SHELL HEART EARRINGS,20,50.699999999999996,17,15,1,2.54,2009-12-15 18:33:00,2011-11-29 16:47:00,1.1764705882352942,0.00018493620625565212,99.96133908608239
90027D,GLASS BEAD HOOP EARRINGS AMETHYST,20,62.08,13,10,1,2.95,2009-12-09 12:57:00,2011-11-30 15:13:00,1.5384615384615385,0.00018493620625565212,99.96152402228864
90179C,BLACK FINE BEAD NECKLACE W TASSEL,19,112.78,16,13,1,5.95,2010-06-15 16:17:00,2011-12-01 08:51:00,1.1875,0.0001756893959428695,99.96169971168459
90126A,PINK BERTIE MOBILE PHONE CHARM,19,35.45,4,4,2,1.69,2010-04-26 14:14:00,2010-12-13 09:35:00,4.75,0.0001756893959428695,99.96187540108053
23468,TUSCAN VILLA BIRD TABLE,19,156.75,11,8,2,8.25,2011-10-06 17:28:00,2011-11-23 15:53:00,1.7272727272727273,0.0001756893959428695,99.96205109047648
90102,WHITE FRANGIPANI HAIR CLIP,19,16.11,4,4,1,0.85,2010-01-25 09:54:00,2011-06-07 12:47:00,4.75,0.0001756893959428695,99.96222677987242
90063B,BLACK VINT ART DEC CRYSTAL NECKLACE,19,161.49,13,10,1,8.5,2009-12-14 18:37:00,2011-11-03 11:29:00,1.4615384615384615,0.0001756893959428695,99.96240246926837
90038C,GLASS AND BEADS BRACELET IVORY,19,71.46000000000001,9,9,1,3.75,2009-12-18 17:15:00,2011-09-02 16:39:00,2.111111111111111,0.0001756893959428695,99.96257815866431
84030C,KNITTED RAINBOW HOT WATER BOTTLE,19,71.25,4,3,1,3.75,2009-12-07 11:39:00,2010-03-05 11:50:00,4.75,0.0001756893959428695,99.96275384806026
23440,PAINT YOUR OWN EGGS IN CRATE,19,39.52,3,2,1,2.08,2011-11-24 15:01:00,2011-11-30 09:50:00,6.333333333333333,0.0001756893959428695,99.9629295374562
17011B,ORIGAMI JASMINE INCENSE+FLOWER,19,11.100000000000001,2,2,2,1.2,2010-05-30 11:02:00,2010-08-20 09:23:00,9.5,0.0001756893959428695,99.96310522685215
84795b,SUNSET CHECK HAMMOCK,19,317.71999999999997,17,14,1,16.63,2010-06-08 15:24:00,2011-11-30 14:11:00,1.1176470588235294,0.0001756893959428695,99.9632809162481
84705D,CHERRY BLOSSOM PHOTO FRAME,19,83.95,13,10,1,4.21,2010-03-31 12:52:00,2010-07-12 10:54:00,1.4615384615384615,0.0001756893959428695,99.96345660564404
90214Z,"LETTER ""Z"" BLING KEY RING",19,18.009999999999998,17,15,1,0.85,2009-12-10 11:42:00,2011-10-05 15:56:00,1.1176470588235294,0.0001756893959428695,99.96363229503999
85023A,CRYSTAL LARGE JEWELLED PHOTO FRAME,19,48.449999999999996,9,6,1,2.55,2010-01-05 16:50:00,2010-04-19 17:11:00,2.111111111111111,0.0001756893959428695,99.96380798443593
84415B,BLUE FLOCK CUSHION COVER,18,57.5,6,6,2,3.75,2010-02-11 16:46:00,2011-06-08 08:31:00,3.0,0.0001664425856300869,99.96397442702155
90177A,CLASSIC DIAMANTE EARRINGS JET,18,52.79,13,13,2,2.9,2009-12-10 18:43:00,2011-11-22 15:43:00,1.3846153846153846,0.0001664425856300869,99.96414086960718
35652,VINTAGE BEAD CHAISE LONG JEWEL BOX,18,21.5,2,2,1,3.625,2009-12-16 12:29:00,2010-03-08 13:41:00,9.0,0.0001664425856300869,99.9643073121928
44091A,BLUE CRUSOE CHECK LAMPSHADE,18,7.56,6,6,1,0.42,2010-03-26 14:16:00,2011-07-20 11:38:00,3.0,0.0001664425856300869,99.96447375477842
90139,FLOWER BROOCH 4 ASSORTED COLOURS,18,92.74000000000001,14,5,1,5.2,2009-12-07 17:56:00,2010-03-21 14:04:00,1.2857142857142858,0.0001664425856300869,99.96464019736405
84558a,3D DOG PICTURE PLAYING CARDS,18,107.3,16,10,1,5.91,2009-12-22 14:48:00,2011-03-22 16:55:00,1.125,0.0001664425856300869,99.96480663994967
84797b,BLUE SAVANNAH PICNIC HAMPER FOR 4,18,198.84,16,5,1,11.02,2009-12-22 15:04:00,2010-05-26 12:54:00,1.125,0.0001664425856300869,99.9649730825353
90188,DROP EARRINGS W FLOWER & LEAF,18,45.879999999999995,16,13,1,2.54,2009-12-14 17:57:00,2011-11-18 13:25:00,1.125,0.0001664425856300869,99.96513952512092
84596f,SMALL MARSHMALLOWS PINK BOWL,18,44.43,13,11,1,2.46,2010-09-13 10:33:00,2011-10-31 13:48:00,1.3846153846153846,0.0001664425856300869,99.96530596770654
37491A,YELLOW/PINK CERAMIC CANDLE HOLDER,18,48.3,13,12,1,3.29,2009-12-15 18:33:00,2011-10-31 14:41:00,1.3846153846153846,0.0001664425856300869,99.96547241029216
90141A,GREEN PENDANT TRIPLE SHELL NECKLACE,18,95.05000000000001,16,15,2,5.4,2009-12-16 11:39:00,2011-11-30 15:13:00,1.125,0.0001664425856300869,99.96563885287779
90128B,BLUE LEAVES AND BEADS PHONE CHARM,18,23.759999999999998,6,6,2,1.25,2010-01-24 12:15:00,2010-12-09 14:09:00,3.0,0.0001664425856300869,99.96580529546341
84963B,BLUE PAINTED KASHMIRI CHAIR,18,591.5,6,5,1,49.95,2010-05-19 13:32:00,2011-08-04 13:03:00,3.0,0.0001664425856300869,99.96597173804903
90036B,"FLOWER GLASS GARLAND NECKL.36""GREEN",18,143.1,10,9,1,7.95,2010-01-18 16:47:00,2011-08-01 17:37:00,1.8,0.0001664425856300869,99.96613818063466
90011B,BLACK CRYSTAL DROP EARRINGS,18,53.160000000000004,13,11,1,2.96,2009-12-16 11:57:00,2011-11-30 15:13:00,1.3846153846153846,0.0001664425856300869,99.96630462322028
23614,SET 10 CARDS 12 DAYS WRAP  17058,18,59.940000000000005,9,7,1,3.33,2011-09-07 12:02:00,2011-11-25 16:14:00,2.0,0.0001664425856300869,99.9664710658059
18097A,PINK TALL PORCELAIN T-LIGHT HOLDER,17,43.349999999999994,12,10,1,2.55,2010-03-05 13:24:00,2011-06-22 16:16:00,1.4166666666666667,0.00015719577531730428,99.96662826158122
21764,VINTAGE WOODEN PLATE RACK,17,659.1500000000001,11,8,4,39.95,2009-12-08 15:12:00,2010-03-12 10:09:00,1.5454545454545454,0.00015719577531730428,99.96678545735654
84614A,PINK BAROQUE FLOCK CANDLE HOLDER,17,124.83,10,10,2,5.95,2010-02-18 10:26:00,2010-12-03 15:45:00,1.7,0.00015719577531730428,99.96694265313185
90125E,AMBER BERTIE GLASS BEAD BAG CHARM,17,42.089999999999996,16,11,1,1.88,2009-12-14 11:31:00,2011-05-26 14:09:00,1.0625,0.00015719577531730428,99.96709984890717
72724,SET/6 CHRISTMAS ICICLE T-LIGHTS,17,21.25,4,1,1,1.25,2009-12-07 12:42:00,2009-12-10 18:27:00,4.25,0.00015719577531730428,99.96725704468248
22828,REGENCY MIRROR WITH SHUTTERS,17,2565.0,11,10,2,145.0,2010-10-21 15:38:00,2011-11-16 09:32:00,1.5454545454545454,0.00015719577531730428,99.9674142404578
79413,GLASS WINE GLASS DECORATIONS,17,21.25,7,4,1,1.25,2009-12-13 11:32:00,2010-05-04 13:49:00,2.4285714285714284,0.00015719577531730428,99.96757143623311
90056,CHUNKY CRACKED GLAZE NECKLACE IVORY,17,186.3,12,12,1,11.05,2009-12-08 15:49:00,2011-09-22 16:28:00,1.4166666666666667,0.00015719577531730428,99.96772863200843
35591T,TURQUOISE CHRISTMAS TREE,17,21.25,9,7,1,1.25,2010-09-05 14:01:00,2011-11-20 12:36:00,1.8888888888888888,0.00015719577531730428,99.96788582778375
17091F,SANDALWOOD INCENSE IN TIN,17,25.21,7,3,1,1.25,2009-12-08 13:41:00,2010-01-10 12:25:00,2.4285714285714284,0.00015719577531730428,99.96804302355906
85099c,JUMBO  BAG BAROQUE BLACK WHITE,17,85.17,10,3,1,5.06,2010-06-24 11:31:00,2010-07-26 11:01:00,1.7,0.00015719577531730428,99.96820021933438
90182C,BLACK 3 BEAD DROP EARRINGS,17,49.940000000000005,11,11,2,2.95,2009-12-13 10:54:00,2011-12-02 16:39:00,1.5454545454545454,0.00015719577531730428,99.9683574151097
84797a,PINK HAWAIIAN PICNIC HAMPER FOR 4,17,187.57999999999998,16,7,1,11.02,2009-12-22 15:06:00,2010-06-04 14:58:00,1.0625,0.00015719577531730428,99.96851461088501
PADS,PADS TO MATCH ALL CUSHIONS,17,0.017,17,14,2,0.001,2010-01-19 17:04:00,2011-09-25 14:58:00,1.0,0.00015719577531730428,99.96867180666032
35001B,HAND OPEN SHAPE BLACK,17,59.330000000000005,6,6,1,3.49,2009-12-17 13:35:00,2010-03-16 11:14:00,2.8333333333333335,0.00015719577531730428,99.96882900243564
20964,POLYESTER FILLER PAD 60x40cm,17,43.349999999999994,5,4,2,2.55,2010-02-05 09:14:00,2011-05-06 11:36:00,3.4,0.00015719577531730428,99.96898619821096
90128C,GREEN LEAVES AND BEADS PHONE CHARM,17,25.04,6,6,2,1.855,2009-12-18 17:06:00,2011-09-28 16:24:00,2.8333333333333335,0.00015719577531730428,99.96914339398627
84964B,BLUE PAINTED KASHMIRI TABLE,17,990.0,2,2,1,45.0,2010-02-22 14:54:00,2010-11-02 17:29:00,8.5,0.00015719577531730428,99.96930058976159
84706B,FAIRY CAKES TABLE CLOCK,17,161.88,8,6,2,8.95,2009-12-16 13:40:00,2010-02-11 13:41:00,2.125,0.00015719577531730428,99.9694577855369
82069,BEECH WOOD P/FRAME,17,109.85,11,10,1,5.91,2009-12-16 16:04:00,2010-10-18 09:28:00,1.5454545454545454,0.00015719577531730428,99.96961498131222
90187B,GREEN DROP EARRINGS W BEAD CLUSTER,17,57.18,12,12,1,3.37,2009-12-07 18:02:00,2011-11-15 16:57:00,1.4166666666666667,0.00015719577531730428,99.96977217708753
90178B,PURPLE CHUNKY GLASS+BEAD NECKLACE,16,191.40999999999997,11,11,1,11.95,2009-12-14 17:16:00,2010-12-17 17:23:00,1.4545454545454546,0.0001479489650045217,99.96992012605254
90151,SILVER/NATURAL SHELL NECKLACE,16,136.17000000000002,9,9,1,8.5,2009-12-08 15:49:00,2011-11-27 15:18:00,1.7777777777777777,0.0001479489650045217,99.97006807501755
85079,EMBROIDERED REINDEER DECORATION,16,17.41,6,3,1,0.85,2009-12-07 15:42:00,2009-12-23 11:51:00,2.6666666666666665,0.0001479489650045217,99.97021602398256
84798C,WHITE FOXGLOVE ARTIIFCIAL FLOWER,16,40.8,3,3,1,2.55,2010-01-05 14:12:00,2010-02-04 16:16:00,5.333333333333333,0.0001479489650045217,99.97036397294757
90180B,PURPLE AMETHYST NECKLACE W TASSEL,16,159.48,12,11,1,9.95,2009-12-13 10:54:00,2011-12-04 12:29:00,1.3333333333333333,0.0001479489650045217,99.97051192191257
90196A,PURPLE GEMSTONE NECKLACE 45CM,16,204.0,10,9,1,12.75,2009-12-16 11:39:00,2011-11-29 10:57:00,1.6,0.0001479489650045217,99.97065987087758
84867A,PINK BABY GIRLS PHOTO ALBUM,16,105.82000000000001,4,3,3,6.95,2010-01-07 19:34:00,2010-03-09 10:18:00,4.0,0.0001479489650045217,99.97080781984259
90016C,SILVER/BLACK PENDANT ORBIT NECKLACE,16,135.75,13,10,1,8.49,2010-01-11 09:30:00,2011-06-14 17:25:00,1.2307692307692308,0.0001479489650045217,99.9709557688076
DCGS0076,SUNJAR LED NIGHT NIGHT LIGHT,16,259.48,13,11,1,16.13,2009-12-07 17:56:00,2010-12-20 15:03:00,1.2307692307692308,0.0001479489650045217,99.9711037177726
90012B,BLACK DROP CRYSTAL NECKLACE,16,75.95,5,5,1,9.95,2010-01-29 17:55:00,2011-11-13 11:46:00,3.2,0.0001479489650045217,99.97125166673761
20895,VINTAGE NOTEBOOK FRENCH LETTER,16,47.20000000000001,4,4,1,2.95,2009-12-08 12:33:00,2010-02-02 12:17:00,4.0,0.0001479489650045217,99.97139961570262
84425A,WHITE GLASS TV TRIPLE FRAME,15,63.85,8,7,1,4.25,2009-12-10 14:19:00,2010-05-13 15:41:00,1.875,0.0001387021546917391,99.97153831785731
22351,DOTCOMGIFTSHOP TEA TOWEL,15,29.809999999999995,3,3,1,3.29,2010-08-26 12:35:00,2011-06-29 15:58:00,5.0,0.0001387021546917391,99.971677020012
90196B,BLACK GEMSTONE NECKLACE 45CM,15,190.98,12,12,1,12.75,2009-12-13 10:54:00,2011-11-09 15:07:00,1.25,0.0001387021546917391,99.97181572216668
35443,RASTA IN BATH W SPLIFF ASHTRAY,15,12.75,9,9,2,0.85,2010-02-19 17:02:00,2011-11-24 15:01:00,1.6666666666666667,0.0001387021546917391,99.97195442432137
84632,DECORATIVE HANGING SHELVING UNIT,15,859.25,11,10,3,59.95,2010-03-11 12:17:00,2011-07-21 18:08:00,1.3636363636363635,0.0001387021546917391,99.97209312647605
90212C,PURPLE LAS VEGAS BRACELET ROUND,15,56.25,7,7,2,3.75,2009-12-13 10:54:00,2011-09-06 16:02:00,2.142857142857143,0.0001387021546917391,99.97223182863074
90024D,NEW BAROQUE B'FLY NECKLACE PINK,15,127.5,13,12,2,8.5,2009-12-09 09:51:00,2011-09-29 15:13:00,1.1538461538461537,0.0001387021546917391,99.97237053078543
90024E,NEW BAROQUE B'FLY NECKLACE MONTANA,15,127.3,10,9,1,8.5,2009-12-11 12:21:00,2011-03-29 15:20:00,1.5,0.0001387021546917391,99.97250923294011
90206A,GOLD DIAMANTE STAR BROOCH,15,74.62,11,10,1,4.95,2009-12-17 13:07:00,2011-11-27 15:18:00,1.3636363636363635,0.0001387021546917391,99.9726479350948
84599,CANDY STRIPE ROSE FLOOR CUSHION,15,160.15,6,4,1,12.04,2010-01-14 11:59:00,2010-04-23 16:16:00,2.5,0.0001387021546917391,99.97278663724948
35909B,PINK FLOWERS RABBIT EASTER,15,44.25000000000001,5,5,1,2.95,2010-01-19 11:20:00,2011-06-14 13:15:00,3.0,0.0001387021546917391,99.97292533940417
23603,SET 10 CARD KRAFT REINDEER 17084,15,37.35,10,6,1,2.49,2011-10-14 17:17:00,2011-12-02 16:39:00,1.5,0.0001387021546917391,99.97306404155886
85018B,S/6 PAPER BOXES BLOSSOM IMAGES,15,63.75,10,9,1,4.25,2009-12-16 12:06:00,2010-11-03 13:47:00,1.5,0.0001387021546917391,99.97320274371354
78034B,BLUE NETTING STORAGE HANGER,15,29.25,9,9,1,1.95,2010-06-16 15:27:00,2011-10-02 11:10:00,1.6666666666666667,0.0001387021546917391,99.97334144586823
23632,SET 10 CARDS CHEERFUL ROBIN 17065,15,31.200000000000003,10,6,1,2.08,2011-09-23 17:04:00,2011-11-30 15:13:00,1.5,0.0001387021546917391,99.97348014802292
90054,CRACKED GLAZE EARRINGS RED,15,38.06,15,13,1,2.54,2009-12-14 17:16:00,2011-11-22 15:41:00,1.0,0.0001387021546917391,99.9736188501776
90051,CRACKED GLAZE NECKLACE RED,15,105.72,11,10,1,6.95,2010-06-28 10:02:00,2011-10-09 15:24:00,1.3636363636363635,0.0001387021546917391,99.97375755233229
84968e,SET OF 16 VINTAGE BLACK CUTLERY,15,379.16999999999996,12,11,1,25.49,2010-06-08 15:25:00,2011-08-17 12:34:00,1.25,0.0001387021546917391,99.97389625448697
21760,FRENCH STYLE WALL DRESSER,15,1740.0,12,10,2,125.0,2010-03-01 12:34:00,2010-09-09 13:20:00,1.25,0.0001387021546917391,99.97403495664166
71496B,A4 WALL TIDY RED FLOWERS,15,8.67,6,5,1,0.5900000000000001,2010-04-20 14:33:00,2011-11-02 14:31:00,2.5,0.0001387021546917391,99.97417365879635
79140,ASS WINDPROOF MARIJUANA LIGHTERS,15,6.3,2,2,1,0.42,2010-02-01 15:23:00,2010-06-01 16:06:00,7.5,0.0001387021546917391,99.97431236095103
84340,LARGE FIBRE OPTIC CHRISTMAS TREE,15,50.46,8,3,1,7.78,2009-12-07 18:02:00,2009-12-22 14:31:00,1.875,0.0001387021546917391,99.97445106310572
84550,CROCHET LILAC/RED BEAR KEYRING,15,24.749999999999996,5,5,1,1.65,2009-12-11 15:37:00,2011-11-25 14:02:00,3.0,0.0001387021546917391,99.9745897652604
44092B,BLUE WHITE PLASTIC RINGS LAMPSHADE,15,12.75,6,6,1,0.85,2010-07-18 13:22:00,2011-09-05 15:19:00,2.5,0.0001387021546917391,99.97472846741509
84732D,CUTE RABBIT CEATURE SCREEN,15,10.89,6,5,2,1.65,2009-12-17 10:20:00,2011-08-18 20:05:00,2.5,0.0001387021546917391,99.97486716956978
85018A,S/6 PAPER BOXES ROMANTIC IMAGES,15,63.75,10,10,1,4.25,2009-12-16 12:06:00,2010-08-13 14:20:00,1.5,0.0001387021546917391,99.97500587172446
37491B,BLUE/YELLOW CERAMIC CANDLE HOLDER,14,30.08,8,7,1,1.65,2010-01-11 09:38:00,2011-07-18 13:33:00,1.75,0.00012945534437895648,99.97513532706884
85184B,SET 4 EASTER DECOUPAGE OVAL BOXES,14,41.300000000000004,7,6,1,2.95,2009-12-09 13:26:00,2010-03-22 17:32:00,2.0,0.00012945534437895648,99.97526478241322
85186B,BUNNY BUNCH OF FLOWERS,14,5.88,2,1,1,0.42,2010-03-17 16:33:00,2010-03-21 15:23:00,7.0,0.00012945534437895648,99.9753942377576
90037D,TINY CRYSTALS BRACELET BLACK,14,35.87,8,7,1,2.57,2009-12-07 17:56:00,2010-06-23 14:34:00,1.75,0.00012945534437895648,99.97552369310198
81953B,ROUND BLUE CLOCK WITH SUCKER,14,4.64,6,5,1,0.19,2010-05-09 11:29:00,2011-07-18 11:47:00,2.3333333333333335,0.00012945534437895648,99.97565314844636
90027C,GLASS BEAD HOOP EARRINGS GREEN,14,41.17,12,12,1,2.95,2009-12-14 17:16:00,2011-11-25 16:14:00,1.1666666666666667,0.00012945534437895648,99.97578260379073
90001D,ANTIQUE OLIVE GREEN FLOWER EARRINGS,14,59.46,10,10,3,4.25,2009-12-13 10:54:00,2011-10-09 15:24:00,1.4,0.00012945534437895648,99.97591205913511
90011A,MIDNIGHT BLUE CRYSTAL DROP EARRINGS,14,41.25,14,14,1,2.96,2009-12-14 18:37:00,2011-11-24 14:40:00,1.0,0.00012945534437895648,99.97604151447949
84653,GREEN ROSE QUILT,14,750.48,12,7,1,45.95,2010-01-11 09:35:00,2010-03-24 12:04:00,1.1666666666666667,0.00012945534437895648,99.97617096982387
85225,BLING KEY RING STAND,14,17.5,9,9,1,1.25,2009-12-13 11:49:00,2011-04-28 16:11:00,1.5555555555555556,0.00012945534437895648,99.97630042516825
84510e,SET OF 4 GREEN CAROUSEL COASTERS,14,35.089999999999996,6,6,1,2.51,2010-04-09 14:53:00,2011-04-15 10:41:00,2.3333333333333335,0.00012945534437895648,99.97642988051263
84427B,BLACK GLASS TV DOUBLE P/FRAME 15X10,14,59.5,4,4,1,4.25,2009-12-10 14:19:00,2010-03-07 15:47:00,3.5,0.00012945534437895648,99.976559335857
90181A,AMBER GLASS/SHELL/PEARL NECKLACE,14,128.64,14,12,2,9.15,2010-01-26 17:51:00,2011-11-30 15:13:00,1.0,0.00012945534437895648,99.97668879120138
23447,PINK BUNNY EASTER EGG BASKET,14,23.099999999999998,3,2,1,1.65,2011-10-10 13:55:00,2011-10-23 16:13:00,4.666666666666667,0.00012945534437895648,99.97681824654576
90127A,PINK BEADS+HAND PHONE CHARM,14,19.92,2,2,1,1.855,2010-11-21 14:10:00,2011-07-15 16:27:00,7.0,0.00012945534437895648,99.97694770189014
gift_0001_10,Dotcomgiftshop Gift Voucher Â£10.00,14,117.88,13,11,1,8.33,2009-12-18 17:06:00,2011-08-31 15:32:00,1.0769230769230769,0.00012945534437895648,99.97707715723452
90141C,TURQ PENDANT TRIPLE SHELL NECKLACE,14,73.79,12,11,2,5.4,2010-04-08 14:47:00,2011-11-22 15:43:00,1.1666666666666667,0.00012945534437895648,99.9772066125789
82613b,"METAL SIGN,CUPCAKE SINGLE HOOK",14,35.04,11,10,1,2.51,2010-02-01 11:21:00,2011-07-08 13:54:00,1.2727272727272727,0.00012945534437895648,99.97733606792328
22206,"MUG , DOTCOMGIFTSHOP.COM",14,11.82,10,9,1,0.85,2010-06-07 14:22:00,2011-11-21 15:18:00,1.4,0.00012945534437895648,99.97746552326765
84875A,PINK SQUARE COMPACT MIRROR,14,52.5,10,9,1,3.75,2009-12-17 17:54:00,2010-11-30 14:21:00,1.4,0.00012945534437895648,99.97759497861203
44242A,LILAC FEATHERS CURTAIN,14,11.98,2,2,1,1.02,2010-03-25 13:05:00,2011-07-10 15:17:00,7.0,0.00012945534437895648,99.97772443395641
23143,ZINC WIRE KITCHEN ORGANISER,14,176.77,10,7,3,10.4,2011-05-04 13:17:00,2011-11-24 12:53:00,1.4,0.00012945534437895648,99.97785388930079
90128D,PURPLE LEAVES AND BEADS PHONE CHAR,13,21.24,7,7,1,2.46,2010-02-24 15:23:00,2011-02-15 09:44:00,1.8571428571428572,0.00012020853406617388,99.97797409783486
84529B,BLUE KNITTED KID'S RUCKSACK,13,62.35,5,3,1,4.21,2010-02-14 15:30:00,2010-04-23 16:16:00,2.6,0.00012020853406617388,99.97809430636893
23574,PACKING CHARGE,13,97.5,13,9,3,7.5,2011-07-06 13:04:00,2011-11-23 16:48:00,1.0,0.00012020853406617388,99.978214514903
47590b,PINK HAPPY BIRTHDAY BUNTING,13,140.5,10,8,1,10.79,2010-11-19 13:06:00,2011-11-13 11:50:00,1.3,0.00012020853406617388,99.97833472343707
DCGS0003,BOXED GLASS ASHTRAY,13,32.589999999999996,13,13,1,2.51,2009-12-09 09:42:00,2011-05-05 15:42:00,1.0,0.00012020853406617388,99.97845493197114
82613c,"METAL SIGN,CUPCAKE SINGLE HOOK",13,32.48,12,10,1,2.51,2010-02-01 11:21:00,2011-10-26 14:42:00,1.0833333333333333,0.00012020853406617388,99.97857514050521
90130D,RED STONE/CRYSTAL EARRINGS,13,38.31,8,8,1,2.955,2010-01-11 09:30:00,2011-11-28 15:31:00,1.625,0.00012020853406617388,99.97869534903928
84705A,ENGLISH ROSE PHOTO FRAME,13,60.45,6,5,1,4.65,2010-01-08 15:19:00,2010-04-07 15:02:00,2.1666666666666665,0.00012020853406617388,99.97881555757336
84586L,"PINK ROSES/GINGHAM PATCH RABBIT 8""",13,38.35,8,4,1,2.95,2009-12-08 11:13:00,2010-01-31 12:32:00,1.625,0.00012020853406617388,99.97893576610743
90046,WHITE WITH METAL BAG CHARM,13,64.35000000000001,7,6,1,4.95,2010-03-26 16:17:00,2011-07-07 16:59:00,1.8571428571428572,0.00012020853406617388,99.9790559746415
23446,BLUE BUNNY EASTER EGG BASKET,13,21.449999999999996,2,1,1,1.65,2011-10-10 13:55:00,2011-10-16 14:07:00,6.5,0.00012020853406617388,99.97917618317557
84966A,PINK KASHMIRI BOXED MIRROR,13,225.95,4,4,1,20.0,2010-01-19 12:18:00,2010-11-02 17:29:00,3.25,0.00012020853406617388,99.97929639170964
90001B,ANTIQUE MID BLUE FLOWER EARRINGS,13,55.120000000000005,10,9,3,4.25,2010-01-13 17:44:00,2011-11-08 18:41:00,1.3,0.00012020853406617388,99.97941660024371
37348,SET OF 4 PASTEL STACKING MUGS,13,33.15,6,5,1,2.55,2009-12-17 16:15:00,2010-03-31 13:17:00,2.1666666666666665,0.00012020853406617388,99.97953680877778
90027B,GLASS BEAD HOOP EARRINGS MONTANA,13,38.28,10,9,1,2.95,2009-12-09 12:57:00,2011-11-25 16:14:00,1.3,0.00012020853406617388,99.97965701731185
23464,VINTAGE ZINC WATERING CAN SMALL,13,69.4,6,4,1,4.95,2011-10-16 12:28:00,2011-11-28 14:06:00,2.1666666666666665,0.00012020853406617388,99.97977722584592
90002E,FLOWER BURST SILVER RING GREEN,13,49.019999999999996,9,8,1,3.75,2010-01-11 09:31:00,2010-08-18 16:21:00,1.4444444444444444,0.00012020853406617388,99.97989743437999
47552A,DOTS IRONING BOARD COVER,12,23.4,11,8,1,1.95,2009-12-10 16:21:00,2010-06-17 15:08:00,1.0909090909090908,0.00011096172375339127,99.98000839610374
90163B,WHITE ROSEBUD & PEARL NECKLACE,12,90.97,8,8,1,7.57,2009-12-09 09:51:00,2011-10-31 14:41:00,1.5,0.00011096172375339127,99.98011935782749
20877,MODERN CHRISTMAS BAUBLE CANDLE,12,5.04,5,2,1,0.42,2009-12-10 18:27:00,2009-12-18 11:03:00,2.4,0.00011096172375339127,99.98023031955124
20620,RED SPOTTY PASSPORT COVER,12,51.06,11,6,1,4.21,2009-12-09 09:51:00,2010-02-03 17:04:00,1.0909090909090908,0.00011096172375339127,99.98034128127499
78026,SEAGRASS S/3 SQU LAUNDRY BOX,12,139.95,2,2,1,19.975,2010-01-17 16:05:00,2010-09-03 17:24:00,6.0,0.00011096172375339127,99.98045224299874
90076,MONTANA DIAMOND CLUSTER EARRINGS,12,33.0,7,7,2,2.96,2010-01-14 09:41:00,2011-11-24 09:21:00,1.7142857142857142,0.00011096172375339127,99.98056320472249
90012A,MIDNIGHT BLUE DROP CRYSTAL NECKLACE,12,63.96,6,6,1,9.98,2010-03-03 15:28:00,2011-10-11 11:38:00,2.0,0.00011096172375339127,99.98067416644624
21489,BLUE WHITE SCARF HOT WATER BOTTLE,12,80.30000000000001,5,3,1,8.65,2009-12-07 17:56:00,2010-02-17 16:00:00,2.4,0.00011096172375339127,99.98078512816998
90141B,IVORY PENDANT TRIPLE SHELL NECKLACE,12,59.96,8,8,2,5.02,2009-12-16 11:39:00,2011-07-18 10:29:00,1.5,0.00011096172375339127,99.98089608989373
23449,SET OF 6 EASTER RAINBOW CHICKS,12,15.0,1,1,1,1.25,2011-11-15 17:14:00,2011-11-15 17:14:00,12.0,0.00011096172375339127,99.98100705161748
21267,VINTAGE PINK TINSEL REEL,12,47.199999999999996,6,2,1,4.3,2009-12-07 15:26:00,2009-12-18 17:06:00,2.0,0.00011096172375339127,99.98111801334123
20939,ORANGE CANDLE,12,10.2,1,1,1,0.85,2009-12-11 14:20:00,2009-12-11 14:20:00,12.0,0.00011096172375339127,99.98122897506498
35654,VINTAGE BEAD FILLED PINK CUSHION,12,59.400000000000006,5,5,1,4.95,2010-01-05 12:06:00,2010-08-04 14:41:00,2.4,0.00011096172375339127,99.98133993678873
84886,BLUE METAL WALL SHELF,12,119.39999999999999,9,6,1,9.95,2010-01-28 13:27:00,2010-07-01 17:30:00,1.3333333333333333,0.00011096172375339127,99.98145089851248
90069,RUBY GLASS CLUSTER NECKLACE,11,82.5,5,5,1,7.5,2009-12-10 19:35:00,2011-11-03 11:29:00,2.2,0.00010171491344060866,99.98155261342592
23613,SET 10 XMAS CARDS & BADGES 17070,11,27.39,6,4,1,2.49,2011-09-07 16:48:00,2011-11-28 15:31:00,1.8333333333333333,0.00010171491344060866,99.98165432833936
90001C,ANTIQUE OPAL WHITE FLOWER EARRINGS,11,46.7,10,10,1,4.25,2009-12-11 12:21:00,2011-10-20 15:57:00,1.1,0.00010171491344060866,99.9817560432528
84617,NEW BAROQUE BLACK BOXES,11,140.25,7,6,4,12.75,2009-12-07 15:42:00,2011-11-14 15:41:00,1.5714285714285714,0.00010171491344060866,99.98185775816624
90011C,GREEN CRYSTAL DROP EARRINGS,11,32.38,6,6,1,2.955,2010-01-13 13:55:00,2011-11-24 09:26:00,1.8333333333333333,0.00010171491344060866,99.98195947307968
90176D,DIAMANTE NECKLACE PURPLE,11,82.81,7,7,1,7.5,2009-12-15 18:33:00,2011-11-03 11:29:00,1.5714285714285714,0.00010171491344060866,99.98206118799312
84387A,BIRD ON BRANCH CANVAS SCREEN,11,21.45,1,1,1,1.95,2011-07-21 11:55:00,2011-07-21 11:55:00,11.0,0.00010171491344060866,99.98216290290657
90183C,BLACK DROP EARRINGS W LONG BEADS,11,32.19,11,10,1,2.9,2010-01-11 09:32:00,2011-11-28 15:31:00,1.0,0.00010171491344060866,99.98226461782001
90189A,SILVER 2 STRAND NECKLACE-LEAF CHARM,11,82.64,8,8,1,7.5,2010-01-18 13:24:00,2011-11-18 13:25:00,1.375,0.00010171491344060866,99.98236633273345
90150,BLUE SHELL+SILVER NECKLACE,11,82.5,7,6,1,7.5,2010-01-28 13:23:00,2010-09-24 12:43:00,1.5714285714285714,0.00010171491344060866,99.98246804764689
90142D,MOP PENDANT SHELL NECKLACE,11,54.59,5,5,1,4.95,2010-11-24 13:13:00,2011-10-23 15:29:00,2.2,0.00010171491344060866,99.98256976256033
84582,PINK CROCHET CAT WITH SCARF,11,46.75,9,5,1,4.25,2009-12-14 14:48:00,2010-03-26 13:57:00,1.2222222222222223,0.00010171491344060866,99.98267147747377
90179A,AMBER FINE BEAD NECKLACE W TASSEL,11,65.18,8,8,1,5.95,2010-01-26 17:48:00,2011-11-29 16:33:00,1.375,0.00010171491344060866,99.98277319238721
84311,CAMOFLAGE CUSHION COVER,11,18.15,1,1,1,1.65,2010-02-09 16:18:00,2010-02-09 16:18:00,11.0,0.00010171491344060866,99.98287490730065
62097B,BLUE STRIPES SHOULDER BAG,11,13.37,4,4,1,0.83,2010-06-16 13:52:00,2011-05-23 11:52:00,2.75,0.00010171491344060866,99.9829766222141
84964A,PINK PAINTED KASHMIRI TABLE,11,630.0,2,2,1,45.0,2010-02-22 14:54:00,2010-11-02 17:29:00,5.5,0.00010171491344060866,99.98307833712754
90135A,ORANGE/FUSCHIA STONES NECKLACE,11,54.620000000000005,4,4,2,4.965,2010-03-08 12:35:00,2011-04-19 11:37:00,2.75,0.00010171491344060866,99.98318005204098
20820,SILVER LOOKING MIRROR,11,54.45,8,8,1,4.95,2009-12-17 11:38:00,2011-03-01 17:28:00,1.375,0.00010171491344060866,99.98328176695442
35611B,BLACK ASSORTED DROPLET DECORATION,11,4.18,1,1,1,0.38,2010-11-23 14:17:00,2010-11-23 14:17:00,11.0,0.00010171491344060866,99.98338348186786
84891B,GREEN WIRE GOBLET CANDLEHOLDER,11,87.45,6,5,1,7.95,2010-05-30 13:02:00,2010-11-18 14:25:00,1.8333333333333333,0.00010171491344060866,99.9834851967813
16245A,PINK MINI STATIONERY SET W CASE,11,13.75,7,6,1,1.25,2010-03-10 12:10:00,2010-07-12 11:59:00,1.5714285714285714,0.00010171491344060866,99.98358691169474
90042B,FRESHWATER PEARL BRACELET PINK,11,28.049999999999997,4,4,1,2.55,2010-01-28 13:27:00,2010-11-24 14:21:00,2.75,0.00010171491344060866,99.98368862660818
90026A,GLASS BEAD HOOP NECKLACE BLACK,11,93.47,9,9,2,8.5,2010-03-19 11:39:00,2011-06-13 14:16:00,1.2222222222222223,0.00010171491344060866,99.98379034152163
20887,BOX OF 6 PEBBLE CANDLES,11,76.92,4,2,1,5.615,2009-12-07 15:26:00,2009-12-22 15:04:00,2.75,0.00010171491344060866,99.98389205643507
21582,KINGS CHOICE SMALL TUBE MATCHES,11,18.15,5,2,1,1.65,2009-12-07 15:15:00,2010-02-21 12:42:00,2.2,0.00010171491344060866,99.98399377134851
90001A,ANTIQUE RASPBERRY FLOWER EARRINGS,11,46.6,10,10,1,4.25,2009-12-15 18:33:00,2011-10-31 14:41:00,1.1,0.00010171491344060866,99.98409548626195
79151B,"SILICON CUBE 25W, BLUE",11,4.62,2,2,1,0.42,2010-12-05 12:42:00,2011-11-28 14:12:00,5.5,0.00010171491344060866,99.98419720117539
35809a,ENAMEL PINK TEA CONTAINER,10,41.54,10,10,1,4.13,2010-11-26 14:41:00,2011-05-10 15:07:00,1.0,9.246810312782606e-05,99.98428966927852
84679,CLASSICAL ROSE TABLE LAMP,10,87.5,3,3,1,5.95,2010-03-02 12:24:00,2011-06-21 11:47:00,3.3333333333333335,9.246810312782606e-05,99.98438213738166
35597A,DUSTY PINK CHRISTMAS TREE 30CM,10,12.5,4,3,1,1.25,2010-09-06 11:28:00,2010-12-06 12:15:00,2.5,9.246810312782606e-05,99.98447460548479
35598A,DUSTY PINK CHRISTMAS TREE 60CM,10,29.500000000000004,3,2,1,2.95,2009-12-07 12:26:00,2011-11-20 15:00:00,3.3333333333333335,9.246810312782606e-05,99.98456707358793
21493,VINTAGE DESIGN GIFT TAGS,10,14.45,4,3,1,1.275,2009-12-07 17:56:00,2010-09-30 12:16:00,2.5,9.246810312782606e-05,99.98465954169106
90176C,DIAMANTE NECKLACE,10,77.0,6,6,1,7.5,2009-12-14 18:37:00,2011-08-22 14:13:00,1.6666666666666667,9.246810312782606e-05,99.98475200979419
84782B,BLACK 3 TIER GLASS PLATE STAND,10,127.5,6,6,2,12.75,2009-12-15 12:00:00,2010-06-06 12:27:00,1.6666666666666667,9.246810312782606e-05,99.98484447789733
85124a,PINK JUICY FRUIT PHOTO FRAME,10,50.599999999999994,9,8,1,5.06,2010-05-26 12:38:00,2010-08-19 12:17:00,1.1111111111111112,9.246810312782606e-05,99.98493694600046
85132b,CHARLIE AND LOLA TABLE TINS,10,95.83999999999999,10,7,1,8.29,2010-03-05 14:53:00,2011-06-21 16:36:00,1.0,9.246810312782606e-05,99.9850294141036
35233,PASTA ENAMEL/BRASS CONTAINER,10,37.5,8,8,1,3.75,2009-12-08 15:00:00,2010-05-18 16:28:00,1.25,9.246810312782606e-05,99.98512188220673
84201C,HAPPY BIRTHDAY CARD TEDDY/CAKE,10,1.9,3,2,2,0.19,2010-08-23 11:58:00,2011-08-28 11:01:00,3.3333333333333335,9.246810312782606e-05,99.98521435030986
90050,CRACKED GLAZE NECKLACE IVORY,10,70.16,6,6,1,7.01,2010-01-26 17:48:00,2011-11-09 11:10:00,1.6666666666666667,9.246810312782606e-05,99.985306818413
37477B,"FLOWER FAIRY MUG+COASTER,LAVENDER",10,37.5,7,7,2,3.75,2009-12-17 15:44:00,2010-11-22 10:42:00,1.4285714285714286,9.246810312782606e-05,99.98539928651613
23637,SET 10 CARDS OUT OF ORDER 17216,10,24.900000000000002,8,7,1,2.49,2011-09-07 12:02:00,2011-11-30 15:13:00,1.25,9.246810312782606e-05,99.98549175461926
90067B,BROWN VINTAGE VICTORIAN EARRINGS,10,29.420000000000005,5,5,1,2.95,2010-03-03 15:28:00,2011-07-27 15:12:00,2.0,9.246810312782606e-05,99.9855842227224
90075,MONTANA DIAMOND CLUSTER NECKLACE,10,92.17999999999999,8,8,2,8.95,2010-03-07 15:34:00,2011-11-24 09:21:00,1.25,9.246810312782606e-05,99.98567669082553
90053,CRACKED GLAZE EARRINGS IVORY,10,25.23,10,10,1,2.54,2010-01-11 14:35:00,2011-10-07 15:09:00,1.0,9.246810312782606e-05,99.98576915892866
84985a,SET OF 72 GREEN PAPER DOILIES,10,29.8,8,7,1,2.98,2010-06-24 11:51:00,2010-11-17 10:11:00,1.25,9.246810312782606e-05,99.9858616270318
23620,SET 10 CARDS PERFECT POST 17090,10,24.900000000000002,7,6,1,2.49,2011-09-02 16:39:00,2011-11-18 15:59:00,1.4285714285714286,9.246810312782606e-05,99.98595409513493
90026D,GLASS BEAD HOOP NECKLACE AMETHYST,10,85.0,8,8,1,8.5,2010-06-07 13:02:00,2011-11-18 13:25:00,1.25,9.246810312782606e-05,99.98604656323806
84596b,SMALL DOLLY MIX DESIGN ORANGE BOWL,10,25.099999999999998,8,5,1,2.51,2010-06-08 15:24:00,2010-12-21 15:20:00,1.25,9.246810312782606e-05,99.9861390313412
84989b,75 BLACK FAIRY CAKE CASES,10,12.8,6,4,1,1.28,2010-01-25 15:42:00,2010-06-24 11:31:00,1.6666666666666667,9.246810312782606e-05,99.98623149944433
90043,COPPER AND BRASS BAG CHARM,10,54.510000000000005,6,6,1,4.95,2009-12-17 15:26:00,2011-10-17 13:31:00,1.6666666666666667,9.246810312782606e-05,99.98632396754746
90024C,NEW BAROQUE B'FLY NECKLACE GREEN,10,84.98,9,9,1,8.5,2010-01-11 09:30:00,2011-07-25 17:00:00,1.1111111111111112,9.246810312782606e-05,99.9864164356506
72801g,S/4 BURGUNDY WINE DINNER CANDLES,10,25.099999999999998,3,3,1,2.51,2010-02-19 11:08:00,2010-11-04 09:38:00,3.3333333333333335,9.246810312782606e-05,99.98650890375373
23463,VINTAGE ZINC WATERING CAN,10,109.55,6,5,2,9.95,2011-10-16 12:28:00,2011-11-29 15:24:00,1.6666666666666667,9.246810312782606e-05,99.98660137185686
72802a,ROSE SCENT CANDLE IN JEWELLED BOX,9,74.97,4,3,1,8.379999999999999,2010-06-08 15:24:00,2011-07-08 13:54:00,2.25,8.322129281504345e-05,99.98668459314968
72807a,SET/3 ROSE CANDLE IN JEWELLED BOX,9,74.78999999999999,6,5,1,8.29,2010-03-29 14:56:00,2011-11-25 15:23:00,1.5,8.322129281504345e-05,99.98676781444249
84206B,CAT W SUNGLASSES BLANK CARD,9,1.71,2,2,1,0.19,2010-08-24 16:14:00,2011-11-20 12:34:00,4.5,8.322129281504345e-05,99.9868510357353
84206C,CHAMPAGNE TRAY BLANK CARD,9,1.71,3,3,1,0.19,2010-05-17 14:15:00,2011-11-25 11:54:00,3.0,8.322129281504345e-05,99.98693425702811
85132a,CHARLIE + LOLA BISCUITS TINS,9,113.42999999999999,9,6,1,8.29,2010-11-17 10:12:00,2011-05-10 15:09:00,1.0,8.322129281504345e-05,99.98701747832092
90121B,VINTAGE ROSE BEAD BRACELET BLUE,9,38.25,6,4,1,4.25,2009-12-10 15:56:00,2010-01-28 15:17:00,1.5,8.322129281504345e-05,99.98710069961373
90039A,FIRE POLISHED GLASS BRACELET RED,9,33.879999999999995,4,4,1,3.75,2009-12-18 17:15:00,2011-05-12 16:50:00,2.25,8.322129281504345e-05,99.98718392090655
90135,ORANGE/WHT/FUSCHIA STONES NECKLACE,9,44.75,3,3,1,4.98,2010-11-23 16:53:00,2011-04-26 12:47:00,3.0,8.322129281504345e-05,99.98726714219936
90140,PINK SWEETIE NECKLACE,9,67.9,7,7,1,7.5,2009-12-13 12:31:00,2011-08-30 12:49:00,1.2857142857142858,8.322129281504345e-05,99.98735036349217
90027A,GLASS BEAD HOOP EARRINGS BLACK,9,26.52,6,6,1,2.95,2010-03-21 14:04:00,2011-08-30 12:40:00,1.5,8.322129281504345e-05,99.98743358478498
84567,FROSTED GLASS WITH SILVER SURROUND,9,14.85,1,1,1,1.65,2010-01-20 14:09:00,2010-01-20 14:09:00,9.0,8.322129281504345e-05,99.98751680607779
84743C,ORANGE FELT VASE + FLOWERS,9,11.25,5,5,1,1.25,2010-03-12 16:18:00,2011-03-31 13:14:00,1.8,8.322129281504345e-05,99.9876000273706
37112,YELLOW BIRDS FELT DES FOODCOVER,9,33.75,4,3,1,3.75,2010-01-04 12:57:00,2010-02-02 12:47:00,2.25,8.322129281504345e-05,99.98768324866342
90197D,AMBER GLASS BRACELET HEART CHARMS,9,44.550000000000004,4,4,1,4.95,2010-02-02 12:45:00,2010-04-07 11:07:00,2.25,8.322129281504345e-05,99.98776646995623
84967C,GREEN KASHMIRI OCCASIONAL TABLE,9,419.85,4,4,1,79.95,2010-05-19 13:32:00,2010-10-11 15:00:00,2.25,8.322129281504345e-05,99.98784969124904
23625,SET 6 CARDS SPARKLY REINDEER 17262,9,44.910000000000004,4,4,1,4.99,2011-09-15 16:32:00,2011-12-02 16:39:00,2.25,8.322129281504345e-05,99.98793291254185
90078,PINK/WHITE GLASS DEMI CHOKER,9,67.64,5,5,1,7.5,2010-02-16 13:49:00,2010-12-13 14:16:00,1.8,8.322129281504345e-05,99.98801613383466
90055,CRACKED GLAZE EARRINGS BROWN,9,22.8,9,9,1,2.54,2010-01-11 09:35:00,2011-11-15 16:57:00,1.0,8.322129281504345e-05,99.98809935512747
72785B,S/4 CONTEMPORY RED ROSEBUD CANDLES,9,10.9,3,2,1,2.1,2009-12-11 14:20:00,2010-01-29 17:25:00,3.0,8.322129281504345e-05,99.98818257642029
47518f,ICON PLACEMAT POP ART ELVIS,8,33.45,8,8,1,4.17,2009-12-22 15:13:00,2011-10-26 14:42:00,1.0,7.397448250226085e-05,99.98825655090279
44265,M/COLOUR POM-POM CURTAIN,8,34.0,4,4,1,4.25,2009-12-08 13:59:00,2011-02-10 17:19:00,2.0,7.397448250226085e-05,99.9883305253853
90025F,BAROQUE BUTTERFLY EARRINGS CRYSTAL,8,30.23,8,8,1,3.75,2010-01-11 09:35:00,2011-10-20 15:57:00,1.0,7.397448250226085e-05,99.9884044998678
90026B,GLASS BEAD HOOP NECKLACE MONTANA,8,67.82,7,7,1,8.5,2009-12-13 10:54:00,2011-03-31 19:12:00,1.1428571428571428,7.397448250226085e-05,99.9884784743503
90026C,GLASS BEAD HOOP NECKLACE GREEN,8,67.82,6,6,1,8.5,2009-12-10 19:35:00,2011-11-09 11:10:00,1.3333333333333333,7.397448250226085e-05,99.9885524488328
90176A,CLASSIC DIAMANTE NECKLACE JET,8,60.260000000000005,6,6,1,7.5,2010-01-13 17:08:00,2011-11-03 11:29:00,1.3333333333333333,7.397448250226085e-05,99.98862642331531
35051B,PINK BEADED CONE CHRISTMAS,8,3.36,1,1,1,0.42,2009-12-07 11:39:00,2009-12-07 11:39:00,8.0,7.397448250226085e-05,99.98870039779781
22850,BREAD BIN DINER STYLE BLACK,8,123.6,1,1,1,15.95,2010-10-17 12:34:00,2010-10-17 12:34:00,8.0,7.397448250226085e-05,99.98877437228032
90095,NECKLACE+BRACELET SET PINK BLOSSOM,8,22.909999999999997,3,3,1,2.55,2010-03-08 12:40:00,2010-06-27 10:48:00,2.6666666666666665,7.397448250226085e-05,99.98884834676282
23601,SET 10 CARDS SNOWY SNOWDROPS  17100,8,19.92,4,3,1,2.49,2011-09-23 17:04:00,2011-11-28 15:31:00,2.0,7.397448250226085e-05,99.98892232124533
90131,PINK/AMETHYST/GOLD NECKLACE,8,55.72,4,4,1,6.95,2010-06-07 13:02:00,2011-06-01 17:28:00,2.0,7.397448250226085e-05,99.98899629572783
72805,VANILLA CANDLE IN EMBOSSED ZINC POT,8,13.52,2,2,1,1.69,2010-01-28 17:13:00,2010-02-07 12:15:00,4.0,7.397448250226085e-05,99.98907027021033
90187A,BLUE DROP EARRINGS W BEAD CLUSTER,8,27.04,7,7,1,3.39,2009-12-07 18:02:00,2011-02-28 16:50:00,1.1428571428571428,7.397448250226085e-05,99.98914424469284
90179B,PURPLE FINE BEAD NECKLACE W TASSEL,8,47.47,6,6,1,5.95,2009-12-11 12:21:00,2011-12-01 08:51:00,1.3333333333333333,7.397448250226085e-05,99.98921821917534
90024F,NEW BAROQUE B'FLY NECKLACE CRYSTAL,8,67.61,6,6,1,8.49,2010-04-19 10:40:00,2011-11-30 15:13:00,1.3333333333333333,7.397448250226085e-05,99.98929219365785
84292B,BLUE COL METAL FOLDING CHAIR,8,51.8,5,5,1,7.95,2010-01-04 14:00:00,2010-04-29 15:34:00,1.6,7.397448250226085e-05,99.98936616814035
90182A,AMBER 3 BEAD DROP EARRINGS,8,23.259999999999998,8,5,1,2.9,2010-11-29 09:46:00,2011-11-16 15:23:00,1.0,7.397448250226085e-05,99.98944014262285
84795E,RIO PINK STRIPE HAMMOCK,8,63.6,4,4,1,7.95,2010-01-17 12:28:00,2010-08-01 14:18:00,2.0,7.397448250226085e-05,99.98951411710536
84536b,FAIRY CAKES NOTEBOOK A7 SIZE,8,6.48,4,4,1,0.81,2010-06-24 11:46:00,2010-12-09 16:26:00,2.0,7.397448250226085e-05,99.98958809158786
47563B,WAVELINE SURF IRONING BOARD COVER,8,30.0,6,6,1,3.75,2010-02-14 13:39:00,2010-11-28 14:57:00,1.3333333333333333,7.397448250226085e-05,99.98966206607037
47570b,TEA TIME TABLE CLOTH,8,169.4,8,8,1,21.23,2010-06-24 11:50:00,2011-01-25 14:01:00,1.0,7.397448250226085e-05,99.98973604055287
90011E,AMBER CRYSTAL DROP EARRINGS,8,23.61,8,8,1,2.955,2009-12-08 14:36:00,2011-09-15 16:32:00,1.0,7.397448250226085e-05,99.98981001503537
84857A,SILVER MONTE CARLO HANDBAG,8,68.0,3,2,1,8.5,2010-02-03 12:21:00,2010-05-21 11:33:00,2.6666666666666665,7.397448250226085e-05,99.98988398951788
90214Y,"LETTER ""Y"" BLING KEY RING",8,7.9399999999999995,8,8,1,0.85,2010-11-03 12:07:00,2011-10-18 16:58:00,1.0,7.397448250226085e-05,99.98995796400038
35537,CANDLE RING W/CLEAR BEADS,8,3.36,2,2,1,0.42,2010-02-21 15:28:00,2010-05-19 15:10:00,4.0,7.397448250226085e-05,99.99003193848289
23646,SET 10 CARDS JINGLE BELLS 16957,8,19.92,5,4,1,2.49,2011-09-07 16:48:00,2011-11-17 15:17:00,1.6,7.397448250226085e-05,99.99010591296539
23640,SET 10 CARDS SCOTTIE DOG 17211,8,19.92,7,7,1,2.49,2011-09-07 16:15:00,2011-12-01 16:22:00,1.1428571428571428,7.397448250226085e-05,99.9901798874479
85160a,WHITE BIRD GARDEN DESIGN MUG,8,129.04,3,3,1,16.13,2010-03-05 14:52:00,2010-12-21 15:18:00,2.6666666666666665,7.397448250226085e-05,99.9902538619304
23607,SET 10 CARDS HATS & STOCKINGS 17081,8,13.28,7,7,1,1.66,2011-09-13 16:05:00,2011-11-24 09:21:00,1.1428571428571428,7.397448250226085e-05,99.9903278364129
21595,Dad's Cab Electronic Meter,8,68.30000000000001,8,5,1,8.47,2009-12-09 09:42:00,2010-12-07 15:28:00,1.0,7.397448250226085e-05,99.9904018108954
21596,Hypochondriac Pill Stress Ball,8,34.04,7,4,1,4.21,2009-12-22 15:05:00,2010-11-04 14:49:00,1.1428571428571428,7.397448250226085e-05,99.99047578537791
72785A,S/4 CONTEMPORY PINK ROSEBUD CANDLES,8,16.8,4,4,1,2.1,2009-12-11 14:20:00,2010-02-19 17:40:00,2.0,7.397448250226085e-05,99.99054975986041
23623,SET 10 CARD CHRISTMAS WELCOME 17112,8,23.28,6,5,1,2.91,2011-09-02 16:39:00,2011-11-29 16:33:00,1.3333333333333333,7.397448250226085e-05,99.99062373434292
90141E,ORANGE PENDANT TRIPLE SHELL NECKLAC,8,40.160000000000004,4,4,2,4.95,2010-01-17 12:12:00,2011-10-12 11:41:00,2.0,7.397448250226085e-05,99.99069770882542
90214W,"LETTER ""W"" BLING KEY RING",7,6.6899999999999995,7,7,1,0.85,2010-06-07 11:23:00,2011-07-18 15:49:00,1.0,6.472767218947824e-05,99.99076243649762
46776f,WOVEN ROSE GARDEN CUSHION COVER,7,28.91,1,1,1,4.13,2011-10-31 14:41:00,2011-10-31 14:41:00,7.0,6.472767218947824e-05,99.99082716416981
47591b,SCOTTIES CHILDRENS APRON,7,29.47,3,2,1,4.21,2010-09-22 15:11:00,2010-09-28 09:36:00,2.3333333333333335,6.472767218947824e-05,99.99089189184201
84876C,SILVER HEART COMPACT MIRROR,7,26.25,4,3,1,3.75,2009-12-13 11:16:00,2010-03-07 12:06:00,1.75,6.472767218947824e-05,99.99095661951421
84247J,PACK/12 RUSSIAN DOLL CARDS,7,6.02,6,2,1,0.86,2009-12-09 09:51:00,2009-12-18 17:06:00,1.1666666666666667,6.472767218947824e-05,99.9910213471864
90152A,SILVER/NAT SHELL NECKLACE W PENDANT,7,40.34,7,7,1,5.95,2009-12-08 15:49:00,2011-11-30 15:13:00,1.0,6.472767218947824e-05,99.9910860748586
90152C,BLUE/NAT SHELL NECKLACE W PENDANT,7,41.650000000000006,4,4,1,5.95,2010-04-01 10:33:00,2011-02-14 15:23:00,1.75,6.472767218947824e-05,99.9911508025308
85040b,SET/4 BLUE FLOWER CANDLES IN BOWL,7,23.519999999999996,3,3,1,3.36,2010-04-26 13:30:00,2010-06-24 11:35:00,2.3333333333333335,6.472767218947824e-05,99.991215530203
84864A,PINK PAISLEY PHOTO ALBUM,7,67.71000000000001,4,4,1,6.75,2010-02-08 16:06:00,2010-08-19 15:13:00,1.75,6.472767218947824e-05,99.99128025787519
84660b,BLACK STITCHED WALL CLOCK,7,53.18,6,6,1,7.62,2010-06-24 11:48:00,2011-09-07 12:44:00,1.1666666666666667,6.472767218947824e-05,99.99134498554739
90052,CRACKED GLAZE NECKLACE BROWN,7,49.58,5,5,1,7.07,2009-12-22 16:17:00,2011-11-15 16:57:00,1.4,6.472767218947824e-05,99.99140971321958
84660a,WHITE STITCHED WALL CLOCK,7,52.699999999999996,5,5,1,7.62,2010-08-02 13:49:00,2011-06-21 16:36:00,1.4,6.472767218947824e-05,99.99147444089178
90060D,FIRE POLISHED GLASS NECKL BRONZE,7,41.65,7,6,1,5.95,2010-05-21 13:28:00,2010-12-15 13:24:00,1.0,6.472767218947824e-05,99.99153916856397
23627,SET 10 CARDS XMAS GRAPHIC  17218,7,17.43,2,2,1,2.49,2011-11-11 09:05:00,2011-11-25 14:25:00,3.5,6.472767218947824e-05,99.99160389623617
90074,BLACK DIAMOND CLUSTER NECKLACE,7,64.09,6,6,1,8.95,2010-03-07 15:34:00,2011-11-28 15:31:00,1.1666666666666667,6.472767218947824e-05,99.99166862390837
23645,SET 10 CHRISTMAS CARDS HOHOHO 16956,7,17.43,3,3,1,2.49,2011-10-27 17:15:00,2011-11-15 17:00:00,2.3333333333333335,6.472767218947824e-05,99.99173335158056
90111,BLUE HIBISCUS  HAIR CLIP,7,7.35,6,5,1,1.05,2009-12-07 11:05:00,2010-03-08 12:08:00,1.1666666666666667,6.472767218947824e-05,99.99179807925276
90141D,ROSE PENDANT TRIPLE SHELL NECKLACE,7,36.33,5,5,2,5.51,2010-01-19 17:49:00,2011-07-18 10:29:00,1.4,6.472767218947824e-05,99.99186280692496
90132,LIGHT TOPAZ TEAL/AQUA COL NECKLACE,7,35.63,7,7,1,5.09,2009-12-16 17:58:00,2011-08-30 12:10:00,1.0,6.472767218947824e-05,99.99192753459715
37409,ASSORTED DESIGN FLOWER MUGS,7,5.949999999999999,3,3,1,0.85,2010-01-14 13:03:00,2010-04-11 13:37:00,2.3333333333333335,6.472767218947824e-05,99.99199226226935
90041,PEARL AND CHERRY QUARTZ BRACLET,7,25.67,6,6,1,3.73,2009-12-09 09:42:00,2011-12-02 16:39:00,1.1666666666666667,6.472767218947824e-05,99.99205698994155
84611B,BLACK NEW BAROQUE FLOCK BOX,7,41.65,4,4,1,5.95,2010-01-07 13:07:00,2010-11-15 14:11:00,1.75,6.472767218947824e-05,99.99212171761374
72801e,S/4 FESTIVE GREEN DINNER CANDLES,7,17.57,4,4,1,2.51,2010-03-29 15:02:00,2010-08-12 10:39:00,1.75,6.472767218947824e-05,99.99218644528594
90081B,LILY BROOCH WHITE/SILVER COLOUR,7,34.650000000000006,3,3,1,4.95,2010-10-19 13:18:00,2011-05-18 16:05:00,2.3333333333333335,6.472767218947824e-05,99.99225117295813
84562B,BLUE/WHITE RIBBED MELAMINE JUG,7,82.74000000000001,5,4,1,7.95,2009-12-09 15:20:00,2010-01-22 10:01:00,1.4,6.472767218947824e-05,99.99231590063033
90025E,BAROQUE BUTTERFLY EARRINGS MONTANA,6,22.6,6,6,1,3.75,2010-03-07 15:34:00,2011-06-06 16:06:00,1.0,5.5480861876695634e-05,99.9923713814922
84765,SILVER ROCOCO CANDELABRA,6,101.97999999999999,5,4,1,12.75,2009-12-13 15:16:00,2010-03-16 13:44:00,1.2,5.5480861876695634e-05,99.99242686235408
84914A,PINK ROSE PICNIC RUG,6,155.7,5,5,1,25.95,2010-05-05 13:22:00,2010-06-09 17:34:00,1.2,5.5480861876695634e-05,99.99248234321595
18096c,WHITE ROUND PORCELAIN TLIGHT HOLDER,6,30.799999999999997,4,2,1,5.17,2009-12-22 15:06:00,2010-01-25 15:42:00,1.5,5.5480861876695634e-05,99.99253782407783
90020,FILIGREE DIAMANTE CHAIN,6,76.23,4,4,2,12.75,2009-12-17 15:26:00,2011-08-30 10:47:00,1.5,5.5480861876695634e-05,99.9925933049397
18097B,BLUE TALL PORCELAIN T-LIGHT HOLDER,6,15.299999999999999,2,2,1,2.55,2009-12-09 14:16:00,2010-01-17 14:53:00,3.0,5.5480861876695634e-05,99.99264878580158
47593b,SCOTTIE DOGS BABY BIB,6,4.9799999999999995,1,1,1,0.83,2011-10-31 14:41:00,2011-10-31 14:41:00,6.0,5.5480861876695634e-05,99.99270426666345
85231g,ORANGE SCENTED SET/9 T-LIGHTS,6,9.78,6,6,1,1.63,2011-01-14 10:12:00,2011-05-10 15:09:00,1.0,5.5480861876695634e-05,99.99275974752533
85115B,S/4 BLACK DISCO PARTITION PANEL,6,37.62,2,2,1,6.27,2010-06-09 13:57:00,2011-10-11 16:29:00,3.0,5.5480861876695634e-05,99.9928152283872
90025C,BAROQUE BUTTERFLY EARRINGS GREEN,6,22.56,6,6,1,3.75,2010-02-17 10:28:00,2010-10-24 14:45:00,1.0,5.5480861876695634e-05,99.99287070924908
gift_0001_50,Dotcomgiftshop Gift Voucher Â£50.00,6,253.59,6,6,1,42.11,2009-12-18 17:15:00,2011-06-30 15:56:00,1.0,5.5480861876695634e-05,99.99292619011095
51012L,"FEATHER DUSTER, LIGHT PINK",6,7.5,3,1,1,1.25,2009-12-09 14:48:00,2009-12-11 14:39:00,2.0,5.5480861876695634e-05,99.99298167097282
84705F,RED PEONY PHOTO FRAME,6,27.900000000000002,4,4,1,4.65,2009-12-17 17:16:00,2010-04-18 13:12:00,1.5,5.5480861876695634e-05,99.9930371518347
20680,PINK FLOWERS CHILDS UMBRELLA,6,19.5,4,3,1,3.25,2009-12-10 13:59:00,2010-01-22 16:28:00,1.5,5.5480861876695634e-05,99.99309263269657
84968a,SET OF 16 VINTAGE ROSE CUTLERY,6,150.82,4,4,1,25.225,2010-07-07 11:17:00,2011-10-31 13:48:00,1.5,5.5480861876695634e-05,99.99314811355845
84986b,SET OF 36 SILVER PAPER DOILIES,6,17.88,5,5,1,2.98,2010-05-26 12:40:00,2010-08-06 15:33:00,1.2,5.5480861876695634e-05,99.99320359442032
37432,MUG PINK AND PURPLE ARABIC DESIGN,6,3.9000000000000004,1,1,1,0.65,2009-12-08 13:59:00,2009-12-08 13:59:00,6.0,5.5480861876695634e-05,99.9932590752822
17028J,INCENSE BAZAAR PEACH,6,2.52,1,1,1,0.42,2011-01-31 15:27:00,2011-01-31 15:27:00,6.0,5.5480861876695634e-05,99.99331455614407
71101A,ANGEL ON KNEES METAL POLE 100CM H,6,5.1,1,1,1,0.85,2009-12-13 13:39:00,2009-12-13 13:39:00,6.0,5.5480861876695634e-05,99.99337003700595
21310,CAPIZ CHANDELIER,6,179.7,4,4,1,29.95,2010-03-18 16:37:00,2011-05-24 13:22:00,1.5,5.5480861876695634e-05,99.99342551786782
84971s,SMALL HEART FLOWERS HOOK,6,9.959999999999999,3,3,1,1.66,2010-05-26 12:43:00,2010-10-28 10:00:00,2.0,5.5480861876695634e-05,99.9934809987297
85184c,S/4 VALENTINE DECOUPAGE HEART BOX,6,35.35,6,6,1,5.91,2009-12-22 15:06:00,2011-10-26 14:42:00,1.0,5.5480861876695634e-05,99.99353647959157
90060B,FIRE POLISHED GLASS NECKL GOLD,6,35.7,4,4,1,5.95,2009-12-13 12:31:00,2010-12-15 13:24:00,1.5,5.5480861876695634e-05,99.99359196045344
72796A,S/3 ENGLISH LAVENDER SQU CANDLE,6,9.899999999999999,4,4,1,1.65,2010-01-17 13:55:00,2010-04-29 17:57:00,1.5,5.5480861876695634e-05,99.99364744131532
37481,CUBIC MUG TEATIME CAKES,6,15.299999999999999,1,1,1,2.55,2010-06-06 11:20:00,2010-06-06 11:20:00,6.0,5.5480861876695634e-05,99.99370292217719
37477C,"FLOWER FAIRY MUG+COASTER,ROSE",6,22.5,1,1,1,3.75,2010-11-23 11:13:00,2010-11-23 11:13:00,6.0,5.5480861876695634e-05,99.99375840303907
78027,SEAGRASS S/2 CORNER LAUNDRY,6,100.15,5,5,1,15.95,2010-01-31 14:01:00,2010-09-03 17:24:00,1.2,5.5480861876695634e-05,99.99381388390094
85035b,CHOCOLATE 3 WICK MORRIS BOX CANDLE,6,50.82000000000001,6,5,1,8.47,2010-02-19 10:56:00,2010-12-21 15:20:00,1.0,5.5480861876695634e-05,99.99386936476282
21919,Electronic Talking Breath-A-Loser,6,30.47,5,4,1,5.06,2009-12-14 17:16:00,2010-10-07 10:19:00,1.2,5.5480861876695634e-05,99.99392484562469
46037A,PINK CANVAS DES CUSHION COVER,6,7.5,2,2,1,1.25,2010-05-25 17:31:00,2010-08-12 13:14:00,3.0,5.5480861876695634e-05,99.99398032648656
84509b,SET OF 4 FAIRY CAKE PLACEMATS,5,37.3,4,4,1,7.46,2011-02-02 12:17:00,2011-11-13 11:50:00,1.25,4.623405156391303e-05,99.99402656053813
DCGS0069,OOH LA LA DOGS COLLAR,5,80.31,5,5,1,16.13,2010-03-15 09:28:00,2011-01-28 14:25:00,1.0,4.623405156391303e-05,99.9940727945897
m,Manual,5,15.049999999999999,4,4,1,2.55,2010-02-19 10:56:00,2010-12-21 15:18:00,1.25,4.623405156391303e-05,99.99411902864126
16201B,PASTEL BLUE PHOTO ALBUM,5,17.150000000000002,2,1,1,3.43,2009-12-07 18:02:00,2009-12-10 09:49:00,2.5,4.623405156391303e-05,99.99416526269283
90182B,AMETHYST 3 BEAD DROP EARRINGS,5,14.629999999999999,5,4,1,2.9,2009-12-16 17:01:00,2011-11-28 15:31:00,1.0,4.623405156391303e-05,99.9942114967444
23616,SET 10 CARDS JINGLE BELLS 17217,5,12.450000000000001,4,4,1,2.49,2011-11-09 16:14:00,2011-11-29 16:47:00,1.25,4.623405156391303e-05,99.99425773079597
90176B,DIAMANTE NECKLACE BLACK,5,37.620000000000005,4,4,1,7.5,2010-11-05 11:49:00,2011-11-16 15:23:00,1.25,4.623405156391303e-05,99.99430396484753
84534b,FAIRY CAKE NOTEBOOK A5 SIZE,5,8.3,4,4,1,1.66,2010-06-24 11:31:00,2010-12-21 15:23:00,1.25,4.623405156391303e-05,99.9943501988991
90024A,NEW BAROQUE B'FLY NECKLACE BLACK,5,42.5,4,4,1,8.5,2010-01-28 13:23:00,2010-11-05 11:49:00,1.25,4.623405156391303e-05,99.99439643295067
90021,LASER CUT MULTI STRAND NECKLACE,5,59.75,4,4,1,11.95,2010-08-18 17:43:00,2011-04-27 12:35:00,1.25,4.623405156391303e-05,99.99444266700223
90077,BLACK DIAMOND CLUSTER EARRINGS,5,14.399999999999999,5,5,1,2.96,2009-12-14 17:16:00,2011-09-07 16:15:00,1.0,4.623405156391303e-05,99.9944889010538
90066A,PINK VINTAGE VICTORIAN CHOKER,5,33.75,2,2,1,6.75,2010-07-19 13:23:00,2010-10-07 14:11:00,2.5,4.623405156391303e-05,99.99453513510537
79157V,UBO-LIGHT TRIOBASE PURPLE,5,4.25,3,3,1,0.85,2011-10-09 15:24:00,2011-11-03 18:49:00,1.6666666666666667,4.623405156391303e-05,99.99458136915693
23636,SET 10 CARDS WISHING TREE 17116,5,14.55,4,4,1,2.91,2011-10-24 17:03:00,2011-12-01 16:22:00,1.25,4.623405156391303e-05,99.9946276032085
20905,VINTAGE KEEPSAKE BOX BEAUTY GIRL,5,31.75,2,2,1,6.35,2009-12-11 15:40:00,2010-01-28 13:27:00,2.5,4.623405156391303e-05,99.99467383726007
23612,SET 10 MINICARDS CUTE SNOWMAN 17071,5,8.299999999999999,2,2,1,1.66,2011-10-06 16:08:00,2011-11-17 15:17:00,2.5,4.623405156391303e-05,99.99472007131163
84951b,S/4 BLACK LOVEBIRD COASTERS,5,25.409999999999997,4,3,1,5.06,2009-12-22 15:05:00,2010-03-05 14:43:00,1.25,4.623405156391303e-05,99.9947663053632
84868B,BLUE BABY BOY'S MEMORY BOX,5,34.75,4,3,1,6.95,2010-01-26 13:04:00,2010-05-09 11:40:00,1.25,4.623405156391303e-05,99.99481253941477
84608,ORNATE EDWARDIAN CANDLE HOLDER,5,39.75,3,3,1,7.95,2009-12-09 14:48:00,2010-01-15 12:38:00,1.6666666666666667,4.623405156391303e-05,99.99485877346633
35918B,BLUE FLORIBUNDA EGG WARMER,5,6.25,3,3,1,1.25,2010-02-03 11:58:00,2010-02-23 13:55:00,1.6666666666666667,4.623405156391303e-05,99.9949050075179
15060b,FAIRY CAKE DESIGN UMBRELLA,5,41.81,5,5,1,8.29,2010-03-05 14:42:00,2011-11-20 13:58:00,1.0,4.623405156391303e-05,99.99495124156947
90142A,GREEN PENDANT SHELL NECKLACE,5,25.45,4,4,1,5.09,2010-06-25 15:13:00,2010-12-17 17:08:00,1.25,4.623405156391303e-05,99.99499747562103
21594,Dr. Jam's Arouzer Stress Ball,5,21.06,5,5,1,4.21,2009-12-09 09:42:00,2011-01-14 14:06:00,1.0,4.623405156391303e-05,99.9950437096726
84596g,SMALL CHOCOLATES PINK BOWL,5,12.399999999999999,2,2,1,2.485,2010-11-26 14:41:00,2011-02-17 10:34:00,2.5,4.623405156391303e-05,99.99508994372417
20942,SET/6 GINGERBREAD TREE T-LIGHTS,5,6.25,3,2,1,1.25,2009-12-10 18:27:00,2009-12-22 12:42:00,1.6666666666666667,4.623405156391303e-05,99.99513617777573
84757,ENCHANTED GARDEN WROUGHT IRON TABLE,5,74.75,4,3,1,14.95,2010-05-16 15:33:00,2010-06-06 15:07:00,1.25,4.623405156391303e-05,99.9951824118273
90152B,BLUE/GREEN SHELL NECKLACE W PENDANT,5,29.31,4,4,1,5.95,2010-04-29 17:57:00,2010-12-13 09:35:00,1.25,4.623405156391303e-05,99.99522864587887
90025D,BAROQUE BUTTERFLY EARRINGS PINK,5,18.69,5,5,1,3.73,2010-02-16 13:49:00,2011-09-29 15:13:00,1.0,4.623405156391303e-05,99.99527487993043
46776a,WOVEN BUBBLE GUM CUSHION COVER,5,20.65,1,1,1,4.13,2011-10-31 14:41:00,2011-10-31 14:41:00,5.0,4.623405156391303e-05,99.995321113982
20791,BLUE TILED SET OF 3 DRAWERS,5,63.75,1,1,1,12.75,2010-01-14 15:47:00,2010-01-14 15:47:00,5.0,4.623405156391303e-05,99.99536734803357
82072,WHITE WOOD SINGLE P/FRAME,5,6.25,3,3,1,1.25,2010-02-07 15:16:00,2010-08-27 14:52:00,1.6666666666666667,4.623405156391303e-05,99.99541358208513
84030B,KNITTED POM POM HOT WATER BOTTLE,5,18.75,3,2,1,3.75,2010-02-09 16:18:00,2010-03-05 11:50:00,1.6666666666666667,4.623405156391303e-05,99.9954598161367
gift_0001_40,Dotcomgiftshop Gift Voucher Â£40.00,5,166.09,5,5,1,33.33,2010-08-10 12:08:00,2011-07-27 15:12:00,1.0,4.623405156391303e-05,99.99550605018827
SP1002,KID'S CHALKBOARD/EASEL,5,14.75,2,1,1,2.95,2010-10-07 11:12:00,2010-10-07 12:23:00,2.5,4.623405156391303e-05,99.99555228423984
47591c,BLUE FAIRY CAKE CHILD'S APRON,4,16.84,3,3,1,4.21,2010-06-04 14:55:00,2010-07-07 11:18:00,1.3333333333333333,3.6987241251130425e-05,99.99558927148108
23634,SET 10 CARDS XMAS CHOIR 17068,4,11.64,4,4,1,2.91,2011-09-02 16:39:00,2011-11-25 14:25:00,1.0,3.6987241251130425e-05,99.99562625872233
84575B,BROWN DOG CANNISTER W BONE,4,23.8,3,3,2,5.95,2009-12-09 15:20:00,2010-02-15 08:41:00,1.3333333333333333,3.6987241251130425e-05,99.99566324596357
90176E,DIAMANTE NECKLACE GREEN,4,29.98,3,3,1,7.5,2011-08-22 14:13:00,2011-12-02 16:39:00,1.3333333333333333,3.6987241251130425e-05,99.99570023320481
DCGS0072,CAT CAMOUFLAGUE COLLAR,4,20.68,3,1,1,5.17,2009-12-14 17:57:00,2009-12-18 17:15:00,1.3333333333333333,3.6987241251130425e-05,99.99573722044606
23624,SET 10 CARD PERFECT NATIVITY 17089,4,9.96,4,3,1,2.49,2011-09-22 16:28:00,2011-11-11 09:05:00,1.0,3.6987241251130425e-05,99.9957742076873
20858,SILVER PURSE GOLD PINK BUTTERFLY,4,6.6,1,1,1,1.65,2009-12-14 15:31:00,2009-12-14 15:31:00,4.0,3.6987241251130425e-05,99.99581119492855
79302m,"ART LIGHTS,FUNK MONKEY",4,23.77,4,4,1,5.91,2009-12-22 15:12:00,2010-04-09 14:59:00,1.0,3.6987241251130425e-05,99.9958481821698
84570B,WHITE SATIN DRESS JEWEL STAND,4,19.8,2,2,1,4.95,2009-12-15 11:49:00,2010-01-20 13:10:00,2.0,3.6987241251130425e-05,99.99588516941104
85039b,S/4 IVORY MINI ROSE CANDLE IN BOWL,4,13.44,1,1,1,3.36,2010-02-19 10:56:00,2010-02-19 10:56:00,4.0,3.6987241251130425e-05,99.99592215665228
47556b,TEA TIME TEA TOWELS,4,23.64,4,4,1,5.91,2010-02-19 11:07:00,2010-08-02 13:48:00,1.0,3.6987241251130425e-05,99.99595914389353
90181C,BLACK GLASS/SHELL/PEARL NECKLACE,4,37.38,4,4,1,9.34,2009-12-14 17:16:00,2011-04-18 13:52:00,1.0,3.6987241251130425e-05,99.99599613113477
47504J,ENGLISH ROSE SET/3 GARDEN TOOLS,4,45.55,3,2,1,7.95,2009-12-11 10:48:00,2009-12-16 17:58:00,1.3333333333333333,3.6987241251130425e-05,99.99603311837602
90011D,PURPLE CRYSTAL DROP EARRINGS,4,11.719999999999999,4,4,1,2.9299999999999997,2010-03-09 12:48:00,2011-11-22 15:41:00,1.0,3.6987241251130425e-05,99.99607010561726
20678,LARGE BLACK DIAMANTE HAIRSLIDE,4,6.6,1,1,1,1.65,2011-09-23 14:49:00,2011-09-23 14:49:00,4.0,3.6987241251130425e-05,99.99610709285851
90034,WHITE SILVER NECKLACE SHELL GLASS,4,40.07,4,4,1,9.965,2009-12-13 12:31:00,2011-04-18 15:26:00,1.0,3.6987241251130425e-05,99.99614408009975
23654,SET 10 CARD SNOWMAN 16965,4,9.96,3,3,1,2.49,2011-10-27 17:15:00,2011-12-01 16:22:00,1.3333333333333333,3.6987241251130425e-05,99.996181067341
23644,SET 10 CARDS CHRISTMAS TREE 16955,4,13.32,4,4,1,3.33,2011-09-30 17:22:00,2011-11-28 15:31:00,1.0,3.6987241251130425e-05,99.99621805458224
79157B,UBO-LIGHT TRIOBASE BLUE,4,3.4,2,2,1,0.85,2010-02-07 15:07:00,2011-10-25 10:32:00,2.0,3.6987241251130425e-05,99.99625504182349
37494a,FAIRY CAKE CERAMIC BUTTER DISH,4,24.16,3,1,1,6.04,2009-12-22 14:48:00,2009-12-22 15:13:00,1.3333333333333333,3.6987241251130425e-05,99.99629202906473
85231b,CINAMMON SET OF 9 T-LIGHTS,4,6.58,4,4,1,1.645,2010-10-01 13:31:00,2011-04-15 10:40:00,1.0,3.6987241251130425e-05,99.99632901630598
23619,SET 10 CARDS POINSETTIA 17093,4,9.96,2,2,1,2.49,2011-10-05 15:56:00,2011-11-08 18:29:00,2.0,3.6987241251130425e-05,99.99636600354722
23604,SET 10 MINI SANTA & SNOWMAN  17087,4,6.64,2,2,1,1.66,2011-10-03 16:14:00,2011-10-17 15:27:00,2.0,3.6987241251130425e-05,99.99640299078847
23702,High Resolution Image,4,27.0,3,3,2,3.0,2011-10-19 10:33:00,2011-11-16 11:09:00,1.3333333333333333,3.6987241251130425e-05,99.99643997802971
23605,SET 10 CARDS 12 DAYS OF XMAS 17059,4,11.64,1,1,1,2.91,2011-10-05 15:56:00,2011-10-05 15:56:00,4.0,3.6987241251130425e-05,99.99647696527096
35980B,RED TOP SCANDINAVIAN HEART,4,1.52,2,2,1,0.38,2009-12-18 13:46:00,2010-05-16 16:05:00,2.0,3.6987241251130425e-05,99.9965139525122
35995,SET/6 BLACK GLITTER REINDEER CANDLE,4,1.68,4,3,1,0.42,2009-12-10 18:27:00,2009-12-23 11:51:00,1.0,3.6987241251130425e-05,99.99655093975345
84968d,SET OF 16 VINTAGE RED CUTLERY,4,100.37,4,4,1,24.96,2010-06-08 15:24:00,2011-10-04 10:14:00,1.0,3.6987241251130425e-05,99.99658792699469
90035C,"PEARL & SHELL 42""NECKL. IVORY",4,43.0,3,3,1,10.75,2010-06-13 11:21:00,2011-05-13 16:12:00,1.3333333333333333,3.6987241251130425e-05,99.99662491423594
23639,SET 10 CARDS MAGICAL TREE 17086,4,13.32,4,4,1,3.33,2011-09-15 16:32:00,2011-11-17 15:17:00,1.0,3.6987241251130425e-05,99.99666190147718
85049b,LUSH GREENS RIBBONS,4,9.94,3,3,1,2.46,2010-06-24 11:35:00,2011-09-20 14:46:00,1.3333333333333333,3.6987241251130425e-05,99.99669888871843
85132c,CHARLIE AND LOLA FIGURES TINS,4,46.099999999999994,4,4,1,8.29,2010-07-07 11:18:00,2011-04-26 09:50:00,1.0,3.6987241251130425e-05,99.99673587595967
90136,PALE PINK/AMETHYST STONE NECKLACE,4,40.47,3,3,1,9.95,2010-11-23 16:53:00,2011-04-26 12:47:00,1.3333333333333333,3.6987241251130425e-05,99.99677286320092
10002R,ROBOT PENCIL SHARPNER,3,15.399999999999999,2,2,1,5.115,2009-12-18 17:15:00,2010-01-25 17:36:00,1.5,2.7740430938347817e-05,99.99680060363185
ADJUST2,Adjustment by Peter on Jun 25 2010,3,731.0500000000001,3,1,1,300.13,2010-06-25 14:15:00,2010-06-25 14:15:00,1.0,2.7740430938347817e-05,99.99682834406279
35598C,WHITE CHRISTMAS TREE 60CM,3,8.850000000000001,3,3,1,2.95,2009-12-18 16:36:00,2011-11-24 12:25:00,1.0,2.7740430938347817e-05,99.99685608449373
47567b,TEA TIME KITCHEN APRON,3,38.72,3,2,1,13.0,2009-12-22 15:06:00,2010-11-19 13:05:00,1.0,2.7740430938347817e-05,99.99688382492467
20870,OPULENT VELVET CANDLE IN BOX,3,10.7,3,2,1,4.3,2009-12-09 09:51:00,2009-12-22 15:10:00,1.0,2.7740430938347817e-05,99.9969115653556
AMAZONFEE,AMAZON FEE,3,20467.8,3,3,1,6706.71,2010-11-08 10:11:00,2011-03-28 11:57:00,1.0,2.7740430938347817e-05,99.99693930578654
23633,SET 10 CARDS WORLD CHILDREN 17067,3,7.470000000000001,3,3,1,2.49,2011-10-31 14:41:00,2011-11-21 15:18:00,1.0,2.7740430938347817e-05,99.99696704621748
85192S,HANGING SPRING FLOWER HEART SMALL,3,1.9500000000000002,2,2,1,0.65,2010-02-07 15:07:00,2010-02-08 16:06:00,1.5,2.7740430938347817e-05,99.99699478664841
20882,MODERN CHRISTMAS TREE CANDLE,3,8.850000000000001,2,2,1,2.95,2009-12-13 13:53:00,2009-12-16 13:56:00,1.5,2.7740430938347817e-05,99.99702252707935
90189B,GOLD 2 STRAND NECKLACE-LEAF CHARMS,3,22.5,2,2,1,7.5,2010-02-16 13:49:00,2010-04-29 17:57:00,1.5,2.7740430938347817e-05,99.99705026751029
21119,Glow In The Dark Shot Glasses,3,41.01,3,3,1,13.57,2009-12-18 17:15:00,2010-09-27 15:56:00,1.0,2.7740430938347817e-05,99.99707800794123
23615,SET 10 CARDS PRINTED GRAPHIC 17219,3,7.470000000000001,3,3,1,2.49,2011-10-27 17:15:00,2011-11-28 15:31:00,1.0,2.7740430938347817e-05,99.99710574837216
18098B,BLUE PORCELAIN B'FLY OIL BURNER,3,8.850000000000001,3,3,1,2.95,2009-12-13 15:54:00,2010-02-24 13:48:00,1.0,2.7740430938347817e-05,99.9971334888031
20881,MODERN CHRISTMAS TREE CANDLE,3,2.55,2,2,1,0.85,2009-12-10 18:27:00,2009-12-16 13:56:00,1.5,2.7740430938347817e-05,99.99716122923404
21560,TOADSTOOL  LUNCHBOX WITH CUTLERY,3,12.89,3,1,1,5.17,2009-12-22 15:04:00,2009-12-22 15:06:00,1.0,2.7740430938347817e-05,99.99718896966498
21081,SET/20 POSIES PAPER NAPKINS,3,2.55,3,3,1,0.85,2009-12-18 10:24:00,2010-01-31 10:08:00,1.0,2.7740430938347817e-05,99.99721671009591
90082C,DIAMANTE BOW BROOCH WHITE COLOUR,3,19.93,3,3,1,6.79,2010-01-13 17:08:00,2010-02-10 13:43:00,1.0,2.7740430938347817e-05,99.99724445052685
20884,MODERN CHRISTMAS TREE CANDLE,3,6.300000000000001,3,2,1,2.1,2009-12-10 18:27:00,2009-12-18 11:03:00,1.0,2.7740430938347817e-05,99.99727219095779
85035a,GARDENIA 3 WICK MORRIS BOXED CANDLE,3,25.410000000000004,3,3,1,8.47,2010-11-24 10:03:00,2010-12-21 15:21:00,1.0,2.7740430938347817e-05,99.99729993138872
85070,ANT WHITE SWEETHEART TABLE W 3 DRAW,3,320.0,3,3,1,125.0,2010-05-16 15:33:00,2010-07-26 12:34:00,1.0,2.7740430938347817e-05,99.99732767181966
35071,ASSORTED SANTA CHRISTMAS DECORATION,3,6.87,2,1,1,3.01,2009-12-08 12:25:00,2009-12-09 09:51:00,1.5,2.7740430938347817e-05,99.9973554122506
S,SAMPLES,3,136.85,3,3,1,33.05,2010-04-30 14:49:00,2011-10-26 12:20:00,1.0,2.7740430938347817e-05,99.99738315268154
85124c,GREEN JUICY FRUIT PHOTO FRAME,3,15.18,2,2,1,5.06,2010-07-22 12:18:00,2010-08-26 09:41:00,1.5,2.7740430938347817e-05,99.99741089311247
16192,PINK BALLET OPENING CUBE BOX,3,12.899999999999999,1,1,1,4.3,2009-12-18 17:06:00,2009-12-18 17:06:00,3.0,2.7740430938347817e-05,99.99743863354341
35650,VINTAGE BEAD PINK JEWEL STAND,3,14.850000000000001,3,3,1,4.95,2010-06-03 12:38:00,2011-08-01 11:57:00,1.0,2.7740430938347817e-05,99.99746637397435
90025B,BAROQUE BUTTERFLY EARRINGS RED,3,11.29,3,3,1,3.75,2010-03-07 15:34:00,2011-04-21 16:17:00,1.0,2.7740430938347817e-05,99.99749411440528
84967A,PINK KASHMIRI OCCASIONAL TABLE,3,174.9,3,3,1,79.95,2010-02-02 16:07:00,2010-10-24 10:41:00,1.0,2.7740430938347817e-05,99.99752185483622
82613a,"METAL SIGN,CUPCAKE SINGLE HOOK",3,7.4799999999999995,3,3,1,2.51,2010-02-01 11:21:00,2011-06-08 15:26:00,1.0,2.7740430938347817e-05,99.99754959526716
84731,3 BIRDS CANVAS SCREEN,3,3.69,3,3,1,1.65,2010-04-27 12:46:00,2011-07-31 15:00:00,1.0,2.7740430938347817e-05,99.9975773356981
90091,CRYSTAL DRAGONFLY PHONE CHARM,3,2.55,2,2,1,0.85,2010-05-10 13:48:00,2010-10-11 14:15:00,1.5,2.7740430938347817e-05,99.99760507612903
84962,SET/3 COLOUR PAINTED KASHMIRI STOOL,3,179.85000000000002,2,2,1,59.95,2010-02-22 13:40:00,2010-05-19 17:49:00,1.5,2.7740430938347817e-05,99.99763281655997
90126B,BLUE BERTIE MOBILE PHONE CHARM,3,8.48,3,3,1,3.36,2009-12-18 17:06:00,2010-03-26 14:32:00,1.0,2.7740430938347817e-05,99.99766055699091
62097A,PINK STRIPES SHOULDER BAG,3,8.850000000000001,3,3,1,2.95,2009-12-11 16:48:00,2010-08-06 09:41:00,1.0,2.7740430938347817e-05,99.99768829742185
23610,SET 10 CARDS CHRISTMAS ROBIN 17095,3,6.24,3,3,1,2.08,2011-09-23 17:02:00,2011-11-11 09:05:00,1.0,2.7740430938347817e-05,99.99771603785278
23608,SET 10 CARDS RUDOLPHS NOSE 17097,3,8.73,2,2,1,2.91,2011-11-03 15:56:00,2011-11-15 17:00:00,1.5,2.7740430938347817e-05,99.99774377828372
23650,SET 10 CARDS FILIGREE BAUBLE 16961,3,7.470000000000001,3,3,1,2.49,2011-09-27 18:41:00,2011-11-15 17:00:00,1.0,2.7740430938347817e-05,99.99777151871466
84942,KASHMIR FOLKART HEART DISHES,3,5.07,3,2,1,1.69,2009-12-16 17:34:00,2010-01-24 13:46:00,1.0,2.7740430938347817e-05,99.9977992591456
84614C,BLUE BAROQUE FLOCK CANDLE HOLDER,3,17.85,1,1,1,5.95,2010-01-05 13:58:00,2010-01-05 13:58:00,3.0,2.7740430938347817e-05,99.99782699957653
85034a,3 GARDENIA MORRIS BOXED CANDLES,3,24.869999999999997,3,3,1,8.29,2011-05-23 14:19:00,2011-11-08 15:24:00,1.0,2.7740430938347817e-05,99.99785474000747
85083,KISS REINDEER SCANDINAVIAN STOCKING,3,7.6499999999999995,1,1,1,2.55,2009-12-10 18:27:00,2009-12-10 18:27:00,3.0,2.7740430938347817e-05,99.9978824804384
84366,VENDETTA CANVAS PICTURE,3,11.25,3,3,1,3.75,2010-02-02 11:40:00,2010-05-13 15:41:00,1.0,2.7740430938347817e-05,99.99791022086934
85069,CREAM SWEETHEART DOUBLE SHELF,3,50.849999999999994,1,1,1,16.95,2009-12-11 12:28:00,2009-12-11 12:28:00,3.0,2.7740430938347817e-05,99.99793796130028
DCGS0004,HAYNES CAMPER SHOULDER BAG,3,50.59,3,3,1,16.98,2010-04-19 11:19:00,2011-04-27 17:23:00,1.0,2.7740430938347817e-05,99.99796570173122
84509g,SET OF 4 FAIRY CAKE PLACEMATS,2,14.92,2,1,1,7.46,2011-05-10 15:04:00,2011-05-10 15:07:00,1.0,1.8493620625565212e-05,99.99798419535185
84867b,BLUE BABY BOY'S PHOTO ALBUM,2,27.14,1,1,1,13.57,2010-01-25 15:42:00,2010-01-25 15:42:00,2.0,1.8493620625565212e-05,99.99800268897248
84868A,PINK BABY GIRL'S MEMORY BOX,2,13.9,2,1,1,6.95,2010-01-26 13:04:00,2010-01-31 12:43:00,1.0,1.8493620625565212e-05,99.9980211825931
21353,SILVER SLEIGHBELL  WREATH,2,25.3,2,2,1,12.65,2009-12-07 15:28:00,2009-12-22 15:01:00,1.0,1.8493620625565212e-05,99.99803967621374
DCGS0066N,NAVY CUDDLES DOG HOODIE,2,17.3,2,1,1,8.65,2009-12-22 15:05:00,2009-12-22 15:07:00,1.0,1.8493620625565212e-05,99.99805816983437
37326,FAIRY DESIGN MUGS,2,4.609999999999999,2,2,2,2.3049999999999997,2010-01-11 14:39:00,2010-03-29 13:57:00,1.0,1.8493620625565212e-05,99.998076663455
20812,EMBOSSED FLOWER TRELLIS PHOTO FRAME,2,5.1,1,1,1,2.55,2010-01-28 17:13:00,2010-01-28 17:13:00,2.0,1.8493620625565212e-05,99.99809515707562
40046C,PINK BUTTERFLY PAPER LAMPSHADE,2,2.5,2,2,1,1.25,2009-12-13 11:34:00,2009-12-16 15:48:00,1.0,1.8493620625565212e-05,99.99811365069625
90127B,BLUE BEADS+HAND PHONE CHARM,2,2.5,2,2,1,1.25,2010-02-19 12:50:00,2010-09-09 19:23:00,1.0,1.8493620625565212e-05,99.99813214431688
85049d,BRIGHT BLUES RIBBONS,2,4.92,2,2,1,2.46,2011-03-29 13:44:00,2011-05-10 15:06:00,1.0,1.8493620625565212e-05,99.99815063793751
84255A,PINK GLASS COCKTAIL LAMP,2,4.2,2,2,1,2.1,2009-12-13 15:54:00,2010-01-21 11:11:00,1.0,1.8493620625565212e-05,99.99816913155814
84968b,S/16 VINTAGE IVORY CUTLERY,2,50.98,2,2,1,25.49,2010-07-30 12:44:00,2010-11-01 09:13:00,1.0,1.8493620625565212e-05,99.99818762517877
21290,LARGE SPOTTY CHOCOLATE GIFT BAG,2,2.5,1,1,1,1.25,2009-12-23 14:09:00,2009-12-23 14:09:00,2.0,1.8493620625565212e-05,99.9982061187994
90000C,OPAL WHITE/SILVER FLOWER NECKLACE,2,12.32,2,2,1,6.16,2009-12-13 10:48:00,2010-01-18 13:15:00,1.0,1.8493620625565212e-05,99.99822461242003
84596j,MIXED NUTS LIGHT GREEN BOWL,2,5.02,2,2,1,2.51,2010-04-09 14:55:00,2010-11-29 12:06:00,1.0,1.8493620625565212e-05,99.99824310604066
85179a,GREEN BITTY LIGHT CHAIN,2,11.780000000000001,2,2,1,5.890000000000001,2010-10-28 09:57:00,2011-11-29 11:23:00,1.0,1.8493620625565212e-05,99.99826159966129
90025A,BAROQUE BUTTERFLY EARRINGS BLACK,2,7.5,2,2,1,3.75,2011-04-10 15:19:00,2011-10-09 15:24:00,1.0,1.8493620625565212e-05,99.99828009328192
84912a,PINK ROSE WASHBAG,2,15.56,1,1,1,7.78,2009-12-22 15:13:00,2009-12-22 15:13:00,2.0,1.8493620625565212e-05,99.99829858690255
85232a,SET/3 POLKA DOT STACKING TINS,2,20.34,2,2,1,10.17,2010-04-09 14:55:00,2010-05-26 12:52:00,1.0,1.8493620625565212e-05,99.99831708052318
20954,*USB Office Mirror Ball,2,16.94,2,1,1,8.47,2010-12-17 14:54:00,2010-12-17 17:08:00,1.0,1.8493620625565212e-05,99.99833557414381
90035B,"PEARL & SHELL 42""NECKL. PINK",2,21.5,2,2,1,10.75,2010-06-13 11:21:00,2010-06-24 18:06:00,1.0,1.8493620625565212e-05,99.99835406776444
82011E,"BATHROOM SCALES, FAG BREAK",2,7.5,2,1,1,3.75,2010-02-11 10:01:00,2010-02-11 13:10:00,1.0,1.8493620625565212e-05,99.99837256138507
72084B,CHOCOLATE ICE CREAM CANDLE,2,3.9,1,1,1,1.95,2010-03-26 15:32:00,2010-03-26 15:32:00,2.0,1.8493620625565212e-05,99.9983910550057
84559d,3D SHEET OF SEA WORLD STICKERS,2,3.38,1,1,1,1.69,2010-10-22 14:04:00,2010-10-22 14:04:00,2.0,1.8493620625565212e-05,99.99840954862633
21347,GOTHIC CARRIAGE LANTERN,2,11.9,2,2,1,5.95,2010-03-09 13:26:00,2010-04-01 16:40:00,1.0,1.8493620625565212e-05,99.99842804224696
23649,SET 10 CARDS DECK THE HALLS 16960,2,4.98,2,2,1,2.49,2011-11-15 17:00:00,2011-11-25 14:25:00,1.0,1.8493620625565212e-05,99.99844653586759
23652,SET 10 CARD CHRISTMAS STAMPS 16963,2,5.82,1,1,1,2.91,2011-11-17 15:17:00,2011-11-17 15:17:00,2.0,1.8493620625565212e-05,99.99846502948822
71434B,"BLACK RND BULLET""KEEP CLEAN"" BIN",2,5.1,2,2,1,2.55,2010-01-26 13:15:00,2010-03-10 16:09:00,1.0,1.8493620625565212e-05,99.99848352310885
35837,SET OF SIX SILVER+RED FLOCK BAUBLES,2,1.7,1,1,1,0.85,2009-12-10 12:44:00,2009-12-10 12:44:00,2.0,1.8493620625565212e-05,99.99850201672947
90013E,AMBER VINTAGE EARRINGS,2,8.57,2,2,1,4.285,2009-12-09 09:42:00,2010-01-13 17:03:00,1.0,1.8493620625565212e-05,99.9985205103501
21525,BEWARE OF THE CAT DOORMAT,2,13.5,2,1,1,6.75,2009-12-18 10:09:00,2009-12-18 10:11:00,1.0,1.8493620625565212e-05,99.99853900397073
21853,GUMBALL CUSTOM CARS TOP TRUMPS GAME,2,10.23,2,2,1,5.115,2009-12-09 09:51:00,2010-04-19 10:43:00,1.0,1.8493620625565212e-05,99.99855749759136
21857,STAR WARS TOP TRUMPS GAME,2,10.23,2,2,1,5.115,2010-01-11 09:35:00,2010-01-20 17:50:00,1.0,1.8493620625565212e-05,99.998575991212
35955,SMALL FOLKART CHRISTMAS TREE DEC,2,0.84,2,2,1,0.42,2009-12-08 12:25:00,2010-05-13 18:49:00,1.0,1.8493620625565212e-05,99.99859448483262
85036a,GARDENIA 1 WICK MORRIS BOXED CANDLE,2,16.58,1,1,1,8.29,2011-07-12 13:46:00,2011-07-12 13:46:00,2.0,1.8493620625565212e-05,99.99861297845325
85036b,CHOCOLATE 1 WICK MORRIS BOX CANDLE,2,16.94,2,2,1,8.47,2010-10-22 14:04:00,2010-12-03 11:28:00,1.0,1.8493620625565212e-05,99.99863147207388
23638,SET 10 CARDS ROBIN WATERPUMP  17096,2,5.82,2,2,1,2.91,2011-09-27 18:41:00,2011-11-24 09:21:00,1.0,1.8493620625565212e-05,99.99864996569451
85035c,ROSE 3 WICK MORRIS BOX CANDLE,2,16.94,2,2,1,8.47,2010-11-24 09:55:00,2010-12-07 15:34:00,1.0,1.8493620625565212e-05,99.99866845931514
DCGS0070,CAMOUFLAGE DOG COLLAR,2,25.44,2,2,1,12.72,2010-04-01 15:04:00,2010-12-21 13:06:00,1.0,1.8493620625565212e-05,99.99868695293577
84661a,WHITE SQUARE TABLE CLOCK,2,10.02,2,2,1,5.01,2010-10-15 11:22:00,2011-05-17 15:37:00,1.0,1.8493620625565212e-05,99.9987054465564
90068,"RUBY GLASS NECKLACE 42""",2,15.0,2,2,1,7.5,2010-09-28 15:09:00,2011-03-18 11:32:00,1.0,1.8493620625565212e-05,99.99872394017703
46775B,BERRIES CHUNKY KNITTED THROW,2,33.9,2,1,1,16.95,2009-12-09 14:02:00,2009-12-10 12:30:00,1.0,1.8493620625565212e-05,99.99874243379766
23630,SET 10 CARDS HANGING BAUBLES 17080,2,5.48,2,2,1,2.74,2011-09-22 09:38:00,2011-11-30 15:13:00,1.0,1.8493620625565212e-05,99.99876092741829
23635,SET 10 CARDS CHRISTMAS HOLLY  17259,2,8.32,2,2,1,4.16,2011-10-05 15:56:00,2011-11-17 15:17:00,1.0,1.8493620625565212e-05,99.99877942103892
21858,HIGH SCHOOL MUSICAL 3 TOP TRUMPS,2,10.23,2,2,1,5.115,2009-12-10 09:49:00,2010-03-08 12:35:00,1.0,1.8493620625565212e-05,99.99879791465955
84971l,LARGE HEART FLOWERS HOOK,2,4.92,1,1,1,2.46,2011-11-25 15:23:00,2011-11-25 15:23:00,2.0,1.8493620625565212e-05,99.99881640828018
84406b,CREAM CUPID HEARTS COAT HANGER,2,13.82,2,1,1,6.91,2009-12-22 14:48:00,2009-12-22 15:09:00,1.0,1.8493620625565212e-05,99.9988349019008
84630,FLOWERS AND BIRDS WALL PLAQUE,2,15.9,1,1,1,7.95,2010-01-21 11:25:00,2010-01-21 11:25:00,2.0,1.8493620625565212e-05,99.99885339552144
84205C,HAPPY BIRTHDAY GINGER CAT CARD,2,0.38,1,1,1,0.19,2010-03-03 11:51:00,2010-03-03 11:51:00,2.0,1.8493620625565212e-05,99.99887188914207
85124b,BLUE JUICY FRUIT PHOTO FRAME,2,10.23,2,2,1,5.115,2009-12-22 15:06:00,2010-06-24 11:39:00,1.0,1.8493620625565212e-05,99.9988903827627
20822,SILVER WINE GOBLET,2,9.3,1,1,1,4.65,2010-02-01 15:32:00,2010-02-01 15:32:00,2.0,1.8493620625565212e-05,99.99890887638333
23617,SET 10 CARDS SWIRLY XMAS TREE 17104,2,5.82,1,1,1,2.91,2011-11-29 16:47:00,2011-11-29 16:47:00,2.0,1.8493620625565212e-05,99.99892737000395
35001P,HAND OPEN SHAPE PINK,2,6.98,2,1,1,3.49,2009-12-14 15:06:00,2009-12-17 15:41:00,1.0,1.8493620625565212e-05,99.99894586362458
84661c,PINK SQUARE TABLE CLOCK,2,10.12,2,2,1,5.06,2010-03-05 14:43:00,2010-11-24 09:55:00,1.0,1.8493620625565212e-05,99.99896435724521
23621,SET 10 CARDS DAVID'S MADONNA 17074,2,4.98,2,2,1,2.49,2011-11-11 09:05:00,2011-11-16 15:16:00,1.0,1.8493620625565212e-05,99.99898285086584
72752B,"F.FAIRY,CANDLE IN GLASS,LAVENDER",2,8.5,1,1,1,4.25,2009-12-11 15:37:00,2009-12-11 15:37:00,2.0,1.8493620625565212e-05,99.99900134448647
79303A,WHITE ROHMBIC BLOCK TABLE LAMP,2,5.9,1,1,1,2.95,2010-01-26 10:13:00,2010-01-26 10:13:00,2.0,1.8493620625565212e-05,99.9990198381071
84968f,SET OF 16 VINTAGE SKY BLUE CUTLERY,2,50.98,2,2,1,25.49,2010-10-04 14:31:00,2010-12-21 15:20:00,1.0,1.8493620625565212e-05,99.99903833172773
35823P,"ACRYLIC BEAD GARLAND,PINK",2,5.9,2,2,1,2.95,2010-02-21 12:42:00,2010-07-15 12:50:00,1.0,1.8493620625565212e-05,99.99905682534836
90060C,FIRE POLISHED GLASS NECKL SILVER,2,11.9,2,2,1,5.95,2010-05-27 20:20:00,2010-07-04 11:40:00,1.0,1.8493620625565212e-05,99.99907531896899
21225,POCKET MIRROR BUTTERFLY,2,2.5,2,2,1,1.25,2009-12-11 15:40:00,2009-12-21 15:36:00,1.0,1.8493620625565212e-05,99.99909381258962
84509e,SET OF 4 CAROUSEL PLACEMATS,2,15.24,1,1,1,7.62,2010-07-07 11:19:00,2010-07-07 11:19:00,2.0,1.8493620625565212e-05,99.99911230621025
18098A,PINK PORCELAIN B'FLY OIL BURNER,2,5.9,2,1,1,2.95,2009-12-14 15:31:00,2009-12-17 13:07:00,1.0,1.8493620625565212e-05,99.99913079983088
85160b,BLACK BIRD GARDEN DESIGN MUG,1,16.13,1,1,1,16.13,2010-03-29 14:54:00,2010-03-29 14:54:00,1.0,9.246810312782606e-06,99.99914004664119
37482p,CUBIC MUG PINK POLKA DOT,1,17.35,1,1,1,17.35,2009-12-22 15:12:00,2009-12-22 15:12:00,1.0,9.246810312782606e-06,99.9991492934515
37484,ENGLISH ROSE TEA FOR ONE GIFT BOX,1,6.75,1,1,1,6.75,2009-12-08 13:59:00,2009-12-08 13:59:00,1.0,9.246810312782606e-06,99.9991585402618
21409,SPOTTY COCKEREL DOORSTOP,1,4.25,1,1,1,4.25,2010-01-18 13:34:00,2010-01-18 13:34:00,1.0,9.246810312782606e-06,99.99916778707211
21450,DISTRESSED CANDLE STICK WHITE,1,5.95,1,1,1,5.95,2009-12-20 11:25:00,2009-12-20 11:25:00,1.0,9.246810312782606e-06,99.99917703388242
21475,SWEETHEART CREAM STEEL FOLDIN CHAIR,1,14.95,1,1,1,14.95,2009-12-16 17:40:00,2009-12-16 17:40:00,1.0,9.246810312782606e-06,99.99918628069273
72803b,OCEAN SCENT CANDLE JEWELLED DRAWER,1,8.47,1,1,1,8.47,2010-12-03 11:28:00,2010-12-03 11:28:00,1.0,9.246810312782606e-06,99.99919552750303
45014,FOLDING SHIRT TIDY,1,4.65,1,1,1,4.65,2010-07-15 13:32:00,2010-07-15 13:32:00,1.0,9.246810312782606e-06,99.99920477431334
46138D,GREEN CHENILLE SHAGGY C/COVER,1,1.95,1,1,1,1.95,2010-03-25 11:32:00,2010-03-25 11:32:00,1.0,9.246810312782606e-06,99.99921402112365
84510b,SET OF 4 FAIRY CAKES COASTERS,1,2.15,1,1,1,2.15,2010-08-02 13:48:00,2010-08-02 13:48:00,1.0,9.246810312782606e-06,99.99922326793396
35930,PINK HEART CHRISTMAS DECORATION,1,0.38,1,1,1,0.38,2009-12-16 17:45:00,2009-12-16 17:45:00,1.0,9.246810312782606e-06,99.99923251474426
90004A,JADE GREEN PAIR ENAMEL HAIR SLIDES,1,3.75,1,1,1,3.75,2009-12-15 13:21:00,2009-12-15 13:21:00,1.0,9.246810312782606e-06,99.99924176155457
20683,RAIN GIRL CHILDS UMBRELLA,1,3.25,1,1,1,3.25,2009-12-11 10:10:00,2009-12-11 10:10:00,1.0,9.246810312782606e-06,99.99925100836488
72802c,VANILLA SCENT CANDLE JEWELLED BOX,1,8.29,1,1,1,8.29,2011-11-23 11:11:00,2011-11-23 11:11:00,1.0,9.246810312782606e-06,99.99926025517519
DCGS0037,KEY-RING CORKSCREW,1,12.72,1,1,1,12.72,2010-06-14 14:49:00,2010-06-14 14:49:00,1.0,9.246810312782606e-06,99.9992695019855
DCGS0041,HAYNES MINI-COOPER PLAYING CARDS,1,5.06,1,1,1,5.06,2010-06-04 16:13:00,2010-06-04 16:13:00,1.0,9.246810312782606e-06,99.9992787487958
DCGS0044,HANDZ-OFF CAR FRESHENER,1,2.57,1,1,1,2.57,2009-12-15 18:33:00,2009-12-15 18:33:00,1.0,9.246810312782606e-06,99.99928799560611
17014C,ORIGAMI LAVENDER INCENSE CONES,1,3.43,1,1,1,3.43,2009-12-10 09:49:00,2009-12-10 09:49:00,1.0,9.246810312782606e-06,99.99929724241642
85049c,ROMANTIC PINKS RIBBONS,1,2.46,1,1,1,2.46,2011-11-23 11:11:00,2011-11-23 11:11:00,1.0,9.246810312782606e-06,99.99930648922673
21036,SET/2 TEA TOWELS MODERN VINTAGE,1,2.55,1,1,1,2.55,2009-12-14 12:24:00,2009-12-14 12:24:00,1.0,9.246810312782606e-06,99.99931573603703
90142C,ROSE PINK PENDANT SHELL NECKLACE,1,5.09,1,1,1,5.09,2010-11-08 15:02:00,2010-11-08 15:02:00,1.0,9.246810312782606e-06,99.99932498284734
48173A,DOOR MAT BLUE FLOCK,1,6.75,1,1,1,6.75,2010-01-26 16:26:00,2010-01-26 16:26:00,1.0,9.246810312782606e-06,99.99933422965765
85232C,RUSSIAN FOLKART STACKING TINS,1,4.95,1,1,1,4.95,2010-01-15 14:27:00,2010-01-15 14:27:00,1.0,9.246810312782606e-06,99.99934347646796
85171,S/2 HYACINTH BULB CANDLES,1,2.55,1,1,1,2.55,2009-12-07 15:26:00,2009-12-07 15:26:00,1.0,9.246810312782606e-06,99.99935272327826
78056,CAMOUFLAGE BACKPACK ON WHEELS,1,9.95,1,1,1,9.95,2009-12-08 15:20:00,2009-12-08 15:20:00,1.0,9.246810312782606e-06,99.99936197008857
79051a,SMOKEY GREY COLOUR D.O.F. GLASS,1,6.04,1,1,1,6.04,2009-12-22 15:07:00,2009-12-22 15:07:00,1.0,9.246810312782606e-06,99.99937121689888
23664,FLOWER SHOP DESIGN MUG,1,1.65,1,1,1,1.65,2011-11-11 15:28:00,2011-11-11 15:28:00,1.0,9.246810312782606e-06,99.99938046370919
23643,SET 10 CARDS CHRISTMAS BAUBLE 16954,1,3.33,1,1,1,3.33,2011-10-31 14:41:00,2011-10-31 14:41:00,1.0,9.246810312782606e-06,99.9993897105195
85034b,3 WHITE CHOC MORRIS BOXED CANDLES,1,8.29,1,1,1,8.29,2011-11-25 15:23:00,2011-11-25 15:23:00,1.0,9.246810312782606e-06,99.9993989573298
84705b,FAIRY CAKES PHOTO FRAME,1,3.43,1,1,1,3.43,2009-12-22 15:07:00,2009-12-22 15:07:00,1.0,9.246810312782606e-06,99.99940820414011
gift_0001_80,Dotcomgiftshop Gift Voucher Â£80.00,1,69.56,1,1,1,69.56,2009-12-14 17:57:00,2009-12-14 17:57:00,1.0,9.246810312782606e-06,99.99941745095042
85123b,ZINC HANGING HEART T-LITE HLDR,1,6.04,1,1,1,6.04,2009-12-22 15:13:00,2009-12-22 15:13:00,1.0,9.246810312782606e-06,99.99942669776073
TEST002,This is a test product.,1,1.0,1,1,1,1.0,2009-12-18 10:55:00,2009-12-18 10:55:00,1.0,9.246810312782606e-06,99.99943594457103
gift_0001_70,Dotcomgiftshop Gift Voucher Â£70.00,1,59.57,1,1,1,59.57,2010-06-14 11:24:00,2010-06-14 11:24:00,1.0,9.246810312782606e-06,99.99944519138134
35004p,SET OF 3 PINK FLYING DUCKS,1,12.72,1,1,1,12.72,2010-10-22 14:23:00,2010-10-22 14:23:00,1.0,9.246810312782606e-06,99.99945443819165
84031a,CHARLIE+LOLA RED HOT WATER BOTTLE,1,16.63,1,1,1,16.63,2011-10-31 14:41:00,2011-10-31 14:41:00,1.0,9.246810312782606e-06,99.99946368500196
84031b,CHARLIE LOLA BLUE HOT WATER BOTTLE,1,16.63,1,1,1,16.63,2011-10-31 14:41:00,2011-10-31 14:41:00,1.0,9.246810312782606e-06,99.99947293181226
22016,Dotcomgiftshop Gift Voucher Â£100.00,1,83.33,1,1,1,83.33,2011-08-02 16:11:00,2011-08-02 16:11:00,1.0,9.246810312782606e-06,99.99948217862257
35974,S/6 CHRISTMAS TREE PLACE SETTING,1,3.75,1,1,1,3.75,2009-12-16 17:45:00,2009-12-16 17:45:00,1.0,9.246810312782606e-06,99.99949142543288
35999,S/6 SCANDINAVIAN HEART T-LIGHT,1,2.55,1,1,1,2.55,2009-12-13 11:16:00,2009-12-13 11:16:00,1.0,9.246810312782606e-06,99.99950067224319
84030b,KNITTED POM POM HOT WATER BOTTLE,1,8.46,1,1,1,8.46,2010-01-25 15:38:00,2010-01-25 15:38:00,1.0,9.246810312782606e-06,99.9995099190535
84596l,BISCUITS SMALL BOWL LIGHT BLUE,1,2.46,1,1,1,2.46,2011-05-26 10:44:00,2011-05-26 10:44:00,1.0,9.246810312782606e-06,99.9995191658638
84661b,BLACK SQUARE TABLE CLOCK,1,4.96,1,1,1,4.96,2011-10-17 09:55:00,2011-10-17 09:55:00,1.0,9.246810312782606e-06,99.99952841267411
35818C,"ACRYLIC JEWEL ICICLE, CLEAR",1,3.43,1,1,1,3.43,2009-12-14 17:16:00,2009-12-14 17:16:00,1.0,9.246810312782606e-06,99.99953765948442
21772,VINTAGE METAL CAKE STAND CREAM,1,12.75,1,1,1,12.75,2010-01-05 13:58:00,2010-01-05 13:58:00,1.0,9.246810312782606e-06,99.99954690629473
84985b,SET OF 72 BLACK PAPER DOILIES,1,2.98,1,1,1,2.98,2010-05-26 12:54:00,2010-05-26 12:54:00,1.0,9.246810312782606e-06,99.99955615310503
85184d,S/4 BLUE ROUND DECOUPAGE BOXES,1,5.91,1,1,1,5.91,2010-07-22 12:09:00,2010-07-22 12:09:00,1.0,9.246810312782606e-06,99.99956539991534
85232d,SET/3 DECOUPAGE STACKING TINS,1,10.17,1,1,1,10.17,2010-09-28 09:34:00,2010-09-28 09:34:00,1.0,9.246810312782606e-06,99.99957464672565
85185E,DUCK SOCK PUPPET,1,2.95,1,1,1,2.95,2009-12-15 17:45:00,2009-12-15 17:45:00,1.0,9.246810312782606e-06,99.99958389353596
23609,SET 10 CARDS SNOWY ROBIN 17099,1,2.91,1,1,1,2.91,2011-11-28 15:31:00,2011-11-28 15:31:00,1.0,9.246810312782606e-06,99.99959314034626
85157,SET OF 2 CHESTS CHOCOLAT AU LAIT,1,12.72,1,1,1,12.72,2010-01-13 17:51:00,2010-01-13 17:51:00,1.0,9.246810312782606e-06,99.99960238715657
85159b,"WHITE TEA,COFFEE,SUGAR JARS",1,13.0,1,1,1,13.0,2009-12-22 15:05:00,2009-12-22 15:05:00,1.0,9.246810312782606e-06,99.99961163396688
84029c,BROWN FURRY HOT WATER BOTTLE,1,7.78,1,1,1,7.78,2009-12-22 15:13:00,2009-12-22 15:13:00,1.0,9.246810312782606e-06,99.99962088077719
51014c,"FEATHER PEN,COAL BLACK",1,0.83,1,1,1,0.83,2011-10-31 14:41:00,2011-10-31 14:41:00,1.0,9.246810312782606e-06,99.9996301275875
23602,SET 10 CARDS 3 WISE MEN 17107,1,2.91,1,1,1,2.91,2011-11-11 13:06:00,2011-11-11 13:06:00,1.0,9.246810312782606e-06,99.9996393743978
85231e,STRAWBERRY SCENTED SET/9 T-LIGHTS,1,1.66,1,1,1,1.66,2010-03-29 14:59:00,2010-03-29 14:59:00,1.0,9.246810312782606e-06,99.99964862120811
79342b,BROWN FLOWER LIGHTS,1,13.57,1,1,1,13.57,2010-02-19 11:07:00,2010-02-19 11:07:00,1.0,9.246810312782606e-06,99.99965786801842
90142B,IVORY PENDANT SHELL NECKLACE,1,5.09,1,1,1,5.09,2010-11-22 11:25:00,2010-11-22 11:25:00,1.0,9.246810312782606e-06,99.99966711482872
37482b,CUBIC MUG BLUE POLKA DOT,1,17.35,1,1,1,17.35,2009-12-22 15:10:00,2009-12-22 15:10:00,1.0,9.246810312782606e-06,99.99967636163903
79301,FEATHER HEART LIGHTS,1,2.95,1,1,1,2.95,2010-01-21 11:11:00,2010-01-21 11:11:00,1.0,9.246810312782606e-06,99.99968560844934
84626,CANDY STRIPE ROSE QUILT,1,45.95,1,1,1,45.95,2009-12-09 12:18:00,2009-12-09 12:18:00,1.0,9.246810312782606e-06,99.99969485525965
72796C,S/3 ROSE GARDEN SCENT SQU CANDLE,1,1.65,1,1,1,1.65,2010-01-17 13:55:00,2010-01-17 13:55:00,1.0,9.246810312782606e-06,99.99970410206996
35945,GOLD CHRISTMAS STOCKING DECORATION,1,1.95,1,1,1,1.95,2009-12-18 17:24:00,2009-12-18 17:24:00,1.0,9.246810312782606e-06,99.99971334888026
47594a,CAROUSEL DESIGN WASHBAG,1,4.21,1,1,1,4.21,2010-05-05 14:27:00,2010-05-05 14:27:00,1.0,9.246810312782606e-06,99.99972259569057
84796b,BLUE SAVANNAH PICNIC HAMPER FOR 2,1,8.47,1,1,1,8.47,2010-07-26 11:00:00,2010-07-26 11:00:00,1.0,9.246810312782606e-06,99.99973184250088
47593a,CAROUSEL DESIGN BABY BIB,1,2.51,1,1,1,2.51,2010-05-26 12:52:00,2010-05-26 12:52:00,1.0,9.246810312782606e-06,99.99974108931119
47590a,BLUE HAPPY BIRTHDAY BUNTING,1,11.02,1,1,1,11.02,2010-07-07 11:18:00,2010-07-07 11:18:00,1.0,9.246810312782606e-06,99.9997503361215
84814A,HEXAGONAL CRYSTAL PERFUME BOTTLE,1,1.95,1,1,1,1.95,2010-03-26 16:17:00,2010-03-26 16:17:00,1.0,9.246810312782606e-06,99.9997595829318
21008,ETCHED GLASS HEART TREE DECORATION,1,2.51,1,1,1,2.51,2010-02-01 11:17:00,2010-02-01 11:17:00,1.0,9.246810312782606e-06,99.99976882974211
21852,EMPIRE TEDDY,1,6.95,1,1,1,6.95,2009-12-18 13:39:00,2009-12-18 13:39:00,1.0,9.246810312782606e-06,99.99977807655242
85043,RED HEART CANDY POP LIGHTS,1,4.95,1,1,1,4.95,2010-01-04 15:29:00,2010-01-04 15:29:00,1.0,9.246810312782606e-06,99.99978732336272
23628,SET 10 CARDS TRIANGLE ICONS  17220,1,2.91,1,1,1,2.91,2011-10-31 14:41:00,2011-10-31 14:41:00,1.0,9.246810312782606e-06,99.99979657017303
37438,FUNKY FLOWER COFFEE POT,1,3.75,1,1,1,3.75,2009-12-13 13:31:00,2009-12-13 13:31:00,1.0,9.246810312782606e-06,99.99980581698334
20721,OWLS CHARLOTTE BAG,1,0.85,1,1,1,0.85,2009-12-07 15:26:00,2009-12-07 15:26:00,1.0,9.246810312782606e-06,99.99981506379365
85077,KISSING REINDEER TABLE RUNNER,1,5.95,1,1,1,5.95,2009-12-22 09:48:00,2009-12-22 09:48:00,1.0,9.246810312782606e-06,99.99982431060396
37451,CERAMIC CAKE TEAPOT WITH CHERRY,1,4.95,1,1,1,4.95,2010-02-07 12:16:00,2010-02-07 12:16:00,1.0,9.246810312782606e-06,99.99983355741426
20885,BOX OF 3 PEBBLE CANDLES,1,2.95,1,1,1,2.95,2009-12-22 12:42:00,2009-12-22 12:42:00,1.0,9.246810312782606e-06,99.99984280422457
35950,FOLKART HEART CHRISTMAS DECORATIONS,1,1.25,1,1,1,1.25,2010-03-03 14:42:00,2010-03-03 14:42:00,1.0,9.246810312782606e-06,99.99985205103488
72740B,LARGE WHITE CHOCOLATE CANDLE,1,5.06,1,1,1,5.06,2010-01-11 14:39:00,2010-01-11 14:39:00,1.0,9.246810312782606e-06,99.99986129784519
72751C,"F.FAIRY S/3 SML CANDLE, ROSE",1,5.95,1,1,1,5.95,2010-02-07 12:16:00,2010-02-07 12:16:00,1.0,9.246810312782606e-06,99.9998705446555
35821P,"JEWELLED DECORATION,PINK",1,2.95,1,1,1,2.95,2009-12-15 15:21:00,2009-12-15 15:21:00,1.0,9.246810312782606e-06,99.9998797914658
21585,SWALLOW SMALL TUBE MATCHES,1,1.65,1,1,1,1.65,2010-08-01 12:02:00,2010-08-01 12:02:00,1.0,9.246810312782606e-06,99.99988903827611
21120,*Boombox Ipod Classic,1,16.98,1,1,1,16.98,2010-12-09 14:09:00,2010-12-09 14:09:00,1.0,9.246810312782606e-06,99.99989828508642
90183c,BLACK DROP EARRINGS W LONG BEADS,1,2.9,1,1,1,2.9,2011-10-31 14:41:00,2011-10-31 14:41:00,1.0,9.246810312782606e-06,99.99990753189672
90184c,BLACK CHUNKY BEAD BRACELET W STRAP,1,9.15,1,1,1,9.15,2011-10-31 14:41:00,2011-10-31 14:41:00,1.0,9.246810312782606e-06,99.99991677870703
21406,SPOTTY CAT DOORSTOP,1,8.65,1,1,1,8.65,2009-12-14 17:16:00,2009-12-14 17:16:00,1.0,9.246810312782606e-06,99.99992602551734
46776b,WOVEN BERRIES CUSHION COVER,1,4.13,1,1,1,4.13,2011-10-31 14:41:00,2011-10-31 14:41:00,1.0,9.246810312782606e-06,99.99993527232765
DCGS0075,CAMOUFLAGUE DOG LEAD,1,12.72,1,1,1,12.72,2010-04-01 15:04:00,2010-04-01 15:04:00,1.0,9.246810312782606e-06,99.99994451913796
DCGS0062,ROAD-RAGE CAR FRESHENER,1,2.51,1,1,1,2.51,2010-10-25 16:57:00,2010-10-25 16:57:00,1.0,9.246810312782606e-06,99.99995376594826
DCGS0068,DOGS NIGHT COLLAR,1,8.47,1,1,1,8.47,2010-01-19 17:49:00,2010-01-19 17:49:00,1.0,9.246810312782606e-06,99.99996301275857
46776e,WOVEN CANDY CUSHION COVER,1,4.13,1,1,1,4.13,2011-10-31 14:41:00,2011-10-31 14:41:00,1.0,9.246810312782606e-06,99.99997225956888
90214U,"LETTER ""U"" BLING KEY RING",1,1.25,1,1,1,1.25,2010-11-03 12:07:00,2010-11-03 12:07:00,1.0,9.246810312782606e-06,99.99998150637919
B,Adjust bad debt,1,11062.06,1,1,1,11062.06,2011-08-12 14:50:00,2011-08-12 14:50:00,1.0,9.246810312782606e-06,99.9999907531895
84867a,PINK BABY GIRLS PHOTO ALBUM,1,13.57,1,1,1,13.57,2010-05-05 14:28:00,2010-05-05 14:28:00,1.0,9.246810312782606e-06,99.9999999999998
