StockCode,description,quantity,revenue,invoices,active_weeks,countries,median_price,first_sale,last_sale,quantity_per_invoice,revenue_share_pct,revenue_cumulative_pct
M,Manual,8816,338793.72000000003,776,102,21,2.95,2009-12-08 09:49:00,2011-12-01 13:08:00,11.360824742268042,1.7192266136685679,1.7192266136685679
22423,REGENCY CAKESTAND 3 TIER,26103,325718.47,3880,89,31,12.75,2010-03-15 13:55:00,2011-12-04 16:02:00,6.7275773195876285,1.6528755674320261,3.372102181100594
DOT,DOTCOM POSTAGE,1386,287752.75,1386,101,1,153.20499999999998,2009-12-07 17:56:00,2011-12-02 16:39:00,1.0,1.4602165174617698,4.832318698562364
85123A,WHITE HANGING HEART T-LIGHT HOLDER,91737,251100.59,5228,102,23,2.95,2009-12-07 08:13:00,2011-12-04 15:00:00,17.54724560061209,1.274223197041195,6.106541895603559
85099B,JUMBO BAG RED RETROSPOT,95108,177408.76,3897,102,22,1.95,2009-12-07 11:35:00,2011-12-04 13:55:00,24.405440082114445,0.9002701162522719,7.006812011855831
47566,PARTY BUNTING,28085,147630.35,2649,101,21,4.95,2009-12-07 11:39:00,2011-12-04 14:51:00,10.602114005285014,0.7491580030031414,7.755970014858972
84879,ASSORTED COLOUR BIRD ORNAMENT,77387,125036.59999999999,2739,102,19,1.69,2009-12-07 11:20:00,2011-12-04 14:01:00,28.25374224169405,0.6345048261302815,8.390474840989254
POST,POSTAGE,5239,122783.13,1805,102,25,18.0,2009-12-07 10:42:00,2011-12-04 16:07:00,2.9024930747922437,0.6230694736771613,9.013544314666415
22086,PAPER CHAIN KIT 50'S CHRISTMAS,31533,106989.90000000001,1864,82,12,2.95,2009-12-07 10:38:00,2011-12-04 15:35:00,16.91684549356223,0.5429258944756671,9.556470209142082
23166,MEDIUM CERAMIC TOP STORAGE JAR,77856,81492.97,237,31,10,1.25,2011-01-18 10:01:00,2011-12-02 16:39:00,328.50632911392404,0.41354037746300076,9.970010586605083
79321,CHILLI LIGHTS,15447,78292.91,1099,95,10,4.95,2009-12-07 08:24:00,2011-12-02 16:39:00,14.055505004549591,0.3973015040938715,10.367312090698954
22386,JUMBO BAG PINK POLKADOT,39335,76055.91,2232,96,17,1.95,2010-01-29 12:35:00,2011-12-04 13:59:00,17.62320788530466,0.38594972952503775,10.753261820223992
22197,SMALL POPCORN HOLDER,83366,75089.31999999999,2262,102,16,0.85,2009-12-07 11:05:00,2011-12-04 16:02:00,36.85499557913351,0.38104471755342884,11.134306537777421
20725,LUNCH BAG RED RETROSPOT,39747,70137.21,2991,102,21,1.65,2009-12-07 11:35:00,2011-12-04 15:19:00,13.288866599799398,0.3559149739861212,11.490221511763542
85099F,JUMBO BAG STRAWBERRY,36575,67441.75,1801,101,16,1.95,2009-12-07 11:52:00,2011-12-04 13:59:00,20.308162132148805,0.34223671994977395,11.832458231713316
48138,DOORMAT UNION FLAG,10022,66554.66,1650,101,12,7.49,2009-12-15 11:56:00,2011-12-04 11:55:00,6.073939393939394,0.3377351349241742,12.17019336663749
84347,ROTATING SILVER ANGELS T-LIGHT HLDR,29049,65821.65,695,75,15,2.55,2009-12-07 17:56:00,2011-12-04 15:54:00,41.79712230215827,0.3340154369909149,12.504208803628405
20685,DOORMAT RED RETROSPOT,9569,64950.27,1670,101,18,7.95,2009-12-07 10:33:00,2011-12-04 12:52:00,5.729940119760479,0.3295935731894888,12.833802376817893
21843,RED RETROSPOT CAKE STAND,6001,63289.439999999995,1484,102,18,10.95,2009-12-07 10:33:00,2011-12-04 13:32:00,4.043800539083558,0.3211656036959008,13.154967980513794
22502,PICNIC BASKET WICKER SMALL,3766,60880.3,924,69,8,5.95,2010-05-23 10:54:00,2011-09-25 14:33:00,4.075757575757576,0.3089402956115199,13.463908276125313
21931,JUMBO STORAGE BAG SUKI,28682,60423.29,2265,102,17,1.95,2009-12-07 13:48:00,2011-12-04 13:59:00,12.663134657836645,0.3066211742455375,13.77052945037085
23084,RABBIT NIGHT LIGHT,27536,59757.5,919,30,19,2.08,2011-05-10 14:20:00,2011-12-04 16:02:00,29.963003264417846,0.3032425877501491,14.073772038121
21621,VINTAGE UNION JACK BUNTING,6821,59606.409999999996,1265,100,10,8.5,2009-12-07 08:53:00,2011-12-04 13:20:00,5.3920948616600795,0.30247587357062067,14.376247911691621
21137,BLACK RECORD COVER FRAME,17119,59451.0,599,97,8,3.75,2009-12-07 12:08:00,2011-12-04 12:32:00,28.579298831385643,0.30168723732308267,14.677935149014704
85099C,JUMBO  BAG BAROQUE BLACK WHITE,29983,57741.340000000004,1820,102,15,1.95,2009-12-07 14:44:00,2011-12-04 16:02:00,16.474175824175823,0.2930114774172479,14.970946626431953
22910,PAPER CHAIN KIT VINTAGE CHRISTMAS,17998,56703.62,1374,49,12,2.95,2010-09-19 10:20:00,2011-12-04 14:51:00,13.098981077147016,0.2877455125063985,15.258692138938352
22411,JUMBO SHOPPER VINTAGE RED PAISLEY,26970,56592.93,2163,96,19,1.95,2010-01-29 13:52:00,2011-12-04 13:59:00,12.468793342579751,0.2871838102591816,15.545875949197534
15056N,EDWARDIAN PARASOL NATURAL,10509,55157.28,1009,102,13,5.95,2009-12-07 08:13:00,2011-12-04 14:55:00,10.415262636273539,0.27989852856059144,15.825774477758126
82484,WOOD BLACK BOARD ANT WHITE FINISH,9506,54876.7,1155,86,15,6.75,2010-04-11 10:30:00,2011-12-04 15:19:00,8.23030303030303,0.27847471054158235,16.104249188299708
22112,CHOCOLATE HOT WATER BOTTLE,10448,54493.79,1634,102,16,4.95,2009-12-07 12:08:00,2011-12-04 15:00:00,6.394124847001224,0.27653161353659705,16.380780801836305
22114,HOT WATER BOTTLE TEA AND SYMPATHY,10754,54294.73,1482,76,18,3.95,2009-12-07 10:41:00,2011-12-04 10:10:00,7.256410256410256,0.2755214730602126,16.656302274896518
22470,HEART OF WICKER LARGE,17711,53294.83,1934,76,10,2.95,2010-04-22 12:12:00,2011-12-02 16:30:00,9.15770423991727,0.2704474277355023,16.92674970263202
20914,SET/5 RED RETROSPOT LID GLASS BOWLS,18393,51622.94,1980,102,19,2.95,2009-12-07 10:42:00,2011-12-04 13:20:00,9.289393939393939,0.2619633336881677,17.188713036320188
22178,VICTORIAN GLASS HANGING T-LIGHT,39195,50797.88,1768,102,17,1.25,2009-12-07 10:51:00,2011-12-04 15:16:00,22.169117647058822,0.25777652317151056,17.4464895594917
21212,PACK OF 72 RETROSPOT CAKE CASES,93090,50706.5,3040,102,26,0.55,2009-12-07 10:33:00,2011-12-04 14:51:00,30.62171052631579,0.25731281053847527,17.703802370030175
22139,RETROSPOT TEA SET CERAMIC 11 PC,10123,50273.630000000005,1997,99,27,4.95,2009-12-07 08:53:00,2011-12-04 16:07:00,5.069103655483225,0.25511618887660176,17.958918558906777
22090,PAPER BUNTING RETROSPOT,16543,49971.43,1685,102,20,2.95,2009-12-07 12:41:00,2011-12-04 16:07:00,9.81780415430267,0.2535826590264893,18.212501217933266
21929,JUMBO BAG PINK VINTAGE PAISLEY,25250,48936.14,1577,97,15,1.95,2009-12-07 14:10:00,2011-12-04 13:59:00,16.01141407736208,0.24832902527889522,18.46083024321216
22469,HEART OF WICKER SMALL,27811,48759.38,2131,77,15,1.65,2010-04-22 12:12:00,2011-12-04 13:15:00,13.050680431722196,0.2474320473295045,18.708262290541665
21733,RED HANGING HEART T-LIGHT HOLDER,16962,48619.22,1694,102,21,2.95,2009-12-07 08:13:00,2011-12-04 15:00:00,10.012987012987013,0.24672079801186134,18.954983088553526
21181,PLEASE ONE PERSON METAL SIGN,23984,48475.75000000001,1734,77,11,2.1,2009-12-07 12:08:00,2011-12-04 15:19:00,13.831603229527104,0.24599275192451647,19.20097584047804
48194,DOORMAT HEARTS,7676,48327.88,1324,102,14,7.95,2009-12-07 11:35:00,2011-12-04 10:11:00,5.7975830815709966,0.24524237780493957,19.44621821828298
84946,ANTIQUE SILVER TEA GLASS ETCHED,35675,47807.37,1710,102,9,1.25,2009-12-07 10:51:00,2011-12-04 15:18:00,20.862573099415204,0.24260102233742786,19.688819240620408
21232,STRAWBERRY CERAMIC TRINKET BOX,36757,47626.29,2361,102,24,1.25,2009-12-07 08:24:00,2011-12-04 15:47:00,15.56840321897501,0.2416821223200276,19.930501362940436
21731,RED TOADSTOOL LED NIGHT LIGHT,28471,47426.78999999999,1495,101,22,1.65,2009-12-07 10:41:00,2011-12-04 16:07:00,19.044147157190636,0.24066974904041988,20.171171111980858
22189,CREAM HEART CARD HOLDER,15516,46866.3,1257,94,12,3.95,2009-12-07 10:33:00,2011-12-04 12:52:00,12.343675417661098,0.2378255129527643,20.40899662493362
22111,SCOTTIE DOG HOT WATER BOTTLE,9131,46452.05,1596,99,16,4.95,2009-12-07 10:48:00,2011-12-04 14:55:00,5.721177944862156,0.23572337946365415,20.644720004397275
48187,DOORMAT NEW ENGLAND,7210,45668.56,1243,95,13,7.95,2009-12-07 10:33:00,2011-12-04 15:35:00,5.80048270313757,0.23174751810606115,20.876467522503336
21928,JUMBO BAG SCANDINAVIAN PAISLEY,23979,45614.82,1512,100,12,1.95,2009-12-07 14:44:00,2011-12-04 13:59:00,15.859126984126984,0.23147481163966457,21.107942334143
21754,HOME BUILDING BLOCK WORD,7407,45304.39,2019,102,16,5.95,2009-12-07 10:33:00,2011-12-04 11:56:00,3.6686478454680533,0.22989951822017282,21.337841852363173
48185,DOORMAT FAIRY CAKE,6753,45206.25,961,102,14,7.95,2009-12-07 08:24:00,2011-12-04 11:45:00,7.027055150884495,0.22940150161034478,21.567243353973517
22457,NATURAL SLATE HEART CHALKBOARD,14591,45061.770000000004,2018,85,15,2.95,2010-03-04 10:29:00,2011-12-04 15:13:00,7.230426164519326,0.22866833022469207,21.79591168419821
21523,DOORMAT FANCY FONT HOME SWEET HOME,6758,45006.89,1083,100,12,7.95,2009-12-07 08:13:00,2011-12-04 13:32:00,6.2400738688827335,0.2283898387681263,22.024301522966336
20727,LUNCH BAG  BLACK SKULL.,26289,44899.47,2302,102,18,1.65,2009-12-07 10:48:00,2011-12-04 15:19:00,11.420069504778454,0.22784473030849997,22.252146253274837
21623,VINTAGE UNION JACK MEMOBOARD,6102,44853.63,523,91,9,9.95,2010-02-28 15:58:00,2011-12-04 13:45:00,11.667304015296367,0.22761211280906532,22.479758366083903
22138,BAKING SET 9 PIECE RETROSPOT,8954,43782.880000000005,1826,97,29,4.95,2009-12-07 09:42:00,2011-12-04 13:55:00,4.903614457831325,0.22217853541989285,22.701936901503796
22355,CHARLOTTE BAG SUKI DESIGN,30996,43707.4,1698,102,16,0.85,2009-12-07 09:18:00,2011-12-04 14:51:00,18.25441696113074,0.22179550817605936,22.923732409679854
22326,ROUND SNACK BOXES SET OF4 WOODLAND,15213,43583.23,1367,94,24,2.95,2010-01-07 16:46:00,2011-12-02 16:39:00,11.12874908558888,0.2211654009573682,23.14489781063722
84078A,SET/4 WHITE RETRO STORAGE CUBES,1114,43289.05,325,95,12,39.95,2009-12-07 15:26:00,2011-12-04 11:50:00,3.4276923076923076,0.21967256902055127,23.364570379657774
21175,GIN + TONIC DIET METAL SIGN,20356,43066.25,1615,97,15,2.1,2009-12-07 12:08:00,2011-12-04 15:19:00,12.604334365325077,0.21854195866116988,23.583112338318944
22383,LUNCH BAG SUKI  DESIGN,24946,42968.62,2378,97,17,1.65,2010-01-22 16:28:00,2011-12-04 15:19:00,10.490328006728344,0.2180465300732596,23.801158868392204
15056BL,EDWARDIAN PARASOL BLACK,8406,42922.82,827,102,14,5.95,2009-12-07 08:13:00,2011-12-02 13:21:00,10.164449818621524,0.21781411555593616,24.01897298394814
82494L,WOODEN FRAME ANTIQUE WHITE,14955,42820.39,1920,96,11,2.95,2009-12-07 08:13:00,2011-12-04 12:52:00,7.7890625,0.21729432911468197,24.23626731306282
21915,RED  HARMONICA IN BOX,36286,42660.79,1023,89,20,1.25,2010-03-17 10:22:00,2011-12-02 12:19:00,35.47018572825024,0.21648443049099583,24.45275174355382
23298,SPOTTY BUNTING,8370,42602.9,1124,31,16,4.95,2011-05-04 13:57:00,2011-12-04 13:59:00,7.44661921708185,0.2161906646305623,24.66894240818438
71477,COLOUR GLASS. STAR T-LIGHT HOLDER,14375,42422.23,772,86,6,3.25,2009-12-07 13:23:00,2011-12-02 11:53:00,18.620466321243523,0.21527384517980183,24.884216253364183
20728,LUNCH BAG CARS BLUE,24357,41808.82,2025,102,22,1.65,2009-12-07 11:35:00,2011-12-04 15:19:00,12.028148148148148,0.2121610637590292,25.096377317123213
23203,JUMBO BAG VINTAGE DOILY,19954,40978.01,1200,31,15,2.08,2011-05-06 15:54:00,2011-12-04 16:07:00,16.628333333333334,0.20794507456388717,25.3043223916871
82482,WOODEN PICTURE FRAME WHITE FINISH,16551,40895.54,1949,93,14,2.55,2009-12-07 08:13:00,2011-12-04 12:52:00,8.492047203694202,0.20752657619612153,25.51184896788322
84029E,RED WOOLLY HOTTIE WHITE HEART.,10005,40770.85,1085,95,10,3.75,2009-12-07 09:42:00,2011-12-04 14:51:00,9.221198156682028,0.2068938302099848,25.718742798093206
20713,JUMBO BAG OWLS,20503,39973.21,1273,89,16,1.95,2009-12-07 15:26:00,2011-12-02 15:39:00,16.106048703849176,0.20284616393055496,25.921588962023762
84997D,PINK 3 PIECE MINI DOTS CUTLERY SET,10484,39199.57,1050,97,27,3.75,2009-12-07 12:26:00,2011-12-04 15:19:00,9.984761904761905,0.19892028691784483,26.120509248941605
22083,PAPER CHAIN KIT RETROSPOT,13000,38357.62,1340,102,18,2.95,2009-12-07 10:33:00,2011-12-02 16:39:00,9.701492537313433,0.19464776720473373,26.31515701614634
20726,LUNCH BAG WOODLAND,21845,37996.6,1882,102,20,1.65,2009-12-07 13:24:00,2011-12-04 13:32:00,11.607332624867162,0.19281575216010233,26.50797276830644
22699,ROSES REGENCY TEACUP AND SAUCER,12791,37336.37,1398,68,21,2.95,2010-08-11 15:46:00,2011-12-04 13:00:00,9.149499284692418,0.1894653801781707,26.69743814848461
22960,JAM MAKING SET WITH JARS,8801,37310.57,1132,53,26,4.25,2010-11-28 12:38:00,2011-12-04 14:55:00,7.774734982332156,0.18933445671644697,26.88677260520106
22629,SPACEBOY LUNCH BOX,20441,37303.619999999995,1344,74,21,1.95,2010-07-01 11:59:00,2011-12-04 13:54:00,15.209077380952381,0.18929918857462605,27.076071793775686
85066,CREAM SWEETHEART MINI CHEST,2980,37235.31,905,98,13,12.75,2009-12-07 11:46:00,2011-12-04 12:52:00,3.292817679558011,0.18895254587422505,27.265024339649912
22720,SET OF 3 CAKE TINS PANTRY DESIGN,7352,37232.200000000004,1358,49,22,4.95,2010-12-13 15:13:00,2011-12-02 16:39:00,5.4138438880706925,0.18893676401507933,27.45396110366499
21166,COOK WITH WINE METAL SIGN,19434,37141.96,1384,94,12,1.95,2009-12-08 15:49:00,2011-12-04 15:19:00,14.041907514450868,0.18847883637221316,27.642439940037203
23284,DOORMAT KEEP CALM AND COME IN,5363,37078.6,700,27,15,7.95,2011-04-27 12:57:00,2011-12-04 15:18:00,7.661428571428571,0.1881573127080731,27.830597252745275
20712,JUMBO BAG WOODLAND ANIMALS,17506,36959.91,1381,95,20,2.08,2009-12-07 13:24:00,2011-12-04 16:02:00,12.67632150615496,0.18755501403861632,28.01815226678389
82486,WOOD S/3 CABINET ANT WHITE FINISH,4587,36936.56,1241,102,8,7.95,2009-12-07 08:13:00,2011-12-04 15:35:00,3.69621273166801,0.18743652323120358,28.205588790015092
22328,ROUND SNACK BOXES SET OF 4 FRUITS,12871,35898.91,1148,98,19,2.95,2010-01-07 16:46:00,2011-12-02 14:48:00,11.211672473867596,0.18217091353904877,28.387759703554142
21485,RETROSPOT HEART HOT WATER BOTTLE,7316,35672.47,1311,98,18,4.95,2009-12-07 10:41:00,2011-12-04 13:54:00,5.58047292143402,0.1810218318075482,28.56878153536169
21524,DOORMAT SPOTTY HOME SWEET HOME,5189,35450.54,1125,102,21,7.95,2009-12-07 18:02:00,2011-12-04 11:45:00,4.612444444444445,0.1798956363090854,28.748677171670774
22379,RECYCLING BAG RETROSPOT,15717,34469.46,1558,96,16,2.1,2010-01-25 13:46:00,2011-12-04 16:07:00,10.08793324775353,0.1749170940676945,28.92359426573847
20724,RED RETROSPOT CHARLOTTE BAG,31351,34049.65,1990,102,19,0.85,2009-12-07 11:19:00,2011-12-04 16:07:00,15.754271356783919,0.17278674606512762,29.096381011803597
84997B,RED 3 PIECE MINI DOTS CUTLERY SET,9136,34016.44,994,102,23,3.75,2009-12-07 12:26:00,2011-12-04 15:19:00,9.191146881287727,0.17261822016730421,29.268999231970902
21755,LOVE BUILDING BLOCK WORD,5503,33975.36,1656,102,14,5.95,2009-12-07 12:08:00,2011-12-04 13:32:00,3.3230676328502415,0.1724097575391023,29.441408989510006
22384,LUNCH BAG PINK POLKADOT,20689,33894.82,2088,96,23,1.65,2010-01-25 11:18:00,2011-12-04 15:19:00,9.90852490421456,0.17200105305820204,29.61341004256821
22382,LUNCH BAG SPACEBOY DESIGN,20148,33888.78,2135,97,23,1.65,2010-01-22 16:28:00,2011-12-04 15:19:00,9.437002341920374,0.17197040275941092,29.78538044532762
22727,ALARM CLOCK BAKELIKE RED,8297,33326.38,1326,62,22,3.75,2010-09-24 10:29:00,2011-12-04 14:51:00,6.257164404223228,0.16911647427594548,29.954496919603564
22630,DOLLY GIRL LUNCH BOX,17922,33103.89,1313,74,24,1.95,2010-07-01 16:48:00,2011-12-04 13:54:00,13.649657273419649,0.16798743702792593,30.12248435663149
15036,ASSORTED COLOURS SILK FAN,43921,32754.26,977,100,14,0.83,2009-12-07 11:19:00,2011-12-02 17:06:00,44.95496417604913,0.16621322113945863,30.288697577770947
22385,JUMBO BAG SPACEBOY DESIGN,16987,32277.65,1238,96,17,1.95,2010-01-29 13:46:00,2011-12-04 16:02:00,13.721324717285945,0.1637946385389884,30.452492216309935
84997C,BLUE 3 PIECE MINI DOTS CUTLERY SET,8664,32223.32,926,100,27,3.75,2009-12-07 12:26:00,2011-12-01 18:03:00,9.356371490280777,0.16351893808645165,30.616011154396386
22666,RECIPE BOX PANTRY YELLOW DESIGN,10270,32186.780000000002,1630,73,23,2.95,2010-07-09 17:17:00,2011-12-04 14:01:00,6.300613496932515,0.1633335139278709,30.779344668324256
22726,ALARM CLOCK BAKELIKE GREEN,7426,31457.079999999998,1241,58,17,3.75,2010-09-24 10:29:00,2011-12-04 14:51:00,5.983883964544722,0.15963061276431342,30.93897528108857
22077,6 RIBBONS RUSTIC CHARM,17038,31038.769999999997,1718,93,22,1.65,2009-12-07 17:56:00,2011-12-04 12:52:00,9.917345750873109,0.15750787659091653,31.096483157679486
48184,DOORMAT ENGLISH ROSE,4633,30594.23,834,92,15,7.95,2009-12-08 15:12:00,2011-12-04 13:32:00,5.55515587529976,0.15525203489810055,31.251735192577588
22501,PICNIC BASKET WICKER LARGE,2612,30339.36,762,75,10,9.95,2010-05-21 16:37:00,2011-11-06 15:01:00,3.4278215223097113,0.15395868363106494,31.40569387620865
23199,JUMBO BAG APPLES,14765,30088.15,956,34,15,2.08,2011-04-11 16:47:00,2011-12-04 16:07:00,15.444560669456067,0.1526839052272041,31.558377781435855
22865,HAND WARMER OWL DESIGN,13906,30050.180000000004,1157,46,11,2.1,2010-09-10 13:59:00,2011-12-04 15:00:00,12.019014693171997,0.15249122445814797,31.710869005894004
23245,SET OF 3 REGENCY CAKE TINS,6156,29902.440000000002,844,26,24,4.95,2011-06-08 12:02:00,2011-12-04 15:18:00,7.293838862559242,0.15174151003043246,31.862610515924437
85152,HAND OVER THE CHOCOLATE   SIGN,15502,29744.760000000002,1423,99,11,2.1,2009-12-07 13:45:00,2011-12-04 15:19:00,10.893886156008433,0.1509413545480839,32.01355187047252
22697,GREEN REGENCY TEACUP AND SAUCER,9541,29611.23,1330,68,21,2.95,2010-08-11 15:46:00,2011-12-04 15:18:00,7.173684210526316,0.15026374951537208,32.16381561998789
22659,LUNCH BOX I LOVE LONDON,15894,29453.43,1061,75,18,1.95,2010-03-14 12:18:00,2011-12-04 13:32:00,14.980207351555137,0.14946298508668993,32.313278605074586
47590B,PINK HAPPY BIRTHDAY BUNTING,5733,29331.27,869,99,23,5.45,2009-12-07 11:35:00,2011-12-02 16:04:00,6.5972382048331415,0.14884307771908656,32.46212168279367
22622,BOX OF VINTAGE ALPHABET BLOCKS,2917,29108.82,562,82,17,9.95,2010-05-07 10:44:00,2011-12-01 12:39:00,5.190391459074733,0.14771424345317818,32.60983592624685
22158,3 HEARTS HANGING DECORATION RUSTIC,8882,28902.99,706,72,7,2.95,2009-12-14 17:16:00,2011-12-04 15:00:00,12.580736543909348,0.14666974825447318,32.75650567450133
21479,WHITE SKULL HOT WATER BOTTLE,5786,28838.47,857,57,9,3.75,2009-12-07 09:42:00,2011-12-04 14:51:00,6.751458576429405,0.14634233810910835,32.902848012610434
48188,DOORMAT WELCOME PUPPIES,4828,28313.0,679,101,14,7.95,2009-12-07 12:08:00,2011-11-29 13:12:00,7.110456553755522,0.1436758128598079,33.046523825470246
82483,WOOD 2 DRAWER CABINET WHITE FINISH,4736,28197.11,1091,93,7,5.95,2009-12-07 08:13:00,2011-12-04 15:35:00,4.340971585701191,0.14308772293813507,33.18961154840838
84978,HANGING HEART JAR T-LIGHT HOLDER,21446,28177.350000000002,1404,101,9,1.25,2009-12-07 11:35:00,2011-12-04 13:00:00,15.274928774928775,0.1429874497752025,33.332598998183585
21217,RED RETROSPOT ROUND CAKE TINS,2745,28093.199999999997,890,101,18,9.95,2009-12-07 11:46:00,2011-12-02 14:48:00,3.0842696629213484,0.14256042615876646,33.47515942434235
85014B,RED RETROSPOT UMBRELLA,5390,27911.820000000003,853,102,19,5.95,2009-12-07 08:13:00,2011-12-02 11:49:00,6.318874560375146,0.14164000377553224,33.616799428117886
82583,HOT BATHS METAL SIGN,12767,27678.7,1155,97,8,2.1,2009-12-07 10:33:00,2011-12-04 15:19:00,11.053679653679653,0.14045702403146135,33.75725645214935
21977,PACK OF 60 PINK PAISLEY CAKE CASES,55321,27671.5,1947,102,24,0.55,2009-12-07 10:33:00,2011-12-04 15:19:00,28.413456599897277,0.14042048725144543,33.897676939400796
22492,MINI PAINT SET VINTAGE,43326,27670.670000000002,726,82,23,0.65,2010-05-06 11:50:00,2011-12-02 13:58:00,59.67768595041322,0.14041627537263804,34.03809321477343
22467,GUMBALL COAT RACK,11697,27641.37,1075,76,19,2.55,2010-03-04 14:45:00,2011-12-04 13:20:00,10.88093023255814,0.14026759097618438,34.17836080574962
23201,JUMBO BAG ALPHABET,13206,27456.18,880,34,17,2.08,2011-04-11 16:47:00,2011-12-04 13:15:00,15.006818181818181,0.13932783454685838,34.31768864029648
22752,SET 7 BABUSHKA NESTING BOXES,3280,27350.800000000003,677,68,17,8.5,2010-08-06 15:02:00,2011-12-01 17:20:00,4.844903988183161,0.13879307817490322,34.45648171847139
84029G,KNITTED UNION FLAG HOT WATER BOTTLE,6303,27305.79,953,99,10,3.75,2009-12-07 13:52:00,2011-12-04 14:51:00,6.6138509968520465,0.13856467255427593,34.59504639102566
22188,BLACK HEART CARD HOLDER,10011,27274.170000000002,558,96,7,3.95,2009-12-14 17:57:00,2011-12-02 17:06:00,17.940860215053764,0.1384042151953727,34.733450606221034
22866,HAND WARMER SCOTTY DOG DESIGN,12305,27252.550000000003,1042,35,10,2.1,2010-09-10 13:59:00,2011-12-04 15:00:00,11.809021113243762,0.13829450336426938,34.871745109585305
20971,PINK BLUE FELT CRAFT TRINKET BOX,21036,27211.86,1116,102,16,1.25,2009-12-07 11:05:00,2011-12-04 15:00:00,18.849462365591396,0.13808801981165164,35.00983312939696
20719,WOODLAND CHARLOTTE BAG,24043,26980.48,1543,101,18,0.85,2009-12-07 10:41:00,2011-12-04 16:07:00,15.58198314970836,0.13691386978941794,35.14674699918638
22624,IVORY KITCHEN SCALES,3099,26761.13,1196,78,19,8.5,2010-05-04 10:02:00,2011-12-04 15:19:00,2.5911371237458196,0.1358007666371275,35.2825477658235
21930,JUMBO STORAGE BAG SKULLS,13056,26676.51,1286,102,11,1.95,2009-12-07 13:24:00,2011-12-04 13:59:00,10.152410575427682,0.1353713579808849,35.41791912380439
72741,GRAND CHOCOLATECANDLE,19298,26642.43,894,101,19,1.45,2009-12-07 15:55:00,2011-12-04 11:45:00,21.58612975391499,0.1351984172221429,35.55311754102653
84991,60 TEATIME FAIRY CAKE CASES,53277,26607.11,2077,102,22,0.55,2009-12-07 10:33:00,2011-12-04 15:19:00,25.650938854116514,0.13501918401795374,35.68813672504449
20679,EDWARDIAN PARASOL RED,5250,26598.79,683,101,15,5.95,2009-12-07 08:13:00,2011-12-04 15:00:00,7.686676427525622,0.13497696373882423,35.82311368878331
71459,HANGING JAM JAR T-LIGHT HOLDER,32713,26479.47,1002,101,10,0.85,2009-12-07 17:56:00,2011-12-01 16:22:00,32.647704590818364,0.13437146810111603,35.957485156884424
22734,SET OF 6 RIBBONS VINTAGE CHRISTMAS,9687,26413.7,739,43,17,2.89,2010-09-16 11:40:00,2011-12-04 13:32:00,13.108254397834912,0.1340377147647762,36.0915228716492
23355,HOT WATER BOTTLE KEEP CALM,5384,26167.120000000003,725,15,13,4.95,2011-08-22 13:32:00,2011-12-04 15:00:00,7.426206896551724,0.13278643154028671,36.224309303189486
20750,RED RETROSPOT MINI CASES,3590,26118.37,877,101,25,7.95,2009-12-07 13:48:00,2011-12-04 13:55:00,4.0935005701254275,0.13253904709226225,36.35684835028175
22835,HOT WATER BOTTLE I AM SO POORLY,5148,26113.72,977,63,10,4.65,2010-09-12 14:58:00,2011-12-04 14:55:00,5.269191402251791,0.13251545042183532,36.489363800703586
47566B,TEA TIME PARTY BUNTING,5777,25691.89,753,88,13,4.65,2009-12-07 17:56:00,2011-12-04 13:20:00,7.671978751660027,0.13037485182265285,36.61973865252624
22551,PLASTERS IN TIN SPACEBOY,15242,25585.679999999997,1275,88,27,1.65,2010-03-25 12:41:00,2011-12-04 13:59:00,11.95450980392157,0.12983588357189027,36.74957453609813
48111,DOORMAT 3 SMILEY CATS,4186,25524.760000000002,702,100,11,7.95,2009-12-07 10:48:00,2011-12-04 11:45:00,5.962962962962963,0.12952674181653343,36.879101277914664
20711,JUMBO BAG TOYS,12512,25502.68,1043,102,14,2.08,2009-12-07 18:02:00,2011-12-01 16:22:00,11.996164908916587,0.12941469569115127,37.00851597360582
22507,MEMO BOARD RETROSPOT  DESIGN,5427,25388.94,887,90,15,4.95,2010-03-11 17:05:00,2011-12-04 13:00:00,6.118376550169109,0.1288375160579554,37.137353489663774
22149,FELTCRAFT 6 FLOWER FRIENDS,12286,25368.97,1361,97,18,2.1,2009-12-07 15:28:00,2011-11-10 18:46:00,9.027185892725937,0.12873617723893904,37.266089666902715
22961,JAM MAKING SET PRINTED,16321,25339.0,1172,54,26,1.45,2010-07-23 12:29:00,2011-12-04 11:24:00,13.925767918088738,0.1285840928921228,37.39467375979484
22087,PAPER BUNTING WHITE LACE,8389,25129.22,837,73,13,2.95,2009-12-07 12:19:00,2011-11-24 09:21:00,10.022700119474313,0.12751955320993685,37.52219331300478
82600,NO SINGING METAL SIGN,12340,25033.230000000003,1163,96,14,2.1,2009-12-07 12:18:00,2011-12-04 15:19:00,10.61049011177988,0.1270324468885858,37.64922575989336
84755,COLOUR GLASS T-LIGHT HOLDER HANGING,40213,25025.59,1242,102,13,0.65,2009-12-07 11:35:00,2011-12-01 16:22:00,32.37761674718197,0.12699367730534666,37.77621943719871
21080,SET/20 RED RETROSPOT PAPER NAPKINS,30593,25007.95,2080,102,21,0.85,2009-12-07 10:42:00,2011-12-04 13:32:00,14.708173076923076,0.12690416219430767,37.90312359939302
22867,HAND WARMER BIRD DESIGN,11263,24865.61,1014,38,10,2.1,2010-09-10 13:59:00,2011-12-04 15:00:00,11.107495069033531,0.12618185035160415,38.029305449744626
21108,FAIRY CAKE FLANNEL ASSORTED COLOUR,12676,24858.760000000002,586,98,17,2.55,2009-12-07 17:56:00,2011-12-04 15:19:00,21.631399317406142,0.12614708966506122,38.15545253940969
22084,PAPER CHAIN KIT EMPIRE,8684,24828.510000000002,799,89,6,2.95,2009-12-07 13:24:00,2011-09-26 13:57:00,10.868585732165206,0.1259935844434666,38.28144612385315
21481,FAWN BLUE HOT WATER BOTTLE,7947,24786.81,993,98,17,2.95,2009-12-07 10:41:00,2011-12-04 12:44:00,8.003021148036254,0.12578197559254106,38.40722809944569
37503,TEA TIME CAKE STAND IN GIFT BOX,2393,24609.18,499,33,14,10.75,2009-12-07 11:47:00,2010-08-01 10:09:00,4.7955911823647295,0.12488058278223176,38.53210868222792
23173,REGENCY TEAPOT ROSES,2732,24462.33,405,30,17,9.95,2011-05-10 10:34:00,2011-12-02 16:39:00,6.745679012345679,0.12413538470649048,38.65624406693441
20972,PINK CREAM FELT CRAFT TRINKET BOX,20216,24408.8,1356,102,18,1.25,2009-12-07 12:19:00,2011-12-04 14:40:00,14.908554572271386,0.12386374389617771,38.78010781083059
21527,RED RETROSPOT TRADITIONAL TEAPOT,3252,24199.32,801,65,15,7.95,2009-12-07 10:41:00,2011-05-15 16:02:00,4.059925093632959,0.12280072657982577,38.90290853741042
22722,SET OF 6 SPICE TINS PANTRY DESIGN,5902,24105.34,813,42,20,3.95,2010-11-11 13:24:00,2011-12-04 13:54:00,7.259532595325953,0.12232382010956247,39.02523235751998
47590A,BLUE HAPPY BIRTHDAY BUNTING,4736,24076.13,683,86,23,5.45,2009-12-10 11:39:00,2011-12-02 13:54:00,6.934114202049781,0.12217559242285901,39.14740794994284
84077,WORLD WAR 2 GLIDERS ASSTD DESIGNS,104335,24006.829999999998,992,101,15,0.29,2009-12-07 13:07:00,2011-12-02 17:06:00,105.17641129032258,0.12182392591520583,39.26923187585805
22698,PINK REGENCY TEACUP AND SAUCER,8010,23732.93,1012,62,18,2.95,2010-08-11 15:46:00,2011-12-04 15:18:00,7.91501976284585,0.12043400590876703,39.38966588176682
22728,ALARM CLOCK BAKELIKE PINK,6078,23713.72,951,62,17,3.75,2010-09-24 13:04:00,2011-12-04 13:59:00,6.391167192429022,0.12033652374986346,39.51000240551668
84836,ZINC METAL HEART DECORATION,19187,23488.87,1365,102,13,1.25,2009-12-07 11:20:00,2011-12-04 12:52:00,14.056410256410256,0.1191955105572831,39.62919791607396
22171,3 HOOK PHOTO SHELF ANTIQUE WHITE,3108,23420.83,647,99,10,8.5,2009-12-07 17:18:00,2011-12-04 12:44:00,4.80370942812983,0.1188502379861327,39.74804815406009
23243,SET OF TEA COFFEE SUGAR TINS PANTRY,4765,23281.13,458,26,20,4.95,2011-06-08 08:12:00,2011-12-04 15:19:00,10.403930131004367,0.11814132296276833,39.866189477022864
22605,WOODEN CROQUET GARDEN SET,1812,23162.53,631,84,14,12.75,2010-04-08 19:40:00,2011-12-04 14:55:00,2.8716323296354993,0.11753948100306172,39.98372895802593
21231,SWEETHEART CERAMIC TRINKET BOX,18685,23135.04,1431,94,19,1.25,2009-12-07 08:24:00,2011-12-02 11:16:00,13.057302585604472,0.11739998154713985,40.101128939573066
21790,VINTAGE SNAP CARDS,26733,23010.5,1828,102,16,0.85,2009-12-07 10:33:00,2011-12-04 14:55:00,14.62417943107221,0.1167679967439201,40.21789693631698
21314,SMALL GLASS HEART TRINKET POT,10519,22875.350000000002,1039,102,10,2.1,2009-12-07 12:32:00,2011-12-02 16:39:00,10.124157844080846,0.11608217093570469,40.33397910725269
48173C,DOORMAT BLACK FLOCK,4031,22812.14,482,94,9,7.95,2009-12-07 17:56:00,2011-12-04 11:00:00,8.363070539419088,0.11576140845448163,40.44974051570717
21955,DOORMAT UNION JACK GUNS AND ROSES,3768,22783.71,691,100,9,7.49,2009-12-07 08:13:00,2011-12-04 12:32:00,5.4529667149059335,0.11561713891894657,40.56535765462612
84406B,CREAM CUPID HEARTS COAT HANGER,7030,22748.920000000002,826,100,11,3.25,2009-12-07 11:46:00,2011-12-04 11:56:00,8.51089588377724,0.11544059522773077,40.68079824985385
22607,WOODEN ROUNDERS GARDEN SET,2511,22679.2,735,70,8,8.5,2010-04-08 19:40:00,2011-12-04 14:55:00,3.416326530612245,0.11508679740790999,40.79588504726176
22554,PLASTERS IN TIN WOODLAND ANIMALS,13477,22649.249999999996,1254,87,25,1.65,2010-03-25 12:43:00,2011-12-04 13:59:00,10.747208931419458,0.11493481455214932,40.91081986181391
21936,RED RETROSPOT PICNIC BAG,7760,22573.48,1032,101,21,2.95,2009-12-07 18:02:00,2011-12-04 16:02:00,7.51937984496124,0.11455031568800964,41.02537017750192
22625,RED KITCHEN SCALES,2586,22548.86,935,77,20,8.5,2010-05-04 12:18:00,2011-12-04 15:19:00,2.7657754010695186,0.11442538019856632,41.13979555770049
23344,JUMBO BAG 50'S CHRISTMAS,9526,22185.100000000002,671,25,12,2.08,2011-06-15 13:25:00,2011-12-04 16:07:00,14.19672131147541,0.11257946087931779,41.252375018579805
21791,VINTAGE HEADS AND TAILS CARD GAME,17004,22101.79,1258,102,23,1.25,2009-12-07 11:40:00,2011-12-04 13:45:00,13.516693163751988,0.11215669988721697,41.36453171846702
22556,PLASTERS IN TIN CIRCUS PARADE,13422,22061.85,1177,88,24,1.65,2010-03-25 12:12:00,2011-12-04 13:32:00,11.4035683942226,0.11195402224918423,41.47648574071621
22585,PACK OF 6 BIRDY GIFT TAGS,17481,21866.57,1074,90,18,1.25,2010-03-10 12:51:00,2011-12-02 16:39:00,16.276536312849164,0.11096306358230812,41.58744880429852
22499,WOODEN UNION JACK BUNTING,3573,21744.690000000002,769,95,8,5.95,2010-02-02 12:03:00,2011-12-04 12:52:00,4.64629388816645,0.11034457708948316,41.697793381388
37449,CERAMIC CAKE STAND + HANGING CAKES,2304,21603.15,462,84,15,9.95,2009-12-07 09:42:00,2011-12-02 12:07:00,4.987012987012987,0.10962632488900362,41.80741970627701
22456,NATURAL SLATE CHALKBOARD LARGE,4392,21379.23,825,88,7,4.95,2010-03-04 10:29:00,2011-12-02 13:49:00,5.323636363636363,0.10849003103050864,41.915909737307516
21210,SET OF 72 RETROSPOT PAPER  DOILIES,14865,21333.37,1131,95,25,1.45,2009-12-07 10:42:00,2011-12-02 16:39:00,13.143236074270558,0.10825731204001837,42.02416704934753
84970S,HANGING HEART ZINC T-LIGHT HOLDER,26007,21327.199999999997,1397,102,17,0.85,2009-12-07 17:56:00,2011-12-04 12:52:00,18.61632068718683,0.10822600204936583,42.132393051396896
22969,HOMEMADE JAM SCENTED CANDLES,14307,21216.129999999997,697,54,20,1.45,2010-11-21 11:28:00,2011-12-04 15:18:00,20.526542324246773,0.10766237147209252,42.24005542286899
21213,PACK OF 72 SKULL CAKE CASES,39824,21137.56,1451,102,21,0.55,2009-12-07 15:42:00,2011-12-04 15:19:00,27.445899379738112,0.10726366386016888,42.34731908672916
20749,ASSORTED COLOUR MINI CASES,2910,21062.93,747,100,21,7.95,2009-12-07 13:49:00,2011-12-04 12:02:00,3.895582329317269,0.10688494998619835,42.45420403671535
22113,GREY HEART HOT WATER BOTTLE,5507,21018.73,943,63,12,3.75,2009-12-07 11:39:00,2011-12-04 15:16:00,5.839872746553553,0.10666065475332287,42.56086469146867
23202,JUMBO BAG VINTAGE LEAF,10541,20995.43,854,31,11,2.08,2011-05-06 15:40:00,2011-12-04 16:07:00,12.343091334894613,0.10654241767354915,42.667407109142225
22570,FELTCRAFT CUSHION RABBIT,5631,20901.1,807,85,13,3.75,2010-03-10 09:30:00,2011-11-18 14:14:00,6.977695167286245,0.10606373510981283,42.77347084425204
23209,LUNCH BAG VINTAGE DOILY,12829,20851.37,1070,31,16,1.65,2011-05-08 11:08:00,2011-12-04 13:59:00,11.989719626168224,0.10581137760006404,42.8792822218521
22424,ENAMEL BREAD BIN CREAM,1515,20622.92,726,81,10,12.75,2010-05-16 11:35:00,2011-12-04 15:19:00,2.0867768595041323,0.1046520960174757,42.983934317869576
22941,CHRISTMAS LIGHTS 10 REINDEER,2498,20599.010000000002,462,31,14,8.5,2010-10-21 10:47:00,2011-12-04 15:35:00,5.406926406926407,0.1045307634605062,43.088465081330085
23206,LUNCH BAG APPLE DESIGN,12028,20514.66,1015,34,18,1.65,2011-04-11 16:47:00,2011-12-04 15:19:00,11.85024630541872,0.10410272493351418,43.1925678062636
AMAZONFEE,AMAZON FEE,3,20467.8,3,3,1,6706.71,2010-11-08 10:11:00,2011-03-28 11:57:00,1.0,0.10386493139024393,43.29643273765384
21218,RED SPOTTY BISCUIT TIN,5166,20346.25,869,102,19,3.75,2009-12-08 13:08:00,2011-12-02 14:48:00,5.944764096662831,0.10324811949983635,43.399680857153676
48116,DOORMAT MULTICOLOUR STRIPE,3403,20276.84,479,86,8,7.49,2009-12-07 18:02:00,2011-11-30 14:46:00,7.104384133611691,0.10289589479137737,43.50257675194506
22356,CHARLOTTE BAG PINK POLKADOT,19451,20210.01,1545,102,18,0.85,2009-12-07 11:35:00,2011-12-04 16:07:00,12.589644012944984,0.10255676242909074,43.605133514374145
22693,GROW A FLYTRAP OR SUNFLOWER IN TIN,17644,20198.06,344,67,12,1.25,2010-08-05 15:01:00,2011-12-02 16:39:00,51.2906976744186,0.10249612152336991,43.70762963589752
22617,BAKING SET SPACEBOY DESIGN,4181,20159.61,926,89,23,4.95,2010-03-14 16:18:00,2011-12-04 12:02:00,4.515118790496761,0.10230100496897934,43.8099306408665
22568,FELTCRAFT CUSHION OWL,5455,20154.97,872,90,10,3.75,2010-03-10 09:30:00,2011-11-28 15:54:00,6.2557339449541285,0.1022774590440802,43.91220809991058
22569,FELTCRAFT CUSHION BUTTERFLY,5521,20104.43,784,85,10,3.75,2010-03-10 09:30:00,2011-10-25 09:31:00,7.042091836734694,0.10202099114657959,44.01422909105716
22632,HAND WARMER RED RETROSPOT,10087,20099.820000000003,752,31,9,2.1,2010-09-20 15:33:00,2011-12-04 13:54:00,13.413563829787234,0.10199759745826385,44.116226688515425
21559,STRAWBERRY LUNCH BOX WITH CUTLERY,8145,20081.94,1196,102,18,2.55,2009-12-07 13:24:00,2011-12-04 12:32:00,6.8102006688963215,0.10190686445455764,44.21813355296998
21258,VICTORIAN SEWING BOX LARGE,1412,20060.98,498,71,8,12.75,2009-12-07 13:49:00,2011-12-02 16:39:00,2.8353413654618476,0.1018005018282891,44.31993405479827
85048,15CM CHRISTMAS GLASS BALL 20 LIGHTS,2554,20021.8,486,58,7,7.95,2009-12-07 08:24:00,2011-12-04 14:01:00,5.255144032921811,0.10160168085036916,44.42153573564864
22294,HEART FILIGREE DOVE  SMALL,16000,19826.32,830,101,11,1.25,2009-12-07 11:40:00,2011-12-01 15:56:00,19.27710843373494,0.10060970727293705,44.52214544292158
20723,STRAWBERRY CHARLOTTE BAG,17960,19814.04,1353,102,15,0.85,2009-12-07 09:18:00,2011-12-04 14:51:00,13.27420546932742,0.1005473917647988,44.622692834686376
85150,LADIES & GENTLEMEN METAL SIGN,8189,19761.92,1073,87,12,2.55,2009-12-07 12:18:00,2011-12-04 15:19:00,7.631873252562908,0.1002829060739058,44.72297574076028
21216,"SET 3 RETROSPOT TEA,COFFEE,SUGAR",3806,19738.7,781,96,19,4.95,2009-12-07 15:27:00,2011-12-04 15:19:00,4.873239436619718,0.10016507495835449,44.82314081571864
22381,TOY TIDY PINK POLKADOT,9247,19563.01,1093,97,19,2.1,2010-01-24 13:46:00,2011-12-04 16:07:00,8.460201280878316,0.09927352678043833,44.922414342499074
22273,FELTCRAFT DOLL MOLLY,7143,19522.23,774,101,16,2.95,2009-12-07 12:19:00,2011-12-04 15:13:00,9.228682170542635,0.09906658651807042,45.021480929017144
85014A,BLACK/BLUE POLKADOT UMBRELLA,3945,19504.170000000002,658,100,16,5.95,2009-12-07 08:13:00,2011-12-04 15:00:00,5.995440729483283,0.09897494009486385,45.12045586911201
22900,SET 2 TEA TOWELS I LOVE LONDON,6026,19375.7,704,62,11,3.25,2010-09-24 16:06:00,2011-12-02 16:39:00,8.559659090909092,0.09832301229921873,45.218778881411225
21622,VINTAGE UNION JACK CUSHION COVER,3583,19318.14,602,92,13,4.95,2009-12-07 12:32:00,2011-12-02 12:36:00,5.951827242524917,0.09803092104120262,45.316809802452426
48129,DOORMAT TOPIARY,3087,19311.33,527,99,10,7.95,2009-12-07 09:42:00,2011-12-04 15:35:00,5.857685009487666,0.0979963633367709,45.414806165789194
22427,ENAMEL FLOWER JUG CREAM,3210,19273.280000000002,798,70,11,5.95,2010-05-14 15:14:00,2011-11-28 14:26:00,4.022556390977444,0.09780327660349235,45.51260944239269
22561,WOODEN SCHOOL COLOURING SET,11467,19246.64,891,88,18,1.65,2010-03-25 11:28:00,2011-12-02 10:47:00,12.869809203142536,0.09766809051743346,45.61027753291012
22558,CLOTHES PEGS RETROSPOT PACK 24,13555,19114.43,1186,70,17,1.49,2010-04-14 13:39:00,2011-12-04 12:52:00,11.429173693086003,0.0969971838943912,45.707274716804505
84997A,GREEN 3 PIECE MINI DOTS CUTLERY SET,5112,19109.04,571,91,19,3.75,2009-12-07 15:15:00,2011-12-02 13:52:00,8.952714535901926,0.09696983205490707,45.804244548859415
21174,POTTERING IN THE SHED METAL SIGN,9438,18997.829999999998,1094,102,5,2.08,2009-12-07 18:02:00,2011-12-04 15:19:00,8.627056672760512,0.09640549104024457,45.90065003989966
21340,CLASSIC METAL BIRDCAGE PLANT HOLDER,1739,18939.67,408,76,13,12.75,2009-12-07 16:56:00,2011-12-04 15:18:00,4.262254901960785,0.09611035505056044,45.99676039495022
22952,60 CAKE CASES VINTAGE CHRISTMAS,32435,18874.3,1113,50,19,0.55,2010-09-17 15:04:00,2011-12-04 15:13:00,29.141958670260557,0.09577863153533263,46.092539026485554
22169,FAMILY ALBUM WHITE PICTURE FRAME,2203,18864.45,681,97,11,8.5,2009-12-07 17:56:00,2011-12-04 13:00:00,3.234948604992658,0.09572864719044974,46.188267673676
21908,CHOCOLATE THIS WAY METAL SIGN,9535,18782.2,948,102,16,2.1,2009-12-07 13:45:00,2011-12-04 13:32:00,10.058016877637131,0.0953112652242957,46.2835789389003
71053,WHITE METAL LANTERN,4740,18751.18,710,102,7,3.75,2009-12-07 17:56:00,2011-12-01 17:51:00,6.676056338028169,0.09515385259706047,46.378732791497356
22555,PLASTERS IN TIN STRONGMAN,11454,18508.809999999998,952,88,24,1.65,2010-03-25 12:12:00,2011-12-04 13:55:00,12.031512605042018,0.0939239332397747,46.47265672473713
22061,LARGE CAKE STAND  HANGING STRAWBERY,1984,18396.97,497,97,13,9.95,2009-12-08 07:59:00,2011-12-04 12:14:00,3.9919517102615694,0.09335639525686082,46.56601311999399
84949,SILVER HANGING T-LIGHT HOLDER,11479,18302.739999999998,673,100,7,1.65,2009-12-07 12:12:00,2011-12-04 14:01:00,17.056463595839524,0.09287822014840251,46.65889134014239
84947,ANTIQUE SILVER TEA GLASS ENGRAVED,15478,18296.32,656,101,5,1.25,2009-12-07 11:05:00,2011-12-04 14:55:00,23.59451219512195,0.092845641519555,46.75173698166194
22847,BREAD BIN DINER STYLE IVORY,1152,18251.649999999998,477,50,19,16.95,2010-10-14 09:44:00,2011-12-04 15:19:00,2.4150943396226414,0.09261896124687291,46.84435594290881
21121,SET/10 RED POLKADOT PARTY CANDLES,14981,18148.88,857,102,20,1.25,2009-12-07 15:42:00,2011-12-04 11:45:00,17.480746791131857,0.09209744945767354,46.93645339236649
21035,SET/2 RED RETROSPOT TEA TOWELS,5823,18129.66,907,102,17,3.25,2009-12-07 17:56:00,2011-12-04 12:52:00,6.4200661521499445,0.09199991655324216,47.02845330891973
22505,MEMO BOARD COTTAGE DESIGN,3761,17957.71,739,90,23,4.95,2010-03-10 14:50:00,2011-12-04 15:19:00,5.089309878213802,0.09112734720272317,47.11958065612245
22041,"RECORD FRAME 7"" SINGLE SIZE",7126,17673.59,541,99,5,2.55,2009-12-10 09:49:00,2011-12-02 16:39:00,13.171903881700555,0.08968556526687291,47.20926622138933
22147,FELTCRAFT BUTTERFLY HEARTS,12620,17594.2,1112,101,15,1.45,2009-12-07 12:19:00,2011-12-01 11:18:00,11.348920863309353,0.08928269652166963,47.298548917911
21430,SET/3 RED GINGHAM ROSE STORAGE BOX,4502,17516.08,780,78,18,3.75,2009-12-07 13:32:00,2011-12-02 12:24:00,5.771794871794872,0.08888627245849696,47.387435190369494
84945,MULTI COLOUR SILVER T-LIGHT HOLDER,21305,17480.31,637,90,11,0.85,2009-12-22 15:12:00,2011-12-04 13:00:00,33.445839874411305,0.08870475570555679,47.47613994607505
22297,HEART IVORY TRELLIS SMALL,13526,17451.41,949,102,9,1.25,2009-12-07 11:05:00,2011-12-04 14:01:00,14.252897787144363,0.08855810113021512,47.56469804720527
84467,ENGLISH ROSE DESIGN QUILTED THROW,815,17437.71,82,16,4,25.49,2009-12-10 12:10:00,2010-07-27 08:57:00,9.939024390243903,0.08848857975712927,47.653186626962395
21484,CHICK GREY HOT WATER BOTTLE,4399,17394.98,823,94,13,3.45,2009-12-07 11:39:00,2011-12-04 14:51:00,5.345078979343864,0.08827174411684037,47.74145837107923
22352,LUNCH BOX WITH CUTLERY RETROSPOT,6895,17336.29,1085,102,16,2.55,2009-12-07 08:13:00,2011-12-02 10:47:00,6.354838709677419,0.08797391861418286,47.829432289693415
22776,SWEETHEART CAKESTAND 3 TIER,1692,17291.18,680,59,13,9.95,2010-10-17 11:20:00,2011-12-04 12:31:00,2.488235294117647,0.08774500553827759,47.917177295231696
22557,PLASTERS IN TIN VINTAGE PAISLEY,10278,17226.55,1109,88,29,1.65,2010-03-25 13:16:00,2011-12-04 14:55:00,9.2678088367899,0.08741703719210694,48.0045943324238
21914,BLUE HARMONICA IN BOX,12589,17211.01,921,90,17,1.25,2010-01-25 15:38:00,2011-12-04 14:55:00,13.668838219326819,0.08733817864190592,48.09193251106571
22366,DOORMAT AIRMAIL,2536,17209.3,566,98,20,7.95,2010-01-04 16:11:00,2011-11-28 12:33:00,4.480565371024735,0.08732950115665215,48.17926201222236
21136,PAINTED METAL PEARS ASSORTED,10341,17129.36,725,101,12,1.69,2009-12-07 11:20:00,2011-12-04 11:50:00,14.26344827586207,0.08692384140741989,48.26618585362978
22633,HAND WARMER UNION JACK,8277,17012.120000000003,824,34,7,2.1,2010-10-07 09:12:00,2011-12-04 13:59:00,10.044902912621358,0.08632890083949407,48.352514754469276
20718,RED RETROSPOT SHOPPER BAG,12924,16913.93,1177,102,18,1.25,2009-12-07 08:53:00,2011-12-04 13:59:00,10.980458793542907,0.08583063050202701,48.4383453849713
84992,72 SWEETHEART FAIRY CAKE CASES,34134,16912.65,1419,102,20,0.55,2009-12-07 17:56:00,2011-12-04 15:19:00,24.054968287526428,0.08582413507446864,48.52416952004577
22560,TRADITIONAL MODELLING CLAY,13888,16803.3,730,88,12,1.25,2010-03-25 12:41:00,2011-12-04 13:32:00,19.024657534246575,0.08526923272797692,48.60943875277374
22652,TRAVEL SEWING KIT,9910,16794.05,830,70,26,1.65,2010-07-18 12:20:00,2011-11-15 16:38:00,11.939759036144578,0.08522229311476202,48.6946610458885
22654,DELUXE SEWING KIT,2509,16771.27,584,71,14,5.95,2010-07-19 11:59:00,2011-12-02 16:39:00,4.296232876712328,0.0851066948024339,48.779767740690936
47591D,PINK FAIRY CAKE CHILDRENS APRON,9017,16749.77,1105,98,23,1.95,2009-12-07 09:42:00,2011-12-04 11:45:00,8.160180995475113,0.08499759191766414,48.8647653326086
84970L,SINGLE HEART ZINC T-LIGHT HOLDER,16981,16687.42,1057,101,16,0.95,2009-12-07 11:55:00,2011-12-04 13:20:00,16.06527909176916,0.08468119355183186,48.94944652616043
21889,WOODEN BOX OF DOMINOES,12502,16660.23,1080,102,16,1.25,2009-12-07 10:33:00,2011-12-04 14:15:00,11.575925925925926,0.084543216461744,49.033989742622175
21535,RED RETROSPOT SMALL MILK JUG,6688,16591.64,1088,101,14,2.55,2009-12-07 10:46:00,2011-12-04 11:24:00,6.147058823529412,0.0841951528865646,49.11818489550874
21156,RETROSPOT CHILDRENS APRON,8919,16575.22,900,101,23,1.95,2009-12-07 08:53:00,2011-12-04 16:07:00,9.91,0.08411182872991718,49.20229672423866
23240,SET OF 4 KNICK KNACK TINS DOILY,4046,16459.16,514,26,24,4.15,2011-06-07 13:10:00,2011-12-04 13:54:00,7.871595330739299,0.08352287613427174,49.28581960037293
22837,HOT WATER BOTTLE BABUSHKA,3534,16455.18,450,31,9,4.65,2010-10-06 16:17:00,2011-09-25 14:37:00,7.8533333333333335,0.0835026794142074,49.36932227978714
21533,RETRO SPOT LARGE MILK JUG,3295,16360.95,931,102,17,4.95,2009-12-07 14:10:00,2011-12-02 14:48:00,3.539205155746509,0.0830245043057491,49.45234678409289
21164,HOME SWEET HOME METAL SIGN,5876,16310.730000000001,699,102,17,2.95,2009-12-08 12:48:00,2011-12-04 11:56:00,8.406294706723891,0.0827696602651381,49.535116444358025
22487,WHITE WOOD GARDEN PLANT LADDER,1617,16236.05,889,89,17,9.95,2010-03-05 16:02:00,2011-12-01 16:22:00,1.8188976377952757,0.08239069266352857,49.617507137021555
22662,LUNCH BAG DOLLY GIRL DESIGN,9898,16118.72,985,71,17,1.65,2010-07-19 12:22:00,2011-12-04 13:59:00,10.048730964467005,0.08179529538585255,49.69930243240741
21155,RED RETROSPOT PEG BAG,6570,16069.55,951,92,12,2.55,2009-12-07 15:26:00,2011-12-04 12:52:00,6.908517350157728,0.08154577962566052,49.78084821203307
22191,IVORY DINER WALL CLOCK,1945,16012.79,610,85,13,8.5,2009-12-07 13:59:00,2011-12-02 12:24:00,3.1885245901639343,0.08125774800986839,49.86210596004294
72760B,VINTAGE CREAM 3 BASKET CAKE STAND,1657,15979.369999999999,475,87,14,9.95,2009-12-07 11:46:00,2011-12-04 10:29:00,3.488421052631579,0.08108815645596118,49.9431941164989
22993,SET OF 4 PANTRY JELLY MOULDS,12242,15974.33,1044,42,19,1.25,2011-02-16 15:13:00,2011-12-04 13:54:00,11.726053639846743,0.08106258070995004,50.02425669720885
22759,SET OF 3 NOTEBOOKS IN PARCEL,9380,15866.559999999998,795,69,20,1.65,2010-08-08 12:43:00,2011-11-30 11:08:00,11.79874213836478,0.08051569615685068,50.1047723933657
22692,DOORMAT WELCOME TO OUR HOME,2121,15816.93,597,71,16,7.95,2010-06-28 13:53:00,2011-12-04 13:54:00,3.5527638190954773,0.08026384610237988,50.18503623946808
22634,CHILDS BREAKFAST SET SPACEBOY,1673,15787.289999999999,491,80,20,9.95,2010-05-20 09:27:00,2011-12-02 14:25:00,3.4073319755600813,0.08011343635798103,50.265149675826066
22413,METAL SIGN TAKE IT OR LEAVE IT,5540,15772.840000000002,874,96,20,2.95,2010-01-29 13:52:00,2011-12-04 13:32:00,6.338672768878719,0.08004010907031021,50.34518978489638
22296,HEART IVORY TRELLIS LARGE,9546,15731.989999999998,811,91,10,1.65,2009-12-08 10:02:00,2011-12-04 14:01:00,11.770653514180024,0.07983281358924767,50.425022598485626
22635,CHILDS BREAKFAST SET DOLLY GIRL,1653,15725.359999999999,480,77,21,9.95,2010-05-20 09:27:00,2011-12-02 13:12:00,3.44375,0.07979916930431634,50.50482176778994
22193,RED DINER WALL CLOCK,1864,15661.220000000001,598,76,16,8.5,2009-12-07 17:56:00,2011-12-04 10:10:00,3.117056856187291,0.0794736874890079,50.58429545527895
22690,DOORMAT HOME SWEET HOME BLUE,2507,15658.3,430,69,15,7.95,2010-06-28 13:53:00,2011-12-04 10:11:00,5.830232558139535,0.07945886979489034,50.66375432507384
21877,HOME SWEET HOME MUG,13775,15576.960000000001,727,100,13,1.25,2009-12-08 13:38:00,2011-12-02 12:36:00,18.947730398899587,0.07904610567176609,50.7428004307456
22367,CHILDRENS APRON SPACEBOY DESIGN,7965,15536.619999999999,1131,99,23,1.95,2010-01-10 11:08:00,2011-12-04 12:44:00,7.042440318302387,0.07884139821262137,50.82164182895823
22333,RETROSPOT PARTY BAG + STICKER SET,9949,15506.0,683,101,22,1.65,2009-12-07 10:41:00,2011-11-28 13:56:00,14.566617862371888,0.07868601540649812,50.900327844364725
79323W,WHITE CHERRY LIGHTS,2564,15407.240000000002,304,23,5,6.75,2009-12-07 08:13:00,2010-09-16 09:07:00,8.43421052631579,0.0781848525739465,50.97851269693867
84375,SET OF 20 KIDS COOKIE CUTTERS,7432,15375.720000000001,767,94,17,2.1,2009-12-07 12:19:00,2011-12-04 14:55:00,9.689700130378096,0.07802490267032125,51.056537599608994
21891,TRADITIONAL WOODEN SKIPPING ROPE,11941,15241.02,800,92,17,1.25,2009-12-07 12:42:00,2011-12-04 12:08:00,14.92625,0.07734136041085683,51.13387896001985
22365,DOORMAT RESPECTABLE HOUSE,2324,15225.92,439,97,14,7.95,2010-01-04 16:11:00,2011-12-04 14:55:00,5.29384965831435,0.07726473466387901,51.21114369468373
22170,PICTURE FRAME WOOD TRIPLE PORTRAIT,2316,15178.52,559,95,9,6.75,2009-12-07 12:08:00,2011-12-04 13:00:00,4.143112701252236,0.07702420086210757,51.28816789554583
21094,SET/6 RED SPOTTY PAPER PLATES,19418,15171.98,972,102,19,0.85,2009-12-10 09:49:00,2011-12-01 16:22:00,19.977366255144034,0.07699101328692645,51.36515890883276
22940,FELTCRAFT CHRISTMAS FAIRY,3462,15131.28,573,47,14,4.25,2010-09-06 12:04:00,2011-12-04 14:40:00,6.041884816753926,0.07678447898878092,51.44194338782154
21844,RED RETROSPOT MUG,5310,15115.92,483,99,13,2.95,2009-12-07 18:02:00,2011-11-29 16:47:00,10.993788819875776,0.07670653385808031,51.51864992167962
22173,METAL 4 HOOK HANGER FRENCH CHATEAU,4938,15089.0,970,81,12,2.95,2009-12-07 17:56:00,2011-12-02 14:48:00,5.090721649484536,0.07656992689724303,51.59521984857686
84378,SET OF 3 HEART COOKIE CUTTERS,11442,15077.57,1218,102,17,1.25,2009-12-07 17:56:00,2011-12-04 11:45:00,9.394088669950738,0.07651192475896776,51.67173177333583
35004C,SET OF 3 COLOURED  FLYING DUCKS,2884,15066.43,345,62,5,5.45,2009-12-07 08:24:00,2011-03-07 14:33:00,8.359420289855073,0.07645539424099869,51.74818716757683
22749,FELTCRAFT PRINCESS CHARLOTTE DOLL,3673,15026.87,669,63,15,3.75,2010-09-08 10:54:00,2011-12-04 14:40:00,5.490284005979073,0.07625464493302235,51.82444181250985
22946,WOODEN ADVENT CALENDAR CREAM,974,15026.67,274,43,12,16.95,2010-09-16 12:27:00,2011-12-04 12:44:00,3.5547445255474455,0.07625363002246635,51.90069544253232
21975,PACK OF 60 DINOSAUR CAKE CASES,30938,15026.12,1277,102,24,0.55,2009-12-07 15:02:00,2011-12-04 11:45:00,24.227094753328114,0.07625083901843736,51.97694628155075
22619,SET OF 6 SOLDIER SKITTLES,3856,15008.4,689,82,24,3.75,2010-05-07 08:49:00,2011-12-04 16:07:00,5.596516690856314,0.07616091794317596,52.05310719949393
85232B,SET/3 RUSSIAN DOLL STACKING TINS,2997,14999.410000000002,521,55,15,4.95,2009-12-07 13:35:00,2011-02-11 13:53:00,5.752399232245681,0.07611529771368389,52.129222497207614
23301,GARDENERS KNEELING PAD KEEP CALM,8258,14996.46,867,30,9,1.65,2011-05-15 11:43:00,2011-12-04 15:19:00,9.52479815455594,0.07610032778298291,52.205322824990596
21165,BEWARE OF THE CAT METAL SIGN,9236,14922.64,944,98,16,1.69,2009-12-07 13:45:00,2011-12-04 11:45:00,9.783898305084746,0.07572572429676418,52.28104854928736
22909,SET OF 20 VINTAGE CHRISTMAS NAPKINS,16640,14823.24,1052,51,18,0.85,2010-09-16 16:15:00,2011-12-04 15:28:00,15.817490494296578,0.07522131375043334,52.356269863037795
22606,WOODEN SKITTLES GARDEN SET,1065,14818.14,372,78,9,15.95,2010-04-08 19:40:00,2011-11-21 12:59:00,2.8629032258064515,0.07519543353125539,52.43146529656905
23313,VINTAGE CHRISTMAS BUNTING,2796,14779.08,373,21,9,4.95,2011-07-12 15:15:00,2011-12-04 15:13:00,7.49597855227882,0.07499722149966906,52.50646251806872
17003,BROCADE RING PURSE,69909,14617.74,441,96,7,0.25,2009-12-07 17:56:00,2011-12-04 13:00:00,158.52380952380952,0.07417849315414575,52.580641011222866
21122,SET/10 PINK POLKADOT PARTY CANDLES,12029,14616.04,785,100,21,1.25,2009-12-07 15:42:00,2011-11-30 14:40:00,15.323566878980891,0.07416986641441976,52.65481087763729
35970,ZINC FOLKART SLEIGH BELLS,8171,14591.18,666,74,11,1.69,2010-03-19 13:41:00,2011-12-04 14:55:00,12.26876876876877,0.07404371303230926,52.7288545906696
82582,AREA PATROLLED METAL SIGN,7206,14562.02,766,95,8,2.1,2009-12-07 12:18:00,2011-12-04 13:00:00,9.407310704960835,0.0738957390732448,52.80275032974284
22730,ALARM CLOCK BAKELIKE IVORY,3629,14554.32,729,62,12,3.75,2010-09-24 12:05:00,2011-12-04 14:51:00,4.978052126200274,0.0738566650168389,52.87660699475968
21770,OPEN CLOSED METAL SIGN,2942,14549.29,629,63,21,4.95,2009-12-08 12:54:00,2011-12-04 11:56:00,4.677265500794912,0.07383114001635555,52.950438134776036
21380,WOODEN HAPPY BIRTHDAY GARLAND,4980,14442.87,644,101,18,2.95,2009-12-08 13:19:00,2011-12-02 10:22:00,7.732919254658385,0.0732911061095092,53.023729240885544
22485,SET OF 2 WOODEN MARKET CRATES,1077,14415.039999999999,417,90,16,12.75,2010-03-05 11:31:00,2011-12-01 14:58:00,2.58273381294964,0.07314988130564212,53.09687912219118
20748,KENSINGTON COFFEE SET,1592,14164.980000000001,176,65,6,12.75,2009-12-07 14:58:00,2011-11-28 13:06:00,9.045454545454545,0.07188093863747827,53.16876006082866
21672,WHITE SPOT RED CERAMIC DRAWER KNOB,10951,14163.58,801,99,13,1.25,2009-12-07 13:35:00,2011-12-04 15:38:00,13.671660424469414,0.07187383426358628,53.240633895092245
84050,PINK HEART SHAPE EGG FRYING PAN,9589,14145.0,703,95,19,1.65,2009-12-07 09:18:00,2011-11-01 10:30:00,13.640113798008535,0.07177954907293409,53.31241344416518
23200,JUMBO BAG PEARS,7022,14076.91,583,31,13,2.08,2011-05-06 15:40:00,2011-12-04 13:59:00,12.04459691252144,0.07143402277414469,53.38384746693932
21169,YOU'RE CONFUSING ME METAL SIGN,8728,14035.85,756,82,9,1.69,2009-12-08 15:49:00,2011-12-04 12:48:00,11.544973544973544,0.07122566163699837,53.45507312857632
22804,CANDLEHOLDER PINK HANGING HEART,5235,13984.900000000001,663,62,10,2.95,2010-09-23 11:21:00,2011-12-04 13:59:00,7.895927601809955,0.07096711317285798,53.52604024174918
21912,VINTAGE SNAKES & LADDERS,3574,13984.14,787,102,19,3.75,2009-12-07 15:15:00,2011-12-04 14:55:00,4.5412960609911055,0.07096325651274518,53.59700349826193
22236,CAKE STAND 3 TIER MAGIC GARDEN,1127,13965.519999999999,421,89,17,12.75,2009-12-10 10:17:00,2011-11-23 16:34:00,2.676959619952494,0.07086876833998179,53.66787226660191
22150,3 STRIPEY MICE FELTCRAFT,7537,13934.16,895,101,12,1.95,2009-12-07 10:42:00,2011-12-04 15:54:00,8.42122905027933,0.07070963036480137,53.738581896966714
22444,GROW YOUR OWN PLANT IN A CAN,10132,13856.6,453,54,17,1.25,2010-03-23 11:41:00,2011-05-19 10:47:00,22.36644591611479,0.07031604805118548,53.8088979450179
22627,MINT KITCHEN SCALES,1571,13762.17,637,72,18,8.5,2010-05-04 10:02:00,2011-12-04 10:35:00,2.466248037676609,0.06983685803217118,53.878734803050065
22179,SET 10 LIGHTS NIGHT OWL,1936,13757.84,547,98,10,6.75,2009-12-07 16:40:00,2011-12-04 13:32:00,3.539305301645338,0.06981488521863383,53.9485496882687
84380,SET OF 3 BUTTERFLY COOKIE CUTTERS,10183,13732.37,1081,102,16,1.25,2009-12-07 17:56:00,2011-12-04 11:45:00,9.419981498612396,0.06968563635932754,54.01823532462802
21668,RED STRIPE CERAMIC DRAWER KNOB,10203,13682.59,805,95,12,1.25,2009-12-07 17:56:00,2011-12-04 14:51:00,12.674534161490683,0.06943302512193972,54.08766834974996
21669,BLUE STRIPE CERAMIC DRAWER KNOB,10386,13594.26,791,90,14,1.25,2009-12-07 13:35:00,2011-12-04 15:38:00,13.130214917825537,0.06898478987488335,54.156653139624844
47556B,TEA TIME TEA TOWELS,5160,13566.98,436,51,8,2.95,2009-12-07 12:26:00,2011-04-18 13:20:00,11.8348623853211,0.06884635607504527,54.225499495699886
22295,HEART FILIGREE DOVE LARGE,8187,13493.679999999998,681,92,9,1.65,2009-12-07 13:06:00,2011-12-04 12:52:00,12.022026431718063,0.06847439135627212,54.29397388705616
21259,VICTORIAN SEWING BOX SMALL,2241,13488.41,636,102,10,5.95,2009-12-07 11:29:00,2011-12-04 15:00:00,3.5235849056603774,0.0684476484631216,54.36242153551928
21888,BINGO SET,3427,13429.43,799,102,19,3.75,2009-12-07 15:15:00,2011-12-04 14:15:00,4.289111389236545,0.06814835134015788,54.43056988685944
21390,FILIGRIS HEART WITH BUTTERFLY,10821,13404.12,578,101,9,1.25,2009-12-08 15:00:00,2011-12-04 14:01:00,18.72145328719723,0.06801991440929638,54.498589801268736
22271,FELTCRAFT DOLL ROSIE,4684,13401.6,765,98,16,2.95,2009-12-07 13:07:00,2011-11-25 08:55:00,6.122875816993464,0.0680071265362908,54.56659692780503
21257,VICTORIAN SEWING BOX MEDIUM,1501,13398.03,512,100,9,7.95,2009-12-07 11:29:00,2011-12-04 12:18:00,2.931640625,0.06798901038286626,54.6345859381879
22636,CHILDS BREAKFAST SET CIRCUS PARADE,1609,13352.4,485,77,18,8.5,2010-05-20 11:19:00,2011-12-04 12:02:00,3.3175257731958765,0.06775745853951538,54.702343396727414
22621,TRADITIONAL KNITTING NANCY,8489,13338.909999999998,848,79,16,1.65,2010-05-06 18:01:00,2011-12-02 16:39:00,10.01061320754717,0.06768900282251333,54.770032399549926
21539,RED RETROSPOT BUTTER DISH,2689,13334.380000000001,695,98,11,4.95,2009-12-07 13:48:00,2011-11-01 14:54:00,3.869064748201439,0.06766601509842,54.837698414648344
C2,CARRIAGE,266,13326.0,265,90,4,50.0,2009-12-07 09:25:00,2011-12-01 17:51:00,1.0037735849056604,0.0676234903461237,54.905321904994466
22667,RECIPE BOX RETROSPOT,4715,13231.650000000001,832,66,18,2.95,2010-07-09 17:17:00,2011-12-04 12:52:00,5.6670673076923075,0.06714470629133182,54.972466611285796
15044A,PINK PAPER PARASOL,4962,13202.11,248,80,8,2.95,2009-12-07 11:46:00,2011-12-02 16:39:00,20.008064516129032,0.06699480400221094,55.03946141528801
21871,SAVE THE PLANET MUG,11160,13186.57,748,93,12,1.25,2009-12-07 14:02:00,2011-12-02 16:39:00,14.919786096256685,0.06691594545200993,55.10637736074002
22584,PACK OF 6 PANNETONE GIFT BOXES,5181,13176.0,582,88,17,2.55,2010-03-10 12:51:00,2011-12-01 15:32:00,8.902061855670103,0.06686230742912545,55.173239668169145
23207,LUNCH BAG ALPHABET DESIGN,7748,13173.71,724,34,13,1.65,2011-04-11 16:47:00,2011-12-04 15:19:00,10.701657458563536,0.06685068670325929,55.24009035487241
23077,DOUGHNUT LIP GLOSS,9930,13108.47,327,37,15,1.25,2011-03-24 08:44:00,2011-12-04 13:45:00,30.36697247706422,0.06651962287989285,55.3066099777523
75049L,LARGE CIRCULAR MIRROR MOBILE,13914,13086.3,339,79,1,1.25,2009-12-09 11:40:00,2011-12-02 12:52:00,41.04424778761062,0.06640712004476051,55.37301709779706
21704,BAG 250g SWIRLY MARBLES,17007,13078.619999999999,545,96,12,0.85,2009-12-07 10:33:00,2011-12-04 10:56:00,31.205504587155964,0.0663681474794102,55.43938524527647
22838,3 TIER CAKE TIN RED AND CREAM,914,13044.38,265,49,13,14.95,2010-10-14 12:49:00,2011-12-02 14:48:00,3.449056603773585,0.0661943947922234,55.505579640068696
23108,SET OF 10 LED DOLLY LIGHTS,2176,13013.46,359,30,18,6.25,2011-05-11 10:18:00,2011-12-02 16:39:00,6.061281337047354,0.06603748962026616,55.57161712968896
21673,WHITE SPOT BLUE CERAMIC DRAWER KNOB,9854,12998.55,748,102,14,1.25,2009-12-07 13:35:00,2011-12-02 10:07:00,13.17379679144385,0.06596182803831654,55.63757895772728
22846,BREAD BIN DINER STYLE RED,810,12977.55,338,55,20,16.95,2010-10-14 13:38:00,2011-12-04 15:54:00,2.396449704142012,0.06585526242993678,55.70343422015721
20676,RED RETROSPOT BOWL,10344,12932.050000000001,945,102,22,1.25,2009-12-07 08:53:00,2011-12-02 16:39:00,10.946031746031746,0.06562437027844732,55.76905859043566
22580,ADVENT CALENDAR GINGHAM SACK,2273,12916.210000000001,487,45,16,5.95,2010-07-20 14:22:00,2011-12-02 16:39:00,4.66735112936345,0.0655439893624123,55.83460257979807
22088,PAPER BUNTING COLOURED LACE,4330,12889.33,612,79,15,2.95,2009-12-07 12:19:00,2011-07-06 10:41:00,7.07516339869281,0.06540758538368623,55.90001016518176
22553,PLASTERS IN TIN SKULLS,7712,12854.889999999998,1073,88,23,1.65,2010-03-25 13:16:00,2011-12-04 13:59:00,7.187325256290774,0.0652328177859434,55.9652429829677
21906,PHARMACIE FIRST AID TIN,1782,12845.92,421,92,19,6.75,2010-01-29 13:53:00,2011-12-02 16:39:00,4.232779097387174,0.06518729904750693,56.03043028201521
22655,VINTAGE RED KITCHEN CABINET,76,12845.0,53,31,3,125.0,2010-07-12 10:43:00,2011-11-01 15:06:00,1.4339622641509433,0.06518263045894934,56.09561291247416
35400,WOODEN BOX ADVENT CALENDAR,1352,12785.85,388,30,8,8.95,2009-12-07 17:56:00,2011-11-23 14:35:00,3.484536082474227,0.06488247066201304,56.16049538313617
22766,PHOTO FRAME CORNICE,4338,12773.02,631,60,9,2.95,2010-10-10 12:45:00,2011-12-04 13:15:00,6.874801901743265,0.06481736414984579,56.22531274728602
23343,JUMBO BAG VINTAGE CHRISTMAS,5524,12766.1,449,25,11,2.08,2011-06-13 11:33:00,2011-12-04 16:08:00,12.302895322939866,0.06478224824460826,56.29009499553063
22207,FRYING PAN UNION FLAG,2971,12712.21,453,98,7,4.25,2009-12-07 13:35:00,2011-11-30 15:13:00,6.558498896247241,0.0645087805952947,56.35460377612593
22947,WOODEN ADVENT CALENDAR RED,1011,12704.15,209,33,12,16.63,2010-09-16 12:27:00,2011-11-30 15:33:00,4.837320574162679,0.06446787969988799,56.41907165582582
23356,LOVE HOT WATER BOTTLE,2255,12700.460000000001,447,15,9,5.95,2011-08-22 12:52:00,2011-12-04 14:55:00,5.0447427293064875,0.06444915460012983,56.48352081042595
22109,FULL ENGLISH BREAKFAST PLATE,3105,12699.83,600,101,10,3.75,2009-12-07 11:51:00,2011-12-04 13:45:00,5.175,0.06444595763187844,56.547966768057826
84988,SET OF 72 PINK HEART PAPER DOILIES,8145,12663.689999999999,1000,102,20,1.45,2009-12-07 17:56:00,2011-12-04 14:55:00,8.145,0.06426256329440966,56.61222933135224
22464,HANGING METAL HEART LANTERN,7380,12580.739999999998,757,91,10,1.65,2010-03-04 14:50:00,2011-12-04 12:31:00,9.749009247027741,0.06384162914130963,56.67607096049355
21935,SUKI  SHOULDER BAG,6846,12536.88,889,102,16,1.65,2009-12-07 15:26:00,2011-12-04 12:32:00,7.700787401574803,0.06361905925637935,56.73969001974993
62018,SOMBRERO,9558,12433.3,125,70,5,1.95,2009-12-11 12:58:00,2011-12-04 11:56:00,76.464,0.06309343707942817,56.80278345682936
22646,CERAMIC STRAWBERRY CAKE MONEY BANK,8377,12427.43,862,81,16,1.45,2010-05-14 15:41:00,2011-12-04 14:15:00,9.718097447795824,0.06306364945460964,56.86584710628397
21098,CHRISTMAS TOILET ROLL,8116,12403.41,563,55,11,1.25,2009-12-07 17:56:00,2011-12-04 13:20:00,14.41563055062167,0.06294175869683431,56.92878886498081
22198,LARGE POPCORN HOLDER,7102,12397.119999999999,636,59,12,1.65,2009-12-07 10:41:00,2011-02-21 11:35:00,11.166666666666666,0.0629098397598482,56.99169870474066
22623,BOX OF VINTAGE JIGSAW BLOCKS,2302,12361.43,535,81,13,4.95,2010-05-06 20:01:00,2011-12-04 14:15:00,4.302803738317757,0.06272872897113041,57.05442743371179
22303,COFFEE MUG APPLES DESIGN,5296,12317.28,518,97,9,2.55,2009-12-07 14:58:00,2011-12-02 13:12:00,10.223938223938225,0.06250468746589392,57.11693212117768
22616,PACK OF 12 LONDON TISSUES,38582,12267.41,809,82,10,0.29,2010-05-06 11:50:00,2011-12-02 13:12:00,47.69097651421508,0.062251619518755914,57.17918374069644
23328,SET 6 SCHOOL MILK BOTTLES IN CRATE,2641,12238.7,385,17,9,3.75,2011-08-08 15:42:00,2011-12-04 14:55:00,6.85974025974026,0.062105929108442454,57.24128966980488
23174,REGENCY SUGAR BOWL GREEN,3035,12226.31,313,30,18,4.15,2011-05-10 10:34:00,2011-12-02 16:39:00,9.696485623003195,0.0620430553994984,57.30333272520438
22631,CIRCUS PARADE LUNCH BOX,6204,12094.51,651,75,19,1.95,2010-03-14 12:18:00,2011-12-04 14:51:00,9.52995391705069,0.06137422934309594,57.36470695454747
21124,SET/10 BLUE SPOTTY PARTY CANDLES,9927,12042.65,612,100,21,1.25,2009-12-07 15:42:00,2011-12-02 13:35:00,16.220588235294116,0.06111106303592575,57.425818017583396
21937,STRAWBERRY   PICNIC BAG,4093,11999.63,653,76,13,2.95,2009-12-14 17:16:00,2011-12-04 12:32:00,6.267993874425727,0.060892755775330654,57.48671077335872
21671,RED SPOT CERAMIC DRAWER KNOB,9185,11954.45,708,89,15,1.25,2009-12-07 17:56:00,2011-11-30 11:18:00,12.97316384180791,0.060663487480730784,57.547374260839455
21670,BLUE SPOT CERAMIC DRAWER KNOB,8746,11935.25,755,98,11,1.25,2009-12-07 17:56:00,2011-12-01 16:22:00,11.584105960264901,0.06056605606735501,57.60794031690681
84212,"ASSORTED FLOWER COLOUR ""LEIS""",24740,11926.39,275,88,9,0.65,2009-12-07 15:28:00,2011-11-30 15:27:00,89.96363636363637,0.06052109552972432,57.668461412436535
21787,RAIN PONCHO RETROSPOT,15097,11882.86,461,85,13,0.85,2010-03-25 14:22:00,2011-12-04 14:55:00,32.748373101952275,0.06030020024721142,57.72876161268375
22729,ALARM CLOCK BAKELIKE ORANGE,2999,11864.0,612,62,12,3.75,2010-09-24 10:29:00,2011-12-04 14:51:00,4.900326797385621,0.060204494181780845,57.78896610686553
22243,5 HOOK HANGER RED MAGIC TOADSTOOL,7678,11860.249999999998,388,80,17,1.65,2009-12-13 12:36:00,2011-11-30 11:31:00,19.788659793814432,0.060185464608855876,57.84915157147439
22301,COFFEE MUG CAT + BIRD DESIGN,4907,11837.539999999999,620,101,12,2.55,2009-12-07 10:41:00,2011-12-02 13:12:00,7.914516129032258,0.06007022151522236,57.90922179298961
79323P,PINK CHERRY LIGHTS,1952,11835.02,231,21,5,6.75,2009-12-07 08:13:00,2011-01-11 13:54:00,8.45021645021645,0.06005743364221679,57.969279226631826
22192,BLUE DINER WALL CLOCK,1394,11816.54,528,83,15,8.5,2009-12-07 14:58:00,2011-12-02 10:32:00,2.640151515151515,0.059963655906842606,58.02924288253867
22144,CHRISTMAS CRAFT LITTLE FRIENDS,4919,11780.58,668,46,13,2.1,2009-12-07 18:02:00,2011-12-04 14:40:00,7.36377245508982,0.059781174988874225,58.089024057527546
20969,RED FLORAL FELTCRAFT SHOULDER BAG,3165,11736.2,586,99,11,3.75,2009-12-07 18:02:00,2011-12-04 14:40:00,5.401023890784983,0.059555966336498345,58.14858002386404
22082,RIBBON REEL STRIPES DESIGN,6978,11720.74,928,102,12,1.65,2009-12-07 12:19:00,2011-12-01 16:22:00,7.519396551724138,0.059477513750519725,58.208057537614565
22488,NATURAL SLATE RECTANGLE CHALKBOARD,6869,11717.179999999998,797,91,11,1.65,2010-03-05 11:31:00,2011-12-01 11:53:00,8.618569636135508,0.059459448342622956,58.26751698595719
84987,SET OF 36 TEATIME PAPER DOILIES,8007,11674.199999999999,798,102,18,1.45,2009-12-07 13:49:00,2011-12-04 12:44:00,10.033834586466165,0.05924134406413907,58.32675833002133
47567B,TEA TIME KITCHEN APRON,2162,11633.43,346,89,13,5.95,2009-12-10 16:21:00,2011-12-04 11:45:00,6.2485549132947975,0.05903445454729895,58.38579278456863
21242,RED RETROSPOT PLATE,6883,11579.07,641,101,21,1.69,2009-12-07 13:57:00,2011-12-02 10:21:00,10.737909516380656,0.058758601858178786,58.44455138642681
22750,FELTCRAFT PRINCESS LOLA DOLL,3087,11540.26,633,62,16,3.75,2010-09-06 12:04:00,2011-12-04 15:00:00,4.876777251184834,0.05856165846478744,58.5031130448916
20975,12 PENCILS SMALL TUBE RED RETROSPOT,17636,11539.960000000001,864,87,16,0.65,2009-12-07 12:32:00,2011-12-04 13:59:00,20.412037037037038,0.05856013609895345,58.56167318099055
22943,CHRISTMAS LIGHTS 10 VINTAGE BAUBLES,2366,11534.79,346,39,9,4.95,2010-10-21 10:47:00,2011-12-04 14:51:00,6.838150289017341,0.058533900661080905,58.620207081651635
21154,RED RETROSPOT OVEN GLOVE,7984,11526.39,876,102,16,1.25,2009-12-07 15:26:00,2011-12-04 14:51:00,9.114155251141552,0.05849127441772901,58.67869835606936
22649,STRAWBERRY FAIRY CAKE TEAPOT,2300,11520.2,485,80,17,4.95,2010-05-14 15:41:00,2011-12-04 15:19:00,4.742268041237113,0.05845986293602088,58.73715821900538
85042,ANTIQUE LILY FAIRY LIGHTS,2533,11505.19,271,45,5,4.95,2009-12-07 11:19:00,2010-11-16 12:50:00,9.346863468634686,0.058383693898793255,58.79554191290417
22468,BABUSHKA LIGHTS STRING OF 10,1732,11502.52,410,85,14,6.75,2010-03-08 12:44:00,2011-12-02 12:13:00,4.224390243902439,0.05837014484287069,58.85391205774704
22508,DOORSTOP RETROSPOT HEART,2868,11498.4,691,89,13,3.75,2010-03-11 10:26:00,2011-12-04 12:52:00,4.150506512301013,0.05834923768541713,58.91226129543246
22637,PIGGY BANK RETROSPOT,4478,11492.82,598,79,15,2.55,2010-05-20 10:42:00,2011-11-27 11:22:00,7.488294314381271,0.0583209216809048,58.97058221711336
22151,PLACE SETTING WHITE HEART,27215,11463.449999999999,700,102,12,0.42,2009-12-07 12:12:00,2011-12-04 15:00:00,38.878571428571426,0.05817188206575655,59.02875409917912
22950,36 DOILIES VINTAGE CHRISTMAS,8333,11452.64,352,31,12,1.45,2010-09-19 13:02:00,2011-11-07 11:33:00,23.673295454545453,0.05811702615020487,59.086871125329324
21260,FIRST AID TIN,3477,11447.02,524,101,19,3.25,2009-12-07 13:57:00,2011-12-02 16:39:00,6.635496183206107,0.058088507163581334,59.144959632492906
22791,T-LIGHT GLASS FLUTED ANTIQUE,9248,11442.36,419,52,8,1.25,2010-10-22 11:41:00,2011-12-04 15:00:00,22.071599045346062,0.05806485974762659,59.20302449224053
22844,VINTAGE CREAM DOG FOOD CONTAINER,1210,11400.0,487,59,14,8.5,2010-10-17 13:40:00,2011-12-04 11:56:00,2.484599589322382,0.05784990169186629,59.2608743939324
22740,POLKADOT PEN,13345,11395.31,300,43,11,0.85,2010-09-30 13:57:00,2011-09-26 13:57:00,44.483333333333334,0.05782610203932814,59.318700495971726
22663,JUMBO BAG DOLLY GIRL DESIGN,5726,11373.95,679,71,12,2.08,2010-07-19 12:22:00,2011-12-02 16:39:00,8.43298969072165,0.057717709591947594,59.376418205563674
21326,AGED GLASS SILVER T-LIGHT HOLDER,17202,11228.26,626,100,7,0.65,2009-12-07 11:35:00,2011-12-04 12:44:00,27.47923322683706,0.0569783979974311,59.43339660356111
23300,GARDENERS KNEELING PAD CUP OF TEA,6497,11182.15,719,30,6,1.65,2011-05-15 11:43:00,2011-12-04 15:19:00,9.03616133518776,0.05674441036874584,59.49014101392985
47599A,PINK PARTY BAGS,5961,11167.97,368,89,17,2.1,2009-12-11 12:41:00,2011-12-02 16:04:00,16.19836956521739,0.05667245321032561,59.546813467140176
21172,PARTY METAL SIGN,7538,11163.65,947,95,11,1.45,2009-12-07 13:45:00,2011-12-04 13:32:00,7.95987328405491,0.05665053114231606,59.60346399828249
22834,HAND WARMER BABUSHKA DESIGN,6840,11151.02,583,47,8,2.1,2010-09-12 14:34:00,2011-12-04 14:51:00,11.732418524871354,0.05658643954070481,59.660050437823195
22968,ROSE COTTAGE KEEPSAKE BOX,1125,11144.9,304,49,13,9.95,2010-10-29 10:28:00,2011-11-30 15:13:00,3.700657894736842,0.05655538327769128,59.716605821100885
21922,UNION STRIPE WITH FRINGE  HAMMOCK,1438,11142.07,384,77,10,7.95,2010-04-11 10:16:00,2011-12-02 16:39:00,3.7447916666666665,0.05654102229332392,59.77314684339421
22417,PACK OF 60 SPACEBOY CAKE CASES,21358,11106.65,1095,96,23,0.55,2010-01-31 15:47:00,2011-12-04 11:45:00,19.50502283105023,0.05636128163385673,59.82950812502806
72351B,SET/6 PINK  BUTTERFLY T-LIGHTS,5748,11102.960000000001,492,99,5,2.1,2009-12-07 12:08:00,2011-12-04 10:51:00,11.682926829268293,0.05634255653409857,59.88585068156216
B,Adjust bad debt,1,11062.06,1,1,1,11062.06,2011-08-12 14:50:00,2011-08-12 14:50:00,1.0,0.05613500732539705,59.941985688887556
21429,RED GINGHAM ROSE JEWELLERY BOX,6176,10993.82,960,85,18,1.65,2009-12-07 10:41:00,2011-12-02 16:39:00,6.433333333333334,0.05578871984369065,59.997774408731246
21749,LARGE RED RETROSPOT WINDMILL,5657,10980.980000000001,286,90,8,2.1,2009-12-09 09:42:00,2011-11-29 16:33:00,19.77972027972028,0.05572356258599562,60.05349797131724
22620,4 TRADITIONAL SPINNING TOPS,8081,10896.13,823,82,21,1.45,2010-05-09 16:10:00,2011-12-04 13:32:00,9.818955042527339,0.0552929867826136,60.10879095809985
23170,REGENCY TEA PLATE ROSES,6749,10889.289999999999,432,30,15,1.65,2011-05-10 10:34:00,2011-12-04 13:00:00,15.622685185185185,0.05525827684159848,60.16404923494145
22668,PINK BABY BUNTING,3580,10874.56,576,73,18,2.95,2010-07-07 16:29:00,2011-12-02 13:46:00,6.215277777777778,0.05518352867914925,60.2192327636206
22694,WICKER STAR,4855,10862.210000000001,843,66,6,2.1,2010-07-29 11:23:00,2011-12-04 12:17:00,5.759193357058126,0.055120857952316395,60.27435362157292
21735,TWO DOOR CURIO CABINET,839,10854.61,253,72,5,12.75,2009-12-07 17:56:00,2011-09-16 13:53:00,3.316205533596838,0.055082291351188487,60.32943591292411
21868,POTTING SHED TEA MUG,8803,10822.78,849,92,6,1.25,2009-12-07 08:13:00,2011-12-02 16:39:00,10.36866902237927,0.05492076833620146,60.384356681260314
23581,JUMBO BAG PAISLEY PARK,4629,10778.4,305,6,7,2.08,2011-10-25 10:31:00,2011-12-04 13:59:00,15.177049180327868,0.05469555968382558,60.43905224094414
22988,SOLDIERS EGG CUP,8961,10768.89,430,45,4,1.25,2010-11-23 12:57:00,2011-12-02 16:39:00,20.83953488372093,0.05464730068688789,60.49369954163103
21428,SET3 BOOK BOX GREEN GINGHAM FLOWER,2630,10766.32,447,83,18,4.25,2009-12-07 11:05:00,2011-12-01 16:22:00,5.883668903803132,0.05463425908624332,60.54833380071727
22904,CALENDAR PAPER CUT DESIGN,3467,10755.050000000001,463,60,15,2.95,2010-09-19 14:51:00,2011-11-17 12:43:00,7.4881209503239745,0.05457706887641285,60.602910869593686
22795,SWEETHEART RECIPE BOOK STAND,1548,10753.22,477,47,9,6.75,2010-10-17 10:42:00,2011-12-04 14:40:00,3.2452830188679247,0.05456778244482548,60.65747865203851
21907,I'M ON HOLIDAY METAL SIGN,5113,10753.1,764,96,15,2.1,2010-01-29 11:59:00,2011-12-04 11:45:00,6.692408376963351,0.054567173498491876,60.712045825537004
22812,PACK 3 BOXES CHRISTMAS PANNETONE,4875,10726.63,461,37,13,1.95,2010-09-15 13:36:00,2011-11-30 14:11:00,10.574837310195228,0.05443285008640559,60.76647867562341
21086,SET/6 RED SPOTTY PAPER CUPS,16494,10675.210000000001,832,96,18,0.65,2009-12-08 12:05:00,2011-12-02 16:04:00,19.82451923076923,0.05417191658245859,60.82065059220587
22130,PARTY CONE CHRISTMAS DECORATION,9338,10628.66,396,62,12,0.85,2009-12-07 15:28:00,2011-12-02 12:52:00,23.58080808080808,0.05393569615055013,60.874586288356426
22768,FAMILY PHOTO FRAME CORNICE,1115,10620.029999999999,345,60,9,9.95,2010-10-10 12:45:00,2011-12-04 13:00:00,3.2318840579710146,0.053891902760058834,60.92847819111648
21498,RED RETROSPOT WRAP,26151,10610.42,786,101,16,0.42,2009-12-07 13:57:00,2011-12-04 12:52:00,33.270992366412216,0.05384313630784315,60.98232132742432
20828,GLITTER BUTTERFLY CLIPS,4288,10598.34,585,100,6,2.55,2009-12-07 15:19:00,2011-12-04 15:00:00,7.32991452991453,0.05378183571026089,61.036103163134584
37370,RETRO COFFEE MUGS ASSORTED,7004,10597.800000000001,481,84,13,1.25,2009-12-07 18:02:00,2011-11-22 12:24:00,14.56133056133056,0.0537790954517597,61.08988225858634
21558,SKULL LUNCH BOX WITH CUTLERY,4135,10573.72,739,86,13,2.55,2009-12-07 13:24:00,2011-12-02 10:47:00,5.595399188092016,0.05365690022081758,61.14353915880716
22595,GINGHAM HEART DECORATION,12507,10520.519999999999,792,72,18,0.85,2010-07-16 15:26:00,2011-12-04 12:32:00,15.791666666666666,0.053386934012922195,61.19692609282008
22274,FELTCRAFT DOLL EMILY,3693,10500.83,633,101,15,2.95,2009-12-07 13:07:00,2011-12-04 14:40:00,5.834123222748815,0.05328701606868423,61.250213108888765
21974,SET OF 36 PAISLEY FLOWER DOILIES,6973,10497.869999999999,795,102,18,1.45,2009-12-07 17:56:00,2011-12-04 12:44:00,8.771069182389937,0.053271995392455467,61.30348510428122
21624,VINTAGE UNION JACK DOORSTOP,1743,10450.33,389,89,6,5.95,2009-12-07 15:42:00,2011-12-04 12:52:00,4.480719794344473,0.05303075115329483,61.356515855434516
21833,CAMOUFLAGE LED TORCH,6068,10362.2,420,95,8,1.69,2009-12-07 11:39:00,2011-12-02 16:39:00,14.447619047619048,0.05258353081679447,61.40909938625131
21982,PACK OF 12 SUKI TISSUES,31979,10345.869999999999,702,92,11,0.29,2009-12-07 18:02:00,2011-12-02 16:39:00,45.554131054131055,0.05250066336989725,61.46160004962121
22418,10 COLOUR SPACEBOY PEN,12240,10341.42,576,82,18,0.85,2010-05-06 16:21:00,2011-12-02 13:36:00,21.25,0.0524780816100263,61.51407813123124
15056P,EDWARDIAN PARASOL PINK,1853,10302.87,337,98,9,5.95,2009-12-08 07:59:00,2011-12-02 12:40:00,5.498516320474778,0.05228245760035776,61.56636058883159
22089,PAPER BUNTING VINTAGE PAISLEY,3494,10267.95,550,98,10,2.95,2009-12-07 11:35:00,2011-11-28 14:39:00,6.352727272727273,0.05210525421728057,61.618465843048874
22349,DOG BOWL CHASING BALL DESIGN,2491,10239.9,345,93,10,3.75,2009-12-07 13:07:00,2011-12-02 13:12:00,7.220289855072464,0.05196291301180189,61.67042875606067
22992,REVOLVER WOODEN RULER,5162,10212.32,330,41,13,1.95,2011-02-17 12:01:00,2011-12-04 12:32:00,15.642424242424243,0.051822956846129815,61.722251712906804
21890,S/6 WOODEN SKITTLES IN COTTON BAG,3420,10210.050000000001,521,99,15,2.95,2009-12-07 17:56:00,2011-12-02 12:59:00,6.564299424184261,0.051811437611319254,61.774063150518124
20754,RETROSPOT RED WASHING UP GLOVES,4983,10198.52,829,100,16,2.1,2009-12-07 11:40:00,2011-11-20 14:43:00,6.010856453558504,0.05175292801776598,61.82581607853589
82001S,VINYL RECORD FRAME SILVER,2836,10174.98,221,82,5,3.75,2009-12-07 12:56:00,2011-11-30 13:22:00,12.832579185520363,0.051633473045325055,61.877449551581215
22302,COFFEE MUG PEARS  DESIGN,4804,10169.09,377,88,7,2.55,2009-12-07 14:58:00,2011-12-04 16:07:00,12.742705570291777,0.05160358392945093,61.929053135510664
22348,TEA BAG PLATE RED RETROSPOT,11915,10140.439999999999,923,102,21,0.85,2009-12-07 10:41:00,2011-12-04 11:50:00,12.90899241603467,0.05145819799230426,61.98051133350297
22748,POPPY'S PLAYHOUSE KITCHEN,4127,10122.62,733,62,17,2.1,2010-09-24 14:42:00,2011-12-04 12:01:00,5.6302864938608455,0.05136776946176488,62.03187910296473
22380,TOY TIDY SPACEBOY,4856,10112.3,679,97,20,2.1,2010-01-22 16:28:00,2011-12-02 16:39:00,7.151693667157585,0.051315400077075385,62.0831945030418
22771,CLEAR DRAWER KNOB ACRYLIC EDWARDIAN,7450,10081.39,507,59,11,1.25,2010-10-17 11:23:00,2011-12-04 12:32:00,14.694280078895464,0.051158545650645953,62.13435304869245
22064,PINK DOUGHNUT TRINKET POT,6030,10077.96,657,101,16,1.65,2009-12-07 09:18:00,2011-12-04 11:55:00,9.178082191780822,0.051141139934610585,62.185494188627054
21033,JUMBO BAG CHARLIE AND LOLA TOYS,4552,10042.33,569,86,8,2.95,2009-12-08 14:03:00,2011-09-08 13:53:00,8.0,0.05096033361905961,62.23645452224611
22174,PHOTO CUBE,5007,10029.9,535,89,9,1.65,2009-12-09 09:42:00,2011-12-02 16:39:00,9.358878504672898,0.050897256928004356,62.28735177917412
22120,WELCOME  WOODEN BLOCK LETTERS,990,10014.699999999999,357,79,10,9.95,2009-12-07 11:05:00,2011-12-04 11:56:00,2.773109243697479,0.05082012372574853,62.338171902899866
22725,ALARM CLOCK BAKELIKE CHOCOLATE,2456,10006.6,535,62,12,3.75,2010-09-24 13:04:00,2011-12-04 14:51:00,4.590654205607477,0.05077901984823063,62.388950922748094
21892,TRADITIONAL WOODEN CATCH CUP GAME,7720,9968.4,792,100,15,1.25,2009-12-07 13:57:00,2011-12-04 13:45:00,9.747474747474747,0.05058517193203508,62.43953609468013
84792,ENCHANTED BIRD COATHANGER 5 HOOK,2265,9961.75,508,101,11,4.65,2009-12-07 12:08:00,2011-12-04 11:56:00,4.458661417322834,0.05055142615604816,62.49008752083618
22970,LONDON BUS COFFEE MUG,4264,9957.28,307,49,7,2.55,2010-12-15 17:28:00,2011-12-02 14:26:00,13.889250814332248,0.05052874290512162,62.5406162637413
22840,ROUND CAKE TIN VINTAGE RED,1315,9936.53,397,58,14,7.95,2010-10-13 16:17:00,2011-12-02 14:48:00,3.3123425692695214,0.05042344593493686,62.59103970967624
23208,LUNCH BAG VINTAGE LEAF DESIGN,5988,9909.17,643,34,13,1.65,2011-04-12 09:49:00,2011-12-04 15:19:00,9.312597200622085,0.05028460617087637,62.641324315847115
21531,RED RETROSPOT SUGAR JAM BOWL,3967,9907.08,756,100,15,2.55,2009-12-07 17:56:00,2011-12-02 12:52:00,5.247354497354498,0.0502740003555662,62.69159831620268
21781,MA CAMPAGNE CUTLERY BOX,641,9870.1,354,81,8,14.95,2009-12-08 15:12:00,2011-07-10 16:18:00,1.810734463276836,0.05008634339376223,62.741684659596444
23171,REGENCY TEA PLATE GREEN,6157,9863.89,369,30,14,1.65,2011-05-10 10:34:00,2011-12-04 15:18:00,16.685636856368564,0.05005483042099851,62.79173949001744
84880,WHITE WIRE EGG HOLDER,1723,9846.35,372,85,6,5.95,2009-12-10 14:13:00,2011-11-29 10:45:00,4.631720430107527,0.04996582276523751,62.84170531278268
22966,GINGERBREAD MAN COOKIE CUTTER,8010,9840.97,704,51,14,1.25,2010-11-09 12:39:00,2011-12-04 16:07:00,11.377840909090908,0.04993852167128117,62.89164383445396
22429,ENAMEL MEASURING JUG CREAM,2273,9794.09,619,81,9,4.25,2010-03-18 13:00:00,2011-12-04 12:29:00,3.6720516962843295,0.049700626636955327,62.941344461090914
20979,36 PENCILS TUBE RED RETROSPOT,7778,9789.2,675,101,19,1.25,2009-12-07 11:35:00,2011-12-02 16:39:00,11.522962962962962,0.04967581207386119,62.99102027316478
23076,ICE CREAM SUNDAE LIP GLOSS,7952,9775.92,270,36,16,1.25,2011-03-24 09:44:00,2011-12-04 13:59:00,29.451851851851853,0.04960842201294294,63.04062869517772
22327,ROUND SNACK BOXES SET OF 4 SKULLS,3029,9769.310000000001,631,98,14,2.95,2010-01-10 12:13:00,2011-12-04 14:15:00,4.800316957210777,0.04957487921906722,63.09020357439679
22645,CERAMIC HEART FAIRY CAKE MONEY BANK,5321,9749.72,717,81,11,1.45,2010-05-14 15:41:00,2011-12-04 14:15:00,7.421199442119944,0.04947546873010724,63.1396790431269
22180,RETROSPOT LAMP,938,9741.75,398,94,14,9.95,2009-12-08 08:48:00,2011-11-07 12:06:00,2.35678391959799,0.049435024544450736,63.18911406767135
22745,POPPY'S PLAYHOUSE BEDROOM,3955,9710.390000000001,694,62,17,2.1,2010-09-24 14:42:00,2011-12-04 14:51:00,5.698847262247838,0.04927588656927031,63.23838995424062
20829,GLITTER HANGING BUTTERFLY STRING,4767,9707.460000000001,467,100,4,2.1,2009-12-07 11:20:00,2011-12-02 14:26:00,10.207708779443255,0.049261018129624946,63.287650972370244
22466,FAIRY TALE COTTAGE NIGHTLIGHT,5246,9697.96,382,83,17,1.95,2010-03-05 11:31:00,2011-12-04 13:32:00,13.732984293193716,0.049212809878215046,63.33686378224846
20682,RED RETROSPOT CHILDRENS UMBRELLA,2925,9696.86,570,100,19,3.25,2009-12-07 11:39:00,2011-12-04 16:07:00,5.131578947368421,0.049207227870157064,63.38607101011861
79000,MOROCCAN TEA GLASS,11888,9631.5,428,86,13,0.85,2009-12-07 12:19:00,2011-09-12 16:14:00,27.77570093457944,0.04887555510045703,63.43494656521907
21756,BATH BUILDING BLOCK WORD,1554,9601.17,563,81,12,5.95,2009-12-07 10:33:00,2011-12-04 11:56:00,2.7602131438721136,0.048721643914639984,63.48366820913371
47570B,TEA TIME TABLE CLOTH,971,9600.970000000001,223,62,8,10.65,2009-12-07 09:42:00,2011-03-29 15:18:00,4.354260089686099,0.048720629004084,63.5323888381378
22665,RECIPE BOX BLUE SKETCHBOOK DESIGN,2955,9589.84,703,72,14,2.95,2010-07-11 12:00:00,2011-11-25 11:36:00,4.203413940256046,0.04866414923164272,63.58105298736944
22300,COFFEE MUG DOG + BALL DESIGN,3994,9557.35,502,97,10,2.55,2009-12-07 12:25:00,2011-12-02 14:26:00,7.956175298804781,0.0484992770118209,63.62955226438126
20677,PINK POLKADOT BOWL,7546,9525.24,740,102,22,1.25,2009-12-07 17:56:00,2011-12-02 16:07:00,10.197297297297297,0.04833633312205548,63.67788859750332
22978,PANTRY ROLLING PIN,2457,9512.76,234,42,10,3.75,2011-02-17 13:28:00,2011-12-04 11:45:00,10.5,0.048273002703361226,63.72616160020668
22131,FOOD CONTAINER SET 3 LOVE HEART,5028,9510.16,667,101,13,1.95,2009-12-07 13:59:00,2011-11-29 15:23:00,7.538230884557721,0.04825980886613326,63.774421409072815
23175,REGENCY MILK JUG PINK,3143,9494.01,319,28,15,3.25,2011-05-10 10:34:00,2011-12-02 16:39:00,9.852664576802507,0.04817785483873644,63.82259926391155
16014,SMALL CHINESE STYLE SCISSOR,29275,9481.5,91,58,6,0.42,2009-12-07 11:40:00,2011-12-01 13:32:00,321.7032967032967,0.04811437218345879,63.870713636095005
22549,PICTURE DOMINOES,6347,9450.06,694,88,18,1.45,2010-03-25 13:41:00,2011-12-04 14:55:00,9.145533141210375,0.04795482824405596,63.91866846433906
82552,WASHROOM METAL SIGN,6893,9438.77,779,98,8,1.45,2009-12-07 15:43:00,2011-12-02 17:12:00,8.848523748395378,0.04789753654316989,63.96656600088223
21716,BOYS VINTAGE TIN SEASIDE BUCKET,3704,9374.68,491,96,15,2.55,2009-12-13 13:31:00,2011-12-04 14:55:00,7.543788187372709,0.047572308455500444,64.01413830933774
21488,RED WHITE SCARF  HOT WATER BOTTLE,2276,9365.28,341,41,11,3.95,2009-12-07 13:52:00,2011-03-01 09:55:00,6.674486803519062,0.047524607659368556,64.06166291699711
23582,VINTAGE DOILY JUMBO BAG RED,4334,9321.92,238,6,9,2.08,2011-10-25 09:07:00,2011-12-04 13:59:00,18.210084033613445,0.04730457505082826,64.10896749204794
22656,VINTAGE BLUE KITCHEN CABINET,45,9290.0,37,25,3,295.0,2010-07-12 10:43:00,2011-10-12 13:14:00,1.2162162162162162,0.04714259532609104,64.15611008737403
22767,TRIPLE PHOTO FRAME CORNICE,985,9289.18,289,58,7,9.95,2010-10-10 12:45:00,2011-12-04 11:56:00,3.4083044982698962,0.04713843419281145,64.20324852156685
22357,KINGS CHOICE BISCUIT TIN,2056,9273.76,453,96,14,4.25,2010-01-07 11:31:00,2011-12-02 16:39:00,4.5386313465783665,0.04706018458894403,64.25030870615579
20970,PINK FLORAL FELTCRAFT SHOULDER BAG,2445,9198.710000000001,554,102,12,3.75,2009-12-07 12:19:00,2011-12-04 15:00:00,4.413357400722021,0.046679339402805914,64.29698804555859
35961,FOLKART ZINC HEART CHRISTMAS DEC,11021,9194.859999999999,618,100,11,0.85,2009-12-07 17:56:00,2011-12-04 13:59:00,17.833333333333332,0.046659802374602946,64.3436478479332
21658,GLASS  BEURRE DISH,2202,9171.64,512,79,9,3.95,2009-12-07 14:10:00,2011-08-11 10:14:00,4.30078125,0.04654197125905162,64.39018981919224
22219,LOVEBIRD HANGING DECORATION WHITE,9641,9150.48,1134,101,13,0.85,2009-12-07 11:46:00,2011-12-04 13:15:00,8.501763668430335,0.04643459372222707,64.43662441291447
21385,IVORY HANGING DECORATION  HEART,10558,9123.699999999999,675,96,7,0.85,2009-12-07 12:32:00,2011-12-01 12:53:00,15.641481481481481,0.04629869719877898,64.48292311011325
84692,BOX OF 24 COCKTAIL PARASOLS,18608,9121.99,1100,102,13,0.42,2009-12-07 13:48:00,2011-12-04 12:32:00,16.916363636363638,0.046290019713525206,64.52921312982677
22244,3 HOOK HANGER MAGIC GARDEN,4760,9101.96,431,84,17,1.95,2009-12-09 11:58:00,2011-09-28 15:50:00,11.044083526682135,0.046188376421342034,64.57540150624811
22942,CHRISTMAS LIGHTS 10 SANTAS,1104,9093.9,224,24,9,8.5,2010-10-21 10:04:00,2011-12-04 15:35:00,4.928571428571429,0.04614747552593534,64.62154898177405
21745,GAOLERS KEYS DECORATIVE GARDEN,2666,9068.3,473,100,10,3.75,2009-12-07 13:57:00,2011-12-04 12:52:00,5.636363636363637,0.04601756697476763,64.66756654874882
21243,PINK  POLKADOT PLATE,5459,8995.33,489,99,19,1.69,2009-12-10 09:49:00,2011-12-04 14:51:00,11.16359918200409,0.04564727685841189,64.71321382560724
21933,PINK VINTAGE PAISLEY PICNIC BAG,4071,8994.71,612,95,13,2.46,2009-12-14 15:17:00,2011-12-02 16:39:00,6.651960784313726,0.04564413063568829,64.75885795624293
21715,GIRLS VINTAGE TIN SEASIDE BUCKET,3550,8977.18,485,98,15,2.55,2009-12-13 13:31:00,2011-12-01 16:22:00,7.319587628865979,0.0455551737254551,64.8044131299684
21777,RECIPE BOX WITH METAL HEART,1109,8940.36,360,49,4,7.95,2009-12-07 10:48:00,2010-12-06 10:08:00,3.0805555555555557,0.045368328692095936,64.84978145866049
22741,FUNKY DIVA PEN,10387,8928.279999999999,282,60,10,0.85,2010-09-30 14:46:00,2011-12-04 15:00:00,36.833333333333336,0.045307028094513674,64.895088486755
23319,BOX OF 6 MINI 50'S CRACKERS,3607,8913.460000000001,378,22,15,2.49,2011-07-07 12:38:00,2011-12-04 16:08:00,9.542328042328043,0.04523182322231426,64.94032030997731
ADJUST,Adjustment by john on 26/01/2010 16,36,8897.929999999998,36,1,9,83.095,2010-01-26 16:20:00,2010-01-26 17:28:00,1.0,0.04515301541764103,64.98547332539495
21985,PACK OF 12 HEARTS DESIGN TISSUES,25255,8881.91,895,102,13,0.29,2009-12-07 11:47:00,2011-12-01 16:22:00,28.217877094972067,0.04507172108210562,65.03054504647706
22072,RED RETROSPOT TEA CUP AND SAUCER,2234,8870.84,489,95,8,3.75,2009-12-07 10:46:00,2011-12-04 15:19:00,4.568507157464213,0.04501554578283115,65.07556059225989
22839,3 TIER CAKE TIN GREEN AND CREAM,575,8868.789999999999,256,59,10,14.95,2010-10-14 14:11:00,2011-12-01 19:42:00,2.24609375,0.04500514294963217,65.12056573520952
21041,RED RETROSPOT OVEN GLOVE DOUBLE,2609,8868.78,507,76,9,2.95,2009-12-07 15:26:00,2011-11-23 14:07:00,5.145956607495069,0.04500509220410438,65.16557082741363
20747,PICCADILLY TEA SET,660,8865.63,96,20,4,14.95,2009-12-07 14:58:00,2010-05-16 12:07:00,6.875,0.044989107362847405,65.21055993477648
22989,SET 2 PANTRY DESIGN TEA TOWELS,2778,8855.22,360,44,18,3.25,2011-02-03 17:01:00,2011-12-04 14:15:00,7.716666666666667,0.04493628126840773,65.25549621604489
84030E,ENGLISH ROSE HOT WATER BOTTLE,2047,8742.07,473,64,12,4.25,2009-12-11 15:40:00,2011-12-04 13:00:00,4.3276955602537,0.044362095621352064,65.29985831166624
23322,LARGE WHITE HEART OF WICKER,3018,8713.560000000001,545,26,6,2.95,2011-06-12 12:01:00,2011-12-04 13:59:00,5.537614678899082,0.0442174201215946,65.34407573178784
22371,AIRLINE BAG VINTAGE TOKYO 78,1784,8713.1,671,91,13,4.25,2010-02-12 15:38:00,2011-12-04 12:44:00,2.6587183308494784,0.0442150858273158,65.38829081761516
23318,BOX OF 6 MINI VINTAGE CRACKERS,3639,8706.92,351,21,12,2.49,2011-07-04 10:17:00,2011-12-04 13:32:00,10.367521367521368,0.044183725091135474,65.43247454270629
20974,12 PENCILS SMALL TUBE SKULL,13093,8599.44,798,99,12,0.65,2009-12-07 11:39:00,2011-11-22 11:18:00,16.407268170426065,0.04363831215834234,65.47611285486462
22195,LARGE HEART MEASURING SPOONS,4817,8594.72,767,100,17,1.65,2009-12-07 13:48:00,2011-12-04 11:45:00,6.280312907431552,0.04361436026922078,65.51972721513384
22895,SET OF 2 TEA TOWELS APPLE AND PEARS,2828,8566.460000000001,404,62,13,3.25,2010-09-24 16:50:00,2011-12-04 14:15:00,7.0,0.04347095340765833,65.5631981685415
84839,SWEETHEART KEY CABINET,1495,8551.3,381,39,7,6.75,2009-12-07 17:56:00,2010-10-26 13:39:00,3.9238845144356955,0.043394023187513696,65.60659219172902
21381,MINI WOODEN HAPPY BIRTHDAY GARLAND,5087,8537.67,527,102,13,1.69,2009-12-07 12:32:00,2011-12-04 14:51:00,9.652751423149905,0.04332485703312246,65.64991704876215
22141,CHRISTMAS CRAFT TREE TOP ANGEL,3558,8530.560000000001,545,38,12,2.1,2009-12-07 12:42:00,2011-12-04 14:40:00,6.528440366972477,0.04328877696285675,65.693205825725
23078,ICE CREAM PEN LIP GLOSS,6802,8511.04,253,37,12,1.25,2011-03-24 10:40:00,2011-12-02 16:39:00,26.885375494071145,0.04318972169259138,65.73639554741759
22121,NOEL WOODEN BLOCK LETTERS,1365,8472.19,406,55,7,5.95,2009-12-07 11:05:00,2011-11-29 18:14:00,3.3620689655172415,0.042992575317088826,65.77938812273467
21135,VICTORIAN  METAL POSTCARD SPRING,5907,8435.42,397,101,13,1.69,2009-12-07 12:32:00,2011-12-04 13:00:00,14.879093198992443,0.04280598401136866,65.82219410674604
22354,RETROSPOT PADDED SEAT CUSHION,2219,8417.1,276,87,11,3.75,2009-12-09 13:49:00,2011-11-23 11:47:00,8.039855072463768,0.042713018204439276,65.86490712495048
22212,FOUR HOOK  WHITE LOVEBIRDS,3927,8416.1,806,102,15,2.1,2009-12-07 17:56:00,2011-12-04 10:56:00,4.8722084367245655,0.04270794365165929,65.90761506860214
21042,RED RETROSPOT APRON,1424,8412.2,385,92,10,5.95,2009-12-07 11:20:00,2011-11-30 11:08:00,3.6987012987012986,0.04268815289581734,65.95030322149796
22329,ROUND CONTAINER SET OF 5 RETROSPOT,5150,8404.119999999999,604,97,19,1.65,2010-01-10 11:08:00,2011-12-04 14:15:00,8.526490066225165,0.04264715050935502,65.99295037200731
21932,SCANDINAVIAN PAISLEY PICNIC BAG,3824,8402.39,635,92,13,2.46,2009-12-07 18:02:00,2011-12-02 16:39:00,6.022047244094488,0.04263837153304565,66.03558874354036
72807C,SET/3 VANILLA SCENTED CANDLE IN BOX,1964,8395.22,339,87,10,4.25,2009-12-08 15:10:00,2011-11-25 14:25:00,5.793510324483776,0.04260198698961313,66.07819073052997
22283,6 EGG HOUSE PAINTED WOOD,1014,8382.15,373,96,9,7.95,2009-12-07 11:46:00,2011-11-30 10:06:00,2.7184986595174263,0.042535662584778686,66.12072639311475
22689,DOORMAT MERRY CHRISTMAS RED,1092,8366.72,264,47,9,7.95,2010-06-28 13:53:00,2011-11-28 15:54:00,4.136363636363637,0.04245736223538346,66.16318375535013
22751,FELTCRAFT PRINCESS OLIVIA DOLL,2247,8356.25,458,64,16,3.75,2010-09-05 10:54:00,2011-12-04 15:00:00,4.906113537117904,0.04240423166777699,66.2055879870179
22073,RED RETROSPOT STORAGE JAR,2096,8352.89,465,70,16,3.75,2009-12-07 10:41:00,2011-05-04 13:17:00,4.50752688172043,0.04238718117043623,66.24797516818835
22358,KINGS CHOICE TEA CADDY,2637,8312.550000000001,597,99,12,2.95,2010-01-06 13:56:00,2011-12-04 11:45:00,4.417085427135678,0.04218247371129151,66.29015764189964
48189,DOOR MAT FRIENDSHIP,1298,8308.79,263,61,9,7.49,2009-12-09 12:32:00,2011-04-26 10:32:00,4.935361216730038,0.04216339339283875,66.33232103529248
22079,RIBBON REEL HEARTS DESIGN,4935,8278.95,664,102,11,1.65,2009-12-07 12:32:00,2011-12-04 12:32:00,7.432228915662651,0.042011968737883904,66.37433300403036
22628,PICNIC BOXES SET OF 3 RETROSPOT,1724,8268.8,348,72,16,4.95,2010-07-01 11:59:00,2011-12-04 16:07:00,4.954022988505747,0.04196046202716701,66.41629346605752
23439,HAND WARMER RED LOVE HEART,3712,8265.900000000001,357,15,8,2.1,2011-08-24 14:23:00,2011-12-04 15:00:00,10.397759103641457,0.041945745824105055,66.45823921188163
85049E,SCANDINAVIAN REDS RIBBONS,6185,8264.97,805,100,11,1.25,2009-12-07 11:39:00,2011-12-04 15:35:00,7.683229813664596,0.041941026490019656,66.50018023837166
23321,SMALL WHITE HEART OF WICKER,4598,8242.199999999999,607,26,9,1.65,2011-06-09 12:21:00,2011-12-04 13:59:00,7.57495881383855,0.04182547892321932,66.54200571729487
23082,SET 6 PAPER TABLE LANTERN HEARTS,2239,8217.41,286,30,9,3.75,2011-05-11 11:57:00,2011-12-04 12:08:00,7.828671328671328,0.04169968075980342,66.58370539805468
23256,CHILDRENS CUTLERY SPACEBOY,2001,8197.95,352,35,19,4.15,2011-04-07 11:30:00,2011-12-04 15:35:00,5.684659090909091,0.04160092996270485,66.62530632801737
22110,BIRD HOUSE HOT WATER BOTTLE,2530,8186.71,491,87,9,2.55,2009-12-07 11:39:00,2011-12-04 15:28:00,5.15274949083503,0.04154389198945778,66.66685022000684
22215,CAKE STAND WHITE TWO TIER LACE,958,8181.0,329,93,16,8.5,2009-12-07 11:41:00,2011-12-04 12:32:00,2.911854103343465,0.04151491629308404,66.70836513629992
21244,BLUE POLKADOT PLATE,4978,8162.639999999999,435,96,17,1.69,2009-12-13 11:05:00,2011-11-22 10:41:00,11.443678160919541,0.04142174750404346,66.74978688380396
23534,WALL ART STOP FOR TEA,1347,8156.07,248,10,9,5.95,2011-10-02 14:37:00,2011-12-04 15:55:00,5.431451612903226,0.04138840769227894,66.79117529149624
22078,RIBBON REEL LACE DESIGN,3815,8125.04,472,86,12,2.1,2009-12-07 12:32:00,2011-12-04 15:18:00,8.082627118644067,0.0412309443195159,66.83240623581577
21186,WHITE DOVE HONEYCOMB PAPER GARLAND,4994,8080.2699999999995,347,51,6,1.65,2009-12-07 12:08:00,2010-12-14 15:52:00,14.39193083573487,0.04100375659155583,66.87340999240732
21874,GIN AND TONIC MUG,6251,8069.12,599,102,9,1.25,2009-12-07 15:42:00,2011-12-02 16:39:00,10.435726210350584,0.04094717532805896,66.91435716773537
84508A,CAMOUFLAGE DESIGN TEDDY,3800,8068.530000000001,103,64,2,2.55,2009-12-07 13:35:00,2011-09-21 09:54:00,36.89320388349515,0.04094418134191877,66.95530134907729
85067,CREAM SWEETHEART WALL CABINET,488,8050.389999999999,169,50,6,18.95,2009-12-08 10:41:00,2011-01-13 15:18:00,2.8875739644970415,0.04085212895448977,66.99615347803177
51008,AFGHAN SLIPPER SOCK PAIR,2504,8033.8,77,40,7,3.45,2009-12-07 12:13:00,2011-11-27 13:26:00,32.51948051948052,0.04076794212386977,67.03692142015564
23493,VINTAGE DOILY TRAVEL SEWING KIT,3751,8030.37,383,11,14,1.95,2011-09-22 12:13:00,2011-12-04 15:28:00,9.793733681462141,0.04075053640783441,67.07767195656346
82551,LAUNDRY 15C METAL SIGN,5609,8026.09,735,100,10,1.45,2009-12-07 11:05:00,2011-12-02 13:32:00,7.631292517006803,0.04072881732193606,67.1184007738854
21934,SKULL SHOULDER BAG,4462,8010.71,702,102,9,1.65,2009-12-07 18:02:00,2011-12-02 16:39:00,6.356125356125356,0.04065077070017984,67.15905154458558
79323LP,LIGHT PINK CHERRY LIGHTS,1351,7982.97,158,21,3,6.75,2009-12-08 11:44:00,2010-10-25 16:08:00,8.550632911392405,0.04051000260606297,67.19956154719165
22055,MINI CAKE STAND  HANGING STRAWBERY,4619,7960.67,692,97,13,1.65,2009-12-07 17:56:00,2011-12-04 15:19:00,6.67485549132948,0.04039684007906923,67.23995838727072
22796,PHOTO FRAME 3 CLASSIC HANGING,799,7950.799999999999,312,59,10,9.95,2010-10-10 11:32:00,2011-12-04 11:56:00,2.5608974358974357,0.040346754243130736,67.28030514151385
84032A,CHARLIE+LOLA PINK HOT WATER BOTTLE,2953,7941.62,618,88,8,2.95,2009-12-07 13:07:00,2011-12-02 16:39:00,4.7783171521035595,0.04030016984861045,67.32060531136246
21238,RED RETROSPOT CUP,9196,7920.83,877,102,20,0.85,2009-12-07 13:57:00,2011-12-04 14:51:00,10.485746864310148,0.0401946698963145,67.36079998125877
22504,CABIN BAG VINTAGE RETROSPOT,363,7895.179999999999,113,46,12,29.95,2010-05-04 15:45:00,2011-11-25 11:12:00,3.2123893805309733,0.040064507617507794,67.40086448887627
22738,RIBBON REEL SNOWY VILLAGE,4390,7894.55,485,44,11,1.65,2010-09-16 12:20:00,2011-12-04 14:51:00,9.051546391752577,0.0400613106492564,67.44092579952552
85049A,TRADITIONAL CHRISTMAS RIBBONS,5991,7882.99,638,83,11,1.25,2009-12-07 11:39:00,2011-12-04 15:00:00,9.390282131661442,0.04000264881911974,67.48092844834464
20675,BLUE POLKADOT BOWL,6296,7859.150000000001,674,102,21,1.25,2009-12-09 09:42:00,2011-12-02 14:26:00,9.341246290801188,0.039881671480844816,67.52081011982548
21769,VINTAGE POST OFFICE CABINET,121,7794.97,46,33,3,79.95,2009-12-09 16:26:00,2010-12-07 16:43:00,2.630434782608696,0.03955598668342517,67.56036610650891
22890,NOVELTY BISCUITS CAKE STAND 3 TIER,794,7742.24,255,57,11,9.95,2010-10-14 17:13:00,2011-11-28 15:54:00,3.1137254901960785,0.03928840551533639,67.59965451202424
22588,CARD HOLDER GINGHAM HEART,2837,7724.76,478,54,13,2.55,2010-07-16 15:26:00,2011-12-02 16:39:00,5.935146443514644,0.0391997023327422,67.63885421435698
20717,STRAWBERRY SHOPPER BAG,6253,7700.42,739,102,14,1.25,2009-12-07 11:20:00,2011-11-30 11:30:00,8.461434370771313,0.039076187718077283,67.67793040207506
21875,KINGS CHOICE MUG,6688,7697.4400000000005,393,97,5,1.25,2009-12-07 15:02:00,2011-12-04 11:24:00,17.017811704834607,0.03906106555079292,67.71699146762586
21116,OWL DOORSTOP,1330,7695.58,522,101,10,8.29,2009-12-07 15:43:00,2011-11-30 15:33:00,2.5478927203065136,0.03905162688262214,67.75604309450848
22350,ILLUSTRATED CAT BOWL,2768,7684.12,315,90,9,2.55,2009-12-07 12:58:00,2011-12-02 13:12:00,8.787301587301588,0.03899347250776347,67.79503656701625
22353,LUNCH BOX WITH CUTLERY FAIRY CAKES,2953,7675.009999999999,470,58,15,2.55,2009-12-07 10:41:00,2011-05-08 12:58:00,6.282978723404256,0.038947243331937775,67.83398381034819
21976,PACK OF 60 MUSHROOM CAKE CASES,14361,7667.1900000000005,932,102,24,0.55,2009-12-07 13:32:00,2011-12-04 11:45:00,15.408798283261802,0.038907560329198274,67.87289137067738
22592,CARDHOLDER HOLLY WREATH METAL,1927,7631.95,292,41,9,3.75,2010-07-27 09:05:00,2011-12-02 16:39:00,6.5993150684931505,0.038728733089231485,67.91162010376661
22528,GARDENERS KNEELING PAD,5824,7623.41,554,36,3,1.25,2010-03-26 13:03:00,2010-12-07 15:31:00,10.512635379061372,0.038685396408490384,67.9503055001751
21110,LARGE CAKE TOWEL PINK SPOTS,1625,7621.0,323,87,14,6.75,2009-12-07 10:21:00,2011-11-25 15:23:00,5.030959752321982,0.038673166736290614,67.9889786669114
23007,SPACEBOY BABY GIFT SET,488,7615.369999999999,175,37,13,16.95,2011-03-09 12:37:00,2011-12-04 12:02:00,2.7885714285714287,0.038644597004139275,68.02762326391553
22784,LANTERN CREAM GAZEBO,1529,7600.72,360,56,10,4.95,2010-10-22 10:59:00,2011-12-04 11:56:00,4.247222222222222,0.03857025480591245,68.06619351872145
21411,GINGHAM HEART  DOORSTOP RED,1777,7598.31,577,98,9,4.25,2009-12-07 15:42:00,2011-12-04 15:28:00,3.079722703639515,0.038558025133712676,68.10475154385516
84568,GIRLS ALPHABET IRON ON PATCHES,36308,7590.7,300,90,8,0.42,2009-12-07 18:02:00,2011-12-02 16:39:00,121.02666666666667,0.03851940778705697,68.14327095164222
22550,HOLIDAY FUN LUDO,2039,7579.84,417,86,17,3.75,2010-03-25 13:41:00,2011-12-04 14:15:00,4.889688249400479,0.038464298143866295,68.18173524978609
22275,WEEKEND BAG VINTAGE ROSE PAISLEY,910,7569.33,294,46,10,8.5,2009-12-07 09:42:00,2010-12-02 16:51:00,3.0952380952380953,0.03841096459414862,68.22014621438024
84968C,SET OF 16 VINTAGE PISTACHIO CUTLERY,632,7565.5,189,75,8,12.75,2009-12-10 20:22:00,2011-11-23 12:05:00,3.3439153439153437,0.038391529057001265,68.25853774343723
22242,"HOOK, 5 HANGER , MAGIC TOADSTOOL",4756,7559.909999999999,368,59,18,1.65,2009-12-10 18:36:00,2011-02-16 10:32:00,12.923913043478262,0.03836316230696112,68.2969009057442
21115,ROSE CARAVAN DOORSTOP,1090,7552.36,399,98,13,6.75,2009-12-07 13:32:00,2011-12-04 15:28:00,2.7318295739348373,0.03832484943347222,68.33522575517766
22813,PACK 3 BOXES BIRD PANNETONE,3904,7546.82,363,63,11,1.95,2010-09-16 18:09:00,2011-12-04 12:01:00,10.754820936639119,0.038296736411071085,68.37352249158873
22669,RED BABY BUNTING,2369,7543.91,433,72,12,2.95,2010-07-06 14:46:00,2011-12-02 13:46:00,5.471131639722864,0.038281969462481316,68.4118044610512
21980,PACK OF 12 RED RETROSPOT TISSUES,26958,7530.03,655,100,16,0.29,2009-12-07 15:42:00,2011-12-01 14:55:00,41.157251908396944,0.03821153466989508,68.4500159957211
21870,I CAN ONLY PLEASE ONE PERSON MUG,6016,7526.3,616,76,6,1.25,2009-12-07 13:17:00,2011-08-24 09:36:00,9.766233766233766,0.03819260658802572,68.48820860230913
22493,PAINT YOUR OWN CANVAS SET,4664,7474.539999999999,407,82,9,1.65,2010-05-07 09:04:00,2011-12-04 13:32:00,11.45945945945946,0.03792994773613353,68.52613855004526
22991,GIRAFFE WOODEN RULER,3827,7472.629999999999,261,41,10,1.95,2011-02-17 12:01:00,2011-12-04 12:08:00,14.662835249042146,0.03792025534032375,68.56405880538559
22360,GLASS JAR ENGLISH CONFECTIONERY,2489,7471.4800000000005,416,87,8,2.95,2009-12-13 13:39:00,2011-12-02 16:39:00,5.983173076923077,0.03791441960462676,68.60197322499022
22489,PACK OF 12 TRADITIONAL CRAYONS,17639,7428.67,771,83,20,0.42,2010-03-02 16:36:00,2011-12-04 13:45:00,22.878080415045396,0.03769717800011547,68.63967040299033
23204,CHARLOTTE BAG APPLES DESIGN,7699,7424.22,566,34,11,0.85,2011-04-11 16:47:00,2011-12-04 16:07:00,13.602473498233216,0.03767459624024452,68.67734499923058
85064,CREAM SWEETHEART LETTER RACK,1583,7416.04,275,40,6,5.45,2009-12-07 15:26:00,2011-01-27 12:40:00,5.756363636363637,0.03763308639850422,68.71497808562908
21746,SMALL RED RETROSPOT WINDMILL,5925,7413.06,484,97,8,1.25,2009-12-09 09:42:00,2011-11-29 08:07:00,12.241735537190083,0.03761796423121985,68.7525960498603
82580,BATHROOM METAL SIGN,13138,7388.27,1316,102,12,0.55,2009-12-07 10:33:00,2011-12-02 16:39:00,9.983282674772036,0.03749216606780394,68.79008821592811
22809,SET OF 6 T-LIGHTS SANTA,2482,7385.660000000001,365,35,9,2.95,2010-09-20 12:21:00,2011-12-02 16:07:00,6.8,0.03747892148504818,68.82756713741315
22224,WHITE LOVEBIRD LANTERN,2332,7377.09,390,99,9,2.95,2009-12-07 11:46:00,2011-12-02 16:39:00,5.97948717948718,0.03743543256772367,68.86500256998087
21361,LOVE LARGE WOOD LETTERS,556,7361.74,286,67,7,12.75,2010-02-11 12:31:00,2011-07-22 17:21:00,1.944055944055944,0.03735753818255085,68.90236010816342
21463,MIRRORED DISCO BALL,1331,7346.21,294,96,7,5.95,2009-12-08 13:28:00,2011-12-04 14:45:00,4.5272108843537415,0.037278730377877635,68.9396388385413
22945,CHRISTMAS METAL TAGS ASSORTED,7629,7344.099999999999,336,44,12,0.85,2010-09-19 11:25:00,2011-12-02 16:39:00,22.705357142857142,0.03726802307151186,68.9769068616128
85065,CREAM SWEETHEART TRAYS,602,7322.94,249,45,5,12.75,2009-12-07 09:42:00,2010-10-29 09:57:00,2.4176706827309236,0.03716064553468731,69.01406750714749
11001,ASSTD DESIGN RACING CAR PEN,4751,7263.61,243,85,12,1.69,2009-12-07 15:15:00,2011-12-04 10:29:00,19.551440329218106,0.03685957231825061,69.05092707946574
72351A,SET/6 TURQUOISE BUTTERFLY T-LIGHTS,3675,7257.38,390,99,5,2.1,2009-12-08 07:43:00,2011-12-04 10:51:00,9.423076923076923,0.03682795785443128,69.08775503732016
21588,RETROSPOT GIANT TUBE MATCHES,3117,7235.55,271,79,6,2.55,2009-12-08 15:12:00,2011-12-02 16:14:00,11.501845018450185,0.03671718036724413,69.12447221768741
21737,SET 3 WICKER LOG BASKETS,391,7223.009999999999,158,42,4,19.95,2009-12-07 12:41:00,2010-10-18 12:58:00,2.4746835443037973,0.036653545475383076,69.1611257631628
21114,LAVENDER SCENTED FABRIC HEART,5596,7218.64,485,98,13,1.25,2009-12-07 12:32:00,2011-12-04 13:55:00,11.538144329896907,0.03663136967973453,69.19775713284254
22199,FRYING PAN RED RETROSPOT,1710,7213.14,381,95,14,4.25,2009-12-07 17:56:00,2011-12-04 15:19:00,4.488188976377953,0.0366034596394446,69.23436059248199
22739,RIBBON REEL CHRISTMAS SOCK BAUBLE,3960,7198.47,589,48,15,1.65,2010-09-16 12:20:00,2011-12-04 13:00:00,6.723259762308999,0.03652901595016217,69.27088960843216
21561,DINOSAUR LUNCH BOX WITH CUTLERY,2929,7187.45,507,100,14,2.55,2009-12-08 11:13:00,2011-12-02 10:47:00,5.777120315581854,0.0364730943785267,69.30736270281068
22907,PACK OF 20 NAPKINS PANTRY DESIGN,8554,7173.07,819,63,19,0.85,2010-09-16 13:06:00,2011-12-04 12:44:00,10.444444444444445,0.03640012230955047,69.34376282512022
23080,RED METAL BOX TOP SECRET,844,7167.76,235,30,13,8.25,2011-05-11 10:18:00,2011-12-04 14:55:00,3.5914893617021275,0.03637317643428873,69.38013600155452
23238,SET OF 4 KNICK KNACK TINS LONDON,1694,7154.34,257,26,13,4.15,2011-06-07 14:03:00,2011-12-02 12:02:00,6.591439688715953,0.036305075935981285,69.4164410774905
22827,RUSTIC  SEVENTEEN DRAWER SIDEBOARD,46,7150.0,35,23,3,165.0,2010-10-21 13:02:00,2011-11-17 19:58:00,1.3142857142857143,0.03628305237691614,69.45272412986742
22282,12 EGG HOUSE PAINTED WOOD,548,7126.7300000000005,210,87,9,12.75,2009-12-07 18:02:00,2011-11-28 14:06:00,2.6095238095238096,0.03616496753372581,69.48888909740114
21876,POTTERING MUG,5571,7124.7699999999995,600,101,3,1.25,2009-12-07 12:25:00,2011-12-04 11:24:00,9.285,0.03615502141027703,69.52504411881142
84032B,CHARLIE + LOLA RED HOT WATER BOTTLE,2904,7118.410000000001,556,89,8,2.95,2009-12-07 11:39:00,2011-12-04 14:55:00,5.223021582733813,0.03612274725459631,69.56116686606602
22414,DOORMAT NEIGHBOURHOOD WITCH,1171,7118.35,213,88,10,7.95,2010-01-10 11:47:00,2011-11-28 15:54:00,5.497652582159624,0.03612244278142951,69.59728930884745
22029,SPACEBOY BIRTHDAY CARD,17178,7109.05,1077,101,19,0.42,2009-12-07 18:02:00,2011-12-04 13:54:00,15.949860724233984,0.036075249440575614,69.63336455828802
23535,WALL ART BICYCLE SAFETY,1107,7075.38,195,10,8,5.95,2011-10-02 14:37:00,2011-12-04 14:55:00,5.676923076923077,0.03590438924847341,69.6692689475365
22626,BLACK KITCHEN SCALES,818,7008.05,334,81,18,8.5,2010-04-30 15:57:00,2011-12-04 15:19:00,2.4491017964071857,0.0355627196097968,69.7048316671463
23236,STORAGE TIN VINTAGE DOILY,2472,6984.78,319,26,20,2.89,2011-06-08 12:44:00,2011-12-04 13:54:00,7.7492163009404385,0.035444634766606475,69.7402763019129
22618,COOKING SET RETROSPOT,718,6984.349999999999,242,50,15,9.95,2010-03-14 16:18:00,2011-05-06 19:37:00,2.9669421487603307,0.03544245270891108,69.7757187546218
22577,WOODEN HEART CHRISTMAS SCANDINAVIAN,13660,6975.579999999999,812,63,13,0.85,2010-07-18 11:31:00,2011-12-04 15:28:00,16.822660098522167,0.03539794888103057,69.81111670350283
37450,CERAMIC CAKE BOWL + HANGING CAKES,2422,6946.13,382,95,13,2.95,2009-12-07 14:10:00,2011-12-04 15:19:00,6.340314136125654,0.03524850330165993,69.84636520680449
22798,ANTIQUE GLASS DRESSING TABLE POT,2243,6932.6900000000005,344,58,5,2.95,2010-10-22 13:27:00,2011-12-04 15:00:00,6.520348837209302,0.03518030131229689,69.88154550811679
22781,GUMBALL MAGAZINE RACK,858,6925.9400000000005,301,59,9,7.65,2010-10-17 10:56:00,2011-12-02 16:39:00,2.8504983388704317,0.035146048081031965,69.91669155619782
22498,WOODEN REGATTA BUNTING,1133,6919.5,379,90,7,5.95,2010-02-03 13:09:00,2011-12-01 19:42:00,2.9894459102902373,0.03511336796112884,69.95180492415895
22567,20 DOLLY PEGS RETROSPOT,5534,6916.68,501,79,17,1.25,2010-03-26 13:13:00,2011-12-02 16:39:00,11.045908183632735,0.03509905772228927,69.98690398188124
22465,HANGING METAL STAR LANTERN,4090,6916.589999999999,434,86,6,1.65,2010-03-04 14:45:00,2011-12-04 12:31:00,9.423963133640553,0.03509860101253907,70.02200258289378
22377,BOTTLE BAG RETROSPOT,3612,6899.39,431,95,14,2.1,2010-01-26 11:33:00,2011-11-30 15:13:00,8.380510440835266,0.03501131870472328,70.0570139015985
23083,SET 6 PAPER TABLE LANTERN STARS,1847,6891.3,227,29,7,3.75,2011-05-15 11:17:00,2011-12-04 15:18:00,8.136563876651982,0.034970265572733174,70.09198416717123
22938,CUPCAKE LACE PAPER SET 6,3684,6883.219999999999,270,60,15,1.95,2010-09-20 14:38:00,2011-12-04 12:32:00,13.644444444444444,0.03492926318627086,70.1269134303575
23215,JINGLE BELL HEART ANTIQUE SILVER,3492,6880.4400000000005,201,23,4,2.08,2011-06-01 12:19:00,2011-12-04 15:00:00,17.37313432835821,0.0349151559295425,70.16182858628704
47502,POLKADOT CUTLERY 24 PCS IN TRAY,640,6855.75,79,31,5,12.75,2009-12-09 09:42:00,2010-09-13 12:26:00,8.10126582278481,0.034789865221404585,70.19661845150844
22644,CERAMIC CHERRY CAKE MONEY BANK,4317,6835.62,584,80,11,1.45,2010-05-14 15:41:00,2011-12-04 14:15:00,7.392123287671233,0.03468771447394343,70.23130616598239
10002,INFLATABLE POLITICAL GLOBE,8531,6823.26,352,69,12,0.85,2009-12-07 16:40:00,2011-04-18 12:56:00,24.235795454545453,0.03462499300158277,70.26593115898397
21497,FANCY FONTS BIRTHDAY WRAP,17100,6822.0,476,98,11,0.42,2009-12-08 12:46:00,2011-12-04 15:18:00,35.924369747899156,0.03461859906507998,70.30054975804906
21625,VINTAGE UNION JACK APRON,959,6803.38,325,97,9,6.95,2009-12-07 13:24:00,2011-12-01 15:05:00,2.9507692307692306,0.0345241108923166,70.33507386894138
23297,SET 40 HEART SHAPE PETIT FOUR CASES,4303,6792.23,161,15,14,1.65,2011-07-12 15:56:00,2011-11-22 16:47:00,26.726708074534162,0.034467529628819736,70.36954139857019
23254,CHILDRENS CUTLERY DOLLY GIRL,1674,6778.620000000001,289,35,21,4.15,2011-04-07 11:30:00,2011-12-02 14:25:00,5.7923875432525955,0.0343984649654841,70.40393986353567
22085,PAPER CHAIN KIT SKULLS,2507,6774.68,221,91,11,2.95,2009-12-14 13:36:00,2011-11-30 16:43:00,11.343891402714933,0.03437847122753094,70.4383183347632
22378,WALL TIDY RETROSPOT,3733,6757.11,539,93,17,2.1,2010-01-25 15:07:00,2011-12-01 16:22:00,6.925788497217068,0.03428931133518655,70.47260764609838
22563,HAPPY STENCIL CRAFT,5799,6753.9400000000005,521,87,8,1.25,2010-03-24 13:15:00,2011-12-02 16:39:00,11.130518234165066,0.03427322500287398,70.50688087110126
22430,ENAMEL WATERING CAN CREAM,1395,6751.4800000000005,354,80,11,4.95,2010-05-14 15:37:00,2011-11-28 14:06:00,3.940677966101695,0.03426074160303521,70.5411416127043
85174,S/4 CACTI CANDLES,1380,6745.59,334,89,8,4.95,2009-12-07 15:26:00,2011-11-30 15:33:00,4.131736526946108,0.03423085248716108,70.57537246519145
21903,MAN FLU METAL SIGN,3356,6740.35,397,98,7,2.1,2009-12-07 11:29:00,2011-12-04 13:32:00,8.453400503778338,0.03420426183059394,70.60957672702204
22431,WATERING CAN BLUE ELEPHANT,3350,6735.73,615,91,11,1.95,2010-02-22 10:24:00,2011-12-02 16:38:00,5.4471544715447155,0.0341808173967504,70.64375754441879
23283,DOORMAT VINTAGE LEAF,964,6729.88,218,26,9,7.95,2011-04-27 13:06:00,2011-12-04 10:11:00,4.422018348623853,0.034151131262987466,70.67790867568178
21700,BIG DOUGHNUT FRIDGE MAGNETS,6001,6729.009999999999,511,94,20,0.85,2009-12-07 10:41:00,2011-11-10 14:01:00,11.743639921722114,0.03414671640206887,70.71205539208384
22810,SET OF 6 T-LIGHTS SNOWMEN,2196,6720.280000000001,326,37,7,2.95,2010-09-20 12:21:00,2011-12-01 13:22:00,6.736196319018405,0.03410241555629958,70.74615780764015
23541,WALL ART CLASSIC PUDDINGS,865,6715.84,148,10,4,8.25,2011-10-02 14:37:00,2011-12-01 16:22:00,5.844594594594595,0.03407988454195643,70.7802376921821
22165,"DIAMANTE HEART SHAPED WALL MIRROR,",774,6713.39,252,86,2,12.75,2009-12-08 08:48:00,2011-12-01 11:53:00,3.0714285714285716,0.034067451887645456,70.81430514406975
21992,VINTAGE PAISLEY STATIONERY SET,3307,6703.36,651,99,10,2.46,2009-12-07 17:56:00,2011-11-15 14:48:00,5.0798771121351765,0.034016554123262176,70.848321698193
22575,METAL MERRY CHRISTMAS WREATH,3112,6697.76,329,44,10,1.95,2010-07-18 15:45:00,2011-11-21 14:34:00,9.458966565349543,0.03398813662769424,70.8823098348207
23103,JINGLE BELL HEART DECORATION,3986,6694.419999999999,351,30,5,1.65,2011-05-11 12:44:00,2011-12-04 13:15:00,11.356125356125355,0.03397118762140908,70.9162810224421
23008,DOLLY GIRL BABY GIFT SET,430,6687.24,131,36,15,16.95,2011-03-09 15:20:00,2011-12-04 12:02:00,3.282442748091603,0.03393475233244876,70.95021577477455
21989,PACK OF 20 SKULL PAPER NAPKINS,8427,6678.139999999999,639,99,17,0.85,2009-12-08 16:09:00,2011-12-04 11:45:00,13.187793427230046,0.03388857390215087,70.9841043486767
47599B,BLUE PARTY BAGS,3492,6662.54,286,93,15,2.1,2010-01-11 09:53:00,2011-12-02 16:04:00,12.20979020979021,0.03380941087878305,71.01791375955548
20973,12 PENCIL SMALL TUBE WOODLAND,9720,6661.8,635,79,14,0.65,2010-03-17 12:19:00,2011-12-04 13:59:00,15.307086614173228,0.033805655709725865,71.05171941526521
22746,POPPY'S PLAYHOUSE LIVINGROOM,2891,6653.26,557,62,17,2.1,2010-09-24 16:50:00,2011-12-04 14:51:00,5.190305206463195,0.033762319028984765,71.08548173429419
21768,WALL MOUNTED VINTAGE ORGANISER,491,6650.95,157,30,5,14.95,2009-12-08 15:49:00,2010-11-15 09:32:00,3.127388535031847,0.03375059681206299,71.11923233110626
23320,GIANT 50'S CHRISTMAS CRACKER,2357,6640.27,293,22,9,2.89,2011-07-05 12:47:00,2011-12-04 16:08:00,8.044368600682594,0.03369640058837271,71.15292873169463
85068,CREAM SWEETHEART SHELF + HOOKS,959,6639.29,196,30,8,7.95,2010-04-29 11:53:00,2010-11-15 09:32:00,4.892857142857143,0.033691427526648325,71.18662015922128
22221,CAKE STAND LOVEBIRD 2 TIER PINK,881,6631.53,152,79,12,9.95,2009-12-17 13:15:00,2011-12-04 12:14:00,5.796052631578948,0.03365204899707562,71.22027220821835
22845,VINTAGE CREAM CAT FOOD CONTAINER,979,6628.87,387,59,15,6.35,2010-10-15 15:38:00,2011-12-04 11:56:00,2.5297157622739017,0.03363855068668085,71.25391075890502
22432,WATERING CAN PINK BUNNY,3471,6623.69,513,88,15,1.95,2010-02-18 15:19:00,2011-11-30 15:13:00,6.766081871345029,0.03361226450328051,71.2875230234083
23169,CLASSIC GLASS COOKIE JAR,1546,6617.2,308,30,9,4.15,2011-05-12 10:10:00,2011-12-04 14:55:00,5.01948051948052,0.033579330655738385,71.32110235406404
22526,WHEELBARROW FOR CHILDREN,541,6614.79,205,73,6,12.75,2010-03-26 13:05:00,2011-12-01 12:25:00,2.6390243902439026,0.033567100983538614,71.35466945504757
35004B,SET OF 3 BLACK FLYING DUCKS,1438,6602.450000000001,266,84,3,5.79,2009-12-07 17:56:00,2011-12-04 11:50:00,5.406015037593985,0.03350448100223356,71.38817393604981
23293,SET OF 12 FAIRY CAKE BAKING CASES,8029,6601.94,527,21,18,0.83,2011-07-12 15:56:00,2011-12-04 15:18:00,15.235294117647058,0.033501892980315764,71.42167582903012
37448,CERAMIC CAKE DESIGN SPOTTED MUG,4386,6582.98,507,95,19,1.49,2009-12-07 13:52:00,2011-12-01 16:22:00,8.650887573964496,0.033405679459607186,71.45508150848973
22779,WOODEN OWLS LIGHT GARLAND,1721,6571.85,189,52,12,4.25,2010-10-24 11:14:00,2011-12-04 13:32:00,9.105820105820106,0.03334919968716592,71.48843070817689
22661,CHARLOTTE BAG DOLLY GIRL DESIGN,8116,6546.78,622,71,15,0.85,2010-07-19 12:22:00,2011-12-02 16:39:00,13.04823151125402,0.03322198064897161,71.52165268882587
37500,TEA TIME TEAPOT IN GIFT BOX,855,6545.29,251,86,14,9.95,2009-12-08 11:22:00,2011-12-04 11:45:00,3.406374501992032,0.03321441956532943,71.55486710839119
85220,SMALL FAIRY CAKE FRIDGE MAGNETS,11996,6527.0,4,3,3,1.5499999999999998,2009-12-15 14:03:00,2010-02-17 10:51:00,2999.0,0.03312160599498344,71.58798871438617
22220,CAKE STAND LOVEBIRD 2 TIER WHITE,657,6520.839999999999,248,87,10,9.95,2009-12-07 11:46:00,2011-12-04 12:14:00,2.649193548387097,0.03309034674985871,71.62107906113603
84968A,SET OF 16 VINTAGE ROSE CUTLERY,528,6512.04,203,80,7,12.75,2009-12-10 09:49:00,2011-12-04 15:13:00,2.600985221674877,0.03304569068539482,71.65412475182143
16156S,WRAP PINK FAIRY CAKES,16536,6506.12,414,95,14,0.42,2009-12-10 07:43:00,2011-12-02 10:22:00,39.94202898550725,0.03301564933293729,71.68714040115437
85175,CACTI T-LIGHT CANDLES,15341,6498.3099999999995,435,92,11,0.42,2009-12-09 10:41:00,2011-11-28 11:18:00,35.266666666666666,0.03297601707572558,71.72011641823009
22332,SKULLS PARTY BAG + STICKER SET,4141,6492.5,378,97,14,1.65,2009-12-09 11:58:00,2011-11-25 11:54:00,10.955026455026456,0.03294653392407385,71.75306295215417
22898,CHILDRENS APRON APPLES DESIGN,3136,6487.37,461,62,12,1.95,2010-09-26 12:51:00,2011-12-04 16:07:00,6.802603036876356,0.03292050146831251,71.78598345362248
21240,BLUE POLKADOT CUP,7515,6478.86,758,102,21,0.85,2009-12-09 12:30:00,2011-12-02 14:26:00,9.914248021108179,0.032877317024154806,71.81886077064664
22148,EASTER CRAFT 4 CHICKS,3232,6470.54,297,49,14,1.95,2009-12-13 10:54:00,2011-12-04 11:50:00,10.882154882154882,0.032835096745025306,71.85169586739167
23247,BISCUIT TIN 50'S CHRISTMAS,2122,6464.37,296,24,13,2.89,2011-06-08 13:09:00,2011-12-04 16:08:00,7.168918918918919,0.03280378675437278,71.88449965414604
22364,GLASS JAR DIGESTIVE BISCUITS,2045,6452.18,332,85,12,2.95,2010-03-15 17:29:00,2011-12-01 19:54:00,6.159638554216867,0.03274192795598472,71.91724158210202
21201,TROPICAL  HONEYCOMB PAPER GARLAND,2719,6438.95,229,93,7,2.55,2009-12-09 10:41:00,2011-11-30 15:13:00,11.873362445414847,0.03267479162270548,71.94991637372473
23134,LARGE ZINC HEART WALL ORGANISER,1065,6431.110000000001,38,17,2,8.25,2011-04-20 13:18:00,2011-09-18 14:56:00,28.026315789473685,0.03263500712891037,71.98255138085365
15060B,FAIRY CAKE DESIGN UMBRELLA,1404,6397.68,444,95,11,3.75,2009-12-07 09:42:00,2011-11-18 14:14:00,3.1621621621621623,0.03246536482947536,72.01501674568313
22080,RIBBON REEL SPOTS DESIGN,3814,6386.93,502,78,13,1.65,2009-12-07 12:42:00,2011-12-04 12:32:00,7.597609561752988,0.03241081338709049,72.04742755907021
21563,RED HEART SHAPE LOVE BUCKET,2182,6386.820000000001,347,94,9,2.95,2009-12-08 13:58:00,2011-12-04 11:45:00,6.2881844380403455,0.032410255186284695,72.07983781425649
23109,PACK OF SIX LED TEA LIGHTS,2213,6367.650000000001,253,29,8,2.89,2011-05-11 12:43:00,2011-12-04 15:18:00,8.74703557312253,0.03231297600949231,72.11215079026599
21239,PINK  POLKADOT CUP,7269,6346.09,735,102,21,0.85,2009-12-07 17:56:00,2011-12-02 14:26:00,9.889795918367346,0.03220356865155577,72.14435435891754
22059,CERAMIC STRAWBERRY DESIGN MUG,4387,6333.82,428,97,13,1.49,2009-12-07 17:56:00,2011-12-04 15:19:00,10.25,0.03214130388894531,72.17649566280649
22582,PACK OF 6 SWEETIE GIFT BOXES,2520,6317.26,293,78,18,2.55,2010-03-10 12:51:00,2011-12-04 12:32:00,8.600682593856655,0.0320572692949087,72.2085529321014
22783,SET 3 WICKER OVAL BASKETS W LIDS,482,6316.3,45,19,6,19.95,2010-10-26 08:11:00,2011-06-14 11:28:00,10.71111111111111,0.032052397724239914,72.24060532982564
85062,PEARL CRYSTAL PUMPKIN T-LIGHT HLDR,3859,6316.299999999999,340,97,7,1.65,2009-12-10 14:46:00,2011-12-02 16:39:00,11.35,0.03205239772423991,72.27265772754988
22187,GREEN CHRISTMAS TREE CARD HOLDER,2005,6315.59,342,45,6,4.25,2009-12-07 11:55:00,2011-12-02 10:08:00,5.862573099415204,0.03204879479176612,72.30470652234165
22979,PANTRY WASHING UP BRUSH,4039,6304.99,372,40,15,1.45,2011-03-02 08:26:00,2011-12-02 16:39:00,10.85752688172043,0.03199500453229825,72.33670152687394
21500,PINK POLKADOT WRAP,15575,6293.5,483,99,19,0.42,2009-12-08 18:07:00,2011-12-02 12:52:00,32.2463768115942,0.03193669792085618,72.3686382247948
22849,BREAD BIN DINER STYLE MINT,403,6287.73,162,41,11,16.95,2010-10-14 09:44:00,2011-10-20 10:41:00,2.4876543209876543,0.03190741775131565,72.4005456425461
84520B,PACK 20 ENGLISH ROSE PAPER NAPKINS,7326,6264.67,712,63,13,0.85,2009-12-08 11:07:00,2011-03-03 16:22:00,10.289325842696629,0.03179039856420912,72.43233604111032
47559B,TEA TIME OVEN GLOVE,5064,6237.01,691,98,17,1.25,2009-12-08 11:22:00,2011-12-04 13:59:00,7.328509406657019,0.031650036434314646,72.46398607754463
23571,TRADITIONAL NAUGHTS & CROSSES,2752,6228.9,237,7,8,1.65,2011-10-21 14:23:00,2011-12-04 16:02:00,11.611814345991561,0.03160888181126894,72.4955949593559
23229,VINTAGE DONKEY TAIL GAME,1726,6211.11,243,25,14,3.75,2011-06-14 12:09:00,2011-12-04 14:15:00,7.102880658436214,0.03151860551731295,72.52711356487322
22826,LOVE SEAT ANTIQUE WHITE METAL,58,6210.0,41,24,3,85.0,2010-12-10 15:45:00,2011-11-23 12:13:00,1.4146341463414633,0.031512972763727165,72.55862653763694
79067,CORONA MEXICAN TRAY,1573,6203.1,385,54,8,3.75,2009-12-07 18:02:00,2010-12-21 15:20:00,4.085714285714285,0.03147795834954524,72.59010449598648
22460,EMBOSSED GLASS TEALIGHT HOLDER,4720,6201.97,370,88,5,1.25,2010-03-08 12:40:00,2011-12-04 12:01:00,12.756756756756756,0.031472224104903856,72.62157672009138
22311,OFFICE MUG WARMER BLACK+SILVER,1943,6200.2300000000005,287,80,14,2.95,2009-12-07 15:55:00,2011-12-04 13:15:00,6.770034843205575,0.031463394383066674,72.65304011447445
22596,CHRISTMAS STAR WISH LIST CHALKBOARD,5705,6200.15,403,42,11,1.25,2010-07-16 15:26:00,2011-12-04 15:19:00,14.156327543424318,0.031462988418844276,72.68450310289329
85047,WHITE BEADED GARLAND STRING 20LIGHT,975,6194.28,223,45,4,6.35,2009-12-07 13:49:00,2011-01-27 15:36:00,4.37219730941704,0.03143320079402575,72.71593630368731
21078,SET/20 STRAWBERRY PAPER NAPKINS,7198,6170.2,739,94,14,0.85,2009-12-07 18:02:00,2011-10-13 14:33:00,9.740189445196211,0.03131100556308363,72.7472473092504
21714,CITRONELLA CANDLE GARDEN POT,4245,6130.81,518,94,5,1.25,2009-12-07 12:08:00,2011-12-04 14:55:00,8.194980694980694,0.03111111892907989,72.77835842817947
22848,BREAD BIN DINER STYLE PINK,381,6128.599999999999,151,53,12,16.95,2010-10-14 17:59:00,2011-10-30 13:51:00,2.5231788079470197,0.031099904167436118,72.8094583323469
22063,CERAMIC BOWL WITH STRAWBERRY DESIGN,2096,6125.4400000000005,343,93,11,2.95,2009-12-09 13:44:00,2011-12-04 15:19:00,6.110787172011662,0.031083868580651354,72.84054220092756
23188,VINTAGE  2 METER FOLDING RULER,3292,6122.9,315,25,7,1.65,2011-06-14 09:43:00,2011-12-04 14:45:00,10.450793650793651,0.031070979216590185,72.87161318014415
21592,RETROSPOT CIGAR BOX MATCHES,5175,6122.55,443,96,9,1.25,2009-12-07 12:08:00,2011-12-04 14:55:00,11.681715575620768,0.031069203123117187,72.90268238326728
23172,REGENCY TEA PLATE PINK,3747,6116.709999999999,293,30,14,1.65,2011-05-10 10:34:00,2011-12-04 15:18:00,12.788395904436861,0.03103956773488205,72.93372195100216
22780,LIGHT GARLAND BUTTERFILES PINK,1610,6112.34,176,50,8,4.25,2010-10-22 11:07:00,2011-12-04 13:32:00,9.147727272727273,0.03101739193923351,72.96473934294139
21494,ROTATING LEAVES T-LIGHT HOLDER,3713,6106.73,476,88,8,1.66,2009-12-07 13:48:00,2011-12-04 14:55:00,7.800420168067227,0.030988923698137775,72.99572826663952
23307,SET OF 60 PANTRY DESIGN CAKE CASES,11503,6102.990000000001,607,27,19,0.55,2011-06-03 12:07:00,2011-12-04 15:19:00,18.950576606260295,0.030969944870740625,73.02669821151026
21667,GLASS CAKE COVER AND PLATE,352,6092.349999999999,161,47,6,16.95,2009-12-07 17:56:00,2011-01-12 12:31:00,2.186335403726708,0.030915951629161543,73.05761416313943
22142,CHRISTMAS CRAFT WHITE FAIRY,4089,6081.5599999999995,461,40,11,1.45,2009-12-07 11:51:00,2011-12-04 14:40:00,8.869848156182213,0.03086119720466547,73.0884753603441
22435,SET OF 9 HEART SHAPED BALLOONS,4784,6040.47,531,83,13,1.25,2010-04-08 11:16:00,2011-12-01 16:38:00,9.009416195856874,0.03065268383093575,73.11912804417504
22578,WOODEN STAR CHRISTMAS SCANDINAVIAN,12412,6031.62,744,44,12,0.83,2010-07-18 11:31:00,2011-12-04 15:28:00,16.682795698924732,0.030607774038832854,73.14973581821387
22222,CAKE PLATE LOVEBIRD WHITE,1466,6021.51,393,99,13,4.95,2009-12-08 15:49:00,2011-12-01 19:42:00,3.7302798982188294,0.030556470310227173,73.1802922885241
22906,12 MESSAGE CARDS WITH ENVELOPES,3242,6015.63,434,61,7,1.65,2010-09-19 13:05:00,2011-12-04 13:32:00,7.470046082949309,0.030526631939880842,73.21081892046398
23480,MINI LIGHTS WOODLAND MUSHROOMS,1627,6011.11,186,7,16,3.75,2011-10-19 15:09:00,2011-12-04 16:02:00,8.74731182795699,0.030503694961315296,73.24132261542529
23311,VINTAGE CHRISTMAS STOCKING,2245,5997.95,320,21,12,2.55,2011-07-14 13:28:00,2011-12-04 13:20:00,7.015625,0.03043691384673065,73.27175952927202
72802C,VANILLA SCENT CANDLE JEWELLED BOX,2177,5995.8099999999995,266,86,5,4.25,2009-12-09 15:03:00,2011-11-04 14:07:00,8.18421052631579,0.030426054303781473,73.3021855835758
22855,FINE WICKER HEART,4795,5979.24,427,47,7,1.25,2010-09-15 12:48:00,2011-08-30 16:43:00,11.229508196721312,0.030341968964217068,73.33252755254003
21981,PACK OF 12 WOODLAND TISSUES,21703,5977.889999999999,530,91,16,0.29,2009-12-07 15:42:00,2011-12-02 16:39:00,40.949056603773585,0.030335118317964083,73.362862670858
21107,CREAM SLICE FLANNEL PINK SPOT,2062,5975.280000000001,297,86,12,2.95,2009-12-07 10:21:00,2011-12-01 11:18:00,6.942760942760943,0.03032187373520832,73.3931845445932
22361,GLASS JAR DAISY FRESH COTTON WOOL,1832,5969.51,487,88,13,2.95,2010-03-15 17:29:00,2011-12-04 13:32:00,3.761806981519507,0.030292593565667783,73.42347713815886
21984,PACK OF 12 PINK PAISLEY TISSUES,21139,5957.83,419,99,13,0.29,2009-12-10 11:40:00,2011-12-02 16:39:00,50.45107398568019,0.03023332278919752,73.45371046094806
22331,WOODLAND PARTY BAG + STICKER SET,3631,5957.16,428,99,18,1.65,2009-12-07 10:41:00,2011-12-04 13:32:00,8.483644859813085,0.030229922838834928,73.48394038378689
22167,OVAL WALL MIRROR DIAMANTE,679,5951.86,294,92,3,9.95,2009-12-08 08:48:00,2011-12-04 13:00:00,2.3095238095238093,0.03020302770910099,73.514143411496
23382,BOX OF 6 CHRISTMAS CAKE DECORATIONS,1533,5949.26,197,8,12,3.75,2011-10-13 13:42:00,2011-12-02 16:07:00,7.781725888324873,0.03018983387187302,73.54433324536787
22841,ROUND CAKE TIN VINTAGE GREEN,768,5947.2,302,59,12,7.95,2010-10-13 16:17:00,2011-12-01 11:43:00,2.543046357615894,0.030179380293146246,73.57451262566101
84884A,ANT WHITE WIRE HEART SPIRAL,1627,5947.05,298,89,4,3.95,2009-12-07 10:21:00,2011-12-02 16:39:00,5.459731543624161,0.030178619110229246,73.60469124477125
23296,SET OF 6 TEA TIME BAKING CASES,4952,5941.6,369,21,16,1.25,2011-07-12 15:56:00,2011-12-04 15:18:00,13.420054200542005,0.03015096279757831,73.63484220756882
85178,VICTORIAN SEWING KIT,5413,5933.59,302,91,15,1.25,2009-12-07 11:51:00,2011-12-04 15:28:00,17.923841059602648,0.030110315629810605,73.66495252319864
22491,PACK OF 12 COLOURED PENCILS,7399,5929.599999999999,388,82,15,0.85,2010-05-06 10:28:00,2011-12-02 12:24:00,19.06958762886598,0.030090068164218452,73.69504259136285
21586,KINGS CHOICE GIANT TUBE MATCHES,2544,5919.3,232,72,5,2.55,2009-12-07 12:25:00,2011-11-07 11:16:00,10.96551724137931,0.030037800270584572,73.72508039163344
22045,SPACEBOY GIFT WRAP,14392,5918.64,467,97,19,0.42,2009-12-07 10:51:00,2011-12-02 10:22:00,30.817987152034263,0.03003445106574978,73.75511484269919
21499,BLUE POLKADOT WRAP,14702,5912.84,449,95,19,0.42,2009-12-08 18:07:00,2011-12-02 10:22:00,32.74387527839644,0.03000501865962585,73.78511986135881
20751,FUNKY WASHING UP GLOVES ASSORTED,2786,5911.960000000001,462,101,13,2.1,2009-12-07 11:40:00,2011-12-04 12:32:00,6.03030303030303,0.030000553053179464,73.815120414412
22185,SLATE TILE NATURAL HANGING,3553,5908.789999999999,441,95,5,1.65,2009-12-07 15:15:00,2011-11-28 10:31:00,8.056689342403628,0.02998446672086689,73.84510488113285
22772,PINK DRAWER KNOB ACRYLIC EDWARDIAN,4372,5901.79,312,59,8,1.25,2010-10-17 11:23:00,2011-12-04 14:51:00,14.012820512820513,0.029948944851406978,73.87505382598427
22065,CHRISTMAS PUDDING TRINKET POT,8104,5892.62,428,58,10,1.45,2009-12-07 11:47:00,2011-12-04 13:59:00,18.934579439252335,0.029902411202414485,73.90495623718668
21918,SET 12 KIDS COLOUR  CHALK STICKS,14325,5891.55,762,102,20,0.42,2009-12-07 11:40:00,2011-12-04 13:59:00,18.799212598425196,0.029896981430939898,73.93485321861762
22196,SMALL HEART MEASURING SPOONS,6336,5882.4,942,102,16,0.85,2009-12-07 12:26:00,2011-12-04 14:55:00,6.726114649681529,0.029850549273003006,73.96470376789063
23052,RECYCLED ACAPULCO MAT TURQUOISE,648,5849.5599999999995,276,40,15,8.25,2011-03-04 13:58:00,2011-12-02 14:16:00,2.347826086956522,0.02968390095970819,73.99438766885034
23192,BUNDLE OF 3 ALPHABET EXERCISE BOOKS,3337,5847.69,337,30,11,1.65,2011-05-10 09:58:00,2011-12-04 15:00:00,9.90207715133531,0.02967441154600961,74.02406208039635
48197,DOOR MAT BIRD ON THE WIRE,890,5837.400000000001,219,33,6,7.49,2009-12-07 13:48:00,2010-07-28 15:14:00,4.063926940639269,0.029622194397903534,74.05368427479425
21584,RETROSPOT SMALL TUBE MATCHES,3620,5824.2,339,84,9,1.65,2009-12-07 10:33:00,2011-12-04 11:45:00,10.678466076696164,0.029555210301207686,74.08323948509546
23113,PANTRY CHOPPING BOARD,1146,5817.22,53,12,10,4.95,2011-09-16 10:02:00,2011-12-01 16:22:00,21.62264150943396,0.02951978992280337,74.11275927501826
84832,ZINC WILLIE WINKIE  CANDLE STICK,6457,5813.37,603,102,15,0.85,2009-12-07 13:17:00,2011-12-04 14:55:00,10.708126036484245,0.029500252894600416,74.14225952791287
84509A,SET OF 4 ENGLISH ROSE PLACEMATS,1503,5802.96,394,101,11,3.75,2009-12-08 12:05:00,2011-12-02 16:39:00,3.814720812182741,0.029447426800160735,74.17170695471303
21988,PACK OF 6 SKULL PAPER PLATES,7801,5795.5199999999995,411,99,16,0.85,2009-12-07 15:28:00,2011-11-28 13:26:00,18.980535279805352,0.029409672127477623,74.2011166268405
22241,GARLAND WOODEN HAPPY EASTER,4289,5787.42,471,64,4,1.25,2009-12-08 13:19:00,2011-11-23 10:39:00,9.106157112526539,0.029368568249959717,74.23048519509047
22737,RIBBON REEL CHRISTMAS PRESENT,3239,5777.8,484,45,11,1.65,2010-09-16 12:20:00,2011-12-04 13:32:00,6.6921487603305785,0.029319751052216233,74.25980494614268
22660,DOORMAT I LOVE LONDON,871,5768.61,193,65,14,7.95,2010-06-28 13:53:00,2011-12-02 13:28:00,4.512953367875648,0.02927311591216814,74.28907806205484
22971,QUEENS GUARD COFFEE MUG,2402,5765.7,266,49,6,2.55,2010-12-16 10:52:00,2011-12-02 16:39:00,9.030075187969924,0.029258348963578373,74.31833641101842
23485,BOTANICAL GARDENS WALL CLOCK,258,5743.92,79,7,5,25.0,2011-10-20 14:51:00,2011-12-04 11:56:00,3.2658227848101267,0.02914782520403023,74.34748423622246
22951,60 CAKE CASES DOLLY GIRL DESIGN,10924,5741.72,621,63,22,0.55,2010-09-19 12:15:00,2011-12-04 13:45:00,17.59098228663446,0.029136661187914255,74.37662089741038
23312,VINTAGE CHRISTMAS GIFT SACK,1379,5736.01,204,21,7,4.15,2011-07-17 13:25:00,2011-12-04 16:08:00,6.759803921568627,0.02910768549154052,74.40572858290192
21407,BROWN CHECK CAT DOORSTOP,1256,5717.43,437,95,7,4.25,2009-12-07 11:20:00,2011-11-22 11:18:00,2.874141876430206,0.02901340030088834,74.4347419832028
21591,COSY HOUR CIGAR BOX MATCHES,3726,5688.08,343,69,7,1.25,2009-12-08 16:43:00,2011-11-27 12:52:00,10.862973760932945,0.028864462176795683,74.4636064453796
37495,FAIRY CAKE BIRTHDAY CANDLE SET,1548,5683.57,325,90,20,3.75,2009-12-07 09:18:00,2011-11-21 10:27:00,4.763076923076923,0.028841575943757938,74.49244802132336
21452,TOADSTOOL MONEY BOX,1861,5679.500000000001,401,87,16,2.95,2010-03-18 13:10:00,2011-12-04 13:55:00,4.640897755610973,0.02882092251394339,74.5212689438373
22687,DOORMAT CHRISTMAS VILLAGE,887,5651.63,144,33,7,7.95,2010-06-28 13:53:00,2011-11-29 16:33:00,6.159722222222222,0.02867949472796511,74.54994843856527
21313,GLASS HEART T-LIGHT HOLDER,6574,5648.42,401,95,5,0.85,2009-12-07 18:02:00,2011-12-04 14:45:00,16.394014962593516,0.028663205413541348,74.5786116439788
22278,OVERNIGHT BAG VINTAGE ROSE PAISLEY,977,5637.53,367,98,13,4.95,2009-12-07 13:49:00,2011-11-30 15:33:00,2.662125340599455,0.028607943533767277,74.60721958751257
84968B,S/16 VINTAGE IVORY CUTLERY,424,5630.41,133,36,5,12.75,2009-12-07 10:51:00,2011-04-06 11:34:00,3.18796992481203,0.02857181271797376,74.63579140023054
22060,LARGE CAKE STAND HANGING HEARTS,728,5629.91,156,63,8,9.95,2009-12-08 17:13:00,2011-05-23 14:11:00,4.666666666666667,0.028569275441583768,74.66436067567213
22854,CREAM SWEETHEART EGG HOLDER,1160,5624.5,244,46,5,4.95,2010-09-16 14:08:00,2011-09-22 12:23:00,4.754098360655738,0.02854182211104403,74.69290249778317
22341,LOVE GARLAND PAINTED ZINC,3425,5619.61,233,88,7,1.65,2009-12-07 08:53:00,2011-11-29 16:47:00,14.699570815450643,0.028517007547949887,74.72141950533111
22441,GROW YOUR OWN BASIL IN ENAMEL MUG,2591,5610.150000000001,464,83,11,2.1,2010-03-23 11:13:00,2011-12-04 14:55:00,5.584051724137931,0.0284690022786512,74.74988850760977
23154,SET OF 4 JAM JAR MAGNETS,2558,5573.04,229,37,16,2.08,2011-03-25 11:01:00,2011-12-02 16:07:00,11.170305676855895,0.028280685624985834,74.77816919323476
22964,3 PIECE SPACEBOY COOKIE CUTTER SET,2675,5571.990000000001,392,54,14,2.1,2010-11-21 13:46:00,2011-12-04 14:55:00,6.823979591836735,0.02827535734456685,74.80644455057933
23118,PARISIENNE JEWELLERY DRAWER,740,5565.64,245,30,9,7.5,2011-05-10 15:05:00,2011-12-04 13:00:00,3.020408163265306,0.02824313393441392,74.83468768451374
22899,CHILDREN'S APRON DOLLY GIRL,2676,5562.320000000001,407,61,15,2.1,2010-09-26 12:51:00,2011-12-04 11:24:00,6.574938574938575,0.028226286419184364,74.86291397093292
21207,SKULL AND CROSSBONES  GARLAND,3581,5559.12,278,92,16,1.65,2009-12-08 15:49:00,2011-12-02 10:22:00,12.881294964028777,0.028210047850288397,74.89112401878322
21832,CHOCOLATE CALCULATOR,3184,5551.46,436,96,13,1.65,2009-12-07 13:24:00,2011-12-02 13:38:00,7.302752293577981,0.028171176775993685,74.91929519555922
23205,CHARLOTTE BAG VINTAGE ALPHABET,5712,5534.2,449,34,10,0.85,2011-04-11 16:47:00,2011-12-04 14:51:00,12.721603563474387,0.02808358999501109,74.94737878555422
21703,BAG 125g SWIRLY MARBLES,14284,5529.1900000000005,543,101,12,0.42,2009-12-07 17:56:00,2011-12-04 13:32:00,26.30570902394107,0.028058166485583347,74.9754369520398
21577,SAVE THE PLANET COTTON TOTE BAG,2492,5520.8,448,97,22,2.25,2009-12-07 09:18:00,2011-12-02 13:20:00,5.5625,0.028015590987759246,75.00345254302756
21528,DAIRY MAID TRADITIONAL TEAPOT,868,5482.36,251,94,5,6.95,2009-12-09 09:42:00,2011-11-29 15:09:00,3.458167330677291,0.027820525178896497,75.03127306820646
22115,METAL SIGN EMPIRE TEA,2782,5481.14,481,99,7,2.95,2009-12-07 17:56:00,2011-12-04 15:19:00,5.783783783783784,0.02781433422450491,75.05908740243096
22168,ORGANISER WOOD ANTIQUE WHITE,659,5475.93,312,66,10,8.5,2009-12-08 11:44:00,2011-04-12 11:58:00,2.1121794871794872,0.027787895804521172,75.08687529823548
22070,SMALL RED RETROSPOT MUG IN BOX,1779,5472.94,303,85,16,3.75,2009-12-07 11:39:00,2011-11-30 15:33:00,5.871287128712871,0.02777272289170901,75.1146480211272
22534,MAGIC DRAWING SLATE SPACEBOY,12791,5472.79,578,88,15,0.42,2010-03-28 13:10:00,2011-12-02 13:35:00,22.129757785467127,0.02777196170879201,75.14241998283599
40016,CHINESE DRAGON PAPER LANTERNS,15410,5468.58,242,85,6,0.42,2009-12-07 13:48:00,2011-09-21 14:40:00,63.67768595041322,0.02775059784158826,75.17017058067758
21112,"SWISS ROLL TOWEL, PINK  SPOTS",2211,5445.88,185,74,7,2.95,2009-12-07 10:21:00,2011-11-24 14:40:00,11.95135135135135,0.027635405493482524,75.19780598617106
79029,GLASS HONEYPOT WASP CATCHER,2930,5441.82,338,34,5,1.95,2009-12-07 15:15:00,2010-08-09 14:39:00,8.668639053254438,0.027614802809195774,75.22542078898026
22653,BUTTON BOX,2915,5424.71,371,67,8,1.95,2010-07-19 10:31:00,2011-12-02 16:39:00,7.857142857142857,0.027527977211130174,75.2529487661914
23133,LARGE IVORY HEART WALL ORGANISER,770,5421.64,152,32,4,8.25,2011-04-20 13:18:00,2011-12-01 19:42:00,5.065789473684211,0.02751239833409561,75.28046116452549
82599,FANNY'S REST STOPMETAL SIGN,2482,5420.14,499,72,6,2.1,2009-12-07 12:18:00,2011-05-08 12:36:00,4.973947895791583,0.027504786504925625,75.30796595103041
85132C,CHARLIE AND LOLA FIGURES TINS,2000,5415.04,299,65,10,5.79,2009-12-07 13:49:00,2011-09-02 09:38:00,6.688963210702341,0.027478906285747687,75.33544485731616
22437,SET OF 9 BLACK SKULL BALLOONS,6447,5400.24,438,85,15,0.85,2010-04-07 16:22:00,2011-12-04 11:45:00,14.719178082191782,0.02740380290460386,75.36284866022076
84971S,SMALL HEART FLOWERS HOOK,6342,5394.389999999999,445,101,8,0.85,2009-12-08 13:08:00,2011-12-02 13:21:00,14.251685393258427,0.02737411677084093,75.3902227769916
22443,GROW YOUR OWN HERBS SET OF 3,683,5393.43,264,66,10,7.95,2010-03-23 12:18:00,2011-08-05 15:38:00,2.587121212121212,0.02736924520017214,75.41759202219178
21069,VINTAGE BILLBOARD TEA MUG,5089,5389.22,275,78,5,1.25,2009-12-07 15:15:00,2011-08-17 15:05:00,18.505454545454544,0.02734788133296839,75.44493990352476
21900,"KEY FOB , SHED",8133,5382.68,812,101,5,0.65,2009-12-07 12:08:00,2011-12-02 16:39:00,10.016009852216749,0.027314693757787264,75.47225459728254
22670,FRENCH WC SIGN BLUE METAL,4327,5368.43,417,67,10,1.25,2010-08-17 11:21:00,2011-12-02 13:12:00,10.376498800959233,0.027242381380672434,75.49949697866322
22156,HEART DECORATION WITH PEARLS,5965,5362.46,565,102,5,0.85,2009-12-07 17:56:00,2011-12-04 12:32:00,10.557522123893806,0.027212086300575904,75.5267090649638
85038,6 CHOCOLATE LOVE HEART T-LIGHTS,2545,5358.410000000001,367,87,9,2.1,2009-12-07 13:24:00,2011-12-04 10:51:00,6.9346049046321525,0.027191534361816958,75.55390059932562
23126,FELTCRAFT GIRL AMELIE KIT,1077,5356.95,280,40,11,4.95,2011-03-02 16:26:00,2011-12-02 16:07:00,3.8464285714285715,0.027184125514758167,75.58108472484038
23135,SMALL ZINC HEART WALL ORGANISER,1523,5356.42,44,22,1,5.75,2011-04-19 16:52:00,2011-12-01 11:53:00,34.61363636363637,0.027181436001784774,75.60826616084216
84968D,SET OF 16 VINTAGE RED CUTLERY,470,5356.0,104,45,8,12.75,2009-12-08 13:46:00,2011-12-02 14:26:00,4.519230769230769,0.02717930468961718,75.63544546553177
22602,CHRISTMAS RETROSPOT HEART WOOD,6297,5339.37,525,71,16,0.85,2010-07-16 15:26:00,2011-12-04 12:52:00,11.994285714285715,0.027094914876885975,75.66254038040866
21730,GLASS STAR FROSTED T-LIGHT HOLDER,1084,5338.06,276,68,7,4.95,2009-12-07 12:12:00,2011-12-02 16:07:00,3.927536231884058,0.02708826721274419,75.6896286476214
16161P,WRAP ENGLISH ROSE,12948,5330.4,432,87,18,0.42,2009-12-08 12:46:00,2011-11-29 10:01:00,29.97222222222222,0.02704939613844948,75.71667804375986
23158,SET OF 5 LUCKY CAT MAGNETS,2555,5318.79,240,37,11,2.08,2011-03-25 14:50:00,2011-12-02 16:39:00,10.645833333333334,0.026990480580673815,75.74366852434053
22200,FRYING PAN PINK POLKADOT,1164,5311.68,335,92,9,4.25,2009-12-07 10:41:00,2011-12-04 15:19:00,3.4746268656716417,0.026954400510408098,75.77062292485094
22763,KEY CABINET MA CAMPAGNE,653,5311.01,130,54,6,9.95,2010-10-10 14:17:00,2011-12-02 17:12:00,5.023076923076923,0.026951000560045506,75.79757392541099
21363,HOME SMALL WOOD LETTERS,984,5296.4800000000005,401,80,5,4.95,2010-01-05 14:32:00,2011-09-25 14:33:00,2.453865336658354,0.026877267308152278,75.82445119271914
22842,BISCUIT TIN VINTAGE RED,817,5295.29,236,57,14,6.75,2010-10-13 16:17:00,2011-11-29 15:09:00,3.461864406779661,0.02687122859034409,75.85132242130948
22203,MILK PAN RED RETROSPOT,1316,5286.05,372,96,14,3.75,2009-12-08 15:49:00,2011-12-04 11:45:00,3.5376344086021505,0.026824339722657,75.87814676103213
22483,RED GINGHAM TEDDY BEAR,1815,5268.29,343,90,17,2.95,2010-03-04 11:11:00,2011-12-04 11:45:00,5.291545189504373,0.026734215665284406,75.90488097669741
35832,WOOLLY HAT SOCK GLOVE ADVENT STRING,1729,5251.950000000001,183,21,9,2.95,2009-12-07 17:56:00,2010-11-04 14:49:00,9.448087431693988,0.026651297472859405,75.93153227417027
23526,WALL ART DOG LICENCE,856,5247.34,131,9,5,5.95,2011-10-03 11:01:00,2011-12-04 14:55:00,6.534351145038168,0.026627903784543654,75.95816017795481
21718,RED METAL BEACH SPADE,4013,5225.42,462,93,7,1.25,2009-12-14 18:03:00,2011-12-04 14:55:00,8.686147186147187,0.02651666958760631,75.98467684754242
85063,CREAM SWEETHEART MAGAZINE RACK,295,5218.389999999999,173,46,5,16.95,2009-12-09 09:42:00,2010-11-18 14:52:00,1.7052023121387283,0.02648099548156299,76.01115784302398
20978,36 PENCILS TUBE SKULLS,3964,5214.21,533,100,12,1.25,2009-12-07 13:24:00,2011-12-04 13:59:00,7.437148217636023,0.026459783850942643,76.03761762687492
84937,KASHMIR FOLKART TUMBLERS,2460,5204.02,117,21,6,2.1,2009-12-08 15:49:00,2010-05-07 17:49:00,21.025641025641026,0.026408074158114563,76.06402570103303
20983,12 PENCILS TALL TUBE RED RETROSPOT,5968,5195.09,613,101,15,0.85,2009-12-07 11:39:00,2011-12-01 13:08:00,9.735725938009788,0.026362758401789265,76.09038845943482
22998,TRAVEL CARD WALLET KEEP CALM,12208,5185.8,522,42,6,0.42,2011-02-16 16:56:00,2011-12-04 14:09:00,23.386973180076627,0.026315615806463175,76.11670407524129
22335,HEART DECORATION PAINTED ZINC,7894,5182.58,488,100,9,0.65,2009-12-07 12:32:00,2011-12-04 13:15:00,16.17622950819672,0.026299275746511613,76.1430033509878
22801,ANTIQUE GLASS PEDESTAL BOWL,1276,5178.87,294,57,7,3.75,2010-10-22 13:11:00,2011-12-04 14:01:00,4.340136054421769,0.026280449155697858,76.16928380014349
22564,ALPHABET STENCIL CRAFT,4536,5172.85,335,82,6,1.25,2010-03-24 13:15:00,2011-12-02 14:29:00,13.540298507462687,0.02624990034796233,76.19553370049145
22433,WATERING CAN GREEN DINOSAUR,2771,5170.45,420,86,14,1.95,2010-02-18 18:33:00,2011-11-30 15:13:00,6.597619047619047,0.026237721421290355,76.22177142191275
22896,PEG BAG APPLES DESIGN,2059,5162.94,360,62,10,2.55,2010-09-26 14:01:00,2011-12-04 14:51:00,5.719444444444444,0.02619961152991264,76.24797103344267
85061W,WHITE JEWELLED HEART DECORATION,5904,5153.46,458,98,7,0.85,2009-12-07 12:32:00,2011-12-04 14:55:00,12.890829694323145,0.026151504769558354,76.27412253821223
22119,PEACE WOODEN BLOCK LETTERS,772,5152.1,314,81,7,6.95,2009-12-07 12:08:00,2011-12-04 15:28:00,2.4585987261146496,0.026144603377777572,76.30026714159
22691,DOORMAT WELCOME SUNRISE,753,5149.81,215,63,8,7.95,2010-06-28 13:53:00,2011-12-04 10:29:00,3.5023255813953487,0.0261329826519114,76.32640012424191
37446,MINI CAKE STAND WITH HANGING CAKES,3576,5148.14,391,75,11,1.45,2009-12-07 14:10:00,2011-12-04 10:51:00,9.145780051150895,0.02612450814876882,76.35252463239068
22218,CAKE STAND LACE WHITE,1178,5143.76,251,47,14,4.25,2009-12-07 18:02:00,2010-12-15 16:50:00,4.693227091633466,0.026102281607592467,76.37862691399827
22894,TABLECLOTH RED APPLES DESIGN,559,5140.88,191,54,10,9.95,2010-09-24 16:50:00,2011-11-28 14:06:00,2.926701570680628,0.0260876668955861,76.40471458089387
22412,METAL SIGN NEIGHBOURHOOD WITCH,2401,5140.820000000001,402,90,5,2.1,2010-01-29 14:37:00,2011-11-10 16:15:00,5.972636815920398,0.026087362422419307,76.43080194331628
23157,SET OF 6 NATIVITY MAGNETS,2556,5138.93,162,24,11,2.08,2011-03-31 13:40:00,2011-11-29 16:47:00,15.777777777777779,0.026077771517665126,76.45687971483395
21713,CITRONELLA CANDLE FLOWERPOT,2730,5137.110000000001,389,87,4,2.1,2009-12-08 15:49:00,2011-12-04 14:55:00,7.017994858611825,0.02606853583160555,76.48294825066556
22775,PURPLE DRAWERKNOB ACRYLIC EDWARDIAN,3596,5125.56,280,59,10,1.25,2010-10-17 11:23:00,2011-12-04 15:38:00,12.842857142857143,0.026009924746996683,76.50895817541256
22117,METAL SIGN HER DINNER IS SERVED,1737,5122.04,222,83,11,2.95,2009-12-08 13:38:00,2011-12-02 13:38:00,7.824324324324325,0.025992062321211123,76.53495023773377
22186,RED STAR CARD HOLDER,1912,5113.06,319,51,8,2.95,2009-12-07 13:49:00,2011-12-02 14:48:00,5.993730407523511,0.025946492837246832,76.56089673057102
22426,ENAMEL WASH BOWL CREAM,1330,5112.97,369,79,9,3.75,2010-04-08 10:57:00,2011-12-04 14:51:00,3.6043360433604335,0.02594603612749663,76.58684276669851
23132,SMALL IVORY HEART WALL ORGANISER,1017,5107.93,149,31,4,5.75,2011-04-19 16:52:00,2011-12-04 12:44:00,6.825503355704698,0.02592046038148549,76.61276322708
23162,REGENCY TEA STRAINER,1406,5102.64,171,31,9,3.75,2011-04-27 14:48:00,2011-12-01 16:22:00,8.222222222222221,0.025893615997279355,76.63865684307727
21432,SET OF 3 CASES WOODLAND DESIGN,882,5096.91,227,47,14,5.95,2009-12-07 12:26:00,2010-11-19 13:07:00,3.8854625550660793,0.025864538809850016,76.66452138188713
22030,SWALLOWS GREETING CARD,12513,5092.62,668,95,12,0.42,2009-12-07 12:19:00,2011-12-02 16:39:00,18.732035928143713,0.02584276897842387,76.69036415086555
21872,GLAMOROUS  MUG,5032,5086.76,320,92,8,1.25,2009-12-07 14:02:00,2011-12-01 18:43:00,15.725,0.025813032099133135,76.71617718296469
22175,PINK OWL SOFT TOY,1756,5082.21,351,95,11,2.95,2009-12-07 12:08:00,2011-12-04 15:35:00,5.002849002849003,0.02578994288398419,76.74196712584867
22610,PENS ASSORTED FUNNY FACE,12464,5066.5,283,77,6,0.21,2010-02-25 09:16:00,2011-12-02 16:34:00,44.042402826855124,0.025710221659810576,76.76767734750848
22374,AIRLINE BAG VINTAGE JET SET RED,1016,5054.05,425,91,13,4.25,2010-02-14 11:57:00,2011-12-04 12:44:00,2.3905882352941177,0.02564704347769972,76.79332439098619
21471,STRAWBERRY RAFFIA FOOD COVER,1390,5039.31,311,92,7,3.75,2009-12-09 09:51:00,2011-12-02 16:39:00,4.469453376205788,0.025572244569722697,76.8188966355559
21495,SKULLS AND CROSSBONES WRAP,12240,5024.8,367,99,11,0.42,2009-12-08 17:04:00,2011-12-02 10:22:00,33.35149863760218,0.025498612808885063,76.84439524836479
21587,COSY HOUR GIANT TUBE MATCHES,2012,5022.599999999999,248,39,3,2.55,2009-12-07 11:40:00,2011-10-18 10:53:00,8.112903225806452,0.025487448792769086,76.86988269715756
22957,SET 3 PAPER VINTAGE CHICK PAPER EGG,1775,5014.650000000001,214,17,14,2.95,2011-01-14 14:11:00,2011-09-29 13:38:00,8.294392523364486,0.025447106098168186,76.89532980325573
21993,FLORAL FOLK STATIONERY SET,2755,5004.99,553,94,11,2.46,2009-12-07 15:42:00,2011-12-04 12:52:00,4.981916817359855,0.025398085918313495,76.92072788917405
84796B,BLUE SAVANNAH PICNIC HAMPER FOR 2,600,4999.79,180,48,6,8.29,2010-03-05 10:05:00,2011-11-08 09:29:00,3.3333333333333335,0.025371698243857557,76.9460995874179
22472,TV DINNER TRAY DOLLY GIRL,1034,4989.37,238,72,14,4.95,2010-03-08 16:53:00,2011-12-04 13:32:00,4.34453781512605,0.02531882140389008,76.97141840882179
22571,ROCKING HORSE RED CHRISTMAS,5617,4977.97,498,49,17,0.85,2010-07-23 15:09:00,2011-12-04 12:32:00,11.279116465863455,0.025260971502198214,76.99667938032398
21578,WOODLAND DESIGN  COTTON TOTE BAG,2172,4977.14,373,91,21,2.25,2009-12-07 10:41:00,2011-11-06 12:50:00,5.823056300268097,0.025256759623390825,77.02193613994737
21071,VINTAGE BILLBOARD DRINK ME MUG,4247,4961.58,465,95,6,1.25,2009-12-07 15:28:00,2011-10-31 14:41:00,9.133333333333333,0.025177799582134206,77.04711393952951
46000S,POLYESTER FILLER PAD 40x40cm,3421,4960.45,372,97,10,1.45,2009-12-07 09:42:00,2011-12-04 12:17:00,9.196236559139784,0.02517206533749282,77.072286004867
23295,SET OF 12 MINI LOAF BAKING CASES,6025,4960.16,424,21,15,0.83,2011-07-12 15:56:00,2011-12-04 15:18:00,14.209905660377359,0.02517059371718662,77.09745659858419
23583,LUNCH BAG PAISLEY PARK,3087,4958.51,289,6,8,1.65,2011-10-25 09:31:00,2011-12-04 15:19:00,10.681660899653979,0.02516222070509964,77.12261881928929
20977,36 PENCILS TUBE WOODLAND,3713,4958.04,465,95,17,1.25,2009-12-07 11:39:00,2011-11-07 17:42:00,7.98494623655914,0.02515983566529305,77.14777865495458
23397,FOOT STOOL HOME SWEET HOME,482,4957.93,212,14,7,9.95,2011-09-04 12:24:00,2011-12-02 16:38:00,2.2735849056603774,0.025159277464487248,77.17293793241906
23553,LANDMARK FRAME CAMDEN TOWN,433,4946.19,63,7,1,12.5,2011-10-20 10:04:00,2011-12-04 11:56:00,6.873015873015873,0.025099702214850184,77.1980376346339
22583,PACK OF 6 HANDBAG GIFT BOXES,1870,4943.28,346,83,16,2.55,2010-03-10 12:51:00,2011-12-02 16:39:00,5.404624277456647,0.02508493526626042,77.22312256990017
22732,3D VINTAGE CHRISTMAS STICKERS,3734,4939.47,329,41,11,1.25,2010-09-15 15:08:00,2011-12-04 14:15:00,11.349544072948328,0.025065601220168664,77.24818817112033
22318,FIVE HEART HANGING DECORATION,1568,4933.8,384,97,15,2.95,2009-12-07 11:46:00,2011-12-02 13:11:00,4.083333333333333,0.02503682850590613,77.27322499962624
23263,SET OF 3 WOODEN HEART DECORATIONS,3722,4906.49,427,27,11,1.25,2011-06-02 14:15:00,2011-12-04 15:18:00,8.716627634660421,0.02489824246948465,77.29812324209573
21896,POTTING SHED TWINE,2370,4899.54,282,90,6,2.1,2009-12-09 09:51:00,2011-11-22 13:02:00,8.404255319148936,0.024862974327663732,77.32298621642339
23310,BUBBLEGUM RING ASSORTED,11821,4896.179999999999,234,26,10,0.42,2011-06-09 11:49:00,2011-12-04 15:18:00,50.51709401709402,0.02484592383032297,77.34783214025371
22604,SET OF 4 NAPKIN CHARMS CUTLERY,2000,4894.99,241,59,9,2.55,2010-07-23 12:02:00,2011-12-04 15:19:00,8.298755186721992,0.024839885112514785,77.37267202536623
21544,SKULLS  WATER TRANSFER TATTOOS,5893,4894.389999999999,482,100,13,0.85,2009-12-07 13:48:00,2011-12-02 16:39:00,12.226141078838173,0.02483684038084679,77.39750886574707
23165,LARGE CERAMIC TOP STORAGE JAR,2952,4889.44,271,30,9,1.65,2011-05-12 10:10:00,2011-12-02 16:39:00,10.892988929889299,0.024811721344585848,77.42232058709166
23010,CIRCUS PARADE BABY GIFT SET,315,4879.599999999999,111,35,11,16.95,2011-03-09 12:37:00,2011-12-04 12:02:00,2.8378378378378377,0.024761787745230763,77.4470823748369
23234,BISCUIT TIN VINTAGE CHRISTMAS,1661,4859.99,261,25,12,2.89,2011-06-14 12:24:00,2011-12-02 16:39:00,6.363984674329502,0.024662275765215198,77.4717446506021
47568,ENGLISH ROSE DESIGN PEG BAG,2325,4854.72,396,36,10,2.1,2009-12-07 10:48:00,2010-08-22 13:41:00,5.871212121212121,0.024635532872064658,77.49638018347417
22956,36 FOIL HEART CAKE CASES,2441,4837.030000000001,251,54,15,2.1,2010-11-04 16:16:00,2011-12-04 14:55:00,9.725099601593625,0.02454576403338667,77.52092594750756
23556,LANDMARK FRAME COVENT GARDEN,428,4824.55,49,7,2,12.5,2011-10-19 12:28:00,2011-12-04 13:45:00,8.73469387755102,0.024482433614692413,77.54540838112226
21706,FOLDING UMBRELLA RED/WHITE POLKADOT,1310,4822.22,245,91,12,4.95,2009-12-07 16:56:00,2011-12-02 12:13:00,5.346938775510204,0.02447060990671504,77.56987899102897
85014D,PINK/BROWN DOTS RUFFLED UMBRELLA,1319,4799.6,78,13,9,5.95,2009-12-08 07:59:00,2010-03-29 14:19:00,16.91025641025641,0.024355823522831707,77.5942348145518
23198,PANTRY MAGNETIC  SHOPPING LIST,3185,4796.71,454,24,15,1.45,2011-06-22 14:24:00,2011-12-04 12:52:00,7.015418502202643,0.02434115806529754,77.6185759726171
23531,WALL ART BIG LOVE,829,4791.33,102,9,4,6.95,2011-10-03 11:37:00,2011-12-01 18:43:00,8.127450980392156,0.024313856971341204,77.64288982958844
22509,SEWING BOX RETROSPOT DESIGN,298,4778.8099999999995,161,70,11,16.95,2010-03-10 14:50:00,2011-12-04 15:28:00,1.8509316770186335,0.024250323570535744,77.66714015315898
85132A,CHARLIE + LOLA BISCUITS TINS,1287,4759.32,248,59,8,8.379999999999999,2009-12-07 13:49:00,2011-05-24 11:31:00,5.189516129032258,0.024151420536853777,77.69129157369584
85184C,S/4 VALENTINE DECOUPAGE HEART BOX,2236,4758.62,332,89,12,2.95,2009-12-07 16:40:00,2011-12-04 13:20:00,6.734939759036145,0.024147868349907786,77.71543944204575
21056,DOCTOR'S BAG SOFT TOY,528,4755.42,189,78,12,8.95,2009-12-09 13:11:00,2011-12-04 13:32:00,2.7936507936507935,0.024131629781011823,77.73957107182676
21986,PACK OF 12 PINK POLKADOT TISSUES,13372,4749.389999999999,454,100,13,0.29,2009-12-07 11:47:00,2011-12-02 16:39:00,29.45374449339207,0.024101030227748493,77.76367210205451
22688,DOORMAT PEACE ON EARTH BLUE,864,4748.45,92,32,7,7.95,2010-06-28 13:53:00,2011-12-02 16:38:00,9.391304347826088,0.024096260148135304,77.78776836220266
22027,TEA PARTY BIRTHDAY CARD,11146,4741.43,831,101,19,0.42,2009-12-07 18:02:00,2011-12-02 10:41:00,13.412755716004813,0.02406063678761979,77.81182899899028
22399,MAGNETS PACK OF 4 CHILDHOOD MEMORY,4040,4734.6,277,83,15,1.25,2010-03-26 13:46:00,2011-12-02 10:47:00,14.584837545126353,0.024025977592132472,77.83585497658241
22593,CHRISTMAS GINGHAM STAR,5344,4733.5599999999995,405,48,16,0.85,2010-07-16 15:26:00,2011-12-04 15:18:00,13.195061728395062,0.024020700057241277,77.85987567663965
23286,BLUE VINTAGE SPOT BEAKER,5031,4728.49,217,26,14,0.85,2011-06-12 13:12:00,2011-12-02 16:39:00,23.18433179723502,0.02399497207464674,77.88387064871429
22128,PARTY CONES CANDY ASSORTED,3893,4722.09,192,77,16,1.25,2009-12-07 15:28:00,2011-11-18 12:07:00,20.276041666666668,0.023962494936854813,77.90783314365115
23503,PLAYING CARDS KEEP CALM & CARRY ON,3530,4716.88,314,11,7,1.25,2011-09-22 09:52:00,2011-12-04 14:15:00,11.242038216560509,0.023936056516871074,77.93176920016802
23159,SET OF 5 PANCAKE DAY MAGNETS,2293,4713.52,223,37,19,2.08,2011-03-25 11:01:00,2011-11-28 15:34:00,10.282511210762332,0.023919006019530318,77.95568820618755
23314,VINTAGE CHRISTMAS TABLECLOTH,387,4713.12,108,18,5,12.5,2011-07-15 10:44:00,2011-12-04 11:55:00,3.5833333333333335,0.02391697619841832,77.97960518238597
22276,WASH BAG VINTAGE ROSE PAISLEY,1820,4705.67,354,90,20,2.55,2009-12-07 12:32:00,2011-11-04 15:18:00,5.141242937853107,0.023879170780207407,78.00348435316617
23554,LANDMARK FRAME OXFORD STREET,415,4705.57,54,7,2,12.5,2011-10-19 12:28:00,2011-12-04 11:56:00,7.685185185185185,0.023878663324929408,78.02736301649111
21249,WOODLAND  HEIGHT CHART STICKERS,1640,4693.88,251,96,16,2.95,2009-12-07 13:32:00,2011-11-29 16:47:00,6.53386454183267,0.023819341802931344,78.05118235829404
21491,SET OF THREE VINTAGE GIFT WRAPS,2513,4691.71,212,23,8,1.95,2009-12-07 12:13:00,2010-12-16 17:31:00,11.85377358490566,0.02380833002339877,78.07499068831744
22434,BALLOON PUMP WITH 10 BALLOONS,2526,4690.36,274,77,12,1.95,2010-04-07 13:34:00,2011-12-04 13:59:00,9.218978102189782,0.023801479377145784,78.09879216769458
22672,FRENCH BATHROOM SIGN BLUE METAL,2822,4683.349999999999,365,66,9,1.65,2010-08-17 11:21:00,2011-12-02 13:32:00,7.7315068493150685,0.023765906762158066,78.12255807445675
85049G,CHOCOLATE BOX RIBBONS,3801,4682.41,504,90,12,1.25,2009-12-22 09:52:00,2011-12-04 12:52:00,7.541666666666667,0.02376113668254488,78.1463192111393
23555,LANDMARK FRAME NOTTING HILL,414,4680.61,47,7,2,12.5,2011-10-19 14:12:00,2011-12-04 13:59:00,8.808510638297872,0.023752002487540898,78.17007121362684
21534,DAIRY MAID LARGE MILK JUG,919,4674.59,333,99,4,4.95,2009-12-10 14:48:00,2011-12-01 19:54:00,2.75975975975976,0.02372145367980537,78.19379266730665
84270,ASSTD DESIGN BUBBLE GUM RING,22182,4665.08,454,50,9,0.21,2009-12-07 13:32:00,2010-12-06 16:57:00,48.859030837004404,0.023673194682867684,78.21746586198952
23176,ABC TREASURE BOOK BOX,2153,4659.09,221,40,17,2.25,2011-03-02 12:10:00,2011-12-04 13:32:00,9.7420814479638,0.023642798111715553,78.24110866010123
22305,COFFEE MUG PINK PAISLEY DESIGN,2240,4642.68,140,79,8,2.55,2009-12-07 12:31:00,2011-11-28 15:54:00,16.0,0.023559524700595944,78.26466818480183
15044B,BLUE PAPER PARASOL,1669,4641.18,188,68,7,2.95,2009-12-07 11:46:00,2011-09-28 15:50:00,8.877659574468085,0.023551912871425964,78.28822009767326
21916,SET 12 RETRO WHITE CHALK STICKS,10756,4630.25,685,102,8,0.42,2009-12-07 13:48:00,2011-12-04 14:55:00,15.702189781021898,0.02349644800954069,78.3117165456828
23558,LANDMARK FRAME LONDON BRIDGE,410,4628.91,49,7,2,12.5,2011-10-19 12:28:00,2011-12-04 11:56:00,8.36734693877551,0.023489648108815507,78.33520619379162
22562,MONSTERS STENCIL CRAFT,3938,4628.67,383,85,10,1.25,2010-03-24 13:15:00,2011-12-02 16:38:00,10.281984334203655,0.02348843021614831,78.35869462400777
72807B,SET/3 OCEAN SCENT CANDLE JEWEL BOX,1051,4607.47,221,85,8,4.25,2009-12-07 12:32:00,2011-11-24 09:26:00,4.755656108597285,0.023380849697212557,78.38207547370499
20681,PINK SPOTTY CHILDS UMBRELLA,1358,4597.08,330,64,15,3.25,2009-12-07 11:39:00,2011-03-10 13:58:00,4.115151515151515,0.02332812509382848,78.40540359879881
23570,TRADITIONAL PICK UP STICKS GAME,2545,4594.88,246,7,7,1.25,2011-10-21 13:13:00,2011-12-04 13:15:00,10.345528455284553,0.023316961077712507,78.42872055987652
23494,VINTAGE DOILY DELUXE SEWING KIT,701,4594.2300000000005,184,11,13,5.95,2011-09-25 12:31:00,2011-12-04 15:28:00,3.8097826086956523,0.023313662618405517,78.45203422249493
82581,TOILET METAL SIGN,8288,4585.85,900,102,11,0.55,2009-12-07 10:33:00,2011-12-04 13:59:00,9.20888888888889,0.023271137866109216,78.47530536036103
21878,PACK OF 6 SANDCASTLE FLAGS ASSORTED,5582,4580.74,399,81,7,0.85,2010-03-25 14:12:00,2011-12-02 16:39:00,13.989974937343359,0.023245206901403474,78.49855056726244
22474,SPACEBOY TV DINNER TRAY,912,4576.49,241,74,15,4.95,2010-03-08 08:45:00,2011-12-04 14:55:00,3.784232365145228,0.02322364005208852,78.52177420731454
23389,SPACEBOY MINI BACKPACK,1073,4564.77,219,13,12,4.15,2011-09-11 13:39:00,2011-12-04 13:54:00,4.899543378995434,0.023164166293507062,78.54493837360805
23285,PINK VINTAGE SPOT BEAKER,4800,4561.0,187,26,14,0.85,2011-06-12 13:17:00,2011-12-02 14:26:00,25.668449197860962,0.023145035229526503,78.56808340883758
22304,COFFEE MUG BLUE PAISLEY DESIGN,2322,4555.45,161,73,9,2.55,2009-12-07 12:31:00,2011-11-28 15:54:00,14.422360248447205,0.02311687146159757,78.59120028029918
23241,TREASURE TIN GYMKHANA DESIGN,2124,4539.17,348,26,16,2.08,2011-06-08 12:49:00,2011-12-04 14:55:00,6.103448275862069,0.02303425774233936,78.61423453804152
20961,STRAWBERRY BATH SPONGE,3426,4534.77,491,97,13,1.25,2009-12-07 11:47:00,2011-12-02 11:45:00,6.977596741344196,0.023011929710107414,78.63724646775162
23184,BULL DOG BOTTLE OPENER,841,4525.2300000000005,251,39,9,4.95,2011-03-06 10:05:00,2011-12-04 15:19:00,3.350597609561753,0.022963518476586325,78.66020998622821
15044D,RED PAPER PARASOL,1587,4520.74,222,81,7,2.95,2009-12-07 17:56:00,2011-11-28 15:54:00,7.148648648648648,0.022940733734604177,78.68315071996281
85184D,S/4 BLUE ROUND DECOUPAGE BOXES,8306,4519.67,63,32,8,2.95,2009-12-07 13:32:00,2010-09-27 16:30:00,131.84126984126985,0.022935303963129587,78.70608602392593
22574,HEART WOODEN CHRISTMAS DECORATION,4979,4513.32,404,51,13,0.85,2010-07-18 11:31:00,2011-12-04 12:31:00,12.324257425742575,0.022903080552976664,78.72898910447891
22760,"TRAY, BREAKFAST IN BED",356,4506.889999999999,120,41,9,12.75,2010-10-10 14:17:00,2011-09-05 10:00:00,2.966666666666667,0.022870451178601335,78.75185955565752
21328,BALLOONS  WRITING SET,2394,4499.24,618,99,9,1.65,2009-12-07 17:56:00,2011-12-02 10:52:00,3.8737864077669903,0.022831630849834427,78.77469118650735
22451,SILK PURSE BABUSHKA RED,1339,4496.99,238,51,12,3.35,2010-03-17 10:34:00,2011-05-13 11:12:00,5.626050420168068,0.022820213106079453,78.79751139961343
23177,TREASURE ISLAND BOOK BOX,2022,4495.16,258,40,16,2.25,2011-03-02 12:10:00,2011-12-04 12:29:00,7.837209302325581,0.022810926674492076,78.82032232628792
22601,CHRISTMAS RETROSPOT ANGEL WOOD,5194,4489.45,407,50,15,0.85,2010-07-18 11:31:00,2011-12-04 14:15:00,12.761670761670763,0.022781950978118342,78.84310427726604
22800,ANTIQUE TALL SWIRLGLASS TRINKET POT,1108,4489.18,261,56,4,3.75,2010-10-22 13:27:00,2011-12-04 14:01:00,4.245210727969349,0.022780580848867745,78.86588485811491
20963,APPLE BATH SPONGE,3329,4487.25,483,100,12,1.25,2009-12-07 17:56:00,2011-12-04 13:32:00,6.892339544513457,0.022770786962002368,78.88865564507691
21811,HANGING HEART WITH BELL,6259,4473.29,372,76,8,1.25,2009-12-07 17:56:00,2011-11-23 12:45:00,16.8252688172043,0.022699946205193732,78.9113555912821
51014A,"FEATHER PEN,HOT PINK",6522,4466.7,361,91,11,0.83,2009-12-07 13:35:00,2011-12-04 14:15:00,18.066481994459835,0.02266650490237361,78.93402209618448
37447,CERAMIC CAKE DESIGN SPOTTED PLATE,2844,4465.139999999999,353,96,13,1.49,2009-12-07 17:56:00,2011-12-02 11:12:00,8.056657223796034,0.022658588600036826,78.95668068478452
84279P,CHERRY BLOSSOM  DECORATIVE FLASK,1141,4461.67,298,96,12,3.75,2009-12-07 13:32:00,2011-12-01 16:22:00,3.8288590604026846,0.02264097990189027,78.97932166468641
21614,SET OF 12 ROSE BOTANICAL T-LIGHTS,1599,4455.570000000001,188,55,8,2.95,2009-12-09 14:48:00,2011-05-31 10:43:00,8.50531914893617,0.02261002512993234,79.00193168981635
22747,POPPY'S PLAYHOUSE BATHROOM,2016,4440.02,394,61,15,2.1,2010-09-24 16:50:00,2011-12-04 14:51:00,5.116751269035533,0.022531115834203527,79.02446280565054
84968E,SET OF 16 VINTAGE BLACK CUTLERY,384,4440.0199999999995,95,52,5,12.75,2009-12-07 15:42:00,2011-12-01 11:00:00,4.042105263157895,0.02253111583420352,79.04699392148474
23288,GREEN VINTAGE SPOT BEAKER,4615,4434.17,182,26,12,0.85,2011-06-12 13:17:00,2011-12-02 14:26:00,25.357142857142858,0.02250142970044059,79.06949535118518
22908,PACK OF 20 NAPKINS RED APPLES,5487,4431.93,480,61,14,0.85,2010-09-20 13:44:00,2011-12-04 13:59:00,11.43125,0.022490062702213418,79.0919854138874
10135,COLOURING PENCILS BROWN TUBE,4126,4427.68,312,92,7,1.25,2009-12-07 08:53:00,2011-12-01 15:32:00,13.224358974358974,0.02246849585289847,79.1144539097403
22736,RIBBON REEL MAKING SNOWMEN,2486,4421.01,398,45,12,1.65,2010-09-16 12:20:00,2011-12-04 14:51:00,6.2462311557788945,0.022434648585855945,79.13688855832616
23163,REGENCY SUGAR TONGS,1801,4420.740000000001,200,32,7,2.49,2011-04-27 12:49:00,2011-12-02 16:39:00,9.005,0.02243327845660535,79.15932183678277
22291,"SPRING DEC , HANGING CHICK CREAM",3190,4408.58,263,64,5,1.45,2009-12-17 15:44:00,2011-11-25 14:53:00,12.129277566539924,0.02237157189480069,79.18169340867756
23351,ROLL WRAP 50'S CHRISTMAS,3284,4408.23,321,18,10,1.25,2011-08-04 16:17:00,2011-12-04 15:00:00,10.230529595015577,0.022369795801327693,79.20406320447889
22548,HEADS AND TAILS SPORTING FUN,3526,4404.31,428,83,11,1.25,2010-03-25 14:22:00,2011-11-13 13:42:00,8.238317757009346,0.022349903554430145,79.22641310803331
22442,GROW YOUR OWN FLOWERS SET OF 3,690,4398.12,154,57,9,7.95,2010-03-23 12:41:00,2011-12-04 15:19:00,4.48051948051948,0.022318492072722015,79.24873160010604
21506,"FANCY FONT BIRTHDAY CARD,",10516,4393.54,651,102,14,0.42,2009-12-07 11:46:00,2011-12-04 15:18:00,16.153609831029186,0.02229525062098967,79.27102685072703
23168,CLASSIC CAFE SUGAR DISPENSER,3178,4391.72,322,30,8,1.25,2011-05-12 08:42:00,2011-12-04 14:55:00,9.869565217391305,0.022286014934930088,79.29331286566196
22733,3D TRADITIONAL CHRISTMAS STICKERS,3406,4376.66,328,39,12,1.25,2010-09-17 13:38:00,2011-12-04 14:15:00,10.384146341463415,0.022209592170063467,79.31552245783202
22449,SILK PURSE BABUSHKA PINK,1323,4374.45,308,76,19,3.35,2010-03-17 10:34:00,2011-11-24 11:52:00,4.295454545454546,0.022198377408419692,79.33772083524043
22107,PIZZA PLATE IN BOX,1093,4364.1,342,86,9,3.75,2009-12-07 14:02:00,2011-12-04 13:15:00,3.195906432748538,0.022145855787146815,79.35986669102758
22611,VINTAGE UNION JACK SHOPPING BAG,907,4338.63,195,58,8,4.95,2010-03-28 11:30:00,2011-11-25 11:58:00,4.651282051282052,0.02201660692784051,79.38188329795541
22721,SET OF 3 CAKE TINS SKETCHBOOK,873,4332.12,272,49,12,4.95,2010-12-14 11:48:00,2011-12-04 15:28:00,3.2095588235294117,0.021983571589242787,79.40386686954466
22743,MAKE YOUR OWN FLOWERPOWER CARD KIT,1256,4328.160000000001,333,62,10,2.95,2010-08-10 12:40:00,2011-12-01 19:42:00,3.7717717717717716,0.021963476360234036,79.42583034590488
22892,SET OF SALT AND PEPPER TOADSTOOLS,3520,4322.06,295,57,10,1.25,2010-10-15 11:45:00,2011-11-22 11:34:00,11.932203389830509,0.02193252158827611,79.44776286749315
22594,CHRISTMAS GINGHAM TREE,4747,4310.29,402,50,14,0.85,2010-07-18 11:31:00,2011-12-04 12:32:00,11.808457711442786,0.021872794102055643,79.4696356615952
21990,MODERN FLORAL STATIONERY SET,2356,4310.29,473,91,10,2.46,2009-12-07 15:15:00,2011-12-04 13:59:00,4.980972515856236,0.021872794102055643,79.49150845569726
22075,6 RIBBONS ELEGANT CHRISTMAS,2592,4304.82,317,66,7,1.65,2009-12-07 11:40:00,2011-12-04 15:35:00,8.176656151419559,0.021845036298349108,79.5133534919956
22573,STAR WOODEN CHRISTMAS DECORATION,4824,4298.179999999999,394,48,12,0.85,2010-07-18 11:31:00,2011-12-02 16:39:00,12.243654822335026,0.021811341267889982,79.5351648332635
22425,ENAMEL COLANDER CREAM,849,4281.740000000001,297,79,8,4.95,2010-05-16 11:35:00,2011-12-01 16:22:00,2.8585858585858586,0.021727915620186982,79.55689274888368
23112,PARISIENNE CURIO CABINET,522,4277.6,232,30,12,7.5,2011-05-11 12:47:00,2011-12-02 16:39:00,2.25,0.02170690697167783,79.57859965585536
22227,HANGING HEART MIRROR DECORATION,5918,4269.17,630,102,5,0.65,2009-12-07 12:32:00,2011-12-04 12:31:00,9.393650793650794,0.021664128491742526,79.60026378434709
15039,SANDALWOOD FAN,5045,4263.7,300,92,8,0.85,2009-12-08 15:49:00,2011-12-01 16:22:00,16.816666666666666,0.02163637068803599,79.62190015503514
84969,BOX OF 6 ASSORTED COLOUR TEASPOONS,964,4254.64,338,92,13,4.25,2009-12-09 09:42:00,2011-12-04 13:00:00,2.8520710059171597,0.0215903952398493,79.64349055027499
84997b,CHILDRENS CUTLERY RETROSPOT RED,504,4239.67,81,51,1,8.29,2010-06-24 11:40:00,2011-11-30 14:46:00,6.222222222222222,0.021514429184732873,79.66500497945972
23050,RECYCLED ACAPULCO MAT GREEN,493,4236.79,202,39,12,8.25,2011-03-04 13:58:00,2011-12-02 16:39:00,2.4405940594059405,0.021499814472726506,79.68650479393246
22497,SET OF 2 TINS VINTAGE BATHROOM,928,4234.82,278,83,13,4.25,2010-01-31 12:27:00,2011-11-25 11:54:00,3.338129496402878,0.02148981760374993,79.70799461153621
21899,"KEY FOB , GARAGE DESIGN",6555,4232.83,606,101,6,0.65,2009-12-07 12:08:00,2011-12-02 13:38:00,10.816831683168317,0.021479719243717752,79.72947433077992
22202,MILK PAN PINK RETROSPOT,1049,4230.41,254,63,9,3.75,2009-12-07 10:42:00,2011-05-05 19:16:00,4.1299212598425195,0.02146743882599018,79.75094176960592
72802B,OCEAN SCENT CANDLE IN JEWELLED BOX,1552,4229.22,208,78,6,4.25,2009-12-09 15:20:00,2011-11-03 19:15:00,7.461538461538462,0.021461400108181997,79.7724031697141
22530,MAGIC DRAWING SLATE DOLLY GIRL,9989,4225.17,462,86,15,0.42,2010-03-28 13:10:00,2011-11-30 17:37:00,21.62121212121212,0.021440848169423044,79.79384401788352
20674,GREEN POLKADOT BOWL,3303,4218.58,455,101,15,1.25,2009-12-07 18:02:00,2011-12-02 16:07:00,7.259340659340659,0.021407406866602918,79.81525142475012
22285,"DECORATION HEN ON NEST, HANGING",2688,4218.32,258,77,6,1.65,2009-12-08 15:49:00,2011-11-30 13:13:00,10.418604651162791,0.021406087482880122,79.83665751223299
47580,TEA TIME DES TEA COSY,1631,4216.929999999999,331,88,12,2.55,2009-12-07 18:02:00,2011-12-04 11:45:00,4.927492447129909,0.021399033854515935,79.85805654608751
84598,BOYS ALPHABET IRON ON PATCHES,20163,4213.86,211,85,6,0.42,2009-12-08 15:49:00,2011-12-01 16:22:00,95.55924170616113,0.021383454977481373,79.87944000106499
23275,SET OF 3 HANGING OWLS OLLIE BEAK,3471,4197.16,300,27,11,1.25,2011-06-02 12:37:00,2011-12-04 15:00:00,11.57,0.02129870994605557,79.90073871101104
21537,RED RETROSPOT PUDDING BOWL,973,4193.91,247,81,12,4.25,2009-12-07 17:56:00,2011-12-01 09:20:00,3.9392712550607287,0.02128221764952061,79.92202092866056
22851,SET 20 NAPKINS FAIRY CAKES DESIGN,5164,4189.57,520,67,10,0.85,2010-08-19 19:03:00,2011-12-04 13:20:00,9.930769230769231,0.02126019409045546,79.94328112275102
21474,SWEETHEART CREAM STEEL FOLDIN BENCH,210,4189.5,94,27,4,19.95,2010-01-21 14:30:00,2010-09-12 11:29:00,2.234042553191489,0.02125983887176086,79.96454096162277
21068,VINTAGE BILLBOARD LOVE/HATE MUG,4036,4184.71,367,95,8,1.25,2009-12-07 17:56:00,2011-12-02 10:08:00,10.997275204359672,0.02123553176394472,79.98577649338672
21064,BOOM BOX SPEAKER BOYS,785,4179.45,153,58,8,5.95,2009-12-07 09:18:00,2011-12-04 14:55:00,5.130718954248366,0.02120883961632198,80.00698533300304
23167,SMALL CERAMIC TOP STORAGE JAR,5434,4173.379999999999,223,30,11,0.83,2011-05-11 14:14:00,2011-12-01 16:22:00,24.367713004484305,0.021178037080947447,80.02816337008399
23309,SET OF 60 I LOVE LONDON CAKE CASES,7594,4170.4,389,27,8,0.55,2011-06-02 15:13:00,2011-12-04 15:19:00,19.52185089974293,0.02116291491366308,80.04932628499765
21913,VINTAGE SEASIDE JIGSAW PUZZLES,1093,4163.77,290,96,14,3.75,2009-12-08 15:49:00,2011-11-30 15:13:00,3.768965517241379,0.021129270628731767,80.07045555562638
22833,HALL CABINET WITH 3 DRAWERS,120,4163.54,13,8,2,49.95,2010-11-04 18:40:00,2011-02-03 11:39:00,9.23076923076923,0.021128103481592365,80.09158365910797
22797,CHEST OF DRAWERS GINGHAM HEART,240,4155.32,138,47,7,16.95,2010-10-17 12:59:00,2011-11-30 10:48:00,1.7391304347826086,0.021086390657740862,80.11267004976571
23237,SET OF 4 KNICK KNACK TINS LEAF,1024,4154.04,169,26,12,4.15,2011-06-08 13:35:00,2011-12-04 13:54:00,6.059171597633136,0.02107989523018248,80.1337499449959
21609,SET 12 LAVENDER  BOTANICAL T-LIGHTS,1488,4153.84,213,76,6,2.95,2009-12-07 15:28:00,2011-08-30 14:09:00,6.985915492957746,0.02107888031962648,80.15482882531552
21355,TOAST ITS - I LOVE YOU,3401,4152.9800000000005,331,75,11,1.25,2009-12-07 17:56:00,2011-11-27 16:27:00,10.274924471299094,0.021074516204235692,80.17590334151976
22926,IVORY GIANT GARDEN THERMOMETER,680,4150.31,216,25,8,5.95,2010-11-21 10:49:00,2011-05-10 10:00:00,3.1481481481481484,0.021060967148313122,80.19696430866807
22071,SMALL WHITE RETROSPOT MUG IN BOX,1476,4149.67,241,80,15,3.75,2009-12-07 11:39:00,2011-12-04 12:32:00,6.124481327800829,0.02105771943453393,80.21802202810261
20665,RED RETROSPOT PURSE,1300,4135.55,340,93,17,2.95,2009-12-07 16:56:00,2011-12-01 16:22:00,3.823529411764706,0.020986066749280493,80.23900809485188
72807A,SET/3 ROSE CANDLE IN JEWELLED BOX,905,4128.39,210,81,9,4.25,2009-12-09 09:51:00,2011-11-24 09:26:00,4.309523809523809,0.020949732951375782,80.25995782780326
21470,FLOWER VINE RAFFIA FOOD COVER,1089,4126.7,310,92,6,3.75,2009-12-09 09:51:00,2011-12-01 12:55:00,3.5129032258064514,0.020941156957177597,80.28089898476044
23306,SET OF 36 DOILIES PANTRY DESIGN,2807,4120.46,276,27,13,1.45,2011-06-05 11:29:00,2011-12-04 12:32:00,10.170289855072463,0.02090949174783047,80.30180847650827
21810,CHRISTMAS HANGING STAR WITH BELL,6562,4117.34,318,41,6,0.83,2009-12-08 12:51:00,2011-12-04 14:55:00,20.635220125786162,0.02089365914315691,80.32270213565143
22299,PIG KEYRING WITH LIGHT & SOUND,3358,4109.38,187,70,8,1.25,2009-12-07 13:48:00,2011-12-04 10:56:00,17.9572192513369,0.0208532657030282,80.34355540135445
22600,CHRISTMAS RETROSPOT STAR WOOD,4751,4107.889999999999,415,51,15,0.85,2010-07-16 15:26:00,2011-12-04 15:00:00,11.448192771084337,0.020845704619386014,80.36440110597384
21556,CERAMIC STRAWBERRY MONEY BOX,1558,4106.36,281,77,9,2.55,2009-12-07 08:53:00,2011-11-23 12:20:00,5.544483985765124,0.020837940553632632,80.38523904652747
79320,FLAMINGO LIGHTS,845,4092.62,143,40,7,4.95,2009-12-07 09:18:00,2010-09-22 15:12:00,5.909090909090909,0.020768216198435597,80.40600726272591
22723,SET OF 6 HERB TINS SKETCHBOOK,1038,4091.2400000000002,278,50,10,3.95,2010-12-13 15:13:00,2011-12-04 15:19:00,3.7338129496402876,0.020761213315599214,80.4267684760415
20966,SANDWICH BATH SPONGE,2888,4078.21,404,71,9,1.25,2009-12-07 13:35:00,2011-08-24 10:22:00,7.148514851485149,0.020695091892875966,80.44746356793438
22127,PARTY CONES CARNIVAL ASSORTED,3408,4078.11,151,57,11,1.25,2009-12-07 13:48:00,2011-03-23 12:24:00,22.56953642384106,0.020694584437597967,80.46815815237197
72756,FAIRY CAKE CANDLES,3015,4077.6299999999997,88,6,5,1.49,2009-12-07 11:41:00,2010-06-15 12:11:00,34.26136363636363,0.02069214865226357,80.48885030102423
85053,FRENCH ENAMEL CANDLEHOLDER,1892,4074.4100000000003,354,70,12,2.1,2009-12-07 17:56:00,2011-12-04 14:55:00,5.344632768361582,0.020675808592312012,80.50952610961654
23089,GLASS BON BON JAR,2292,4070.8399999999997,218,30,6,1.95,2011-05-12 15:17:00,2011-12-04 14:55:00,10.513761467889909,0.02065769243888745,80.53018380205543
22312,OFFICE MUG WARMER POLKADOT,1178,4067.32,257,83,15,2.95,2009-12-07 15:55:00,2011-12-04 13:15:00,4.583657587548638,0.020639830013101892,80.55082363206853
23012,GLASS APOTHECARY BOTTLE PERFUME,1048,4067.2000000000003,236,25,11,3.95,2011-06-14 13:04:00,2011-12-04 15:54:00,4.440677966101695,0.020639221066768295,80.5714628531353
21245,GREEN POLKADOT PLATE,2432,4061.6499999999996,296,97,15,1.69,2009-12-08 12:33:00,2011-11-30 14:52:00,8.216216216216216,0.020611057298839358,80.59207391043414
79341,WILLOW BRANCH LIGHTS.,673,4061.17,68,18,2,6.75,2009-12-07 09:42:00,2010-04-20 10:35:00,9.897058823529411,0.020608621513504965,80.61268253194764
23543,WALL ART KEEP CALM,527,4060.21,98,9,7,8.25,2011-10-03 11:26:00,2011-12-04 12:52:00,5.377551020408164,0.020603749942836178,80.63328628189048
21143,ANTIQUE GLASS HEART DECORATION,2044,4058.6499999999996,176,39,4,1.95,2009-12-07 13:49:00,2011-08-22 14:38:00,11.613636363636363,0.020595833640499394,80.65388211553098
21153,RED SPOTTY TABLECLOTH,377,4057.9900000000002,132,34,8,10.65,2009-12-07 12:26:00,2010-09-22 15:17:00,2.856060606060606,0.020592484435664603,80.67447459996664
22744,MAKE YOUR OWN MONSOON CARD KIT,1288,4055.84,282,62,10,2.95,2010-08-10 17:02:00,2011-12-02 15:39:00,4.567375886524823,0.02058157414718763,80.69505617411383
23144,ZINC T-LIGHT HOLDER STARS SMALL,4954,4052.18,265,33,10,0.83,2011-04-21 09:36:00,2011-12-04 12:31:00,18.69433962264151,0.020563001284012873,80.71561917539785
21707,FOLDING UMBRELLA BLACKBLUE POLKADOT,978,4051.3,166,70,10,4.95,2009-12-07 16:56:00,2011-12-02 12:13:00,5.891566265060241,0.02055853567756648,80.73617771107541
21564,PINK  HEART SHAPE LOVE BUCKET,1352,4046.9700000000003,282,95,10,2.95,2009-12-08 17:10:00,2011-11-29 17:52:00,4.794326241134752,0.020536562864029134,80.75671427393944
22359,GLASS JAR KINGS CHOICE,1276,4043.44,200,73,7,2.95,2010-03-16 08:23:00,2011-12-04 13:32:00,6.38,0.020518649692715774,80.77723292363216
23110,PARISIENNE KEY CABINET,685,4040.8,248,30,12,5.75,2011-05-11 10:32:00,2011-12-04 11:56:00,2.7620967741935485,0.020505252873376605,80.79773817650553
21864,UNION JACK FLAG PASSPORT COVER,1644,4038.8500000000004,391,97,5,2.1,2009-12-07 12:42:00,2011-12-01 11:18:00,4.20460358056266,0.02049535749545563,80.81823353400098
21012,ANTIQUE ALL GLASS CANDLESTICK,2161,4026.7400000000002,280,88,3,2.46,2009-12-08 09:24:00,2011-12-04 14:15:00,7.7178571428571425,0.02043390466128997,80.83866743866227
21911,GARDEN METAL SIGN,2511,4023.0999999999995,339,64,7,1.65,2009-12-07 13:52:00,2011-04-15 10:42:00,7.407079646017699,0.02041543328917081,80.85908287195144
16161U,WRAP SUKI AND FRIENDS,9876,4021.92,312,96,13,0.42,2009-12-08 12:46:00,2011-12-02 16:34:00,31.653846153846153,0.020409445316890425,80.87949231726833
21717,EASTER TIN BUCKET,1548,4019.0899999999997,174,42,12,2.55,2009-12-16 13:15:00,2011-03-22 11:05:00,8.89655172413793,0.020395084332523055,80.89988740160085
23009,I LOVE LONDON BABY GIFT SET,258,4016.2499999999995,99,37,8,16.95,2011-03-09 15:17:00,2011-12-01 16:37:00,2.606060606060606,0.02038067260262789,80.92026807420348
23194,GYMKHANA TREASURE BOOK BOX,1816,4015.98,205,40,12,2.25,2011-03-02 12:10:00,2011-12-04 13:32:00,8.858536585365854,0.020379302473377298,80.94064737667685
22053,EMPIRE DESIGN ROSETTE,4548,4015.8199999999997,85,52,4,1.25,2009-12-07 18:02:00,2011-11-08 12:58:00,53.50588235294118,0.020378490544932498,80.96102586722178
23349,ROLL WRAP VINTAGE CHRISTMAS,3031,4009.5099999999998,311,18,8,1.25,2011-08-04 15:23:00,2011-12-04 13:32:00,9.745980707395498,0.020346470116890773,80.98137233733867
22476,EMPIRE UNION JACK TV DINNER TRAY,714,4004.67,264,80,8,4.95,2010-03-07 12:35:00,2011-12-04 15:19:00,2.7045454545454546,0.020321909281435627,81.0016942466201
35924,HANGING FAIRY CAKE DECORATION,2144,4003.17,181,74,8,2.1,2009-12-07 18:02:00,2011-11-22 16:47:00,11.845303867403315,0.020314297452265647,81.02200854407236
84950,ASSORTED COLOUR T-LIGHT HOLDER,5777,3998.27,267,86,8,0.72,2009-12-08 17:24:00,2011-12-02 14:25:00,21.636704119850187,0.020289432143643704,81.042297976216
21109,"LARGE CAKE TOWEL, CHOCOLATE SPOTS",953,3996.0099999999998,204,74,8,6.75,2009-12-07 17:56:00,2011-12-04 15:19:00,4.671568627450981,0.02027796365436093,81.06257593987037
84580,MOUSE TOY WITH PINK T-SHIRT,1043,3995.34,433,96,10,3.75,2009-12-07 17:56:00,2011-12-04 15:35:00,2.4087759815242493,0.020274563703998338,81.08285050357436
21472,LADYBIRD + BEE RAFFIA FOOD COVER,1037,3990.4500000000003,276,69,6,3.75,2009-12-08 13:14:00,2011-07-15 15:32:00,3.7572463768115942,0.020249749140904195,81.10310025271527
70006,LOVE HEART POCKET WARMER,4340,3989.68,273,59,11,1.65,2009-12-07 11:47:00,2011-12-04 15:28:00,15.897435897435898,0.020245841735263604,81.12334609445053
23130,MISTLETOE HEART WREATH GREEN,962,3988.98,184,28,5,4.15,2011-05-01 11:55:00,2011-12-04 14:45:00,5.228260869565218,0.020242289548317614,81.14358838399885
22245,"HOOK, 1 HANGER ,MAGIC GARDEN",4633,3988.85,413,75,17,0.85,2009-12-09 11:58:00,2011-09-01 13:40:00,11.217917675544793,0.020241629856456216,81.1638300138553
20982,12 PENCILS TALL TUBE SKULLS,4561,3987.66,543,98,12,0.85,2009-12-07 11:39:00,2011-12-02 12:24:00,8.39963167587477,0.020235591138648028,81.18406560499395
22612,TEA COSY VINTAGE UNION JACK,1001,3984.99,109,24,4,3.75,2010-03-28 11:30:00,2010-09-28 12:44:00,9.18348623853211,0.02022204208272546,81.20428764707667
22639,SET OF 4 NAPKIN CHARMS HEARTS,1610,3980.39,270,67,6,2.55,2010-07-18 12:49:00,2011-12-04 15:19:00,5.962962962962963,0.020198699139937513,81.22448634621661
21901,"KEY FOB , BACK DOOR",6045,3977.1400000000003,668,101,4,0.65,2009-12-07 12:08:00,2011-12-02 16:38:00,9.04940119760479,0.020182206843402554,81.24466855306001
84596B,SMALL DOLLY MIX DESIGN ORANGE BOWL,6076,3974.98,701,98,11,0.83,2009-12-07 17:18:00,2011-12-04 13:59:00,8.667617689015692,0.02017124580939778,81.2648397988694
23129,HEART SHAPED HOLLY WREATH,947,3974.63,170,25,10,4.15,2011-05-18 15:39:00,2011-12-02 16:39:00,5.570588235294117,0.02016946971592478,81.28500926858533
85206A,CREAM FELT EASTER EGG BASKET,2321,3973.0099999999998,317,32,11,1.65,2010-01-12 11:45:00,2011-03-17 18:24:00,7.321766561514195,0.0201612489404212,81.30517051752575
23255,CHILDRENS CUTLERY CIRCUS PARADE,984,3972.7200000000003,152,35,17,4.15,2011-04-10 12:53:00,2011-12-02 13:12:00,6.473684210526316,0.020159777320115004,81.32533029484587
20981,12 PENCILS TALL TUBE WOODLAND,4603,3967.16,497,99,19,0.85,2009-12-07 11:39:00,2011-12-02 13:12:00,9.261569416498993,0.02013156280665827,81.34546185765252
21987,PACK OF 6 SKULL PAPER CUPS,6364,3951.65,378,98,15,0.65,2009-12-07 15:28:00,2011-11-28 13:26:00,16.835978835978835,0.02005285649304065,81.36551471414556
84031A,CHARLIE+LOLA RED HOT WATER BOTTLE,947,3950.03,291,72,10,4.21,2009-12-07 14:58:00,2011-12-04 15:28:00,3.254295532646048,0.02004463571753707,81.3855593498631
22788,BROCANTE COAT RACK,476,3942.62,84,32,7,9.95,2010-10-17 09:54:00,2011-06-15 13:05:00,5.666666666666667,0.020007033281437357,81.40556638314453
23340,VINTAGE CHRISTMAS CAKE FRILL,2452,3938.4799999999996,142,18,3,1.65,2011-07-31 15:31:00,2011-12-04 10:51:00,17.267605633802816,0.0199860246329282,81.42555240777746
22454,MEASURING TAPE BABUSHKA RED,1405,3933.63,179,57,13,2.95,2010-03-19 16:43:00,2011-11-16 11:05:00,7.849162011173185,0.01996141305194526,81.4455138208294
22807,SET OF 6 T-LIGHTS TOADSTOOLS,1285,3932.0800000000004,278,58,9,2.95,2010-09-20 14:49:00,2011-12-04 10:51:00,4.622302158273381,0.019953547495136285,81.46546736832454
22959,WRAP CHRISTMAS VILLAGE,9613,3929.46,279,32,12,0.42,2010-09-06 17:13:00,2011-12-04 13:32:00,34.45519713261649,0.01994025216685271,81.48540762049139
22284,HEN HOUSE DECORATION,2408,3923.6899999999996,295,86,4,1.65,2009-12-13 13:21:00,2011-12-02 16:39:00,8.162711864406779,0.019910971997312177,81.50531859248869
22057,CERAMIC PLATE STRAWBERRY DESIGN,2885,3921.16,246,79,7,1.49,2009-12-09 09:51:00,2011-12-04 12:14:00,11.727642276422765,0.01989813337877881,81.52521672586747
22445,PENCIL CASE LIFE IS BEAUTIFUL,1281,3919.8,271,76,14,2.95,2010-03-17 15:24:00,2011-12-01 16:37:00,4.726937269372693,0.019891231986998024,81.54510795785447
21679,SKULLS  STICKERS,4745,3919.12,357,94,10,0.85,2009-12-07 13:59:00,2011-12-01 12:53:00,13.291316526610645,0.01988778129110763,81.56499573914557
22731,3D CHRISTMAS STAMPS STICKERS,2922,3909.8,257,36,7,1.25,2010-09-16 13:12:00,2011-12-04 14:15:00,11.369649805447471,0.019840486459198142,81.58483622560477
23404,HOME SWEET HOME BLACKBOARD,836,3903.21,158,13,7,4.95,2011-09-05 10:15:00,2011-12-04 12:44:00,5.291139240506329,0.01980704515637802,81.60464327076116
23049,RECYCLED ACAPULCO MAT RED,456,3896.84,186,40,12,8.25,2011-03-04 13:58:00,2011-12-01 14:38:00,2.4516129032258065,0.019774720255169492,81.62441799101633
21349,IVY HEART WREATH,540,3894.5,163,29,9,6.75,2009-12-07 18:02:00,2011-11-01 15:55:00,3.312883435582822,0.01976284580166432,81.644180836818
21648,ASSORTED TUTTI FRUTTI SMALL PURSE,2901,3892.22,222,75,9,1.25,2009-12-07 13:49:00,2011-11-29 16:33:00,13.067567567567568,0.019751275821325947,81.66393211263932
22980,PANTRY SCRUBBING BRUSH,2356,3891.8999999999996,286,41,11,1.65,2011-02-16 13:02:00,2011-12-02 16:39:00,8.237762237762238,0.01974965196443635,81.68368176460375
72349B,SET/6 PURPLE BUTTERFLY T-LIGHTS,1919,3885.8300000000004,270,91,3,2.1,2009-12-07 15:28:00,2011-12-04 10:51:00,7.107407407407408,0.019718849429061824,81.70340061403282
22790,"MIRROR, ARCHED GEORGIAN",200,3884.0000000000005,1,1,1,19.42,2010-10-14 09:46:00,2010-10-14 09:46:00,200.0,0.019709562997474447,81.72311017703029
18097C,WHITE TALL PORCELAIN T-LIGHT HOLDER,1743,3869.1,204,78,4,2.55,2009-12-07 11:05:00,2011-11-24 09:26:00,8.544117647058824,0.01963395216105262,81.74274412919135
20967,GREY FLORAL FELTCRAFT SHOULDER BAG,1026,3860.38,282,67,11,3.75,2009-12-07 12:19:00,2011-10-26 14:42:00,3.6382978723404253,0.01958970206081112,81.76233383125216
23081,GREEN METAL BOX ARMY SUPPLIES,461,3860.37,133,30,9,8.25,2011-05-10 13:33:00,2011-12-04 16:02:00,3.4661654135338344,0.01958965131528332,81.78192348256745
23557,LANDMARK FRAME BAKER STREET,345,3855.31,29,7,1,12.5,2011-10-19 13:23:00,2011-11-30 10:12:00,11.89655172413793,0.01956397407821658,81.80148745664566
23032,DRAWER KNOB CRACKLE GLAZE IVORY,2328,3853.68,199,24,10,1.65,2011-06-14 13:51:00,2011-11-27 11:05:00,11.698492462311558,0.0195557025571852,81.82104315920284
22843,BISCUIT TIN VINTAGE GREEN,594,3845.2200000000003,176,53,9,6.75,2010-10-15 08:41:00,2011-11-30 08:43:00,3.375,0.0195127718406665,81.84055593104351
22778,GLASS CLOCHE SMALL,972,3844.46,194,53,7,3.95,2010-10-18 08:13:00,2011-11-24 12:48:00,5.010309278350515,0.01950891518055371,81.86006484622406
22777,GLASS CLOCHE LARGE,455,3838.82,100,23,3,8.5,2010-10-22 10:59:00,2011-07-21 18:21:00,4.55,0.019480294702874573,81.87954514092694
23131,MISTLETOE HEART WREATH CREAM,939,3823.53,114,32,5,4.15,2011-04-26 16:45:00,2011-11-30 15:50:00,8.236842105263158,0.019402704790868554,81.8989478457178
21067,VINTAGE RED TEATIME MUG,4752,3812.96,262,79,9,1.25,2009-12-07 17:56:00,2011-10-04 13:25:00,18.137404580152673,0.019349066767984077,81.91829691248579
23569,TRADTIONAL ALPHABET STAMP SET,756,3812.28,171,7,10,4.95,2011-10-21 15:36:00,2011-12-04 16:02:00,4.421052631578948,0.019345616072093685,81.93764252855787
37340,MULTICOLOUR SPRING FLOWER MUG,13622,3810.08,196,82,5,0.85,2009-12-07 18:02:00,2011-11-30 15:33:00,69.5,0.01933445205597771,81.95697698061385
21447,12 IVORY ROSE PEG PLACE SETTINGS,2750,3808.81,333,89,8,1.25,2009-12-07 15:42:00,2011-09-21 15:43:00,8.258258258258259,0.019328007373947124,81.97630498798779
22478,BIRDHOUSE GARDEN MARKER,2746,3808.65,312,86,11,1.25,2010-03-05 10:37:00,2011-12-04 10:53:00,8.801282051282051,0.019327195445502328,81.99563218343329
21192,WHITE BELL HONEYCOMB PAPER,2139,3807.3999999999996,209,66,3,1.65,2009-12-07 18:02:00,2011-11-27 13:26:00,10.23444976076555,0.01932085225452734,82.01495303568781
46000M,POLYESTER FILLER PAD 45x45cm,2453,3802.15,344,94,9,1.55,2009-12-07 15:55:00,2011-12-02 14:02:00,7.130813953488372,0.019294210852432405,82.03424724654025
22579,WOODEN TREE CHRISTMAS SCANDINAVIAN,7152,3797.2799999999997,553,43,11,0.85,2010-07-18 11:31:00,2011-11-28 15:54:00,12.933092224231464,0.01926949778039386,82.05351674432065
22965,3 TRADITIONAl BISCUIT CUTTERS  SET,1826,3792.3200000000006,254,54,13,2.1,2010-11-21 14:36:00,2011-12-04 11:50:00,7.188976377952756,0.01924432799860512,82.07276107231925
84016,FLAG OF ST GEORGE CAR FLAG,1004,3791.67,62,22,2,0.42,2009-12-07 18:02:00,2011-09-14 16:36:00,16.193548387096776,0.019241029539298127,82.09200210185855
22458,CAST IRON HOOK GARDEN FORK,1523,3790.47,173,49,4,2.55,2010-03-04 11:44:00,2011-04-20 11:05:00,8.803468208092486,0.019234940075962142,82.11123704193452
22591,CARDHOLDER GINGHAM CHRISTMAS TREE,1337,3787.85,203,35,7,2.55,2010-07-16 15:26:00,2011-12-01 16:22:00,6.586206896551724,0.01922164474767857,82.13045868668219
23253,16 PIECE CUTLERY SET PANTRY DESIGN,255,3783.67,68,29,9,15.95,2011-04-18 13:13:00,2011-11-24 12:40:00,3.75,0.01920043311705822,82.14965911979925
71038,WHITE HANGING BEADS CANDLE HOLDER,715,3778.3500000000004,143,73,2,5.45,2009-12-07 10:51:00,2011-11-28 11:00:00,5.0,0.019173436496268688,82.16883255629553
21812,GARLAND WITH HEARTS AND BELLS,775,3775.1400000000003,196,63,9,4.95,2009-12-07 18:02:00,2011-11-29 15:39:00,3.954081632653061,0.019157147181844924,82.18798970347737
22830,UTILTY CABINET WITH HOOKS,181,3760.71,18,9,2,26.95,2010-10-22 12:26:00,2011-01-16 13:25:00,10.055555555555555,0.01908392138522969,82.2070736248626
22475,SKULL DESIGN TV DINNER TRAY,733,3760.0800000000004,247,81,8,4.95,2010-03-05 14:30:00,2011-12-04 15:19:00,2.967611336032389,0.0190807244169783,82.22615434927958
21845,DAIRY MAID STRIPE MUG,2521,3758.4100000000003,158,78,5,2.95,2009-12-09 09:42:00,2011-11-28 11:27:00,15.955696202531646,0.019072249913835722,82.24522659919342
21846,PINK DIAMANTE PEN IN GIFT BOX,1591,3754.46,258,80,5,4.21,2009-12-07 15:26:00,2011-12-04 14:45:00,6.166666666666667,0.019052205430354765,82.26427880462377
23299,FOOD COVER WITH BEADS SET 2,1008,3743.04,143,29,9,3.75,2011-05-04 13:57:00,2011-11-29 12:06:00,7.048951048951049,0.018994254037607298,82.28327305866138
22292,HANGING CHICK  YELLOW DECORATION,2755,3738.9399999999996,221,69,5,1.45,2009-12-17 15:44:00,2011-11-25 14:53:00,12.46606334841629,0.01897344837120934,82.30224650703259
21627,ELEPHANT CARNIVAL POUFFE,193,3736.45,114,70,5,29.17,2009-12-08 15:49:00,2011-10-24 14:47:00,1.6929824561403508,0.018960812734787176,82.32120731976738
23064,CINDERELLA CHANDELIER,221,3717.56,23,16,4,49.95,2011-04-28 13:35:00,2011-11-03 14:32:00,9.608695652173912,0.018864954432773196,82.34007227420015
22494,EMERGENCY FIRST AID TIN,2752,3700.15,461,96,22,1.25,2010-01-29 13:53:00,2011-12-04 14:55:00,5.969631236442516,0.0187766064688736,82.35884888066903
22162,HEART GARLAND RUSTIC PADDED,1205,3699.55,258,67,4,2.95,2009-12-07 18:02:00,2011-11-24 09:26:00,4.670542635658915,0.018773561737205607,82.37762244240623
21055,TOOL BOX SOFT TOY,375,3690.24,214,84,14,8.95,2009-12-09 13:22:00,2011-11-30 14:00:00,1.7523364485981308,0.01872631765082392,82.39634876005707
21795,SET OF 3 BLUE STRIPE BASKET,437,3683.9400000000005,78,29,2,12.75,2009-12-08 16:20:00,2010-08-11 11:58:00,5.602564102564102,0.018694347968309995,82.41504310802537
22272,FELTCRAFT DOLL MARIA,1318,3682.7200000000003,285,68,13,2.95,2009-12-08 13:58:00,2011-05-22 11:51:00,4.624561403508772,0.018688157013918405,82.43373126503928
21034,REX CASH+CARRY JUMBO SHOPPER,3866,3672.7,1828,102,9,0.95,2009-12-07 12:42:00,2011-12-04 14:01:00,2.114879649890591,0.018637309995062922,82.45236857503434
20785,FUSCHIA RETRO BAR STOOL,102,3672.35,36,26,2,34.0,2010-01-22 11:28:00,2011-04-06 12:08:00,2.8333333333333335,0.018635533901589927,82.47100410893593
21246,RED RETROSPOT BIG BOWL,745,3665.8300000000004,206,76,16,4.95,2009-12-07 18:02:00,2011-09-04 16:09:00,3.616504854368932,0.018602447817464406,82.48960655675339
85049C,ROMANTIC PINKS RIBBONS,2917,3663.87,489,95,15,1.25,2009-12-07 18:02:00,2011-12-04 12:52:00,5.965235173824131,0.018592501694015627,82.5081990584474
22769,CHALKBOARD KITCHEN ORGANISER,174,3656.86,45,12,3,24.95,2010-10-10 11:58:00,2011-01-04 13:25:00,3.8666666666666667,0.01855692907902791,82.52675598752643
23091,ZINC HERB GARDEN CONTAINER,580,3656.32,209,27,4,6.25,2011-05-11 09:28:00,2011-11-10 18:04:00,2.77511961722488,0.018554188820526715,82.54531017634696
21590,KINGS CHOICE CIGAR BOX MATCHES,3038,3656.14,267,47,3,1.25,2009-12-07 15:42:00,2010-11-10 15:16:00,11.378277153558052,0.018553275401026317,82.56386345174799
22823,CHEST NATURAL WOOD 20 DRAWERS,32,3655.0,18,15,3,117.5,2010-10-26 10:24:00,2011-11-15 12:09:00,1.7777777777777777,0.01854749041085713,82.58241094215884
22398,MAGNETS PACK OF 4 SWALLOWS,4116,3639.5099999999998,422,82,14,1.25,2010-03-26 14:32:00,2011-12-04 14:55:00,9.753554502369669,0.01846888558829511,82.60087982774714
22314,OFFICE MUG WARMER CHOC+BLUE,1006,3637.3,232,81,13,4.95,2009-12-07 10:41:00,2011-12-04 13:15:00,4.336206896551724,0.018457670826651337,82.61933749857378
22118,JOY WOODEN BLOCK LETTERS,703,3635.15,249,70,5,4.95,2009-12-07 11:05:00,2011-12-04 14:55:00,2.823293172690763,0.018446760538174362,82.63778425911195
22544,MINI JIGSAW SPACEBOY,8787,3632.83,323,85,16,0.42,2010-03-25 16:25:00,2011-12-02 16:39:00,27.204334365325078,0.01843498757572479,82.65621924668768
23182,TOILET SIGN OCCUPIED OR VACANT,3714,3631.2499999999995,421,40,5,0.83,2011-03-01 17:32:00,2011-12-04 14:55:00,8.821852731591449,0.018426969782332405,82.67464621647001
23530,WALL ART ONLY ONE PERSON,853,3629.7400000000002,79,9,5,4.95,2011-10-03 11:37:00,2011-12-02 14:30:00,10.79746835443038,0.018419307207634628,82.69306552367765
21743,STAR PORTABLE TABLE LIGHT,1243,3618.88,173,54,2,2.95,2009-12-07 17:56:00,2011-09-13 11:24:00,7.184971098265896,0.018364197564443952,82.71142972124208
23127,FELTCRAFT GIRL NICOLE KIT,707,3609.61,185,39,10,4.95,2011-03-02 16:26:00,2011-12-02 16:07:00,3.8216216216216217,0.018317156460173463,82.72974687770225
22461,SAVOY ART DECO CLOCK,410,3607.81,146,59,1,12.75,2010-03-07 10:58:00,2011-08-12 12:37:00,2.808219178082192,0.018308022265169484,82.74805489996743
22962,JAM JAR WITH PINK LID,4331,3603.3799999999997,347,52,19,0.85,2010-11-28 11:04:00,2011-12-02 16:39:00,12.481268011527378,0.018285541996354134,82.76634044196378
72802A,ROSE SCENT CANDLE IN JEWELLED BOX,865,3602.77,180,77,7,4.25,2009-12-07 14:58:00,2011-12-01 11:18:00,4.805555555555555,0.018282446519158342,82.78462288848293
84356,POMPOM CURTAIN,712,3600.94,129,65,7,6.95,2009-12-07 17:56:00,2011-12-04 15:00:00,5.51937984496124,0.018273160087570964,82.8028960485705
23092,LARGE ANTIQUE WHITE PHOTO FRAME,503,3599.0,131,28,5,7.9,2011-05-16 10:43:00,2011-12-04 11:56:00,3.8396946564885495,0.018263315455177787,82.82115936402568
21351,CINAMMON & ORANGE WREATH,1082,3588.0,170,32,5,6.75,2009-12-09 13:16:00,2011-12-02 16:39:00,6.364705882352941,0.018207495374597916,82.83936685940027
22782,SET 3 WICKER STORAGE BASKETS,249,3587.5499999999997,82,38,5,24.95,2010-10-27 15:04:00,2011-11-28 10:49:00,3.0365853658536586,0.01820521182584692,82.85757207122612
21329,DINOSAURS  WRITING SET,1988,3586.7,530,98,6,1.65,2009-12-07 15:15:00,2011-12-02 16:39:00,3.750943396226415,0.01820089845598393,82.8757729696821
85040A,S/4 PINK FLOWER CANDLES IN BOWL,2042,3583.2,387,97,10,1.65,2009-12-09 09:42:00,2011-12-04 13:32:00,5.276485788113695,0.018183137521253973,82.89395610720335
22774,RED DRAWER KNOB ACRYLIC EDWARDIAN,2779,3576.06,183,53,8,1.25,2010-10-17 11:23:00,2011-11-30 15:13:00,15.185792349726777,0.018146905214404856,82.91210301241776
85232D,SET/3 DECOUPAGE STACKING TINS,690,3566.75,215,80,17,4.95,2009-12-07 15:28:00,2011-12-01 19:54:00,3.2093023255813953,0.018099661128023165,82.93020267354578
22536,MAGIC DRAWING SLATE PURDEY,9041,3565.24,361,83,10,0.42,2010-03-28 13:31:00,2011-12-02 12:59:00,25.04432132963989,0.018091998553325384,82.94829467209911
23013,GLASS APOTHECARY BOTTLE TONIC,906,3559.6600000000003,213,25,8,3.95,2011-06-14 14:49:00,2011-12-04 15:54:00,4.253521126760563,0.01806368254881305,82.96635835464792
22589,CARDHOLDER GINGHAM STAR,1302,3552.38,234,37,9,2.55,2010-07-16 15:26:00,2011-12-02 16:39:00,5.564102564102564,0.018026739804574733,82.98438509445249
21794,CLASSIC FRENCH STYLE BASKET NATURAL,713,3552.09,178,70,3,6.75,2010-01-27 13:20:00,2011-10-25 15:34:00,4.00561797752809,0.01802526818426854,83.00241036263677
23191,BUNDLE OF 3 RETRO NOTE BOOKS,2153,3539.8499999999995,270,30,9,1.65,2011-05-10 08:58:00,2011-12-04 15:00:00,7.974074074074074,0.017963155658241477,83.020373518295
23294,SET OF 6 SNACK LOAF BAKING CASES,4329,3534.33,341,21,15,0.83,2011-07-12 15:56:00,2011-12-04 15:18:00,12.695014662756599,0.017935144126895945,83.0383086624219
20786,BLACK RETRO BAR STOOL,99,3533.9,31,18,1,34.0,2010-01-22 11:28:00,2010-10-22 14:23:00,3.193548387096774,0.017932962069200552,83.0562416244911
21509,COWBOYS AND INDIANS BIRTHDAY CARD,8571,3532.67,616,101,11,0.42,2009-12-07 17:56:00,2011-12-04 13:32:00,13.91396103896104,0.017926720369281165,83.07416834486037
21866,UNION JACK FLAG LUGGAGE TAG,2126,3525.25,437,97,6,1.25,2009-12-07 10:51:00,2011-12-02 16:39:00,4.864988558352403,0.01788906718765365,83.09205741204802
84968F,SET OF 16 VINTAGE SKY BLUE CUTLERY,294,3520.77,128,57,9,12.75,2009-12-07 10:51:00,2011-11-13 11:37:00,2.296875,0.017866333191199305,83.10992374523921
22334,DINOSAUR PARTY BAG + STICKER SET,2210,3519.3599999999997,261,92,10,1.65,2009-12-14 14:35:00,2011-11-29 16:33:00,8.46743295019157,0.01785917807177952,83.12778292331099
85040B,SET/4 BLUE FLOWER CANDLES IN BOWL,2248,3513.6699999999996,246,64,4,1.65,2009-12-07 11:40:00,2011-04-10 12:53:00,9.138211382113822,0.017830303866461384,83.14561322717745
22704,WRAP RED APPLES,8553,3512.26,290,78,14,0.42,2010-05-27 16:54:00,2011-12-04 16:07:00,29.49310344827586,0.017823148747041603,83.16343637592449
21179,NO JUNK MAIL METAL SIGN,4281,3511.97,503,86,8,1.25,2009-12-08 16:23:00,2011-09-12 16:23:00,8.510934393638172,0.017821677126735408,83.18125805305122
22765,NEWSPAPER STAND,311,3508.3,53,10,4,14.95,2010-10-10 14:17:00,2010-12-09 14:09:00,5.867924528301887,0.017803053518032852,83.19906110656926
22176,BLUE OWL SOFT TOY,1172,3507.3300000000004,253,88,12,2.95,2009-12-07 12:08:00,2011-10-31 11:10:00,4.632411067193676,0.017798131201836265,83.2168592377711
22902,TOTE BAG I LOVE LONDON,1713,3494.17,197,58,9,2.1,2010-09-26 14:42:00,2011-12-04 12:02:00,8.695431472081218,0.017731350087251616,83.23459058785835
20784,RED RETRO BAR STOOL,100,3492.65,36,23,1,34.0,2009-12-18 12:23:00,2010-10-21 12:09:00,2.7777777777777777,0.017723636767026034,83.25231422462538
22603,CHRISTMAS RETROSPOT TREE WOOD,4082,3491.66,375,47,14,0.85,2010-07-16 15:26:00,2011-12-04 12:32:00,10.885333333333334,0.017718612959773845,83.27003283758515
22531,MAGIC DRAWING SLATE CIRCUS PARADE,8087,3487.18,404,86,14,0.42,2010-03-31 11:58:00,2011-12-02 12:59:00,20.01732673267327,0.0176958789633195,83.28772871654847
22320,BIRDS MOBILE VINTAGE DESIGN,588,3479.34,174,79,19,5.95,2009-12-16 12:17:00,2011-12-02 13:11:00,3.3793103448275863,0.01765609446952439,83.305384811018
23085,ANTIQUE SILVER BAUBLE LAMP,366,3479.23,74,20,4,10.4,2011-05-16 12:25:00,2011-12-02 08:55:00,4.945945945945946,0.017655536268718592,83.32304034728672
22944,CHRISTMAS METAL POSTCARD WITH BELLS,4762,3468.19,151,29,8,0.97,2010-09-19 12:39:00,2011-12-04 13:34:00,31.5364238410596,0.017599513206027522,83.34063986049274
22764,"RUSTIC WOODEN CABINET, GLASS DOORS",183,3462.49,25,9,3,24.95,2010-10-12 13:19:00,2011-03-25 12:10:00,7.32,0.01757058825518159,83.35821044874793
23189,SET OF 12 FORK CANDLES,1234,3458.36,137,18,8,2.89,2011-08-03 15:38:00,2011-12-02 16:14:00,9.007299270072993,0.017549630352200238,83.37576007910013
21486,PINK HEART DOTS HOT WATER BOTTLE,1071,3457.82,281,42,7,3.75,2009-12-07 12:25:00,2010-12-07 18:36:00,3.811387900355872,0.017546890093699044,83.39330696919383
47505,MINATURE COLOURED GARDENING SET,721,3441.9100000000003,171,21,8,4.95,2009-12-08 12:33:00,2010-06-07 12:43:00,4.216374269005848,0.017466153958969433,83.4107731231528
21100,CHARLIE AND LOLA CHARLOTTE BAG,2304,3438.8199999999997,254,59,7,1.65,2009-12-07 15:26:00,2011-03-22 16:56:00,9.070866141732283,0.017450473590879267,83.42822359674368
85114B,IVORY ENCHANTED FOREST PLACEMAT,1919,3435.83,210,84,7,1.65,2009-12-07 13:59:00,2011-11-30 08:17:00,9.138095238095238,0.0174353006780671,83.44565889742175
21469,POLKA DOT RAFFIA FOOD COVER,1151,3429.51,206,77,4,3.75,2009-12-07 13:49:00,2011-11-14 14:24:00,5.587378640776699,0.017403229504497575,83.46306212692625
23065,LARGE DECO JEWELLERY STAND,273,3427.44,99,28,6,12.5,2011-04-15 16:11:00,2011-10-20 12:23:00,2.757575757575758,0.017392725180243,83.48045485210649
23111,PARISIENNE SEWING BOX,276,3402.26,130,29,9,12.5,2011-05-11 13:20:00,2011-12-02 15:25:00,2.123076923076923,0.017264947941242895,83.49771980004773
21466,RED FLOWER CROCHET FOOD COVER,911,3400.28,267,88,4,3.75,2009-12-09 09:51:00,2011-11-30 09:00:00,3.411985018726592,0.01725490032673852,83.51497470037447
21054,NURSE'S BAG SOFT TOY,367,3395.35,176,68,10,8.95,2009-12-07 15:26:00,2011-11-14 12:45:00,2.085227272727273,0.017229882781533177,83.532204583156
84558A,3D DOG PICTURE PLAYING CARDS,1181,3394.92,190,72,6,2.95,2009-12-07 13:59:00,2011-11-25 16:14:00,6.21578947368421,0.01722770072383778,83.54943228387984
22440,BALLOON WATER BOMB PACK OF 35,8503,3391.01,290,77,7,0.42,2010-04-11 12:37:00,2011-12-01 13:08:00,29.320689655172412,0.017207859222468026,83.5666401431023
22459,CAST IRON HOOK GARDEN TROWEL,1378,3389.74,172,51,6,2.55,2010-03-04 11:44:00,2011-04-27 11:47:00,8.011627906976743,0.017201414540437443,83.58384155764274
23210,WHITE ROCKING HORSE HAND PAINTED,2733,3388.38,173,26,13,1.25,2011-06-02 09:04:00,2011-12-04 16:08:00,15.797687861271676,0.017194513148656658,83.6010360707914
21813,GARLAND WITH STARS AND BELLS,723,3387.63,168,41,5,4.95,2009-12-07 17:56:00,2011-12-02 16:39:00,4.303571428571429,0.017190707234071668,83.61822677802547
23353,6 GIFT TAGS VINTAGE CHRISTMAS,3904,3386.9599999999996,310,18,11,0.83,2011-08-02 14:04:00,2011-12-04 14:15:00,12.593548387096774,0.017187307283709072,83.63541408530918
84352,SILVER CHRISTMAS TREE BAUBLE STAND,199,3386.93,120,33,7,16.95,2009-12-08 15:49:00,2011-09-21 16:15:00,1.6583333333333334,0.017187155047125674,83.6526012403563
21507,"ELEPHANT, BIRTHDAY CARD,",8048,3379.0099999999998,567,102,14,0.42,2009-12-07 08:53:00,2011-12-02 16:39:00,14.19400352733686,0.017146964589108166,83.6697482049454
22125,UNION JACK HOT WATER BOTTLE,539,3378.3900000000003,153,16,3,5.95,2009-12-07 13:07:00,2011-11-23 13:53:00,3.522875816993464,0.017143818366384577,83.68689202331178
22862,LOVE HEART NAPKIN BOX,758,3373.22,221,19,6,4.25,2010-09-16 13:06:00,2011-01-25 13:46:00,3.429864253393665,0.017117582928512034,83.70400960624029
21211,SET OF 72 SKULL PAPER  DOILIES,2403,3362.74,236,90,11,1.45,2009-12-18 11:18:00,2011-11-28 13:26:00,10.182203389830509,0.01706440161537776,83.72107400785566
84797A,PINK HAWAIIAN PICNIC HAMPER FOR 4,481,3361.25,44,9,4,11.02,2010-01-29 17:55:00,2010-06-04 16:13:00,10.931818181818182,0.017056840531735576,83.7381308483874
22452,MEASURING TAPE BABUSHKA PINK,1269,3352.2000000000003,253,73,15,2.95,2010-03-21 15:23:00,2011-11-22 12:48:00,5.015810276679842,0.01701091582907668,83.75514176421648
22172,METAL SHELF WITH RAIL,368,3349.12,177,33,7,8.5,2009-12-08 07:59:00,2010-09-29 13:17:00,2.07909604519774,0.016995286206514318,83.77213705042298
21902,"KEY FOB , FRONT  DOOR",5277,3347.8700000000003,461,99,6,0.65,2009-12-07 12:08:00,2011-11-30 14:33:00,11.446854663774403,0.016988943015539337,83.78912599343852
23536,WALL ART VILLAGE SHOW,612,3345.81,80,9,5,5.95,2011-10-03 13:49:00,2011-12-04 14:55:00,7.65,0.016978489436812558,83.80610448287533
22428,ENAMEL FIRE BUCKET CREAM,456,3344.46,188,75,3,6.95,2010-04-08 10:57:00,2011-12-02 16:38:00,2.425531914893617,0.016971638790559573,83.82307612166589
23156,SET OF 5 MINI GROCERY MAGNETS,1627,3344.25,201,37,13,2.08,2011-03-25 11:01:00,2011-12-02 16:07:00,8.09452736318408,0.016970573134475773,83.84004669480036
22822,CREAM WALL PLANTER HEART SHAPED,578,3342.9900000000002,180,49,5,5.95,2010-11-07 12:21:00,2011-11-29 16:47:00,3.2111111111111112,0.016964179197972988,83.85701087399833
44230,SQUARE MIRROR CURTAIN,342,3341.8700000000003,51,25,2,7.95,2009-12-09 09:56:00,2010-10-10 13:31:00,6.705882352941177,0.016958495698859405,83.87396936969719
23014,GLASS APOTHECARY BOTTLE ELIXIR,846,3341.0200000000004,201,24,9,3.95,2011-06-14 13:04:00,2011-12-04 13:32:00,4.208955223880597,0.016954182328996415,83.8909235520262
22477,WATERING CAN GARDEN MARKER,2407,3339.52,271,77,9,1.25,2010-03-05 10:37:00,2011-11-30 15:13:00,8.881918819188192,0.01694657049982643,83.90787012252602
23232,WRAP VINTAGE LEAF DESIGN,8276,3331.92,231,44,8,0.42,2011-01-17 12:31:00,2011-11-30 10:18:00,35.82683982683983,0.01690800389869852,83.92477812642471
15058B,PINK POLKADOT GARDEN PARASOL,438,3327.67,156,55,10,7.95,2010-01-13 17:51:00,2011-11-17 12:55:00,2.8076923076923075,0.01688643704938357,83.94166456347409
22309,TEA COSY RED  STRIPE,1286,3324.6299999999997,251,88,10,2.55,2009-12-07 17:56:00,2011-11-29 11:23:00,5.123505976095617,0.0168710104089324,83.95853557388303
23354,6 GIFT TAGS 50'S CHRISTMAS,3666,3321.58,307,18,10,0.83,2011-08-02 14:04:00,2011-12-04 14:15:00,11.941368078175897,0.01685553302295344,83.97539110690597
22223,CAKE PLATE LOVEBIRD PINK,719,3320.0,172,76,9,4.95,2009-12-08 16:40:00,2011-12-04 15:47:00,4.180232558139535,0.016847515229561058,83.99223862213553
21123,SET/10 IVORY POLKADOT PARTY CANDLES,2682,3313.11,241,87,15,1.25,2009-12-13 13:53:00,2011-12-02 16:39:00,11.12863070539419,0.01681255156090694,84.00905117369643
84472,PINK AND LILAC QUILTED THROW,85,3310.42,28,17,3,45.95,2009-12-09 14:02:00,2010-05-11 13:30:00,3.0357142857142856,0.016798901013928773,84.02585007471036
22136,LOVE HEART SOCK HANGER,1983,3305.4799999999996,261,86,9,1.65,2009-12-07 12:26:00,2011-10-31 13:05:00,7.597701149425287,0.016773832723195627,84.04262390743355
23332,IVORY WICKER HEART LARGE,1915,3298.5499999999997,270,18,5,1.65,2011-08-07 15:43:00,2011-12-04 12:17:00,7.092592592592593,0.01673866607243031,84.05936257350598
21039,RED RETROSPOT SHOPPING BAG,1263,3296.1499999999996,221,89,12,2.55,2009-12-07 13:37:00,2011-11-30 14:00:00,5.714932126696833,0.016726487145758338,84.07608906065174
20886,BOX OF 9 PEBBLE CANDLES,1646,3292.27,297,90,8,1.95,2009-12-07 16:38:00,2011-11-07 12:06:00,5.542087542087542,0.016706797880971985,84.09279585853271
22939,APRON APPLE DELIGHT,650,3290.04,180,54,11,4.95,2010-09-26 16:06:00,2011-11-29 17:52:00,3.611111111111111,0.01669548162827261,84.10949134016099
84828,JUNGLE POPSICLES ICE LOLLY HOLDERS,2488,3287.96,347,88,14,1.25,2009-12-09 09:51:00,2011-12-02 10:41:00,7.170028818443804,0.016684926558490236,84.12617626671948
22076,6 RIBBONS EMPIRE,2034,3287.5199999999995,349,96,10,1.65,2009-12-07 15:42:00,2011-12-04 14:55:00,5.828080229226361,0.01668269375526704,84.14285896047475
21364,PEACE SMALL WOOD LETTERS,453,3285.11,161,51,2,6.75,2009-12-07 13:06:00,2011-10-13 12:38:00,2.813664596273292,0.016670464083067268,84.15952942455782
85123a,WHITE HANGING HEART T-LIGHT HOLDER,492,3284.8999999999996,95,47,1,6.63,2010-06-08 15:24:00,2011-11-30 14:46:00,5.178947368421053,0.016669398426983468,84.1761988229848
20702,PINK PADDED MOBILE,779,3283.95,244,77,17,4.25,2009-12-07 13:35:00,2011-10-26 13:07:00,3.192622950819672,0.016664577601842482,84.19286340058665
23388,WOODLAND MINI BACKPACK,788,3278.5800000000004,142,13,11,4.15,2011-09-11 15:47:00,2011-12-02 13:49:00,5.549295774647887,0.016637327253413946,84.20950072784007
23193,BUFFALO BILL TREASURE BOOK BOX,1521,3277.12,169,40,11,2.25,2011-03-02 12:10:00,2011-12-04 11:00:00,9.0,0.016629918406355162,84.22613064624642
23426,METAL SIGN DROP YOUR PANTS,1223,3268.05,194,13,7,2.89,2011-09-05 16:22:00,2011-12-04 13:32:00,6.304123711340206,0.01658389221264067,84.24271453845905
22281,EASTER TREE YELLOW BIRDS,508,3268.01,147,38,7,5.95,2009-12-07 18:02:00,2011-11-02 12:46:00,3.45578231292517,0.01658368923052947,84.25929822768958
21327,SKULLS WRITING SET,1867,3264.12,478,101,6,1.65,2009-12-07 15:15:00,2011-12-02 10:52:00,3.905857740585774,0.016563949220215316,84.2758621769098
21191,LARGE WHITE HONEYCOMB PAPER BELL,1424,3261.4700000000003,191,63,5,2.1,2009-12-07 18:02:00,2011-12-02 16:39:00,7.455497382198953,0.016550501655348347,84.29241267856514
22967,SET 3 SONG BIRD PAPER EGGS ASSORTED,1165,3253.71,137,18,11,2.95,2011-01-14 14:11:00,2011-06-06 13:48:00,8.503649635036496,0.016511123125775636,84.30892380169092
37501,TEA TIME TEA SET IN GIFT BOX,463,3252.6800000000003,171,69,12,6.95,2009-12-07 11:47:00,2011-08-10 16:19:00,2.7076023391812867,0.016505896336412248,84.32542969802734
22794,SWEETHEART WIRE MAGAZINE RACK,386,3247.5,207,58,6,7.95,2010-10-17 16:06:00,2011-12-04 13:20:00,1.8647342995169083,0.01647961015301191,84.34190930818035
23350,ROLL WRAP VINTAGE SPOT,2568,3245.72,285,18,8,1.25,2011-08-04 15:23:00,2011-12-04 15:00:00,9.010526315789473,0.01647057744906353,84.35837988562942
21917,SET 12 KIDS  WHITE CHALK STICKS,7820,3244.0099999999998,454,97,15,0.42,2009-12-07 12:19:00,2011-12-04 13:59:00,17.22466960352423,0.01646189996380975,84.37484178559323
23239,SET OF 4 KNICK KNACK TINS POPPIES,778,3241.6000000000004,165,26,11,4.15,2011-06-08 12:44:00,2011-12-04 12:44:00,4.715151515151515,0.016449670291609982,84.39129145588484
84849B,FAIRY SOAP SOAP HOLDER,1933,3237.33,291,77,11,1.69,2009-12-07 17:56:00,2011-07-20 12:58:00,6.642611683848798,0.01642800195123943,84.40771945783608
20692,FLORAL ELEPHANT SOFT TOY,792,3233.36,130,31,6,4.25,2009-12-07 08:53:00,2010-09-08 15:30:00,6.092307692307692,0.016407855976702877,84.42412731381279
22183,CAKE STAND VICTORIAN FILIGREE MED,578,3229.01,206,60,3,5.91,2009-12-09 09:44:00,2011-11-13 12:19:00,2.8058252427184467,0.016385781672109925,84.4405130954849
84975,HEART SHAPED MIRROR,1966,3225.84,208,47,5,1.69,2009-12-07 13:17:00,2010-12-08 15:12:00,9.451923076923077,0.016369695339797364,84.4568827908247
22762,CUPBOARD 3 DRAWER MA CAMPAGNE,200,3216.8199999999997,132,50,8,14.95,2010-10-10 14:17:00,2011-12-02 13:17:00,1.5151515151515151,0.01632392287372187,84.47320671369842
21473,SWEETHEART CREAM STEEL TABLE RECT,157,3212.16,90,45,3,19.95,2009-12-13 10:48:00,2011-11-20 15:35:00,1.7444444444444445,0.016300275457767126,84.48950698915618
22047,EMPIRE GIFT WRAP,7875,3209.5,253,88,6,0.42,2009-12-07 15:42:00,2011-11-28 08:48:00,31.126482213438734,0.016286777147372356,84.50579376630355
21467,CHERRY CROCHET FOOD COVER,1012,3203.23,246,82,9,3.75,2009-12-11 10:37:00,2011-11-23 13:51:00,4.1138211382113825,0.016254959701441828,84.522048726005
18098C,PORCELAIN BUTTERFLY OIL BURNER,1213,3201.63,232,63,4,2.95,2009-12-07 15:28:00,2011-08-08 13:11:00,5.228448275862069,0.016246840416993848,84.538295566422
23053,RECYCLED ACAPULCO MAT PINK,358,3188.06,160,35,15,8.25,2011-03-04 13:58:00,2011-12-01 14:38:00,2.2375,0.016177978735769406,84.55447354515776
22503,CABIN BAG VINTAGE PAISLEY,141,3178.02,54,36,10,29.95,2010-04-30 15:57:00,2011-11-27 11:22:00,2.611111111111111,0.016127030225858326,84.57060057538362
23230,WRAP ALPHABET DESIGN,7876,3175.92,232,46,12,0.42,2011-01-13 11:48:00,2011-11-30 16:43:00,33.94827586206897,0.016116373665020348,84.58671694904864
23051,RECYCLED ACAPULCO MAT BLUE,361,3173.73,159,37,11,8.25,2011-03-04 13:58:00,2011-11-24 13:25:00,2.270440251572327,0.016105260394432174,84.60282220944306
20992,JAZZ HEARTS PURSE NOTEBOOK,6054,3173.58,420,95,6,0.7849999999999999,2009-12-07 18:02:00,2011-12-04 13:59:00,14.414285714285715,0.016104499211515178,84.61892670865458
23393,HOME SWEET HOME CUSHION COVER,797,3171.79,225,14,9,3.75,2011-09-04 12:07:00,2011-12-04 14:55:00,3.542222222222222,0.016095415762038996,84.63502212441662
21829,DINOSAUR KEYRINGS ASSORTED,14703,3170.7,399,95,13,0.21,2009-12-07 11:47:00,2011-10-20 12:07:00,36.849624060150376,0.01608988449950881,84.65111200891613
21830,ASSORTED CREEPY CRAWLIES,7610,3165.44,254,90,4,0.42,2009-12-07 16:40:00,2011-11-23 13:39:00,29.96062992125984,0.016063192351886073,84.66717520126801
22972,CHILDREN'S SPACEBOY MUG,1851,3165.3099999999995,235,49,10,1.65,2010-11-24 13:13:00,2011-12-01 17:20:00,7.876595744680851,0.01606253266002467,84.68323773392804
22863,SOAP DISH BROCANTE,1106,3163.6600000000003,168,54,13,2.95,2010-09-23 09:11:00,2011-12-01 11:51:00,6.583333333333333,0.016054159647937695,84.69929189357597
22702,BLACK AND WHITE CAT BOWL,1589,3156.3199999999997,94,51,8,2.1,2010-06-23 16:31:00,2011-12-02 16:39:00,16.904255319148938,0.01601691243053258,84.7153088060065
22700,BLACK AND WHITE DOG BOWL,1384,3155.4,98,44,8,2.95,2010-07-01 12:57:00,2011-10-07 13:17:00,14.122448979591837,0.01601224384197499,84.73132104984848
15058A,BLUE POLKADOT GARDEN PARASOL,476,3153.73,148,54,8,7.95,2010-01-24 12:12:00,2011-11-23 12:48:00,3.2162162162162162,0.01600376933883241,84.74732481918731
22419,LIPSTICK PEN RED,6698,3148.0299999999997,496,81,11,0.42,2010-05-07 09:04:00,2011-12-04 14:55:00,13.504032258064516,0.015974844387986475,84.7632996635753
23342,MINT DINER WALL CLOCK,369,3142.41,160,24,10,8.5,2011-06-24 09:22:00,2011-12-02 10:32:00,2.30625,0.015946325401362944,84.77924598897665
22773,GREEN DRAWER KNOB ACRYLIC EDWARDIAN,2374,3141.35,225,55,7,1.25,2010-10-17 11:23:00,2011-12-04 15:38:00,10.551111111111112,0.015940946375416154,84.79518693535208
22792,FLUTED ANTIQUE CANDLE HOLDER,3380,3140.4199999999996,254,54,3,0.85,2010-10-22 13:11:00,2011-12-04 15:00:00,13.307086614173228,0.015936227041330762,84.81112316239341
22194,BLACK DINER WALL CLOCK,364,3135.6,157,70,9,8.5,2009-12-07 14:58:00,2011-08-11 10:14:00,2.3184713375796178,0.01591176769693122,84.82703493009035
84510A,SET OF 4 ENGLISH ROSE COASTERS,2310,3131.44,456,100,12,1.25,2009-12-08 12:05:00,2011-12-04 13:54:00,5.065789473684211,0.01589065755736647,84.84292558764771
22122,SET OF 2 FANCY FONT TEA TOWELS,1045,3130.2200000000003,175,35,6,2.95,2009-12-07 17:56:00,2010-08-20 15:32:00,5.9714285714285715,0.015884466602974885,84.85881005425068
21628,TRIANGULAR POUFFE VINTAGE,161,3124.95,84,53,5,29.17,2009-12-08 12:48:00,2011-11-16 15:23:00,1.9166666666666667,0.015857723709824346,84.87466777796051
22166,WALL MIRROR RECTANGLE DIAMANTE PINK,335,3124.89,151,78,1,15.79,2009-12-07 13:35:00,2011-11-30 14:46:00,2.218543046357616,0.01585741923665755,84.89052519719716
21519,GIN & TONIC DIET GREETING CARD,7280,3116.28,543,98,14,0.42,2009-12-07 13:17:00,2011-11-24 10:42:00,13.406998158379373,0.015813727337221847,84.90633892453438
84596F,SMALL MARSHMALLOWS PINK BOWL,4585,3115.69,583,98,11,0.83,2009-12-07 17:18:00,2011-12-04 13:59:00,7.864493996569468,0.015810733351081657,84.92214965788547
23035,DRAWER KNOB CERAMIC IVORY,2141,3114.6099999999997,184,25,8,1.45,2011-06-14 13:15:00,2011-12-04 12:44:00,11.63586956521739,0.015805252834079266,84.93795491071955
79323GR,GREEN CHERRY LIGHTS,518,3107.7400000000002,78,18,3,6.75,2009-12-08 13:08:00,2010-04-20 13:43:00,6.641025641025641,0.01577039065648075,84.95372530137604
21272,SALLE DE BAIN HOOK,2345,3104.76,337,83,8,1.25,2009-12-07 18:02:00,2011-08-11 10:14:00,6.958456973293768,0.015755268489196384,84.96948056986524
21949,SET OF 6 STRAWBERRY CHOPSTICKS,2561,3104.29,254,82,11,1.25,2009-12-07 18:02:00,2011-12-02 12:24:00,10.082677165354331,0.015752883449389788,84.98523345331463
22406,MONEY BOX KINGS CHOICE DESIGN,2397,3099.7599999999998,203,71,8,1.25,2010-03-26 13:46:00,2011-12-04 14:55:00,11.807881773399014,0.01572989572529644,85.00096334903994
84944,SET OF 6 KASHMIR FOLKART BAUBLES,1127,3095.17,190,47,8,4.25,2009-12-07 15:15:00,2011-11-04 16:35:00,5.931578947368421,0.015706603528036295,85.01666995256797
21784,SHOE SHINE BOX,263,3093.3799999999997,167,67,6,9.95,2009-12-07 13:49:00,2011-09-01 13:40:00,1.5748502994011977,0.015697520078560113,85.03236747264653
23395,BELLE JARDINIERE CUSHION COVER,715,3091.09,201,14,10,3.75,2011-09-04 12:07:00,2011-12-04 14:55:00,3.557213930348259,0.015685899352693943,85.04805337199922
22325,MOBILE VINTAGE HEARTS,689,3090.4900000000002,221,80,16,4.95,2010-01-04 14:00:00,2011-11-29 13:37:00,3.1176470588235294,0.015682854621025952,85.06373622662024
21352,EUCALYPTUS & PINECONE  WREATH,877,3090.03,156,43,3,5.91,2009-12-07 17:56:00,2011-11-15 16:42:00,5.621794871794871,0.015680520326747157,85.07941674694699
37410,BLACK AND WHITE PAISLEY FLOWER MUG,25490,3088.57,31,12,2,1.25,2009-12-07 11:55:00,2010-04-07 14:10:00,822.258064516129,0.015673111479688372,85.09508985842668
82578,KITCHEN METAL SIGN,5529,3087.94,690,100,11,0.55,2009-12-07 13:45:00,2011-12-02 17:12:00,8.013043478260869,0.01566991451143698,85.11075977293811
84813,SET OF 4 DIAMOND NAPKIN RINGS,383,3087.71,91,49,2,12.75,2009-12-08 18:18:00,2011-11-10 14:28:00,4.208791208791209,0.015668747364297585,85.12642852030241
22572,ROCKING HORSE GREEN CHRISTMAS,3439,3087.18,362,49,13,0.85,2010-07-22 15:06:00,2011-11-29 16:23:00,9.5,0.01566605785132419,85.14209457815373
21333,CLASSIC WHITE FRAME,1021,3085.8900000000003,212,60,8,2.95,2009-12-07 15:26:00,2011-04-05 12:37:00,4.816037735849057,0.01565951167823801,85.15775408983197
22313,OFFICE MUG WARMER PINK,954,3085.48,129,62,11,2.95,2009-12-07 10:41:00,2011-12-04 13:15:00,7.395348837209302,0.01565743111159821,85.17341152094356
23308,SET OF 60 VINTAGE LEAF CAKE CASES,5712,3078.96,369,27,13,0.55,2011-06-05 14:06:00,2011-12-04 15:19:00,15.479674796747968,0.015624345027472687,85.18903586597104
21557,SET OF 6 FUNKY BEAKERS,910,3074.75,291,92,6,2.95,2009-12-07 13:59:00,2011-11-30 15:13:00,3.127147766323024,0.015602981160268935,85.2046388471313
22310,IVORY KNITTED MUG COSY,1714,3064.49,216,77,6,3.29,2009-12-07 18:02:00,2011-12-01 16:22:00,7.935185185185185,0.015550916248746256,85.22018976338005
21967,PACK OF 12 SKULL TISSUES,10372,3063.5599999999995,464,91,13,0.29,2009-12-07 17:56:00,2011-12-01 16:22:00,22.353448275862068,0.015546196914660864,85.2357359602947
23346,SPACEBOY BEAKER,2590,3057.58,173,20,12,1.25,2011-07-24 16:13:00,2011-12-04 12:01:00,14.971098265895954,0.015515851089036537,85.25125181138374
84279B,CHERRY BLOSSOM DECORATIVE FLASK,805,3055.87,212,48,13,3.75,2009-12-10 09:49:00,2011-06-17 11:07:00,3.797169811320755,0.015507173603782757,85.26675898498752
22963,JAM JAR WITH GREEN LID,3672,3049.65,312,54,15,0.85,2010-07-23 12:29:00,2011-12-02 16:39:00,11.76923076923077,0.01547560988549123,85.282234594873
21206,STRAWBERRY HONEYCOMB  GARLAND,2143,3048.1,237,88,8,1.65,2009-12-07 13:48:00,2011-11-23 13:34:00,9.042194092827005,0.015467744328682248,85.29770233920169
21820,GLITTER HEART GARLAND WITH BELLS,774,3045.58,174,58,4,3.75,2009-12-07 12:12:00,2011-12-02 13:35:00,4.448275862068965,0.015454956455676678,85.31315729565736
47504K,ENGLISH ROSE GARDEN SECATEURS,2624,3037.58,308,89,9,1.95,2009-12-11 12:31:00,2011-11-09 16:33:00,8.519480519480519,0.015414360033436773,85.3285716556908
79164,BLACK WINE GLASS,3586,3034.91,86,46,1,1.65,2009-12-07 17:56:00,2011-11-07 13:56:00,41.69767441860465,0.015400810977514202,85.3439724666683
84997d,CHILDRENS CUTLERY POLKADOT PINK,363,3031.06,78,47,1,8.29,2010-02-19 11:07:00,2011-11-30 15:33:00,4.653846153846154,0.015381273949311249,85.35935374061762
22891,TEA FOR ONE POLKADOT,634,3028.88,223,54,7,4.25,2010-10-15 08:41:00,2011-12-02 12:13:00,2.8430493273542603,0.015370211424250874,85.37472395204188
22372,AIRLINE BAG VINTAGE WORLD CHAMPION,593,3018.6,281,84,14,4.25,2010-02-11 11:24:00,2011-12-02 12:59:00,2.110320284697509,0.015318045021672595,85.39004199706355
84837,WHITE SWEETHEARTS CABINET 4 DRAWERS,238,3017.71,133,33,2,12.75,2009-12-08 12:38:00,2010-08-02 11:07:00,1.7894736842105263,0.015313528669698404,85.40535552573324
15044C,PURPLE PAPER PARASOL,964,3015.32,228,82,7,2.95,2009-12-08 15:49:00,2011-11-27 13:26:00,4.228070175438597,0.015301400488554233,85.4206569262218
82494l,WOODEN FRAME ANTIQUE WHITE,361,3015.0,82,39,1,8.29,2010-05-05 14:23:00,2011-12-02 10:08:00,4.402439024390244,0.015299776631664637,85.43595670285346
22473,TV DINNER TRAY VINTAGE PAISLEY,781,3012.42,202,70,9,4.95,2010-03-11 10:05:00,2011-12-04 15:28:00,3.866336633663366,0.015286684285492267,85.45124338713896
22402,MAGNETS PACK OF 4 VINTAGE COLLAGE,3423,3009.66,246,78,13,1.25,2010-03-26 13:46:00,2011-12-04 13:59:00,13.914634146341463,0.0152726785198195,85.46651606565878
21626,VINTAGE UNION JACK PENNANT,1490,3003.02,201,73,2,1.95,2009-12-14 13:06:00,2011-11-21 16:24:00,7.412935323383085,0.015238983489360378,85.48175504914813
20985,HEART CALCULATOR,2337,3000.69,283,89,11,1.25,2009-12-07 17:56:00,2011-12-04 13:59:00,8.257950530035336,0.015227159781383004,85.49698220892952
85227,SET OF 6 3D KIT CARDS FOR KIDS,3347,2995.48,421,94,14,0.85,2009-12-07 16:40:00,2011-12-04 13:15:00,7.950118764845605,0.015200721361399265,85.51218293029092
22177,5 HOOK BLACKBOARD ORGANISER,315,2990.21,119,22,4,9.95,2009-12-08 09:35:00,2010-08-25 12:39:00,2.6470588235294117,0.015173978468248727,85.52735690875917
22925,BLUE GIANT GARDEN THERMOMETER,488,2989.52,191,46,8,5.95,2010-11-22 12:26:00,2011-10-28 12:09:00,2.554973821989529,0.015170477026830536,85.542527385786
22347,PIZZA SLICE DISH,2621,2988.55,102,30,5,1.25,2009-12-07 15:42:00,2010-08-20 14:07:00,25.69607843137255,0.015165554710633947,85.55769294049664
84031B,CHARLIE LOLA BLUE HOT WATER BOTTLE,743,2986.44,255,72,10,4.21,2009-12-07 09:42:00,2011-12-04 14:55:00,2.9137254901960783,0.015154847404268172,85.5728477879009
20956,PORCELAIN T-LIGHT HOLDERS ASSORTED,2256,2980.0,227,68,2,1.25,2009-12-07 17:56:00,2011-12-02 12:02:00,9.938325991189428,0.015122167284365048,85.58796995518526
23323,WHITE WICKER STAR,1404,2977.8,278,24,5,2.1,2011-06-23 18:33:00,2011-12-04 13:45:00,5.0503597122302155,0.015111003268249074,85.6030809584535
22805,BLUE DRAWER KNOB ACRYLIC EDWARDIAN,2193,2973.93,227,59,9,1.25,2010-10-17 11:23:00,2011-12-04 15:38:00,9.66079295154185,0.015091364748990518,85.6181723232025
21786,POLKADOT RAIN HAT,7331,2973.17,434,97,9,0.79,2009-12-07 17:56:00,2011-12-04 12:44:00,16.891705069124423,0.015087508088877728,85.63325983129138
21765,HANGING METAL BIRD BATH,357,2972.29,141,40,7,7.95,2009-12-14 17:57:00,2010-11-15 14:11:00,2.5319148936170213,0.015083042482431338,85.64834287377381
22067,CHOC TRUFFLE GOLD TRINKET POT,1798,2970.33,244,92,10,1.65,2009-12-07 13:52:00,2011-12-04 11:55:00,7.368852459016393,0.01507309635898256,85.6634159701328
22519,CHILDS GARDEN BRUSH PINK,1425,2968.7700000000004,258,56,10,2.1,2010-03-25 14:12:00,2011-06-07 07:49:00,5.523255813953488,0.015065180056645783,85.67848115018946
22208,WOOD STAMP SET THANK YOU,2323,2962.9799999999996,410,87,8,1.65,2009-12-07 17:56:00,2011-12-04 13:15:00,5.6658536585365855,0.015035798396049644,85.69351694858551
22154,ANGEL DECORATION 3 BUTTONS,6861,2960.83,299,55,5,0.42,2009-12-07 16:38:00,2011-12-02 14:26:00,22.94648829431438,0.015024888107572671,85.70854183669309
21354,TOAST ITS - BEST MUM,2460,2960.54,213,67,9,1.25,2009-12-07 17:56:00,2011-12-01 11:18:00,11.549295774647888,0.015023416487266475,85.72356525318035
22129,PARTY CONES CANDY TREE DECORATION,3084,2944.04,165,70,14,0.85,2009-12-08 13:02:00,2011-12-02 16:39:00,18.69090909090909,0.014939686366396669,85.73850493954676
22927,GREEN GIANT GARDEN THERMOMETER,467,2936.94,161,41,6,5.95,2010-11-21 15:56:00,2011-09-29 18:53:00,2.900621118012422,0.014903657041658752,85.75340859658841
23231,WRAP DOILEY DESIGN,7102,2934.84,254,47,19,0.42,2011-01-12 15:06:00,2011-12-01 10:20:00,27.96062992125984,0.014893000480820777,85.76830159706924
22674,FRENCH TOILET SIGN BLUE METAL,2359,2927.78,292,66,9,1.25,2010-08-17 11:21:00,2011-12-01 16:22:00,8.07876712328767,0.01485717413819406,85.78315877120744
22132,RED LOVE HEART SHAPE CUP,3280,2919.54,373,97,14,0.85,2009-12-07 08:24:00,2011-12-01 16:22:00,8.793565683646113,0.014815359823286956,85.79797413103073
21732,RED HANGING METAL STAR TLIGHT HLDR,842,2919.4500000000003,48,27,2,3.75,2009-12-07 11:35:00,2010-09-28 09:34:00,17.541666666666668,0.014814903113536757,85.81278903414426
22375,AIRLINE BAG VINTAGE JET SET BROWN,581,2914.88,278,89,9,4.25,2010-02-14 12:22:00,2011-12-02 16:39:00,2.0899280575539567,0.014791712407332212,85.82758074655159
21111,"SWISS ROLL TOWEL, CHOCOLATE  SPOTS",1177,2914.57,203,69,11,2.95,2009-12-07 17:56:00,2011-12-04 15:19:00,5.798029556650246,0.014790139295970414,85.84237088584756
23329,DECORATIVE WICKER HEART LARGE,1691,2911.1499999999996,226,18,4,1.65,2011-08-07 15:43:00,2011-12-04 12:31:00,7.482300884955753,0.014772784325462852,85.85714367017302
22757,LARGE RED BABUSHKA NOTEBOOK,2333,2907.91,277,64,10,1.25,2010-08-08 15:53:00,2011-12-02 16:39:00,8.422382671480145,0.014756342774455693,85.87190001294748
22712,CARD DOLLY GIRL,7041,2907.88,501,68,18,0.42,2010-05-28 13:23:00,2011-12-02 10:41:00,14.053892215568862,0.014756190537872292,85.88665620348534
22037,ROBOT BIRTHDAY CARD,6720,2899.93,616,92,13,0.42,2009-12-07 12:19:00,2011-12-04 15:18:00,10.909090909090908,0.014715847843271386,85.90137205132862
22518,CHILDS GARDEN BRUSH BLUE,1398,2899.8,266,54,11,2.1,2010-03-25 14:12:00,2011-05-16 13:35:00,5.2556390977443606,0.014715188151409988,85.91608723948004
23056,FLOWERS CHANDELIER T-LIGHT HOLDER,963,2898.12,39,23,4,6.25,2011-04-19 14:56:00,2011-11-23 13:39:00,24.692307692307693,0.014706662902739608,85.93079390238277
22754,SMALL RED BABUSHKA NOTEBOOK,3338,2894.8199999999997,459,66,14,0.85,2010-08-08 10:55:00,2011-12-04 15:28:00,7.272331154684096,0.014689916878565646,85.94548381926134
21214,SET OF 72 IVORY PAPER DOILIES,1988,2894.72,194,34,8,1.45,2009-12-08 15:49:00,2010-10-08 13:23:00,10.24742268041237,0.014689409423287647,85.96017322868462
85049D,BRIGHT BLUES RIBBONS,2306,2892.96,395,84,13,1.25,2009-12-08 11:07:00,2011-09-28 15:50:00,5.837974683544304,0.014680478210394868,85.97485370689502
22755,SMALL PURPLE BABUSHKA NOTEBOOK,3323,2889.72,470,67,12,0.85,2010-08-06 17:36:00,2011-12-04 13:59:00,7.0702127659574465,0.014664036659387706,85.9895177435544
22277,COSMETIC BAG VINTAGE ROSE PAISLEY,1385,2887.7000000000003,243,85,14,2.1,2009-12-07 18:02:00,2011-11-29 16:33:00,5.699588477366255,0.01465378606277213,86.00417152961717
22897,OVEN MITT APPLES DESIGN,1946,2874.73,292,62,9,1.45,2010-09-26 16:06:00,2011-12-04 13:59:00,6.664383561643835,0.014587969113215683,86.01875949873039
23242,TREASURE TIN BUFFALO BILL,1394,2869.3900000000003,204,26,13,2.08,2011-06-08 12:49:00,2011-12-04 12:01:00,6.833333333333333,0.014560871001370547,86.03332036973175
21465,PINK FLOWER CROCHET FOOD COVER,790,2864.3900000000003,184,83,3,3.75,2009-12-18 14:08:00,2011-12-01 12:55:00,4.293478260869565,0.014535498237470607,86.04785586796922
22480,RED TEA TOWEL CLASSIC DESIGN,2368,2863.06,263,67,9,1.25,2010-03-05 11:16:00,2011-08-28 16:09:00,9.003802281368822,0.014528749082273218,86.06238461705149
22816,CARD MOTORBIKE SANTA,6644,2861.89,418,38,12,0.42,2010-09-16 13:06:00,2011-12-04 13:59:00,15.894736842105264,0.014522811855520632,86.076907428907
22293,HANGING CHICK GREEN DECORATION,2033,2857.16,224,70,5,1.45,2009-12-09 14:16:00,2011-11-22 11:18:00,9.075892857142858,0.014498809220871288,86.09140623812787
22949,36 DOILIES DOLLY GIRL,2009,2855.27,176,56,14,1.45,2010-09-19 12:15:00,2011-11-29 12:09:00,11.414772727272727,0.01448921831611711,86.10589545644399
21948,SET OF 6 CAKE CHOPSTICKS,2248,2855.1,256,93,7,2.46,2009-12-07 17:56:00,2011-11-30 15:13:00,8.78125,0.014488355642144513,86.12038381208613
22184,CAKE STAND VICTORIAN FILIGREE LARGE,385,2853.07,144,46,6,8.5,2009-12-08 12:25:00,2011-01-27 11:05:00,2.673611111111111,0.014478054300001136,86.13486186638613
22664,TOY TIDY DOLLY GIRL DESIGN,1307,2851.13,258,69,11,2.1,2010-07-22 16:37:00,2011-12-02 16:39:00,5.065891472868217,0.01446820966760796,86.14933007605374
23427,STOOL HOME SWEET HOME,236,2848.08,113,12,5,12.5,2011-09-04 12:07:00,2011-12-04 11:56:00,2.088495575221239,0.014452732281628994,86.16378280833537
23542,WALL ART 70'S ALPHABET,369,2844.95,84,9,7,8.25,2011-10-03 11:01:00,2011-12-01 16:22:00,4.392857142857143,0.014436848931427632,86.1782196572668
84997c,CHILDRENS CUTLERY POLKADOT BLUE,339,2842.81,72,45,1,8.29,2010-08-31 11:20:00,2011-12-02 10:07:00,4.708333333333333,0.014425989388478456,86.19264564665528
23345,DOLLY GIRL BEAKER,2417,2837.7,165,20,11,1.25,2011-07-24 16:13:00,2011-12-04 12:01:00,14.648484848484848,0.014400058423772717,86.20704570507905
21424,WOODLAND STORAGE BOX LARGE,945,2832.14,139,70,8,5.91,2009-12-09 09:42:00,2011-10-25 17:31:00,6.798561151079137,0.014371843910315981,86.22141754898936
21705,BAG 500g SWIRLY MARBLES,1761,2831.7599999999998,198,55,5,1.65,2010-07-25 15:44:00,2011-12-04 12:48:00,8.893939393939394,0.014369915580259586,86.23578746456963
22955,36 FOIL STAR CAKE CASES,1389,2828.63,178,47,15,2.1,2010-11-04 12:18:00,2011-12-02 16:39:00,7.803370786516854,0.014354032230058223,86.25014149679969
21324,HANGING MEDINA LANTERN SMALL,1008,2828.01,174,60,6,2.95,2009-12-14 15:17:00,2011-05-09 16:37:00,5.793103448275862,0.01435088600733463,86.26449238280702
21709,FOLDING UMBRELLA CHOCOLATE POLKADOT,686,2827.2200000000003,114,67,5,4.95,2009-12-08 15:49:00,2011-12-04 13:45:00,6.017543859649122,0.014346877110638439,86.27883925991766
22095,LADS ONLY TISSUE BOX,2724,2817.55,267,74,2,1.25,2009-12-07 13:59:00,2011-12-02 16:39:00,10.202247191011235,0.014297806185255953,86.29313706610291
22710,WRAP I LOVE LONDON,7159,2810.78,172,70,10,0.42,2010-05-27 09:17:00,2011-12-04 13:32:00,41.622093023255815,0.014263451462935433,86.30740051756585
22983,CARD BILLBOARD FONT,6617,2808.33,541,63,15,0.42,2010-09-14 17:50:00,2011-12-02 14:26:00,12.231053604436228,0.014251018808624462,86.32165153637447
21408,SPOTTY PINK DUCK DOORSTOP,614,2807.64,224,84,8,4.25,2009-12-07 14:31:00,2011-12-04 15:28:00,2.7410714285714284,0.014247517367206268,86.33589905374168
22905,CALENDAR IN SEASON DESIGN,988,2799.94,182,48,6,2.95,2010-09-19 14:51:00,2011-12-02 12:02:00,5.428571428571429,0.014208443310800359,86.35010749705249
22930,BAKING MOULD HEART MILK CHOCOLATE,1093,2798.91,183,48,9,2.55,2010-12-08 10:40:00,2011-12-02 16:39:00,5.972677595628415,0.014203216521436971,86.36431071357393
22450,SILK PURSE BABUSHKA BLUE,834,2798.28,180,61,13,3.35,2010-03-17 10:34:00,2011-11-28 15:34:00,4.633333333333334,0.014200019553185578,86.37851073312711
21688,SILVER PLATE CANDLE BOWL SMALL,898,2798.1700000000005,140,72,5,2.95,2009-12-09 09:51:00,2011-11-30 09:53:00,6.414285714285715,0.014199461352379783,86.39271019447949
84909A,PINK PAISLEY QUILT,209,2797.55,30,7,2,12.75,2009-12-09 13:25:00,2010-03-24 12:04:00,6.966666666666667,0.014196315129656188,86.40690650960914
20752,BLUE POLKADOT WASHING UP GLOVES,1470,2794.2000000000003,346,90,11,2.1,2009-12-07 13:49:00,2011-11-27 14:50:00,4.2485549132947975,0.014179315377843227,86.42108582498699
22671,FRENCH LAUNDRY SIGN BLUE METAL,1682,2793.24,241,63,5,1.65,2010-08-17 11:21:00,2011-12-04 14:55:00,6.979253112033195,0.014174443807174439,86.43526026879417
22811,SET OF 6 T-LIGHTS CACTI,963,2784.39,129,47,4,2.95,2010-09-21 16:06:00,2011-12-04 14:55:00,7.465116279069767,0.014129534015071542,86.44938980280924
22974,CHILDRENS DOLLY GIRL MUG,1630,2779.3499999999995,206,49,9,1.65,2010-11-24 16:18:00,2011-12-04 11:24:00,7.912621359223301,0.014103958269060397,86.4634937610783
21439,BASKET OF TOADSTOOLS,2213,2777.4,232,84,12,1.25,2009-12-10 16:39:00,2011-12-02 16:39:00,9.538793103448276,0.014094062891139424,86.47758782396943
22696,WICKER WREATH LARGE,1405,2771.33,284,56,4,1.95,2010-07-29 19:56:00,2011-12-02 13:49:00,4.947183098591549,0.014063260355764894,86.4916510843252
21508,VINTAGE KID DOLLY CARD,6617,2765.78,531,100,15,0.42,2009-12-07 08:53:00,2011-12-02 16:39:00,12.461393596986817,0.014035096587835959,86.50568618091303
22416,SET OF 36 DOILIES SPACEBOY DESIGN,1970,2763.3599999999997,176,82,13,1.45,2010-02-03 08:50:00,2011-12-04 11:45:00,11.193181818181818,0.014022816170108386,86.51970899708314
21477,STRING OF 20 ROSE LIGHTS,234,2761.1099999999997,33,7,2,12.75,2009-12-07 09:42:00,2010-03-31 14:12:00,7.090909090909091,0.014011398426353412,86.53372039550949
23504,PLAYING CARDS JUBILEE UNION JACK,1861,2760.34,191,11,4,1.25,2011-09-22 11:46:00,2011-12-04 14:15:00,9.743455497382199,0.014007491020712824,86.5477278865302
22576,SWALLOW WOODEN CHRISTMAS DECORATION,3054,2759.42,318,46,13,0.85,2010-07-18 11:31:00,2011-12-02 11:28:00,9.60377358490566,0.014002822432155235,86.56173070896236
23211,RED ROCKING HORSE HAND PAINTED,2208,2753.91,146,26,10,1.25,2011-06-02 09:37:00,2011-12-04 16:08:00,15.123287671232877,0.013974861646337499,86.57570557060869
22525,CHILDRENS GARDEN GLOVES PINK,1946,2748.79,328,55,13,1.25,2010-03-25 14:12:00,2011-04-18 16:31:00,5.932926829268292,0.013948879936103959,86.5896544505448
85132B,CHARLIE AND LOLA TABLE TINS,917,2747.63,121,38,8,1.95,2009-12-07 13:35:00,2011-06-19 13:26:00,7.578512396694215,0.013942993454879173,86.60359744399967
21728,METAL MEDINA LANTERN,296,2747.61,38,21,1,12.75,2009-12-14 17:16:00,2010-07-23 08:24:00,7.7894736842105265,0.013942891963823574,86.6175403359635
15058C,ICE CREAM DESIGN GARDEN PARASOL,469,2742.93,121,50,5,7.95,2010-01-24 12:12:00,2011-11-15 16:57:00,3.87603305785124,0.013919143056813228,86.63145947902031
22482,BLUE TEA TOWEL CLASSIC DESIGN,2319,2739.43,214,58,9,1.25,2010-03-05 11:16:00,2011-07-05 13:07:00,10.836448598130842,0.01390138212208327,86.6453608611424
23190,BUNDLE OF 3 SCHOOL EXERCISE BOOKS,1688,2738.7999999999997,199,30,8,1.65,2011-05-09 16:35:00,2011-12-04 12:01:00,8.482412060301508,0.013898185153831876,86.65925904629623
21682,LARGE MEDINA STAMPED METAL BOWL,553,2737.8900000000003,150,80,7,4.95,2009-12-11 12:55:00,2011-12-04 13:00:00,3.6866666666666665,0.01389356731080209,86.67315261360703
21188,3D HEARTS  HONEYCOMB PAPER GARLAND,900,2735.94,127,69,7,2.95,2009-12-07 18:02:00,2011-08-03 10:56:00,7.086614173228346,0.01388367193288111,86.68703628553992
85015,SET OF 12  VINTAGE POSTCARD SET,2901,2735.85,248,86,17,2.51,2009-12-07 12:32:00,2011-12-02 13:49:00,11.69758064516129,0.01388321522313091,86.70091950076305
23390,DOLLY GIRL MINI BACKPACK,675,2734.3700000000003,153,13,12,4.15,2011-09-11 13:39:00,2011-12-04 11:45:00,4.411764705882353,0.013875704885016531,86.71479520564806
23196,VINTAGE LEAF MAGNETIC NOTEPAD,1824,2734.0,284,24,11,1.45,2011-06-23 11:51:00,2011-12-02 16:39:00,6.422535211267606,0.013873827300487933,86.72866903294855
21796,SET OF 3 RED STRIPE BASKETS,320,2731.19,65,29,2,12.75,2009-12-08 16:20:00,2010-08-11 11:58:00,4.923076923076923,0.013859567807176166,86.74252860075572
22581,WOOD STOCKING CHRISTMAS SCANDISPOT,3312,2729.04,362,43,10,0.85,2010-07-18 11:31:00,2011-12-04 15:18:00,9.149171270718233,0.013848657518699192,86.75637725827441
84795C,OCEAN STRIPE HAMMOCK,322,2728.7400000000002,129,28,3,7.95,2009-12-11 16:48:00,2011-01-31 15:27:00,2.496124031007752,0.013847135152865194,86.77022439342728
22161,HEART DECORATION RUSTIC HANGING,6655,2720.4700000000003,485,91,9,0.79,2009-12-07 18:02:00,2011-12-01 12:01:00,13.721649484536082,0.013805168601374691,86.78402956202866
23147,SINGLE ANTIQUE ROSE HOOK IVORY,1842,2714.5,257,33,9,1.45,2011-04-21 08:43:00,2011-12-04 12:44:00,7.167315175097277,0.013774873521278161,86.79780443554995
22524,CHILDRENS GARDEN GLOVES BLUE,1925,2713.23,293,59,11,1.25,2010-03-25 14:12:00,2011-05-24 08:49:00,6.5699658703071675,0.013768428839247577,86.81157286438919
22315,200 RED + WHITE BENDY STRAWS,2111,2713.09,368,96,11,1.25,2009-12-09 15:20:00,2011-11-28 15:31:00,5.736413043478261,0.013767718401858378,86.82534058279104
22217,T-LIGHT HOLDER HANGING LACE,2111,2712.24,196,82,4,1.25,2009-12-09 14:48:00,2011-12-04 11:32:00,10.770408163265307,0.013763405031995388,86.83910398782304
21096,SET/6 FRUIT SALAD  PAPER PLATES,15917,2710.05,142,58,8,0.83,2009-12-10 13:59:00,2011-11-20 11:56:00,112.09154929577464,0.013752291761407213,86.85285627958444
22651,GENTLEMAN SHIRT REPAIR KIT,3165,2706.12,264,64,10,0.85,2010-07-20 15:28:00,2011-12-02 16:39:00,11.988636363636363,0.01373234876898186,86.86658862835343
21683,MEDIUM MEDINA STAMPED METAL BOWL,920,2704.09,147,74,6,2.95,2009-12-10 12:10:00,2011-11-20 11:37:00,6.258503401360544,0.013722047426838484,86.88031067578027
51014C,"FEATHER PEN,COAL BLACK",4191,2696.56,256,85,10,0.83,2009-12-07 18:02:00,2011-12-04 14:15:00,16.37109375,0.013683836044405172,86.89399451182467
47503J,SET/3 FLORAL GARDEN TOOLS IN BAG,342,2694.95,73,36,3,7.95,2009-12-07 15:26:00,2010-12-07 15:59:00,4.684931506849315,0.013675666014429391,86.90767017783911
23290,SPACEBOY CHILDRENS BOWL,2256,2694.3900000000003,202,25,14,1.25,2011-06-13 16:33:00,2011-12-04 13:45:00,11.168316831683168,0.0136728242648726,86.92134300210398
22066,LOVE HEART TRINKET POT,3407,2692.7999999999997,270,84,9,1.45,2009-12-08 17:41:00,2011-12-04 11:55:00,12.618518518518519,0.013664755725952415,86.93500775782994
22675,FRENCH KITCHEN SIGN BLUE METAL,2183,2692.69,262,66,9,1.25,2010-08-17 11:21:00,2011-12-02 13:32:00,8.33206106870229,0.013664197525146617,86.94867195535508
23396,LE JARDIN BOTANIQUE CUSHION COVER,644,2691.91,191,14,7,3.75,2011-09-04 12:07:00,2011-12-04 14:55:00,3.3717277486910993,0.013660239373978226,86.96233219472906
23164,REGENCY CAKE SLICE,575,2688.77,89,29,8,4.95,2011-05-03 10:43:00,2011-12-04 15:18:00,6.46067415730337,0.013644305278249063,86.9759765000073
22597,MUSICAL ZINC HEART DECORATION,4434,2687.17,277,53,10,0.85,2010-07-25 12:16:00,2011-12-04 13:59:00,16.0072202166065,0.013636185993801082,86.98961268600111
22101,MIRROR MOSAIC VOTIVE HOLDER,1857,2686.47,113,62,2,2.46,2009-12-07 13:49:00,2011-11-25 14:02:00,16.43362831858407,0.01363263380685509,87.00324531980796
85035C,ROSE 3 WICK MORRIS BOX CANDLE,1354,2685.35,196,63,7,4.03,2009-12-07 14:58:00,2011-11-27 14:40:00,6.908163265306122,0.013626950307741503,87.0168722701157
79072,TEATIME CAKE TIN WITH HANDLE,246,2684.7,94,15,6,9.95,2009-12-07 09:42:00,2010-03-29 15:02:00,2.617021276595745,0.01362365184843451,87.03049592196413
22914,BLUE COAT RACK PARIS FASHION,565,2684.23,167,50,14,4.95,2010-11-19 10:58:00,2011-12-01 09:20:00,3.3832335329341316,0.013621266808627916,87.04411718877276
22818,CARD CHRISTMAS VILLAGE,6185,2676.7599999999998,393,39,13,0.42,2010-09-16 13:06:00,2011-12-04 13:32:00,15.73791348600509,0.013583359899361405,87.05770054867212
21808,"CHRISTMAS GARLAND STARS,TREES",992,2672.36,139,35,5,3.75,2009-12-09 14:48:00,2011-11-22 15:43:00,7.136690647482014,0.013561031867129456,87.07126158053924
22479,DAISY GARDEN MARKER,1931,2671.5099999999998,212,71,5,1.25,2010-03-05 16:02:00,2011-12-01 19:54:00,9.108490566037736,0.013556718497266466,87.08481829903651
22081,RIBBON REEL FLORA + FAUNA,1511,2670.08,291,93,9,1.65,2009-12-07 16:38:00,2011-11-28 15:54:00,5.1924398625429555,0.013549461886791082,87.09836776092331
23212,HEART WREATH DECORATION WITH BELL,2158,2662.98,168,26,7,1.25,2011-06-02 09:04:00,2011-12-04 12:31:00,12.845238095238095,0.013513432562053165,87.11188119348536
22436,12 COLOURED PARTY BALLOONS,4172,2659.1,285,80,9,0.65,2010-04-07 13:34:00,2011-12-01 16:22:00,14.63859649122807,0.013493743297266811,87.12537493678262
21204,DAISIES  HONEYCOMB GARLAND,1591,2654.9399999999996,202,85,7,1.65,2009-12-07 13:48:00,2011-12-01 16:22:00,7.876237623762377,0.013472633157702057,87.13884756994032
23100,SILVER BELLS TABLE DECORATION,2099,2650.79,248,29,9,1.25,2011-05-11 11:57:00,2011-12-04 14:55:00,8.463709677419354,0.013451573763665108,87.15229914370398
22650,CERAMIC PIRATE CHEST MONEY BANK,1757,2650.0699999999997,273,77,12,1.45,2010-05-14 15:41:00,2011-11-30 16:23:00,6.435897435897436,0.013447920085663517,87.16574706378965
23333,IVORY WICKER HEART MEDIUM,2052,2649.2,225,17,6,1.25,2011-08-08 14:37:00,2011-12-04 12:17:00,9.12,0.013443505224744927,87.1791905690144
23341,PINK DINER WALL CLOCK,297,2648.2200000000003,116,24,11,8.5,2011-06-24 09:22:00,2011-12-02 10:32:00,2.560344827586207,0.01343853216302054,87.19262910117742
21788,KIDS RAIN MAC BLUE,3290,2647.74,197,83,14,0.85,2009-12-07 13:32:00,2011-12-02 13:12:00,16.700507614213198,0.013436096377686144,87.2060651975551
22231,JIGSAW TREE WITH BIRDHOUSE,2082,2645.95,292,90,14,1.45,2009-12-10 15:45:00,2011-12-04 15:19:00,7.13013698630137,0.013427012928209966,87.21949221048331
90057,DIAMANTE RING ASSORTED IN BOX.,1780,2645.88,36,20,3,1.25,2009-12-09 14:25:00,2011-12-01 14:30:00,49.44444444444444,0.013426657709515366,87.23291886819283
21923,RED/CREAM STRIPE FRINGE HAMMOCK,336,2645.29,118,28,5,7.95,2009-12-14 18:37:00,2010-08-03 11:32:00,2.847457627118644,0.013423663723375173,87.2463425319162
23146,TRIPLE HOOK ANTIQUE IVORY ROSE,797,2641.9700000000003,226,33,8,3.29,2011-04-19 13:49:00,2011-12-04 15:28:00,3.5265486725663715,0.013406816208145612,87.25974934812434
22094,RED RETROSPOT TISSUE BOX,3544,2637.44,333,91,13,1.25,2009-12-07 17:56:00,2011-12-04 13:32:00,10.642642642642643,0.013383828484052266,87.2731331766084
21821,GLITTER STAR GARLAND WITH BELLS,658,2632.46,140,38,4,3.75,2009-12-07 15:28:00,2011-11-29 16:16:00,4.7,0.013358557211207924,87.2864917338196
21224,SET/4 SKULL BADGES,2119,2630.63,300,95,9,1.25,2009-12-07 13:24:00,2011-12-02 16:39:00,7.0633333333333335,0.013349270779620545,87.29984100459922
22028,PENNY FARTHING BIRTHDAY CARD,6265,2629.02,496,93,17,0.42,2009-12-08 12:05:00,2011-12-01 12:01:00,12.631048387096774,0.013341100749644765,87.31318210534886
21744,SNOWFLAKE PORTABLE TABLE LIGHT,874,2626.36,213,43,6,2.95,2009-12-07 12:42:00,2011-11-24 13:40:00,4.103286384976526,0.013327602439249995,87.3265097077881
22146,EASTER CRAFT IVY WREATH WITH CHICK,1407,2621.43,106,18,7,1.95,2009-12-08 18:18:00,2011-01-25 13:15:00,13.273584905660377,0.013302584894044652,87.33981229268215
84849D,HOT BATHS SOAP HOLDER,1558,2618.27,260,88,6,1.69,2010-01-14 16:16:00,2011-12-01 19:42:00,5.992307692307692,0.01328654930725989,87.35309884198941
47585A,PINK FAIRY CAKE CUSHION COVER,1084,2612.88,148,65,9,3.75,2009-12-07 17:56:00,2011-12-01 13:08:00,7.324324324324325,0.013259197467775753,87.36635803945718
85049F,BABY BOOM RIBBONS,2093,2612.75,310,87,14,1.25,2009-12-08 12:38:00,2011-09-26 12:45:00,6.751612903225807,0.013258537775914354,87.3796165772331
22376,AIRLINE BAG VINTAGE JET SET WHITE,525,2611.14,243,84,10,4.25,2010-02-14 12:22:00,2011-12-04 13:45:00,2.1604938271604937,0.013250367745938574,87.39286694497903
85199S,SMALL HANGING IVORY/RED WOOD BIRD,5679,2607.09,463,99,7,0.42,2009-12-07 17:56:00,2011-12-02 16:39:00,12.265658747300217,0.01322981580717962,87.40609676078621
35001W,HAND OPEN SHAPE DECO.WHITE,830,2605.04,181,45,2,3.49,2009-12-07 11:35:00,2010-12-16 10:08:00,4.585635359116022,0.013219412973980646,87.4193161737602
85049B,LUSH GREENS RIBBONS,2087,2604.55,332,56,9,1.25,2009-12-07 13:48:00,2011-01-26 14:19:00,6.286144578313253,0.013216926443118452,87.43253310020332
22713,CARD I LOVE LONDON,6045,2598.5099999999998,362,79,5,0.42,2010-05-27 20:11:00,2011-12-04 13:32:00,16.69889502762431,0.013186276144327321,87.44571937634764
22152,PLACE SETTING WHITE STAR,6135,2597.7599999999998,233,73,6,0.42,2009-12-07 18:12:00,2011-12-04 15:00:00,26.330472103004293,0.01318247022974233,87.45890184657738
21693,SMALL HAMMERED SILVER CANDLEPOT,853,2595.5200000000004,117,65,6,2.95,2009-12-08 15:49:00,2011-11-30 15:13:00,7.2905982905982905,0.01317110323151516,87.47207294980889
84519A,TOMATO CHARLIE+LOLA COASTER SET,1117,2595.2000000000003,194,86,5,2.95,2009-12-09 09:51:00,2011-12-04 15:19:00,5.757731958762887,0.013169479374625563,87.48524242918351
21897,POTTING SHED CANDLE CITRONELLA,848,2585.17,101,42,4,2.95,2009-12-07 13:59:00,2011-04-27 11:47:00,8.396039603960396,0.013118581610242278,87.49836101079376
21422,PORCELAIN ROSE SMALL,3120,2585.17,145,73,4,0.85,2009-12-09 13:31:00,2011-11-28 15:54:00,21.517241379310345,0.013118581610242278,87.511479592404
22495,SET OF 2 ROUND TINS CAMEMBERT,843,2580.69,221,73,13,2.95,2010-01-29 13:46:00,2011-12-02 16:39:00,3.81447963800905,0.013095847613787931,87.52457544001778
22270,HAPPY EASTER HANGING DECORATION,669,2578.67,152,56,8,3.75,2009-12-10 11:55:00,2011-11-22 17:21:00,4.401315789473684,0.013085597017172355,87.53766103703495
22933,BAKING MOULD EASTER EGG MILK CHOC,938,2577.1800000000003,120,25,6,2.95,2010-12-09 12:20:00,2011-11-22 12:07:00,7.816666666666666,0.013078035933530173,87.55073907296848
85183B,CHARLIE & LOLA WASTEPAPER BIN FLORA,1662,2576.5099999999998,169,72,9,1.25,2009-12-11 14:20:00,2011-12-04 15:28:00,9.834319526627219,0.013074635983167578,87.56381370895166
22990,COTTON APRON PANTRY DESIGN,524,2572.2000000000003,151,44,10,4.95,2011-02-06 14:33:00,2011-11-30 15:13:00,3.4701986754966887,0.013052764660685832,87.57686647361234
23266,SET OF 3 WOODEN STOCKING DECORATION,1936,2566.11,298,26,9,1.25,2011-06-09 15:34:00,2011-12-04 16:08:00,6.496644295302014,0.013021860634255701,87.5898883342466
21653,GLASS ETCHED T-LIGHT HOLDER LARGE,1246,2565.67,111,41,5,2.1,2010-01-13 17:51:00,2010-11-22 09:22:00,11.225225225225225,0.013019627831032507,87.60290796207762
22828,REGENCY MIRROR WITH SHUTTERS,17,2565.0,11,10,2,145.0,2010-10-21 15:38:00,2011-11-16 09:32:00,1.5454545454545454,0.013016227880669915,87.61592418995829
22046,TEA PARTY  WRAPPING PAPER,6250,2561.0,203,89,16,0.42,2009-12-10 11:27:00,2011-12-02 10:22:00,30.788177339901477,0.012995929669549962,87.62892011962784
22439,6 ROCKET BALLOONS,3834,2555.96,354,82,9,0.65,2010-04-08 08:31:00,2011-12-01 19:42:00,10.830508474576272,0.01297035392353882,87.64189047355137
23054,RECYCLED ACAPULCO MAT LAVENDER,291,2555.17,127,34,12,8.25,2011-03-04 13:58:00,2011-11-29 16:33:00,2.2913385826771653,0.01296634502684263,87.65485681857821
84754,S/15 SILVER GLASS BAUBLES IN BAG,2015,2549.59,208,47,4,1.25,2009-12-07 12:32:00,2011-09-23 13:11:00,9.6875,0.012938029022330296,87.66779484760055
21360,JOY LARGE WOOD LETTERS,403,2544.56,91,47,3,9.95,2009-12-08 15:12:00,2011-06-06 15:31:00,4.428571428571429,0.012912504021846955,87.68070735162239
21742,LARGE ROUND WICKER PLATTER,419,2540.1800000000003,185,81,3,5.95,2009-12-10 14:48:00,2011-12-04 13:00:00,2.264864864864865,0.012890277480670608,87.69359762910305
22155,STAR DECORATION RUSTIC,5669,2539.75,317,59,4,0.42,2009-12-07 16:38:00,2011-12-04 15:00:00,17.883280757097793,0.01288809542297521,87.70648572452603
22500,SET OF 2 TINS JARDIN DE PROVENCE,493,2538.56,180,81,8,4.95,2010-01-31 12:27:00,2011-12-04 15:00:00,2.738888888888889,0.012882056705167025,87.7193677812312
21171,BATHROOM METAL SIGN,1817,2535.69,253,75,7,1.45,2009-12-07 13:52:00,2011-08-11 10:14:00,7.181818181818182,0.012867492738688459,87.73223527396989
20787,BLUE RETRO BAR STOOL,69,2535.1,30,16,1,34.0,2010-01-17 12:40:00,2010-09-22 15:11:00,2.3,0.012864498752548265,87.74509977272244
85035B,CHOCOLATE 3 WICK MORRIS BOX CANDLE,985,2535.04,130,51,5,4.25,2009-12-10 16:21:00,2011-10-27 19:56:00,7.576923076923077,0.012864194279381467,87.75796396700183
23292,SPACEBOY CHILDRENS CUP,2040,2530.55,208,25,15,1.25,2011-06-13 16:33:00,2011-12-02 16:39:00,9.807692307692308,0.012841409537399321,87.77080537653923
23489,VINTAGE BELLS GARLAND,858,2529.98,148,7,4,2.89,2011-10-20 10:10:00,2011-12-04 14:55:00,5.797297297297297,0.012838517042314725,87.78364389358154
22937,BAKING MOULD CHOCOLATE CUPCAKES,958,2522.72,157,40,11,2.55,2010-12-08 10:40:00,2011-11-24 09:26:00,6.101910828025478,0.01280167578913201,87.79644556937068
47480,HANGING PHOTO CLIP ROPE LADDER,1526,2522.14,144,72,8,1.65,2009-12-07 15:55:00,2011-12-02 16:39:00,10.597222222222221,0.012798732548519617,87.8092443019192
85034C,3 ROSE MORRIS BOXED CANDLES,1281,2519.94,187,53,6,1.25,2009-12-08 13:46:00,2011-12-04 13:32:00,6.850267379679145,0.012787568532403643,87.8220318704516
21215,IVORY PAPER CUP CAKE CASES,4322,2518.33,287,95,9,0.55,2009-12-07 17:56:00,2011-11-29 16:47:00,15.059233449477352,0.012779398502427862,87.83481126895403
21792,CLASSIC FRENCH STYLE BASKET GREEN,494,2517.88,141,60,2,6.75,2010-01-20 11:57:00,2011-08-03 12:58:00,3.50354609929078,0.012777114953676868,87.8475883839077
84012,MAGIC SHEEP WOOL GROWING FROM PAPER,1720,2514.57,168,65,8,1.66,2009-12-09 14:02:00,2011-12-04 14:55:00,10.238095238095237,0.012760318183975107,87.86034870209168
22145,CHRISTMAS CRAFT HEART STOCKING,1189,2508.1600000000003,181,28,10,2.1,2009-12-07 15:42:00,2010-12-08 14:43:00,6.569060773480663,0.012727790300655384,87.87307649239234
21203,BUTTERFLIES  HONEYCOMB GARLAND,1525,2503.8999999999996,143,34,5,1.65,2009-12-07 13:48:00,2010-08-17 15:49:00,10.664335664335665,0.01270617270581263,87.88578266509816
23407,SET OF 2 TRAYS HOME SWEET HOME,247,2503.6099999999997,123,14,7,9.95,2011-09-04 12:07:00,2011-12-04 13:20:00,2.008130081300813,0.012704701085506434,87.89848736618367
21288,STRIPEY CHOCOLATE NESTING BOXES,965,2501.8500000000004,215,83,9,2.95,2009-12-07 12:32:00,2011-12-02 16:39:00,4.488372093023256,0.012695769872613658,87.91118313605628
22735,RIBBON REEL SOCKS AND MITTENS,1424,2497.54,226,37,10,1.65,2010-09-16 12:20:00,2011-12-04 14:51:00,6.300884955752212,0.012673898550131906,87.92385703460641
82597,BOMBS AWAY METAL SIGN,1169,2479.1600000000003,208,45,2,2.1,2009-12-07 11:52:00,2010-11-01 09:14:00,5.6201923076923075,0.012580628270035723,87.93643766287644
85206B,PINK FELT EASTER EGG BASKET,1538,2477.2999999999997,183,17,5,1.65,2009-12-14 14:02:00,2011-01-20 19:16:00,8.404371584699453,0.012571189601864942,87.94900885247831
22829,SWEETHEART WIRE WALL TIDY,241,2468.5699999999997,118,46,6,9.95,2010-11-10 12:54:00,2011-11-11 14:50:00,2.042372881355932,0.012526888756095644,87.96153574123441
22471,TV DINNER TRAY AIR HOSTESS,583,2465.28,170,69,13,4.95,2010-03-11 10:26:00,2011-12-04 15:47:00,3.429411764705882,0.012510193477449486,87.97404593471187
23264,SET OF 3 WOODEN SLEIGH DECORATIONS,1812,2464.55,280,26,11,1.25,2011-06-09 15:34:00,2011-12-04 15:00:00,6.4714285714285715,0.012506489053920095,87.98655242376579
21898,POTTING SHED ROSE CANDLE,801,2462.1099999999997,108,43,3,2.95,2009-12-11 13:52:00,2011-04-27 11:47:00,7.416666666666667,0.01249410714513692,87.99904653091092
21924,BLUE/CREAM STRIPE FRINGE HAMMOCK,313,2461.36,121,34,4,7.95,2009-12-18 16:36:00,2010-10-18 12:43:00,2.5867768595041323,0.01249030123055193,88.01153683214147
21686,MEDINA STAMPED METAL STOOL,65,2460.1400000000003,33,28,1,39.95,2009-12-11 14:34:00,2011-10-02 15:33:00,1.9696969696969697,0.012484110276160346,88.02402094241764
85054,FRENCH ENAMEL POT W LID,909,2458.92,202,88,9,2.95,2009-12-08 17:10:00,2011-11-28 15:54:00,4.5,0.01247791932176876,88.0364988617394
22676,FRENCH BLUE METAL DOOR SIGN 1,1827,2457.6,302,67,7,1.25,2010-08-17 11:21:00,2011-12-02 17:12:00,6.049668874172186,0.012471220912099174,88.04897008265151
21818,GLITTER CHRISTMAS HEART,4058,2456.5299999999997,272,61,4,0.85,2009-12-08 13:41:00,2011-12-04 15:00:00,14.919117647058824,0.012465791140624585,88.06143587379213
22342,HOME GARLAND PAINTED ZINC,1785,2455.33,226,91,7,1.65,2009-12-07 11:46:00,2011-11-28 15:31:00,7.898230088495575,0.012459701677288602,88.07389557546942
84509F,SET OF 4 NEW ENGLAND PLACEMATS,2780,2452.35,45,30,4,3.75,2009-12-10 17:04:00,2010-11-10 10:50:00,61.77777777777778,0.012444579510004236,88.08634015497942
21747,SMALL SKULL WINDMILL,2047,2448.53,151,67,5,1.25,2009-12-09 11:58:00,2011-11-30 14:00:00,13.556291390728477,0.012425194718384682,88.09876534969781
85034B,3 WHITE CHOC MORRIS BOXED CANDLES,1106,2447.71,137,45,7,3.29,2009-12-08 13:46:00,2011-12-04 11:00:00,8.072992700729927,0.01242103358510509,88.11118638328291
22911,PAPER CHAIN KIT LONDON,847,2436.65,163,54,7,2.95,2010-09-19 13:05:00,2011-12-01 18:43:00,5.196319018404908,0.01236490903135842,88.12355129231427
21680,WOODLAND  STICKERS,2804,2432.96,256,87,9,0.85,2009-12-08 16:09:00,2011-12-02 16:39:00,10.953125,0.012346183931600264,88.13589747624587
82567,"AIRLINE LOUNGE,METAL SIGN",1170,2432.09,475,98,4,2.1,2009-12-07 17:56:00,2011-12-04 11:45:00,2.463157894736842,0.012341769070681673,88.14823924531656
84840,SWEETHEART CARRY-ALL BASKET,282,2430.82,140,36,4,8.5,2010-05-02 15:48:00,2011-03-25 12:21:00,2.0142857142857142,0.01233532438865109,88.1605745697052
22021,BLUE FELT EASTER EGG BASKET,1413,2430.31,233,30,7,1.65,2009-12-14 14:02:00,2011-03-21 11:24:00,6.064377682403434,0.012332736366733295,88.17290730607193
72800E,4 IVORY DINNER CANDLES SILVER FLOCK,1250,2422.46,263,86,6,2.55,2009-12-07 13:24:00,2011-12-02 16:39:00,4.752851711026616,0.012292901127410386,88.18520020719934
23316,RED REFECTORY CLOCK,244,2421.92,105,24,10,9.95,2011-06-23 18:44:00,2011-12-02 13:21:00,2.323809523809524,0.012290160868909192,88.19749036806826
22537,MAGIC DRAWING SLATE DINOSAUR,5860,2420.4900000000002,349,83,10,0.42,2010-03-29 13:55:00,2011-12-02 13:54:00,16.79083094555874,0.012282904258433812,88.20977327232669
22190,LOCAL CAFE MUG,1234,2418.77,223,77,5,2.1,2009-12-07 17:56:00,2011-12-04 14:55:00,5.533632286995516,0.01227417602765223,88.22204744835433
21431,GREEN GINGHAM FLOWER JEWELLERY BOX,1430,2416.79,264,44,11,1.65,2009-12-07 13:24:00,2010-11-16 13:04:00,5.416666666666667,0.012264128413147854,88.23431157676748
22789,T-LIGHT HOLDER SWEETHEART HANGING,1233,2407.61,194,52,2,1.95,2010-10-17 12:03:00,2011-12-04 12:52:00,6.355670103092783,0.012217544018627562,88.24652912078611
21973,SET OF 36 MUSHROOM PAPER DOILIES,1664,2404.97,206,74,17,1.45,2009-12-07 10:41:00,2011-11-28 11:18:00,8.077669902912621,0.01220414719928839,88.25873326798539
20960,WATERMELON BATH SPONGE,1792,2402.64,201,55,7,1.25,2009-12-07 13:35:00,2011-03-07 10:12:00,8.91542288557214,0.01219232349131102,88.2709255914767
22613,PACK OF 20 SPACEBOY NAPKINS,3026,2397.73,270,75,14,0.85,2010-05-06 11:50:00,2011-12-04 12:44:00,11.207407407407407,0.012167407437161278,88.28309299891386
21323,HANGING MEDINA LANTERN LARGE,712,2395.49,77,26,3,4.25,2009-12-07 17:56:00,2010-07-23 08:24:00,9.246753246753247,0.0121560404389341,88.2952490393528
21642,ASSORTED TUTTI FRUTTI PEN,4218,2394.1,234,73,5,0.85,2009-12-07 12:42:00,2011-12-01 13:08:00,18.025641025641026,0.012148986810569919,88.30739802616337
22758,LARGE PURPLE BABUSHKA NOTEBOOK,1919,2393.56,283,63,11,1.25,2010-08-06 17:36:00,2011-12-04 10:56:00,6.780918727915195,0.012146246552068725,88.31954427271543
22362,GLASS JAR PEACOCK BATH SALTS,743,2393.05,250,82,9,2.95,2010-03-15 09:28:00,2011-12-04 13:32:00,2.972,0.012143658530150933,88.33168793124558
22609,PENS ASSORTED SPACEBALL,7042,2393.0299999999997,197,63,6,0.21,2010-02-23 14:16:00,2011-12-02 16:34:00,35.746192893401016,0.01214355703909533,88.34383148828468
23400,SHELF WITH 4 HOOKS HOME SWEET HOME,458,2390.59,105,13,4,6.25,2011-09-06 11:55:00,2011-11-30 15:33:00,4.3619047619047615,0.012131175130312161,88.35596266341499
22091,EMPIRE TISSUE BOX,3114,2390.01,308,86,7,1.25,2009-12-07 17:56:00,2011-12-02 12:36:00,10.11038961038961,0.012128231889699768,88.36809089530469
23497,CLASSIC CHROME BICYCLE BELL,1669,2383.17,159,6,11,1.45,2011-10-28 13:04:00,2011-12-04 14:55:00,10.49685534591195,0.012093521948684648,88.38018441725337
21789,KIDS RAIN MAC PINK,2861,2382.67,211,81,15,0.85,2009-12-07 17:56:00,2011-12-02 16:39:00,13.559241706161137,0.012090984672294653,88.39227540192567
22852,DOG BOWL VINTAGE CREAM,547,2382.53,154,54,9,4.25,2010-10-15 11:47:00,2011-12-04 11:56:00,3.551948051948052,0.012090274234905456,88.40436567616058
21274,EMBOSSED HEART 3 DRAWER SHELF,172,2382.44,102,42,4,12.75,2009-12-07 13:23:00,2010-11-05 11:58:00,1.6862745098039216,0.012089817525155255,88.41645549368573
21616,4 PEAR BOTANICAL DINNER CANDLES,1129,2379.23,183,59,6,2.46,2009-12-08 16:20:00,2011-12-04 13:32:00,6.169398907103825,0.012073528210731493,88.42852902189647
23028,DRAWER KNOB CRACKLE GLAZE BLUE,1369,2377.1299999999997,137,21,13,1.65,2011-06-14 13:51:00,2011-11-02 13:46:00,9.992700729927007,0.012062871649893517,88.44059189354635
23424,GINGHAM RECIPE BOOK BOX,443,2374.69,129,14,7,4.95,2011-09-04 16:09:00,2011-12-04 10:29:00,3.434108527131783,0.012050489741110348,88.45264238328747
84818,DANISH ROSE PHOTO FRAME,1785,2374.6,213,78,9,2.51,2009-12-14 17:57:00,2011-10-30 16:15:00,8.380281690140846,0.012050033031360149,88.46469241631883
21330,WOODLAND ANIMAL  WRITING SET,1413,2373.7,189,38,6,1.65,2009-12-07 17:56:00,2010-11-07 15:58:00,7.476190476190476,0.012045465933858157,88.47673788225268
23406,HOME SWEET HOME KEY HOLDER,450,2372.7400000000002,107,13,3,6.25,2011-09-05 10:15:00,2011-12-04 12:17:00,4.205607476635514,0.012040594363189371,88.48877847661586
85036A,GARDENIA 1 WICK MORRIS BOXED CANDLE,615,2372.21,162,79,3,4.25,2009-12-07 14:52:00,2011-10-31 14:41:00,3.7962962962962963,0.012037904850215976,88.50081638146608
84795B,SUNSET CHECK HAMMOCK,297,2371.14,95,47,4,7.95,2009-12-07 18:02:00,2011-11-08 09:07:00,3.126315789473684,0.01203247507874139,88.51284885654482
85059,FRENCH ENAMEL WATER BASIN,695,2369.9700000000003,207,85,5,3.75,2009-12-07 17:56:00,2011-11-29 15:09:00,3.357487922705314,0.012026537851988804,88.52487539439682
22415,WHITE TISSUE REAM,298,2369.1,190,50,4,7.95,2009-12-07 13:07:00,2011-01-26 11:27:00,1.568421052631579,0.012022122991070213,88.53689751738789
22448,PIN CUSHION BABUSHKA RED,726,2367.78,116,58,10,3.35,2010-03-18 16:28:00,2011-12-04 15:28:00,6.258620689655173,0.01201542458140063,88.54891294196929
85041,SET/4 PINK ORCHID CANDLES IN BOWL,1773,2365.69,84,25,3,1.65,2009-12-09 14:16:00,2010-07-15 15:08:00,21.107142857142858,0.012004818766090452,88.56091776073538
22540,MINI JIGSAW CIRCUS PARADE,5911,2361.32,182,76,14,0.42,2010-03-28 15:11:00,2011-11-29 15:06:00,32.47802197802198,0.011982642970441906,88.57290040370582
21468,BUTTERFLY CROCHET FOOD COVER,668,2357.64,141,75,3,3.75,2009-12-18 11:18:00,2011-11-29 13:06:00,4.73758865248227,0.011963968616211547,88.58486437232203
23412,HEART MIRROR ANTIQUE WHITE,358,2354.8,76,6,1,7.5,2011-09-06 09:53:00,2011-10-10 17:26:00,4.7105263157894735,0.011949556886316381,88.59681392920835
21437,24 HANGING EASTER EGGS FLORAL TUB,677,2350.92,109,14,3,3.75,2009-12-08 18:18:00,2010-03-28 15:16:00,6.2110091743119265,0.011929867621530026,88.60874379682988
21106,CREAM SLICE FLANNEL CHOCOLATE SPOT,764,2349.4900000000002,166,73,10,2.95,2009-12-07 18:02:00,2011-12-02 16:39:00,4.602409638554217,0.011922611011054645,88.62066640784094
22986,GINGHAM ROSE WRAP,5695,2347.9,201,61,15,0.42,2010-09-07 10:59:00,2011-11-27 11:22:00,28.333333333333332,0.011914542472134462,88.63258095031308
72799E,IVORY PILLAR CANDLE SILVER FLOCK,1001,2347.88,161,65,4,2.95,2009-12-11 12:45:00,2011-11-30 15:13:00,6.217391304347826,0.011914440981078862,88.64449539129416
21540,DAIRY MAID CERAMIC BUTTER DISH,1312,2343.8,80,34,2,4.25,2009-12-10 13:27:00,2010-09-09 15:44:00,16.4,0.01189373680573651,88.65638912809989
84459B,YELLOW METAL CHICKEN HEART,1475,2341.77,213,54,5,1.49,2009-12-07 11:46:00,2011-04-07 19:05:00,6.924882629107981,0.011883435463593134,88.66827256356348
21873,IF YOU CAN'T STAND THE HEAT MUG,2000,2339.21,190,80,5,1.25,2009-12-08 14:56:00,2011-12-01 18:43:00,10.526315789473685,0.011870444608476364,88.68014300817195
23367,SET 12 COLOUR PENCILS SPACEBOY,3072,2336.3,262,11,12,0.65,2011-09-22 11:46:00,2011-12-04 13:45:00,11.725190839694656,0.011855677659886599,88.69199868583183
23048,SET OF 10 LANTERNS FAIRY LIGHT STAR,571,2335.19,96,28,8,4.15,2011-04-28 13:35:00,2011-12-04 12:32:00,5.947916666666667,0.011850044906300811,88.70384873073813
85035A,GARDENIA 3 WICK MORRIS BOXED CANDLE,643,2332.15,176,66,8,4.25,2009-12-07 10:51:00,2011-10-26 16:43:00,3.653409090909091,0.011834618265849646,88.71568334900398
47570,ENGLISH ROSE TABLE CLOTH,217,2330.01,75,20,5,10.65,2009-12-13 16:03:00,2010-04-26 14:22:00,2.8933333333333335,0.011823758722900472,88.72750710772688
22566,FELTCRAFT HAIRBAND PINK AND PURPLE,2793,2327.91,284,77,7,0.85,2010-03-10 12:39:00,2011-12-02 12:59:00,9.834507042253522,0.011813102162062496,88.73932020988894
23436,VINTAGE CHRISTMAS GIFT BAG LARGE,1956,2327.75,109,17,6,1.25,2011-08-02 14:04:00,2011-12-01 16:22:00,17.94495412844037,0.011812290233617698,88.75113250012257
21809,CHRISTMAS HANGING TREE WITH BELL,2914,2327.38,194,43,6,1.25,2009-12-08 11:46:00,2011-11-28 15:54:00,15.02061855670103,0.011810412649089101,88.76294291277165
21823,PAINTED METAL HEART WITH HOLLY BELL,2385,2324.19,206,46,3,1.45,2009-12-08 13:27:00,2011-11-15 12:02:00,11.577669902912621,0.011794224825720939,88.77473713759737
90062,CARNIVAL BRACELET,183,2323.11,102,47,1,12.75,2009-12-07 18:02:00,2011-04-28 16:21:00,1.7941176470588236,0.011788744308718553,88.78652588190609
21126,SET OF 6 GIRLS CELEBRATION CANDLES,2301,2319.22,276,93,14,1.25,2009-12-09 09:42:00,2011-12-02 16:39:00,8.33695652173913,0.011769004298404396,88.79829488620449
23437,50'S CHRISTMAS GIFT BAG LARGE,1903,2318.95,122,15,6,1.25,2011-08-22 15:05:00,2011-12-04 13:59:00,15.598360655737705,0.0117676341691538,88.81006252037365
21824,PAINTED METAL STAR WITH HOLLY BELLS,2759,2314.93,207,40,5,1.45,2009-12-09 09:42:00,2011-11-15 12:02:00,13.328502415458937,0.011747234466978246,88.82180975484063
22251,BIRDHOUSE DECORATION MAGIC GARDEN,1869,2312.72,297,81,5,1.25,2009-12-17 17:16:00,2011-12-02 16:39:00,6.292929292929293,0.011736019705334472,88.83354577454597
22421,LIPSTICK PEN FUSCHIA,4648,2310.95,400,79,8,0.42,2010-05-06 14:01:00,2011-12-02 16:39:00,11.62,0.011727037746913893,88.84527281229288
22642,SET OF 4 NAPKIN CHARMS STARS,942,2303.0,135,43,6,2.55,2010-07-18 12:49:00,2011-12-04 15:19:00,6.977777777777778,0.011686695052312988,88.8569595073452
84509B,SET OF 4 FAIRY CAKE PLACEMATS,611,2302.11,185,85,12,3.75,2009-12-07 10:51:00,2011-11-27 15:44:00,3.3027027027027027,0.011682178700338799,88.86864168604554
10133,COLOURING PENCILS BROWN TUBE,3752,2300.16,281,73,8,0.83,2009-12-07 13:17:00,2011-09-07 10:07:00,13.352313167259787,0.011672283322417822,88.88031396936795
21589,SWALLOW GIANT TUBE MATCHES,999,2299.05,78,26,5,2.55,2009-12-07 13:59:00,2010-06-17 10:30:00,12.807692307692308,0.011666650568832036,88.89198061993677
22153,ANGEL DECORATION STARS ON DRESS,5340,2298.78,261,56,6,0.42,2009-12-07 17:56:00,2011-12-04 15:00:00,20.45977011494253,0.011665280439581439,88.90364590037636
22306,SILVER MUG BONE CHINA TREE OF LIFE,1601,2295.0,160,40,9,1.25,2009-12-09 09:51:00,2011-12-02 10:47:00,10.00625,0.011646098630073081,88.91529199900643
22409,MONEY BOX BISCUITS DESIGN,1684,2287.96,162,68,12,1.25,2010-03-26 13:46:00,2011-12-04 14:55:00,10.395061728395062,0.011610373778501965,88.92690237278492
21262,WHITE GOOSE FEATHER CHRISTMAS TREE,589,2287.8700000000003,126,46,7,2.95,2009-12-10 09:49:00,2011-12-04 15:13:00,4.674603174603175,0.011609917068751767,88.93851228985368
22831,WHITE BROCANTE SOAP DISH,776,2286.28,138,48,10,2.95,2010-11-07 14:51:00,2011-12-01 15:11:00,5.6231884057971016,0.011601848529831586,88.95011413838351
22742,MAKE YOUR OWN PLAYTIME CARD KIT,766,2283.86,168,58,10,2.95,2010-08-10 17:02:00,2011-12-02 15:39:00,4.559523809523809,0.011589568112104012,88.96170370649561
22363,GLASS JAR MARMALADE,776,2282.96,164,76,9,2.95,2010-03-15 13:06:00,2011-12-02 16:39:00,4.7317073170731705,0.011585001014602024,88.97328870751022
23360,SET 8 CANDLES VINTAGE DOILY,1177,2276.65,111,18,6,1.95,2011-08-02 11:33:00,2011-12-02 16:39:00,10.603603603603604,0.011552980586560298,88.98484168809678
23352,ROLL WRAP 50'S RED CHRISTMAS,1688,2272.01,191,17,6,1.25,2011-08-04 16:17:00,2011-12-04 14:15:00,8.837696335078535,0.011529434661661153,88.99637112275845
85106,CUT GLASS HEXAGON T-LIGHT HOLDER,1190,2271.24,59,34,1,2.55,2009-12-08 15:12:00,2011-11-28 13:37:00,20.16949152542373,0.01152552725602056,89.00789665001447
23029,DRAWER KNOB CRACKLE GLAZE GREEN,1326,2261.02,152,25,13,1.65,2011-06-14 13:51:00,2011-12-04 13:59:00,8.723684210526315,0.011473665326609081,89.01937031534108
21947,SET OF 6 HEART CHOPSTICKS,1646,2259.08,288,90,12,1.25,2009-12-07 18:02:00,2011-12-02 16:39:00,5.715277777777778,0.011463820694215903,89.0308341360353
23252,VINTAGE RED ENAMEL TRIM JUG,601,2254.11,136,26,8,3.75,2011-06-12 12:00:00,2011-12-02 13:28:00,4.419117647058823,0.01143860016689936,89.0422727362022
21615,4 LAVENDER BOTANICAL DINNER CANDLES,1152,2252.35,161,49,8,1.25,2009-12-08 16:20:00,2011-12-04 15:00:00,7.15527950310559,0.011429668954006583,89.0537024051562
20668,DISCO BALL CHRISTMAS DECORATION,19182,2249.68,345,72,7,0.12,2009-12-07 11:39:00,2011-12-04 14:45:00,55.6,0.011416119898084012,89.06511852505429
84469,ROSE DES PADDED FLOOR CUSHION,663,2242.46,43,12,4,2.95,2009-12-11 15:40:00,2010-03-24 10:30:00,15.418604651162791,0.011379481627012498,89.0764980066813
23330,DECORATIVE WICKER HEART MEDIUM,1759,2239.59,209,17,4,1.25,2011-08-08 13:53:00,2011-12-04 12:31:00,8.416267942583731,0.011364917660533932,89.08786292434183
22803,IVORY EMBROIDERED QUILT,59,2237.84,36,19,5,39.95,2010-10-22 14:04:00,2011-11-13 14:44:00,1.6388888888888888,0.011356037193168952,89.099218961535
21464,DISCO BALL ROTATOR BATTERY OPERATED,527,2235.75,212,89,6,4.25,2009-12-08 13:28:00,2011-12-01 14:38:00,2.4858490566037736,0.011345431377858777,89.11056439291286
85172,HYACINTH BULB T-LIGHT CANDLES,4191,2235.2,146,70,6,0.42,2009-12-10 17:09:00,2011-11-29 11:48:00,28.705479452054796,0.011342640373829782,89.12190703328669
85034A,3 GARDENIA MORRIS BOXED CANDLES,815,2234.83,130,56,4,4.25,2009-12-08 09:46:00,2011-11-23 09:34:00,6.269230769230769,0.011340762789301188,89.13324779607599
22321,BIRD DECORATION RED RETROSPOT,2402,2231.22,294,94,16,0.85,2009-12-07 10:33:00,2011-11-30 15:13:00,8.170068027210885,0.011322443653765429,89.14457023972976
23265,SET OF 3 WOODEN TREE DECORATIONS,1650,2228.21,274,26,9,1.25,2011-06-09 15:34:00,2011-12-04 16:08:00,6.021897810218978,0.011307169249897666,89.15587740897966
21462,"NURSERY A,B,C PAINTED LETTERS",326,2226.96,160,80,7,6.75,2009-12-11 13:36:00,2011-12-04 15:28:00,2.0375,0.01130082605892268,89.16717823503859
21655,HANGING RIDGE GLASS T-LIGHT HOLDER,1370,2223.12,84,26,6,1.69,2009-12-09 11:40:00,2011-02-11 13:53:00,16.30952380952381,0.011281339776247524,89.17845957481484
84536A,ENGLISH ROSE NOTEBOOK A7 SIZE,4929,2222.24,593,100,12,0.42,2009-12-08 15:49:00,2011-12-04 13:00:00,8.311973018549747,0.011276874169801134,89.18973644898463
23371,SET 36 COLOUR PENCILS SPACEBOY,1648,2221.43,169,11,10,1.25,2011-09-22 12:02:00,2011-12-04 13:59:00,9.751479289940828,0.011272763782049344,89.20100921276668
21476,STEEL SWEETHEART ROUND TABLE CREAM,142,2219.5099999999998,85,41,4,14.95,2010-01-19 10:01:00,2011-10-19 13:58:00,1.6705882352941177,0.011263020640711765,89.21227223340739
22133,PINK LOVE HEART SHAPE CUP,2420,2213.63,315,98,12,0.85,2009-12-07 13:48:00,2011-12-01 16:22:00,7.682539682539683,0.011233182270365436,89.22350541567775
22973,CHILDREN'S CIRCUS PARADE MUG,1297,2211.77,151,50,8,1.65,2010-11-23 17:53:00,2011-12-04 12:08:00,8.589403973509933,0.011223743602194658,89.23472915927995
84913A,SOFT PINK ROSE TOWEL,608,2211.54,266,76,6,3.36,2009-12-09 09:42:00,2011-11-07 16:16:00,2.2857142857142856,0.01122257645505526,89.245951735735
37502,TEA TIME MUG IN GIFT BOX,727,2209.88,161,30,8,2.95,2009-12-07 12:26:00,2010-07-30 16:50:00,4.515527950310559,0.01121415269744048,89.25716588843244
22024,RAINY LADIES BIRTHDAY CARD,5283,2206.66,423,95,11,0.42,2009-12-08 12:05:00,2011-12-02 16:39:00,12.48936170212766,0.011197812637488917,89.26836370106993
22539,MINI JIGSAW DOLLY GIRL,5308,2200.47,239,79,17,0.42,2010-03-26 11:21:00,2011-12-02 16:39:00,22.209205020920503,0.011166401155780789,89.2795301022257
20931,BLUE POT PLANT CANDLE,656,2198.19,151,71,6,3.75,2009-12-07 16:40:00,2011-12-02 16:39:00,4.344370860927152,0.011154831175442418,89.29068493340115
21696,SMALL SILVER TRELLIS CANDLEPOT,731,2198.0400000000004,105,60,5,2.95,2009-12-07 11:05:00,2011-11-23 14:35:00,6.961904761904762,0.01115406999252542,89.30183900339368
21125,SET 6 FOOTBALL CELEBRATION CANDLES,2113,2195.25,241,88,15,1.25,2009-12-09 11:58:00,2011-12-02 14:26:00,8.767634854771785,0.011139911990269251,89.31297891538395
23093,SMALL PARISIENNE HEART PHOTO FRAME,930,2194.6000000000004,138,30,3,2.49,2011-05-11 12:32:00,2011-12-02 11:16:00,6.739130434782608,0.01113661353096226,89.32411552891492
21187,WHITE BELL HONEYCOMB PAPER GARLAND,1314,2194.2799999999997,138,57,3,1.65,2009-12-07 16:40:00,2011-08-04 16:32:00,9.521739130434783,0.011134989674072662,89.33525051858899
51014L,"FEATHER PEN,LIGHT PINK",3411,2193.6499999999996,222,79,10,0.83,2009-12-09 10:46:00,2011-12-04 14:15:00,15.364864864864865,0.01113179270582127,89.34638231129482
22246,MAGIC GARDEN FELT GARLAND,1038,2192.35,181,72,4,1.95,2009-12-13 12:19:00,2011-11-24 09:50:00,5.734806629834254,0.011125195787207286,89.35750750708202
21708,FOLDING UMBRELLA CREAM POLKADOT,583,2187.4300000000003,122,63,7,4.95,2009-12-09 09:51:00,2011-11-28 11:00:00,4.778688524590164,0.011100228987529746,89.36860773606955
23326,HANGING MINI COLOURED BOTTLES,3386,2186.48,72,16,7,0.63,2011-08-11 12:53:00,2011-12-02 11:53:00,47.02777777777778,0.011095408162388755,89.37970314423194
85199L,LARGE HANGING IVORY & RED WOOD BIRD,3310,2186.2200000000003,263,90,9,0.65,2009-12-07 17:56:00,2011-11-29 15:06:00,12.585551330798479,0.011094088778665958,89.3907972330106
85176,SEWING SUSAN 21 NEEDLE SET,2633,2181.92,291,91,8,0.85,2009-12-08 12:38:00,2011-12-02 16:39:00,9.048109965635739,0.011072268201712008,89.40186950121232
23079,TOADSTOOL BEDSIDE LIGHT,246,2180.7,102,29,8,8.95,2011-05-11 13:20:00,2011-12-04 13:32:00,2.411764705882353,0.011066077247320422,89.41293557845964
21819,GLITTER CHRISTMAS STAR,3722,2179.99,234,41,6,0.85,2009-12-08 10:02:00,2011-12-04 14:55:00,15.905982905982906,0.011062474314846629,89.42399805277448
22711,WRAP CIRCUS PARADE,5302,2178.84,179,69,10,0.42,2010-05-27 18:13:00,2011-12-01 10:31:00,29.620111731843576,0.011056638579149644,89.43505469135363
22716,CARD CIRCUS PARADE,5148,2177.91,438,76,17,0.42,2010-06-01 13:49:00,2011-12-02 16:39:00,11.753424657534246,0.011051919245064256,89.44610661059869
23128,FELTCRAFT BOY JEAN-PAUL KIT,434,2177.6800000000003,133,38,11,4.95,2011-03-03 13:45:00,2011-12-04 15:00:00,3.263157894736842,0.01105075209792486,89.45715736269662
22286,"DECORATION , WOBBLY RABBIT , METAL",1924,2177.52,193,53,3,1.65,2009-12-21 17:14:00,2011-12-01 12:01:00,9.968911917098445,0.01104994016948006,89.4682073028661
20658,RED SPOTTY LUGGAGE TAG,1530,2177.2599999999998,342,86,9,1.25,2009-12-07 10:51:00,2011-09-26 13:57:00,4.473684210526316,0.011048620785757262,89.47925592365186
21741,COSY SLIPPER SHOES LARGE GREEN,668,2174.7700000000004,179,62,8,2.95,2009-12-07 15:42:00,2011-11-16 12:08:00,3.7318435754189943,0.011035985149335095,89.4902919088012
15056n,EDWARDIAN PARASOL NATURAL,173,2170.4,116,52,1,12.46,2010-06-08 15:24:00,2011-11-30 14:11:00,1.4913793103448276,0.011013809353686543,89.50130571815488
84691,PACK 20 DOLLY PEGS,2686,2170.25,225,38,9,0.85,2009-12-07 13:48:00,2011-05-31 09:38:00,11.937777777777777,0.011013048170769545,89.51231876632565
22920,HERB MARKER BASIL,3436,2166.9900000000002,243,48,8,0.65,2010-11-21 16:11:00,2011-12-02 17:04:00,14.139917695473251,0.010996505128706785,89.52331527145435
23020,GLASS  SONGBIRD STORAGE JAR,178,2166.84,74,25,12,12.5,2011-06-14 13:40:00,2011-12-04 16:02:00,2.4054054054054053,0.010995743945789786,89.53431101540014
85116,BLACK CANDELABRA T-LIGHT HOLDER,1794,2166.34,175,75,6,1.66,2009-12-07 13:59:00,2011-10-14 11:08:00,10.251428571428571,0.010993206669399791,89.54530422206953
85045,GREEN CHRISTMAS TREE STRING 20LIGHT,457,2163.73,77,28,3,4.95,2009-12-07 08:24:00,2011-11-02 12:45:00,5.935064935064935,0.010979962086644021,89.55628418415618
85107,CUT GLASS T-LIGHT HOLDER OCTAGON,1143,2163.07,66,41,1,2.55,2009-12-11 12:55:00,2011-11-28 13:37:00,17.318181818181817,0.01097661288180923,89.56726079703799
22514,CHILDS GARDEN SPADE BLUE,1072,2161.6200000000003,228,71,7,2.1,2010-03-28 11:30:00,2011-12-02 16:39:00,4.701754385964913,0.010969254780278248,89.57823005181827
21826,EIGHT PIECE DINOSAUR SET,1670,2157.77,229,60,5,1.25,2009-12-07 11:39:00,2011-03-16 13:00:00,7.292576419213974,0.010949717752075292,89.58917976957034
22453,MEASURING TAPE BABUSHKA BLUE,782,2156.8700000000003,141,58,14,2.95,2010-03-21 14:16:00,2011-12-01 13:47:00,5.546099290780142,0.010945150654573303,89.60012492022491
21651,HANGING GLASS ETCHED TEALIGHT,1333,2154.16,121,49,7,1.65,2009-12-11 10:54:00,2011-02-21 13:51:00,11.016528925619834,0.010931398616539533,89.61105631884145
22824,3 TIER SWEETHEART GARDEN SHELF,61,2153.9500000000003,48,31,4,35.95,2010-11-07 14:17:00,2011-11-23 08:17:00,1.2708333333333333,0.010930332960455738,89.6219866518019
23197,SKETCHBOOK MAGNETIC SHOPPING LIST,1392,2147.52,233,24,9,1.45,2011-06-23 11:51:00,2011-12-04 12:32:00,5.9742489270386265,0.010897703586080412,89.63288435538799
35001G,HAND OPEN SHAPE GOLD,678,2144.9,97,53,5,4.25,2009-12-10 15:35:00,2011-12-04 15:00:00,6.989690721649485,0.010884408257796843,89.64376876364578
22677,FRENCH BLUE METAL DOOR SIGN 2,1583,2143.03,280,63,8,1.25,2010-08-17 11:21:00,2011-12-02 17:12:00,5.6535714285714285,0.010874918844098266,89.65464368248988
22714,CARD BIRTHDAY COWBOY,5247,2142.85,354,78,15,0.42,2010-05-28 16:36:00,2011-12-02 16:39:00,14.822033898305085,0.010874005424597866,89.66551768791447
22853,CAT BOWL VINTAGE CREAM,628,2140.18,142,53,8,3.25,2010-10-15 11:47:00,2011-12-04 11:56:00,4.422535211267606,0.010860456368675296,89.67637814428315
23066,SMALL DECO JEWELLERY STAND,259,2137.81,85,24,5,8.25,2011-04-18 14:01:00,2011-10-13 14:33:00,3.0470588235294116,0.010848429678586725,89.68722657396174
23438,RED SPOT GIFT BAG LARGE,1751,2135.0,103,18,6,1.25,2011-08-03 12:20:00,2011-12-04 15:00:00,17.0,0.01083417018527496,89.69806074414701
21804,WHITE CHRISTMAS GARLAND STARS TREES,570,2131.68,133,34,2,3.75,2009-12-08 12:25:00,2011-12-02 11:28:00,4.285714285714286,0.010817322670045397,89.70887806681706
21710,FOLDING UMBRELLA PINKWHITE POLKADOT,705,2131.06,107,62,9,4.95,2009-12-08 16:23:00,2011-11-25 11:41:00,6.588785046728972,0.010814176447321805,89.71969224326439
20770,ABSTRACT CIRCLE JOURNAL,1021,2129.39,199,76,6,2.55,2009-12-10 13:09:00,2011-11-27 11:47:00,5.130653266331659,0.010805701944179224,89.73049794520857
23681,LUNCH BAG RED VINTAGE DOILY,1327,2129.23,114,5,6,1.65,2011-11-06 12:36:00,2011-12-04 12:32:00,11.640350877192983,0.010804890015734425,89.7413028352243
22515,CHILDS GARDEN SPADE PINK,1044,2125.54,206,67,7,2.1,2010-03-28 11:30:00,2011-12-02 16:39:00,5.067961165048544,0.01078616491597627,89.75208900014027
21617,4 LILY  BOTANICAL DINNER CANDLES,831,2123.76,167,68,3,3.75,2009-12-08 11:52:00,2011-11-21 15:18:00,4.976047904191617,0.010777132212027892,89.7628661323523
17091J,VANILLA INCENSE IN TIN,3747,2121.02,169,79,5,0.38,2009-12-08 13:41:00,2011-11-29 11:48:00,22.171597633136095,0.010763227937410722,89.77362936028972
22708,WRAP DOLLY GIRL,5275,2119.5,157,69,13,0.42,2010-06-02 11:11:00,2011-12-02 10:22:00,33.59872611464968,0.01075551461718514,89.7843848749069
22948,METAL DECORATION NAUGHTY CHILDREN,2124,2118.9,176,55,7,0.85,2010-09-16 09:54:00,2011-12-02 10:23:00,12.068181818181818,0.010752469885517148,89.79513734479242
23403,LETTER HOLDER HOME SWEET HOME,609,2118.14,127,13,3,3.75,2011-09-05 12:00:00,2011-12-04 15:13:00,4.7952755905511815,0.010748613225404356,89.80588595801783
22074,6 RIBBONS SHIMMERING PINKS,1986,2116.8599999999997,269,85,8,1.65,2009-12-09 09:51:00,2011-12-02 16:39:00,7.382899628252788,0.01074211779784597,89.81662807581567
16237,SLEEPING CAT ERASERS,9824,2114.06,555,101,7,0.21,2009-12-07 13:32:00,2011-12-04 13:15:00,17.7009009009009,0.010727909050062004,89.82735598486573
23161,REGENCY CAKE FORK,1702,2113.32,95,28,7,1.25,2011-05-03 10:43:00,2011-12-01 16:22:00,17.91578947368421,0.010724153881004814,89.83808013874673
85099b,JUMBO BAG RED RETROSPOT,419,2111.64,25,10,1,5.06,2010-06-04 14:55:00,2010-10-15 11:40:00,16.76,0.010715628632334433,89.84879576737907
23031,DRAWER KNOB CRACKLE GLAZE PINK,1255,2111.0699999999997,150,25,9,1.65,2011-06-14 13:51:00,2011-12-04 15:00:00,8.366666666666667,0.010712736137249837,89.85950850351632
85114A,BLACK ENCHANTED FOREST PLACEMAT,1270,2110.9,103,55,3,1.65,2010-06-21 12:56:00,2011-12-01 19:42:00,12.330097087378642,0.010711873463277241,89.8702203769796
85183A,CHARLIE & LOLA WASTEPAPER BIN BLUE,1445,2103.97,135,66,7,1.25,2009-12-11 14:20:00,2011-12-04 15:28:00,10.703703703703704,0.010676706812511922,89.88089708379212
21482,MUSHROOM BLUE HOT WATER BOTTLE,683,2103.8900000000003,163,33,9,2.95,2009-12-07 11:39:00,2010-10-17 16:17:00,4.190184049079755,0.010676300848289525,89.89157338464041
21195,PINK  HONEYCOMB PAPER BALL,989,2101.46,148,57,7,2.1,2009-12-07 17:56:00,2011-05-17 16:09:00,6.6824324324324325,0.010663969685034152,89.90223735432545
85039B,S/4 IVORY MINI ROSE CANDLE IN BOWL,1606,2101.37,256,76,2,1.65,2009-12-07 10:33:00,2011-12-02 16:39:00,6.2734375,0.010663512975283953,89.91290086730073
21774,DECORATIVE CATS BATHROOM BOTTLE,1698,2101.13,359,98,8,2.46,2009-12-07 17:56:00,2011-12-02 16:39:00,4.729805013927576,0.010662295082616756,89.92356316238335
85216,ASSORTED CAKES FRIDGE MAGNETS,2776,2099.6400000000003,181,55,11,0.65,2009-12-07 15:42:00,2011-11-18 12:48:00,15.337016574585636,0.010654733998974575,89.93421789638232
23046,PAPER LANTERN 9 POINT DELUXE STAR,347,2098.19,35,20,3,6.65,2011-05-08 11:41:00,2011-12-04 13:15:00,9.914285714285715,0.01064737589744359,89.94486527227977
23005,TRAVEL CARD WALLET I LOVE LONDON,4676,2098.1,231,27,3,0.42,2011-02-17 13:47:00,2011-12-04 14:09:00,20.242424242424242,0.010646919187693392,89.95551219146746
23233,WRAP POPPIES  DESIGN,5150,2095.0,157,46,6,0.42,2011-01-16 13:18:00,2011-11-24 18:13:00,32.802547770700635,0.010631188074075428,89.96614337954153
85103,SILVER T-LIGHT SETTING,308,2092.68,82,46,2,6.75,2009-12-08 12:12:00,2011-07-19 12:38:00,3.7560975609756095,0.010619415111625853,89.97676279465315
21421,PORCELAIN ROSE LARGE,1750,2091.98,102,47,4,1.25,2009-12-07 11:46:00,2011-05-24 14:00:00,17.15686274509804,0.010615862924679862,89.98737865757784
84676,BATH DUCK WATERING CAN,844,2090.6600000000003,108,29,6,2.95,2009-12-07 13:57:00,2010-08-18 11:16:00,7.814814814814815,0.01060916451501028,89.99798782209285
22163,HEART STRING MEMO HOLDER HANGING,1199,2090.6,185,63,6,2.95,2009-12-08 15:49:00,2011-12-02 16:39:00,6.481081081081081,0.01060886004184348,90.0085966821347
22913,RED COAT RACK PARIS FASHION,448,2086.27,120,45,12,4.95,2010-11-19 10:58:00,2011-12-01 09:20:00,3.7333333333333334,0.01058688722830613,90.019183569363
22859,EASTER TIN BUNNY BOUQUET,1250,2085.75,165,32,13,1.65,2010-10-05 09:43:00,2011-11-15 16:34:00,7.575757575757576,0.010584248460860536,90.02976781782385
40018F,CHERRY DESIGN PAPERLANTERNS,1082,2080.83,116,35,7,1.95,2009-12-14 17:57:00,2010-09-05 10:54:00,9.327586206896552,0.010559281661182994,90.04032709948504
23152,IVORY SWEETHEART WIRE LETTER RACK,554,2080.65,159,33,4,3.75,2011-04-20 11:19:00,2011-12-04 12:52:00,3.4842767295597485,0.010558368241682596,90.05088546772673
21643,ASSORTED TUTTI FRUTTI MIRROR,1488,2074.81,198,76,5,1.25,2009-12-07 17:56:00,2011-11-15 14:32:00,7.515151515151516,0.010528732853447464,90.06141420058017
21905,MORE BUTTER METAL SIGN,1538,2074.63,257,87,5,1.66,2009-12-07 13:45:00,2011-11-29 15:39:00,5.98443579766537,0.010527819433947067,90.07194202001412
84796A,PINK HAWAIIAN PICNIC HAMPER FOR 2,284,2072.9500000000003,111,46,4,8.47,2009-12-07 17:56:00,2011-12-02 14:26:00,2.5585585585585586,0.010519294185276688,90.08246131419939
72799F,IVORY PILLAR CANDLE GOLD FLOCK,1121,2067.85,100,48,5,2.95,2009-12-07 15:28:00,2011-11-25 12:20:00,11.21,0.010493413966098746,90.0929547281655
22279,POCKET BAG BLUE PAISLEY RED SPOT,1423,2065.4500000000003,206,76,9,1.25,2009-12-10 12:03:00,2011-12-02 16:39:00,6.907766990291262,0.010481235039426776,90.10343596320492
20764,ABSTRACT CIRCLES SKETCHBOOK,668,2059.56,186,77,6,3.75,2009-12-07 18:02:00,2011-12-02 16:07:00,3.5913978494623655,0.010451345923552643,90.11388730912847
21070,VINTAGE BILLBOARD MUG,2020,2058.59,223,91,6,1.25,2009-12-07 18:02:00,2011-11-29 15:33:00,9.058295964125561,0.010446423607356054,90.12433373273583
21359,RELAX LARGE WOOD LETTERS,204,2052.68,70,47,3,15.95,2009-12-10 13:34:00,2011-08-11 14:54:00,2.914285714285714,0.010416433000426323,90.13475016573626
85114C,RED ENCHANTED FOREST PLACEMAT,1089,2050.62,149,64,6,1.65,2009-12-07 13:59:00,2011-12-02 10:52:00,7.308724832214765,0.010405979421699548,90.14515614515797
22182,CAKE STAND VICTORIAN FILIGREE SMALL,497,2046.85,166,67,5,4.21,2010-01-11 09:38:00,2011-12-04 15:28:00,2.9939759036144578,0.010386848357718992,90.1555429935157
21638,ASSORTED TUTTI FRUTTI NOTEBOOK,945,2045.8400000000001,130,63,6,2.1,2009-12-07 17:56:00,2011-11-29 12:34:00,7.269230769230769,0.010381723059411204,90.1659247165751
23227,FILIGREE HEART BUTTERFLY WHITE,1626,2045.22,112,28,3,1.25,2011-05-26 12:00:00,2011-12-02 14:25:00,14.517857142857142,0.010378576836687612,90.17630329341179
23445,ICE CREAM BUBBLES,2528,2045.0399999999997,96,15,9,0.83,2011-08-24 11:31:00,2011-12-01 12:01:00,26.333333333333332,0.010377663417187212,90.18668095682898
22996,TRAVEL CARD WALLET VINTAGE TICKET,4710,2044.82,397,42,4,0.42,2011-02-17 12:51:00,2011-12-04 14:09:00,11.8639798488665,0.010376547015575615,90.19705750384456
22400,MAGNETS PACK OF 4 HOME SWEET HOME,2441,2043.98,229,70,10,1.25,2010-03-30 12:27:00,2011-12-04 14:55:00,10.65938864628821,0.010372284391240426,90.2074297882358
21058,PARTY INVITES WOODLAND,2387,2043.83,270,92,14,0.85,2009-12-08 09:19:00,2011-12-04 14:15:00,8.84074074074074,0.010371523208323428,90.21780131144412
22023,EMPIRE BIRTHDAY CARD,4899,2043.62,420,98,7,0.42,2009-12-07 18:02:00,2011-11-30 15:13:00,11.664285714285715,0.01037045755223963,90.22817176899636
22935,BAKING MOULD ROSE MILK CHOCOLATE,684,2040.56,62,34,5,3.25,2010-12-08 10:46:00,2011-11-29 16:47:00,11.03225806451613,0.010354929420732866,90.23852669841709
84670,JAPANESE CROCHETED ANIMAL,4989,2039.22,171,45,7,0.42,2009-12-07 11:35:00,2010-11-22 11:39:00,29.17543859649123,0.010348129520007682,90.2488748279371
21200,MULTICOLOUR HONEYCOMB PAPER GARLAND,1413,2038.56,124,69,5,1.65,2009-12-08 13:04:00,2011-11-27 13:26:00,11.39516129032258,0.010344780315172889,90.25921960825228
22903,CALENDAR FAMILY FAVOURITES,738,2036.74,78,37,5,2.95,2010-09-26 10:53:00,2011-12-02 16:39:00,9.461538461538462,0.01033554462911331,90.2695551528814
23291,DOLLY GIRL CHILDRENS CUP,1618,2035.4,187,25,15,1.25,2011-06-13 16:33:00,2011-12-02 16:39:00,8.6524064171123,0.010328744728388127,90.27988389760978
22832,BROCANTE SHELF WITH HOOKS,185,2033.15,85,40,8,10.75,2010-11-09 15:45:00,2011-11-29 14:58:00,2.176470588235294,0.010317326984633153,90.29020122459441
84459A,PINK METAL CHICKEN HEART,1260,2031.3999999999999,199,69,6,1.49,2009-12-07 18:02:00,2011-10-30 16:17:00,6.331658291457287,0.010308446517268173,90.30050967111168
21291,SMALL POLKADOT CHOCOLATE GIFT BAG,2359,2030.33,149,74,8,0.85,2009-12-07 17:56:00,2011-11-28 14:37:00,15.832214765100671,0.010303016745793587,90.31081268785748
22785,SQUARECUSHION COVER PINK UNION FLAG,290,2023.85,114,37,5,6.75,2010-10-17 10:42:00,2011-12-01 13:28:00,2.543859649122807,0.010270133643779262,90.32108282150126
23370,SET 36 COLOURING PENCILS DOILY,1462,2023.45,135,11,9,1.25,2011-09-22 12:02:00,2011-12-04 11:55:00,10.829629629629629,0.010268103822667267,90.33135092532393
23268,SET OF 2 CERAMIC CHRISTMAS REINDEER,1447,2018.1399999999999,89,20,11,1.45,2011-06-12 11:47:00,2011-11-20 11:09:00,16.258426966292134,0.01024115794740553,90.34159208327134
23213,STAR WREATH DECORATION WITH BELL,1602,2017.85,142,23,8,1.25,2011-06-02 09:04:00,2011-12-04 13:15:00,11.28169014084507,0.010239686327099333,90.35183176959843
84509G,SET OF 4 FAIRY CAKE PLACEMATS,783,2016.7,154,70,8,3.75,2009-12-16 10:39:00,2011-12-04 15:19:00,5.084415584415584,0.010233850591402346,90.36206562018984
85016,SET OF 6 VINTAGE NOTELETS KIT,1672,2015.34,163,65,10,2.51,2009-12-07 17:56:00,2011-05-31 10:45:00,10.257668711656441,0.010226949199621561,90.37229256938946
85049H,URBAN BLACK RIBBONS,2014,2014.78,321,88,11,1.25,2009-12-07 18:02:00,2011-12-02 16:39:00,6.274143302180685,0.010224107450064768,90.38251667683953
21620,SET OF 4 ROSE BOTANICAL CANDLES,973,2014.29,200,65,5,2.46,2009-12-09 14:48:00,2011-12-04 14:15:00,4.865,0.010221620919202574,90.39273829775873
21611,SET OF 12 LILY BOTANICAL T-LIGHTS,694,2013.9,140,44,5,2.95,2009-12-07 15:26:00,2010-10-27 12:55:00,4.957142857142857,0.010219641843618378,90.40295793960235
21398,RED POLKADOT COFFEE  MUG,2175,2013.5,122,53,7,2.1,2009-12-09 09:51:00,2011-04-19 16:52:00,17.827868852459016,0.010217612022506383,90.41317555162485
22520,CHILDS GARDEN TROWEL BLUE,2294,2011.28,369,57,9,0.85,2010-03-25 14:12:00,2011-05-17 11:02:00,6.2168021680216805,0.01020634651533481,90.42338189814018
22336,DOVE DECORATION PAINTED ZINC,4281,2010.3200000000002,201,60,10,0.65,2009-12-07 16:38:00,2011-10-14 14:54:00,21.29850746268657,0.010201474944666023,90.43358337308484
22261,FELT EGG COSY WHITE RABBIT,2094,2006.21,235,64,8,0.85,2009-12-07 18:02:00,2011-11-29 16:47:00,8.91063829787234,0.01018061853274027,90.44376399161759
23315,IVORY REFECTORY CLOCK,207,2004.51,83,24,6,9.95,2011-06-23 18:44:00,2011-12-02 13:21:00,2.4939759036144578,0.01017199179301429,90.4539359834106
23251,VINTAGE RED ENAMEL TRIM MUG,1613,2002.16,117,25,6,1.25,2011-06-14 10:00:00,2011-12-04 12:31:00,13.786324786324787,0.010160066593981316,90.46409605000458
37476,CONDIMENT TRAY 4 BOWLS AND 4 SPOONS,208,2000.65,76,44,4,9.95,2009-12-11 13:31:00,2011-10-20 15:57:00,2.736842105263158,0.010152404019283533,90.47424845402386
21865,PINK UNION JACK  PASSPORT COVER,861,1998.94,284,91,3,2.1,2009-12-07 14:58:00,2011-12-02 16:39:00,3.0316901408450705,0.010143726534029755,90.48439218055789
21389,IVORY HANGING DECORATION  BIRD,2287,1997.8899999999999,260,83,5,0.85,2009-12-08 15:12:00,2011-12-04 13:55:00,8.796153846153846,0.010138398253610766,90.4945305788115
22069,BROWN  PIRATE TREASURE CHEST,830,1997.87,244,87,5,3.36,2009-12-07 18:02:00,2011-12-01 16:22:00,3.401639344262295,0.010138296762555166,90.50466887557405
23289,DOLLY GIRL CHILDRENS BOWL,1614,1997.65,186,25,14,1.25,2011-06-13 16:33:00,2011-12-02 09:19:00,8.67741935483871,0.01013718036094357,90.514806055935
21397,BLUE  SPOTTY EGG CUP,2143,1995.8799999999999,178,57,5,1.25,2009-12-09 09:51:00,2011-05-09 16:30:00,12.039325842696629,0.01012819840252299,90.52493425433752
23501,KEY RING BASEBALL BOOT UNION JACK,1633,1995.4,98,9,4,1.25,2011-10-05 10:11:00,2011-12-02 14:26:00,16.663265306122447,0.010125762617188595,90.53506001695472
23486,ANTIQUE HEART SHELF UNIT,118,1993.1399999999999,68,7,4,16.65,2011-10-20 12:21:00,2011-12-04 10:30:00,1.7352941176470589,0.010114294127905822,90.54517431108262
21348,PINK SPOTS CHOCOLATE NESTING BOXES,829,1989.4,128,46,6,2.95,2009-12-08 12:05:00,2011-01-26 10:51:00,6.4765625,0.010095315300508665,90.55526962638312
22521,CHILDS GARDEN TROWEL PINK,2288,1987.9299999999998,370,54,10,0.85,2010-03-25 14:12:00,2011-05-05 15:47:00,6.183783783783784,0.010087855707922082,90.56535748209104
22719,GUMBALL MONOCHROME COAT RACK,1467,1987.83,235,51,5,2.46,2010-04-25 12:43:00,2011-05-10 15:03:00,6.242553191489361,0.010087348252644084,90.57544483034368
84872A,TEATIME FUNKY FLOWER BACKPACK FOR 2,177,1983.54,102,34,1,11.02,2010-03-05 10:05:00,2011-07-26 13:57:00,1.7352941176470589,0.010065578421217934,90.5855104087649
23529,WALL ART DOLLY GIRL,630,1982.0300000000002,35,9,3,3.75,2011-10-03 12:48:00,2011-11-29 16:47:00,18.0,0.010057915846520153,90.59556832461142
22308,TEA COSY BLUE STRIPE,651,1981.34,197,86,8,4.96,2009-12-07 17:56:00,2011-12-02 16:39:00,3.3045685279187818,0.01005441440510196,90.60562273901652
22338,STAR DECORATION PAINTED ZINC,5637,1981.2200000000003,242,49,12,0.63,2009-12-07 18:02:00,2011-12-04 13:32:00,23.293388429752067,0.010053805458768364,90.61567654447529
21077,SET/20 WOODLAND PAPER NAPKINS,2675,1979.6599999999999,185,38,10,0.85,2009-12-07 13:48:00,2010-09-09 17:46:00,14.45945945945946,0.01004588915643158,90.62572243363172
22559,SEASIDE FLYING DISC,1580,1979.49,200,71,8,1.25,2010-03-25 14:22:00,2011-11-25 16:14:00,7.9,0.010045026482458983,90.63576746011418
22799,SWEETHEART WIRE FRUIT BOWL,238,1976.59,105,44,6,8.5,2010-10-18 09:36:00,2011-12-04 15:28:00,2.2666666666666666,0.010030310279397017,90.64579777039357
21612,SET 12 WILDFLOWER BOTANICAL T-LIGHT,684,1975.2000000000003,107,32,4,2.95,2009-12-07 15:26:00,2010-09-29 14:43:00,6.392523364485982,0.010023256651032835,90.65582102704461
22932,BAKING MOULD TOFFEE CUP CHOCOLATE,868,1960.0800000000002,69,37,7,2.55,2010-12-08 10:40:00,2011-11-16 11:46:00,12.579710144927537,0.009946529412999412,90.66576755645761
22405,MONEY BOX POCKET MONEY DESIGN,1546,1955.94,209,70,14,1.25,2010-03-26 13:46:00,2011-12-02 16:39:00,7.3971291866028706,0.009925520764490258,90.6756930772221
21082,SET/20 FRUIT SALAD PAPER NAPKINS,7171,1950.25,162,64,6,0.85,2009-12-10 13:59:00,2011-06-28 15:44:00,44.26543209876543,0.009896646559172126,90.68558972378128
21504,SKULLS GREETING CARD,4780,1948.72,320,89,5,0.42,2009-12-07 13:48:00,2011-11-28 15:31:00,14.9375,0.009888882493418743,90.69547860627469
21640,ASSORTED TUTTI FRUTTI  FOB NOTEBOOK,2113,1946.55,194,78,5,0.85,2009-12-07 11:35:00,2011-12-02 16:14:00,10.891752577319588,0.00987787071388617,90.70535647698857
21657,MILK BOTTLE WITH GLASS STOPPER,255,1945.69,116,53,4,6.95,2009-12-08 13:04:00,2011-02-20 13:18:00,2.1982758620689653,0.009873506598495379,90.71522998358707
23068,ALUMINIUM STAMPED HEART,800,1944.5200000000002,134,33,6,2.49,2011-04-18 14:01:00,2011-12-04 12:52:00,5.970149253731344,0.009867569371742794,90.72509755295881
22211,WOOD STAMP SET FLOWERS,1482,1938.7599999999998,274,85,7,1.63,2009-12-08 15:49:00,2011-11-30 15:13:00,5.408759124087592,0.009838339947730059,90.73493589290655
17084R,ASSORTED INCENSE PACK,10481,1938.21,64,45,3,0.21,2009-12-08 12:54:00,2011-11-06 14:08:00,163.765625,0.009835548943701066,90.74477144185025
22695,WICKER WREATH SMALL,1278,1938.02,205,51,4,1.45,2010-07-29 19:56:00,2011-12-04 14:55:00,6.234146341463415,0.00983458477867287,90.75460602662892
22201,FRYING PAN BLUE POLKADOT,471,1937.8600000000001,157,70,9,4.25,2009-12-08 13:41:00,2011-12-04 15:19:00,3.0,0.009833772850228071,90.76443979947915
21695,SMALL SILVER FLOWER CANDLE POT,625,1934.5900000000001,100,59,3,2.95,2009-12-14 10:27:00,2011-11-30 09:53:00,6.25,0.009817179062637509,90.77425697854179
20686,DOLLY MIXTURE CHILDREN'S UMBRELLA,569,1934.59,180,82,7,3.25,2009-12-09 09:42:00,2011-12-01 12:53:00,3.161111111111111,0.009817179062637509,90.78407415760442
85217,ASSORTED ICE CREAM FRIDGE MAGNETS,2813,1931.19,158,37,11,0.65,2009-12-09 09:42:00,2010-09-09 15:44:00,17.803797468354432,0.00979992558318555,90.7938740831876
23145,ZINC T-LIGHT HOLDER STAR LARGE,2034,1929.7199999999998,164,33,10,0.95,2011-04-21 10:52:00,2011-12-04 10:53:00,12.402439024390244,0.009792465990598964,90.8036665491782
23500,KEY RING BASEBALL BOOT ASSORTED,1541,1928.45,87,9,6,1.25,2011-10-04 13:58:00,2011-12-04 15:00:00,17.71264367816092,0.009786021308568382,90.81345257048677
22098,BOUDOIR SQUARE TISSUE BOX,2847,1928.38,304,90,11,1.25,2009-12-07 15:42:00,2011-12-04 12:44:00,9.365131578947368,0.009785666089873782,90.82323823657664
20984,12 PENCILS TALL TUBE POSY,5853,1928.2099999999998,242,72,14,0.29,2009-12-07 11:39:00,2011-10-17 12:50:00,24.18595041322314,0.009784803415901183,90.83302303999254
21630,FLOOR CUSHION ELEPHANT CARNIVAL,158,1927.45,92,57,5,13.62,2009-12-07 17:56:00,2011-11-27 12:01:00,1.7173913043478262,0.009780946755788392,90.84280398674832
23228,FILIGREE HEART BIRD WHITE,1478,1926.77,119,27,4,1.25,2011-05-26 10:25:00,2011-12-02 16:39:00,12.420168067226891,0.009777496059898002,90.85258148280822
22262,FELT EGG COSY CHICKEN,2011,1925.9299999999998,300,82,8,0.85,2009-12-07 18:02:00,2011-12-01 16:22:00,6.703333333333333,0.009773233435562809,90.86235471624379
23274,STAR T-LIGHT HOLDER WILLIE WINKIE,1140,1925.8799999999997,112,23,6,1.65,2011-06-05 14:06:00,2011-12-02 16:39:00,10.178571428571429,0.00977297970792381,90.8721276959517
22931,BAKING MOULD HEART WHITE CHOCOLATE,798,1925.05,126,40,11,2.55,2010-12-08 10:40:00,2011-11-29 16:47:00,6.333333333333333,0.00976876782911642,90.88189646378082
23094,LE GRAND TRAY CHIC SET,152,1924.92,79,29,8,12.5,2011-05-11 09:55:00,2011-11-28 15:31:00,1.9240506329113924,0.009768108137255023,90.89166457191807
22204,MILK PAN BLUE POLKADOT,509,1921.79,162,70,11,3.75,2009-12-14 17:57:00,2011-12-04 15:19:00,3.1419753086419755,0.009752224787053659,90.90141679670512
46775D,SUNSET COLOUR CHUNKY KNITTED THROW,152,1921.24,94,55,5,11.02,2009-12-13 13:31:00,2011-12-02 11:12:00,1.6170212765957446,0.009749433783024666,90.91116623048815
21043,APRON MODERN VINTAGE COTTON,677,1921.03,141,49,4,4.13,2009-12-07 15:42:00,2011-06-07 17:09:00,4.801418439716312,0.009748368126940868,90.92091459861508
22614,PACK OF 12 SPACEBOY TISSUES,5649,1917.6699999999998,358,77,13,0.29,2010-05-06 11:50:00,2011-12-01 16:22:00,15.779329608938548,0.009731317629600106,90.93064591624469
20703,BLUE PADDED SOFT MOBILE,453,1916.97,165,48,15,4.25,2009-12-07 08:53:00,2011-04-14 11:45:00,2.7454545454545456,0.009727765442654116,90.94037368168733
23490,T-LIGHT HOLDER HANGING LOVE BIRD,512,1916.56,95,8,3,3.75,2011-10-14 12:33:00,2011-12-04 13:15:00,5.389473684210526,0.00972568487601432,90.95009936656335
22599,CHRISTMAS MUSICAL ZINC STAR,3007,1913.3799999999999,177,34,7,0.83,2010-07-25 12:16:00,2011-12-04 13:59:00,16.98870056497175,0.009709547798173958,90.95980891436153
21538,DAIRY MAID  PUDDING BOWL,1305,1913.26,49,26,1,3.75,2009-12-07 12:42:00,2010-12-09 13:34:00,26.632653061224488,0.009708938851840359,90.96951785321338
22928,YELLOW GIANT GARDEN THERMOMETER,283,1911.92,111,41,5,5.95,2010-11-22 14:39:00,2011-12-02 16:39:00,2.5495495495495497,0.009702138951115175,90.97921999216449
84990,60 GOLD AND SILVER FAIRY CAKE CASES,3974,1909.99,181,44,2,0.55,2009-12-07 15:55:00,2011-05-08 13:07:00,21.955801104972377,0.009692345064249798,90.98891233722874
22496,SET OF 2 ROUND TINS DUTCH CHEESE,620,1908.4,184,79,13,2.95,2010-01-29 13:46:00,2011-11-30 14:00:00,3.369565217391304,0.009684276525329617,90.99859661375407
85162B,BLACK RETRODISC LAMPSHADE,977,1905.15,13,11,2,1.95,2009-12-07 16:28:00,2010-06-08 12:55:00,75.15384615384616,0.009667784228794654,91.00826439798287
22522,CHILDS GARDEN FORK BLUE,2238,1904.9599999999998,333,72,10,0.85,2010-03-25 14:12:00,2011-11-24 13:06:00,6.7207207207207205,0.009666820063766455,91.01793121804664
21619,4 VANILLA BOTANICAL CANDLES,1054,1901.65,197,56,7,2.46,2009-12-08 16:20:00,2011-12-04 14:55:00,5.350253807106599,0.009650023294064695,91.02758124134071
23155,KNICKERBOCKERGLORY MAGNET ASSORTED,2215,1899.79,134,36,12,0.83,2011-03-25 11:01:00,2011-11-30 15:13:00,16.529850746268657,0.009640584625893917,91.03722182596661
21629,SQUARE FLOOR CUSHION VINTAGE RED,170,1897.19,100,60,1,15.79,2009-12-07 17:56:00,2011-12-01 19:42:00,1.7,0.009627390788665948,91.04684921675528
20846,ZINC HEART LATTICE T-LIGHT HOLDER,1409,1896.97,165,77,7,1.25,2009-12-14 18:03:00,2011-11-29 15:23:00,8.539393939393939,0.009626274387054351,91.05647549114234
35971,ROSE FOLKART HEART DECORATIONS,1927,1895.1499999999999,212,86,3,1.25,2009-12-07 17:56:00,2011-12-01 16:22:00,9.089622641509434,0.009617038700994772,91.06609252984333
84581,DOG TOY WITH PINK CROCHET SKIRT,499,1893.77,231,87,8,3.75,2009-12-08 11:27:00,2011-12-04 15:35:00,2.16017316017316,0.009610035818158388,91.07570256566149
84763,ZINC FINISH 15CM PLANTER POTS,1509,1893.0,168,67,3,1.25,2009-12-09 12:18:00,2011-05-27 14:01:00,8.982142857142858,0.009606128412517796,91.085308694074
21356,TOAST ITS - FAIRY FLOWER,1486,1892.3999999999999,329,86,8,1.25,2009-12-07 17:56:00,2011-12-02 16:39:00,4.5167173252279635,0.009603083680849804,91.09491177775485
23235,STORAGE TIN VINTAGE LEAF,686,1888.16,99,24,9,2.89,2011-06-08 12:44:00,2011-12-04 13:54:00,6.929292929292929,0.009581567577062654,91.1044933453319
23075,PARLOUR CERAMIC WALL HOOK,454,1885.6000000000001,77,30,6,4.15,2011-04-18 14:21:00,2011-11-28 11:27:00,5.896103896103896,0.009568576721945884,91.11406192205385
22985,"WRAP, BILLBOARD FONTS DESIGN",4697,1884.74,135,57,6,0.42,2010-09-07 10:59:00,2011-12-02 14:26:00,34.79259259259259,0.009564212606555093,91.1236261346604
20716,PARTY FOOD SHOPPER BAG,1498,1881.29,242,72,8,1.25,2009-12-14 17:57:00,2011-06-29 11:46:00,6.190082644628099,0.009546705399464134,91.13317284005986
40001,WHITE BAMBOO RIBS LAMPSHADE,2448,1881.05,119,69,4,0.85,2009-12-10 15:56:00,2011-11-13 11:15:00,20.571428571428573,0.009545487506796938,91.14271832756666
21445,12 PINK ROSE PEG PLACE SETTINGS,1516,1880.8400000000001,143,60,5,1.25,2009-12-09 15:28:00,2011-07-22 13:53:00,10.601398601398602,0.00954442185071314,91.15226274941737
22858,EASTER TIN KEEPSAKE,1135,1877.34,139,23,13,1.65,2010-11-08 09:20:00,2011-10-06 18:08:00,8.16546762589928,0.009526660915983181,91.16178941033336
84856S,SMALL TAHITI BEACH BAG,467,1877.21,33,22,3,4.65,2009-12-14 17:57:00,2011-03-30 12:04:00,14.151515151515152,0.009526001224121783,91.17131541155747
22565,FELTCRAFT HAIRBANDS PINK AND WHITE,2069,1875.26,270,80,8,0.85,2010-03-10 11:46:00,2011-12-02 16:39:00,7.662962962962963,0.009516105846200804,91.18083151740367
21802,CHRISTMAS TREE HEART DECORATION,4291,1874.78,318,64,6,0.42,2009-12-07 17:56:00,2011-11-21 11:55:00,13.4937106918239,0.009513670060866411,91.19034518746454
20684,STRAWBERRY DREAM CHILDS UMBRELLA,570,1873.9,171,67,7,3.25,2009-12-08 13:58:00,2011-07-22 10:52:00,3.3333333333333335,0.009509204454420021,91.19985439191896
21773,DECORATIVE ROSE BATHROOM BOTTLE,1625,1871.8799999999999,304,95,3,2.46,2009-12-07 17:56:00,2011-12-01 16:22:00,5.345394736842105,0.009498953857804445,91.20935334577676
22523,CHILDS GARDEN FORK PINK,2170,1870.4599999999998,350,75,11,0.85,2010-03-25 14:12:00,2011-11-30 15:13:00,6.2,0.00949174799285686,91.21884509376962
21991,BOHEMIAN COLLAGE STATIONERY SET,1079,1868.11,276,74,3,2.46,2009-12-07 15:42:00,2011-12-04 13:59:00,3.9094202898550723,0.00947982279382389,91.22832491656344
22678,FRENCH BLUE METAL DOOR SIGN 3,1395,1865.65,244,63,7,1.25,2010-08-17 11:21:00,2011-12-02 17:12:00,5.717213114754099,0.009467339393985117,91.23779225595742
22753,SMALL YELLOW BABUSHKA NOTEBOOK,2140,1864.9499999999998,381,64,10,0.85,2010-08-08 10:55:00,2011-12-04 15:28:00,5.616797900262467,0.009463787207039125,91.24725604316446
21394,RED POLKADOT BEAKER,4005,1864.6299999999999,150,53,12,0.39,2010-01-26 10:09:00,2011-11-13 11:55:00,26.7,0.00946216335014953,91.2567182065146
21803,CHRISTMAS TREE STAR DECORATION,4298,1863.1499999999999,312,57,5,0.42,2009-12-07 17:56:00,2011-11-25 15:23:00,13.775641025641026,0.009454653012035148,91.26617285952663
22535,MAGIC DRAWING SLATE BUNNIES,4454,1862.49,298,84,10,0.42,2010-03-25 13:43:00,2011-12-02 13:54:00,14.946308724832214,0.009451303807200355,91.27562416333383
21681,GIANT MEDINA STAMPED METAL BOWL,192,1861.6599999999999,74,37,4,9.95,2009-12-07 15:42:00,2011-02-22 15:00:00,2.5945945945945947,0.009447091928392964,91.28507125526222
20871,OPULENT VELVET SET/3 CANDLES,1206,1861.3500000000001,119,35,5,2.1,2009-12-07 15:55:00,2010-12-14 15:52:00,10.134453781512605,0.009445518817031168,91.29451677407926
22068,BLACK PIRATE TREASURE CHEST,919,1859.7499999999998,249,94,4,1.65,2009-12-09 09:51:00,2011-11-29 16:33:00,3.6907630522088355,0.009437399532583185,91.30395417361184
35953,FOLKART STAR CHRISTMAS DECORATIONS,3566,1858.6799999999998,140,33,8,0.61,2009-12-13 13:03:00,2011-12-04 13:15:00,25.47142857142857,0.009431969761108598,91.31338614337295
21692,SILVER LATTICE VANILLA CANDLE POT,489,1857.87,106,47,3,3.75,2009-12-07 11:05:00,2011-02-25 11:56:00,4.613207547169812,0.00942785937335681,91.32281400274631
21091,SET/6 WOODLAND PAPER PLATES,13686,1855.95,44,13,8,0.85,2009-12-08 16:09:00,2010-03-18 12:47:00,311.04545454545456,0.009418116232019231,91.33223211897833
79160,HEART SHAPE WIRELESS DOORBELL,899,1854.63,200,69,2,2.1,2009-12-07 15:26:00,2011-12-02 13:49:00,4.495,0.009411417822349647,91.34164353680067
21085,SET/6 WOODLAND PAPER CUPS,13704,1854.0800000000002,63,22,8,0.65,2009-12-08 16:09:00,2010-07-12 12:44:00,217.52380952380952,0.009408626818320654,91.351052163619
79323G,GOLD  CHERRY LIGHTS,291,1852.63,53,17,1,6.75,2009-12-07 18:02:00,2010-04-19 12:39:00,5.490566037735849,0.00940126871678967,91.36045343233579
22686,FRENCH BLUE METAL DOOR SIGN No,1403,1852.43,219,64,6,1.25,2010-08-17 11:21:00,2011-12-02 17:12:00,6.406392694063927,0.009400253806233673,91.36985368614202
84797B,BLUE SAVANNAH PICNIC HAMPER FOR 4,323,1845.2,33,7,3,4.95,2009-12-14 18:03:00,2010-06-01 12:00:00,9.787878787878787,0.009363564789634357,91.37921725093166
84912B,GREEN ROSE WASHBAG,518,1842.82,254,81,7,3.36,2009-12-09 12:57:00,2011-12-02 16:39:00,2.0393700787401574,0.009351487354017985,91.38856873828568
23359,SET OF 12 T-LIGHTS VINTAGE DOILY,977,1841.11,77,18,4,1.95,2011-08-02 12:27:00,2011-12-02 13:46:00,12.688311688311689,0.009342809868764205,91.39791154815445
85232A,SET/3 POLKA DOT STACKING TINS,365,1840.38,132,61,8,4.95,2009-12-16 14:12:00,2011-06-06 16:41:00,2.765151515151515,0.009339105445234815,91.40725065359969
21547,CERAMIC BIRDHOUSE CRESTED TIT SMALL,716,1836.5300000000002,116,52,6,2.95,2009-12-07 12:08:00,2011-03-22 13:11:00,6.172413793103448,0.00931956841703186,91.41657022201672
21983,PACK OF 12 BLUE PAISLEY TISSUES,6008,1835.2399999999998,313,99,10,0.29,2009-12-08 15:49:00,2011-12-02 13:49:00,19.19488817891374,0.009313022243945673,91.42588324426066
21659,GLASS CAKE STAND,118,1830.9199999999998,64,29,4,14.95,2009-12-08 14:03:00,2010-11-07 12:31:00,1.84375,0.009291100175936123,91.43517434443659
21613,S/12 VANILLA  BOTANICAL T-LIGHTS,621,1829.0000000000002,142,71,5,2.95,2009-12-07 15:28:00,2011-10-27 13:33:00,4.373239436619718,0.009281357034598548,91.44445570147118
21894,POTTING SHED SEED ENVELOPES,1314,1827.32,243,84,5,1.25,2009-12-07 17:56:00,2011-11-29 16:47:00,5.407407407407407,0.009272831785928167,91.4537285332571
21677,HEARTS  STICKERS,2094,1826.6499999999999,270,84,6,0.85,2009-12-07 13:35:00,2011-12-01 12:53:00,7.7555555555555555,0.009269431835565575,91.46299796509267
23302,KNEELING MAT HOUSEWORK  DESIGN,1107,1822.5099999999998,213,29,4,1.65,2011-05-15 15:31:00,2011-12-04 15:19:00,5.197183098591549,0.009248423187056423,91.47224638827973
22802,FAUX FUR CHOCOLATE THROW,96,1822.29,58,27,2,19.95,2010-10-28 14:15:00,2011-12-02 14:25:00,1.6551724137931034,0.009247306785444826,91.48149369506517
20772,GARDEN PATH JOURNAL,960,1820.82,156,66,6,2.55,2009-12-08 15:25:00,2011-11-30 17:37:00,6.153846153846154,0.009239847192858244,91.49073354225803
22513,DOORSTOP FOOTBALL DESIGN,529,1817.11,158,64,6,3.75,2010-03-14 12:05:00,2011-12-04 15:19:00,3.348101265822785,0.009221020602044487,91.49995456286007
22680,FRENCH BLUE METAL DOOR SIGN 5,1354,1815.53,228,64,8,1.25,2010-08-17 11:21:00,2011-12-02 11:53:00,5.93859649122807,0.009213002808652105,91.50916756566872
23491,VINTAGE JINGLE BELLS HEART,218,1815.26,75,7,3,8.25,2011-10-20 10:10:00,2011-12-04 14:01:00,2.9066666666666667,0.009211632679401508,91.51837919834811
21088,SET/6 FRUIT SALAD PAPER CUPS,16590,1811.3400000000001,134,58,7,0.19,2009-12-15 17:02:00,2011-11-28 13:26:00,123.80597014925372,0.009191740432503955,91.52757093878061
47591C,BLUE FAIRY CAKE CHILD'S APRON,947,1808.18,141,33,4,1.95,2009-12-07 09:42:00,2010-08-15 13:18:00,6.716312056737588,0.009175704845719192,91.53674664362633
23525,WALL ART BUFFALO BILL,568,1807.6100000000001,49,10,2,3.75,2011-10-02 15:50:00,2011-12-04 11:55:00,11.591836734693878,0.009172812350634598,91.54591945597697
23434,3 RAFFIA RIBBONS 50'S CHRISTMAS,1999,1805.93,188,13,8,0.79,2011-09-11 10:58:00,2011-12-04 12:48:00,10.632978723404255,0.009164287101964218,91.55508374307894
21391,FRENCH LAVENDER SCENT HEART,1414,1805.5900000000001,174,74,5,2.1,2009-12-11 15:55:00,2011-11-21 11:57:00,8.126436781609195,0.009162561754019022,91.56424630483296
22587,FELTCRAFT HAIRBAND RED AND BLUE,2073,1801.8,294,78,8,0.85,2010-03-10 10:01:00,2011-12-02 16:39:00,7.051020408163265,0.009143329198982867,91.57338963403194
22770,MIRROR CORNICE,112,1799.62,71,42,7,14.95,2010-10-12 13:39:00,2011-12-04 14:55:00,1.5774647887323943,0.009132266673922492,91.58252190070586
16016,LARGE CHINESE STYLE SCISSOR,2224,1796.8,101,67,7,0.85,2009-12-07 11:40:00,2011-12-01 13:32:00,22.019801980198018,0.009117956435082925,91.59163985714093
84912A,PINK ROSE WASHBAG,494,1796.44,230,72,7,3.36,2009-12-08 12:33:00,2011-09-22 12:41:00,2.1478260869565218,0.009116129596082129,91.60075598673701
23358,HOT STUFF HOT WATER BOTTLE,488,1795.18,75,15,8,3.75,2011-08-21 15:17:00,2011-12-04 14:51:00,6.506666666666667,0.009109735659579345,91.60986572239659
85162C,WHITE RETRODISC LAMPSHADE,880,1794.8999999999999,45,18,2,1.95,2009-12-07 16:28:00,2010-06-08 12:53:00,19.555555555555557,0.009108314784800947,91.61897403718139
21581,SKULLS  DESIGN  COTTON TOTE BAG,1133,1794.44,196,72,8,2.25,2009-12-07 17:56:00,2011-11-25 15:23:00,5.780612244897959,0.009105980490522152,91.6280800176719
85185B,PINK HORSE SOCK PUPPET,580,1792.7500000000002,176,79,5,2.95,2009-12-07 13:59:00,2011-11-30 17:37:00,3.2954545454545454,0.009097404496323975,91.63717742216824
22307,GOLD MUG BONE CHINA TREE OF LIFE,1193,1790.52,116,39,7,1.65,2009-12-07 18:02:00,2011-12-02 10:21:00,10.28448275862069,0.009086088243624599,91.64626351041186
22210,WOOD STAMP SET BEST WISHES,1481,1788.9899999999998,272,79,9,1.63,2009-12-09 15:03:00,2011-12-04 13:15:00,5.444852941176471,0.009078324177871215,91.65534183458973
16169E,WRAP 50'S  CHRISTMAS,4313,1787.46,142,20,9,0.42,2011-07-21 13:06:00,2011-12-04 16:07:00,30.37323943661972,0.009070560112117834,91.66441239470186
21280,VINTAGE KITCHEN PRINT VEGETABLES,3327,1785.14,69,47,5,2.55,2009-12-10 20:16:00,2011-11-09 17:47:00,48.21739130434783,0.009058787149668263,91.67347118185153
21384,IVORY HANGING DECORATION  BUTTERFLY,1892,1784.6899999999998,146,21,2,0.85,2009-12-07 11:46:00,2010-05-19 15:10:00,12.95890410958904,0.009056503600917266,91.68252768545244
22586,FELTCRAFT HAIRBAND PINK AND BLUE,2055,1782.4799999999998,285,77,9,0.85,2010-03-10 09:30:00,2011-12-02 16:39:00,7.2105263157894735,0.009045288839273491,91.69157297429172
84748,FOLK FELT HANGING MULTICOL GARLAND,1170,1781.12,93,41,3,2.51,2009-12-18 10:59:00,2011-11-29 16:33:00,12.580645161290322,0.00903838744749271,91.7006113617392
22533,MAGIC DRAWING SLATE BAKE A CAKE,4513,1780.84,229,71,12,0.42,2010-03-28 13:31:00,2011-11-30 17:37:00,19.707423580786028,0.009036966572714312,91.70964832831191
23374,RED SPOT PAPER GIFT BAG,2210,1780.3,124,18,7,0.82,2011-08-02 14:23:00,2011-12-04 15:00:00,17.822580645161292,0.009034226314213118,91.71868255462613
23160,REGENCY TEA SPOON,1444,1779.72,75,26,8,1.25,2011-05-03 10:43:00,2011-12-01 16:22:00,19.253333333333334,0.009031283073600726,91.72771383769972
21647,ASSORTED TUTTI FRUTTI LARGE PURSE,795,1776.9800000000002,137,51,6,2.1,2009-12-07 15:15:00,2011-11-27 12:00:00,5.802919708029197,0.00901737879898356,91.73673121649871
23378,PACK OF 12 50'S CHRISTMAS TISSUES,3859,1775.7,161,14,6,0.39,2011-09-01 11:30:00,2011-12-04 14:15:00,23.96894409937888,0.009010883371425173,91.74574209987014
23357,HOT WATER BOTTLE SEX BOMB,394,1770.45,85,15,7,4.95,2011-08-21 15:17:00,2011-12-04 15:00:00,4.635294117647059,0.008984241969330235,91.75472634183947
23057,BEADED CHANDELIER T-LIGHT HOLDER,773,1768.67,45,23,4,4.95,2011-04-18 11:10:00,2011-11-18 11:35:00,17.177777777777777,0.008975209265381855,91.76370155110486
21161,KEEP OUT BOYS DOOR HANGER,2338,1768.2099999999998,199,66,5,1.45,2009-12-07 13:45:00,2011-06-08 12:44:00,11.748743718592964,0.00897287497110306,91.77267442607597
22317,FIVE CATS HANGING DECORATION,566,1765.69,162,75,15,2.95,2009-12-07 11:46:00,2011-11-29 11:23:00,3.493827160493827,0.00896008709809749,91.78163451317407
47566b,TEA TIME PARTY BUNTING,212,1761.2599999999998,113,35,1,8.29,2010-06-24 11:33:00,2011-11-08 15:24:00,1.8761061946902655,0.00893760682928214,91.79057212000335
85164B,BLACK BAROQUE CUCKOO CLOCK,136,1760.8899999999999,61,28,3,12.75,2009-12-07 13:06:00,2010-09-29 13:17:00,2.2295081967213113,0.008935729244753547,91.7995078492481
23394,POSTE FRANCE CUSHION COVER,417,1760.87,141,14,5,3.75,2011-09-04 12:07:00,2011-12-04 14:55:00,2.9574468085106385,0.008935627753697946,91.8084434770018
21241,GREEN SPOTTY CUP,2070,1760.0,253,43,12,0.85,2009-12-07 17:56:00,2010-10-12 12:59:00,8.181818181818182,0.008931212892779357,91.81737468989458
22922,FRIDGE MAGNETS US DINER ASSORTED,2043,1758.0,110,41,12,0.85,2010-11-19 14:30:00,2011-12-02 10:23:00,18.572727272727274,0.00892106378721938,91.82629575368179
23148,MINIATURE ANTIQUE ROSE HOOK IVORY,2062,1752.3999999999999,238,33,10,0.83,2011-04-21 08:43:00,2011-12-04 12:44:00,8.663865546218487,0.008892646291651447,91.83518839997345
22324,BLUE POLKADOT KIDS BAG,655,1751.1699999999998,146,70,6,4.13,2010-01-07 12:34:00,2011-12-02 16:39:00,4.486301369863014,0.00888640459173206,91.84407480456518
22103,MIRROR MOSAIC T-LIGHT HOLDER ROUND,1740,1750.74,70,50,4,1.65,2009-12-08 15:49:00,2011-10-24 17:03:00,24.857142857142858,0.008884222534036666,91.85295902709922
21158,MOODY GIRL DOOR HANGER,2546,1747.61,296,88,5,1.45,2009-12-14 13:23:00,2011-12-01 13:08:00,8.60135135135135,0.008868339183835302,91.86182736628305
20729,RED SPOTTY CANDY BAG,5239,1746.73,114,23,7,1.25,2009-12-07 11:35:00,2010-06-16 11:17:00,45.95614035087719,0.008863873577388912,91.87069123986043
21780,MA CAMPAGNE 4 DRAWER WALL SHELF,203,1745.85,32,4,3,11.14,2009-12-08 12:34:00,2010-01-13 17:08:00,6.34375,0.008859407970942522,91.87955064783138
21163,DO NOT TOUCH MY STUFF DOOR HANGER,2792,1744.34,247,82,4,1.45,2009-12-09 09:42:00,2011-10-28 12:34:00,11.303643724696355,0.008851745396244741,91.88840239322762
85060,WOOD FAN WITH FLOWER DESIGN,1446,1740.48,86,27,3,1.25,2009-12-08 15:12:00,2010-07-26 12:34:00,16.813953488372093,0.008832157622513985,91.89723455085013
21760,FRENCH STYLE WALL DRESSER,15,1740.0,12,10,2,125.0,2010-03-01 12:34:00,2010-09-09 13:20:00,1.25,0.008829721837179592,91.9060642726873
79323S,SILVER CHERRY LIGHTS,285,1739.3300000000002,42,16,2,6.75,2009-12-08 12:41:00,2010-09-16 09:07:00,6.785714285714286,0.008826321886817,91.91489059457412
23317,BLUE REFECTORY CLOCK,170,1737.6,79,24,7,9.95,2011-06-26 13:46:00,2011-12-02 12:03:00,2.151898734177215,0.00881754291050762,91.92370813748462
22546,MINI JIGSAW PURDEY,4260,1736.3899999999999,173,67,10,0.42,2010-03-26 13:46:00,2011-12-04 14:55:00,24.6242774566474,0.008811402701643834,91.93251954018626
90167,BEADED LOVE HEART JEWELLERY SET,2121,1733.1699999999998,103,39,4,0.85,2009-12-07 12:19:00,2010-12-05 11:10:00,20.59223300970874,0.00879506264169227,91.94131460282796
21357,TOAST ITS - DINOSAUR,1322,1732.06,197,53,7,1.25,2009-12-07 17:56:00,2011-03-28 12:52:00,6.710659898477157,0.008789429888106484,91.95010403271607
37342,POLKADOT COFFEE CUP & SAUCER PINK,1629,1731.4,131,48,6,2.46,2009-12-07 17:56:00,2011-09-02 14:42:00,12.435114503816793,0.008786080683271693,91.95889011339933
21529,RETRO SPOT CERAMIC TOASTRACK,489,1729.19,146,33,5,3.45,2009-12-07 17:56:00,2010-09-13 13:29:00,3.3493150684931505,0.008774865921627918,91.96766497932096
22254,FELT TOADSTOOL LARGE,1347,1728.46,142,67,11,1.25,2009-12-08 15:14:00,2011-12-04 12:18:00,9.485915492957746,0.008771161498098527,91.97643614081906
84535B,FAIRY CAKES NOTEBOOK A6 SIZE,2660,1728.43,318,97,12,0.65,2009-12-07 17:56:00,2011-11-30 14:41:00,8.364779874213836,0.008771009261515127,91.98520715008057
21927,BLUE/CREAM STRIPE CUSHION COVER,1260,1728.24,192,66,4,1.25,2010-04-11 14:28:00,2011-12-01 19:42:00,6.5625,0.008770045096486928,91.99397719517705
23096,PETIT TRAY CHIC,1030,1726.8199999999997,143,29,4,1.65,2011-05-10 16:00:00,2011-12-02 16:39:00,7.2027972027972025,0.008762839231539345,92.00274003440859
21618,4 WILDFLOWER BOTANICAL CANDLES,672,1726.24,135,63,4,3.29,2009-12-08 16:20:00,2011-11-14 17:40:00,4.977777777777778,0.008759895990926954,92.01149993039951
23101,SILVER STARS TABLE DECORATION,2016,1725.55,210,27,10,0.83,2011-05-12 12:01:00,2011-12-04 14:55:00,9.6,0.00875639454950876,92.02025632494902
21761,WOOD AND GLASS MEDICINE CABINET,62,1724.9,21,19,3,29.95,2010-01-18 12:59:00,2011-12-04 13:20:00,2.9523809523809526,0.008753096090201768,92.02900942103922
21090,SET/6 COLLAGE PAPER PLATES,3093,1719.6699999999998,275,76,10,0.83,2009-12-16 12:11:00,2011-12-01 12:54:00,11.247272727272728,0.008726556179162428,92.03773597721838
84843,WHITE SOAP RACK WITH 2 BOTTLES,278,1719.16,109,67,8,5.95,2009-12-07 17:56:00,2011-12-02 12:07:00,2.55045871559633,0.008723968157244636,92.04645994537562
21287,SCENTED VELVET LOUNGE CANDLE,3732,1717.5,90,56,4,0.38,2009-12-14 12:24:00,2011-11-30 17:37:00,41.46666666666667,0.008715544399629856,92.05517548977525
21548,CERAMIC BIRDHOUSE FINCH BLUE ROOF,665,1716.7,101,37,5,2.95,2009-12-07 15:26:00,2010-11-01 15:14:00,6.584158415841584,0.008711484757405864,92.06388697453266
84854,GIRLY PINK TOOL SET,317,1716.5700000000002,94,38,7,4.95,2009-12-07 15:26:00,2010-12-01 09:41:00,3.372340425531915,0.008710825065544468,92.07259779959821
21275,ZINC TOP  2 DOOR WOODEN SHELF,249,1714.48,55,32,4,16.95,2009-12-08 16:23:00,2011-11-10 18:04:00,4.527272727272727,0.00870021925023429,92.08129801884844
21687,SILVER PLATE CANDLE BOWL LARGE,436,1712.58,94,36,2,3.75,2009-12-09 09:42:00,2010-09-14 13:45:00,4.638297872340425,0.008690577599952313,92.08998859644839
23122,PARTY CHARMS 50 PIECES,2234,1709.5,127,24,9,0.83,2011-06-17 11:38:00,2011-12-04 15:19:00,17.590551181102363,0.008674947977389949,92.09866354442578
22035,VINTAGE CARAVAN GREETING CARD,4033,1709.36,355,93,8,0.42,2009-12-07 13:48:00,2011-10-31 14:41:00,11.36056338028169,0.00867423754000075,92.10733778196578
21281,VINTAGE KITCHEN PRINT SEAFOOD,3677,1709.15,66,40,5,2.55,2009-12-10 20:16:00,2011-11-09 17:47:00,55.71212121212121,0.008673171883916954,92.1160109538497
22934,BAKING MOULD EASTER EGG WHITE CHOC,589,1707.47,78,25,7,2.95,2010-12-10 09:35:00,2011-11-11 13:06:00,7.551282051282051,0.008664646635246572,92.12467560048495
23372,SET 36 COLOUR PENCILS DOLLY GIRL,1363,1706.9,139,11,9,1.25,2011-09-22 13:51:00,2011-12-04 11:55:00,9.805755395683454,0.00866175414016198,92.13333735462511
23073,GEORGIAN TRINKET BOX,143,1706.5,61,25,4,12.5,2011-04-19 08:17:00,2011-12-01 19:42:00,2.3442622950819674,0.008659724319049985,92.14199707894416
21652,GLASS ETCHED T-LIGHT HOLDER MEDIUM,872,1701.1399999999999,77,28,7,1.95,2009-12-14 08:40:00,2010-08-05 11:30:00,11.324675324675324,0.008632524716149247,92.1506296036603
20767,BLUE PAISLEY JOURNAL,797,1700.95,174,79,5,2.55,2009-12-07 12:32:00,2011-12-02 16:39:00,4.580459770114943,0.00863156055112105,92.15926116421143
22438,BALLOON ART MAKE YOUR OWN FLOWERS,924,1700.83,154,63,6,1.95,2010-04-11 13:01:00,2011-12-04 11:45:00,6.0,0.00863095160478745,92.16789211581622
84519B,CARROT CHARLIE+LOLA COASTER SET,790,1700.7,203,85,5,2.95,2009-12-09 09:51:00,2011-12-04 15:19:00,3.8916256157635467,0.008630291912926052,92.17652240772914
23181,BULL DOG BOTTLE TOP WALL CLOCK,199,1700.31,80,34,5,8.25,2011-03-08 09:23:00,2011-12-01 12:13:00,2.4875,0.008628312837341856,92.18515072056648
85231B,CINAMMON SET OF 9 T-LIGHTS,1853,1697.99,350,88,7,0.85,2009-12-07 11:05:00,2011-12-04 14:55:00,5.2942857142857145,0.008616539874892285,92.19376726044138
22026,BANQUET BIRTHDAY  CARD,3985,1695.71,359,97,10,0.42,2009-12-07 18:02:00,2011-11-30 09:00:00,11.100278551532034,0.00860496989455391,92.20237223033592
84507B,STRIPES DESIGN MONKEY DOLL,1322,1695.1799999999998,109,56,2,2.55,2009-12-08 09:19:00,2011-09-07 12:41:00,12.128440366972477,0.008602280381580516,92.2109745107175
23399,HOME SWEET HOME HANGING HEART,1878,1692.81,213,14,4,0.85,2011-09-04 12:54:00,2011-12-04 11:24:00,8.816901408450704,0.008590253691491944,92.219564764409
37343,SPOTS DESIGN MUG W PINK INSIDE,1074,1692.52,98,49,3,1.65,2009-12-07 09:42:00,2011-03-09 14:30:00,10.959183673469388,0.008588782071185748,92.22815354648019
79302M,"ART LIGHTS,FUNK MONKEY",593,1690.73,102,61,4,2.95,2009-12-08 15:49:00,2011-11-28 15:31:00,5.813725490196078,0.00857969862170957,92.2367332451019
84795A,PASTEL STRIPE HAMMOCK,207,1688.0700000000002,69,21,3,7.95,2009-12-13 14:38:00,2010-08-04 16:38:00,3.0,0.008566200311314802,92.24529944541322
22679,FRENCH BLUE METAL DOOR SIGN 4,1259,1687.05,226,64,8,1.25,2010-08-17 11:21:00,2011-12-02 17:12:00,5.570796460176991,0.008561024267479213,92.2538604696807
47591B,SCOTTIES CHILDRENS APRON,1044,1679.55,278,56,6,1.65,2009-12-07 11:39:00,2011-02-02 13:35:00,3.7553956834532376,0.0085229651216293,92.26238343480233
17129F,BLUE GLASS GEMS IN BAG,1577,1679.55,143,79,1,1.63,2009-12-07 17:56:00,2011-11-10 12:37:00,11.027972027972028,0.0085229651216293,92.27090639992396
23244,ROUND STORAGE TIN VINTAGE LEAF,910,1678.9199999999998,106,26,11,1.95,2011-06-08 13:35:00,2011-12-04 13:54:00,8.584905660377359,0.008519768153377906,92.27942616807734
23214,JINGLE BELL HEART ANTIQUE GOLD,783,1678.46,98,22,6,2.08,2011-06-01 12:19:00,2011-12-04 15:00:00,7.989795918367347,0.008517433859099113,92.28794360193643
85173,SET/6 FROG PRINCE T-LIGHT CANDLES,926,1678.0,141,72,4,2.55,2009-12-10 20:16:00,2011-11-30 14:46:00,6.567375886524823,0.008515099564820319,92.29645870150125
22706,WRAP COWBOYS,4172,1672.24,123,53,12,0.42,2010-06-02 11:11:00,2011-12-02 10:22:00,33.91869918699187,0.008485870140807586,92.30494457164205
21662,VINTAGE GLASS COFFEE CADDY,257,1669.65,105,55,2,5.95,2009-12-07 17:56:00,2011-08-15 14:17:00,2.447619047619048,0.008472727049107417,92.31341729869116
23552,BICYCLE PUNCTURE REPAIR KIT,779,1668.0,69,2,4,2.08,2011-11-25 10:58:00,2011-12-04 14:55:00,11.289855072463768,0.008464354037020436,92.32188165272818
21382,SET/4 SPRING FLOWER DECORATION,1238,1665.66,152,56,3,1.63,2010-05-16 15:52:00,2011-12-01 12:01:00,8.144736842105264,0.008452479583515263,92.33033413231169
20996,JAZZ HEARTS ADDRESS BOOK,6205,1664.21,325,88,5,0.42,2009-12-08 17:13:00,2011-12-04 13:59:00,19.092307692307692,0.00844512148198428,92.33877925379367
21637,ASSORTED SANSKRIT MINI NOTEBOOK,1300,1663.94,87,43,6,1.25,2009-12-07 17:56:00,2011-10-10 15:27:00,14.942528735632184,0.008443751352733684,92.3472230051464
23401,RUSTIC MIRROR WITH LACE HEART,307,1663.8000000000002,76,13,3,6.25,2011-09-07 16:27:00,2011-12-04 15:18:00,4.0394736842105265,0.008443040915344487,92.35566604606174
21251,DINOSAUR HEIGHT CHART STICKER SET,590,1663.0000000000002,128,70,11,2.95,2009-12-07 13:35:00,2011-11-30 15:13:00,4.609375,0.008438981273120497,92.36410502733486
22673,FRENCH GARDEN SIGN BLUE METAL,1316,1662.5,193,60,6,1.25,2010-08-17 11:21:00,2011-12-04 14:55:00,6.818652849740933,0.0084364439967305,92.37254147133159
22422,TOOTHPASTE TUBE PEN,2277,1662.0800000000002,332,72,11,1.25,2010-05-07 13:58:00,2011-12-04 13:59:00,6.858433734939759,0.008434312684562907,92.38097578401614
22516,CHILDS GARDEN RAKE BLUE,829,1659.3000000000002,158,55,6,2.1,2010-03-28 11:30:00,2011-12-02 16:39:00,5.246835443037975,0.008420205427834539,92.38939598944398
72816,SET/3 CHRISTMAS DECOUPAGE CANDLES,1337,1658.85,134,39,8,1.25,2009-12-08 13:41:00,2011-10-17 13:31:00,9.977611940298507,0.008417921879083544,92.39781391132307
84327A,PINK JUMPER LARRY THE LAMB,872,1657.25,113,34,2,2.1,2009-12-08 11:27:00,2010-08-05 14:35:00,7.716814159292035,0.008409802594635562,92.40622371391771
21278,VINTAGE KITCHEN PRINT PUDDINGS,2758,1654.4499999999998,118,49,8,2.55,2009-12-08 15:49:00,2011-07-15 14:05:00,23.372881355932204,0.008395593846851594,92.41461930776457
35809A,ENAMEL PINK TEA CONTAINER,1130,1652.08,175,67,10,2.1,2009-12-07 15:26:00,2011-06-09 15:34:00,6.457142857142857,0.008383567156763022,92.42300287492134
22209,WOOD STAMP SET HAPPY BIRTHDAY,1311,1651.8999999999999,246,83,7,1.65,2009-12-14 17:57:00,2011-12-04 13:15:00,5.329268292682927,0.008382653737262625,92.4313855286586
22343,PARTY PIZZA DISH RED RETROSPOT,2621,1650.9499999999998,174,78,13,0.85,2009-12-07 14:34:00,2011-12-04 12:32:00,15.063218390804598,0.008377832912121635,92.43976336157071
23090,VINTAGE GLASS T-LIGHT HOLDER,1955,1650.2099999999998,138,27,6,0.83,2011-05-16 08:13:00,2011-12-04 14:01:00,14.166666666666666,0.008374077743064444,92.44813743931378
85127,SMALL SQUARE CUT GLASS CANDLESTICK,270,1649.19,77,50,3,4.95,2009-12-16 12:16:00,2011-11-29 15:08:00,3.5064935064935066,0.008368901699228857,92.45650634101301
10125,MINI FUNKY DESIGN TAPES,2024,1647.78,158,69,6,0.85,2009-12-07 12:19:00,2011-12-04 12:08:00,12.810126582278482,0.008361746579809074,92.46486808759282
72817,SET OF 2 CHRISTMAS DECOUPAGE CANDLE,1534,1647.53,211,41,8,1.25,2009-12-14 13:09:00,2011-11-23 13:39:00,7.270142180094787,0.008360477941614076,92.47322856553443
22975,SPACEBOY CHILDRENS EGG CUP,1228,1647.52,185,48,7,1.25,2010-11-24 14:29:00,2011-12-02 16:07:00,6.6378378378378375,0.008360427196086276,92.48158899273051
21841,BABY MOUSE RED GINGHAM DRESS,383,1641.57,124,54,7,4.25,2009-12-07 13:59:00,2011-11-29 10:57:00,3.088709677419355,0.008330233607045346,92.48991922633755
21633,SUNFLOWER DECORATIVE PARASOL,174,1637.07,71,42,3,12.75,2009-12-09 09:51:00,2011-11-21 10:27:00,2.4507042253521125,0.0083073981195354,92.49822662445709
22410,MONEY BOX HOUSEKEEPING DESIGN,1285,1637.04,191,70,10,1.25,2010-03-26 13:46:00,2011-12-02 16:39:00,6.727748691099476,0.008307245882952,92.50653387034004
23348,CHILDRENS TOY COOKING UTENSIL SET,746,1633.81,168,24,8,2.08,2011-04-18 13:49:00,2011-11-23 12:20:00,4.440476190476191,0.008290855077472637,92.51482472541751
21446,12 RED ROSE PEG PLACE SETTINGS,1228,1632.33,225,90,10,1.25,2009-12-07 15:42:00,2011-11-30 17:37:00,5.457777777777777,0.008283344739358255,92.52310807015687
21332,MOROCCAN BEATEN METAL MIRROR,269,1631.42,49,31,3,12.75,2009-12-09 11:58:00,2011-08-15 14:51:00,5.489795918367347,0.008278726896328465,92.53138679705319
21545,CERAMIC BIRDHOUSE BUTTERFLY SMALL,695,1631.13,80,29,4,2.95,2009-12-07 15:26:00,2010-07-23 08:24:00,8.6875,0.008277255276022268,92.53966405232921
23270,SET OF 2 CERAMIC PAINTED HEARTS,1165,1630.33,121,26,9,1.45,2011-06-02 19:50:00,2011-12-04 12:32:00,9.62809917355372,0.008273195633798278,92.54793724796302
21426,WOODLAND STORAGE BOX SMALL,1021,1629.51,97,67,9,2.1,2009-12-09 09:42:00,2011-11-30 14:46:00,10.525773195876289,0.008269034500518687,92.55620628246353
21895,POTTING SHED SOW 'N' GROW SET,535,1629.23,80,35,3,4.25,2009-12-13 13:03:00,2010-12-09 16:31:00,6.6875,0.008267613625740291,92.56447389608927
22323,PINK POLKADOT KIDS BAG,625,1628.37,112,42,6,1.95,2009-12-16 11:57:00,2011-01-12 13:19:00,5.580357142857143,0.0082632495103495,92.57273714559962
21793,CLASSIC FRENCH STYLE BASKET BROWN,353,1627.3600000000001,102,54,2,3.95,2010-01-20 11:57:00,2011-12-01 16:22:00,3.4607843137254903,0.008258124212041713,92.58099526981167
35241,ENAMEL BLUE RIM BISCUIT BIN,308,1626.47,129,58,14,4.95,2009-12-07 15:15:00,2011-05-03 15:59:00,2.387596899224806,0.008253607860067524,92.58924887767174
21283,NATURAL BARK CANDLE SMALL,511,1622.29,80,41,5,3.25,2009-12-09 09:42:00,2010-11-24 10:03:00,6.3875,0.008232396229447173,92.59748127390118
22025,RING OF ROSES BIRTHDAY CARD,3927,1620.68,282,91,11,0.42,2009-12-08 16:09:00,2011-11-29 16:33:00,13.925531914893616,0.00822422619947139,92.60570550010065
85039A,SET/4 RED MINI ROSE CANDLE IN BOWL,1424,1620.37,241,74,4,1.63,2009-12-07 18:02:00,2011-12-02 16:39:00,5.908713692946058,0.008222653088109594,92.61392815318877
84919,BLUE CUSHION COVER WITH FLOWER,291,1619.84,43,32,3,6.95,2009-12-09 13:25:00,2011-09-21 15:22:00,6.767441860465116,0.008219963575136201,92.6221481167639
85036C,ROSE 1 WICK MORRIS BOXED CANDLE,875,1616.27,126,52,3,4.25,2009-12-07 14:58:00,2011-11-23 13:46:00,6.944444444444445,0.008201847421711643,92.63034996418561
21205,MULTICOLOUR 3D BALLS GARLAND,609,1615.57,141,78,5,2.55,2009-12-07 13:48:00,2011-12-02 14:30:00,4.319148936170213,0.008198295234765651,92.63854825942038
21448,12 DAISY PEGS IN WOOD BOX,939,1613.7699999999998,207,79,2,1.65,2009-12-07 15:26:00,2011-10-16 12:06:00,4.536231884057971,0.00818916103976167,92.64673742046014
70007,HI TEC ALPINE HAND WARMER,1248,1613.6599999999999,192,50,7,1.65,2009-12-07 11:47:00,2011-12-01 16:22:00,6.5,0.008188602838955873,92.6549260232991
23368,SET 12 COLOUR PENCILS DOLLY GIRL,2291,1613.3500000000001,218,11,11,0.65,2011-09-22 12:45:00,2011-12-04 13:45:00,10.509174311926605,0.008187029727594077,92.66311305302669
85131A,BEADED PEARL HEART WHITE ON STICK,2019,1611.73,198,65,4,0.83,2009-12-18 14:22:00,2011-10-30 15:55:00,10.196969696969697,0.008178808952090496,92.67129186197879
21656,RIDGED GLASS POSY VASE,981,1606.76,138,64,7,1.45,2009-12-07 10:51:00,2011-05-03 16:06:00,7.108695652173913,0.008153588424773954,92.67944545040356
21279,VINTAGE KITCHEN PRINT FRUITS,3521,1606.53,99,58,6,2.55,2009-12-07 18:02:00,2011-12-04 14:55:00,35.56565656565657,0.008152421277634558,92.68759787168119
84006,MAGIC TREE -PAPER FLOWERS,1710,1603.77,201,72,4,0.85,2009-12-07 17:56:00,2011-12-01 13:08:00,8.507462686567164,0.008138415511961788,92.69573628719316
46776F,WOVEN ROSE GARDEN CUSHION COVER,470,1602.24,151,68,1,4.21,2010-01-04 13:03:00,2011-12-02 16:39:00,3.1125827814569536,0.008130651446208408,92.70386693863937
37441,ASSORTED WHITE EMBOSSED CHINA MUGS,682,1602.0,52,25,1,2.1,2009-12-08 17:13:00,2010-08-02 11:09:00,13.115384615384615,0.00812943355354121,92.7119963721929
20802,SMALL GLASS SUNDAE DISH CLEAR,1051,1596.81,116,72,2,1.65,2009-12-16 17:58:00,2011-11-28 10:31:00,9.060344827586206,0.00810309662461307,92.72009946881751
21294,ETCHED GLASS COASTER,2203,1593.3999999999999,134,68,6,1.25,2009-12-07 13:49:00,2011-10-26 14:42:00,16.440298507462686,0.00808579239963331,92.72818526121713
22123,PING MICROWAVE APRON,562,1592.6,152,73,5,4.13,2009-12-10 12:44:00,2011-12-04 15:28:00,3.6973684210526314,0.00808173275740932,92.73626699397454
85221,ASSORTED COLOUR SILK COIN PURSE,3401,1592.29,42,17,3,1.25,2009-12-08 15:00:00,2010-05-10 13:28:00,80.97619047619048,0.008080159646047524,92.74434715362058
35810A,ENAMEL PINK COFFEE CONTAINER,1199,1592.14,170,76,11,2.1,2009-12-09 12:18:00,2011-10-30 13:06:00,7.052941176470588,0.008079398463130525,92.7524265520837
23462,ROCOCO WALL MIRROR WHITE,79,1587.09,45,7,3,19.95,2011-10-20 13:06:00,2011-12-02 12:52:00,1.7555555555555555,0.008053771971591584,92.7604803240553
23287,RED VINTAGE SPOT BEAKER,1860,1584.9,193,25,13,0.85,2011-06-13 16:33:00,2011-12-01 16:22:00,9.637305699481866,0.008042658701003411,92.7685229827563
21576,LETS GO SHOPPING COTTON TOTE BAG,688,1584.48,197,80,12,2.25,2009-12-07 09:18:00,2011-11-25 14:25:00,3.4923857868020303,0.008040527388835815,92.77656351014512
84913B,MINT GREEN ROSE TOWEL,419,1583.77,199,66,7,3.36,2009-12-14 17:57:00,2011-12-02 13:22:00,2.1055276381909547,0.008036924456362024,92.78460043460149
22517,CHILDS GARDEN RAKE PINK,804,1583.18,150,59,6,2.1,2010-03-26 14:16:00,2011-12-01 19:42:00,5.36,0.00803393047022183,92.7926343650717
20990,SPRING FLOWER CHOPSTICKS SET/5,831,1581.34,96,25,3,1.95,2009-12-07 18:02:00,2010-06-13 11:36:00,8.65625,0.008024593293106652,92.8006589583648
22446,PIN CUSHION BABUSHKA PINK,532,1580.97,174,56,10,2.51,2010-03-18 14:09:00,2011-12-04 15:28:00,3.057471264367816,0.008022715708578057,92.80868167407338
21383,PACK OF 12 STICKY BUNNIES,2188,1578.23,318,75,7,0.65,2009-12-09 09:51:00,2011-12-01 16:22:00,6.880503144654088,0.00800881143396089,92.81669048550735
23217,LAUREL HEART ANTIQUE SILVER,1287,1575.43,94,22,1,1.25,2011-06-02 09:37:00,2011-12-04 13:15:00,13.691489361702128,0.00799460268617692,92.82468508819353
21284,RETROSPOT CANDLE  SMALL,1406,1574.81,126,60,8,1.69,2009-12-07 15:26:00,2011-12-04 14:15:00,11.158730158730158,0.007991456463453329,92.83267654465699
21162,TOXIC AREA  DOOR HANGER,2317,1574.59,267,86,9,1.45,2009-12-07 13:59:00,2011-12-01 19:42:00,8.677902621722847,0.007990340061841732,92.84066688471883
21157,RED SPOTTY WASHBAG,673,1572.3500000000001,170,63,9,2.1,2009-12-09 08:58:00,2011-10-25 17:31:00,3.958823529411765,0.007978973063614558,92.84864585778244
21631,HIPPY CHIC DECORATIVE PARASOL,221,1571.75,54,33,1,12.75,2009-12-09 13:16:00,2011-11-17 14:24:00,4.092592592592593,0.007975928331946564,92.85662178611439
21092,SET/6 STRAWBERRY PAPER PLATES,12846,1571.5,28,13,5,0.85,2009-12-07 18:02:00,2010-03-17 13:09:00,458.7857142857143,0.007974659693751567,92.86459644580815
85180A,RED HEARTS LIGHT CHAIN,616,1571.49,95,35,3,4.65,2009-12-09 11:52:00,2011-11-24 12:48:00,6.484210526315789,0.007974608948223768,92.87257105475636
22260,FELT EGG COSY BLUE RABBIT,1542,1571.32,236,70,7,1.63,2009-12-07 18:02:00,2011-12-01 16:22:00,6.533898305084746,0.00797374627425117,92.88054480103061
22106,MIRROR MOSAIC HURRICANE LAMP,504,1565.18,77,50,3,5.06,2010-01-15 12:38:00,2011-12-01 16:22:00,6.545454545454546,0.007942588520182042,92.88848738955079
23273,HEART T-LIGHT HOLDER WILLIE WINKIE,927,1564.9899999999998,104,26,8,1.65,2011-06-05 14:06:00,2011-12-02 16:39:00,8.913461538461538,0.007941624355153843,92.89642901390594
85170A,SET/6 IVORY BIRD T-LIGHT CANDLES,839,1563.96,80,42,2,2.1,2009-12-07 18:02:00,2010-12-07 15:54:00,10.4875,0.007936397565790456,92.90436541147173
21675,BUTTERFLIES STICKERS,1773,1561.9599999999998,262,86,9,0.85,2009-12-07 17:56:00,2011-12-02 13:20:00,6.767175572519084,0.007926248460230477,92.91229165993197
23226,FILIGREE HEART DAISY WHITE,1219,1561.67,96,27,6,1.25,2011-05-31 12:11:00,2011-12-04 13:15:00,12.697916666666666,0.007924776839924283,92.9202164367719
85194L,HANGING SPRING FLOWER EGG LARGE,1818,1560.6299999999999,147,38,5,0.85,2009-12-07 11:46:00,2011-11-22 16:47:00,12.36734693877551,0.007919499305033096,92.92813593607693
22705,WRAP GREEN PEARS,3708,1557.36,150,63,10,0.42,2010-05-27 16:54:00,2011-12-02 16:34:00,24.72,0.007902905517442533,92.93603884159437
21925,UNION STRIPE CUSHION COVER,1197,1557.33,165,62,2,1.25,2010-04-11 12:45:00,2011-11-08 12:58:00,7.254545454545455,0.007902753280859135,92.94394159487523
21972,SET OF 36 DINOSAUR PAPER DOILIES,1052,1554.8799999999999,169,84,11,1.45,2009-12-09 14:25:00,2011-12-01 16:22:00,6.224852071005917,0.007890320626548163,92.95183191550177
23505,PLAYING CARDS I LOVE LONDON,1124,1553.8700000000001,103,11,7,1.25,2011-09-22 12:55:00,2011-12-04 14:15:00,10.912621359223301,0.007885195328240375,92.95971711083001
48195,DOOR MAT GREEN PAISLEY,258,1553.74,82,24,4,7.49,2009-12-08 13:56:00,2010-07-22 12:17:00,3.1463414634146343,0.007884535636378975,92.96760164646639
22681,FRENCH BLUE METAL DOOR SIGN 6,1164,1552.14,187,63,7,1.25,2010-08-17 11:21:00,2011-12-02 11:53:00,6.224598930481283,0.007876416351930995,92.97547806281833
21276,TWO EMBOSSED HEART MINI DRAWERS,676,1551.99,28,8,4,1.95,2009-12-08 14:56:00,2010-04-08 16:21:00,24.142857142857142,0.007875655169013996,92.98335371798734
21189,WHITE HONEYCOMB PAPER GARLAND,733,1551.58,109,56,5,1.65,2009-12-14 17:16:00,2011-12-02 16:39:00,6.724770642201835,0.007873574602374202,92.99122729258971
84789,ENCHANTED BIRD PLANT CAGE,443,1550.89,123,54,3,3.75,2009-12-22 11:32:00,2011-07-21 14:52:00,3.6016260162601625,0.007870073160956009,92.99909736575067
72803A,ROSE SCENT CANDLE JEWELLED DRAWER,723,1549.25,96,62,5,4.25,2009-12-09 16:00:00,2011-11-06 11:55:00,7.53125,0.007861750894396828,93.00695911664506
21289,LARGE STRIPES CHOCOLATE GIFT BAG,1412,1548.06,101,64,7,1.25,2009-12-08 12:05:00,2011-11-27 13:26:00,13.98019801980198,0.007855712176588642,93.01481482882166
21542,WOODLAND WATER TRANSFER TATTOOS,1820,1548.05,183,35,8,0.85,2009-12-07 13:48:00,2010-10-10 13:23:00,9.94535519125683,0.007855661431060843,93.02267049025272
21694,SMALL REGAL  SILVER CANDLEPOT,541,1545.8200000000002,66,45,2,2.95,2009-12-07 11:05:00,2011-11-20 11:37:00,8.196969696969697,0.00784434517836147,93.03051483543108
85014C,BLUE/BROWN DOTS RUFFLED UMBRELLA,331,1544.88,61,20,1,5.95,2009-12-07 10:51:00,2010-06-11 15:03:00,5.426229508196721,0.00783957509874828,93.03835441052982
16033,MINI HIGHLIGHTER PENS,15121,1544.52,50,36,6,0.12,2009-12-10 12:44:00,2011-02-17 15:40:00,302.42,0.007837748259747484,93.04619215878957
75131,METAL TUBE CHIME ON BAMBOO,1217,1543.03,68,46,2,1.69,2009-12-11 11:17:00,2011-04-04 14:00:00,17.897058823529413,0.007830187176105301,93.05402234596568
20766,GARDEN PATH SKETCHBOOK,516,1540.97,153,70,5,3.75,2009-12-08 15:25:00,2011-12-04 15:00:00,3.372549019607843,0.007819733597378526,93.06184207956305
22608,PENS ASSORTED FUNKY JEWELED,5596,1540.27,161,55,5,0.42,2010-02-26 09:47:00,2011-12-01 16:22:00,34.75776397515528,0.007816181410432534,93.06965826097348
22099,CARAVAN SQUARE TISSUE BOX,2084,1531.97,281,89,11,1.25,2009-12-07 17:56:00,2011-12-04 13:59:00,7.4163701067615655,0.007774062622358632,93.07743232359584
22786,CUSHION COVER PINK UNION JACK,234,1531.6000000000001,90,36,4,5.95,2010-10-17 13:07:00,2011-12-01 09:20:00,2.6,0.007772185037830036,93.08520450863368
84795D,SEASIDE STRIPE HAMMOCK,188,1530.8400000000001,82,21,4,7.95,2010-01-25 15:42:00,2010-08-03 11:32:00,2.292682926829268,0.007768328377717244,93.0929728370114
22319,HAIRCLIPS FORTIES FABRIC ASSORTED,2290,1528.38,157,73,12,0.65,2009-12-08 13:04:00,2011-11-23 11:22:00,14.585987261146498,0.007755844977878473,93.10072868198928
20735,BLACK MINI TAPE MEASURE,1503,1527.54,197,66,2,0.85,2009-12-07 13:48:00,2011-12-01 19:42:00,7.629441624365482,0.007751582353543283,93.10848026434283
35471D,SET OF 3 BIRD LIGHT PINK FEATHER,2167,1523.6,337,87,10,1.25,2009-12-07 17:56:00,2011-12-04 14:55:00,6.43026706231454,0.007731588615590129,93.11621185295841
22288,HANGING METAL RABBIT DECORATION,1307,1520.92,117,41,4,1.25,2010-01-05 14:12:00,2011-11-22 13:20:00,11.17094017094017,0.007717988814139761,93.12392984177255
23366,SET 12 COLOURING PENCILS DOILY,2043,1520.8500000000001,179,11,10,0.65,2011-09-22 11:46:00,2011-12-04 13:45:00,11.41340782122905,0.007717633595445162,93.131647475368
21593,SWALLOW CIGAR BOX MATCHES,1303,1519.31,86,22,2,1.25,2009-12-07 12:08:00,2010-05-23 13:03:00,15.151162790697674,0.00770981878416398,93.13935729415216
20986,BLUE CALCULATOR RULER,1211,1518.61,199,76,5,1.25,2009-12-08 15:49:00,2011-12-04 13:59:00,6.085427135678392,0.007706266597217988,93.14706356074939
84536B,FAIRY CAKES NOTEBOOK A7 SIZE,3431,1517.71,386,99,10,0.42,2009-12-07 17:56:00,2011-12-01 16:22:00,8.88860103626943,0.007701699499715999,93.1547652602491
21645,ASSORTED TUTTI FRUTTI ROUND BOX,896,1513.2999999999997,124,44,6,1.65,2009-12-07 18:02:00,2010-11-16 16:08:00,7.225806451612903,0.007679320721956249,93.16244458097107
23267,SET OF 4 SANTA PLACE SETTINGS,1187,1513.2,105,22,10,1.25,2011-06-23 13:51:00,2011-12-04 16:08:00,11.304761904761905,0.007678813266678251,93.17012339423775
22682,FRENCH BLUE METAL DOOR SIGN 7,1156,1509.36,181,63,6,1.25,2010-08-17 11:21:00,2011-12-02 17:12:00,6.386740331491713,0.007659326984003096,93.17778272122175
22137,BATHROOM SET LOVE HEART DESIGN,606,1508.28,43,32,6,2.95,2009-12-14 18:03:00,2011-08-11 11:45:00,14.093023255813954,0.0076538464670007095,93.18543656768874
21002,ROSE DU SUD DRAWSTRING BAG,417,1507.22,184,57,9,3.36,2009-12-21 17:14:00,2011-10-23 11:42:00,2.266304347826087,0.007648467441053922,93.1930850351298
22322,BIRD DECORATION GREEN POLKADOT,1592,1506.11,269,84,7,0.85,2009-12-07 15:26:00,2011-11-11 13:06:00,5.9182156133829,0.007642834687468135,93.20072786981727
21286,RETRO SPOT CANDLE  LARGE,858,1505.6299999999999,88,47,8,2.55,2009-12-07 17:56:00,2011-12-02 15:39:00,9.75,0.007640398902133741,93.20836826871941
23391,I LOVE LONDON MINI BACKPACK,364,1503.72,80,13,8,4.15,2011-09-11 11:29:00,2011-12-01 12:53:00,4.55,0.007630706506323963,93.21599897522573
22982,PANTRY PASTRY BRUSH,1130,1501.67,206,39,11,1.25,2011-03-02 12:18:00,2011-12-04 12:32:00,5.485436893203883,0.0076203036731249865,93.22361927889885
22683,FRENCH BLUE METAL DOOR SIGN 8,1131,1501.66,190,65,7,1.25,2010-08-17 11:21:00,2011-12-02 11:53:00,5.9526315789473685,0.007620252927597187,93.23123953182645
85036B,CHOCOLATE 1 WICK MORRIS BOX CANDLE,591,1500.4099999999999,84,42,5,3.81,2009-12-07 14:58:00,2011-11-17 15:16:00,7.035714285714286,0.007613909736622202,93.23885344156307
21867,PINK UNION JACK  LUGGAGE TAG,1101,1500.32,275,90,3,1.25,2009-12-07 13:24:00,2011-12-02 16:39:00,4.003636363636364,0.007613453026872003,93.24646689458994
84526,GIANT BLACK SUNGLASSES,536,1499.7399999999998,33,24,1,1.95,2009-12-11 14:39:00,2010-11-18 12:14:00,16.242424242424242,0.007610509786259608,93.2540774043762
21099,SET/6 STRAWBERRY PAPER CUPS,13265,1499.3400000000001,31,17,5,0.65,2009-12-10 09:49:00,2010-05-07 12:13:00,427.9032258064516,0.007608479965147614,93.26168588434135
20902,VINTAGE KEEPSAKE BOX PARIS DAYS,204,1499.22,115,58,6,12.72,2009-12-07 17:56:00,2011-08-10 16:51:00,1.7739130434782608,0.007607871018814016,93.26929375536017
21199,PINK  HEART CONFETTI IN TUBE,1305,1495.6999999999998,149,71,9,1.65,2009-12-07 15:02:00,2011-12-02 10:22:00,8.758389261744966,0.007590008593028455,93.2768837639532
85160A,WHITE BIRD GARDEN DESIGN MUG,8816,1493.75,32,23,2,1.25,2009-12-10 09:49:00,2011-01-25 17:10:00,275.5,0.00758011321510748,93.2844638771683
21785,RAIN PONCHO,1980,1492.53,98,43,6,0.85,2009-12-07 13:59:00,2011-02-15 14:44:00,20.20408163265306,0.007573922260715894,93.29203779942902
84856L,LARGE TAHITI BEACH BAG,238,1492.28,81,37,3,5.95,2009-12-17 17:54:00,2011-03-18 11:22:00,2.9382716049382718,0.007572653622520897,93.29961045305154
21066,VINTAGE RED MUG,2282,1492.17,130,70,2,1.25,2009-12-08 12:46:00,2011-12-01 11:53:00,17.553846153846155,0.007572095421715098,93.30718254847326
85159B,"WHITE TEA,COFFEE,SUGAR JARS",658,1490.5,87,59,9,1.95,2010-01-13 17:51:00,2011-11-30 17:22:00,7.563218390804598,0.007563620918572518,93.31474616939184
21550,CERAMIC BIRDHOUSE CRESTED TIT LARGE,281,1488.21,61,21,1,5.95,2009-12-07 13:23:00,2010-05-21 17:19:00,4.60655737704918,0.0075520001927063445,93.32229816958454
21541,DINOSAURS WATER TRANSFER TATTOOS,1688,1487.54,196,44,8,0.85,2009-12-07 13:59:00,2010-11-15 14:49:00,8.612244897959183,0.007548600242343753,93.32984676982689
84619,BLUE GINGHAM ROSE QUILT,69,1485.1100000000001,26,9,3,45.95,2009-12-07 09:42:00,2010-03-03 09:10:00,2.6538461538461537,0.007536269079088381,93.33738303890597
85222,ASSORTED COLOUR SILK COSMETIC PURSE,1361,1482.98,44,21,2,2.1,2009-12-08 11:13:00,2010-06-21 16:07:00,30.931818181818183,0.007525460281667006,93.34490849918764
23369,SET 36 COLOUR PENCILS LOVE LONDON,1037,1481.54,115,11,7,1.25,2011-09-22 12:13:00,2011-12-04 13:59:00,9.017391304347827,0.007518152925663823,93.35242665211331
23280,FOLDING BUTTERFLY MIRROR HOT PINK,1860,1481.28,150,29,10,0.83,2011-05-09 16:35:00,2011-12-04 13:00:00,12.4,0.007516833541941026,93.35994348565525
21849,SILVER DIAMANTE PEN IN GIFT BOX,632,1478.56,133,60,2,4.21,2009-12-07 17:56:00,2011-12-04 14:45:00,4.7518796992481205,0.007503030758379458,93.36744651641364
23524,WALL ART HORSE & PONY,463,1475.2900000000002,56,10,3,3.75,2011-10-02 13:46:00,2011-12-04 11:55:00,8.267857142857142,0.007486436970788898,93.37493295338443
23528,WALL ART SPACEBOY,475,1474.65,47,9,4,3.75,2011-10-03 11:01:00,2011-12-01 14:38:00,10.106382978723405,0.007483189257009704,93.38241614264145
84616,SILVER ROCCOCO CHANDELIER,72,1472.62,25,17,2,29.95,2009-12-16 13:16:00,2011-11-22 08:26:00,2.88,0.007472887914866328,93.38988903055632
22912,YELLOW COAT RACK PARIS FASHION,313,1471.0900000000001,108,46,9,4.95,2010-11-19 10:58:00,2011-11-28 14:06:00,2.8981481481481484,0.0074651238491129455,93.39735415440543
85198,ASSORTED FARMYARD ANIMALS IN BUCKET,3859,1469.4999999999998,51,26,5,0.85,2009-12-07 11:46:00,2011-05-18 16:37:00,75.66666666666667,0.007457055310192763,93.40481120971563
21399,BLUE POLKADOT COFFEE MUG,2330,1466.44,117,52,7,1.63,2009-12-07 13:59:00,2011-06-05 10:50:00,19.914529914529915,0.007441527178686,93.41225273689432
35160,BUDDHA INCENSE HOLDER ASSORTED,2003,1466.11,50,34,2,0.85,2009-12-08 12:54:00,2010-10-12 16:53:00,40.06,0.007439852576268604,93.41969258947059
21392,RED SPOTTY PUDDING BOWL,7539,1465.53,47,35,8,2.1,2009-12-16 11:43:00,2011-03-17 19:01:00,160.40425531914894,0.0074369093356562105,93.42712949880624
21634,ASSORTED MINI MADRAS NOTEBOOK,1742,1464.8899999999999,66,45,3,1.25,2009-12-09 09:42:00,2011-10-16 15:13:00,26.393939393939394,0.007433661621877018,93.43456316042811
84659A,WHITE TRAVEL ALARM CLOCK,587,1464.34,223,71,4,2.51,2009-12-11 12:31:00,2011-11-21 10:35:00,2.632286995515695,0.0074308706178480245,93.44199403104597
85177,BASKET OF FLOWERS SEWING KIT,1764,1461.7199999999998,136,71,6,0.85,2009-12-08 13:04:00,2011-12-01 13:28:00,12.970588235294118,0.007417575289564454,93.44941160633553
21579,LOLITA  DESIGN  COTTON TOTE BAG,988,1459.84,129,68,12,2.25,2009-12-07 17:56:00,2011-11-25 16:14:00,7.658914728682171,0.0074080351303380775,93.45681964146587
22929,SCHOOL DESK AND CHAIR,23,1459.75,17,12,8,65.0,2010-11-24 10:35:00,2011-10-26 13:46:00,1.3529411764705883,0.0074075784205878785,93.46422721988645
21837,CROSS STITCH ALPHABET CUSHION COVER,218,1459.15,82,21,4,5.95,2009-12-07 16:38:00,2010-05-18 16:28:00,2.658536585365854,0.007404533688919885,93.47163175357537
72008,FROSTED BOX 9 WHITE T-LIGHT CANDLES,3642,1456.62,197,46,5,0.42,2009-12-07 10:51:00,2010-11-14 14:54:00,18.487309644670052,0.007391695070386515,93.47902344864575
84637,KITCHEN FLOWER POTS WALL PLAQUE,585,1454.49,114,52,6,4.96,2009-12-14 18:37:00,2011-09-23 14:49:00,5.131578947368421,0.00738088627296514,93.48640433491872
21661,VINTAGE GLASS TEA CADDY,227,1445.91,97,43,3,5.95,2009-12-09 09:42:00,2011-02-22 13:20:00,2.3402061855670104,0.007337346610112841,93.49374168152883
21198,WHITE HEART CONFETTI IN TUBE,1268,1445.6399999999999,115,64,5,1.65,2009-12-16 17:58:00,2011-11-22 12:09:00,11.02608695652174,0.007335976480862244,93.50107765800969
23365,SET 12 COLOUR PENCILS LOVE LONDON,1834,1445.13,158,11,6,0.65,2011-09-22 12:13:00,2011-12-02 13:36:00,11.60759493670886,0.00733338845894445,93.50841104646864
35637A,IVORY STRING CURTAIN WITH POLE,551,1445.05,53,35,4,5.95,2009-12-13 15:16:00,2011-11-27 13:49:00,10.39622641509434,0.007332982494722051,93.51574402896335
23250,VINTAGE RED TRIM ENAMEL BOWL,1109,1443.53,106,25,9,1.25,2011-06-14 10:00:00,2011-12-04 12:31:00,10.462264150943396,0.007325269174496469,93.52306929813786
21801,CHRISTMAS TREE DECORATION WITH BELL,3349,1443.03,253,57,4,0.42,2009-12-07 17:56:00,2011-10-30 11:22:00,13.237154150197629,0.0073227318981064745,93.53039203003596
84313C,ORANGE TV TRAY TABLE,548,1442.3899999999999,73,44,2,4.25,2010-01-11 09:34:00,2011-06-02 09:38:00,7.506849315068493,0.007319484184327282,93.53771151422028
21051,RIBBONS PURSE,734,1442.13,121,58,10,2.1,2009-12-08 13:56:00,2011-11-22 12:40:00,6.066115702479339,0.007318164800604485,93.54502967902089
21851,LILAC DIAMANTE PEN IN GIFT BOX,622,1441.17,145,59,2,4.21,2009-12-08 12:34:00,2011-11-29 16:33:00,4.289655172413793,0.007313293229935697,93.55234297225083
84997a,CHILDRENS CUTLERY POLKADOT GREEN,173,1440.33,78,44,1,8.29,2010-04-26 13:27:00,2011-11-30 14:46:00,2.217948717948718,0.007309030605600507,93.55965200285642
85125,SMALL ROUND CUT GLASS CANDLESTICK,301,1439.91,60,41,3,4.95,2009-12-13 11:23:00,2011-11-27 11:12:00,5.016666666666667,0.007306899293432911,93.56695890214986
22052,VINTAGE CARAVAN GIFT WRAP,3475,1439.5,126,55,10,0.42,2009-12-09 15:20:00,2011-07-11 14:10:00,27.57936507936508,0.007304818726793116,93.57426372087666
23271,CHRISTMAS TABLE SILVER CANDLE SPIKE,1679,1437.73,98,20,7,0.83,2011-06-13 15:44:00,2011-12-04 12:01:00,17.132653061224488,0.007295836768372537,93.58155955764504
23470,CARD HOLDER LOVE BIRD LARGE,228,1435.5,82,10,4,6.25,2011-10-02 13:26:00,2011-12-04 15:00:00,2.7804878048780486,0.007284520515673163,93.5888440781607
20768,GREEN FERN JOURNAL,729,1434.8799999999999,143,68,3,2.55,2009-12-08 17:10:00,2011-11-30 17:37:00,5.0979020979020975,0.00728137429294957,93.59612545245365
23034,DRAWER KNOB CERAMIC BLACK,974,1434.06,86,24,8,1.45,2011-06-14 13:51:00,2011-12-04 12:18:00,11.325581395348838,0.00727721315966998,93.60340266561332
23483,HANGING  BUTTERFLY T-LIGHT HOLDER,1153,1433.31,67,9,3,1.25,2011-10-03 12:47:00,2011-12-04 11:50:00,17.208955223880597,0.007273407245084989,93.6106760728584
79030G,"TUMBLER, NEW ENGLAND",1733,1433.25,119,49,9,1.65,2009-12-10 16:35:00,2011-06-03 17:09:00,14.563025210084033,0.007273102771918189,93.61794917563032
18098c,PORCELAIN BUTTERFLY OIL BURNER,283,1433.08,130,32,1,5.06,2009-12-22 15:05:00,2010-12-21 15:17:00,2.1769230769230767,0.007272240097945591,93.62522141572826
22249,DECORATION WHITE CHICK MAGIC GARDEN,1635,1433.03,242,60,5,0.85,2009-12-13 13:39:00,2011-11-28 13:06:00,6.756198347107438,0.007271986370306592,93.63249340209858
22316,200 BENDY SKULL STRAWS,1256,1431.57,118,68,7,1.25,2009-12-09 14:02:00,2011-12-04 14:15:00,10.64406779661017,0.007264577523247809,93.63975797962182
22976,CIRCUS PARADE CHILDRENS EGG CUP,1101,1431.55,145,48,5,1.25,2010-11-24 16:18:00,2011-12-02 14:26:00,7.593103448275862,0.00726447603219221,93.64702245565401
20734,SILVER MINI TAPE MEASURE,1548,1430.6699999999998,109,57,7,0.85,2009-12-07 15:42:00,2011-04-06 11:14:00,14.20183486238532,0.007260010425745818,93.65428246607975
22815,CARD PSYCHEDELIC APPLES,3336,1427.79,331,61,9,0.42,2010-09-16 09:54:00,2011-12-02 16:39:00,10.078549848942599,0.007245395713739453,93.66152786179349
23334,IVORY WICKER HEART SMALL,2181,1426.99,117,17,3,0.63,2011-08-08 14:37:00,2011-12-02 16:39:00,18.641025641025642,0.007241336071515463,93.668769197865
85167B,BLACK GRAND BAROQUE PHOTO FRAME,692,1426.34,59,34,3,4.25,2009-12-14 17:57:00,2011-04-08 09:25:00,11.728813559322035,0.007238037612208471,93.67600723547721
23086,ZINC  STAR T-LIGHT HOLDER,1206,1424.05,45,22,4,1.25,2011-05-16 15:47:00,2011-12-01 11:20:00,26.8,0.0072264168863422976,93.68323365236355
21282,NATURAL BARK CANDLE LARGE,331,1423.63,67,37,4,4.25,2009-12-09 09:42:00,2010-11-14 12:47:00,4.940298507462686,0.007224285574174702,93.69045793793772
20801,LARGE PINK GLASS SUNDAE DISH,1092,1422.0,111,45,4,2.46,2010-01-18 11:39:00,2011-05-25 16:08:00,9.837837837837839,0.007216014053143321,93.69767395199086
23249,VINTAGE RED ENAMEL TRIM PLATE,839,1421.1499999999999,79,25,7,1.65,2011-06-14 10:00:00,2011-12-04 12:31:00,10.620253164556962,0.007211700683280331,93.70488565267415
22390,PAPERWEIGHT CHILDHOOD MEMORIES,763,1419.8799999999999,77,49,9,2.55,2010-03-26 13:46:00,2011-11-29 16:47:00,9.909090909090908,0.007205256001249746,93.7120909086754
22396,MAGNETS PACK OF 4 RETRO PHOTO,1881,1419.55,181,73,11,0.9550000000000001,2010-03-26 13:46:00,2011-12-04 13:59:00,10.392265193370166,0.00720358139883235,93.71929449007423
22817,CARD SUKI BIRTHDAY,3355,1419.36,349,62,8,0.42,2010-09-16 09:54:00,2011-12-04 15:18:00,9.613180515759312,0.007202617233804152,93.72649710730803
21644,ASSORTED TUTTI FRUTTI HEART BOX,1055,1417.51,132,62,3,1.25,2009-12-07 17:56:00,2011-11-27 16:27:00,7.992424242424242,0.007193229311161174,93.73369033661919
22287,"DECORATION , WOBBLY CHICKEN, METAL",1328,1415.9499999999998,120,46,3,1.65,2009-12-21 17:14:00,2011-12-01 12:01:00,11.066666666666666,0.0071853130088243905,93.74087564962801
22228,BUNNY WOODEN PAINTED WITH BIRD,1664,1415.4699999999998,270,68,6,0.85,2009-12-10 09:49:00,2011-12-04 15:19:00,6.162962962962963,0.007182877223489996,93.7480585268515
15034,PAPER POCKET TRAVELING FAN,10148,1413.4900000000002,251,90,10,0.14,2009-12-07 17:56:00,2011-11-30 15:13:00,40.430278884462155,0.007172829608985623,93.75523135646048
21532,DAIRY MAID SUGAR JAM BOWL,1383,1411.31,87,35,3,2.1,2009-12-09 09:42:00,2010-10-11 12:00:00,15.89655172413793,0.007161767083925246,93.76239312354441
21292,SMALL STRIPES CHOCOLATE GIFT BAG,2352,1407.17,89,54,8,0.85,2009-12-08 12:05:00,2011-11-23 17:43:00,26.426966292134832,0.007140758435416095,93.76953388197983
20733,GOLD MINI TAPE MEASURE,1874,1405.85,280,79,6,0.83,2009-12-08 16:43:00,2011-12-02 16:39:00,6.692857142857143,0.007134060025746511,93.77666794200557
85055,FRENCH ENAMEL UTENSIL HOLDER,349,1405.44,105,51,4,3.75,2009-12-07 17:56:00,2011-01-18 10:22:00,3.323809523809524,0.007131979459106715,93.78379992146468
79323B,BLACK CHERRY LIGHTS,219,1403.33,49,19,2,6.75,2009-12-09 09:42:00,2011-02-11 13:53:00,4.469387755102041,0.00712127215274094,93.79092119361742
85098B,BLUE FLYING SINGING CANARY,356,1403.32,108,43,7,3.75,2009-12-07 13:35:00,2010-11-18 14:25:00,3.2962962962962963,0.0071212214072131404,93.79804241502464
35965,FOLKART HEART NAPKIN RINGS,625,1402.5600000000002,171,71,4,2.95,2009-12-07 18:02:00,2011-11-15 17:00:00,3.654970760233918,0.0071173647471003505,93.80515977977174
23527,WALL ART ANIMALS AND NATURE,413,1402.31,46,9,2,3.75,2011-10-03 12:17:00,2011-12-04 11:55:00,8.978260869565217,0.007116096108905352,93.81227587588064
21395,BLUE POLKADOT BEAKER,2968,1401.6,115,47,10,0.39,2009-12-07 13:35:00,2011-11-03 16:56:00,25.808695652173913,0.0071124931764315604,93.81938836905708
47503A,ASS FLORAL PRINT MULTI SCREWDRIVER,2851,1400.3700000000001,194,61,10,0.42,2010-04-21 15:24:00,2011-11-28 12:14:00,14.695876288659793,0.007106251476512175,93.8264946205336
84596G,SMALL CHOCOLATES PINK BOWL,2185,1400.27,339,88,9,0.83,2009-12-09 09:42:00,2011-12-04 13:59:00,6.445427728613569,0.0071057440212341765,93.83360036455483
21317,GLASS SPHERE CANDLE STAND MEDIUM,347,1398.9,71,51,2,5.45,2009-12-13 11:05:00,2011-12-02 12:52:00,4.887323943661972,0.007098791883925593,93.84069915643875
20840,FRENCH FLORAL CUSHION COVER,868,1397.32,89,44,6,2.55,2009-12-18 12:33:00,2011-12-02 13:20:00,9.752808988764045,0.0070907740905332105,93.84778993052927
21807,WHITE CHRISTMAS STAR DECORATION,3173,1396.11,165,41,4,0.42,2009-12-07 17:56:00,2011-11-22 15:43:00,19.23030303030303,0.007084633881669425,93.85487456441095
20761,BLUE PAISLEY SKETCHBOOK,452,1395.93,140,70,5,3.75,2009-12-07 13:48:00,2011-12-04 15:00:00,3.2285714285714286,0.007083720462169027,93.86195828487311
23055,IVORY CHANDELIER T-LIGHT HOLDER,657,1395.18,38,21,4,6.25,2011-04-19 14:56:00,2011-11-18 11:35:00,17.289473684210527,0.007079914547584036,93.8690381994207
22685,FRENCH BLUE METAL DOOR SIGN 0,1081,1393.38,159,58,6,1.25,2010-08-17 11:21:00,2011-12-02 11:53:00,6.79874213836478,0.007070780352580057,93.87610897977328
21159,MOODY BOY  DOOR HANGER,2054,1392.26,238,85,4,1.45,2009-12-07 13:45:00,2011-12-01 13:08:00,8.630252100840336,0.00706509685346647,93.88317407662674
23119,PACK OF 6 LARGE FRUIT STRAWS,2274,1391.7,147,25,10,0.62,2011-06-17 08:57:00,2011-12-04 15:19:00,15.46938775510204,0.007062255103909677,93.89023633173065
23392,SPACEBOY ROCKET LOLLY MAKERS,640,1390.32,105,13,10,2.08,2011-09-06 10:42:00,2011-12-02 16:39:00,6.095238095238095,0.007055252221073293,93.89729158395173
21009,ETCHED GLASS STAR TREE DECORATION,963,1389.99,92,23,3,1.25,2009-12-07 13:48:00,2010-12-17 17:30:00,10.467391304347826,0.007053577618655897,93.90434516157038
22819,"BIRTHDAY CARD, RETRO SPOT",3283,1389.56,322,61,13,0.42,2010-09-20 10:20:00,2011-12-02 16:39:00,10.195652173913043,0.007051395560960501,93.91139655713134
22545,MINI JIGSAW BUNNIES,3288,1386.25,177,76,10,0.42,2010-03-26 13:46:00,2011-12-02 12:59:00,18.576271186440678,0.00703459879125874,93.9184311559226
82615,PINK MARSHMALLOW SCARF KNITTING KIT,502,1384.08,80,32,4,2.95,2009-12-07 12:26:00,2010-12-01 16:11:00,6.275,0.007023587011726166,93.92545474293433
84510B,SET OF 4 FAIRY CAKES COASTERS,1100,1383.06,134,24,3,1.25,2009-12-07 11:47:00,2010-07-07 12:45:00,8.208955223880597,0.007018410967890578,93.93247315390222
22340,NOEL GARLAND PAINTED ZINC,1689,1382.9699999999998,169,34,9,0.83,2009-12-14 17:16:00,2011-12-02 16:39:00,9.994082840236686,0.007017954258140378,93.93949110816037
15056bl,EDWARDIAN PARASOL BLACK,110,1381.02,84,50,1,12.46,2009-12-22 15:06:00,2011-11-29 11:23:00,1.3095238095238095,0.007008058880219402,93.94649916704059
23104,IVORY CAFE HANGING LAMP,116,1380.42,44,23,4,12.5,2011-05-11 14:29:00,2011-12-02 12:52:00,2.6363636363636362,0.0070050141485514085,93.95350418118913
22250,DECORATION  BUTTERFLY  MAGIC GARDEN,1519,1379.7,256,80,4,0.85,2009-12-13 13:39:00,2011-11-16 15:23:00,5.93359375,0.007001360470549818,93.96050554165969
23414,ZINC BOX SIGN HOME,141,1378.75,64,14,5,9.95,2011-09-04 16:09:00,2011-11-30 17:37:00,2.203125,0.006996539645408828,93.9675020813051
22915,ASSORTED BOTTLE TOP  MAGNETS,2837,1376.96,180,48,14,0.42,2010-11-19 13:09:00,2011-12-04 13:54:00,15.761111111111111,0.00698745619593265,93.97448953750103
85169A,IVORY LOVE BIRD CANDLE,1247,1374.73,148,67,7,1.25,2009-12-08 15:12:00,2011-11-30 15:13:00,8.425675675675675,0.0069761399432332755,93.98146567744426
21065,BOOM BOX SPEAKER GIRLS,586,1373.78,106,52,3,4.255,2009-12-07 13:59:00,2011-12-02 16:39:00,5.528301886792453,0.006971319118092287,93.98843699656236
85071A,BLUE CHARLIE+LOLA PERSONAL DOORSIGN,1891,1373.6100000000001,142,58,7,0.39,2009-12-08 12:51:00,2011-12-04 15:19:00,13.316901408450704,0.006970456444119689,93.99540745300648
21358,TOAST ITS - HAPPY BIRTHDAY,1107,1372.89,214,85,9,1.25,2009-12-14 14:35:00,2011-12-02 16:39:00,5.172897196261682,0.006966802766118097,94.0023742557726
22157,ANGEL DECORATION WITH LACE PADDED,1604,1371.5,116,27,3,0.85,2009-12-08 13:41:00,2011-08-31 14:28:00,13.827586206896552,0.006959749137753914,94.00933400491034
21910,WAY OUT METAL SIGN,1048,1368.4799999999998,107,46,5,1.65,2009-12-07 13:52:00,2011-02-16 16:57:00,9.794392523364486,0.006944423988358347,94.0162784288987
21828,EIGHT PIECE SNAKE  SET,1088,1365.14,169,79,5,1.25,2009-12-07 11:39:00,2011-12-04 10:56:00,6.437869822485207,0.006927474982073188,94.02320590388078
22984,CARD GINGHAM ROSE,3336,1364.86,212,62,12,0.42,2010-09-12 14:34:00,2011-12-01 11:20:00,15.735849056603774,0.006926054107294791,94.03013195798808
84665,SQUARE CHERRY BLOSSOM CABINET,226,1364.7,47,34,3,5.95,2009-12-09 09:34:00,2011-11-08 13:22:00,4.808510638297872,0.006925242178849994,94.03705720016693
84562A,PINK/WHITE RIBBED MELAMINE JUG,167,1362.3600000000001,77,41,7,7.95,2009-12-11 12:17:00,2011-02-20 13:18:00,2.168831168831169,0.006913367725344821,94.04397056789227
84965B,BLUE KASHMIRI COFFEE TABLE,27,1359.95,4,4,1,45.0,2010-02-22 14:54:00,2010-11-02 17:29:00,6.75,0.006901138053145049,94.05087170594543
22093,MOTORING TISSUE BOX,2260,1357.17,265,74,9,1.06,2009-12-07 18:02:00,2011-12-01 12:54:00,8.528301886792454,0.0068870307964166814,94.05775873674185
85136C,RED SHARK HELICOPTER,167,1356.29,117,46,3,7.95,2009-12-07 11:05:00,2011-12-04 15:16:00,1.4273504273504274,0.006882565189970292,94.06464130193181
21146,ANTIQUE GLASS RIDGED HANGING BALL,693,1355.27,57,16,3,1.95,2009-12-07 13:49:00,2010-11-02 11:27:00,12.157894736842104,0.0068773891461347035,94.07151869107796
22917,HERB MARKER ROSEMARY,1955,1355.1000000000001,243,52,7,0.65,2010-11-21 11:03:00,2011-12-02 17:04:00,8.045267489711934,0.006876526472162106,94.07839521755012
22393,PAPERWEIGHT VINTAGE COLLAGE,600,1354.3999999999999,107,60,6,2.55,2010-03-26 13:46:00,2011-12-04 15:28:00,5.607476635514018,0.006872974285216114,94.08526819183534
21011,GLITTER SNOW PEAR TREE DECORATION,1826,1353.5,116,24,3,1.45,2009-12-07 13:48:00,2010-12-21 10:35:00,15.741379310344827,0.006868407187714125,94.09213659902305
21209,MULTICOLOUR HONEYCOMB FAN,1435,1352.05,133,68,9,1.65,2009-12-16 14:12:00,2011-11-24 16:59:00,10.789473684210526,0.0068610490861831415,94.09899764810923
21530,DAIRY MAID TOASTRACK,954,1350.7900000000002,158,75,4,2.95,2009-12-09 09:42:00,2011-12-02 16:39:00,6.037974683544304,0.006854655149680358,94.10585230325891
85017B,ENVELOPE 50 BLOSSOM IMAGES,2183,1349.83,312,88,15,0.83,2009-12-07 17:56:00,2011-11-08 18:41:00,6.996794871794871,0.006849783579011568,94.11270208683793
21739,COSY SLIPPER SHOES SMALL GREEN,459,1347.66,164,60,7,2.95,2009-12-07 14:58:00,2011-12-02 16:39:00,2.798780487804878,0.006838771799478993,94.11954085863741
21410,COUNTRY COTTAGE  DOORSTOP GREEN,274,1343.98,144,47,6,4.25,2009-12-07 15:42:00,2010-12-07 15:32:00,1.9027777777777777,0.006820097445248636,94.12636095608265
35649,VINTAGE BEAD COSMETIC BAG,1819,1343.01,49,34,2,2.46,2009-12-13 11:16:00,2011-12-02 16:39:00,37.12244897959184,0.006815175129052047,94.1331761312117
84685,BEACH HUT KEY CABINET,432,1342.83,123,52,4,7.62,2009-12-10 09:44:00,2011-05-22 11:34:00,3.5121951219512195,0.0068142617095516495,94.13999039292125
21059,PARTY INVITES DINOSAURS,1589,1341.05,218,88,9,0.85,2009-12-10 12:21:00,2011-12-04 14:15:00,7.2889908256880735,0.006805229005603271,94.14679562192686
47503K,ASSORTED FLORAL SECATEURS,3152,1340.69,40,23,3,1.95,2009-12-08 08:48:00,2010-06-21 16:04:00,78.8,0.006803402166602475,94.15359902409345
22684,FRENCH BLUE METAL DOOR SIGN 9,1011,1339.98,161,60,7,1.25,2010-08-17 11:21:00,2011-12-02 11:53:00,6.279503105590062,0.006799799234128683,94.16039882332758
23000,TRAVEL CARD WALLET TRANSPORT,3110,1338.99,270,42,9,0.42,2011-02-16 16:56:00,2011-12-04 14:09:00,11.518518518518519,0.0067947754268764945,94.16719359875447
22269,EGG CUP NATURAL CHICKEN,1486,1337.73,200,75,5,1.25,2009-12-08 15:49:00,2011-11-28 15:54:00,7.43,0.00678838149037371,94.17398198024483
21190,PINK HEARTS PAPER GARLAND,806,1337.59,111,41,6,1.65,2009-12-13 13:39:00,2011-11-25 12:20:00,7.261261261261262,0.006787671052984511,94.18076965129782
17129D,CLEAR COLOUR GLASS GEMS IN BAG,1111,1337.58,36,10,1,0.85,2009-12-07 15:26:00,2010-03-05 11:50:00,30.86111111111111,0.006787620307456711,94.18755727160529
22339,CHRISTMAS TREE PAINTED ZINC,3448,1337.3600000000001,141,39,9,0.63,2009-12-07 18:02:00,2011-11-20 10:15:00,24.45390070921986,0.006786503905845114,94.19434377551113
20762,GREEN FERN SKETCHBOOK,456,1336.29,134,63,4,3.75,2009-12-07 13:48:00,2011-11-27 13:29:00,3.4029850746268657,0.006781074134370527,94.2011248496455
21684,SMALL MEDINA STAMPED METAL BOWL,1670,1335.51,101,61,5,0.85,2009-12-11 09:58:00,2011-12-02 16:39:00,16.534653465346533,0.006777115983202135,94.2079019656287
22050,PINK PAISLEY ROSE GIFT WRAP,3250,1333.0,113,67,12,0.42,2009-12-07 11:41:00,2011-11-10 09:57:00,28.761061946902654,0.006764378855724365,94.21466634448441
85049a,TRADITIONAL CHRISTMAS RIBBONS,398,1332.8,46,28,1,3.29,2010-08-13 18:07:00,2011-11-30 15:33:00,8.652173913043478,0.006763363945168368,94.22142970842958
21869,POTTING SHED COFFEE MUG,1138,1332.6000000000001,98,21,2,1.25,2009-12-07 08:13:00,2010-05-23 14:04:00,11.612244897959183,0.00676234903461237,94.2281920574642
20993,JAZZ HEARTS MEMO PAD,10966,1332.41,31,12,3,0.85,2009-12-09 15:03:00,2010-03-09 12:48:00,353.741935483871,0.006761384869584172,94.23495344233378
85087,CANDY SPOT CUSHION COVER,396,1331.44,145,48,5,3.29,2010-01-05 15:29:00,2011-10-07 15:09:00,2.731034482758621,0.0067564625533875836,94.24170990488716
23376,PACK OF 12 VINTAGE CHRISTMAS TISSUE,2918,1329.8,142,14,3,0.39,2011-09-01 11:30:00,2011-12-04 11:45:00,20.549295774647888,0.006748140286828403,94.24845804517399
22916,HERB MARKER THYME,1916,1327.6000000000001,242,53,7,0.65,2010-11-21 16:11:00,2011-12-02 17:04:00,7.917355371900826,0.006736976270712429,94.2551950214447
21610,SET 12 PEAR BOTANICAL T-LIGHTS,462,1326.8700000000001,91,42,4,2.95,2009-12-08 16:20:00,2010-11-18 13:18:00,5.076923076923077,0.006733271847183037,94.26192829329189
35004G,SET OF 3 GOLD FLYING DUCKS,327,1319.6599999999999,71,48,2,6.35,2009-12-07 17:56:00,2011-11-23 15:44:00,4.605633802816901,0.006696684321639322,94.26862497761353
85200,BUNNY EGG BOX,1045,1319.09,105,26,5,1.25,2009-12-07 11:46:00,2011-04-18 13:36:00,9.952380952380953,0.0066937918265547285,94.27531876944008
20866,BLUE ROSE FABRIC MIRROR,1250,1317.77,177,68,9,1.25,2009-12-07 18:02:00,2011-12-02 16:39:00,7.062146892655368,0.0066870934168851435,94.28200586285696
23221,REINDEER HEART DECORATION SILVER,1503,1315.6499999999999,137,24,8,0.83,2011-05-31 15:53:00,2011-12-02 16:39:00,10.97080291970803,0.0066763353649915685,94.28868219822195
21926,RED/CREAM STRIPE CUSHION COVER,1001,1315.27,146,60,4,1.25,2010-04-11 14:28:00,2011-11-29 17:52:00,6.8561643835616435,0.006674407034935173,94.29535660525688
21775,DECORATIVE FLORE BATHROOM BOTTLE,869,1313.77,272,90,4,2.46,2009-12-07 17:56:00,2011-12-01 16:22:00,3.1948529411764706,0.006666795205765191,94.30202340046264
22756,LARGE YELLOW BABUSHKA NOTEBOOK,1031,1313.56,193,58,7,1.25,2010-08-08 15:53:00,2011-12-02 16:39:00,5.341968911917099,0.006665729549681393,94.30868913001233
23546,WRAP PAISLEY PARK,3125,1312.5,116,20,14,0.42,2011-07-19 11:57:00,2011-12-02 13:49:00,26.939655172413794,0.006660350523734606,94.31534948053606
20933,YELLOW POT PLANT CANDLE,502,1310.98,50,30,2,3.75,2009-12-11 15:40:00,2011-11-30 14:00:00,10.04,0.006652637203509023,94.32200211773957
21277,FRENCH STYLE EMBOSSED HEART CABINET,54,1309.3899999999999,48,40,4,21.95,2009-12-08 14:56:00,2011-11-23 15:44:00,1.125,0.006644568664588841,94.32864668640416
23538,WALL ART VINTAGE HEART,328,1308.85,30,9,1,4.95,2011-10-03 11:37:00,2011-11-30 15:13:00,10.933333333333334,0.006641828406087648,94.33528851481024
23061,VINTAGE EMBOSSED HEART,996,1307.72,114,32,4,1.25,2011-04-19 13:57:00,2011-12-01 17:56:00,8.736842105263158,0.006636094161446261,94.3419246089717
85032A,ROMANTIC IMAGES GIFT WRAP SET,1432,1306.48,155,54,7,0.65,2009-12-14 17:57:00,2011-12-02 13:20:00,9.238709677419354,0.006629801715999076,94.3485544106877
22977,DOLLY GIRL CHILDRENS EGG CUP,995,1305.23,136,42,5,1.25,2010-11-24 16:18:00,2011-12-02 16:39:00,7.3161764705882355,0.006623458525024091,94.35517786921272
84688,BEACH HUT DESIGN BLACKBOARD,420,1305.02,79,44,4,4.25,2009-12-07 18:02:00,2011-05-12 16:52:00,5.3164556962025316,0.006622392868940293,94.36180026208166
20760,GARDEN PATH POCKET BOOK,5538,1303.46,80,43,5,0.85,2009-12-07 15:15:00,2011-11-24 14:09:00,69.225,0.006614476566603512,94.36841473864826
16235,RECYCLED PENCIL WITH RABBIT ERASER,5702,1302.19,298,91,6,0.21,2009-12-07 13:24:00,2011-12-04 13:45:00,19.13422818791946,0.0066080318845729265,94.37502277053282
20704,MR ROBOT SOFT TOY,328,1302.07,76,45,9,6.95,2009-12-07 13:35:00,2011-12-02 13:58:00,4.315789473684211,0.006607422938239328,94.38163019347107
46776B,WOVEN BERRIES CUSHION COVER,412,1299.87,145,67,2,4.21,2009-12-07 17:56:00,2011-12-01 16:22:00,2.8413793103448275,0.006596258922123353,94.3882264523932
22337,ANGEL DECORATION PAINTED ZINC,2089,1297.8200000000002,136,35,10,0.65,2009-12-07 17:56:00,2011-12-02 12:52:00,15.360294117647058,0.0065858560889243785,94.39481230848212
21580,RABBIT  DESIGN  COTTON TOTE BAG,530,1297.0,166,65,7,2.25,2009-12-09 09:51:00,2011-11-30 15:31:00,3.1927710843373496,0.006581694955644787,94.40139400343776
22051,BLUE SCANDINAVIAN PAISLEY WRAP,3125,1296.5,114,67,10,0.42,2009-12-07 11:41:00,2011-11-24 17:06:00,27.412280701754387,0.0065791576792547934,94.40797316111701
20893,HANGING BAUBLE T-LIGHT HOLDER SMALL,554,1295.8400000000001,74,47,3,2.55,2009-12-22 14:31:00,2011-12-04 12:13:00,7.486486486486487,0.006575808474420001,94.41454896959144
22893,MINI CAKE STAND T-LIGHT HOLDER,2694,1294.75,180,54,8,0.42,2010-10-15 13:48:00,2011-11-30 15:13:00,14.966666666666667,0.006570277211889814,94.42111924680333
23559,WOODLAND BUNNIES LOLLY MAKERS,575,1291.59,110,13,10,2.08,2011-09-08 13:07:00,2011-12-02 16:39:00,5.2272727272727275,0.00655424162510505,94.42767348842844
20798,CLEAR MILKSHAKE GLASS,547,1290.95,81,41,4,2.1,2009-12-07 18:02:00,2011-01-25 13:38:00,6.753086419753086,0.006550993911325858,94.43422448233977
22258,FELT FARM ANIMAL RABBIT,1341,1289.8,130,39,5,1.25,2010-01-07 12:22:00,2011-11-25 14:53:00,10.315384615384616,0.006545158175628871,94.4407696405154
21219,SET/4 BADGES BALLOON GIRL,1007,1289.61,170,74,8,1.25,2009-12-07 09:18:00,2011-11-30 15:13:00,5.923529411764706,0.006544194010600674,94.447313834526
23469,CARD HOLDER LOVE BIRD SMALL,320,1288.88,68,10,7,4.15,2011-09-30 09:39:00,2011-12-02 16:39:00,4.705882352941177,0.006540489587071283,94.45385432411307
85141,JARDIN ETCHED GLASS FRUITBOWL,182,1286.44,71,42,3,10.75,2009-12-15 14:10:00,2011-06-16 14:26:00,2.563380281690141,0.0065281076782881114,94.46038243179136
22918,HERB MARKER PARSLEY,1878,1285.45,240,52,8,0.65,2010-11-21 16:11:00,2011-12-02 17:04:00,7.825,0.006523083871035923,94.46690551566239
17091A,LAVENDER INCENSE IN TIN,2084,1284.6399999999999,116,58,5,1.25,2009-12-09 14:48:00,2011-05-18 11:58:00,17.96551724137931,0.006518973483284131,94.47342448914567
23040,PAPER LANTERN 9 POINT SNOW STAR,237,1284.39,36,20,5,5.75,2011-04-28 13:35:00,2011-12-04 12:02:00,6.583333333333333,0.006517704845089136,94.47994219399077
46775E,CANDY POP CHUNKY KNITTED THROW,101,1282.9,51,14,2,11.02,2009-12-11 16:11:00,2010-09-12 11:43:00,1.9803921568627452,0.006510143761446954,94.48645233775221
85025C,PINK HEART SHAPE PHOTO FRAME,718,1282.61,124,63,2,1.65,2009-12-07 11:39:00,2011-08-24 13:23:00,5.790322580645161,0.006508672141140755,94.49296100989335
35599D,PINK AND WHITE CHRISTMAS TREE 120CM,389,1282.3400000000001,95,36,5,5.91,2009-12-07 17:56:00,2011-12-04 12:14:00,4.094736842105263,0.00650730201189016,94.49946831190523
22105,MIRROR MOSAIC GOBLET CANDLE HOLDER,689,1282.31,53,39,4,4.21,2009-12-07 11:46:00,2011-11-29 16:33:00,13.0,0.00650714977530676,94.50597546168053
21945,STRAWBERRIES  DESIGN FLANNEL,1845,1280.0,229,71,7,1.63,2009-12-07 18:02:00,2011-11-30 15:13:00,8.056768558951966,0.0064954275583849865,94.51247088923893
84816,DANISH ROSE BEDSIDE CABINET,33,1278.3500000000001,20,18,3,39.95,2009-12-21 17:14:00,2011-08-19 15:18:00,1.65,0.006487054546298007,94.51895794378522
21759,METAL WALL SHELF UNIT WITH HOOKS,30,1274.47,13,8,2,49.95,2010-01-13 17:03:00,2010-04-29 15:34:00,2.3076923076923075,0.006467365281511652,94.52542530906673
47591d,PINK FAIRY CAKE CHILDRENS APRON,253,1274.3799999999999,72,40,1,4.96,2010-08-13 17:00:00,2011-11-29 15:08:00,3.513888888888889,0.006466908571761452,94.5318922176385
22923,FRIDGE MAGNETS LES ENFANTS ASSORTED,1535,1274.09,86,38,10,0.85,2010-11-19 10:51:00,2011-12-02 10:23:00,17.848837209302324,0.0064654369514552555,94.53835765458996
23072,MARIE ANTOINETTE TRINKET BOX SILVER,334,1273.76,30,16,4,12.5,2011-05-08 11:37:00,2011-10-26 13:36:00,11.133333333333333,0.00646376234903786,94.544821416939
21880,RED RETROSPOT TAPE,2462,1273.49,321,92,13,0.43,2009-12-09 14:48:00,2011-12-04 16:07:00,7.669781931464175,0.006462392219787263,94.55128380915879
22267,EASTER DECORATION EGG BUNNY,1423,1272.36,115,47,4,1.25,2009-12-07 11:46:00,2011-11-28 14:06:00,12.373913043478261,0.006456657975145876,94.55774046713394
85006,SET 4 NURSERY DES ROUND BOXES,3043,1271.61,36,27,6,2.95,2009-12-14 12:24:00,2011-04-27 14:58:00,84.52777777777777,0.006452852060560885,94.5641933191945
22268,EASTER DECORATION SITTING BUNNY,2554,1271.29,236,62,4,0.85,2009-12-13 15:38:00,2011-11-10 15:32:00,10.822033898305085,0.006451228203671289,94.57064454739817
22924,FRIDGE MAGNETS LA VIE EN ROSE,1452,1271.2199999999998,90,42,7,0.85,2010-11-19 14:30:00,2011-12-02 10:23:00,16.133333333333333,0.006450872984976689,94.57709542038315
82613D,METAL SIGN CUPCAKE SINGLE HOOK,1177,1266.6499999999999,265,84,11,1.25,2009-12-07 18:02:00,2011-11-17 14:40:00,4.441509433962264,0.006427682278772142,94.58352310266191
23373,VINTAGE CHRISTMAS PAPER GIFT BAG,1574,1266.07,97,17,5,0.82,2011-08-02 14:04:00,2011-12-04 15:13:00,16.22680412371134,0.00642473903815975,94.58994784170008
84569D,PACK 6 HEART/ICE-CREAM PATCHES,1007,1265.01,174,78,10,1.25,2009-12-07 15:15:00,2011-11-24 09:21:00,5.787356321839081,0.006419360012212962,94.5963672017123
85032D,YULETIDE IMAGES GIFT WRAP SET,1118,1264.68,130,45,5,1.63,2009-12-20 14:59:00,2011-10-06 13:29:00,8.6,0.006417685409795567,94.6027848871221
72818,CHRISTMAS DECOUPAGE CANDLE,2372,1264.43,124,33,6,0.85,2009-12-14 11:31:00,2011-10-31 14:09:00,19.129032258064516,0.006416416771600569,94.6092013038937
20738,GREEN MINI TAPE MEASURE,1567,1263.47,68,36,5,0.85,2009-12-08 11:13:00,2010-11-29 12:06:00,23.044117647058822,0.006411545200931781,94.61561284909463
21549,CERAMIC BIRDHOUSE RED ROOF SMALL,544,1261.54,48,16,3,2.95,2009-12-07 12:08:00,2010-04-13 13:21:00,11.333333333333334,0.006401751314066403,94.6220146004087
22481,BLACK TEA TOWEL CLASSIC DESIGN,1158,1261.21,208,73,4,1.25,2010-03-07 14:31:00,2011-12-04 14:45:00,5.5673076923076925,0.006400076711649007,94.62841467712035
35598D,PINK/WHITE CHRISTMAS TREE 60CM,1652,1259.01,99,43,7,2.46,2009-12-07 15:26:00,2011-12-04 12:14:00,16.68686868686869,0.006388912695533033,94.63480358981587
22232,JIGSAW TOADSTOOLS 3 PIECE,1063,1257.9299999999998,152,66,13,1.65,2009-12-07 17:56:00,2011-12-04 15:19:00,6.993421052631579,0.006383432178530645,94.6411870219944
40003,WHITE BAMBOO RIBS LAMPSHADE,1150,1257.02,60,42,2,1.25,2009-12-18 17:06:00,2011-06-06 14:12:00,19.166666666666668,0.006378814335500856,94.6475658363299
22543,MINI JIGSAW BAKE A CAKE,3121,1256.9099999999999,111,63,10,0.42,2010-03-26 13:46:00,2011-11-27 11:57:00,28.117117117117118,0.006378256134695057,94.6539440924646
21248,DOOR HANGER  MUM + DADS ROOM,1014,1255.52,153,74,8,1.45,2009-12-09 09:51:00,2011-11-30 14:05:00,6.627450980392157,0.006371202506330874,94.66031529497093
84609,TALL ROCOCO CANDLE HOLDER,139,1255.24,37,31,2,8.5,2009-12-16 11:57:00,2011-11-29 11:50:00,3.7567567567567566,0.0063697816315524776,94.66668507660248
77101A,UNION FLAG WINDSOCK,1081,1254.72,87,43,2,1.25,2009-12-07 17:56:00,2011-03-21 11:49:00,12.425287356321839,0.006367142864106883,94.67305221946658
22181,SNOWSTORM PHOTO FRAME FRIDGE MAGNET,1498,1253.98,134,61,10,0.85,2009-12-07 13:59:00,2011-11-29 14:20:00,11.17910447761194,0.006363387695049692,94.67941560716163
21689,SILVER VANILLA  FLOWER CANDLE POT,338,1253.12,59,41,3,3.75,2009-12-07 11:05:00,2011-12-02 13:28:00,5.728813559322034,0.006359023579658902,94.68577463074129
20731,POSY CANDY BAG,4142,1252.92,73,42,3,1.25,2009-12-07 11:35:00,2011-06-20 14:48:00,56.73972602739726,0.006358008669102904,94.69213263941039
84967B,BLUE KASHMIRI OCCASIONAL TABLE,24,1249.45,11,10,1,79.95,2010-01-06 10:20:00,2010-11-02 17:29:00,2.1818181818181817,0.006340399970956345,94.69847303938134
85159A,"BLACK TEA,COFFEE,SUGAR JARS",492,1248.98,82,53,4,1.95,2009-12-07 17:56:00,2011-12-04 15:19:00,6.0,0.0063380149311497505,94.70481105431249
21063,PARTY INVITES JAZZ HEARTS,1447,1245.29,234,89,8,0.85,2009-12-08 13:58:00,2011-12-04 14:15:00,6.183760683760684,0.006319289831391594,94.71113034414388
22062,CERAMIC BOWL WITH LOVE HEART DESIGN,760,1245.2,125,66,5,2.46,2009-12-07 18:02:00,2011-10-14 11:08:00,6.08,0.006318833121641395,94.71744917726552
85163B,BLACK BAROQUE WALL CLOCK,114,1243.7,65,41,4,12.75,2009-12-22 09:52:00,2011-11-23 15:44:00,1.7538461538461538,0.006311221292471412,94.723760398558
22214,CANDLE PLATE LACE WHITE,517,1239.78,88,50,7,2.55,2009-12-13 15:16:00,2011-11-16 15:16:00,5.875,0.006291329045573858,94.73005172760357
35648,VINTAGE BEAD PINK PURSE,1026,1238.74,133,52,4,1.63,2009-12-09 09:51:00,2011-11-30 17:37:00,7.714285714285714,0.006286051510682671,94.73633777911425
20707,CRAZY DAISY HEART DECORATION,1611,1238.65,197,72,7,0.83,2009-12-10 09:44:00,2011-11-28 15:54:00,8.17766497461929,0.0062855948009324725,94.74262337391518
85170D,SET/6 PINK BIRD T-LIGHT CANDLES,704,1238.19,142,73,3,2.46,2009-12-07 18:02:00,2011-11-30 15:13:00,4.957746478873239,0.006283260506653677,94.74890663442183
23405,HOME SWEET HOME 2 DRAWER CABINET,243,1237.73,66,13,3,4.95,2011-09-05 11:18:00,2011-12-02 15:48:00,3.6818181818181817,0.0062809262123748825,94.7551875606342
72800B,4 PURPLE FLOCK DINNER CANDLES,935,1235.52,85,50,4,2.55,2009-12-09 09:42:00,2011-11-30 10:54:00,11.0,0.0062697114507311085,94.76145727208493
22701,PINK DOG BOWL,605,1233.54,143,57,4,2.95,2010-06-22 16:28:00,2011-12-04 15:19:00,4.230769230769231,0.0062596638362267315,94.76771693592116
23511,EMBROIDERED RIBBON REEL EMILY,565,1233.38,93,11,11,2.08,2011-09-22 12:23:00,2011-12-02 16:39:00,6.075268817204301,0.006258851907781934,94.77397578782895
79191C,RETRO PLASTIC ELEPHANT TRAY,1560,1231.71,148,74,9,0.85,2009-12-07 17:56:00,2011-12-02 10:41:00,10.54054054054054,0.006250377404639353,94.78022616523359
21425,SKULLS STORAGE BOX LARGE,490,1230.68,91,54,1,2.95,2009-12-07 17:56:00,2011-11-30 14:11:00,5.384615384615385,0.006245150615275965,94.78647131584886
85071B,RED CHARLIE+LOLA PERSONAL DOORSIGN,2200,1229.5600000000002,158,60,5,0.39,2009-12-10 12:21:00,2011-12-04 15:19:00,13.924050632911392,0.0062394671161623795,94.79271078296502
22919,HERB MARKER MINT,1767,1229.0900000000001,240,51,7,0.65,2010-11-22 12:53:00,2011-12-02 17:04:00,7.3625,0.006237082076355784,94.79894786504137
85231G,ORANGE SCENTED SET/9 T-LIGHTS,1415,1228.61,238,84,3,0.85,2009-12-07 11:05:00,2011-10-12 16:36:00,5.945378151260504,0.006234646291021388,94.80518251133239
23067,HANGING ENGRAVED METAL HEART,292,1228.3600000000001,76,30,3,4.15,2011-04-26 16:45:00,2011-12-04 13:59:00,3.8421052631578947,0.006233377652826393,94.81141588898522
21145,ANTIQUE GLASS PLACE SETTING,856,1226.47,47,31,3,1.25,2009-12-07 13:24:00,2011-11-16 13:25:00,18.21276595744681,0.006223786748072215,94.81763967573329
23138,SINGLE WIRE HOOK IVORY HEART,877,1224.9299999999998,81,33,3,1.45,2011-04-21 10:19:00,2011-11-30 15:13:00,10.82716049382716,0.006215971936791032,94.82385564767009
84910A,PINK PAISLEY CUSHION COVER,431,1224.44,52,39,2,5.95,2009-12-18 12:33:00,2011-07-20 16:12:00,8.288461538461538,0.006213485405928839,94.83006913307601
85162A,SILVER RETRODISC LAMPSHADE,606,1224.32,19,12,2,1.95,2009-12-07 16:28:00,2010-06-08 12:53:00,31.894736842105264,0.0062128764595952395,94.83628200953561
22290,STANDING METAL RABBIT WITH EGG,670,1223.02,78,15,1,2.1,2009-12-09 13:16:00,2010-03-31 17:13:00,8.58974358974359,0.006206279540981255,94.84248828907658
23142,IVORY WIRE KITCHEN ORGANISER,121,1220.8200000000002,40,20,5,10.4,2011-04-21 10:19:00,2011-11-27 13:29:00,3.025,0.006195115524865282,94.84868340460145
22999,TRAVEL CARD WALLET VINTAGE LEAF,2826,1220.75,214,42,8,0.42,2011-02-17 12:51:00,2011-12-04 14:09:00,13.205607476635514,0.006194760306170681,94.85487816490762
85135C,RED DRAGONFLY HELICOPTER,150,1219.72,102,46,2,7.95,2009-12-07 08:53:00,2011-12-02 12:24:00,1.4705882352941178,0.006189533516807294,94.86106769842442
84466,TOP SECRET PEN SET,1144,1215.4399999999998,59,24,1,1.25,2009-12-07 13:59:00,2011-07-14 13:00:00,19.389830508474578,0.006167814430908943,94.86723551285533
47593B,SCOTTIE DOGS BABY BIB,2122,1215.18,347,88,10,0.83,2010-01-19 14:16:00,2011-12-02 16:39:00,6.115273775216139,0.006166495047186147,94.87340200790251
22389,PAPERWEIGHT SAVE THE PLANET,600,1213.48,83,51,6,2.55,2010-03-30 12:27:00,2011-12-02 16:39:00,7.228915662650603,0.006157868307460167,94.87955987620997
21711,FOLDING UMBRELLA WHITE/RED POLKADOT,315,1213.13,66,47,5,4.95,2009-12-11 13:49:00,2011-11-24 14:40:00,4.7727272727272725,0.006156092213987172,94.88571596842395
21822,GLITTER CHRISTMAS TREE WITH BELLS,928,1212.89,127,31,4,1.63,2009-12-11 15:40:00,2011-12-04 15:00:00,7.307086614173229,0.006154874321319974,94.89187084274528
22280,POCKET BAG PINK PAISELY BROWN SPOT,860,1211.73,151,65,6,1.25,2009-12-10 12:03:00,2011-11-30 17:37:00,5.695364238410596,0.006148987840095188,94.89801983058537
22808,SET OF 6 T-LIGHTS EASTER CHICKS,394,1211.38,80,28,4,2.95,2010-09-20 14:49:00,2011-11-22 11:18:00,4.925,0.0061472117466221925,94.90416704233199
90200D,PINK SWEETHEART BRACELET,289,1210.8,137,69,3,4.24,2009-12-07 17:56:00,2011-11-30 15:13:00,2.1094890510948905,0.006144268506009799,94.910311310838
84823,DANISH ROSE FOLDING CHAIR,120,1210.0,29,9,4,7.95,2010-04-26 14:12:00,2011-02-07 13:15:00,4.137931034482759,0.006140208863785808,94.91645151970178
79163,BLACK CHAMPAGNE GLASS,1813,1207.83,63,40,2,0.39,2009-12-10 11:39:00,2011-09-18 12:21:00,28.77777777777778,0.006129197084253233,94.92258071678603
20777,CHRYSANTHEMUM NOTEBOOK,3628,1206.56,158,66,6,1.65,2009-12-07 15:42:00,2011-12-02 16:39:00,22.962025316455698,0.006122752402222648,94.92870346918825
23071,MARIE ANTOINETTE TRINKET BOX GOLD,315,1205.1,19,14,5,12.5,2011-04-20 11:11:00,2011-10-26 13:36:00,16.57894736842105,0.006115343555163864,94.93481881274342
22233,JIGSAW RABBIT AND BIRDHOUSE,944,1204.4599999999998,162,67,8,1.65,2009-12-09 13:49:00,2011-12-04 15:19:00,5.827160493827161,0.006112095841384672,94.9409309085848
16046,TEATIME PEN CASE & PENS,9959,1204.41,57,41,2,0.85,2009-12-07 18:02:00,2011-11-28 11:26:00,174.71929824561403,0.0061118421137456745,94.94704275069854
84687,BEACH HUT SHELF W 3 DRAWERS,313,1202.11,72,46,6,5.95,2009-12-15 17:56:00,2011-11-13 16:24:00,4.347222222222222,0.0061001706423517,94.9531429213409
21904,HOUSE WRECKING METAL SIGN,757,1201.52,145,57,2,2.1,2009-12-08 12:54:00,2011-05-25 17:31:00,5.220689655172414,0.006097176656211507,94.95924009799711
22921,HERB MARKER CHIVES,1738,1200.3700000000001,213,48,6,0.65,2010-11-21 16:11:00,2011-12-02 17:04:00,8.15962441314554,0.006091340920514521,94.96533143891763
22256,FELT FARM ANIMAL CHICKEN,933,1200.07,119,43,8,1.25,2009-12-07 11:46:00,2011-09-07 16:48:00,7.840336134453781,0.006089818554680524,94.97142125747231
22265,EASTER DECORATION NATURAL CHICK,1828,1198.0500000000002,167,60,4,0.65,2009-12-09 14:16:00,2011-11-29 13:12:00,10.946107784431138,0.006079567958064949,94.97750082543038
35962,12 ASS ZINC CHRISTMAS DECORATIONS,515,1197.7800000000002,78,23,2,2.1,2009-12-07 11:40:00,2010-10-20 14:42:00,6.602564102564102,0.006078197828814352,94.9835790232592
21253,SET OF PICTURE FRAME  STICKERS,326,1197.52,117,68,4,5.79,2009-12-07 13:59:00,2011-12-02 10:08:00,2.786324786324786,0.006076878445091554,94.98965590170428
84819,DANISH ROSE ROUND SEWING BOX,721,1196.31,80,46,12,4.25,2009-12-15 10:21:00,2011-12-04 15:28:00,9.0125,0.006070738236227768,94.99572663994051
21130,COLOURFUL STANDING GNOME,720,1194.0200000000002,48,22,6,3.45,2009-12-07 13:48:00,2010-06-30 12:30:00,15.0,0.006059117510361596,95.00178575745088
23539,WALL ART LOVES' SECRET,242,1191.69,39,10,1,5.95,2011-10-02 15:50:00,2011-12-01 18:43:00,6.205128205128205,0.006047293802384223,95.00783305125326
22403,MAGNETS PACK OF 4 VINTAGE LABELS,1702,1190.82,210,69,9,1.25,2010-03-29 10:10:00,2011-12-02 10:23:00,8.104761904761904,0.006042878941465633,95.01387593019473
79066K,RETRO MOD TRAY,1369,1188.77,234,88,7,0.85,2009-12-07 17:56:00,2011-12-02 13:28:00,5.85042735042735,0.006032476108266657,95.01990840630299
46776A,WOVEN BUBBLE GUM CUSHION COVER,385,1187.63,116,60,2,4.13,2009-12-14 18:37:00,2011-11-30 15:13:00,3.3189655172413794,0.006026691118097471,95.02593509742108
47503E,ASS FLORAL PRINT SCISSORS,6842,1186.9,25,16,5,1.25,2009-12-08 13:59:00,2010-09-28 15:28:00,273.68,0.006022986694568079,95.03195808411566
23026,DRAWER KNOB VINTAGE GLASS STAR,550,1186.48,61,24,5,2.08,2011-06-16 17:08:00,2011-11-28 15:54:00,9.01639344262295,0.006020855382400484,95.03797893949806
16225,RATTLE SNAKE EGGS,1408,1184.66,148,59,3,1.25,2009-12-08 15:49:00,2011-12-04 13:59:00,9.513513513513514,0.006011619696340906,95.0439905591944
84815,SET OF 3 DANISH ROSE PLANTERS,926,1183.8200000000002,53,24,9,4.25,2009-12-10 16:39:00,2010-06-15 16:17:00,17.471698113207548,0.006007357072005715,95.0499979162664
22761,CHEST 7 DRAWER MA CAMPAGNE,48,1182.78,34,25,5,24.95,2010-10-13 10:05:00,2011-12-02 15:25:00,1.411764705882353,0.006002079537114527,95.05599999580352
22097,SWALLOW SQUARE TISSUE BOX,1837,1181.98,237,86,10,1.25,2009-12-09 09:42:00,2011-12-02 14:26:00,7.751054852320675,0.005998019894890536,95.0619980156984
85135B,BLUE DRAGONFLY HELICOPTER,145,1175.31,109,41,2,7.95,2009-12-07 15:56:00,2011-11-17 13:16:00,1.3302752293577982,0.005964172627848014,95.06796218832625
21883,STARS GIFT TAPE,2314,1175.28,218,77,10,0.65,2009-12-09 13:31:00,2011-12-04 12:08:00,10.614678899082568,0.005964020391264615,95.07392620871751
84674,FLYING PIG WATERING CAN,459,1172.98,105,68,8,2.95,2009-12-08 15:49:00,2011-12-01 16:22:00,4.371428571428571,0.005952348919870642,95.07987855763739
35957,SMALLFOLKART BAUBLE CHRISTMAS DEC,3260,1172.97,138,31,3,1.66,2009-12-07 11:39:00,2011-01-13 09:30:00,23.6231884057971,0.005952298174342842,95.08583085581174
21393,BLUE  SPOTTY PUDDING BOWL,5244,1172.8100000000002,43,30,7,2.1,2010-01-08 16:29:00,2011-03-28 12:23:00,121.95348837209302,0.005951486245898045,95.09178234205763
21738,COSY SLIPPER SHOES SMALL  RED,376,1171.48,121,43,4,2.95,2009-12-07 14:58:00,2011-10-20 12:43:00,3.1074380165289255,0.00594473709070066,95.09772707914833
23431,NATURAL HANGING QUILTED HEARTS,1449,1171.23,72,15,8,0.83,2011-08-26 09:55:00,2011-12-01 11:20:00,20.125,0.005943468452505663,95.10367054760083
22102,MIRROR MOSAIC T-LIGHT HOLDER,1827,1166.94,56,43,2,1.65,2009-12-09 11:01:00,2011-11-28 14:44:00,32.625,0.005921698621079513,95.10959224622191
84625A,PINK NEW BAROQUECANDLESTICK CANDLE,812,1166.7,79,47,8,2.95,2009-12-07 13:59:00,2011-11-29 15:09:00,10.278481012658228,0.005920480728412315,95.11551272695031
85130A,BEADED PEARL HEART WHITE LARGE,682,1165.9999999999998,84,43,4,1.65,2009-12-17 16:38:00,2011-05-23 16:32:00,8.119047619047619,0.005916928541466322,95.12142965549178
21312,LARGE CHUNKY GLASS ROMAN BOWL,297,1165.67,24,16,1,6.75,2010-01-18 13:15:00,2010-09-12 11:44:00,12.375,0.005915253939048928,95.12734490943083
21285,RETROSPOT CANDLE  MEDIUM,727,1161.8100000000002,76,47,7,2.1,2009-12-08 17:08:00,2011-11-30 14:38:00,9.56578947368421,0.005895666165318174,95.13324057559615
22252,BIRDCAGE DECORATION TEALIGHT HOLDER,944,1160.56,112,66,11,1.25,2009-12-10 17:27:00,2011-11-23 14:07:00,8.428571428571429,0.0058893229743431875,95.13912989857049
37475,SET/4 COLOURFUL MIXING BOWLS,116,1160.56,72,47,6,9.95,2009-12-14 11:48:00,2011-12-02 13:49:00,1.6111111111111112,0.0058893229743431875,95.14501922154483
20765,CHRYSANTHEMUM SKETCHBOOK,408,1159.45,143,65,2,3.75,2009-12-11 11:39:00,2011-11-27 16:08:00,2.8531468531468533,0.005883690220757401,95.15090291176558
21396,RED SPOTTY EGG CUP,926,1158.13,73,17,6,1.25,2009-12-07 13:52:00,2010-05-16 11:24:00,12.684931506849315,0.0058769918110878165,95.15677990357668
21763,VINTAGE WOODEN BAR STOOL,43,1157.8999999999999,17,15,5,29.95,2010-01-31 12:12:00,2011-07-06 16:40:00,2.5294117647058822,0.005875824663948418,95.16265572824062
21438,TUB 24 HANGING EASTER EGGS SPOTTY,353,1154.8200000000002,35,12,3,3.75,2009-12-08 18:18:00,2010-03-18 19:29:00,10.085714285714285,0.0058601950413860555,95.16851592328202
72232,FENG SHUI PILLAR CANDLE,6076,1154.44,116,63,2,0.19,2009-12-11 14:20:00,2011-11-30 14:05:00,52.37931034482759,0.005858266711329659,95.17437418999334
22264,FELT FARM ANIMAL WHITE BUNNY,2013,1150.59,167,53,7,0.85,2009-12-14 18:37:00,2011-10-24 17:03:00,12.053892215568862,0.005838729683126704,95.18021291967646
84847,FLORAL BATHROOM SET,2330,1149.73,49,35,3,3.75,2009-12-14 18:37:00,2011-08-01 17:37:00,47.55102040816327,0.005834365567735915,95.1860472852442
20771,CHRYSANTHEMUM  JOURNAL,585,1148.1299999999999,136,65,5,2.55,2009-12-07 17:56:00,2011-11-30 17:37:00,4.301470588235294,0.005826246283287932,95.19187353152749
84313B,BLUE TV TRAY TABLE,226,1146.69,82,39,5,4.25,2009-12-14 18:37:00,2011-04-01 09:25:00,2.7560975609756095,0.005818938927284751,95.19769247045478
23508,MINI PLAYING CARDS DOLLY GIRL,2592,1145.06,114,11,10,0.42,2011-09-22 14:11:00,2011-12-04 11:45:00,22.736842105263158,0.00581066740625337,95.20350313786103
21316,SMALL CHUNKY GLASS ROMAN  BOWL,691,1140.21,46,30,1,2.95,2009-12-13 16:05:00,2011-04-10 13:36:00,15.021739130434783,0.005786055825270427,95.2092891936863
23507,MINI PLAYING CARDS BUFFALO BILL,2849,1139.76,112,11,10,0.42,2011-09-22 14:11:00,2011-12-04 13:15:00,25.4375,0.005783772276519432,95.21507296596282
21752,GLASS CAKE STAND MIRRORED BASE,71,1139.67,33,15,5,14.95,2009-12-09 09:56:00,2010-09-09 17:46:00,2.1515151515151514,0.005783315566769233,95.22085628152959
85110,BLACK SILVER FLOWER T-LIGHT HOLDER,11520,1138.04,23,18,2,0.85,2009-12-10 09:49:00,2010-09-27 16:30:00,500.8695652173913,0.005775044045737852,95.22663132557533
22718,CARD CAT AND TREE,2593,1136.32,263,75,11,0.42,2010-06-01 13:49:00,2011-11-27 16:19:00,9.859315589353612,0.005766315814956272,95.23239764139028
23225,CHERUB HEART DECORATION SILVER,1323,1136.01,83,18,5,0.83,2011-06-02 09:37:00,2011-12-01 19:42:00,15.939759036144578,0.005764742703594476,95.23816238409387
23515,EMBROIDERED RIBBON REEL DAISY,566,1135.8899999999999,68,11,12,2.08,2011-09-22 14:10:00,2011-12-02 14:30:00,8.323529411764707,0.005764133757260877,95.24392651785114
84750B,BLACK SMALL GLASS CAKE STAND,607,1135.77,76,39,2,1.95,2009-12-09 09:42:00,2011-04-19 14:49:00,7.9868421052631575,0.005763524810927278,95.24969004266207
22048,BIRTHDAY BANQUET GIFT WRAP,2740,1134.8,99,63,9,0.42,2009-12-14 13:19:00,2011-11-09 17:47:00,27.67676767676768,0.005758602494730689,95.2554486451568
22715,CARD WEDDING DAY,2717,1133.93,218,67,12,0.42,2010-06-01 15:01:00,2011-11-27 13:26:00,12.463302752293577,0.0057541876338121,95.26120283279062
22040,BOTANICAL ROSE GIFT WRAP,2790,1133.8,93,60,6,0.42,2009-12-17 12:30:00,2011-11-17 10:01:00,30.0,0.005753527941950702,95.26695636073256
85118,HEART T-LIGHT HOLDER,2054,1133.68,81,39,3,1.25,2009-12-07 18:02:00,2011-01-17 17:57:00,25.358024691358025,0.005752918995617103,95.27270927972818
84750A,PINK SMALL GLASS CAKE STAND,520,1133.03,100,23,4,3.08,2009-12-07 17:56:00,2011-03-20 10:13:00,5.2,0.0057496205363101105,95.27845890026448
23418,LAVENDER TOILETTE BOTTLE,542,1132.75,75,13,3,2.08,2011-09-11 10:53:00,2011-12-04 14:55:00,7.226666666666667,0.005748199661531714,95.28420709992601
22230,JIGSAW TREE WITH WATERING CAN,1654,1131.24,191,76,9,0.85,2009-12-07 17:56:00,2011-12-04 15:19:00,8.659685863874346,0.005740537086833932,95.28994763701284
21413,PERIWINKLE T-LIGHT HOLDER,3162,1131.14,52,32,1,1.25,2009-12-08 15:49:00,2011-11-13 15:29:00,60.80769230769231,0.005740029631555933,95.2956876666444
22615,PACK OF 12 CIRCUS PARADE TISSUES,3687,1130.7099999999998,183,73,10,0.29,2010-05-06 11:50:00,2011-12-01 16:22:00,20.147540983606557,0.005737847573860537,95.30142551421825
84658,WHITE STITCHED CUSHION COVER,204,1127.48,59,43,6,6.95,2009-12-08 13:27:00,2011-11-03 15:18:00,3.457627118644068,0.005721456768381175,95.30714697098664
21366,MIRRORED WALL ART PHOTO FRAMES,235,1127.25,76,47,2,4.25,2009-12-10 10:47:00,2011-11-23 11:32:00,3.0921052631578947,0.0057202896212417784,95.31286726060787
23523,WALL ART TREASURE AHOY,347,1125.0600000000002,38,9,2,3.75,2011-10-03 11:37:00,2011-12-04 11:55:00,9.131578947368421,0.005709176350653605,95.31857643695852
20700,GREEN CAT FLORAL CUSHION COVER,420,1125.05,103,51,3,4.13,2009-12-07 13:35:00,2011-09-28 16:13:00,4.077669902912621,0.005709125605125804,95.32428556256365
23402,HOME SWEET HOME 3 PEG HANGER,293,1124.9,65,13,3,3.75,2011-09-05 12:00:00,2011-12-04 12:17:00,4.507692307692308,0.005708364422208807,95.32999392698585
37424,WHITE WITH BLACK CATS MUG,5240,1124.48,105,42,2,1.66,2009-12-07 17:56:00,2010-11-21 13:53:00,49.904761904761905,0.005706233110041211,95.3357001600959
85124C,GREEN JUICY FRUIT PHOTO FRAME,426,1123.8899999999999,121,63,4,2.55,2009-12-08 09:35:00,2011-10-23 12:46:00,3.520661157024793,0.005703239123901017,95.3414033992198
21806,WHITE CHRISTMAS HEART DECORATION,2581,1121.11,121,31,3,0.42,2009-12-07 13:46:00,2010-11-29 16:32:00,21.330578512396695,0.00568913186717265,95.34709253108697
84596E,SMALL LICORICE DES PINK BOWL,1113,1119.02,198,54,7,1.25,2009-12-08 17:10:00,2011-04-01 11:46:00,5.621212121212121,0.005678526051862475,95.35277105713884
84830,LARGE ENGLISH ARBORETUM,107,1118.65,6,5,1,16.95,2009-12-17 16:58:00,2010-03-07 13:00:00,17.833333333333332,0.00567664846733388,95.35844770560617
23411,TRELLIS COAT RACK,227,1118.6100000000001,56,14,3,4.95,2011-09-04 14:08:00,2011-12-02 17:12:00,4.053571428571429,0.00567644548522268,95.36412415109139
23269,SET OF 2 CERAMIC CHRISTMAS TREES,759,1118.1,87,22,6,1.45,2011-06-12 11:47:00,2011-12-04 12:32:00,8.724137931034482,0.005673857463304885,95.3697980085547
17096,ASSORTED LAQUERED INCENSE HOLDERS,6239,1116.66,75,52,2,0.42,2009-12-10 12:10:00,2011-07-19 15:30:00,83.18666666666667,0.005666550107301703,95.375464558662
21040,MODERN VINTAGE COTTON SHOPPING BAG,892,1115.51,67,31,6,2.55,2009-12-08 15:25:00,2011-03-15 15:37:00,13.313432835820896,0.0056607143716047165,95.3811252730336
21555,CERAMIC STRAWBERRY TRINKET TRAY,418,1113.79,130,68,7,2.55,2009-12-15 11:09:00,2011-12-01 16:22:00,3.2153846153846155,0.0056519861408231365,95.38677725917442
21261,GREEN GOOSE FEATHER CHRISTMAS TREE,281,1112.7800000000002,75,36,6,7.46,2009-12-07 16:38:00,2011-11-25 12:20:00,3.7466666666666666,0.005646860842515349,95.39242412001694
37482B,CUBIC MUG BLUE POLKA DOT,1245,1112.61,8,7,2,2.55,2010-01-19 13:31:00,2010-08-01 11:22:00,155.625,0.005645998168542749,95.39807011818549
22216,T-LIGHT HOLDER WHITE LACE,1184,1112.55,106,63,4,0.85,2009-12-07 18:02:00,2011-11-30 15:13:00,11.169811320754716,0.005645693695375951,95.40371581188086
20780,BLACK EAR MUFF HEADPHONES,188,1111.29,91,39,5,5.49,2009-12-07 11:35:00,2011-12-02 16:39:00,2.065934065934066,0.005639299758873165,95.40935511163973
23510,MINI PLAYING CARDS GYMKHANA,2509,1110.48,111,11,9,0.42,2011-09-22 14:11:00,2011-12-01 16:22:00,22.603603603603602,0.0056351893711213755,95.41499030101085
23444,Next Day Carriage,73,1110.0,73,25,1,15.0,2011-05-26 16:11:00,2011-12-04 10:56:00,1.0,0.0056327535857869804,95.42062305459663
23433,HANGING QUILTED PATCHWORK APPLES,1258,1108.58,89,14,10,0.83,2011-08-26 12:49:00,2011-12-04 13:32:00,14.134831460674157,0.0056255477208393976,95.42624860231747
84678,CLASSICAL ROSE SMALL VASE,565,1108.28,81,47,5,2.55,2009-12-08 13:59:00,2011-03-23 10:15:00,6.9753086419753085,0.0056240253550054005,95.43187262767248
84631,FRUIT TREE AND BIRDS WALL PLAQUE,288,1106.16,50,30,3,7.95,2009-12-16 12:11:00,2011-06-30 15:56:00,5.76,0.005613267303111826,95.4374858949756
23513,EMBROIDERED RIBBON REEL SUSIE,563,1105.97,68,11,10,2.08,2011-09-22 14:18:00,2011-12-04 12:44:00,8.279411764705882,0.005612303138083628,95.44309819811367
84559A,3D SHEET OF DOG STICKERS,1232,1103.8799999999999,216,83,5,0.85,2009-12-07 13:48:00,2011-12-02 16:39:00,5.703703703703703,0.005601697322773452,95.44869989543645
72819,CUPID DESIGN SCENTED CANDLES,647,1103.54,84,56,7,2.55,2009-12-16 17:01:00,2011-12-04 15:28:00,7.7023809523809526,0.005599971974828257,95.45429986741128
21202,DOLLY HONEYCOMB GARLAND,854,1103.48,66,50,6,1.65,2009-12-14 11:30:00,2011-11-17 11:02:00,12.93939393939394,0.005599667501661457,95.45989953491294
85129D,BEADED CRYSTAL HEART PINK SMALL,750,1101.2,163,74,1,2.46,2009-12-07 17:56:00,2011-11-29 16:47:00,4.601226993865031,0.005588097521323084,95.46548763243426
22255,FELT TOADSTOOL  SMALL,1154,1100.76,138,65,8,0.85,2009-12-09 10:46:00,2011-12-04 12:18:00,8.36231884057971,0.005585864718099889,95.47107349715236
23041,PAPER LANTERN 9 POINT SNOW STAR,261,1099.71,51,24,1,4.15,2011-04-28 13:35:00,2011-12-04 12:02:00,5.117647058823529,0.005580536437680902,95.47665403359004
37479B,CUBIC MUG FLOCK BLUE ON BROWN,1253,1095.85,32,26,3,0.825,2010-01-11 09:35:00,2011-06-15 13:35:00,39.15625,0.005560948663950146,95.48221498225399
48173c,DOORMAT BLACK FLOCK,68,1095.81,36,22,1,16.98,2010-03-29 14:56:00,2011-05-03 09:44:00,1.8888888888888888,0.005560745681838947,95.48777572793583
47587A,PINK FAIRY CAKE COASTER,2703,1094.78,24,13,3,1.66,2009-12-10 09:49:00,2010-05-14 12:05:00,112.625,0.005555518892475559,95.4933312468283
21942,SKULLS DESIGN FLANNEL,1636,1092.3899999999999,208,68,4,0.87,2009-12-07 15:55:00,2011-12-01 16:22:00,7.865384615384615,0.005543390711331387,95.49887463753964
85093,CANDY SPOT EGG WARMER HARE,1361,1091.21,152,62,6,0.83,2009-12-07 18:02:00,2011-11-03 16:56:00,8.953947368421053,0.005537402739051001,95.5044120402787
84396,6 HOOK JEWELLERY STAND BLACK DRESS,407,1091.07,44,10,2,8.47,2009-12-07 17:56:00,2010-02-24 10:18:00,9.25,0.0055366923016618025,95.50994873258036
20932,PINK POT PLANT CANDLE,295,1090.26,77,55,4,3.75,2009-12-10 09:49:00,2011-12-02 16:39:00,3.831168831168831,0.005532581913910012,95.51548131449427
22709,WRAP WEDDING DAY,2774,1089.08,76,49,10,0.42,2010-06-02 11:11:00,2011-10-25 08:26:00,36.5,0.0055265939416296265,95.52100790843589
85212,MINI PAINTED GARDEN DECORATION,2806,1087.8999999999999,119,66,5,0.85,2009-12-07 18:02:00,2011-11-29 12:09:00,23.57983193277311,0.005520605969349239,95.52652851440524
84989A,75 GREEN FAIRY CAKE CASES,2114,1087.8700000000001,147,60,6,0.55,2009-12-09 09:42:00,2011-11-27 16:27:00,14.380952380952381,0.005520453732765841,95.53204896813801
22532,MAGIC DRAWING SLATE LEAP FROG,2828,1086.82,173,66,9,0.42,2010-03-28 13:38:00,2011-11-30 17:37:00,16.346820809248555,0.005515125452346853,95.53756409359036
84638,SMALL KITCHEN FLOWER POTS PLAQUE,399,1086.81,68,40,4,6.95,2010-02-05 09:58:00,2011-10-20 12:43:00,5.867647058823529,0.005515074706819053,95.54307916829718
23506,MINI PLAYING CARDS SPACEBOY,2630,1086.78,135,11,10,0.42,2011-09-22 12:02:00,2011-12-04 13:15:00,19.48148148148148,0.005514922470235653,95.54859409076742
22598,CHRISTMAS MUSICAL ZINC TREE,1731,1085.86,134,31,5,0.83,2010-07-26 09:50:00,2011-12-04 13:59:00,12.917910447761194,0.005510253881678063,95.5541043446491
20755,BLUE PAISLEY POCKET BOOK,5133,1079.53,121,52,5,0.85,2009-12-07 12:26:00,2011-11-30 17:37:00,42.421487603305785,0.005478131962580738,95.55958247661168
22997,TRAVEL CARD WALLET UNION JACK,2514,1079.45,214,41,3,0.42,2011-02-17 13:47:00,2011-12-04 14:09:00,11.74766355140187,0.005477725998358339,95.56506020261004
23375,50'S CHRISTMAS PAPER GIFT BAG,1319,1079.3999999999999,98,15,3,0.82,2011-08-22 10:39:00,2011-12-04 13:59:00,13.459183673469388,0.005477472270719339,95.57053767488075
20622,VIPPASSPORT COVER,561,1079.26,120,66,6,2.1,2009-12-07 13:59:00,2011-12-02 16:39:00,4.675,0.005476761833330141,95.57601443671409
23432,PRETTY HANGING QUILTED HEARTS,1264,1078.3999999999999,73,14,9,0.83,2011-08-31 10:06:00,2011-12-02 13:17:00,17.315068493150687,0.005472397717939351,95.58148683443203
20669,RED HEART LUGGAGE TAG,778,1078.35,207,76,7,1.25,2009-12-07 18:02:00,2011-11-29 16:47:00,3.758454106280193,0.005472143990300351,95.58695897842233
20934,SET/3 POT PLANT CANDLES,178,1077.9,70,37,4,5.45,2009-12-07 17:56:00,2011-11-04 14:54:00,2.5428571428571427,0.005469860441549358,95.59242883886388
22253,6 CROCHET STRAWBERRIES,898,1075.78,81,17,6,1.25,2009-12-07 10:41:00,2010-04-08 13:19:00,11.08641975308642,0.005459102389655782,95.59788794125353
23102,SILVER HEARTS TABLE DECORATION,1274,1075.03,157,27,7,0.83,2011-05-11 11:57:00,2011-12-04 13:00:00,8.114649681528663,0.005455296475070791,95.60334323772861
22806,SET OF 6 T-LIGHTS WEDDING CAKE,370,1074.02,52,32,4,2.95,2010-09-20 14:08:00,2011-12-01 08:51:00,7.115384615384615,0.005450171176763003,95.60879340890537
72598,SET/12 TAPER CANDLES,1167,1074.0,147,68,4,0.85,2009-12-07 11:35:00,2011-11-29 12:50:00,7.938775510204081,0.005450069685707403,95.61424347859108
85131D,BEADED CRYSTAL HEART PINK ON STICK,1426,1073.56,263,71,4,0.83,2009-12-17 15:44:00,2011-12-02 16:39:00,5.422053231939164,0.005447836882484208,95.61969131547356
23087,ZINC  HEART T-LIGHT HOLDER,860,1070.98,65,24,3,1.25,2011-05-13 12:13:00,2011-12-01 16:22:00,13.23076923076923,0.005434744536311839,95.62512606000988
21758,VINTAGE SHELLS PRINT,135,1069.76,79,54,2,6.45,2009-12-10 20:16:00,2011-12-01 16:22:00,1.7088607594936709,0.0054285535819202525,95.6305546135918
22814,CARD PARTY GAMES,2520,1069.05,286,60,13,0.42,2010-09-21 15:46:00,2011-12-02 16:39:00,8.811188811188812,0.005424950649446461,95.63597956424124
85224,ASSORTED COLOUR SILK GLASSES CASE,1882,1068.96,58,37,1,2.1,2009-12-07 17:56:00,2011-03-23 16:45:00,32.44827586206897,0.0054244939396962625,95.64140405818094
20832,RED FLOCK LOVE HEART PHOTO FRAME,1607,1067.4099999999999,155,61,2,0.85,2009-12-07 17:56:00,2011-11-28 13:56:00,10.36774193548387,0.00541662838288728,95.64682068656383
20825,GOLD WINE GLASS,312,1066.3200000000002,5,4,1,3.75,2010-03-25 13:05:00,2010-11-14 11:30:00,62.4,0.005411097120357093,95.65223178368419
21944,KITTENS DESIGN FLANNEL,1726,1065.26,190,66,7,0.85,2009-12-07 18:02:00,2011-12-02 16:39:00,9.08421052631579,0.005405718094410305,95.6576375017786
84247E,PACK/12 XMAS FUN CARD,376,1064.0500000000002,96,29,5,2.95,2010-06-30 15:35:00,2011-12-01 16:22:00,3.9166666666666665,0.005399577885546521,95.66303707966414
21779,MA CAMPAGNE MINI WOODEN CHEST,297,1063.8000000000002,20,4,2,2.95,2009-12-07 12:42:00,2010-01-15 15:22:00,14.85,0.005398309247351523,95.66843538891149
21632,VINTAGE PINK DECORATIVE PARASOL,131,1063.47,52,27,3,12.75,2010-03-08 12:44:00,2011-01-18 17:34:00,2.519230769230769,0.005396634644934126,95.67383202355643
21131,GOLD STANDING GNOME,246,1061.36,47,39,5,4.25,2009-12-07 17:56:00,2011-11-18 15:59:00,5.23404255319149,0.005385927338568351,95.679217950895
22860,EASTER TIN CHICKS PINK DAISY,612,1060.85,111,22,10,1.65,2010-10-05 09:43:00,2011-11-18 14:50:00,5.513513513513513,0.0053833393166505565,95.68460129021165
22856,ASSORTED EASTER DECORATIONS  BELLS,877,1059.8500000000001,32,21,5,1.25,2010-10-17 11:58:00,2011-11-20 11:50:00,27.40625,0.00537826476387057,95.68997955497552
84509C,SET OF 4 POLKADOT PLACEMATS,272,1059.79,93,58,5,3.75,2009-12-07 18:02:00,2011-11-25 14:25:00,2.924731182795699,0.005377960290703769,95.69535751526622
23033,DRAWER KNOB CERAMIC RED,713,1057.45,73,24,6,1.45,2011-06-14 13:51:00,2011-11-29 17:23:00,9.767123287671232,0.005366085837198597,95.70072360110342
21650,ASSORTED TUTTI FRUTTI BRACELET,3040,1055.31,185,68,6,0.65,2009-12-07 15:28:00,2011-12-02 16:39:00,16.43243243243243,0.005355226294249422,95.70607882739768
23516,EMBROIDERED RIBBON REEL SOPHIE,295,1054.85,41,10,7,3.75,2011-09-25 12:22:00,2011-12-02 14:30:00,7.195121951219512,0.0053528919999706265,95.71143171939765
16047,POP ART PEN CASE & PENS,10611,1053.8500000000001,30,21,2,0.85,2009-12-13 15:43:00,2010-10-24 11:17:00,353.7,0.00534781744719064,95.71677953684484
84908B,BLUE 5 PATCH FLOWER CUSHION COVER,435,1052.29,35,22,1,5.91,2010-03-02 13:25:00,2010-11-18 13:55:00,12.428571428571429,0.005339901144853857,95.72211943798969
21850,BLUE  DIAMANTE PEN IN GIFT BOX,444,1051.45,104,48,3,4.21,2009-12-10 09:49:00,2011-12-04 14:45:00,4.269230769230769,0.005335638520518667,95.72745507651021
84965A,PINK KASHMIRI COFFEE TABLE,20,1050.0,3,3,1,30.0,2010-02-22 14:54:00,2010-11-02 17:29:00,6.666666666666667,0.005328280418987684,95.7327833569292
35651,VINTAGE BEAD PINK SCARF,458,1049.6699999999998,62,26,4,1.65,2010-08-18 16:21:00,2011-11-10 14:28:00,7.387096774193548,0.005326605816570288,95.73810996274577
23327,HANGING CLEAR MINI BOTTLE,1730,1048.6200000000001,40,13,3,0.63,2011-08-10 16:01:00,2011-11-29 15:09:00,43.25,0.005321277536151301,95.74343124028192
22857,ASSORTED EASTER GIFT TAGS,1230,1048.28,66,22,10,0.85,2010-10-05 09:43:00,2011-10-24 14:10:00,18.636363636363637,0.005319552188206104,95.74875079247013
72750B,FLOWER FAIRY SET 3 CANDLES LAVENDER,496,1047.2,39,26,3,1.95,2009-12-14 15:51:00,2010-11-11 15:43:00,12.717948717948717,0.005314071671203718,95.75406486414134
20867,PINK ROSE FABRIC MIRROR,1063,1046.75,143,54,9,1.25,2009-12-07 18:02:00,2011-12-02 16:39:00,7.433566433566433,0.005311788122452723,95.7593766522638
37327,ASSTD MULTICOLOUR CIRCLES MUG,1736,1046.62,87,38,1,0.42,2010-01-26 10:13:00,2011-11-10 12:01:00,19.95402298850575,0.005311128430591323,95.76468778069439
21061,PARTY INVITES FOOTBALL,1396,1046.56,163,82,9,0.85,2009-12-08 16:43:00,2011-12-04 14:15:00,8.56441717791411,0.005310823957424525,95.76999860465182
85163A,WHITE BAROQUE WALL CLOCK,102,1045.42,56,38,5,12.75,2010-02-01 17:13:00,2011-11-23 15:44:00,1.8214285714285714,0.005305038967255338,95.77530364361907
84908A,PINK 5 PATCH FLOWER CUSHION COVER,432,1045.16,36,23,1,5.91,2010-02-07 11:57:00,2010-11-12 09:18:00,12.0,0.005303719583532542,95.7806073632026
21815,STAR  T-LIGHT HOLDER,670,1044.01,89,35,6,1.45,2009-12-07 11:05:00,2011-11-23 12:58:00,7.52808988764045,0.005297883847835555,95.78590524705044
22116,METAL SIGN HIS DINNER IS SERVED,798,1043.69,188,75,3,1.63,2009-12-11 11:52:00,2011-12-04 15:19:00,4.24468085106383,0.005296259990945958,95.79120150704138
21827,EIGHT PIECE CREEPY CRAWLIE SET,822,1043.4,127,45,4,1.25,2009-12-07 11:39:00,2011-03-29 17:23:00,6.47244094488189,0.005294788370639763,95.79649629541201
20615,BLUE POLKADOT PASSPORT COVER,628,1042.83,188,78,4,2.1,2009-12-07 14:58:00,2011-11-30 15:33:00,3.3404255319148937,0.005291895875555169,95.80178819128757
18007,ESSENTIAL BALM 3.5g TIN IN ENVELOPE,11386,1041.42,70,42,6,0.18,2009-12-07 13:48:00,2011-07-20 16:12:00,162.65714285714284,0.005284740756135385,95.80707293204371
85144,JARDIN ETCHED GLASS CHEESE DISH,286,1039.6,69,35,4,7.25,2010-01-14 14:18:00,2011-05-03 13:52:00,4.144927536231884,0.005275505070075806,95.81234843711378
22821,GIFT BAG PSYCHEDELIC APPLES,1649,1038.68,179,56,5,0.65,2010-09-15 16:28:00,2011-12-02 16:39:00,9.212290502793296,0.005270836481518217,95.8176192735953
85136A,YELLOW SHARK HELICOPTER,128,1038.28,98,47,4,7.95,2009-12-08 15:49:00,2011-12-04 14:59:00,1.3061224489795917,0.005268806660406222,95.82288808025571
20892,SET/3 TALL GLASS CANDLE HOLDER PINK,92,1038.25,36,28,3,12.75,2009-12-13 11:46:00,2010-12-21 15:19:00,2.5555555555555554,0.0052686544238228225,95.82815673467954
21269,ANTIQUE CREAM CUTLERY SHELF,114,1036.84,65,42,6,8.5,2009-12-08 14:56:00,2011-11-22 14:43:00,1.7538461538461538,0.005261499304403038,95.83341823398393
85078,SCANDINAVIAN 3 HEARTS NAPKIN RING,2234,1036.42,161,62,5,0.65,2009-12-08 15:49:00,2011-11-02 15:33:00,13.875776397515528,0.005259367992235444,95.83867760197617
85160B,BLACK BIRD GARDEN DESIGN MUG,6155,1032.7,36,27,2,1.25,2009-12-14 18:03:00,2011-11-13 16:22:00,170.97222222222223,0.005240490655893887,95.84391809263207
23347,I LOVE LONDON BEAKER,829,1031.29,91,20,7,1.25,2011-07-24 16:15:00,2011-12-02 16:39:00,9.10989010989011,0.005233335536474104,95.84915142816854
22995,TRAVEL CARD WALLET SUKI,2331,1030.67,256,42,3,0.42,2011-02-17 12:51:00,2011-12-02 16:39:00,9.10546875,0.005230189313750511,95.85438161748229
20671,BLUE TEATIME PRINT BOWL,782,1028.44,141,49,5,1.25,2009-12-07 15:02:00,2010-12-09 13:34:00,5.546099290780142,0.005218873061051137,95.85960049054334
22266,EASTER DECORATION HANGING BUNNY,2476,1027.57,159,57,3,0.65,2009-12-17 08:55:00,2011-12-04 15:19:00,15.572327044025156,0.005214458200132548,95.86481494874347
22511,RETROSPOT BABUSHKA DOORSTOP,381,1027.35,104,50,8,3.75,2010-03-12 11:19:00,2011-12-04 15:35:00,3.6634615384615383,0.00521334179852095,95.870028290542
21664,RIDGED GLASS STORAGE JAR CREAM LID,257,1027.32,66,45,2,3.75,2009-12-07 15:28:00,2011-10-17 12:22:00,3.893939393939394,0.00521318956193755,95.87524148010394
85124A,PINK JUICY FRUIT PHOTO FRAME,375,1026.79,93,32,4,2.55,2009-12-07 18:02:00,2010-10-01 13:40:00,4.032258064516129,0.005210500048964156,95.8804519801529
21842,PINK HEART CANDY BUTTON CALCULATOR,434,1026.75,41,9,4,2.55,2009-12-07 11:47:00,2010-03-04 12:39:00,10.585365853658537,0.005210297066852957,95.88566227721975
35923,CANDY HEART HANGING DECORATION,1545,1023.77,112,57,4,1.25,2009-12-08 12:33:00,2011-12-01 11:51:00,13.794642857142858,0.005195174899568592,95.89085745211932
22247,BUNNY DECORATION MAGIC GARDEN,1184,1022.79,182,47,3,0.85,2009-12-13 13:39:00,2011-11-25 14:53:00,6.5054945054945055,0.005190201837844204,95.89604765395717
21725,SWEETIES  STICKERS,1122,1021.13,164,79,6,0.85,2009-12-07 13:35:00,2011-11-17 14:26:00,6.841463414634147,0.005181778080229423,95.9012294320374
84791,GINGHAM HEART DECORATION,315,1020.8100000000001,99,29,3,2.95,2009-12-07 12:32:00,2010-07-20 11:06:00,3.1818181818181817,0.005180154223339827,95.90640958626074
72800D,4 BLUE DINNER CANDLES SILVER FLOCK,630,1017.66,85,55,3,2.55,2009-12-07 13:24:00,2011-11-28 13:37:00,7.411764705882353,0.005164169382082864,95.91157375564282
85099f,JUMBO BAG STRAWBERRY,201,1016.3599999999999,25,17,1,5.06,2010-07-26 11:00:00,2011-01-11 14:42:00,8.04,0.005157572463468878,95.9167313281063
22717,CARD DOG AND BALL,2402,1015.93,212,71,10,0.42,2010-06-02 11:11:00,2011-11-28 15:34:00,11.330188679245284,0.005155390405773484,95.92188671851207
84985A,SET OF 72 GREEN PAPER DOILIES,642,1015.2299999999999,152,59,8,1.45,2009-12-08 07:43:00,2011-03-01 17:28:00,4.223684210526316,0.0051518382188274914,95.92703855673089
21649,ASSORTED TUTTI FRUTTI PHOTO FRAME,374,1014.97,20,4,1,2.95,2009-12-08 07:42:00,2010-01-08 11:50:00,18.7,0.005150518835104695,95.932189075566
21817,GLITTER CHRISTMAS TREE,1611,1012.59,123,31,3,0.85,2009-12-10 20:04:00,2011-11-09 15:17:00,13.097560975609756,0.005138441399488323,95.9373275169655
23544,WALL ART MID CENTURY MODERN,163,1011.8299999999999,19,7,1,8.25,2011-10-03 13:49:00,2011-12-02 15:11:00,8.578947368421053,0.005134584739375532,95.94246210170488
84559B,3D SHEET OF CAT STICKERS,1135,1010.27,189,74,5,0.85,2009-12-07 13:48:00,2011-11-02 13:50:00,6.005291005291006,0.005126668437038751,95.94758877014192
72586,SET OF 6 HALLOWEEN GHOST T-LIGHTS,2302,1009.68,182,60,6,0.42,2010-01-13 17:08:00,2011-12-01 16:22:00,12.648351648351648,0.005123674450898557,95.95271244459282
47504H,ENGLISH ROSE SPIRIT LEVEL,934,1009.32,130,52,7,1.6,2010-01-13 17:08:00,2011-12-04 12:32:00,7.184615384615385,0.005121847611897761,95.95783429220472
47589,CONGRATULATIONS BUNTING,183,1008.73,76,35,4,5.45,2009-12-15 08:01:00,2011-05-24 10:24:00,2.4078947368421053,0.005118853625757569,95.96295314583048
84905,PINK BUTTERFLY CUSHION COVER,269,1007.91,105,44,2,5.06,2009-12-16 15:48:00,2011-06-29 15:58:00,2.5619047619047617,0.005114692492477978,95.96806783832297
84405A,S/3 PINK COL METAL BASKET W HANDLE,126,1003.9100000000001,47,26,4,12.75,2009-12-22 09:52:00,2010-10-05 12:39:00,2.6808510638297873,0.005094394281358026,95.97316223260432
21836,GINGHAM OVEN GLOVE RED HEART,249,1003.89,100,39,6,3.75,2009-12-07 18:02:00,2011-01-20 15:22:00,2.49,0.005094292790302425,95.97825652539463
84625C,BLUE NEW BAROQUE CANDLESTICK CANDLE,763,1003.5,69,40,8,2.95,2009-12-16 17:01:00,2011-10-03 16:04:00,11.057971014492754,0.00509231371471823,95.98334883910934
21010,ETCHED GLASS BIRD TREE DECORATION,760,1002.26,76,19,4,1.25,2009-12-07 13:06:00,2010-10-24 14:08:00,10.0,0.005086021269271044,95.9884348603786
84686,BEACH HUT MIRROR,386,1001.84,73,37,3,4.25,2009-12-11 16:48:00,2011-07-10 16:18:00,5.287671232876712,0.00508388995710345,95.99351875033571
84596L,BISCUITS SMALL BOWL LIGHT BLUE,1526,1001.4599999999999,252,69,7,0.83,2009-12-10 09:49:00,2011-09-18 12:21:00,6.055555555555555,0.0050819616270470535,95.99860071196275
85179B,WHITE BITTY LIGHT CHAIN,234,1000.8,42,21,1,4.65,2009-12-07 11:20:00,2010-11-15 11:49:00,5.571428571428571,0.005078612422212261,96.00367932438496
23121,PACK OF 6 COCKTAIL PARASOL STRAWS,2500,1000.02,110,24,6,0.42,2011-06-17 12:22:00,2011-12-04 15:19:00,22.727272727272727,0.005074654271043871,96.008753978656
20619,TROPICAL PASSPORT COVER,573,999.86,190,80,6,2.1,2009-12-07 14:58:00,2011-12-02 16:39:00,3.0157894736842104,0.005073842342599073,96.0138278209986
22420,LIPSTICK PEN BABY PINK,2085,999.73,227,68,8,0.42,2010-05-07 13:58:00,2011-12-01 13:08:00,9.185022026431717,0.005073182650737674,96.01890100364933
85008,SET OF 3 CONEY ISLAND OVAL BOXES,257,999.32,96,46,6,4.95,2009-12-07 18:02:00,2011-04-10 14:16:00,2.6770833333333335,0.005071102084097879,96.02397210573344
21839,MUMMY MOUSE RED GINGHAM RIBBON,185,998.3900000000001,76,37,2,5.45,2009-12-07 13:59:00,2011-03-27 14:28:00,2.4342105263157894,0.005066382750012491,96.02903848848345
23331,DECORATIVE WICKER HEART SMALL,1506,996.9000000000001,99,17,2,0.63,2011-08-10 16:01:00,2011-12-04 12:31:00,15.212121212121213,0.005058821666370308,96.03409731014982
21084,SET/6 COLLAGE PAPER CUPS,2906,996.66,219,70,9,0.65,2009-12-10 09:49:00,2011-12-01 13:33:00,13.269406392694064,0.00505760377370311,96.03915491392353
84358,FLOOR LAMP SHADE WOOD BASE,109,995.6,28,26,1,9.95,2010-01-18 13:15:00,2011-08-09 12:07:00,3.892857142857143,0.005052224747756322,96.04420713867128
21825,PAINTED METAL TREE WITH HOLLY BELLS,695,994.91,67,20,4,1.45,2009-12-08 13:27:00,2010-11-14 16:32:00,10.373134328358208,0.005048723306338131,96.04925586197763
20652,BLUE POLKADOT LUGGAGE TAG,1494,994.51,166,73,8,1.25,2009-12-07 18:02:00,2011-12-02 16:39:00,9.0,0.005046693485226135,96.05430255546285
84929,ASSTD FRUIT+FLOWERS FRIDGE MAGNETS,3072,994.32,92,56,9,0.19,2009-12-16 14:59:00,2011-11-24 13:27:00,33.391304347826086,0.005045729320197937,96.05934828478306
47310M,"SMALL POP BOX,FUNKY MONKEY",738,992.66,167,70,3,1.63,2009-12-09 09:51:00,2011-12-02 16:39:00,4.419161676646707,0.005037305562583157,96.06438559034564
23419,HOME SWEET HOME BOTTLE,454,991.9,81,13,4,2.08,2011-09-11 10:53:00,2011-12-04 12:52:00,5.604938271604938,0.005033448902470366,96.0694190392481
23153,ZINC SWEETHEART WIRE LETTER RACK,256,990.73,87,31,2,3.75,2011-04-18 14:32:00,2011-11-25 14:25:00,2.942528735632184,0.00502751167571778,96.07444655092382
84964B,BLUE PAINTED KASHMIRI TABLE,17,990.0,2,2,1,45.0,2010-02-22 14:54:00,2010-11-02 17:29:00,8.5,0.005023807252188388,96.07947035817601
20730,STRAWBERRY CANDY BAG,2202,989.06,98,23,5,0.87,2009-12-09 11:46:00,2010-09-05 10:54:00,22.46938775510204,0.005019037172575199,96.08448939534858
85126,LARGE ROUND CUTGLASS CANDLESTICK,144,988.16,32,28,3,6.75,2009-12-13 13:27:00,2010-12-21 15:19:00,4.5,0.00501447007507321,96.08950386542365
23517,EMBROIDERED RIBBON REEL REBECCA,332,987.7,61,11,8,2.89,2011-09-22 12:23:00,2011-12-02 14:30:00,5.442622950819672,0.005012135780794415,96.09451600120444
84707A,SILVER JEWELLED MIRROR TRINKET TRAY,95,987.38,60,37,4,9.95,2009-12-07 15:42:00,2011-12-04 14:55:00,1.5833333333333333,0.005010511923904819,96.09952651312834
23460,SWEETHEART WALL TIDY,106,987.18,41,7,3,9.95,2011-10-20 12:57:00,2011-12-02 11:53:00,2.5853658536585367,0.005009497013348821,96.10453601014169
21127,COLOURFUL FISHING GNOME,295,986.13,46,23,4,5.95,2009-12-07 13:48:00,2010-06-10 13:52:00,6.413043478260869,0.005004168732929834,96.10954017887461
35646,VINTAGE BEAD PINK EVENING BAG,623,985.96,96,37,3,2.46,2009-12-23 13:36:00,2011-12-02 16:39:00,6.489583333333333,0.005003306058957236,96.11454348493356
84709B,PINK OVAL JEWELLED MIRROR,171,984.73,84,47,4,5.95,2009-12-09 09:42:00,2011-06-26 13:45:00,2.0357142857142856,0.00499706435903785,96.1195405492926
21690,SILVER  CANDLEPOT JARDIN,256,983.34,81,43,2,3.75,2009-12-08 12:51:00,2011-01-30 15:48:00,3.1604938271604937,0.004990010730673666,96.12453056002327
20617,FIRST CLASS PASSPORT COVER,495,982.46,102,64,9,2.1,2009-12-07 14:58:00,2011-11-28 13:37:00,4.852941176470588,0.004985545124227277,96.1295161051475
21721,CANDY SHOP  STICKER SHEET,1085,982.0,140,57,9,0.85,2009-12-07 18:02:00,2011-12-02 16:39:00,7.75,0.004983210829948482,96.13449931597745
21814,HEART T-LIGHT HOLDER,646,981.7299999999999,93,41,4,1.45,2009-12-07 18:02:00,2011-11-29 11:23:00,6.946236559139785,0.004981840700697885,96.13948115667814
23107,WHITE HEARTS WIRE PLANT POT HOLDER,330,981.6,68,26,3,2.89,2011-05-12 15:21:00,2011-12-01 13:08:00,4.852941176470588,0.0049811810088364866,96.14446233768697
84907,PINK YELLOW PATCH CUSHION COVER,390,980.9499999999999,35,26,2,5.79,2009-12-10 09:49:00,2011-09-21 15:22:00,11.142857142857142,0.004977882549529494,96.1494402202365
20705,MRS ROBOT SOFT TOY,265,980.59,52,39,7,6.95,2009-12-07 13:35:00,2011-12-04 15:19:00,5.096153846153846,0.0049760557105286984,96.15441627594703
85170C,SET/6 EAU DE NIL BIRD T-LIGHTS,539,980.57,104,58,4,2.46,2009-12-14 18:37:00,2011-11-29 17:52:00,5.1826923076923075,0.004975954219473099,96.1593922301665
84660C,PINK STITCHED WALL CLOCK,723,980.48,83,44,3,3.75,2009-12-08 14:03:00,2011-09-08 11:56:00,8.710843373493976,0.0049754975097229,96.16436772767622
84923,PINK BUTTERFLY HANDBAG W BOBBLES,225,980.47,145,64,1,4.13,2010-02-04 14:19:00,2011-12-02 16:39:00,1.5517241379310345,0.0049754467641951,96.16934317444041
23518,EMBROIDERED RIBBON REEL RACHEL,361,980.41,44,11,8,2.89,2011-09-22 14:10:00,2011-12-02 14:30:00,8.204545454545455,0.0049751422910283005,96.17431831673144
21427,SKULLS STORAGE BOX SMALL,498,980.16,116,60,5,2.1,2009-12-07 15:42:00,2011-11-30 09:53:00,4.293103448275862,0.004973873652833303,96.17929219038427
85019B,BLOSSOM  IMAGES NOTEBOOK SET,716,979.97,46,33,7,1.25,2010-03-18 20:02:00,2011-11-29 12:52:00,15.565217391304348,0.0049729094878051055,96.18426509987208
82613B,"METAL SIGN,CUPCAKE SINGLE HOOK",892,977.93,219,87,10,1.25,2009-12-08 15:49:00,2011-12-02 16:39:00,4.073059360730594,0.00496255740013393,96.18922765727221
85104,SILVER GLASS T-LIGHT SET,327,977.4900000000001,49,34,1,2.95,2009-12-09 15:28:00,2011-11-21 15:18:00,6.673469387755102,0.004960324596910736,96.19418798186912
23514,EMBROIDERED RIBBON REEL SALLY,478,977.39,74,11,11,2.08,2011-09-22 14:10:00,2011-12-04 12:44:00,6.45945945945946,0.004959817141632736,96.19914779901076
21636,MADRAS NOTEBOOK MEDIUM,1007,976.89,96,46,4,0.75,2009-12-09 09:42:00,2011-12-02 16:34:00,10.489583333333334,0.004957279865242742,96.204105078876
23088,ZINC HEART FLOWER T-LIGHT HOLDER,764,976.38,71,25,3,1.25,2011-05-12 18:19:00,2011-12-01 16:22:00,10.76056338028169,0.004954691843324948,96.20905977071932
85025B,EAU DE NILE HEART SHAPE PHOTO FRAME,566,975.5199999999999,92,53,3,1.65,2009-12-07 11:39:00,2011-11-24 09:06:00,6.1521739130434785,0.004950327727934157,96.21401009844726
20661,BLUE SPOTTY PURSE,897,974.0200000000001,122,57,7,2.51,2009-12-07 16:56:00,2011-12-01 16:22:00,7.352459016393443,0.004942715898764176,96.21895281434603
21250,SET OF SKULL WALL STICKERS,395,973.8100000000001,58,40,5,2.95,2009-12-08 14:20:00,2011-11-30 15:13:00,6.810344827586207,0.004941650242680378,96.22389446458871
17021,NAMASTE SWAGAT INCENSE,3684,973.4399999999999,75,53,2,0.3,2010-01-22 14:40:00,2011-11-17 14:24:00,49.12,0.0049397726581517825,96.22883423724686
23545,WRAP RED VINTAGE DOILY,2355,973.1,81,20,13,0.42,2011-07-20 13:30:00,2011-12-02 10:22:00,29.074074074074073,0.004938047310206586,96.23377228455706
23566,EGG CUP MILKMAID HEIDI,720,972.61,74,7,6,1.25,2011-10-17 10:10:00,2011-12-04 10:56:00,9.72972972972973,0.004935560779344392,96.2387078453364
21208,PASTEL COLOUR HONEYCOMB FAN,1065,971.8399999999999,118,68,10,1.65,2009-12-16 15:48:00,2011-12-04 15:19:00,9.025423728813559,0.004931653373703801,96.24363949871011
72800F,4 IVORY DINNER CANDLES GOLD FLOCK,788,970.87,60,33,4,2.55,2009-12-08 13:41:00,2010-11-21 12:29:00,13.133333333333333,0.004926731057507213,96.24856622976762
84800L,LARGE WHITE/PINK ROSE ART FLOWER,650,970.7900000000001,38,31,4,2.12,2010-01-19 13:09:00,2011-06-03 17:07:00,17.105263157894736,0.004926325093284814,96.2534925548609
35653,VINTAGE BEAD NOTEBOOK,308,970.59,110,51,4,2.95,2009-12-09 13:00:00,2011-08-11 11:45:00,2.8,0.004925310182728816,96.25841786504363
21562,HAWAIIAN GRASS SKIRT,678,970.2800000000001,73,51,6,1.25,2010-01-07 16:46:00,2011-11-21 12:53:00,9.287671232876713,0.00492373707136702,96.26334160211499
85189,HANGING BUTTERFLY  EGG,1176,967.9499999999999,68,21,4,0.85,2009-12-16 13:49:00,2011-03-16 15:45:00,17.294117647058822,0.004911913363389647,96.26825351547838
21335,LIBRARY LAMP,41,967.67,27,16,2,21.95,2009-12-07 17:18:00,2010-05-18 16:43:00,1.5185185185185186,0.00491049248861125,96.27316400796698
84918,CREAM CUSHION COVER WITH FLOWERS,204,967.32,62,23,2,5.91,2009-12-18 12:33:00,2010-09-27 12:45:00,3.2903225806451615,0.004908716395138254,96.27807272436212
20839,FRENCH PAISLEY CUSHION COVER,604,966.62,112,46,5,2.95,2009-12-07 18:02:00,2011-12-01 14:50:00,5.392857142857143,0.004905164208192262,96.28297788857031
71279,PINK GLASS CANDLEHOLDER,291,966.21,77,52,3,2.95,2009-12-07 17:56:00,2011-11-09 16:14:00,3.779220779220779,0.004903083641552467,96.28788097221187
85180B,PINK HEARTS LIGHT CHAIN,353,966.14,64,35,4,4.23,2009-12-09 11:52:00,2011-12-02 12:40:00,5.515625,0.004902728422857868,96.29278370063473
23533,WALL ART GARDEN HAVEN,198,965.49,31,9,2,5.95,2011-10-03 11:01:00,2011-12-01 10:31:00,6.387096774193548,0.004899429963550876,96.29768313059827
78124,MAGAZINE RACK GEBRA ASSORTED,729,965.31,30,25,4,1.25,2009-12-14 17:16:00,2011-11-28 14:12:00,24.3,0.004898516544050478,96.30258164714232
22643,SET OF 4 NAPKIN CHARMS LEAVES,422,964.7199999999999,90,41,2,2.55,2010-07-18 12:49:00,2011-12-04 15:19:00,4.688888888888889,0.004895522557910284,96.30747716970023
23512,EMBROIDERED RIBBON REEL ROSIE,495,962.79,53,11,12,2.08,2011-09-22 14:10:00,2011-12-04 12:44:00,9.339622641509434,0.004885728671044907,96.31236289837128
22529,MAGIC DRAWING SLATE GO TO THE FAIR,2383,961.35,150,64,7,0.42,2010-03-28 13:31:00,2011-11-29 15:06:00,15.886666666666667,0.0048784213150417245,96.31724131968632
85031C,CURIOUS IMAGES SCRAP BOOK SET,467,960.34,98,37,3,3.36,2009-12-07 17:56:00,2010-12-16 11:53:00,4.76530612244898,0.004873296016733936,96.32211461570306
20830,SILVER PHOTO FRAME,404,958.3100000000001,81,53,3,2.1,2009-12-10 20:16:00,2011-10-02 15:33:00,4.987654320987654,0.00486299467459056,96.32697761037765
85197,SET OF 12 MINI BUNNIES IN A BUCKET,1668,957.36,73,26,5,2.1,2010-01-05 14:12:00,2011-07-29 17:28:00,22.84931506849315,0.004858173849449571,96.33183578422711
84664,CHERRY BLOSSOM BATHROOM CABINET,193,955.35,51,17,1,4.95,2009-12-09 09:34:00,2010-10-24 14:49:00,3.784313725490196,0.0048479739983617945,96.33668375822548
85130D,BEADED CRYSTAL HEART PINK LARGE,782,951.4699999999999,104,65,1,1.65,2009-12-08 17:41:00,2011-12-02 12:52:00,7.519230769230769,0.0048282847335754395,96.34151204295905
20783,HEART EAR MUFF HEADPHONES,151,951.46,47,21,3,5.49,2009-12-07 11:35:00,2010-08-16 15:36:00,3.2127659574468086,0.004828233988047641,96.3463402769471
22104,MIRROR MOSAIC CANDLE PLATE,1176,950.15,96,64,1,1.63,2009-12-08 12:12:00,2011-11-29 17:52:00,12.25,0.004821586323905855,96.351161863271
20773,BLUE PAISLEY NOTEBOOK,3330,949.13,113,56,3,1.65,2009-12-07 12:32:00,2011-09-12 13:43:00,29.469026548672566,0.0048164102800702675,96.35597827355107
22953,BIRTHDAY PARTY CORDON BARRIER TAPE,759,947.3,118,45,6,1.25,2010-11-04 16:16:00,2011-11-29 12:34:00,6.432203389830509,0.004807123848482889,96.36078539739955
20758,ABSTRACT CIRCLES POCKET BOOK,5416,945.77,91,50,4,0.85,2009-12-07 12:26:00,2011-12-01 13:28:00,59.51648351648352,0.004799359782729507,96.36558475718228
23540,WALL ART THE MAGIC FOREST,149,944.51,13,7,2,6.95,2011-10-03 14:34:00,2011-11-30 17:37:00,11.461538461538462,0.004792965846226722,96.3703777230285
21060,PARTY INVITES BALLOON GIRL,1271,944.4,150,74,5,0.85,2009-12-08 13:58:00,2011-12-04 14:15:00,8.473333333333333,0.004792407645420923,96.37517013067392
84030e,ENGLISH ROSE HOT WATER BOTTLE,116,942.8800000000001,44,26,1,8.47,2010-09-30 12:33:00,2011-12-04 14:51:00,2.6363636363636362,0.004784694325195342,96.37995482499912
22049,WRAP CHRISTMAS SCREEN PRINT,3325,942.25,108,26,5,0.19,2009-12-10 14:50:00,2011-10-20 10:34:00,30.787037037037038,0.004781497356943948,96.38473632235606
46775A,BUBBLE GUM CHUNKY KNITTED THROW,80,940.01,30,5,2,11.02,2009-12-11 16:11:00,2010-02-24 13:48:00,2.6666666666666665,0.004770130358716774,96.38950645271478
22512,DOORSTOP RACING CAR DESIGN,362,938.79,66,40,4,3.75,2010-03-12 11:19:00,2011-12-04 15:19:00,5.484848484848484,0.004763939404325189,96.39427039211911
85124B,BLUE JUICY FRUIT PHOTO FRAME,353,938.4699999999999,102,63,3,2.55,2009-12-08 09:35:00,2011-11-24 09:21:00,3.4607843137254903,0.004762315547435592,96.39903270766655
21129,SILVER FISHING GNOME,123,936.44,59,40,1,6.95,2010-01-18 13:15:00,2011-11-29 11:48:00,2.0847457627118646,0.004752014205292216,96.40378472187184
20774,GREEN FERN NOTEBOOK,3468,936.0799999999999,116,53,4,1.65,2009-12-07 12:26:00,2011-10-04 16:33:00,29.896551724137932,0.00475018736629142,96.40853490923814
23380,PACK OF 12 VINTAGE DOILY TISSUES,2229,935.5699999999999,113,13,8,0.39,2011-09-05 12:00:00,2011-12-01 16:22:00,19.72566371681416,0.004747599344373627,96.41328250858251
17012C,ORIGAMI LAVENDER INCENSE/CANDL SET,846,935.4599999999999,109,59,3,2.46,2010-02-05 11:32:00,2011-12-04 13:45:00,7.761467889908257,0.004747041143567827,96.41802954972609
23452,HEART MINI PORTRAIT FRAME,477,933.0899999999999,78,8,4,1.95,2011-10-14 13:35:00,2011-12-02 12:36:00,6.115384615384615,0.004735014453479255,96.42276456417956
21641,ASSORTED TUTTI FRUTTI KEYRING BALL,1658,932.7099999999999,107,58,3,1.63,2009-12-07 17:56:00,2011-09-16 13:32:00,15.495327102803738,0.00473308612342286,96.42749765030298
85111,SILVER GLITTER FLOWER VOTIVE HOLDER,2832,931.4399999999999,74,42,2,0.29,2010-01-31 14:25:00,2011-12-02 16:39:00,38.270270270270274,0.004726641441392275,96.43222429174438
35958,FOLKART ZINC STAR CHRISTMAS DEC,1068,931.0799999999999,78,27,4,0.85,2009-12-08 11:46:00,2010-12-09 14:55:00,13.692307692307692,0.0047248146023914795,96.43694910634677
20998,ROSE DU SUD OVEN GLOVE,320,930.46,126,70,8,2.95,2009-12-08 16:09:00,2011-10-14 13:54:00,2.5396825396825395,0.004721668379667887,96.44167077472645
82616C,MIDNIGHT GLAMOUR SCARF KNITTING KIT,582,929.65,129,54,2,2.46,2009-12-07 17:56:00,2011-12-02 16:39:00,4.511627906976744,0.004717557991916096,96.44638833271836
20778,GARDEN PATH NOTEBOOK,3605,929.12,84,41,4,1.65,2009-12-07 15:42:00,2011-04-26 13:22:00,42.916666666666664,0.004714868478942702,96.4511032011973
84873a,FUNKY FLOWER PICNIC BAG FOR 4,84,928.3199999999999,55,10,1,11.02,2009-12-22 14:48:00,2010-06-04 14:49:00,1.5272727272727273,0.004710808836718712,96.45581401003402
37492B,BLUE YELLOW FLOWER PIGGY BANK,486,927.8999999999999,42,26,2,4.65,2009-12-11 13:31:00,2010-10-05 13:01:00,11.571428571428571,0.004708677524551116,96.46052268755857
37330,SPOTS MUG,517,927.4599999999999,28,20,2,1.95,2010-01-11 09:38:00,2011-03-22 12:25:00,18.464285714285715,0.004706444721327921,96.46522913227989
72484,ROSES IN WHITE HEART CANDLE,1766,926.3800000000001,61,10,2,1.25,2009-12-07 18:02:00,2010-03-04 12:32:00,28.950819672131146,0.004700964204325535,96.46993009648422
82616B,FRAPPUCINO SCARF KNITTING KIT,587,924.6,119,53,3,2.46,2009-12-07 12:26:00,2011-12-02 16:39:00,4.932773109243698,0.004691931500377155,96.4746220279846
35599B,BLACK CHRISTMAS TREE 120CM,264,923.13,48,28,6,5.91,2009-12-11 15:40:00,2011-12-04 12:14:00,5.5,0.004684471907790573,96.47930649989239
23183,MOTHER'S KITCHEN SPOON REST,220,922.41,81,30,7,3.75,2011-03-03 15:02:00,2011-11-25 14:25:00,2.7160493827160495,0.004680818229788981,96.48398731812217
23179,CLOCK MAGNET MUM'S KITCHEN,321,922.19,50,26,8,2.89,2011-03-03 15:02:00,2011-11-24 09:26:00,6.42,0.004679701828177384,96.48866701995036
21720,CAKE SHOP  STICKER SHEET,1060,922.16,110,44,10,0.85,2009-12-07 13:35:00,2011-07-26 09:51:00,9.636363636363637,0.004679549591593984,96.49334656954196
72815,3 WICK CHRISTMAS BRIAR CANDLE,239,922.11,61,19,3,3.75,2009-12-08 13:41:00,2011-01-26 12:40:00,3.918032786885246,0.004679295863954985,96.4980258654059
20775,DAISY NOTEBOOK,3601,921.63,110,53,2,1.65,2009-12-11 10:54:00,2011-12-02 16:39:00,32.736363636363635,0.00467686007862059,96.50270272548453
21331,MOROCCAN BEATEN METAL DISH LARGE,108,921.1800000000001,28,24,6,12.75,2009-12-16 09:37:00,2011-11-16 15:52:00,3.857142857142857,0.004674576529869595,96.50737730201439
85032B,BLOSSOM IMAGES GIFT WRAP SET,939,920.4900000000001,144,52,8,0.65,2010-01-22 14:17:00,2011-12-02 16:39:00,6.520833333333333,0.004671075088451404,96.51204837710284
85121B,RETRO LAUNDRY TUB PINK,85,919.39,47,20,5,8.5,2009-12-08 15:49:00,2010-06-27 13:11:00,1.8085106382978724,0.0046654930803934165,96.51671387018324
85121C,RETRO LAUNDRY TUB PISTACHIO,98,918.91,53,27,6,8.5,2009-12-07 18:02:00,2010-11-17 17:01:00,1.849056603773585,0.004663057295059022,96.5213769274783
21702,SET 5 MINI GATEAUX  FRIDGE MAGNETS,2636,918.6800000000001,8,5,5,1.69,2009-12-15 10:02:00,2010-02-15 11:57:00,329.5,0.004661890147919625,96.52603881762622
22994,TRAVEL CARD WALLET RETROSPOT,2109,918.37,211,42,7,0.42,2011-02-16 16:56:00,2011-12-04 14:09:00,9.995260663507109,0.004660317036557829,96.53069913466277
90147,CHUNKY SILVER NECKLACE PASTEL FLOWE,91,917.55,57,41,1,9.95,2009-12-10 14:19:00,2011-11-27 15:18:00,1.5964912280701755,0.004656155903278238,96.53535529056605
85130B,BEADED CRYSTAL HEART GREEN LARGE,910,917.54,82,50,3,1.12,2010-01-11 09:35:00,2011-11-20 15:36:00,11.097560975609756,0.004656105157750438,96.5400113957238
21014,SWISS CHALET TREE DECORATION,1831,910.2399999999999,184,44,5,0.85,2009-12-09 09:42:00,2011-11-23 13:27:00,9.951086956521738,0.004619060922456523,96.54463045664625
21303,FILIGREE WALL MIRROR  ANTIQUE WHITE,91,909.5899999999999,28,10,3,16.95,2009-12-07 11:29:00,2010-03-10 12:51:00,3.25,0.004615762463149531,96.54924621910939
23281,FOLDING BUTTERFLY MIRROR RED,1157,907.66,96,27,9,0.83,2011-05-10 14:20:00,2011-12-04 14:55:00,12.052083333333334,0.004605968576284154,96.55385218768568
22134,MINI LADLE LOVE HEART RED,2002,907.16,284,94,9,0.83,2009-12-07 12:26:00,2011-12-01 16:22:00,7.049295774647887,0.00460343129989416,96.55845561898558
20903,VINTAGE KEEPSAKE BOX TRAVELOGUE,186,906.8,85,46,4,6.35,2009-12-08 12:34:00,2011-10-23 13:49:00,2.1882352941176473,0.004601604460893364,96.56305722344646
23498,CLASSIC BICYCLE CLIPS,632,906.3199999999999,60,2,2,1.45,2011-11-25 10:58:00,2011-12-04 14:55:00,10.533333333333333,0.00459916867555897,96.56765639212202
21264,WHITE GOOSE FEATHER TREE 60CM,385,906.15,65,32,5,1.95,2009-12-08 17:44:00,2011-12-04 13:59:00,5.923076923076923,0.004598306001586372,96.5722546981236
22707,WRAP MONSTER FUN,2157,905.94,83,54,8,0.42,2010-05-27 15:28:00,2011-12-02 10:22:00,25.987951807228917,0.004597240345502574,96.5768519384691
23178,JAM CLOCK MAGNET,309,905.3100000000001,63,28,9,2.89,2011-03-03 15:02:00,2011-11-30 17:37:00,4.904761904761905,0.004594043377251182,96.58144598184636
85032C,CURIOUS IMAGES GIFT WRAP SET,845,904.7700000000001,152,55,6,1.63,2009-12-08 12:33:00,2011-12-01 16:22:00,5.559210526315789,0.004591303118749989,96.5860372849651
85031A,ROMANTIC IMAGES SCRAP BOOK SET,467,904.58,96,43,3,3.36,2009-12-07 17:56:00,2011-04-13 14:17:00,4.864583333333333,0.00459033895372179,96.59062762391882
21417,COCKLE SHELL DISH,357,903.3900000000001,108,65,2,4.13,2009-12-08 15:49:00,2011-11-20 15:00:00,3.3055555555555554,0.004584300235913605,96.59521192415474
85226A,WHITE/BLUE PULL BACK RACING CAR,1668,903.1700000000001,137,40,8,0.55,2009-12-07 16:40:00,2010-11-24 15:31:00,12.175182481751825,0.004583183834302007,96.59979510798904
20878,SET/9 CHRISTMAS T-LIGHTS SCENTED,702,900.84,80,19,2,1.25,2009-12-07 11:05:00,2010-12-05 16:24:00,8.775,0.004571360126324634,96.60436646811536
90175A,WHITE GLASS CHUNKY CHARM BRACELET,100,900.8,57,43,2,9.15,2009-12-07 18:02:00,2011-11-15 16:57:00,1.7543859649122806,0.004571157144213435,96.60893762525957
21318,GLASS CHALICE BLUE SMALL,972,900.42,93,47,7,1.65,2009-12-13 15:54:00,2011-05-09 16:30:00,10.451612903225806,0.0045692288141570385,96.61350685407373
22108,PING! MICROWAVE PLATE,279,896.66,118,57,4,3.36,2009-12-07 15:26:00,2011-12-04 15:19:00,2.364406779661017,0.004550148495704283,96.61805700256944
22248,DECORATION  PINK CHICK MAGIC GARDEN,1010,896.47,171,63,4,0.85,2009-12-13 13:39:00,2011-11-16 15:14:00,5.906432748538012,0.004549184330676085,96.62260618690011
84760L,LARGE HANGING GLASS+ZINC LANTERN,560,896.0,1,1,1,1.6,2010-05-04 13:59:00,2010-05-04 13:59:00,560.0,0.004546799290869491,96.62715298619098
21320,GLASS CHALICE GREEN  LARGE,391,895.49,54,34,3,2.55,2009-12-22 09:41:00,2011-04-07 13:09:00,7.2407407407407405,0.004544211268951697,96.63169719745993
84600,NEW BAROQUE JEWELLERY BOX,105,894.42,49,34,5,7.95,2009-12-07 15:42:00,2011-12-04 12:29:00,2.142857142857143,0.004538781497477109,96.6362359789574
84666,SQUARE CHERRY BLOSSOM CABINET,226,892.7,33,16,1,3.95,2009-12-09 09:34:00,2011-04-19 14:49:00,6.848484848484849,0.004530053266695529,96.6407660322241
23461,SWEETHEART BIRD HOUSE,209,891.5300000000001,85,10,2,4.15,2011-09-29 15:57:00,2011-12-04 12:52:00,2.458823529411765,0.004524116039942944,96.64529014826404
82607A,GLASS BONBON JAR PARFUME AUX FLEURE,638,891.15,154,40,2,1.25,2009-12-15 15:18:00,2010-10-12 11:34:00,4.142857142857143,0.0045221877098865475,96.64981233597392
20757,RED DAISY POCKET BOOK,5347,890.7,78,40,2,0.85,2009-12-07 11:19:00,2011-11-27 12:13:00,68.55128205128206,0.004519904161135553,96.65433224013506
20759,CHRYSANTHEMUM POCKET BOOK,5776,890.28,62,35,3,0.85,2009-12-17 11:43:00,2011-11-22 15:45:00,93.16129032258064,0.004517772848967958,96.65885001298403
85194S,HANGING SPRING FLOWER EGG SMALL,1760,889.46,131,54,3,0.65,2010-01-05 14:12:00,2011-12-04 12:32:00,13.435114503816793,0.004513611715688368,96.66336362469973
84660B,BLACK STITCHED WALL CLOCK,743,887.95,59,37,3,3.36,2009-12-09 09:42:00,2011-09-01 14:26:00,12.59322033898305,0.004505949140990585,96.66786957384072
85018D,YULETIDE IMAGES S/6 PAPER BOXES,750,886.3499999999999,77,22,3,2.55,2009-12-08 15:49:00,2011-01-14 14:39:00,9.74025974025974,0.004497829856542603,96.67236740369727
72800C,4 PINK DINNER CANDLE SILVER FLOCK,611,886.13,73,48,3,2.55,2009-12-07 15:26:00,2011-11-30 10:54:00,8.36986301369863,0.004496713454931006,96.67686411715219
47504E,ENGLISH ROSE SCISSORS,4357,885.21,42,26,5,1.25,2009-12-13 11:28:00,2010-10-12 12:36:00,103.73809523809524,0.004492044866373417,96.68135616201856
23002,TRAVEL CARD WALLET SKULLS,2055,885.03,184,42,2,0.42,2011-02-16 16:56:00,2011-12-04 13:15:00,11.168478260869565,0.004491131446873019,96.68584729346543
84086C,PINK/PURPLE RETRO RADIO,297,884.75,88,49,9,2.95,2009-12-09 09:42:00,2011-11-30 13:08:00,3.375,0.004489710572094623,96.69033700403752
84341B,SMALL PINK MAGIC CHRISTMAS TREE,1676,884.62,114,37,4,0.85,2009-12-07 17:56:00,2011-11-15 14:48:00,14.701754385964913,0.0044890508802332245,96.69482605491775
20831,GOLD PHOTO FRAME,423,883.74,74,51,4,2.1,2009-12-10 20:16:00,2011-11-13 13:41:00,5.716216216216216,0.0044845852737868345,96.69931064019154
23413,VINTAGE COFFEE GRINDER BOX,169,883.6700000000001,56,13,4,4.95,2011-09-07 16:00:00,2011-12-04 11:00:00,3.017857142857143,0.004484230055092235,96.70379487024664
20782,CAMOUFLAGE EAR MUFF HEADPHONES,142,883.37,75,34,4,5.49,2009-12-07 11:35:00,2011-12-01 13:08:00,1.8933333333333333,0.004482707689258239,96.7082775779359
85019A,ROMANTIC IMAGES NOTEBOOK SET,621,882.54,47,40,1,1.25,2010-01-05 15:55:00,2011-11-21 15:10:00,13.212765957446809,0.004478495810450849,96.71275607374635
22647,CERAMIC LOVE HEART MONEY BANK,970,882.41,77,44,4,1.45,2010-05-14 15:41:00,2011-12-04 14:15:00,12.597402597402597,0.0044778361185894506,96.71723390986494
21676,FLOWERS  STICKERS,1179,880.1899999999999,156,75,5,0.85,2009-12-09 14:25:00,2011-12-02 16:39:00,7.5576923076923075,0.004466570611417876,96.72170048047636
84974,S/2 ZINC HEART DESIGN PLANTERS,89,879.55,57,43,1,9.95,2010-01-06 13:56:00,2011-11-01 12:25:00,1.5614035087719298,0.0044633228976386835,96.72616380337399
23099,FRENCH CARRIAGE LANTERN,131,878.8100000000001,54,24,2,6.65,2011-05-16 14:30:00,2011-12-02 16:39:00,2.425925925925926,0.004459567728581492,96.73062337110258
21724,PANDA AND BUNNIES STICKER SHEET,988,878.28,171,74,5,0.85,2009-12-07 18:02:00,2011-11-30 09:53:00,5.777777777777778,0.004456878215608098,96.73508024931819
17109B,FLOWER FAIRY INCENSE LAVENDER,4532,877.6999999999999,13,10,3,1.69,2009-12-10 12:21:00,2010-03-05 12:44:00,348.61538461538464,0.004453934974995705,96.73953418429318
21062,PARTY INVITES SPACEMAN,1053,875.87,136,73,11,0.85,2009-12-08 16:43:00,2011-12-02 13:20:00,7.742647058823529,0.004444648543408327,96.74397883283659
23502,PLAYING CARDS VINTAGE DOILY,697,875.16,91,11,9,1.25,2011-09-22 12:02:00,2011-12-02 17:06:00,7.65934065934066,0.004441045610934535,96.74841987844752
85214,TUB 24 PINK FLOWER PEGS,507,874.68,165,63,2,1.65,2010-01-11 09:35:00,2011-08-10 16:19:00,3.0727272727272728,0.004438609825600141,96.75285848827312
20803,SMALL PINK GLASS SUNDAE DISH,1149,874.4599999999999,84,47,4,1.65,2009-12-07 17:18:00,2011-05-01 13:45:00,13.678571428571429,0.004437493423988543,96.75729598169711
84925F,PSYCHEDELIC WALL THERMOMETER,714,873.11,34,27,2,2.55,2010-01-12 15:57:00,2011-07-31 15:24:00,21.0,0.004430642777735559,96.76172662447485
20991,JAZZ HEARTS MAGNETIC MEMO PAD,7074,872.21,28,8,4,0.65,2009-12-07 17:56:00,2010-02-19 10:54:00,252.64285714285714,0.00442607568023357,96.76615270015508
22164,STRING OF STARS CARD HOLDER,312,871.2800000000001,47,30,4,2.95,2009-12-08 15:49:00,2011-11-28 12:14:00,6.638297872340425,0.004421356346148182,96.77057405650122
46000P,POLYESTER FILLER PAD 65CMx65CM,205,871.25,46,28,3,4.25,2009-12-07 13:49:00,2011-09-04 14:36:00,4.456521739130435,0.004421204109564781,96.77499526061078
21414,SCALLOP SHELL SOAP DISH,1637,870.89,36,25,4,2.1,2009-12-07 18:02:00,2011-02-22 16:13:00,45.47222222222222,0.004419377270563986,96.77941463788135
21805,WHITE CHRISTMAS TREE DECORATION,2023,870.87,92,23,3,0.42,2009-12-08 13:27:00,2010-11-21 11:58:00,21.98913043478261,0.004419275779508385,96.78383391366086
22936,BAKING MOULD ROSE WHITE CHOCOLATE,273,869.71,47,28,5,3.25,2010-12-08 10:46:00,2011-11-29 16:33:00,5.808510638297872,0.004413389298283599,96.78824730295914
46776C,WOVEN FROST CUSHION COVER,249,867.93,92,50,3,4.21,2009-12-10 09:49:00,2011-12-02 16:39:00,2.7065217391304346,0.00440435659433522,96.79265165955347
17012B,ORIGAMI JASMINE INCENSE/CANDLE SET,721,867.4499999999999,126,58,3,2.46,2009-12-08 15:49:00,2011-11-30 14:17:00,5.722222222222222,0.004401920809000826,96.79705358036247
23532,WALL ART WORK REST AND PLAY,196,865.44,27,9,3,4.95,2011-10-02 15:50:00,2011-11-30 15:13:00,7.2592592592592595,0.004391720957913049,96.80144530132038
21007,ETCHED GLASS DROPLET DECORATION,1858,864.0,43,16,1,0.38,2009-12-07 11:05:00,2010-09-23 12:25:00,43.2093023255814,0.004384413601909866,96.8058297149223
85161,ACRYLIC GEOMETRIC LAMP,51,863.85,32,25,3,18.95,2009-12-10 14:07:00,2011-11-27 11:47:00,1.59375,0.004383652418992868,96.81021336734129
21299,EDWARDIAN TOILET ROLL UNIT,159,863.8100000000001,28,13,2,8.35,2009-12-10 09:44:00,2010-03-12 10:40:00,5.678571428571429,0.004383449436881668,96.81459681677818
23004,TRAVEL CARD WALLET PANTRY,1919,863.79,212,42,7,0.42,2011-02-16 16:56:00,2011-12-04 14:09:00,9.05188679245283,0.004383347945826069,96.81898016472401
21691,SILVER VANILLA FLOWER CANDLE POT,223,863.49,66,34,2,3.75,2009-12-09 13:00:00,2010-10-29 17:17:00,3.378787878787879,0.004381825579992072,96.82336199030401
21444,BLUE CHALET BIRDFEEDER,285,863.4100000000001,31,15,3,3.75,2009-12-10 09:44:00,2010-04-26 10:57:00,9.193548387096774,0.004381419615769674,96.82774340991978
21270,ANTIQUE CREAM CUTLERY CUPBOARD,75,861.68,50,26,4,12.75,2009-12-08 14:56:00,2011-11-28 14:44:00,1.5,0.004372640639460293,96.83211605055924
21338,MARAKESH LANTERN SMALL,197,861.3499999999999,12,8,1,5.95,2009-12-07 13:23:00,2010-04-13 14:27:00,16.416666666666668,0.004370966037042896,96.83648701659628
21726,MULTI HEARTS  STICKERS,996,860.4399999999999,146,61,7,0.85,2009-12-07 17:56:00,2011-11-06 14:14:00,6.821917808219178,0.004366348194013108,96.84085336479029
84820,DANISH ROSE TRINKET TRAYS,273,859.87,50,38,10,5.95,2010-01-19 17:49:00,2011-12-02 14:48:00,5.46,0.0043634556989285145,96.84521682048921
84632,DECORATIVE HANGING SHELVING UNIT,15,859.25,11,10,3,59.95,2010-03-11 12:17:00,2011-07-21 18:08:00,1.3636363636363635,0.0043603094762049216,96.84957712996543
37482P,CUBIC MUG PINK POLKADOT,654,858.36,80,34,5,2.55,2009-12-13 11:02:00,2011-04-13 11:48:00,8.175,0.004355793124230733,96.85393292308966
84817,DANISH ROSE DECORATIVE PLATE,849,855.5400000000001,71,48,9,2.1,2010-02-08 13:56:00,2011-12-01 19:54:00,11.95774647887324,0.0043414828853911664,96.85827440597505
84660A,WHITE STITCHED WALL CLOCK,860,855.26,51,28,3,0.79,2009-12-18 17:15:00,2011-10-03 16:46:00,16.862745098039216,0.004340062010612769,96.86261446798567
85049e,SCANDINAVIAN REDS RIBBONS,256,853.77,56,35,1,3.29,2010-06-24 11:33:00,2011-11-30 14:11:00,4.571428571428571,0.004332500926970586,96.86694696891263
20941,FROG CANDLE,967,853.5699999999999,119,56,5,1.25,2009-12-08 11:27:00,2011-07-06 15:15:00,8.126050420168067,0.004331486016414588,96.87127845492904
85165,CANDY PINK FRENCH BOUDOIR CLOCK,88,852.86,57,22,2,8.47,2009-12-16 17:01:00,2010-06-21 15:13:00,1.543859649122807,0.004327883083940796,96.87560633801299
21635,MADRAS NOTEBOOK LARGE,397,851.49,41,29,2,3.75,2009-12-09 09:51:00,2011-07-13 11:00:00,9.682926829268293,0.0043209309466322125,96.87992726895962
21293,MIRRORED DOVE WALL DECORATION,335,851.3100000000001,82,43,3,3.36,2009-12-09 13:16:00,2011-11-30 15:13:00,4.085365853658536,0.0043200175271318145,96.88424728648675
21147,JINGLE BELLS TREE DECORATION,470,849.76,114,37,2,2.1,2009-12-23 11:51:00,2011-12-01 16:22:00,4.12280701754386,0.004312151970322833,96.88855943845708
20756,GREEN FERN POCKET BOOK,5725,849.01,63,31,4,0.85,2009-12-07 11:35:00,2011-11-22 15:45:00,90.87301587301587,0.004308346055737842,96.89286778451282
22096,PINK PAISLEY SQUARE TISSUE BOX,1440,847.75,174,67,7,0.39,2009-12-14 17:57:00,2011-11-28 12:14:00,8.275862068965518,0.004301952119235056,96.89716973663205
21220,SET/4 BADGES DOGS,641,847.37,148,71,7,1.25,2009-12-07 15:42:00,2011-11-30 11:48:00,4.331081081081081,0.004300023789178661,96.90146976042124
22820,GIFT BAG BIRTHDAY,1353,845.1300000000001,110,46,8,0.65,2010-09-15 16:28:00,2011-12-02 16:39:00,12.3,0.004288656790951488,96.90575841721218
17033,"BROCADE PURSE,SMALL ARCH BUTTON",3198,844.06,64,25,1,0.29,2009-12-07 11:39:00,2010-10-19 12:48:00,49.96875,0.0042832270194769,96.91004164423165
22703,PINK CAT BOWL,423,841.6700000000001,149,56,4,1.63,2010-06-23 14:49:00,2011-12-04 15:19:00,2.838926174496644,0.004271098838332728,96.91431274306998
35954,SMALL FOLKART STAR CHRISTMAS DEC,2161,839.08,107,37,3,0.42,2009-12-07 18:02:00,2011-11-09 16:10:00,20.19626168224299,0.004257955746632559,96.91857069881662
35598B,BLACK CHRISTMAS TREE 60CM,904,838.32,53,28,8,2.95,2009-12-07 12:32:00,2011-11-30 17:22:00,17.056603773584907,0.004254099086519767,96.92282479790315
17039,INLAID WOOD INCENSE HOLDER,3706,837.23,42,27,2,0.29,2009-12-07 13:48:00,2010-08-09 09:23:00,88.23809523809524,0.00424856782398958,96.92707336572714
23220,REINDEER HEART DECORATION GOLD,964,837.0799999999999,94,18,4,0.83,2011-06-09 13:09:00,2011-12-02 16:39:00,10.25531914893617,0.004247806641072582,96.93132117236821
85031B,BLOSSOM IMAGES SCRAP BOOK SET,463,835.22,79,38,3,3.36,2009-12-07 17:56:00,2010-12-16 19:19:00,5.860759493670886,0.004238367972901803,96.93555954034112
47367B,PAIR PADDED HANGERS PINK CHECK,242,834.95,95,61,5,3.36,2009-12-14 18:37:00,2011-10-26 12:14:00,2.5473684210526315,0.004236997843651207,96.93979653818477
22229,BUNNY WOODEN PAINTED WITH FLOWER,994,834.7099999999999,183,54,6,0.85,2009-12-07 11:46:00,2011-12-04 15:19:00,5.4316939890710385,0.004235779950984009,96.94403231813575
21458,2 PICTURE BOOK EGGS EASTER BUNNY,756,834.24,87,30,5,1.25,2009-12-14 13:30:00,2011-11-09 15:09:00,8.689655172413794,0.004233394911177415,96.94826571304694
37423,WHITE WITH BLACK CATS PLATE,6159,833.68,67,38,2,1.66,2009-12-07 18:02:00,2011-03-18 11:30:00,91.92537313432835,0.004230553161620622,96.95249626620856
84849A,HELLO SAILOR BLUE SOAP HOLDER,470,833.57,103,64,7,1.69,2009-12-08 14:56:00,2011-11-24 15:05:00,4.563106796116505,0.004229994960814823,96.95672626116936
84360,TABLE LAMP WHITE SHADE WOOD BASE,153,833.39,37,32,1,5.95,2009-12-15 17:56:00,2011-11-25 09:27:00,4.135135135135135,0.004229081541314425,96.96095534271068
23423,PANTRY 3 HOOK ROLLING PIN HANGER,210,832.02,62,13,6,3.75,2011-09-08 13:38:00,2011-12-04 12:44:00,3.3870967741935485,0.004222129404005841,96.96517747211468
85196,EASTER BUNNIES ON A STICK,1564,831.0400000000001,71,12,6,0.55,2009-12-07 11:46:00,2010-03-29 17:17:00,22.028169014084508,0.004217156342281454,96.96939462845695
20897,VINTAGE NOTEBOOK PARIS DAYS,347,830.72,72,43,4,2.95,2009-12-07 17:56:00,2011-08-30 10:29:00,4.819444444444445,0.004215532485391856,96.97361016094234
72814,SET OF 3 CHRISTMAS BRIAR CANDLES,229,829.1700000000001,47,19,4,3.75,2009-12-07 15:42:00,2010-11-22 12:59:00,4.872340425531915,0.004207666928582874,96.97781782787092
84762B,PINK PICNIC BARBECUE BUCKET,112,829.12,47,21,3,8.47,2009-12-09 09:42:00,2010-09-12 13:03:00,2.382978723404255,0.004207413200943875,96.98202524107187
85213,MINI  ZINC GARDEN DECORATIONS,1378,828.9999999999999,80,47,7,0.85,2009-12-13 13:39:00,2011-07-31 11:45:00,17.225,0.004206804254610276,96.98623204532647
85071C,"CHARLIE+LOLA""EXTREMELY BUSY"" SIGN",1279,828.16,135,61,3,0.83,2009-12-08 13:04:00,2011-12-04 15:19:00,9.474074074074075,0.004202541630275086,96.99043458695675
21376,LARGE  TALL CAMPHOR WOOD TOADSTOOL,179,828.11,45,34,2,5.45,2009-12-14 17:16:00,2011-12-04 10:11:00,3.977777777777778,0.004202287902636087,96.99463687485938
22143,CHRISTMAS CRAFT HEART DECORATIONS,398,826.6800000000001,55,25,2,2.1,2009-12-07 12:42:00,2010-10-27 16:04:00,7.236363636363636,0.004195031292160704,96.99883190615154
85166B,BLACK METAL BAROQUE PHOTO FRAME,480,826.6,37,26,2,3.75,2009-12-09 09:42:00,2010-11-14 14:47:00,12.972972972972974,0.0041946253279383046,97.00302653147948
85208,SET/12 FUNKY FELT FLOWER PEG IN BAG,415,826.44,84,48,1,2.1,2009-12-07 12:32:00,2011-11-29 10:57:00,4.940476190476191,0.004193813399493506,97.00722034487897
21128,GOLD FISHING GNOME,118,826.0300000000001,56,44,3,12.46,2009-12-17 10:20:00,2011-11-18 15:59:00,2.107142857142857,0.004191732832853712,97.01141207771182
23479,WIRE EGG BASKET,108,826.02,41,7,4,7.85,2011-10-17 12:41:00,2011-12-02 16:44:00,2.6341463414634148,0.004191682087325912,97.01560375979915
85188A,GREEN METAL SWINGING BUNNY,944,824.9699999999999,105,26,3,0.85,2009-12-09 09:42:00,2011-04-21 10:19:00,8.99047619047619,0.0041863538069069235,97.01979011360605
20936,FORKED CACTUS CANDLE,328,824.6600000000001,72,51,2,2.95,2009-12-09 09:51:00,2011-11-29 16:47:00,4.555555555555555,0.004184780695545128,97.02397489430159
20894,HANGING BAUBLE T-LIGHT HOLDER LARGE,265,821.4000000000001,77,42,2,2.95,2009-12-14 10:27:00,2011-12-01 08:51:00,3.4415584415584415,0.004168237653482366,97.02814313195508
21654,RIDGED GLASS FINGER BOWL,1181,817.31,81,45,2,1.45,2009-12-14 15:31:00,2011-09-18 12:21:00,14.580246913580247,0.004147482732612214,97.03229061468768
72799A,BLACK PILLAR CANDLE SILVER FLOCK,588,816.6,17,11,1,2.95,2009-12-09 10:48:00,2010-08-04 12:39:00,34.588235294117645,0.004143879800138422,97.03643449448782
85187,S/12 MINI RABBIT EASTER,479,816.4799999999999,109,38,3,1.65,2010-01-13 17:44:00,2011-11-27 13:26:00,4.394495412844036,0.004143270853804823,97.04057776534162
84782A,PINK 3 TIER GLASS PLATE STAND,117,814.95,25,15,2,12.75,2009-12-10 10:57:00,2010-08-19 14:49:00,4.68,0.0041355067880514415,97.04471327212967
22289,"DECORATION , HANGING METAL CHICKEN",763,814.91,75,41,3,1.25,2010-01-10 11:08:00,2011-11-22 11:18:00,10.173333333333334,0.0041353038059402415,97.04884857593561
90200C,BLUE SWEETHEART BRACELET,192,814.8100000000001,91,45,3,4.24,2009-12-15 18:33:00,2011-03-22 09:23:00,2.10989010989011,0.004134796350662243,97.05298337228626
82613C,"METAL SIGN,CUPCAKE SINGLE HOOK",767,813.62,184,79,4,1.25,2009-12-09 09:51:00,2011-12-02 16:39:00,4.168478260869565,0.004128757632854057,97.05711212991912
21374,MIRRORED WALL ART SKULLS,470,809.67,71,49,4,1.25,2009-12-18 17:15:00,2011-12-01 11:10:00,6.619718309859155,0.004108713149373103,97.0612208430685
85145,JARDIN ETCHED GLASS LARGE BELL JAR,91,809.05,30,21,1,12.75,2009-12-17 15:39:00,2011-04-28 16:11:00,3.033333333333333,0.00410556692664951,97.06532640999515
23324,RUSTIC STRAWBERRY JAM POT LARGE,397,807.7800000000001,43,15,4,2.08,2011-08-05 15:45:00,2011-11-27 15:38:00,9.232558139534884,0.004099122244618926,97.06942553223978
82001s,VINYL RECORD FRAME SILVER,108,806.16,25,16,1,7.46,2010-07-30 12:47:00,2011-12-02 10:08:00,4.32,0.004090901469115345,97.07351643370889
22510,GINGHAM BABUSHKA DOORSTOP,296,805.77,83,51,7,3.75,2010-03-12 11:19:00,2011-12-04 15:19:00,3.566265060240964,0.004088922393531149,97.07760535610242
22547,MINI JIGSAW DINOSAUR,1805,805.49,181,75,8,0.42,2010-03-26 14:45:00,2011-12-02 12:59:00,9.972375690607734,0.004087501518752752,97.08169285762118
40018E,TEA TIME PAPER LANTERNS,367,803.87,78,22,4,1.95,2009-12-07 17:56:00,2010-07-25 11:46:00,4.705128205128205,0.004079280743249172,97.08577213836443
23186,FRENCH STYLE STORAGE JAR CAFE,1928,803.8,68,25,5,0.29,2011-03-08 17:23:00,2011-11-30 17:22:00,28.352941176470587,0.004078925524554572,97.08985106388899
72529W,WHITE ADVENT CANDLE,421,803.61,37,14,2,2.12,2009-12-07 13:24:00,2010-09-30 14:25:00,11.378378378378379,0.0040779613595263746,97.09392902524851
21666,RIDGED GLASS T-LIGHT HOLDER,1234,803.1500000000001,82,54,4,0.65,2009-12-11 11:06:00,2011-12-04 15:16:00,15.048780487804878,0.004075627065247581,97.09800465231376
21719,LOVELY BONBON STICKER SHEET,899,802.3,136,74,8,0.85,2009-12-09 09:51:00,2011-12-02 16:39:00,6.610294117647059,0.004071313695384589,97.10207596600915
20776,ABSTRACT CIRCLES NOTEBOOK,3239,801.31,81,28,5,1.65,2009-12-07 11:20:00,2010-09-17 14:50:00,39.98765432098765,0.004066289888132402,97.10614225589728
21454,PAINTED PINK RABBIT,930,800.87,192,59,3,0.85,2010-01-11 09:37:00,2011-11-29 15:09:00,4.84375,0.004064057084909207,97.11020631298219
84826,ASSTD DESIGN 3D PAPER STICKERS,1582,800.6,48,33,6,0.85,2009-12-08 13:38:00,2011-11-11 11:11:00,32.958333333333336,0.00406268695565861,97.11426899993785
21255,"FRENCH BOTTLE , LAVENDER",443,800.29,89,17,2,1.65,2009-12-07 12:08:00,2010-04-18 11:24:00,4.977528089887641,0.004061113844296813,97.11833011378215
21478,SILVER SKULL HOT WATER BOTTLE,197,799.77,87,28,2,3.75,2010-01-19 12:15:00,2010-10-31 16:16:00,2.264367816091954,0.00405847507685122,97.122388588859
22825,DECORATIVE PLANT POT WITH FRIEZE,100,799.02,38,28,1,7.95,2010-10-22 09:06:00,2011-11-27 14:30:00,2.6315789473684212,0.0040546691622662286,97.12644325802127
47594B,SCOTTIES DESIGN WASHBAG,405,797.8399999999999,119,56,8,1.95,2009-12-08 17:41:00,2011-11-08 10:44:00,3.403361344537815,0.0040486811899858414,97.13049193921125
23106,ZINC HEARTS PLANT POT HOLDER,268,797.4200000000001,49,24,1,2.89,2011-05-13 10:44:00,2011-11-25 14:53:00,5.469387755102041,0.004046549877818247,97.13453848908907
17012A,ORIGAMI VANILLA INCENSE/CANDLE SET,724,795.8199999999999,93,52,3,2.46,2009-12-14 17:57:00,2011-12-02 14:25:00,7.78494623655914,0.004038430593370266,97.13857691968244
21375,LARGE CAMPHOR WOOD FIELD MUSHROOM,131,795.4399999999999,59,41,3,10.79,2010-01-11 09:37:00,2011-12-04 10:11:00,2.2203389830508473,0.00403650226331387,97.14261342194575
47574A,ENGLISH ROSE SCENTED HANGING FLOWER,573,792.73,129,42,6,2.46,2009-12-09 09:51:00,2011-10-07 15:45:00,4.441860465116279,0.004022750225280102,97.14663617217103
23519,EMBROIDERED RIBBON REEL CLAIRE,224,792.31,24,9,6,3.75,2011-09-25 12:22:00,2011-11-24 09:21:00,9.333333333333334,0.004020618913112507,97.15065679108415
21455,PAINTED YELLOW WOODEN DAISY,895,792.17,166,56,2,0.85,2010-01-28 09:09:00,2011-11-28 14:06:00,5.391566265060241,0.004019908475723309,97.15467669955987
23564,EGG CUP MILKMAID INGRID,615,791.75,65,8,5,1.25,2011-10-13 13:50:00,2011-12-02 16:39:00,9.461538461538462,0.004017777163555713,97.15869447672343
20769,DAISY JOURNAL,431,790.96,77,46,5,2.55,2009-12-07 11:19:00,2011-11-29 13:43:00,5.597402597402597,0.004013768266859522,97.16270824499028
23551,PACK OF 12 PAISLEY PARK TISSUES,1726,790.0999999999999,125,14,7,0.39,2011-09-01 15:56:00,2011-12-02 16:39:00,13.808,0.004009404151468732,97.16671764914176
35915C,PEACH KNITTED HEN,661,789.89,81,29,4,0.83,2009-12-18 10:59:00,2011-04-18 15:16:00,8.160493827160494,0.0040083384953849355,97.17072598763714
23472,NINE DRAWER OFFICE TIDY,51,789.77,29,10,6,14.95,2011-10-02 12:11:00,2011-12-01 11:38:00,1.7586206896551724,0.004007729549051336,97.17473371718619
16011,ANIMAL STICKERS,3763,789.03,110,65,3,0.21,2009-12-07 08:53:00,2011-11-29 09:47:00,34.20909090909091,0.004003974379994145,97.17873769156618
21222,SET/4 BADGES BEETLES,614,788.64,127,67,7,1.25,2009-12-07 13:59:00,2011-11-29 16:33:00,4.834645669291339,0.00400199530440995,97.18273968687059
84578,ELEPHANT TOY WITH BLUE T-SHIRT,205,787.86,102,17,2,3.75,2009-12-07 18:02:00,2010-04-09 09:26:00,2.0098039215686274,0.0039980371532415595,97.18673772402383
22408,MONEY BOX CONFECTIONERY DESIGN,614,784.63,92,52,7,1.25,2010-03-26 13:46:00,2011-11-30 09:53:00,6.673913043478261,0.003981646347762197,97.1907193703716
84767,ZINC POLICE BOX LANTERN,193,783.7,4,4,2,5.95,2009-12-14 11:10:00,2010-03-14 11:55:00,48.25,0.003976927013676808,97.19469629738528
84951B,SET OF 4 BLACK LOVEBIRD COASTERS,540,782.98,118,49,2,1.66,2009-12-10 09:49:00,2011-12-04 15:19:00,4.576271186440678,0.003973273335675216,97.19866957072095
84625D,WHITE NEWBAROQUE CANDLESTICK CANDLE,646,781.54,50,25,4,2.95,2009-12-11 10:54:00,2010-11-17 13:53:00,12.92,0.003965965979672033,97.20263553670063
23022,SMALL BONNE JAM JAR  T-LIGHT HOLDER,409,781.12,21,14,2,2.08,2011-06-15 15:35:00,2011-12-04 14:45:00,19.476190476190474,0.003963834667504438,97.20659937136813
47563A,RETRO LONGBOARD IRONING BOARD COVER,324,780.64,141,62,2,3.29,2009-12-07 15:26:00,2011-12-02 16:39:00,2.297872340425532,0.003961398882170044,97.2105607702503
90200E,GREEN SWEETHEART BRACELET,187,780.59,83,55,3,4.25,2009-12-08 15:49:00,2011-12-02 16:39:00,2.253012048192771,0.003961145154531044,97.21452191540483
20997,ROSE DU SUD CUSHION COVER,166,780.22,80,42,6,4.21,2009-12-08 16:09:00,2011-12-02 16:39:00,2.075,0.003959267570002449,97.21848118297483
20699,MOUSEY LONG LEGS SOFT TOY,288,780.04,85,46,6,2.55,2009-12-07 13:35:00,2011-11-17 12:55:00,3.388235294117647,0.003958354150502051,97.22243953712533
22135,MINI LADLE LOVE HEART PINK,1578,779.29,302,94,6,0.83,2009-12-07 10:41:00,2011-12-02 16:39:00,5.225165562913907,0.00395454823591706,97.22639408536124
23409,PHOTO FRAME LINEN AND LACE LARGE,209,779.1800000000001,42,12,3,3.75,2011-09-07 16:00:00,2011-12-04 12:18:00,4.976190476190476,0.003953990035111261,97.23034807539635
84920,PINK FLOWER FABRIC PONY,194,779.13,86,48,6,3.75,2009-12-07 18:02:00,2011-11-28 12:14:00,2.255813953488372,0.003953736307472261,97.23430181170382
22058,CERAMIC LOVE HEARTS DESIGN MUG,508,775.9,99,34,3,1.49,2009-12-08 15:49:00,2010-11-21 15:24:00,5.1313131313131315,0.0039373455019929,97.23823915720581
45008C,DECORATIVE NET CANOPY CREAM,81,774.17,33,18,6,8.95,2009-12-14 18:03:00,2010-07-14 14:30:00,2.4545454545454546,0.00392856652568352,97.2421677237315
90161C,ANT COPPER LIME BOUDICCA BRACELET,155,774.0500000000001,93,59,2,4.98,2009-12-07 17:56:00,2011-12-02 16:14:00,1.6666666666666667,0.0039279575793499215,97.24609568131085
72349b,SET/6 PURPLE BUTTERFLY T-LIGHTS,186,773.73,106,46,1,4.13,2009-12-22 14:48:00,2011-12-02 10:08:00,1.7547169811320755,0.003926333722460325,97.25002201503331
17107D,"FLOWER FAIRY,5 SUMMER B'DRAW LINERS",303,772.65,83,49,5,2.55,2009-12-10 12:21:00,2011-11-25 16:13:00,3.6506024096385543,0.003920853205457937,97.25394286823877
72801G,4 BURGUNDY WINE DINNER CANDLES,1303,771.12,60,39,1,1.25,2009-12-11 13:31:00,2011-11-15 15:23:00,21.716666666666665,0.003913089139704556,97.25785595737847
23521,WALL ART CAT AND BIRD,408,768.96,39,9,2,2.89,2011-10-03 11:37:00,2011-12-02 16:39:00,10.461538461538462,0.003902128105699781,97.26175808548416
72755C,FLOWER FAIRY OIL BURNER SET ROSE,592,767.0,14,8,2,1.25,2009-12-22 12:01:00,2010-03-26 14:29:00,42.285714285714285,0.003892181982251004,97.26565026746641
23140,TRIPLE WIRE HOOK IVORY HEART,182,766.1,52,25,2,4.15,2011-04-19 16:52:00,2011-11-13 14:09:00,3.5,0.0038876148847490142,97.26953788235116
16259,PIECE OF CAMO STATIONERY SET,5473,766.09,55,37,4,0.21,2009-12-07 13:24:00,2011-11-13 11:55:00,99.50909090909092,0.0038875641392212145,97.27342544649038
23487,SWEET HEART CAKE CARRIER,77,765.7299999999999,42,7,4,9.95,2011-10-14 11:15:00,2011-11-25 16:13:00,1.8333333333333333,0.0038857373002204178,97.2773111837906
37333,"RETRO ""TEA FOR ONE""",138,764.14,56,36,2,4.95,2009-12-16 10:16:00,2011-05-03 12:13:00,2.4642857142857144,0.003877668761300237,97.2811888525519
84951A,SET OF 4 PISTACHIO LOVEBIRD COASTER,558,763.8299999999999,131,58,2,1.66,2009-12-07 17:56:00,2011-11-30 15:13:00,4.259541984732825,0.003876095649938441,97.28506494820185
84963A,PINK PAINTED KASHMIRI CHAIR,23,763.35,9,8,2,49.95,2010-02-02 16:07:00,2010-12-05 11:57:00,2.5555555555555554,0.0038736598646040466,97.28893860806646
84970s,HANGING HEART ZINC T-LIGHT HOLDER,363,763.24,94,48,1,2.08,2010-06-04 14:55:00,2011-11-30 14:11:00,3.8617021276595747,0.003873101663798248,97.29281170973026
84509a,SET OF 4 ENGLISH ROSE PLACEMATS,102,762.68,71,38,1,7.46,2009-12-22 15:13:00,2011-12-02 10:08:00,1.4366197183098592,0.0038702599142414543,97.2966819696445
20913,SET/5 BLUE SPOTTY LID GLASS BOWLS,273,762.3199999999999,26,5,2,2.95,2009-12-08 15:12:00,2010-01-17 16:01:00,10.5,0.003868433075240659,97.30055040271974
84762C,GREEN PICNIC BARBECUE BUCKET,105,761.25,43,18,2,8.47,2009-12-07 18:02:00,2010-05-21 15:24:00,2.441860465116279,0.003863003303766071,97.3044134060235
23025,DRAWER KNOB VINTAGE GLASS BALL,350,760.8000000000001,54,20,4,2.08,2011-06-27 08:50:00,2011-12-02 10:32:00,6.481481481481482,0.0038607197550150764,97.30827412577851
22486,PLASMATRONIC LAMP,83,760.43,35,25,2,12.75,2010-03-08 12:45:00,2011-11-30 15:13:00,2.3714285714285714,0.0038588421704864808,97.312132967949
22447,PIN CUSHION BABUSHKA BLUE,229,759.99,79,43,7,3.35,2010-03-23 08:55:00,2011-11-24 09:21:00,2.8987341772151898,0.003856609367263286,97.31598957731626
23006,TRAVEL CARD WALLET FLOWER MEADOW,1754,759.84,171,41,5,0.42,2011-02-16 16:56:00,2011-12-04 12:32:00,10.257309941520468,0.0038558481843462876,97.3198454255006
84534B,FAIRY CAKE NOTEBOOK A5 SIZE,807,759.41,182,52,5,0.85,2009-12-07 15:15:00,2011-01-20 12:16:00,4.434065934065934,0.003853666126650893,97.32369909162725
22640,SET OF 4 NAPKIN CHARMS 3 KEYS,352,757.27,85,50,4,2.55,2010-06-24 12:49:00,2011-12-02 15:39:00,4.141176470588236,0.003842806583701718,97.32754189821095
20910,VINTAGE PHOTO ALBUM PARIS DAYS,105,756.12,46,35,2,6.35,2009-12-07 15:26:00,2010-12-16 11:53:00,2.282608695652174,0.0038369708480047314,97.33137886905895
21298,EDWARDIAN 2 DRAWER WALL CABINET,52,755.8,14,4,1,12.75,2009-12-14 15:38:00,2010-03-03 12:31:00,3.7142857142857144,0.003835346991115135,97.33521421605006
23335,EGG FRYING PAN IVORY,363,755.51,91,24,5,2.08,2011-06-13 16:33:00,2011-12-04 10:35:00,3.989010989010989,0.0038338753708089387,97.33904809142088
21723,ALPHABET HEARTS STICKER SHEET,853,754.75,130,69,6,0.85,2009-12-07 17:56:00,2011-11-30 14:00:00,6.561538461538461,0.0038300187106961475,97.34287811013158
21185,HOME SWEET HOME  BLACKBOARD,116,754.7399999999999,37,13,3,6.35,2009-12-08 11:44:00,2010-07-05 12:49:00,3.135135135135135,0.003829967965168347,97.34670807809675
23338,EGG FRYING PAN RED,355,754.01,97,25,4,2.08,2011-06-12 13:17:00,2011-12-04 14:55:00,3.6597938144329896,0.0038262635416389562,97.3505343416384
47581B,FAIRY CAKE WICKER PICNIC BASKET,46,753.77,36,22,3,12.75,2009-12-08 15:49:00,2010-05-25 17:17:00,1.2777777777777777,0.003825045648971759,97.35435938728736
23550,WRAP ALPHABET POSTER,1830,752.6,63,19,5,0.42,2011-07-18 11:42:00,2011-11-30 16:43:00,29.047619047619047,0.0038191084222191727,97.35817849570958
84712B,PINK JEWELLED PHOTO FRAME,96,751.6,58,39,2,7.95,2009-12-11 14:39:00,2011-11-30 17:37:00,1.6551724137931034,0.0038140338694391844,97.36199252957903
23017,APOTHECARY MEASURING JAR,64,751.4000000000001,21,16,5,12.5,2011-06-26 13:56:00,2011-11-21 16:25:00,3.0476190476190474,0.0038130189588831873,97.3658055485379
23124,18PC WOODEN CUTLERY SET DISPOSABLE,567,751.38,43,15,4,1.25,2011-06-17 13:17:00,2011-11-03 15:56:00,13.186046511627907,0.003812917467827587,97.36961846600573
72750A,FLOWER FAIRY SET OF 3 LILY CANDLES,375,751.25,15,10,2,1.95,2009-12-14 15:51:00,2010-04-23 11:12:00,25.0,0.0038122577759661883,97.3734307237817
84653,GREEN ROSE QUILT,14,750.48,12,7,1,45.95,2010-01-11 09:35:00,2010-03-24 12:04:00,1.1666666666666667,0.0038083503703255977,97.37723907415202
35811A,ENAMEL PINK SUGAR CONTAINER,428,750.37,83,35,2,2.1,2009-12-09 12:18:00,2010-10-08 12:18:00,5.156626506024097,0.0038077921695197988,97.38104686632154
23282,FOLDING BUTTERFLY MIRROR IVORY,807,748.8199999999999,132,29,6,0.83,2011-05-09 16:35:00,2011-12-04 12:08:00,6.113636363636363,0.003799926612710817,97.38484679293425
84615,PINK ROUND BUTTERFLY MIRROR,240,748.48,21,9,2,1.95,2009-12-08 12:38:00,2010-04-12 16:38:00,11.428571428571429,0.003798201264765621,97.38864499419903
84761,IVORY HANGING BIRD PLANTER,268,748.4499999999999,60,28,3,2.55,2009-12-08 17:08:00,2010-09-16 19:43:00,4.466666666666667,0.0037980490281822213,97.3924430432272
35647,VINTAGE BEAD PINK SHADE,563,748.24,74,36,1,1.25,2009-12-08 15:49:00,2011-03-11 12:29:00,7.608108108108108,0.003796983372098424,97.3962400265993
16244B,MAXWELL 2 TONE BLUE 60 PAGE PHOTO A,341,747.9699999999999,26,14,1,4.21,2009-12-14 18:37:00,2011-05-11 15:16:00,13.115384615384615,0.0037956132428478262,97.40003563984214
23123,COCKTAIL SWORDS 50 PIECES,921,747.15,92,23,5,0.83,2011-06-17 11:38:00,2011-12-04 15:19:00,10.01086956521739,0.0037914521095682367,97.40382709195171
84663A,GRASS HOPPER WOODEN WALL CLOCK,373,746.39,64,43,6,5.91,2009-12-07 14:58:00,2011-11-20 14:04:00,5.828125,0.0037875954494554455,97.40761468740116
21456,2 PICTURE BOOK EGGS EASTER CHICKS,714,746.05,63,22,4,1.25,2010-01-12 16:02:00,2011-08-30 10:47:00,11.333333333333334,0.0037858701015102496,97.41140055750267
22344,PARTY PIZZA DISH PINK POLKADOT,1336,745.5899999999999,124,60,11,0.85,2009-12-07 14:34:00,2011-12-04 12:32:00,10.774193548387096,0.003783535807231454,97.4151840933099
84842,HELLO SAILOR BATHROOM SET,1505,744.1500000000001,35,29,2,3.75,2009-12-07 17:56:00,2011-11-27 11:57:00,43.0,0.0037762284512282726,97.41896032176113
21319,GLASS CHALICE GREEN  SMALL,508,743.6099999999999,65,42,4,1.65,2009-12-07 13:35:00,2011-04-10 13:36:00,7.815384615384615,0.0037734881927270775,97.42273380995385
85017A,ENVELOPE 50 ROMANTIC IMAGES,1099,743.05,166,44,9,0.83,2009-12-07 17:56:00,2011-04-03 15:07:00,6.620481927710843,0.0037706464431702847,97.42650445639703
84689,S/2 BEACH HUT TREASURE CHESTS,312,742.9,40,23,4,5.95,2009-12-18 12:33:00,2011-05-04 12:29:00,7.8,0.0037698852602532865,97.43027434165728
20901,VINTAGE KEEPSAKE BOX PINK FLOWER,83,742.48,64,33,3,12.72,2009-12-10 09:49:00,2011-11-14 14:39:00,1.296875,0.0037677539480856915,97.43404209560536
21300,ANTIQUE EDWARDIAN DRESSER,51,741.8,11,3,2,12.75,2009-12-14 18:03:00,2010-03-05 10:51:00,4.636363636363637,0.0037643032521952995,97.43780639885756
23325,RUSTIC STRAWBERRY JAM POT SMALL,462,740.9399999999999,35,15,4,1.65,2011-08-11 16:30:00,2011-11-27 15:38:00,13.2,0.0037599391368045095,97.44156633799436
21503,TOYBOX  WRAP,1801,740.42,64,43,8,0.42,2009-12-16 17:06:00,2011-11-30 16:43:00,28.140625,0.0037573003693589157,97.44532363836372
35095B,RED VICTORIAN FABRIC OVAL BOX,1897,738.62,165,76,3,0.42,2009-12-09 13:00:00,2011-11-30 15:13:00,11.496969696969696,0.0037481661743549366,97.44907180453808
84033,FLAG OF ST GEORGE,392,735.38,49,26,3,1.65,2010-01-15 12:22:00,2011-09-14 16:36:00,8.0,0.0037317246233477745,97.45280352916143
84715,SET OF 6 ICE CREAM SKITTLES,241,734.8900000000001,47,28,5,2.95,2009-12-07 17:56:00,2011-04-13 13:47:00,5.127659574468085,0.003729238092485581,97.45653276725392
85130C,BEADED CRYSTAL HEART BLUE  LARGE,654,733.9399999999999,66,44,3,0.79,2010-01-05 13:23:00,2011-12-02 12:52:00,9.909090909090908,0.0037244172673445916,97.46025718452127
21194,PINK  HONEYCOMB PAPER FAN,560,733.25,91,51,8,2.1,2009-12-14 18:03:00,2011-12-01 19:24:00,6.153846153846154,0.0037209158259263997,97.46397810034719
21000,ROSE DU SUD COSMETICS BAG,187,733.1899999999999,90,59,9,3.36,2009-12-08 16:09:00,2011-12-01 16:22:00,2.077777777777778,0.0037206113527596,97.46769871169995
84821,DANISH ROSE DELUXE COASTER,1266,732.62,71,51,7,0.85,2009-12-22 09:41:00,2011-11-25 13:23:00,17.830985915492956,0.003717718857675007,97.47141643055762
90209C,PINK ENAMEL+GLASS HAIR COMB,388,731.24,63,45,2,2.1,2009-12-15 13:21:00,2011-10-31 14:41:00,6.158730158730159,0.0037107159748386233,97.47512714653246
ADJUST2,Adjustment by Peter on Jun 25 2010,3,731.0500000000001,3,1,1,300.13,2010-06-25 14:15:00,2010-06-25 14:15:00,1.0,0.0037097518098104256,97.47883689834227
90209B,GREEN ENAMEL+GLASS HAIR COMB,380,730.66,97,49,1,2.11,2009-12-09 09:42:00,2011-10-02 10:58:00,3.917525773195876,0.00370777273422623,97.4825446710765
23115,RED APPLES CHOPPING BOARD,146,728.94,41,10,5,4.95,2011-09-30 13:54:00,2011-12-04 16:07:00,3.5609756097560976,0.0036990445034446504,97.48624371557995
23223,CHRISTMAS TREE HANGING SILVER,783,726.4499999999999,82,19,2,0.83,2011-06-23 09:38:00,2011-12-04 14:01:00,9.548780487804878,0.0036864088670224794,97.48993012444697
84708B,PINK JEWELLED PHOTO FRAME,140,722.89,51,40,4,4.95,2009-12-08 15:00:00,2011-12-01 13:47:00,2.7450980392156863,0.003668343459125721,97.4935984679061
20657,TROPICAL LUGGAGE TAG,1873,721.47,116,60,6,1.25,2009-12-07 18:02:00,2011-11-11 09:05:00,16.146551724137932,0.0036611375941781378,97.49725960550028
72800A,S/4 BLACK DINNER CANDLE SILVER FLOC,667,720.1700000000001,41,18,2,2.55,2009-12-07 17:56:00,2010-05-16 12:51:00,16.26829268292683,0.003654540675564153,97.50091414617584
21344,MOROCCAN BEATEN METAL DISH,163,719.97,24,21,4,9.95,2009-12-16 09:37:00,2011-12-04 14:01:00,6.791666666666667,0.0036535257650081553,97.50456767194085
85231L,LAVENDER SCENTED SET/9 T-LIGHTS,899,719.3499999999999,100,17,3,0.85,2009-12-07 11:05:00,2010-05-02 15:10:00,8.99,0.003650379542284562,97.50821805148313
85131B,BEADED CRYSTAL HEART GREEN ON STICK,934,719.12,213,65,1,0.83,2009-12-16 17:58:00,2011-12-02 16:39:00,4.384976525821596,0.0036492123951451655,97.51186726387827
72799C,PINK PILLAR CANDLE SILVER FLOCK,413,718.39,38,26,1,2.95,2009-12-09 09:42:00,2011-12-01 11:20:00,10.868421052631579,0.003645507971615774,97.51551277184988
85088,CANDY SPOT HAND BAG,344,717.5500000000001,76,48,8,2.1,2009-12-08 12:33:00,2011-11-30 15:13:00,4.526315789473684,0.0036412453472805836,97.51915401719717
21377,SMALL CAMPHOR WOOD FIELD  MUSHROOM,491,717.27,92,60,3,3.29,2009-12-07 17:56:00,2011-12-04 10:11:00,5.336956521739131,0.003639824472502187,97.52279384166967
84620,BLUE GINGHAM ROSE CUSHION COVER,116,716.86,48,30,4,5.95,2009-12-14 08:40:00,2010-12-15 14:12:00,2.4166666666666665,0.0036377439058623917,97.52643158557552
21551,CERAMIC BIRDHOUSE BUTTERFLY LARGE,152,716.75,16,6,1,5.95,2009-12-07 12:08:00,2010-01-29 17:25:00,9.5,0.003637185705056593,97.53006877128058
21443,OLIVE CHALET BIRDFEEDER,255,716.4,24,12,1,3.75,2009-12-08 15:49:00,2010-03-30 13:35:00,10.625,0.003635409611583597,97.53370418089217
20850,ZINC HEART LATTICE PLANTER BOWL,820,713.8000000000001,23,15,2,2.95,2010-01-06 10:53:00,2010-11-11 15:09:00,35.65217391304348,0.0036222157743556276,97.53732639666653
35915B,BLUE KNITTED HEN,563,713.7299999999999,67,26,5,0.83,2009-12-18 10:59:00,2011-09-23 17:04:00,8.402985074626866,0.003621860555661028,97.54094825722218
21001,ROSE DU SUD WASHBAG,140,713.67,89,56,7,4.21,2009-12-16 12:17:00,2011-11-30 15:13:00,1.5730337078651686,0.0036215560824942295,97.54456981330468
23435,3 RAFFIA RIBBONS VINTAGE CHRISTMAS,801,713.45,91,13,4,0.83,2011-09-09 16:13:00,2011-12-02 16:39:00,8.802197802197803,0.003620439680882632,97.54819025298556
23598,PAPER BUNTING VINTAGE PARTY,235,713.1300000000001,40,4,3,2.95,2011-11-10 16:20:00,2011-12-04 14:15:00,5.875,0.003618815823993036,97.55180906880956
84684,BEACH HUT PHOTO FRAME,606,713.05,38,18,3,2.55,2009-12-14 16:11:00,2010-06-04 15:50:00,15.947368421052632,0.0036184098597706366,97.55542747866933
21552,CERAMIC BIRDHOUSE BLACK ROSE  LARGE,143,712.7,30,9,2,5.95,2009-12-07 12:08:00,2010-06-03 11:35:00,4.766666666666667,0.0036166337662976405,97.55904411243563
20833,SHAKER THROW  QUILTED,50,711.9,4,3,1,12.75,2009-12-10 12:10:00,2010-03-09 13:29:00,12.5,0.00361257412407365,97.5626566865597
79030D,TUMBLER BAROQUE,1009,711.64,61,38,5,0.97,2009-12-08 12:05:00,2011-11-10 19:40:00,16.540983606557376,0.003611254740350853,97.56626794130005
21015,DARK BIRD HOUSE TREE DECORATION,1604,710.63,174,41,6,0.83,2009-12-08 12:25:00,2011-12-04 13:59:00,9.218390804597702,0.003606129442043065,97.5698740707421
20854,BLUE PATCH PURSE PINK HEART,440,709.7199999999999,106,45,4,1.65,2009-12-09 15:03:00,2011-02-20 12:01:00,4.150943396226415,0.0036015115990132747,97.57347558234112
84976,RECTANGULAR SHAPED MIRROR,658,707.62,53,37,6,1.69,2009-12-09 09:51:00,2011-12-02 16:39:00,12.415094339622641,0.0035908550381753,97.57706643737929
23522,WALL ART DOG AND BALL,340,705.4,29,9,1,2.89,2011-10-03 11:01:00,2011-11-29 17:12:00,11.724137931034482,0.0035795895310037264,97.58064602691029
85135A,YELLOW DRAGONFLY HELICOPTER,88,704.79,58,33,1,7.95,2009-12-08 17:10:00,2011-11-29 11:48:00,1.5172413793103448,0.0035764940538079333,97.58422252096409
85230F,JASMINE VOTIVE CANDLE,2872,704.2399999999999,58,39,5,0.29,2009-12-13 11:34:00,2011-11-10 13:28:00,49.51724137931034,0.0035737030497789393,97.58779622401387
84869,CANDY BUTTON PHOTO ALBUM,302,703.54,26,14,2,5.95,2009-12-09 11:58:00,2010-04-23 11:12:00,11.615384615384615,0.003570150862832948,97.5913663748767
21378,SMALL TALL CAMPHOR WOOD TOADSTOOL,531,703.16,82,52,2,1.65,2009-12-07 17:56:00,2011-12-04 10:10:00,6.475609756097561,0.0035682225327765527,97.59493459740948
22641,SET OF 4 NAPKIN CHARMS INSTRUMENT,297,702.53,68,38,3,2.55,2010-07-21 14:38:00,2011-11-29 15:06:00,4.367647058823529,0.00356502556452516,97.598499622974
23070,EDWARDIAN HEART PHOTO FRAME,159,701.25,43,24,2,4.15,2011-05-04 14:11:00,2011-12-04 13:00:00,3.697674418604651,0.003558530136966775,97.60205815311097
84595E,LARGE TORTILLA DESIGN RED BOWL,361,701.0699999999999,42,33,3,3.29,2009-12-09 09:42:00,2011-08-02 16:11:00,8.595238095238095,0.003557616717466377,97.60561576982845
21457,2 PICTURE BOOK EGGS EASTER DUCKS,673,701.0,64,27,4,1.25,2010-01-12 16:02:00,2011-11-09 15:09:00,10.515625,0.0035572614987717777,97.60917303132722
20701,PINK CAT FLORAL CUSHION COVER,351,700.71,48,20,3,4.13,2009-12-07 13:35:00,2011-06-30 15:56:00,7.3125,0.0035557898784655813,97.61272882120568
22638,SET OF 4 NAPKIN CHARMS CROWNS,361,700.47,70,34,5,2.55,2010-07-23 14:16:00,2011-12-04 14:55:00,5.1571428571428575,0.003554571985798384,97.61628339319148
21076,SET/20 COLLAGE PAPER NAPKIN,826,700.0999999999999,90,14,5,0.85,2009-12-09 10:48:00,2010-03-16 13:28:00,9.177777777777777,0.0035526944012697877,97.61983608759274
35095A,BLUE VICTORIAN FABRIC OVAL BOX,1766,699.7099999999999,154,72,5,0.83,2009-12-09 13:00:00,2011-12-02 16:39:00,11.467532467532468,0.0035507153256855925,97.62338680291843
20763,DAISY SKETCHBOOK,266,699.11,73,46,2,3.75,2009-12-07 11:19:00,2011-11-27 16:08:00,3.643835616438356,0.0035476705940176,97.62693447351245
21308,LOUVRE VANITY MIRROR,131,697.95,5,3,1,17.35,2009-12-07 18:02:00,2010-01-12 15:57:00,26.2,0.003541784112792814,97.63047625762525
21415,CLAM SHELL SMALL,311,696.9300000000001,79,58,3,2.1,2009-12-09 09:42:00,2011-11-21 10:22:00,3.9367088607594938,0.0035366080689572255,97.6340128656942
22981,PANTRY APPLE CORER,466,696.88,103,34,7,1.45,2011-03-03 15:02:00,2011-12-02 16:39:00,4.524271844660194,0.003536354341318226,97.63754922003552
23222,CHRISTMAS TREE HANGING GOLD,776,695.4399999999999,71,16,4,0.83,2011-06-23 09:38:00,2011-12-02 13:49:00,10.929577464788732,0.003529046985315043,97.64107826702084
23187,FRENCH STYLE STORAGE JAR BONBONS,2338,695.06,74,22,7,0.29,2011-03-08 12:05:00,2011-11-03 16:56:00,31.594594594594593,0.0035271186552586478,97.6446053856761
22124,SET OF 2 TEA TOWELS PING MICROWAVE,249,693.1800000000001,123,66,3,2.51,2009-12-07 13:59:00,2011-12-04 15:19:00,2.024390243902439,0.0035175784960322695,97.64812296417213
10134,COLOURING PENCILS BROWN TUBE,602,692.38,49,28,4,1.25,2009-12-07 12:19:00,2010-11-12 13:43:00,12.285714285714286,0.003513518853808279,97.65163648302594
72131,COLUMBIAN CANDLE RECTANGLE,748,692.28,56,34,2,1.95,2009-12-10 17:09:00,2011-11-25 11:02:00,13.357142857142858,0.0035130113985302803,97.65514949442446
23454,THREE MINI HANGING FRAMES,164,691.7,48,7,2,4.15,2011-10-21 13:13:00,2011-12-04 12:17:00,3.4166666666666665,0.003510068157917887,97.65865956258239
84569A,PACK 3 IRON ON DOG PATCHES,557,691.11,107,59,10,1.25,2009-12-08 12:38:00,2011-11-24 09:26:00,5.205607476635514,0.003507074171777694,97.66216663675416
21221,SET/4 BADGES CUTE CREATURES,522,690.88,103,56,5,1.25,2009-12-07 16:40:00,2011-11-30 15:13:00,5.067961165048544,0.0035059070246382966,97.6656725437788
22036,DINOSAUR BIRTHDAY CARD,1637,690.07,134,35,6,0.42,2009-12-07 11:46:00,2010-10-04 14:30:00,12.216417910447761,0.003501796636886506,97.66917434041568
37461,FUNKY MONKEY MUG,641,689.4699999999999,91,43,1,1.25,2009-12-07 15:15:00,2010-12-05 15:12:00,7.043956043956044,0.0034987519052185126,97.67267309232089
20898,VINTAGE NOTEBOOK TRAVELOGUE,326,687.88,52,31,4,2.95,2009-12-08 12:34:00,2011-10-23 13:49:00,6.269230769230769,0.0034906833662983316,97.67616377568719
23458,DOLLY CABINET 3 DRAWERS,46,687.6999999999999,27,7,4,14.95,2011-10-17 15:18:00,2011-12-02 17:12:00,1.7037037037037037,0.003489769946797934,97.67965354563398
21379,CAMPHOR WOOD PORTOBELLO MUSHROOM,618,687.24,118,67,2,2.46,2009-12-07 17:56:00,2011-12-04 10:10:00,5.237288135593221,0.003487435652519139,97.6831409812865
21365,MIRRORED WALL ART STARS,441,686.9200000000001,74,45,4,2.95,2009-12-07 13:35:00,2011-12-01 11:10:00,5.95945945945946,0.003485811795629543,97.68662679308213
90200B,BLACK SWEETHEART BRACELET,162,686.22,77,53,2,4.25,2009-12-07 17:56:00,2011-12-02 16:39:00,2.103896103896104,0.003482259608683551,97.69010905269081
84917,WHITE HAND TOWEL WITH BUTTERFLY,229,686.03,53,31,3,4.21,2010-01-07 19:34:00,2011-05-26 10:44:00,4.320754716981132,0.0034812954436553535,97.69359034813446
84563A,PINK & WHITE BREAKFAST TRAY,139,685.15,62,34,7,5.95,2009-12-07 17:56:00,2011-05-17 10:57:00,2.2419354838709675,0.003476829837208964,97.69706717797168
85186A,EASTER BUNNY GARLAND OF FLOWERS,1472,685.04,158,38,4,0.42,2009-12-07 11:46:00,2011-04-14 19:15:00,9.316455696202532,0.003476271636403165,97.70054344960808
23042,PAPER LANTERN 7 POINT SNOW STAR,101,684.9300000000001,27,17,1,6.65,2011-04-28 13:35:00,2011-12-01 19:24:00,3.740740740740741,0.0034757134355973664,97.70401916304367
16015,MEDIUM CHINESE STYLE SCISSOR,1512,684.18,63,53,1,0.5,2009-12-07 11:40:00,2011-11-17 17:34:00,24.0,0.0034719075210123754,97.70749107056469
84584,PINK GINGHAM CAT WITH SCARF,278,683.93,73,45,8,2.55,2009-12-09 09:42:00,2011-07-10 13:46:00,3.808219178082192,0.003470638882817378,97.7109617094475
84931B,BLUE SCOTTIE DOG W FLOWER PATTERN,273,683.77,82,52,4,2.55,2009-12-14 17:57:00,2011-11-30 13:08:00,3.3292682926829267,0.00346982695437258,97.71443153640188
23114,VINTAGE LEAF CHOPPING BOARD,138,683.5,43,10,9,4.95,2011-09-30 13:54:00,2011-11-29 16:47:00,3.2093023255813953,0.0034684568251219833,97.717899993227
84952C,MIRROR LOVE BIRD T-LIGHT HOLDER,368,682.51,41,22,1,3.75,2009-12-07 13:06:00,2011-10-11 12:36:00,8.975609756097562,0.0034634330178697948,97.72136342624486
85084,HOLLY TOP CHRISTMAS STOCKING,682,681.4,84,19,2,0.85,2009-12-08 13:43:00,2010-12-21 12:44:00,8.119047619047619,0.003457800264284008,97.72482122650915
23120,PACK OF 6 SMALL FRUIT STRAWS,1683,681.18,98,24,5,0.42,2011-06-17 12:22:00,2011-12-02 14:26:00,17.1734693877551,0.0034566838626724104,97.72827791037182
21674,RIDGED GLASS PENDANT LAMPSHADE,43,680.8499999999999,9,7,3,16.95,2009-12-07 13:49:00,2010-03-10 10:53:00,4.777777777777778,0.0034550092602550135,97.73173291963207
21386,IVORY HANGING DECORATION  EGG,1148,680.78,105,47,3,0.85,2010-01-11 14:39:00,2011-12-04 12:32:00,10.933333333333334,0.003454654041560415,97.73518757367363
90161B,ANT COPPER TURQ BOUDICCA BRACELET,136,679.37,70,49,2,4.98,2009-12-09 09:42:00,2011-11-30 15:13:00,1.9428571428571428,0.0034474989221406314,97.73863507259577
21442,GREEN BIRDHOUSE DECORATION,833,678.37,129,70,7,0.85,2009-12-15 18:33:00,2011-11-20 13:33:00,6.457364341085271,0.003442424369360643,97.74207749696512
47594A,CAROUSEL DESIGN WASHBAG,344,678.3,105,57,7,1.95,2009-12-14 17:57:00,2011-11-24 13:06:00,3.276190476190476,0.003442069150666044,97.74551956611579
62094B,TURQ ICE CREAM BUM BAG,305,677.99,67,38,5,5.06,2010-01-19 09:05:00,2011-02-04 10:40:00,4.552238805970149,0.0034404960393042477,97.74896006215509
84925D,LA PALMIERA WALL THERMOMETER,452,677.45,26,20,2,2.55,2009-12-07 12:42:00,2011-06-23 11:38:00,17.384615384615383,0.003437755780803054,97.7523978179359
22033,BOTANICAL ROSE GREETING CARD,1591,676.89,127,58,6,0.42,2009-12-07 11:46:00,2011-11-22 15:41:00,12.527559055118111,0.0034349140312462606,97.75583273196715
84824,DANISH ROSE UMBRELLA STAND,38,676.4499999999999,32,17,3,15.95,2009-12-14 15:06:00,2011-11-20 15:35:00,1.1875,0.003432681228023066,97.75926541319517
72755D,FLOWER FAIRY OIL BURNER SET SUMMER,529,676.25,12,7,2,1.25,2009-12-07 13:48:00,2010-03-26 14:29:00,44.083333333333336,0.003431666317467068,97.76269707951263
20862,PINK PATCH PENCIL CASE BLUE HEART,321,676.1400000000001,33,15,4,2.1,2009-12-07 15:28:00,2010-06-30 08:36:00,9.727272727272727,0.00343110811666127,97.76612818762929
85017C,ENVELOPE 50 CURIOUS IMAGES,1035,675.79,112,47,9,0.83,2009-12-07 17:56:00,2011-05-12 20:13:00,9.241071428571429,0.0034293320231882736,97.76955751965248
21847,GREEN  DIAMANTE PEN IN GIFT BOX,347,675.37,71,40,2,2.57,2009-12-08 12:34:00,2011-11-16 15:23:00,4.887323943661972,0.0034272007110206786,97.7729847203635
85023B,EAU DE NILE JEWELLED PHOTOFRAME,290,674.7,36,29,4,2.55,2009-12-22 14:15:00,2011-11-16 10:55:00,8.055555555555555,0.0034238007606580863,97.77640852112415
20856,DENIM PATCH PURSE PINK BUTTERFLY,407,672.4399999999999,121,58,6,1.65,2009-12-11 11:26:00,2011-08-09 14:18:00,3.3636363636363638,0.003412332271375313,97.77982085339553
90160C,TURQ+RED BOUDICCA LARGE BRACELET,96,669.9300000000001,44,40,2,6.95,2009-12-22 14:31:00,2011-11-30 15:13:00,2.1818181818181817,0.0033995951438975424,97.78322044853944
85096,HILDA CANDY SPOT RABBIT,162,669.42,64,43,3,3.75,2010-01-07 11:52:00,2011-11-23 12:20:00,2.53125,0.0033970071219797484,97.78661745566141
85205B,PINK FELT EASTER RABBIT GARLAND,241,669.38,61,24,4,2.55,2010-01-11 09:37:00,2011-04-21 18:06:00,3.9508196721311477,0.003396804139868549,97.79001425980128
21026,SPACE OWL,515,669.28,118,50,7,1.25,2009-12-07 18:02:00,2011-12-02 16:39:00,4.364406779661017,0.00339629668459055,97.79341055648587
37492D,PURPLE GREEN FLOWER PIGGY BANK,358,669.04,25,14,1,4.65,2009-12-08 11:13:00,2010-05-21 09:40:00,14.32,0.0033950787919233526,97.79680563527779
23024,LARGE BONNE JAM JAR  T-LIGHT HOLDER,255,667.8500000000001,11,9,3,2.89,2011-06-22 15:41:00,2011-11-14 13:55:00,23.181818181818183,0.0033890400741151674,97.8001946753519
47503F,ASS FLORAL PRINT TORCH,2529,667.25,7,5,2,1.65,2009-12-09 14:48:00,2010-03-09 13:26:00,361.2857142857143,0.0033859953424471736,97.80358067069434
84971L,LARGE HEART FLOWERS HOOK,541,667.19,52,15,2,1.25,2009-12-07 11:46:00,2010-04-07 12:45:00,10.403846153846153,0.0033856908692803745,97.80696636156362
17012F,ORIGAMI SANDLEWOOD INCENSE/CAND SET,574,665.62,102,48,3,2.46,2010-03-03 11:53:00,2011-12-04 13:45:00,5.627450980392157,0.003377723821415793,97.81034408538504
21750,LARGE SKULL WINDMILL,309,663.85,62,42,3,2.1,2009-12-14 15:51:00,2011-11-08 18:41:00,4.983870967741935,0.0033687418629952137,97.81371282724804
21197,MULTICOLOUR  CONFETTI IN TUBE,453,661.81,45,32,8,1.65,2010-03-03 13:57:00,2011-12-02 10:22:00,10.066666666666666,0.0033583897753240374,97.81707121702337
37444C,PINK BREAKFAST CUP AND SAUCER,1651,661.78,52,31,4,5.91,2009-12-09 09:42:00,2011-03-28 12:23:00,31.75,0.003358237538740638,97.8204294545621
85188B,PINK METAL SWINGING BUNNY,748,660.88,74,21,3,0.85,2010-01-11 12:29:00,2011-03-27 12:06:00,10.108108108108109,0.0033536704412386485,97.82378312500335
35964,FOLKART CLIP ON STARS,1148,660.08,122,34,4,0.83,2009-12-09 09:42:00,2011-12-04 15:19:00,9.40983606557377,0.0033496107990146576,97.82713273580237
82613A,"METAL SIGN,CUPCAKE SINGLE HOOK",487,659.9,113,50,5,1.25,2009-12-08 15:49:00,2011-07-14 13:41:00,4.3097345132743365,0.00334869737951426,97.83048143318187
37494A,FAIRY CAKE CERAMIC BUTTER DISH,191,659.7800000000001,47,11,2,5.91,2009-12-07 13:35:00,2010-04-01 15:04:00,4.0638297872340425,0.0033480884331806623,97.83382952161506
21764,VINTAGE WOODEN PLATE RACK,17,659.1500000000001,11,8,4,39.95,2009-12-08 15:12:00,2010-03-12 10:09:00,1.5454545454545454,0.0033448914649292696,97.83717441307999
21265,PINK GOOSE FEATHER TREE 60CM,297,658.79,32,23,5,1.95,2009-12-16 10:45:00,2011-12-04 13:59:00,9.28125,0.003343064625928473,97.84051747770592
21247,SET OF RED SALAD SERVERS,419,658.3199999999999,78,36,6,1.49,2009-12-08 12:33:00,2010-10-25 15:23:00,5.371794871794871,0.0033406795861218785,97.84385815729203
85186C,BUNNY EGG GARLAND,1399,657.36,151,38,5,0.42,2009-12-07 11:46:00,2011-10-20 09:28:00,9.264900662251655,0.0033358080154530898,97.84719396530748
22056,CERAMIC PLATE LOVE HEART DESIGN,607,656.87,34,18,3,1.49,2009-12-08 12:38:00,2010-07-27 15:45:00,17.852941176470587,0.0033333214845908954,97.85052728679207
85203,HANGING WOOD AND FELT BUTTERFLY,1439,655.83,223,85,5,0.42,2009-12-08 15:49:00,2011-11-29 13:12:00,6.452914798206278,0.003328043949699708,97.85385533074177
21884,CAKES AND BOWS GIFT  TAPE,1435,655.16,159,75,7,0.65,2009-12-10 09:49:00,2011-12-04 11:45:00,9.025157232704403,0.0033246439993371156,97.8571799747411
22100,SKULLS SQUARE TISSUE BOX,890,654.21,121,61,6,1.25,2009-12-07 15:42:00,2011-12-01 16:22:00,7.355371900826446,0.0033198231741961267,97.8604997979153
71403,"PINK/WHITE ""KEEP CLEAN"" BULLET BIN",175,650.0100000000001,68,46,4,5.79,2009-12-09 15:20:00,2011-11-16 12:25:00,2.573529411764706,0.0032985100525201763,97.86379830796781
21879,HEARTS GIFT TAPE,1547,649.8100000000001,148,53,7,0.65,2009-12-09 14:48:00,2011-12-04 12:02:00,10.452702702702704,0.003297495141964179,97.86709580310978
16169K,WRAP FOLK ART,2050,648.25,59,33,4,0.42,2009-12-14 10:49:00,2011-09-28 16:07:00,34.74576271186441,0.0032895788396273967,97.8703853819494
17109C,FLOWER FAIRY INCENSE ROSE,3116,647.71,12,8,2,1.69,2009-12-09 14:48:00,2010-03-03 11:53:00,259.6666666666667,0.003286838581126203,97.87367222053054
20989,URBAN CHIC CHOPSTICKS SET/5,338,647.63,50,13,2,1.95,2009-12-07 17:56:00,2010-03-17 12:54:00,6.76,0.003286432616903804,97.87695865314744
85019C,CURIOUS  IMAGES NOTEBOOK SET,422,646.94,24,20,3,4.25,2010-03-02 14:59:00,2011-06-09 10:06:00,17.583333333333332,0.0032829311754856124,97.88024158432293
85044,RED REINDEER STRING OF 20 LIGHTS,118,645.82,35,16,1,4.95,2009-12-07 12:42:00,2010-11-22 13:42:00,3.3714285714285714,0.0032772476763720253,97.8835188319993
47597,NEW ENGLAND TEATOWELS,322,644.88,124,28,2,1.66,2009-12-10 12:21:00,2010-08-31 12:30:00,2.596774193548387,0.003272477596758836,97.88679130959605
90082D,DIAMANTE BOW BROOCH BLACK COLOUR,100,644.7099999999999,49,33,1,6.35,2009-12-09 09:51:00,2011-11-27 15:18:00,2.0408163265306123,0.0032716149227862376,97.89006292451883
85215,ASSORTED CHEESE FRIDGE MAGNETS,831,643.89,66,43,7,0.65,2009-12-10 20:16:00,2011-08-10 15:29:00,12.590909090909092,0.0032674537895066476,97.89333037830833
85028S,FRENCH CHATEAU SMALL FRUITBOWL,427,641.97,31,18,4,1.95,2009-12-15 13:48:00,2011-04-08 11:54:00,13.774193548387096,0.00325771064816907,97.8965880889565
21554,CERAMIC BIRDHOUSE RED ROOF LARGE,146,641.75,16,5,2,5.95,2009-12-07 12:08:00,2010-01-21 14:30:00,9.125,0.003256594246557473,97.89984468320306
46776E,WOVEN CANDY CUSHION COVER,200,641.45,76,43,1,4.21,2010-01-04 13:03:00,2011-11-30 15:13:00,2.6315789473684212,0.003255071880723477,97.90309975508379
37474,SET/4 2 TONE EGG SHAPE MIXING BOWLS,62,641.0999999999999,43,30,5,9.95,2009-12-10 16:39:00,2010-12-06 16:57:00,1.441860465116279,0.0032532957872504803,97.90635305087103
20714,POSY SHOPPER BAG,1575,640.93,24,4,2,0.86,2009-12-09 16:24:00,2010-01-12 09:47:00,65.625,0.003252433113277882,97.90960548398431
21263,GREEN GOOSE FEATHER TREE 60CM,290,640.74,52,24,4,1.95,2010-09-13 09:56:00,2011-12-04 14:55:00,5.576923076923077,0.0032514689482496845,97.91285695293256
84916,HAND TOWEL PALE BLUE W FLOWERS,260,640.48,57,34,4,4.21,2009-12-13 16:05:00,2011-05-04 11:00:00,4.56140350877193,0.003250149564526888,97.91610710249708
20618,QUEEN OF THE SKIES PASSPORT COVER,294,640.04,134,72,4,2.1,2009-12-07 18:02:00,2011-11-28 13:37:00,2.1940298507462686,0.003247916761303693,97.91935501925839
84865,NEW BAROQUE BLACK PHOTO ALBUM,77,639.42,48,29,4,8.5,2009-12-22 09:41:00,2011-07-01 13:02:00,1.6041666666666667,0.0032447705385801,97.92259978979698
22034,ROBIN CHRISTMAS CARD,1533,638.21,90,22,9,0.42,2009-12-09 13:29:00,2011-11-25 15:23:00,17.033333333333335,0.0032386303297163143,97.9258384201267
85028L,FRENCH CHATEAU LARGE FRUIT BOWL,269,638.11,26,19,3,7.95,2009-12-21 11:08:00,2011-04-08 11:54:00,10.346153846153847,0.0032381228744383156,97.92907654300113
84766,SILVER ROCOCO CANDLE STICK,200,638.0,27,21,2,5.95,2010-01-14 14:10:00,2011-11-03 19:28:00,7.407407407407407,0.003237564673632517,97.93231410767476
22345,PARTY PIZZA DISH BLUE POLKADOT,1216,636.75,119,61,10,0.85,2009-12-07 14:34:00,2011-12-04 12:32:00,10.218487394957982,0.0032312214826575314,97.9355453291574
75013B,"STRING OF 8 BUTTERFLIES,PINK",375,635.9699999999999,69,38,2,1.65,2009-12-08 15:49:00,2011-01-16 13:41:00,5.434782608695652,0.00322726333148914,97.9387725924889
21350,GINGHAM HEART WREATH,221,635.95,41,16,3,2.95,2009-12-09 13:11:00,2010-11-05 11:17:00,5.390243902439025,0.0032271618404335414,97.94199975432933
23456,MEDIUM PARLOUR PICTURE FRAME,158,634.1,36,8,2,4.15,2011-10-16 12:25:00,2011-12-04 12:44:00,4.388888888888889,0.0032177739177905625,97.94521752824713
35951,FOLKART BAUBLE CHRISTMAS DECORATION,1157,633.88,40,21,3,1.25,2009-12-13 13:03:00,2010-11-25 13:51:00,28.925,0.003216657516178965,97.9484341857633
23482,PEARLISED IVORY HEART LARGE,401,632.9699999999999,37,7,3,1.65,2011-10-14 14:04:00,2011-12-04 14:01:00,10.837837837837839,0.0032120396731491756,97.95164622543645
23408,PHOTO FRAME LINEN AND LACE SMALL,304,632.32,58,13,3,2.08,2011-09-07 16:27:00,2011-12-02 15:29:00,5.241379310344827,0.0032087412138421837,97.95485496665029
16169M,WRAP DAISY CARPET,2035,630.45,58,42,4,0.42,2010-01-26 11:32:00,2011-12-02 10:22:00,35.08620689655172,0.0031992518001436056,97.95805421845043
84964A,PINK PAINTED KASHMIRI TABLE,11,630.0,2,2,1,45.0,2010-02-22 14:54:00,2010-11-02 17:29:00,5.5,0.003196968251392611,97.96125118670182
84507C,BLUE CIRCLES DESIGN MONKEY DOLL,431,629.54,68,50,2,2.55,2009-12-07 17:56:00,2011-10-23 11:10:00,6.338235294117647,0.0031946339571138163,97.96444582065892
21307,SET/4 BUTTERFLY MIRROR MAGNETS,743,629.49,68,36,2,2.1,2009-12-07 17:56:00,2011-07-13 12:06:00,10.926470588235293,0.0031943802294748165,97.9676402008884
23224,CHERUB HEART DECORATION GOLD,722,629.3399999999999,65,16,4,0.83,2011-06-02 09:04:00,2011-12-02 16:39:00,11.107692307692307,0.003193619046557818,97.97083381993495
21441,BLUE BIRDHOUSE DECORATION,788,628.86,126,68,10,0.85,2009-12-13 12:04:00,2011-11-28 15:54:00,6.253968253968254,0.003191183261223424,97.97402500319618
85230E,STRAWBRY SCENTED VOTIVE CANDLE,2445,628.41,66,47,3,0.29,2009-12-08 13:08:00,2011-09-11 15:44:00,37.04545454545455,0.0031888997124724294,97.97721390290864
23027,DRAWER KNOB VINTAGE GLASS HEXAGON,295,627.95,30,18,4,2.08,2011-06-22 14:38:00,2011-12-02 10:32:00,9.833333333333334,0.0031865654181936352,97.98040046832683
23216,LAUREL HEART ANTIQUE GOLD,523,627.02,42,20,2,1.25,2011-06-02 09:37:00,2011-12-02 14:26:00,12.452380952380953,0.0031818460841082454,97.98358231441094
71101E,STANDING FAIRY POLE SUPPORT,777,626.13,47,37,4,0.85,2009-12-13 13:39:00,2011-11-21 12:40:00,16.53191489361702,0.003177329732134056,97.98675964414308
84993A,75 GREEN PETIT FOUR CASES,1418,625.94,171,76,5,0.42,2009-12-07 18:02:00,2011-11-21 16:24:00,8.292397660818713,0.003176365567105859,97.98993600971018
85218,S/5 MINI ICE CREAM FRIDGE MAGNETS,1992,625.1999999999999,2,2,2,0.875,2010-01-14 14:53:00,2010-02-15 11:57:00,996.0,0.0031726103980486667,97.99310862010823
22263,FELT EGG COSY LADYBIRD,834,624.9,103,55,5,0.85,2009-12-07 17:56:00,2011-11-28 15:54:00,8.097087378640778,0.0031710880322146705,97.99627970814045
90184C,BLACK CHUNKY BEAD BRACELET W STRAP,69,624.8399999999999,47,34,2,8.95,2009-12-10 15:56:00,2011-11-25 16:14:00,1.4680851063829787,0.003170783559047871,97.99945049169949
85092,CANDY SPOT TEA COSY,391,622.57,24,15,3,3.35,2010-01-11 09:37:00,2011-02-20 13:21:00,16.291666666666668,0.003159264324237298,98.00260975602373
17084N,FAIRY DREAMS INCENSE,2688,622.41,181,80,1,0.42,2009-12-07 13:48:00,2011-11-28 15:31:00,14.850828729281767,0.0031584523957925,98.00576820841952
84596J,MIXED NUTS LIGHT GREEN BOWL,810,621.74,138,56,5,1.25,2009-12-09 09:42:00,2011-05-23 09:43:00,5.869565217391305,0.0031550524454299076,98.00892326086496
23019,SMALL APOTHECARY MEASURING JAR,80,620.8000000000001,27,17,5,8.25,2011-06-21 14:00:00,2011-12-04 14:55:00,2.962962962962963,0.003150282365816719,98.01207354323078
84601A,NEW BAROQUE IVORY CUSHION COVER,254,620.64,14,12,2,2.95,2009-12-10 16:21:00,2010-07-15 13:16:00,18.142857142857142,0.0031494704373719205,98.01522301366816
22054,MINI CAKE STAND HANGING HEARTS,341,620.23,69,13,4,1.65,2009-12-08 15:49:00,2010-03-08 12:35:00,4.942028985507246,0.0031473898707321253,98.0183704035389
22391,PAPERWEIGHT HOME SWEET HOME,284,619.98,62,40,4,2.55,2010-03-30 12:27:00,2011-11-29 16:47:00,4.580645161290323,0.003146121232537128,98.02151652477143
23547,WRAP FLOWER SHOP,1475,619.5,58,19,5,0.42,2011-07-20 14:39:00,2011-12-01 10:20:00,25.43103448275862,0.003143685447202734,98.02466021021863
90200A,PURPLE SWEETHEART BRACELET,146,618.2,87,51,2,4.25,2009-12-10 09:49:00,2011-12-02 16:39:00,1.6781609195402298,0.0031370885285887493,98.02779729874722
23568,EGG CUP HENRIETTA HEN CREAM,478,618.08,43,8,3,1.25,2011-10-16 16:13:00,2011-12-02 16:39:00,11.116279069767442,0.003136479582255151,98.03093377832947
21665,TRIANGULAR RIDGED GLASS POSY HOLDER,855,616.9000000000001,71,20,3,0.65,2009-12-09 09:51:00,2010-05-26 13:38:00,12.04225352112676,0.0031304916099747647,98.03406426993945
23471,SIX DRAWER OFFICE TIDY,65,616.79,27,10,2,9.95,2011-09-30 15:02:00,2011-12-02 17:12:00,2.4074074074074074,0.0031299334091689657,98.03719420334862
72772,SET/4 SCENTED CANDLES IN RAMEKINS,457,615.84,9,5,1,1.25,2009-12-13 13:24:00,2010-01-17 11:55:00,50.77777777777778,0.003125112584027977,98.04031931593265
17164B,ASS COL SMALL SAND GECKO P'WEIGHT,1546,615.48,79,42,2,0.42,2009-12-13 12:19:00,2011-01-26 14:51:00,19.569620253164558,0.003123285745027181,98.04344260167768
20694,FLORAL PINK MONSTER,165,614.55,53,36,5,3.75,2009-12-15 18:33:00,2011-11-22 15:41:00,3.1132075471698113,0.0031185664109417916,98.04656116808863
22043,CHRISTMAS CARD SCREEN PRINT,2185,614.21,124,39,7,0.42,2009-12-10 18:27:00,2011-12-02 13:35:00,17.620967741935484,0.0031168410629965958,98.04967800915162
20689,RETRO SISTERS EXPRESSO CUPS,429,614.1,41,20,7,5.95,2009-12-07 15:42:00,2010-07-14 16:20:00,10.463414634146341,0.0031162828621907972,98.05279429201381
90161D,ANT COPPER PINK BOUDICCA BRACELET,123,613.15,69,45,2,4.98,2009-12-09 09:42:00,2011-12-02 16:14:00,1.7826086956521738,0.0031114620370498083,98.05590575405087
47583A,SET OF 3 WICKER BASKET ROSE,71,612.8199999999999,6,4,1,24.95,2010-01-11 13:51:00,2010-02-17 16:40:00,11.833333333333334,0.003109787434632412,98.05901554148551
37351,ORANGE FLOWER MUG,5404,612.5099999999999,11,11,2,1.25,2009-12-22 15:06:00,2011-03-20 13:28:00,491.27272727272725,0.003108214323270615,98.06212375580878
23018,LARGE APOTHECARY MEASURING JAR,51,612.1600000000001,21,13,3,12.5,2011-06-26 13:56:00,2011-11-16 15:26:00,2.4285714285714284,0.00310643822979762,98.06523019403858
84858C,PINK RIVIERA HANDBAG,347,611.0699999999999,30,22,1,5.95,2009-12-18 17:24:00,2011-04-13 11:48:00,11.566666666666666,0.0031009069672674324,98.06833110100584
gift_0001_30,Dotcomgiftshop Gift Voucher Â£30.00,24,610.09,24,21,1,25.53,2009-12-23 15:30:00,2011-09-02 09:26:00,1.0,0.003095933905543044,98.07142703491138
17012D,ORIGAMI ROSE INCENSE/CANDLE SET,479,607.77,107,49,3,2.46,2010-03-12 11:19:00,2011-12-04 13:45:00,4.4766355140186915,0.0030841609430934712,98.07451119585447
21003,ROSE DU SUD CUSHION COVER,102,607.22,61,33,4,5.79,2010-03-02 16:36:00,2011-12-01 16:22:00,1.6721311475409837,0.0030813699390644777,98.07759256579354
85231E,STRAWBERRY SCENTED SET/9 T-LIGHTS,732,605.98,93,22,3,0.85,2009-12-08 12:30:00,2010-06-13 13:30:00,7.870967741935484,0.0030750774936172923,98.08066764328716
79315W,FLYING SAUCER TABLE LIGHT IN WHITE,198,605.47,12,10,1,2.95,2009-12-18 17:06:00,2010-08-09 18:31:00,16.5,0.0030724894716994983,98.08374013275886
84859A,SILVER DISCO HANDBAG,291,605.27,57,38,3,1.95,2009-12-11 11:10:00,2011-11-25 11:20:00,5.105263157894737,0.003071474561143501,98.08681160732
16169N,WRAP BLUE RUSSIAN FOLKART,1975,605.25,54,28,7,0.42,2009-12-07 15:02:00,2010-12-06 12:06:00,36.574074074074076,0.003071373070087901,98.08988298039009
72753B,S/3 FLWR FAIRY LAVENDER CANDLES,277,604.9300000000001,12,7,2,2.1,2009-12-07 13:48:00,2010-03-26 14:29:00,23.083333333333332,0.003069749213198305,98.09295272960328
85169D,PINK LOVE BIRD CANDLE,521,603.98,88,55,5,1.25,2009-12-14 17:57:00,2011-11-29 12:07:00,5.920454545454546,0.003064928388057316,98.09601765799134
47592A,CAROUSEL DES CHILD'S OVERALL,315,603.77,97,32,5,1.66,2009-12-08 13:08:00,2010-09-13 11:28:00,3.247422680412371,0.0030638627319735184,98.09908152072332
21416,CLAM SHELL LARGE,751,603.0600000000001,22,18,3,3.75,2009-12-13 15:17:00,2011-03-22 16:08:00,34.13636363636363,0.003060259799499727,98.10214178052281
20696,FLORAL SOFT CAR TOY,147,602.9399999999999,59,41,7,3.75,2009-12-09 10:46:00,2011-11-11 13:06:00,2.4915254237288136,0.0030596508531661277,98.10520143137597
23492,VINTAGE JINGLE BELLS WREATH,72,602.38,27,7,2,8.25,2011-10-20 10:10:00,2011-12-02 16:44:00,2.6666666666666665,0.003056809103609335,98.10825824047959
22538,MINI JIGSAW GO TO THE FAIR,1395,601.3100000000001,85,54,7,0.42,2010-03-28 13:38:00,2011-11-29 15:06:00,16.41176470588235,0.0030513793321347476,98.11130961981172
82095,HEART BUTTONS JEWELLERY BOX,100,600.91,48,33,4,4.96,2009-12-09 14:48:00,2011-07-05 16:53:00,2.0833333333333335,0.0030493495110227517,98.11435896932274
84952B,BLACK LOVE BIRD T-LIGHT HOLDER,361,600.53,42,24,2,2.51,2009-12-11 14:39:00,2011-11-14 15:27:00,8.595238095238095,0.0030474211809663563,98.1174063905037
84876D,BLUE HEART COMPACT MIRROR,331,600.52,35,28,1,3.75,2009-12-16 17:01:00,2011-09-11 13:51:00,9.457142857142857,0.0030473704354385565,98.12045376093914
85185D,FROG SOCK PUPPET,186,600.2900000000001,63,37,4,2.95,2009-12-07 17:56:00,2011-05-25 17:12:00,2.9523809523809526,0.0030462032882991597,98.12349996422743
23180,MUM'S KITCHEN CLOCK,109,599.64,47,27,5,4.95,2011-03-04 09:46:00,2011-12-02 16:39:00,2.3191489361702127,0.003042904828992167,98.12654286905642
85146,JARDIN ETCHED GLASS SMALL BELL JAR,118,599.38,29,19,1,5.95,2010-03-26 15:32:00,2011-04-07 13:11:00,4.068965517241379,0.00304158544526937,98.1295844545017
90143,SILVER BRACELET W PASTEL FLOWER,79,599.13,41,32,1,7.5,2009-12-14 18:03:00,2011-12-01 16:22:00,1.9268292682926829,0.0030403168070743725,98.13262477130877
23453,OVAL  MINI PORTRAIT FRAME,307,598.43,45,8,4,1.95,2011-10-14 12:33:00,2011-12-02 12:36:00,6.822222222222222,0.0030367646201283805,98.1356615359289
84682,CLASSICAL ROSE DISH,295,596.94,49,32,1,2.95,2009-12-08 12:38:00,2010-09-27 13:10:00,6.020408163265306,0.0030292035364861986,98.13869073946539
23520,EMBROIDERED RIBBON REEL RUBY,166,596.8,31,10,5,3.75,2011-09-22 12:23:00,2011-12-01 16:05:00,5.354838709677419,0.003028493099097,98.14171923256448
82011C,BATHROOM SCALES FOOTPRINTS IN SAND,131,595.1800000000001,71,43,2,3.75,2009-12-07 18:02:00,2011-11-23 15:44:00,1.8450704225352113,0.0030202723235934195,98.14473950488808
20655,QUEEN OF SKIES LUGGAGE TAG,404,594.66,185,81,4,1.25,2009-12-08 12:33:00,2011-12-04 13:32:00,2.1837837837837837,0.0030176335561478253,98.14775713844423
20849,ZINC HEART LATTICE DOUBLE PLANTER,674,593.03,24,19,2,3.75,2009-12-07 17:56:00,2010-11-21 15:56:00,28.083333333333332,0.0030093620351164443,98.15076650047935
47469,ASSORTED SHAPES PHOTO CLIP SILVER,1218,592.98,28,22,2,0.65,2010-01-19 13:09:00,2011-11-30 10:37:00,43.5,0.003009108307477445,98.15377560878683
62096A,PINK/YELLOW FLOWERS HANDBAG,383,592.79,89,38,3,1.95,2010-01-07 12:37:00,2011-02-24 14:32:00,4.303370786516854,0.003008144142449247,98.15678375292929
85168B,BLACK BAROQUE CARRIAGE CLOCK,65,592.48,48,29,2,8.47,2010-01-05 15:29:00,2011-12-02 16:39:00,1.3541666666666667,0.0030065710310874507,98.15979032396038
22092,BLUE PAISLEY TISSUE BOX,930,591.74,138,59,7,0.39,2009-12-18 14:08:00,2011-12-02 13:49:00,6.739130434782608,0.0030028158620302595,98.16279313982241
84963B,BLUE PAINTED KASHMIRI CHAIR,18,591.5,6,5,1,49.95,2010-05-19 13:32:00,2011-08-04 13:03:00,3.0,0.0030015979693630624,98.16579473779177
17181,CIRCLE OF FRIENDS CANDLE HOLDER,343,590.9599999999999,63,26,3,5.06,2009-12-07 17:56:00,2010-08-05 10:44:00,5.444444444444445,0.0029988577108618682,98.16879359550263
21322,GLASS SPHERE CANDLE STAND LARGE,301,590.45,14,4,2,6.65,2009-12-09 13:11:00,2010-01-11 14:35:00,21.5,0.0029962696889440747,98.17178986519158
84563B,BLUE & WHITE BREAKFAST TRAY,128,590.04,59,34,6,4.21,2009-12-20 13:28:00,2011-06-19 12:23:00,2.169491525423729,0.0029941891223042795,98.17478405431389
84932C,SMALL ORIENTAL BLUE FOLDING STOOL,279,589.9,33,18,8,1.95,2009-12-15 13:12:00,2010-06-30 13:17:00,8.454545454545455,0.002993478684915081,98.1777775329988
84707B,PINK JEWELLED MIRROR TRINKET TRAY,64,589.27,48,36,3,8.47,2009-12-08 15:00:00,2011-10-19 16:16:00,1.3333333333333333,0.0029902817166636885,98.18076781471547
16236,KITTY PENCIL ERASERS,2641,589.03,252,88,7,0.21,2009-12-07 13:59:00,2011-12-04 13:15:00,10.48015873015873,0.0029890638239964914,98.18375687853947
82605,OLD DOC RUSSEL METAL SIGN,266,588.6700000000001,123,51,2,2.1,2009-12-08 14:56:00,2011-03-18 11:30:00,2.16260162601626,0.002987236984995696,98.18674411552446
20863,BLUE PATCH PENCIL CASE PINK HEART,290,588.63,47,25,4,2.1,2009-12-07 15:28:00,2010-08-15 16:00:00,6.170212765957447,0.002987034002884496,98.18973114952735
17109D,FLOWER FAIRY INCENSE BOUQUET,1251,588.17,37,28,4,1.69,2009-12-10 14:44:00,2011-04-21 12:34:00,33.810810810810814,0.002984699708605701,98.19271584923595
18094C,WHITE AND BLUE CERAMIC OIL BURNER,425,588.02,95,59,4,2.46,2009-12-09 09:42:00,2011-10-07 13:17:00,4.473684210526316,0.002983938525688703,98.19569978776164
16156N,"WRAP, FRIENDSHIP ON GREEN",1400,588.0,53,22,1,0.42,2009-12-09 15:20:00,2010-06-21 14:25:00,26.41509433962264,0.0029838370346331033,98.19868362479627
84520D,PACK OF 20 FAIRY CAKE PAPER NAPKINS,641,587.62,83,10,4,0.85,2009-12-07 11:47:00,2010-02-26 11:59:00,7.72289156626506,0.002981908704576708,98.20166553350086
84247G,"DECOUPAGE,GREETING CARD,",1378,587.55,105,56,8,0.42,2009-12-08 08:48:00,2011-07-14 13:41:00,13.123809523809523,0.002981553485882108,98.20464708698674
85113,POLKA DOT PISTACHIO PAIL,283,587.46,46,16,4,2.1,2009-12-08 15:49:00,2010-08-19 13:48:00,6.1521739130434785,0.0029810967761319095,98.20762818376286
84051,ASS COLOUR GLOWING TIARAS,720,585.88,57,40,4,0.85,2009-12-14 18:37:00,2011-12-02 14:26:00,12.631578947368421,0.0029730789827395283,98.2106012627456
20794,BLUE  TILE HOOK,210,583.51,46,40,3,2.55,2010-01-07 19:34:00,2011-12-02 16:39:00,4.565217391304348,0.002961052292650956,98.21356231503825
46776D,WOVEN SUNSET CUSHION COVER,135,582.91,70,40,2,4.21,2010-01-11 09:33:00,2011-11-30 15:13:00,1.9285714285714286,0.002958007560982963,98.21652032259922
85114c,RED ENCHANTED FOREST PLACEMAT,176,582.75,39,31,1,3.29,2009-12-22 15:05:00,2011-11-30 14:11:00,4.512820512820513,0.0029571956325381648,98.21947751823176
21816,CHRISTMAS TREE T-LIGHT HOLDER,388,581.68,44,23,4,1.45,2009-12-07 17:56:00,2011-11-27 13:00:00,8.818181818181818,0.002951765861063577,98.22242928409283
16012,FOOD/DRINK SPONGE STICKERS,2768,580.08,79,49,6,0.21,2009-12-13 14:01:00,2011-12-04 14:09:00,35.037974683544306,0.0029436465766155967,98.22537293066944
90184B,AMETHYST CHUNKY BEAD BRACELET W STR,64,579.13,42,33,2,8.95,2009-12-07 18:02:00,2011-12-02 16:14:00,1.5238095238095237,0.0029388257514746073,98.22831175642091
21304,ARCHED GREY MIRROR,85,578.83,17,9,2,12.75,2009-12-08 10:41:00,2010-04-13 14:36:00,5.0,0.002937303385640611,98.23124905980654
79190B,RETRO PLASTIC POLKA TRAY,1428,578.73,128,73,4,0.42,2009-12-08 17:44:00,2011-12-02 16:07:00,11.15625,0.002936795930362612,98.23418585573691
84029C,BROWN FURRY HOT WATER BOTTLE,157,577.85,35,4,1,3.75,2009-12-07 13:48:00,2010-01-05 09:29:00,4.485714285714286,0.0029323303239162223,98.23711818606083
21173,LOO ROLL  METAL SIGN,326,576.91,69,14,3,1.65,2009-12-07 17:56:00,2010-04-01 12:07:00,4.72463768115942,0.002927560244303033,98.24004574630513
22042,CHRISTMAS CARD SINGING ANGEL,1618,576.79,119,36,8,0.42,2009-12-07 14:58:00,2011-12-04 13:32:00,13.596638655462185,0.002926951297969435,98.2429726976031
23537,WALL ART I LOVE LONDON,110,576.1800000000001,33,9,2,4.95,2011-10-03 14:52:00,2011-11-30 15:13:00,3.3333333333333335,0.002923855820773642,98.24589655342386
35922,EASTER BUNNY WREATH,97,575.99,36,23,6,4.95,2009-12-22 09:52:00,2011-04-08 11:28:00,2.6944444444444446,0.002922891655745444,98.2488194450796
23125,6PC WOOD PLATE SET DISPOSABLE,459,574.88,38,17,3,2.46,2011-06-17 14:46:00,2011-11-29 16:47:00,12.078947368421053,0.002917258902159657,98.25173670398176
85117,NIGHTINGALE COATHOOK WHITE,335,574.52,59,18,2,1.65,2009-12-07 10:21:00,2010-05-04 10:02:00,5.677966101694915,0.0029154320631588613,98.25465213604492
20935,ROUND CACTUS CANDLE,300,574.48,46,25,1,2.95,2009-12-08 15:25:00,2011-11-16 16:08:00,6.521739130434782,0.0029152290810476617,98.25756736512598
35972,DAISY FOLKART HEART DECORATION,413,573.67,85,40,1,1.25,2009-12-07 17:56:00,2011-11-06 14:56:00,4.858823529411764,0.002911118693295871,98.26047848381927
90199C,5 STRAND GLASS NECKLACE CRYSTAL,97,572.59,30,23,1,6.35,2009-12-17 13:38:00,2011-11-29 16:47:00,3.2333333333333334,0.002905638176293484,98.26338412199556
17013D,ORIGAMI ROSE INCENSE IN TUBE,1068,572.4,31,27,3,1.65,2009-12-09 09:42:00,2011-06-07 10:05:00,34.45161290322581,0.0029046740112652863,98.26628879600682
84986B,SET OF 36 SILVER PAPER DOILIES,387,572.2199999999999,68,29,4,1.45,2009-12-07 13:24:00,2010-10-13 14:03:00,5.6911764705882355,0.002903760591764888,98.26919255659858
90198A,VINTAGE ROSE BEAD BRACELET RASPBERR,135,572.08,79,52,2,4.24,2009-12-14 17:16:00,2011-12-02 16:39:00,1.7088607594936709,0.0029030501543756905,98.27209560675296
17165D,ASS COL LARGE SAND FROG P'WEIGHT,590,571.62,85,42,2,1.05,2009-12-13 12:19:00,2011-01-12 15:22:00,6.9411764705882355,0.0029007158600968955,98.27499632261305
16162L,THE KING GIFT BAG,8101,570.4300000000001,30,25,2,0.65,2009-12-09 12:45:00,2011-09-13 11:14:00,270.03333333333336,0.00289467714228871,98.27789099975534
85202,HANGING WOOD AND FELT HEART,1208,570.09,208,73,3,0.42,2009-12-14 17:57:00,2011-11-29 13:12:00,5.8076923076923075,0.0028929517943435132,98.28078395154968
21419,CONCH SHELL,1258,569.91,18,13,2,3.75,2009-12-17 15:44:00,2010-07-14 17:13:00,69.88888888888889,0.0028920383748431153,98.28367598992452
84569C,PACK 4 FLOWER/BUTTERFLY PATCHES,408,569.58,85,39,6,1.25,2009-12-07 16:40:00,2011-03-25 13:54:00,4.8,0.0028903637724257197,98.28656635369694
84872a,TEATIME FUNKY FLOWER BACKPACK FOR 2,52,568.91,40,17,1,11.02,2009-12-22 15:10:00,2011-04-26 09:50:00,1.3,0.0028869638220631274,98.289453317519
84932A,SMALL GREEN PEONY FOLDING STOOL,258,568.6,22,13,7,1.95,2010-01-21 14:01:00,2010-06-14 13:31:00,11.727272727272727,0.002885390710701331,98.2923387082297
85119,WATERING CAN SINGLE HOOK PISTACHIO,413,567.48,39,26,4,1.69,2009-12-15 17:05:00,2010-12-07 15:34:00,10.58974358974359,0.002879707211587744,98.2952184154413
84924A,WAKE UP COCKEREL CALENDAR SIGN,132,567.25,61,38,3,3.75,2009-12-08 12:33:00,2011-12-02 13:49:00,2.1639344262295084,0.0028785400644483466,98.29809695550574
21223,SET/4 BADGES WOODLAND ANIMAL,478,566.94,39,17,5,1.25,2009-12-07 17:56:00,2010-04-08 11:36:00,12.256410256410257,0.0028769669530865506,98.30097392245882
20695,FLORAL BLUE MONSTER,136,565.88,57,29,4,4.25,2009-12-07 17:56:00,2011-11-17 15:08:00,2.3859649122807016,0.0028715879271397626,98.30384551038597
84675,FROG KING WATERING CAN,205,565.6700000000001,61,29,4,2.95,2009-12-14 17:16:00,2011-01-17 13:23:00,3.360655737704918,0.002870522271055966,98.30671603265702
15056p,EDWARDIAN PARASOL PINK,45,565.38,37,28,1,12.46,2010-06-24 11:38:00,2011-11-16 10:01:00,1.2162162162162162,0.0028690506507497685,98.30958508330777
20781,GOLD EAR MUFF HEADPHONES,100,564.77,58,36,4,5.49,2009-12-07 13:07:00,2011-12-01 13:08:00,1.7241379310344827,0.0028659551735539758,98.31245103848131
20838,FRENCH LATTICE CUSHION COVER,445,562.51,62,33,4,0.85,2010-02-14 11:52:00,2011-11-29 16:47:00,7.17741935483871,0.0028544866842712025,98.31530552516558
85086A,CANDY SPOT HEART DECORATION,583,561.93,150,55,4,0.85,2009-12-07 17:56:00,2011-08-12 16:30:00,3.8866666666666667,0.0028515434436588087,98.31815706860924
47421,ASSORTED COLOUR LIZARD SUCTION HOOK,1437,561.78,72,51,5,0.42,2010-02-07 14:58:00,2011-11-29 17:52:00,19.958333333333332,0.002850782260741811,98.32100785086998
85169C,EAU DE NIL LOVE BIRD CANDLE,501,560.61,68,45,4,1.25,2009-12-08 15:12:00,2011-11-28 11:18:00,7.367647058823529,0.0028448450339892246,98.32385269590397
23377,PACK OF 12 DOLLY GIRL TISSUES,1305,560.43,125,14,6,0.39,2011-09-04 12:41:00,2011-12-02 16:39:00,10.44,0.002843931614488826,98.32669662751846
23016,GLASS TWIST BON BON JAR,72,559.55,23,14,1,7.85,2011-06-16 16:57:00,2011-12-01 12:01:00,3.130434782608696,0.0028394660080424366,98.3295360935265
90010B,BLACK/WHITE GLASS/SILVER BRACELET,61,559.0899999999999,32,22,1,8.95,2009-12-14 17:57:00,2011-04-10 11:45:00,1.90625,0.002837131713763642,98.33237322524026
84806B,WHITE CANDYSTUFT ARTIFICIAL FLOWER,426,558.66,31,27,3,1.45,2010-03-14 11:55:00,2011-11-22 13:11:00,13.741935483870968,0.0028349496560682473,98.33520817489632
20819,SILVER TEDDY BEAR,192,556.49,58,42,8,3.75,2009-12-07 08:53:00,2011-11-30 11:17:00,3.310344827586207,0.002823937876535673,98.33803211277286
21553,CERAMIC BIRDHOUSE FINCH BLUE  LARGE,87,556.37,36,9,2,5.95,2009-12-07 13:49:00,2010-04-06 15:08:00,2.4166666666666665,0.002823328930202074,98.34085544170307
23069,EDWARDIAN PHOTO FRAME,88,556.21,32,21,3,6.25,2011-04-26 15:04:00,2011-12-04 13:00:00,2.75,0.0028225170017572763,98.34367795870483
85129A,"WHITE PEARL BEADED HEART, SMALL",435,555.27,71,33,3,1.25,2009-12-08 09:56:00,2010-08-29 14:30:00,6.126760563380282,0.002817746922144087,98.34649570562698
84846A,SCENTED CANDLE IN DIGITALIS TIN,245,554.95,53,36,1,2.1,2009-12-08 15:49:00,2011-10-10 14:37:00,4.622641509433962,0.0028161230652544913,98.34931182869224
84569B,PACK 3 FIRE ENGINE/CAR PATCHES,431,554.68,74,40,7,1.25,2009-12-07 15:15:00,2011-03-22 09:30:00,5.824324324324325,0.0028147529360038935,98.35212658162824
90120D,WHITE MURANO TWIST BRACELET,134,554.13,40,28,1,4.25,2009-12-07 18:02:00,2011-02-09 13:37:00,3.35,0.0028119619319749004,98.35493854356021
85230B,CINNAMON SCENTED VOTIVE CANDLE,2096,554.0799999999999,67,45,6,0.29,2009-12-08 13:08:00,2011-11-30 08:38:00,31.28358208955224,0.0028117082043359006,98.35775025176454
35004P,SET OF 3 PINK FLYING DUCKS,104,553.82,39,16,1,5.91,2009-12-07 08:24:00,2010-12-10 13:27:00,2.6666666666666665,0.0028103888206131044,98.36056064058515
72122,COFFEE SCENT PILLAR CANDLE,555,553.65,112,62,2,0.95,2009-12-13 11:32:00,2011-12-01 16:22:00,4.955357142857143,0.0028095261466405063,98.36337016673178
22346,PARTY PIZZA DISH GREEN POLKADOT,1059,553.43,95,47,8,0.85,2009-12-07 14:34:00,2011-12-04 12:32:00,11.147368421052631,0.0028084097450289084,98.36617857647681
23565,EGG CUP MILKMAID HELGA,390,551.63,56,8,5,1.25,2011-10-16 12:19:00,2011-12-04 10:56:00,6.964285714285714,0.00279927555002493,98.36897785202683
84859C,PINK DISCO HANDBAG,303,550.77,38,25,3,1.95,2009-12-11 11:10:00,2011-11-25 11:20:00,7.973684210526316,0.00279491143463414,98.37177276346146
21881,CUTE CATS TAPE,1328,549.34,114,57,7,0.65,2009-12-08 15:49:00,2011-12-04 16:07:00,11.649122807017545,0.002787654824158757,98.37456041828563
85091,CANDY SPOT BREAD BASKETS,343,548.81,20,13,2,4.95,2009-12-14 17:16:00,2010-08-15 11:47:00,17.15,0.0027849653111853626,98.3773453835968
23549,WRAP BIRD GARDEN,1305,548.1,52,19,6,0.42,2011-07-19 11:57:00,2011-12-01 10:31:00,25.096153846153847,0.002781362378711571,98.38012674597552
22044,CHRISTMAS CARD STACK OF PRESENTS,1928,545.24,88,26,5,0.42,2009-12-07 14:58:00,2011-11-07 12:29:00,21.90909090909091,0.002766849157760805,98.38289359513328
21339,MARAKESH LANTERN LARGE,30,544.5,12,10,2,19.95,2009-12-08 11:07:00,2010-07-14 11:52:00,2.5,0.0027630939887036137,98.38565668912199
21160,KEEP OUT GIRLS DOOR HANGER,789,544.3,55,27,2,1.45,2009-12-07 13:59:00,2010-12-14 15:52:00,14.345454545454546,0.0027620790781476153,98.38841876820014
21004,ROSE DU SUD CHILDS APRON,120,544.02,61,36,4,4.25,2009-12-09 09:51:00,2010-11-05 11:17:00,1.9672131147540983,0.002760658203369219,98.39117942640351
20804,GLASS CHICKEN BUTTER DISH,310,543.88,52,15,1,3.36,2009-12-07 11:51:00,2010-07-01 10:44:00,5.961538461538462,0.0027599477659800207,98.39393937416949
23219,LAUREL STAR ANTIQUE SILVER,414,543.76,58,16,3,1.25,2011-06-02 09:04:00,2011-12-04 14:01:00,7.137931034482759,0.002759338819646422,98.39669871298914
84984B,RED PEONY CUSHION COVER,322,541.3,16,13,2,4.65,2010-01-08 16:29:00,2011-11-08 11:03:00,20.125,0.0027468554198076508,98.39944556840894
85071D,CHARLIE+LOLA MY ROOM DOOR SIGN,881,540.75,109,49,2,0.39,2009-12-08 13:04:00,2011-12-04 15:19:00,8.082568807339449,0.0027440644157786576,98.40218963282472
37444A,YELLOW BREAKFAST CUP AND SAUCER,2704,539.41,41,34,3,2.95,2009-12-07 18:02:00,2011-07-13 12:06:00,65.95121951219512,0.002737264515053473,98.40492689733976
16238,PARTY TIME PENCIL ERASERS,2370,539.34,225,84,7,0.21,2009-12-07 13:59:00,2011-12-04 13:15:00,10.533333333333333,0.002736909296358874,98.40766380663612
85027L,FRENCH CHATEAU LARGE PLATTER,190,538.5,40,25,7,1.95,2010-01-17 14:53:00,2011-04-19 15:02:00,4.75,0.0027326466720236837,98.41039645330815
47021G,SET/6 BEAD COASTERS GAUZE BAG GOLD,709,536.96,69,41,3,1.25,2009-12-07 17:56:00,2011-06-23 09:14:00,10.27536231884058,0.002724831860742502,98.4131212851689
21016,LIGHT BIRD HOUSE TREE DECORATION,782,536.93,74,20,4,0.85,2009-12-07 18:02:00,2010-11-26 11:50:00,10.567567567567568,0.002724679624159102,98.41584596479306
84414B,FUSCHIA/GREEN STRIPE WOOLLY BLANKET,78,536.24,9,6,2,5.95,2009-12-10 15:45:00,2010-03-25 11:28:00,8.666666666666666,0.0027211781827409104,98.4185671429758
21311,SET/4 BIRD MIRROR MAGNETS,700,536.24,93,51,2,2.1,2009-12-08 15:49:00,2011-12-04 15:19:00,7.526881720430108,0.0027211781827409104,98.42128832115854
16048,TEATIME ROUND PENCIL SHARPENER,3460,536.23,104,57,7,0.12,2009-12-07 18:02:00,2011-12-01 16:22:00,33.26923076923077,0.0027211274372131106,98.42400944859575
84306,S/3 PINK SQUARE PLANTERS ROSES,47,535.78,30,18,2,10.95,2010-01-17 15:22:00,2011-03-22 15:52:00,1.5666666666666667,0.002718843888462116,98.42672829248421
23381,PACK OF 12 VINTAGE LEAF TISSUES,1429,534.55,70,13,4,0.39,2011-09-05 12:00:00,2011-12-02 16:39:00,20.414285714285715,0.0027126021885427298,98.42944089467275
22394,PAPERWEIGHT KINGS CHOICE,321,534.54,52,37,3,2.55,2010-04-06 11:21:00,2011-11-30 09:53:00,6.173076923076923,0.0027125514430149304,98.43215344611576
84592,CROCHET ROSE PURSE WITH SUEDE BACK,172,533.45,46,37,4,2.95,2009-12-14 17:57:00,2011-11-30 14:41:00,3.739130434782609,0.0027070201804847436,98.43486046629624
21167,WHITE SAGE INCENSE,2199,532.29,110,66,1,0.42,2009-12-10 12:10:00,2011-11-28 10:49:00,19.990909090909092,0.002701133699259957,98.4375615999955
85030,FRENCH CHATEAU OVAL PLATTER,211,531.4499999999999,29,17,4,7.95,2009-12-15 13:48:00,2011-04-08 11:54:00,7.275862068965517,0.002696871074924766,98.44025847107044
85090,CANDY SPOT APRON,100,531.38,51,27,4,4.65,2009-12-07 15:42:00,2010-11-24 14:49:00,1.9607843137254901,0.0026965158562301675,98.44295498692667
37345,ASSTD HEARTS DESIGN MUGS,305,529.85,7,4,2,1.95,2009-12-07 17:56:00,2010-01-07 12:34:00,43.57142857142857,0.0026887517904767852,98.44564373871714
20888,SET 3 JARDIN DE FEMME SCENT CANDLES,364,529.62,16,10,2,3.75,2009-12-07 17:56:00,2010-03-26 14:29:00,22.75,0.002687584643337388,98.44833132336048
84799,SPRIG LAVENDER ARTIFICIAL FLOWER,678,528.78,31,25,3,1.25,2010-01-21 14:01:00,2011-04-14 10:42:00,21.870967741935484,0.002683322019002198,98.45101464537947
23499,SET 12 VINTAGE DOILY CHALK,1179,528.32,97,7,4,0.42,2011-10-20 13:54:00,2011-12-02 16:39:00,12.154639175257731,0.002680987724723404,98.4536956331042
21373,MIRRORED WALL ART SNOWFLAKES,614,526.99,58,29,4,0.75,2009-12-07 18:02:00,2011-12-02 09:19:00,10.586206896551724,0.002674238569526019,98.45636987167373
21943,CAKES AND RABBITS DESIGN FLANNEL,589,525.9,147,65,7,0.85,2009-12-07 18:02:00,2011-11-25 15:23:00,4.006802721088436,0.0026687073069958317,98.45903857898072
16169C,WRAP BLUE REINDEER,1250,525.0,39,11,3,0.42,2009-12-07 15:15:00,2010-11-04 18:34:00,32.05128205128205,0.002664140209493842,98.46170271919021
23484,HEART TRELLIS TRIPLE T-LIGHT HOLDER,181,524.19,32,10,1,2.89,2011-09-30 10:18:00,2011-12-04 16:02:00,5.65625,0.002660029821742052,98.46436274901195
16169P,WRAP GREEN RUSSIAN FOLKART,1725,523.25,47,30,5,0.42,2009-12-14 10:49:00,2010-12-19 11:35:00,36.702127659574465,0.002655259742128863,98.46701800875408
72728,ROSE SCENT CANDLES IN GLASS,643,523.15,54,23,3,0.85,2009-12-10 18:27:00,2010-08-04 14:41:00,11.907407407407407,0.002654752286850864,98.46967276104093
16202B,PASTEL BLUE PHOTO ALBUM,1038,523.01,21,19,4,5.55,2010-02-26 09:47:00,2011-04-19 14:49:00,49.42857142857143,0.0026540418494616657,98.4723268028904
22861,EASTER TIN CHICKS IN GARDEN,305,522.93,50,15,7,1.65,2010-12-12 11:44:00,2011-04-21 16:17:00,6.1,0.002653635885239266,98.47498043877563
72801C,S/4 ROSE PINK DINNER CANDLES,703,522.6899999999999,54,37,3,1.25,2009-12-11 15:40:00,2011-10-11 16:25:00,13.018518518518519,0.002652417992572069,98.47763285676821
23473,WOODLAND SMALL RED FELT HEART,642,522.14,49,7,8,0.83,2011-10-20 12:24:00,2011-12-04 13:55:00,13.10204081632653,0.002649626988543076,98.48028248375675
21336,GOLD WASHBAG,1822,521.52,42,27,3,2.95,2009-12-07 18:02:00,2011-06-29 15:58:00,43.38095238095238,0.002646480765819483,98.48292896452257
21371,MIRRORED WALL ART POPPIES,372,521.2099999999999,61,42,7,2.55,2009-12-08 15:49:00,2011-12-01 11:10:00,6.098360655737705,0.002644907654457686,98.48557387217703
21459,YELLOW EASTER EGG HUNT START POST,263,520.55,44,24,2,1.95,2010-01-28 10:08:00,2011-04-18 14:50:00,5.9772727272727275,0.002641558449622894,98.48821543062665
71270,PHOTO CLIP LINE,368,520.48,79,56,5,1.25,2009-12-18 11:18:00,2011-12-01 19:42:00,4.658227848101266,0.002641203230928295,98.49085663385758
20653,CHERRY BLOSSOM LUGGAGE TAG,1999,518.67,78,44,5,1.25,2010-01-08 11:16:00,2011-11-28 15:54:00,25.628205128205128,0.002632018290396516,98.49348865214797
84657,GREEN ROSE CUSHION COVER,246,517.48,20,8,3,3.1500000000000004,2009-12-18 12:33:00,2010-04-19 14:59:00,12.3,0.0026259795725883306,98.49611463172056
21480,PINK STRIPE HOT WATER BOTTLE,160,517.36,35,3,1,2.95,2009-12-07 12:25:00,2009-12-22 15:13:00,4.571428571428571,0.002625370626254732,98.4987400023468
21403,BLUE EGG  SPOON,2301,516.41,153,74,9,0.42,2009-12-09 09:51:00,2011-11-29 16:33:00,15.03921568627451,0.002620549801113743,98.50136055214791
23139,SINGLE WIRE HOOK PINK HEART,382,516.2199999999999,24,21,2,1.45,2011-04-21 10:19:00,2011-11-29 18:05:00,15.916666666666666,0.0026195856360855447,98.503980137784
84934,ASSTD DESIGN POP ART SLIM PEN,603,515.1,10,9,3,0.85,2009-12-09 11:01:00,2010-04-09 10:30:00,60.3,0.0026139021369719585,98.50659403992097
21440,12 MINI TOADSTOOL PEGS,406,515.06,87,29,3,1.25,2009-12-10 11:42:00,2010-07-01 16:48:00,4.666666666666667,0.0026136991548607585,98.50920773907583
20868,SILVER FABRIC MIRROR,874,514.09,66,40,4,0.85,2009-12-09 12:57:00,2011-11-30 11:17:00,13.242424242424242,0.0026087768386641704,98.5118165159145
35810B,ENAMEL BLUE RIM COFFEE CONTAINER,323,513.51,66,38,9,2.1,2009-12-10 20:22:00,2011-11-30 14:03:00,4.893939393939394,0.002605833598051777,98.51442234951256
90195A,PURPLE GEMSTONE BRACELET,58,513.1999999999999,40,23,1,8.95,2009-12-10 14:19:00,2011-11-09 16:14:00,1.45,0.00260426048668998,98.51702660999925
23398,HANGING HEART BONHEUR,582,512.49,63,14,5,0.85,2011-09-04 14:08:00,2011-12-04 11:24:00,9.238095238095237,0.002600657554216189,98.51962726755346
84596K,JELLY BABIES YELLOW SMALL BOWL,403,512.16,88,35,3,1.25,2009-12-09 14:38:00,2010-11-16 17:03:00,4.579545454545454,0.0025989829517987927,98.52222625050526
90203,SILVER CHARM NECKLACE 70CM,68,511.77,33,21,1,7.5,2009-12-08 15:49:00,2010-10-25 11:54:00,2.0606060606060606,0.0025970038762145975,98.52482325438147
22407,MONEY BOX FIRST ADE DESIGN,414,511.76,73,47,6,1.25,2010-03-26 13:46:00,2011-11-23 11:11:00,5.671232876712328,0.0025969531306867977,98.52742020751217
23455,SMALL PARLOUR PICTURE FRAME,187,511.63000000000005,31,8,3,2.89,2011-10-16 15:44:00,2011-12-04 12:44:00,6.032258064516129,0.0025962934388253996,98.53001650095099
23272,TREE T-LIGHT HOLDER WILLIE WINKIE,287,511.2699999999999,37,17,3,1.65,2011-06-22 11:30:00,2011-12-01 19:54:00,7.756756756756757,0.002594466599824603,98.53261096755082
23074,EMBOSSED HEART TRINKET BOX,235,510.04,42,13,3,2.08,2011-09-11 13:51:00,2011-12-04 15:00:00,5.595238095238095,0.0025882248999052177,98.53519919245073
84661B,BLACK SQUARE TABLE CLOCK,227,509.24,46,36,3,2.55,2009-12-16 17:58:00,2011-12-04 15:19:00,4.934782608695652,0.002584165257681227,98.53778335770842
90058B,CRYSTAL STUD EARRINGS ASSORTED COL,1082,509.08000000000004,29,22,1,0.38,2009-12-23 16:21:00,2011-12-01 14:30:00,37.310344827586206,0.0025833533292364294,98.54036671103766
85226C,BLUE PULL BACK RACING CAR,973,508.91,79,34,3,0.55,2009-12-07 16:40:00,2010-11-09 13:50:00,12.316455696202532,0.002582490655263831,98.54294920169292
84762A,WHITE PICNIC BARBECUE BUCKET,58,508.78,28,14,3,10.75,2010-01-08 10:43:00,2010-06-30 11:08:00,2.0714285714285716,0.0025818309634024323,98.54553103265633
16049,TEATIME GEL PENS ASST,2737,508.64,31,19,1,0.42,2009-12-09 16:24:00,2011-05-25 11:44:00,88.29032258064517,0.002581120526013234,98.54811215318234
84931A,PINK SCOTTIE DOG W FLOWER PATTERN,203,508.52,81,50,4,2.55,2009-12-07 17:56:00,2011-11-30 08:50:00,2.506172839506173,0.0025805115796796356,98.55069266476202
85039C,S/4 BLACK MINI ROSE CANDLE IN BOWL,533,507.82,111,60,1,1.65,2009-12-18 17:06:00,2011-12-02 16:39:00,4.801801801801802,0.0025769593927336435,98.55326962415477
84932D,SMALL ORIENTAL RED FOLDING STOOL,231,506.71,19,10,5,1.95,2009-12-13 15:01:00,2010-04-20 11:37:00,12.157894736842104,0.0025713266391478567,98.55584095079391
84683,CLASSICAL ROSE CANDLESTAND,533,506.57,45,32,3,1.25,2009-12-10 14:44:00,2011-05-03 13:52:00,11.844444444444445,0.0025706162017586584,98.55841156699567
84805B,BLUE CLIMBING HYDRANGA ART FLOWER,304,506.40000000000003,7,7,2,3.75,2010-01-07 12:34:00,2011-09-16 14:04:00,43.42857142857143,0.0025697535277860602,98.56098132052345
37352,BIRD IN TREE MUG,4643,504.55,8,7,2,1.25,2009-12-17 11:43:00,2010-11-01 15:14:00,580.375,0.002560365605143082,98.5635416861286
BANK CHARGES,Bank Charges,33,504.241,32,27,2,15.0,2009-12-08 14:29:00,2011-11-28 12:51:00,1.03125,0.002558797568334066,98.56610048369694
85020,ROUND PINK HEART MIRROR,227,503.98,56,40,3,2.1,2009-12-09 14:38:00,2011-11-27 13:49:00,4.053571428571429,0.0025574731100584886,98.568657956807
84875B,GREEN SQUARE COMPACT MIRROR,372,503.55,39,19,2,1.25,2010-04-18 12:07:00,2011-11-29 12:34:00,9.538461538461538,0.002555291052363094,98.57121324785936
84218,BOX/12 CHICK & EGG IN BASKET,261,503.51,96,21,5,1.95,2010-01-31 15:40:00,2011-03-31 11:25:00,2.71875,0.002555088070251894,98.57376833592961
21418,STARFISH SOAP DISH,168,502.73999999999995,61,48,2,2.55,2009-12-07 18:02:00,2011-10-24 17:09:00,2.7540983606557377,0.0025511806646113027,98.57631951659422
23451,SQUARE MINI PORTRAIT FRAME,254,502.59999999999997,46,8,3,1.95,2011-10-14 14:04:00,2011-12-02 12:02:00,5.521739130434782,0.002550470227222105,98.57886998682145
21893,POTTING SHED SEED TIN,154,502.5,13,8,2,4.25,2009-12-07 18:02:00,2010-02-15 14:15:00,11.846153846153847,0.002549962771944106,98.5814199495934
21117,BLOND DOLL DOORSTOP,328,502.08,26,24,4,1.25,2009-12-10 14:44:00,2011-11-23 13:46:00,12.615384615384615,0.002547831459776511,98.58396778105318
79337,BLUE FLOCK GLASS CANDLEHOLDER,1194,502.03000000000003,21,19,3,0.38,2010-01-04 13:25:00,2011-07-08 15:22:00,56.857142857142854,0.0025475777321375117,98.5865153587853
90114,SUMMER DAISIES BAG CHARM,200,501.7,108,50,3,2.46,2010-02-02 11:40:00,2011-11-23 12:43:00,1.8518518518518519,0.0025459031297201157,98.58906126191502
47559b,TEA TIME OVEN GLOVE,151,501.59,42,33,1,3.36,2010-02-19 10:55:00,2011-05-27 15:17:00,3.5952380952380953,0.0025453449289143167,98.59160660684394
16168M,FUNKY MONKEY GIFT BAG MEDIUM,1661,501.47,99,63,2,0.42,2009-12-09 14:31:00,2011-12-02 16:39:00,16.77777777777778,0.0025447359825807184,98.59415134282652
20943,SET/6 GINGERBREAD STAR T-LIGHTS,354,501.18,66,20,5,1.25,2009-12-07 11:05:00,2010-10-22 11:40:00,5.363636363636363,0.0025432643622745215,98.5966946071888
22541,MINI JIGSAW LEAP FROG,1239,500.86,62,45,8,0.42,2010-03-28 11:20:00,2011-12-01 16:22:00,19.983870967741936,0.0025416405053849253,98.59923624769418
23660,HENRIETTA HEN MUG,293,500.80999999999995,36,6,4,1.65,2011-10-13 13:43:00,2011-12-02 14:26:00,8.13888888888889,0.0025413867777459255,98.60177763447193
23457,LARGE PARLOUR PICTURE FRAME,102,500.38,27,8,2,4.95,2011-10-16 15:44:00,2011-12-04 15:18:00,3.7777777777777777,0.002539204720050531,98.60431683919198
84706D,CHERRY BLOSSOM TABLE CLOCK,219,500.19,16,14,4,1.95,2009-12-18 17:15:00,2011-05-22 11:29:00,13.6875,0.0025382405550223334,98.606855079747
85129C,BEADED CRYSTAL HEART BLUE SMALL,381,497.77,63,41,2,1.25,2009-12-14 08:40:00,2011-11-10 12:37:00,6.0476190476190474,0.0025259601372947618,98.6093810398843
84877B,GREEN ROUND COMPACT MIRROR,289,497.57,41,30,3,2.46,2009-12-09 09:51:00,2011-11-30 14:17:00,7.048780487804878,0.002524945226738764,98.61190598511104
23425,STORAGE TIN HOME SWEET HOME,176,497.36,44,14,5,2.49,2011-09-04 16:09:00,2011-12-04 14:55:00,4.0,0.0025238795706549666,98.6144298646817
84782C,GREEN 3 TIER GLASS PLATE STAND,73,497.15,17,14,3,12.75,2009-12-10 10:57:00,2010-09-06 10:19:00,4.294117647058823,0.002522813914571169,98.61695267859626
85230A,OPIUM SCENTED VOTIVE CANDLE,1992,497.03999999999996,48,37,3,0.29,2009-12-13 11:34:00,2011-12-02 12:52:00,41.5,0.0025222557137653703,98.61947493431003
84989B,75 BLACK FAIRY CAKE CASES,985,496.95,56,25,3,0.55,2009-12-07 17:56:00,2010-08-08 15:53:00,17.589285714285715,0.0025217990040151714,98.62199673331405
23136,IVORY WIRE SWEETHEART LETTER TRAY,131,496.89,48,21,3,3.75,2011-04-21 10:19:00,2011-12-04 12:52:00,2.7291666666666665,0.0025214945308483718,98.6245182278449
20864,DENIM PATCH PENCIL CASE BUTTERFLY,251,496.04,28,17,4,2.1,2009-12-07 15:28:00,2010-10-24 14:21:00,8.964285714285714,0.002517181160985382,98.62703540900588
85169B,BLACK LOVE BIRD CANDLE,425,495.42,91,48,3,1.25,2009-12-09 09:42:00,2011-11-30 14:00:00,4.670329670329671,0.002514034938261789,98.62954944394414
85142,JARDIN ETCHED GLASS GINGER JAR,56,494.63,33,22,2,7.95,2009-12-10 19:35:00,2010-07-08 19:12:00,1.696969696969697,0.0025100260415655985,98.6320594699857
20654,FIRST CLASS LUGGAGE TAG,392,494.17,115,63,8,1.25,2009-12-07 15:15:00,2011-12-04 13:32:00,3.408695652173913,0.002507691747286804,98.63456716173299
16219,HOUSE SHAPE PENCIL SHARPENER,3347,493.72999999999996,124,59,6,0.21,2009-12-10 09:49:00,2011-12-02 16:39:00,26.991935483870968,0.0025054589440636084,98.63707262067705
23043,PAPER LANTERN 9 POINT HOLLY STAR L,77,493.67,21,12,1,6.25,2011-05-05 18:16:00,2011-11-25 15:23:00,3.6666666666666665,0.0025051544708968097,98.63957777514794
82616A,BUBBLE GUM SCARF KNITTING KIT,244,493.41,45,25,3,2.95,2009-12-07 12:26:00,2010-10-27 13:00:00,5.4222222222222225,0.0025038350871740126,98.64208161023511
21256,"FRENCH BOTTLE, BRASSERIE DES ARTIST",270,493.37999999999994,60,10,1,1.65,2009-12-07 12:08:00,2010-02-18 12:25:00,4.5,0.002503682850590613,98.6445852930857
84798B,PURPLE FOXGLOVE ARTIIFCIAL FLOWER,326,492.90000000000003,10,9,2,2.55,2010-01-07 12:34:00,2011-03-22 13:54:00,32.6,0.0025012470652562187,98.64708654015095
84247L,FAWN AND MUSHROOM GREETING CARD,1123,491.45,107,40,7,0.42,2009-12-13 14:51:00,2011-04-19 11:33:00,10.495327102803738,0.0024938889637252356,98.64958042911468
23117,POPPY FIELDS CHOPPING BOARD,91,491.33000000000004,43,10,5,4.95,2011-09-30 13:54:00,2011-12-02 10:35:00,2.116279069767442,0.0024932800173916377,98.65207370913207
35969,FOLKART CROWN TABLE DECORATIONS,459,490.71,71,31,6,1.65,2009-12-07 15:26:00,2010-11-18 13:55:00,6.464788732394366,0.0024901337946680443,98.65456384292673
84773,RED ROSE AND LACE C/COVER,166,489.70000000000005,46,28,3,2.95,2009-12-09 09:56:00,2010-12-05 14:25:00,3.608695652173913,0.0024850084963602566,98.6570488514231
23045,PAPER LANTERN 5 POINT STAR MOON,117,489.69000000000005,24,15,3,4.15,2011-05-05 18:16:00,2011-11-29 15:23:00,4.875,0.002484957750832457,98.65953380917394
20845,ZINC HEART LATTICE 2 WALL PLANTER,75,489.27,23,17,2,6.35,2009-12-14 17:16:00,2011-08-16 13:13:00,3.260869565217391,0.0024828264386648614,98.6620166356126
46118,FUNKY MONKEY CUSHION COVER,365,489.14,67,41,2,0.85,2009-12-08 12:33:00,2011-12-02 16:39:00,5.447761194029851,0.002482166746803463,98.6644988023594
84876B,GREEN HEART COMPACT MIRROR,344,488.31,40,27,2,1.25,2009-12-10 19:35:00,2011-11-30 14:17:00,8.6,0.0024779548679960727,98.6669767572274
90160D,PINK BOUDICCA LARGE BRACELET,70,487.52000000000004,24,22,2,6.95,2009-12-10 14:19:00,2011-11-17 14:24:00,2.9166666666666665,0.002473945971299882,98.6694507031987
79342B,BROWN FLOWER LIGHTS,62,487.0,28,12,1,6.75,2009-12-08 12:41:00,2010-04-06 13:30:00,2.2142857142857144,0.002471307203854288,98.67192201040255
23428,IVORY RETRO KITCHEN WALL CLOCK,59,486.81,24,3,4,8.15,2011-11-17 10:01:00,2011-12-04 12:44:00,2.4583333333333335,0.00247034303882609,98.67439235344138
21133,PAINTED BIRD ASSORTED CHRISTMAS,288,486.72,31,15,1,1.69,2009-12-08 12:25:00,2010-09-13 12:56:00,9.290322580645162,0.0024698863290758912,98.67686223977046
23060,HEART BEADED TRELLIS DECORATION,229,486.57,40,21,2,2.08,2011-04-18 10:41:00,2011-12-04 14:55:00,5.725,0.002469125146158893,98.67933136491662
51020B,STRIPY DESIGN SHOWER CAP,1082,485.61999999999995,59,40,1,1.25,2009-12-07 15:42:00,2011-04-27 11:26:00,18.338983050847457,0.0024643043210179037,98.68179566923764
16239,BALLERINA HEART DECORATION.,344,484.46000000000004,18,8,2,2.95,2009-12-09 09:51:00,2010-03-02 12:24:00,19.11111111111111,0.002458417839793118,98.68425408707743
23021,GLASS BONNE JAM JAR,116,484.22,26,15,6,4.15,2011-06-20 09:41:00,2011-11-22 16:24:00,4.461538461538462,0.0024571999471259204,98.68671128702456
90010E,AMBER GLASS/SILVER BRACELET,54,483.75,33,28,1,8.95,2009-12-09 12:57:00,2011-12-02 16:39:00,1.6363636363636365,0.002454814907319326,98.68916610193189
71143,SILVER BOOK MARK WITH BEADS,337,483.60999999999996,94,42,1,2.51,2009-12-07 13:24:00,2011-07-13 16:07:00,3.5851063829787235,0.0024541044699301273,98.69162020640182
90160B,RED BOUDICCA LARGE BRACELET,70,483.55,28,24,2,6.95,2010-01-13 17:51:00,2011-11-09 15:07:00,2.5,0.0024537999967633286,98.69407400639858
20793,BLUE TILED TRAY,277,483.51,20,19,2,6.75,2009-12-08 13:19:00,2011-09-08 10:35:00,13.85,0.002453597014652129,98.69652760341323
20865,PATCHWORK PENCIL CASE BUTTERFLY,245,483.49,29,17,4,2.1,2009-12-08 11:13:00,2010-06-30 08:36:00,8.448275862068966,0.002453495523596529,98.69898109893683
84827,ASS DES PHONE SPONGE CRAFT STICKER,956,483.4,27,22,4,0.65,2009-12-08 13:56:00,2011-10-20 15:57:00,35.407407407407405,0.00245303881384633,98.70143413775067
22259,FELT FARM ANIMAL HEN,590,482.95,72,26,2,1.25,2010-01-24 15:14:00,2011-04-26 13:05:00,8.194444444444445,0.0024507552650953356,98.70388489301577
90014A,SILVER/MOP ORBIT NECKLACE,53,481.21,38,33,1,9.95,2009-12-07 18:02:00,2011-11-08 17:09:00,1.394736842105263,0.0024419255432581556,98.70632681855902
23218,LAUREL STAR ANTIQUE GOLD,378,480.57,39,13,3,1.25,2011-07-18 11:55:00,2011-12-01 19:42:00,9.692307692307692,0.002438677829478963,98.7087654963885
84875D,BLUE SQUARE COMPACT MIRROR,370,480.0,36,15,1,1.25,2009-12-11 11:26:00,2011-09-23 13:18:00,10.277777777777779,0.00243578533439437,98.7112012817229
23336,EGG FRYING PAN PINK,211,479.88,79,24,4,2.08,2011-06-13 16:33:00,2011-12-04 10:35:00,2.670886075949367,0.0024351763880607713,98.71363645811095
21734,SMALL MARAKESH LANTERN ON STICK,88,479.62,25,11,2,5.6850000000000005,2009-12-07 18:02:00,2010-03-10 16:24:00,3.52,0.0024338570043379746,98.71607031511529
84970l,SINGLE HEART ZINC T-LIGHT HOLDER,229,478.82,62,38,1,2.08,2010-05-26 12:38:00,2011-12-02 10:08:00,3.693548387096774,0.002429797362113984,98.7185001124774
21882,SKULLS TAPE,1021,478.24,114,62,6,0.65,2009-12-07 15:42:00,2011-11-28 13:26:00,8.956140350877194,0.0024268541215015905,98.7209269665989
20659,ECONOMY LUGGAGE TAG,338,476.39,130,66,4,1.25,2009-12-07 17:56:00,2011-11-28 15:54:00,2.6,0.0024174661988586124,98.72334443279776
85109,PINK BOUDOIR T-LIGHT HOLDER,4211,475.43,20,16,3,0.85,2009-12-11 11:17:00,2010-12-19 14:03:00,210.55,0.0024125946281898236,98.72575702742594
84809A,WHITE CHRYSANTHEMUMS ART FLOWER,276,474.84000000000003,21,19,3,2.1,2010-01-27 12:19:00,2011-06-01 17:18:00,13.142857142857142,0.0024096006420496305,98.728166628068
17165B,ASS COL LARGE SAND GECKO P'WEIGHT,491,474.33000000000004,54,29,1,1.05,2009-12-16 12:06:00,2010-10-10 11:41:00,9.092592592592593,0.002407012620131837,98.73057364068812
21132,SILVER STANDING GNOME,91,474.11,45,34,6,4.25,2009-12-14 18:37:00,2011-11-16 17:24:00,2.022222222222222,0.002405896218520239,98.73297953690664
23422,PANTRY HOOK BALLOON WHISK,212,473.76,46,12,5,2.08,2011-09-07 16:48:00,2011-12-04 14:55:00,4.608695652173913,0.0024041201250472434,98.73538365703169
90175D,TIGRIS EYE CHUNKY CHARM BRACELET,52,473.12,36,32,1,9.15,2009-12-14 17:16:00,2011-12-02 16:39:00,1.4444444444444444,0.002400872411268051,98.73778452944296
22031,BOTANICAL LAVENDER BIRTHDAY CARD,1075,472.17,136,65,3,0.42,2009-12-16 17:06:00,2011-11-30 15:13:00,7.904411764705882,0.002396051586127062,98.7401805810291
85170B,SET/6 BLACK BIRD T-LIGHT CANDLES,282,471.61,57,40,1,2.1,2009-12-14 18:37:00,2011-11-29 17:52:00,4.947368421052632,0.0023932098365702682,98.74257379086566
gift_0001_20,Dotcomgiftshop Gift Voucher Â£20.00,28,471.06,26,21,1,17.02,2009-12-14 18:37:00,2011-10-31 14:41:00,1.0769230769230769,0.0023904188325412747,98.74496420969821
22038,BOTANICAL LAVENDER GIFT WRAP,1125,470.5,44,37,5,0.42,2009-12-22 12:05:00,2011-11-17 10:01:00,25.568181818181817,0.0023875770829844814,98.7473517867812
20662,FIRST CLASS HOLIDAY PURSE,727,468.38000000000005,48,32,6,2.51,2009-12-08 15:12:00,2011-10-24 17:07:00,15.145833333333334,0.002376819031090907,98.74972860581228
37492C,GREEN BLUE FLOWER PIGGY BANK,240,467.99999999999994,22,14,1,4.65,2009-12-11 13:31:00,2010-05-18 13:04:00,10.909090909090908,0.0023748907010345106,98.75210349651331
84509c,SET OF 4 POLKADOT PLACEMATS,62,467.64,41,28,1,7.62,2010-03-29 15:06:00,2011-11-23 11:11:00,1.5121951219512195,0.002373063862033715,98.75447656037535
72225C,LAVENDER SCENT CAKE CANDLE,1926,466.38,38,33,4,0.29,2009-12-17 19:33:00,2011-11-29 09:48:00,50.68421052631579,0.0023666699255309297,98.75684323030089
85014b,RED RETROSPOT UMBRELLA,37,465.96000000000004,33,22,1,12.46,2010-06-24 11:48:00,2011-11-29 11:23:00,1.121212121212121,0.0023645386133633347,98.75920776891425
84804B,BLUE DELPHINIUM ARTIFICIAL FLOWER,307,464.05000000000007,17,13,1,2.95,2010-01-05 13:58:00,2011-09-27 11:01:00,18.058823529411764,0.0023548462175535575,98.76156261513181
51020A,SUMMER FUN DESIGN SHOWER CAP,1303,463.30999999999995,50,38,2,1.25,2009-12-16 17:34:00,2011-04-27 11:26:00,26.06,0.0023510910484963654,98.7639137061803
84972L,GIANT PINK HEART MEMO HOLDER,117,462.15000000000003,46,11,1,3.95,2009-12-09 13:22:00,2010-07-14 12:05:00,2.5434782608695654,0.0023452045672715796,98.76625891074758
72132,COLUMBIAN CUBE CANDLE,549,462.15,28,20,2,1.95,2009-12-21 12:20:00,2011-11-27 14:30:00,19.607142857142858,0.0023452045672715796,98.76860411531486
84984A,GREEN PEONY CUSHION COVER,266,462.12,17,14,3,4.65,2010-01-08 16:29:00,2011-11-08 11:03:00,15.647058823529411,0.0023450523306881798,98.77094916764554
72789,BASKET/8 SCENTED LOVE TOKEN CANDLES,122,461.53,45,22,2,3.75,2009-12-10 14:19:00,2010-10-10 16:01:00,2.7111111111111112,0.0023420583445479867,98.77329122599009
72807c,SET/3 VANILLA SCENTED CANDLE IN BOX,54,460.08000000000004,40,24,1,8.47,2009-12-22 15:04:00,2011-11-23 11:11:00,1.35,0.002334700243017004,98.7756259262331
85204,HANGING WOOD AND FELT FLOWER,2345,459.94,153,76,5,0.42,2009-12-14 17:57:00,2011-11-29 13:12:00,15.326797385620916,0.002333989805627805,98.77795991603872
84901,BLACK FACE LAMB WITH PANTS,120,459.33,71,34,1,3.75,2009-12-07 18:02:00,2010-10-20 15:25:00,1.6901408450704225,0.0023308943284320125,98.78029081036716
47422,ASSORTED MONKEY SUCTION CUP HOOK,1177,458.34,66,49,4,0.42,2010-02-07 14:58:00,2011-12-01 19:42:00,17.833333333333332,0.002325870521179824,98.78261668088834
21536,DAIRY MAID  SMALL  MILK JUG,213,457.94000000000005,58,13,3,2.1,2009-12-10 18:27:00,2010-03-30 15:25:00,3.6724137931034484,0.002323840700067829,98.78494052158841
16207B,PINK HEART RED HANDBAG,265,457.65000000000003,46,20,2,2.51,2009-12-11 13:49:00,2011-08-30 10:49:00,5.760869565217392,0.002322369079761632,98.78726289066817
21518,BANK ACCOUNT  GREETING  CARD,1081,457.48,106,55,5,0.42,2009-12-07 17:56:00,2011-07-12 16:11:00,10.19811320754717,0.002321506405789034,98.78958439707397
40046A,RED DAISY PAPER LAMPSHADE,343,457.07,61,37,3,1.25,2009-12-07 17:56:00,2011-10-17 12:33:00,5.622950819672131,0.0023194258391492388,98.79190382291311
35911A,MULTICOLOUR RABBIT EGG WARMER,385,455.99,94,43,5,0.85,2009-12-10 15:45:00,2011-11-04 15:18:00,4.095744680851064,0.0023139453221468517,98.79421776823526
84926E,FLOWERS TILE COASTER,1047,455.95,49,32,2,0.29,2010-03-21 14:16:00,2011-11-20 15:36:00,21.367346938775512,0.002313742340035652,98.79653151057529
21757,LIGHTHOUSE PRINTED METAL SIGN,80,454.3,42,20,1,4.95,2009-12-08 14:03:00,2011-02-17 12:29:00,1.9047619047619047,0.0023053693279486715,98.79883687990323
35967,FOLK ART METAL STAR T-LIGHT HOLDER,890,453.63,105,48,2,0.38,2009-12-07 13:06:00,2011-12-02 16:39:00,8.476190476190476,0.0023019693775860792,98.80113884928082
35471A,SET OF 3 BIRD L.BLUE FEATHER,387,452.85,77,31,4,1.25,2009-12-10 16:35:00,2010-11-14 16:16:00,5.025974025974026,0.0022980112264176884,98.80343686050723
84915,HAND TOWEL PINK FLOWER AND DAISY,232,451.3,36,27,4,4.21,2010-03-30 11:14:00,2011-12-02 16:39:00,6.444444444444445,0.0022901456696087065,98.80572700617684
84508B,STRIPES DESIGN TEDDY,168,451.21,73,55,3,2.55,2009-12-13 09:58:00,2011-11-27 16:27:00,2.3013698630136985,0.0022896889598585076,98.8080166951367
84597C,RETRO PINK BALL ASHTRAY,363,449.73,43,29,5,1.25,2009-12-09 09:34:00,2011-06-02 19:50:00,8.44186046511628,0.002282178621744125,98.81029887375844
85136B,BLUE SHARK HELICOPTER,56,449.22,44,27,1,7.95,2009-12-07 18:02:00,2010-12-14 13:31:00,1.2727272727272727,0.002279590599826331,98.81257846435827
72750C,"F.FAIRY S/3 CANDLE/GLASS, ROSE",222,448.9,13,9,3,1.95,2009-12-11 15:52:00,2010-03-30 13:13:00,17.076923076923077,0.002277966742936735,98.8148564311012
90201B,BLACK ENAMEL FLOWER RING,152,448.38000000000005,52,44,4,2.96,2009-12-09 09:51:00,2011-12-04 13:45:00,2.923076923076923,0.002275327975491141,98.8171317590767
23466,TUSCAN VILLA DOVECOTE BIRD FEEDER,51,448.27,24,8,2,8.25,2011-09-30 08:18:00,2011-11-25 15:23:00,2.125,0.002274769774685342,98.81940652885139
23379,PACK OF 12 RED APPLE TISSUES,1191,447.45,67,13,5,0.39,2011-09-05 12:00:00,2011-12-01 16:22:00,17.776119402985074,0.0022706086414057518,98.8216771374928
23509,MINI PLAYING CARDS FUN FAIR,1055,447.29,61,11,5,0.42,2011-09-22 14:11:00,2011-12-04 13:15:00,17.295081967213115,0.002269796712960954,98.82394693420576
84857C,PINK MONTE CARLO HANDBAG,197,445.03,17,13,2,1.95,2010-06-16 08:54:00,2011-07-04 15:46:00,11.588235294117647,0.00225832822367818,98.82620526242944
90192,JADE DROP EARRINGS W FILIGREE,89,443.90000000000003,49,34,3,4.98,2009-12-07 16:38:00,2011-11-27 15:18:00,1.816326530612245,0.0022525939790367933,98.82845785640848
85211,S/4 GROOVY CAT MAGNETS,297,443.65,69,46,2,1.65,2009-12-07 18:02:00,2011-10-13 12:21:00,4.304347826086956,0.0022513253408417964,98.83070918174931
90120B,BLUE MURANO TWIST BRACELET,105,443.14,41,31,2,4.25,2009-12-09 12:57:00,2011-11-17 14:24:00,2.5609756097560976,0.0022487373189240024,98.83295791906824
62096B,PURPLE/TURQ FLOWERS HANDBAG,257,441.99,82,33,2,1.95,2009-12-07 18:02:00,2011-03-07 14:51:00,3.1341463414634148,0.002242901583227016,98.83520082065147
90198B,VINTAGE ROSE BEAD BRACELET BLACK,104,441.9,49,36,2,4.25,2009-12-07 17:56:00,2011-12-04 12:32:00,2.122448979591837,0.002242444873476817,98.83744326552494
20621,ECONOMY PASSPORT COVER,202,441.17,30,19,2,2.1,2009-12-07 13:59:00,2010-09-02 13:57:00,6.733333333333333,0.0022387404499474256,98.8396820059749
21134,VICTORIAN METAL POSTCARD CHRISTMAS,267,440.54999999999995,37,19,2,1.65,2009-12-07 12:13:00,2010-11-16 16:46:00,7.216216216216216,0.0022355942272238322,98.84191760020212
20616,CHERRY BLOSSOM PASSPORT COVER,280,439.91,118,61,2,1.66,2009-12-22 09:41:00,2011-11-28 15:31:00,2.3728813559322033,0.00223234651344464,98.84414994671556
90154,LAZER CUT NECKLACE W PASTEL BEADS,59,439.65,7,7,1,8.95,2010-06-07 13:02:00,2011-11-18 13:25:00,8.428571428571429,0.002231027129721843,98.84638097384529
72128,COLUMBIAN CANDLE ROUND,712,438.97999999999996,87,56,2,0.85,2009-12-07 12:42:00,2011-11-27 15:02:00,8.183908045977011,0.002227627179359251,98.84860860102465
72801D,S/4 SKY BLUE DINNER CANDLES,547,438.67,58,40,2,1.25,2009-12-15 12:03:00,2011-11-25 16:14:00,9.431034482758621,0.0022260540679974548,98.85083465509265
16218,CARTOON  PENCIL SHARPENERS,4529,438.53,94,51,4,0.16,2009-12-08 15:49:00,2011-12-02 13:35:00,48.180851063829785,0.0022253436306082564,98.85305999872327
72127,COLUMBIAN CANDLE ROUND,360,438.44,64,43,1,1.25,2009-12-18 16:04:00,2011-11-23 14:35:00,5.625,0.0022248869208580575,98.85528488564412
72799B,PURPLE PILLAR CANDLE BLACK FLOCK,312,438.21000000000004,15,3,2,2.95,2009-12-07 18:02:00,2010-01-05 15:55:00,20.8,0.00222371977371866,98.85750860541785
21740,COSY SLIPPER SHOES LARGE RED,126,436.59000000000003,47,7,3,2.95,2009-12-07 14:58:00,2010-05-30 15:27:00,2.6808510638297873,0.0022154989982150794,98.85972410441606
16244A,MAXWELL 2 TONE PINK 60 PAGE PHOTO A,176,436.51,24,11,1,4.21,2009-12-07 17:56:00,2010-03-15 15:58:00,7.333333333333333,0.00221509303399268,98.86193919745006
79071B,ENGLISH ROSE METAL WASTE BIN,142,433.70000000000005,66,38,2,2.95,2010-02-01 13:25:00,2011-06-13 13:44:00,2.1515151515151514,0.0022008335406809134,98.86414003099074
84798A,PINK FOXGLOVE ARTIIFCIAL FLOWER,195,432.45000000000005,10,9,2,2.55,2010-01-05 14:12:00,2011-09-28 15:18:00,19.5,0.002194490349705928,98.86633452134045
84858B,BLUE RIVIERA HANDBAG,326,431.0,9,5,1,1.25,2010-04-28 10:50:00,2010-06-02 14:48:00,36.22222222222222,0.0021871322481749446,98.86852165358863
23548,WRAP MAGIC FOREST,1025,430.5,41,17,5,0.42,2011-07-20 14:39:00,2011-11-30 16:43:00,25.0,0.0021845949717849505,98.87070624856041
16243B,BROWN COZY SQUARE PHOTO ALBUM,210,429.69,6,4,1,5.975,2009-12-16 11:57:00,2010-03-11 10:13:00,35.0,0.0021804845840331603,98.87288673314444
20851,ZINC HEART LATTICE TRAY OVAL,335,429.57,28,23,2,5.95,2009-12-08 15:00:00,2011-04-27 16:54:00,11.964285714285714,0.0021798756376995615,98.87506660878213
84859B,BLUE DISCO HANDBAG,281,429.33,17,14,1,1.95,2010-02-03 13:52:00,2011-11-25 11:20:00,16.529411764705884,0.0021786577450323644,98.87724526652717
84966B,BLUE KASHMIRI BOXED MIRROR,33,428.0,4,4,1,16.0,2010-01-19 12:18:00,2010-11-02 17:29:00,8.25,0.00217190858983498,98.879417175117
84422,PINK/BLUE DISC/MIRROR STRING,782,427.95,38,33,1,0.85,2009-12-20 12:10:00,2011-09-16 13:13:00,20.57894736842105,0.0021716548621959807,98.8815888299792
23023,RIDGED BONNE JAM JAR T-LIGHT HOLDER,268,427.91999999999996,24,14,2,1.65,2011-06-20 15:47:00,2011-11-24 14:40:00,11.166666666666666,0.0021715026256125805,98.88376033260481
84801A,PINK HYDRANGEA ART FLOWER,272,427.44000000000005,15,14,1,2.1,2010-01-05 14:12:00,2011-11-23 11:47:00,18.133333333333333,0.0021690668402781868,98.88592939944509
84510F,SET OF 4 NEW ENGLAND COASTERS,1095,426.43,35,24,1,1.25,2009-12-07 17:56:00,2010-10-07 16:28:00,31.285714285714285,0.002163941541970398,98.88809334098706
16045,POPART WOODEN PENCILS ASST,9212,425.44,73,35,4,0.04,2010-01-07 14:20:00,2011-12-04 13:59:00,126.1917808219178,0.00215891773471821,98.89025225872177
85179A,GREEN BITTY LIGHT CHAIN,188,424.76,61,24,4,2.46,2009-12-09 11:52:00,2011-12-04 13:32:00,3.081967213114754,0.002155467038827818,98.8924077257606
90013B,BLACK VINTAGE EARRINGS,103,424.59000000000003,78,52,1,4.24,2009-12-07 17:56:00,2011-11-30 15:13:00,1.3205128205128205,0.00215460436485522,98.89456233012547
20715,LITTLE FLOWER SHOPPER BAG,400,424.0,1,1,1,1.06,2010-01-07 12:34:00,2010-01-07 12:34:00,400.0,0.0021516103787150268,98.89671394050418
45016,DECORATIVE NET CANOPY LEOPARD,101,423.73,25,18,1,7.62,2009-12-14 18:37:00,2010-09-09 11:20:00,4.04,0.00215024024946443,98.89886418075365
23044,PAPER LANTERN 9 POINT HOLLY STAR S,101,423.29,25,17,2,4.15,2011-05-08 11:41:00,2011-12-01 13:28:00,4.04,0.0021480074462412353,98.90101218819989
21027,NINJA RABBIT PINK,345,421.11,76,40,5,1.25,2009-12-09 09:51:00,2011-11-21 12:05:00,4.5394736842105265,0.0021369449211808608,98.90314913312106
90120C,GREEN MURANO TWIST BRACELET,99,419.88,51,38,1,4.24,2009-12-09 09:51:00,2011-11-17 14:24:00,1.9411764705882353,0.002130703221261475,98.90527983634232
84967C,GREEN KASHMIRI OCCASIONAL TABLE,9,419.85,4,4,1,79.95,2010-05-19 13:32:00,2010-10-11 15:00:00,2.25,0.0021305509846780753,98.90741038732699
84770,ROUND GEORGIAN SILVER MIRROR,135,419.25000000000006,16,6,1,2.95,2010-02-28 13:55:00,2010-04-08 17:44:00,8.4375,0.002127506253010083,98.90953789358
90013A,MIDNIGHT BLUE VINTAGE EARRINGS,111,419.18,75,51,3,3.81,2009-12-07 17:56:00,2011-12-02 16:39:00,1.48,0.0021271510343154835,98.91166504461431
85230G,ORANGE VOTIVE CANDLE,1656,418.79999999999995,45,37,4,0.29,2010-02-17 14:01:00,2011-12-02 12:52:00,36.8,0.0021252227042590876,98.91379026731857
21678,PAISLEY PATTERN  STICKERS,569,418.03999999999996,78,52,6,0.85,2009-12-11 15:37:00,2011-11-25 11:25:00,7.294871794871795,0.002121366044146297,98.91591163336273
21663,VINTAGE GLASS SUGAR CADDY,63,416.81,30,14,1,5.95,2009-12-08 15:49:00,2010-04-13 13:31:00,2.1,0.002115124344226911,98.91802675770695
46126A,ELVIS WALLHANGING / CURTAIN,314,416.24,47,29,2,1.25,2010-01-22 11:28:00,2011-05-18 11:08:00,6.680851063829787,0.002112231849142318,98.9201389895561
85014a,BLACK/BLUE POLKADOT UMBRELLA,33,416.12,28,21,1,12.72,2010-06-24 11:48:00,2011-11-29 11:23:00,1.1785714285714286,0.0021116229028087193,98.9222506124589
35240,ENAMEL BLUE RIM OVAL TRAY SET/2,49,416.01,39,20,1,8.49,2010-05-27 19:53:00,2010-11-21 15:56:00,1.2564102564102564,0.0021110647020029204,98.9243616771609
37464,ROBOT MUG IN DISPLAY BOX,305,414.79,77,33,3,1.25,2009-12-07 15:15:00,2010-12-17 16:53:00,3.961038961038961,0.002104873747611335,98.92646655090851
84529C,YELLOW KNITTED KIDS RUCKSACK,78,414.74,37,13,3,4.21,2009-12-16 10:39:00,2010-06-04 15:50:00,2.108108108108108,0.0021046200199723356,98.92857117092849
16207A,PINK STRAWBERRY HANDBAG,140,414.68,74,38,2,2.95,2009-12-17 15:27:00,2011-11-06 16:14:00,1.8918918918918919,0.002104315546805536,98.9306754864753
90145,SILVER HOOP EARRINGS WITH FLOWER,68,413.65000000000003,41,36,4,5.95,2009-12-07 18:02:00,2011-11-29 10:57:00,1.6585365853658536,0.0020990887574421483,98.93277457523274
22032,BOTANICAL LILY GREETING CARD,968,413.08,110,56,7,0.42,2009-12-07 11:46:00,2011-11-25 10:20:00,8.8,0.0020961962623575548,98.9348707714951
20666,ECONOMY HOLIDAY PURSE,911,412.45000000000005,46,28,4,2.51,2009-12-08 15:12:00,2011-07-20 16:12:00,19.804347826086957,0.0020929992941061625,98.9369637707892
90149,SILVER FLOWR PINK SHELL NECKLACE,62,410.26000000000005,9,8,1,7.5,2010-01-31 15:17:00,2011-12-02 16:39:00,6.888888888888889,0.0020818860235179886,98.93904565681272
21520,BOOZE & WOMEN GREETING CARD,955,409.94,106,57,5,0.42,2009-12-08 08:48:00,2011-11-30 15:13:00,9.00943396226415,0.002080262166628392,98.94112591897935
20857,BLUE ROSE PATCH PURSE PINK BUTTERFL,248,409.2,72,41,5,1.65,2009-12-09 14:25:00,2011-02-17 13:28:00,3.4444444444444446,0.0020765069975712007,98.94320242597692
84595B,LARGE TRIFLE DESIGN L BLUE BOWL,230,408.9,16,14,2,3.75,2009-12-15 15:21:00,2010-06-27 13:11:00,14.375,0.002074984631737204,98.94527741060865
23691,WRAP KEEP CALM BIRTHDAY,1000,408.0,31,5,2,0.42,2011-11-02 11:52:00,2011-12-04 15:00:00,32.25806451612903,0.0020704175342352144,98.9473478281429
16161M,WRAP  PINK FLOCK,975,407.5,36,29,2,0.42,2009-12-07 15:42:00,2010-12-02 18:15:00,27.083333333333332,0.0020678802578452202,98.94941570840074
90010A,MIDNIGHT BLUE GLASS/SILVER BRACELET,45,406.4,27,23,1,8.95,2009-12-15 12:49:00,2011-12-02 16:39:00,1.6666666666666667,0.002062298249787233,98.95147800665052
72780,BLACK SILOUETTE CANDLE PLATE,498,404.58,42,35,3,0.85,2009-12-09 15:28:00,2011-12-02 12:52:00,11.857142857142858,0.0020530625637276544,98.95353106921425
21028,NINJA RABBIT BLACK,310,404.02,89,51,2,1.25,2009-12-07 13:59:00,2011-11-28 15:54:00,3.4831460674157304,0.002050220814170861,98.95558129002842
37444B,BLUE BREAKFAST CUP AND SAUCER,2008,403.7,27,20,3,2.95,2009-12-14 18:37:00,2011-03-28 12:23:00,74.37037037037037,0.002048596957281265,98.9576298869857
72803B,OCEAN SCENT CANDLE JEWELLED DRAWER,91,403.63,35,23,1,4.25,2009-12-07 14:58:00,2010-11-01 13:26:00,2.6,0.002048241738586666,98.95967812872429
84984C,ORIENTAL BLUE C/COVER,232,401.16,16,13,2,4.65,2009-12-09 13:25:00,2010-11-14 15:22:00,14.5,0.002035707593220095,98.96171383631751
16156L,"WRAP, CAROUSEL",950,399.0,36,33,8,0.42,2010-01-10 12:25:00,2011-12-02 10:22:00,26.38888888888889,0.00202474655921532,98.96373858287673
90195B,BLACK GEMSTONE BRACELET,45,398.03999999999996,23,17,1,8.95,2009-12-10 14:19:00,2011-11-09 15:07:00,1.9565217391304348,0.002019874988546531,98.96575845786528
D,Discount,196,397.89,5,5,1,32.29,2010-04-15 18:08:00,2010-11-30 11:57:00,39.2,0.002019113805629533,98.96777757167091
47579,TEA TIME BREAKFAST BASKET,176,397.57000000000005,52,32,2,2.1,2009-12-07 18:02:00,2010-12-05 13:00:00,3.3846153846153846,0.0020174899487399372,98.96979506161965
82076,BEECH WOOD PHOTO FRAME,288,396.78,17,5,1,3.36,2009-12-07 17:56:00,2010-01-27 12:39:00,16.941176470588236,0.002013481052043746,98.9718085426717
90120A,PINK MURANO TWIST BRACELET,93,395.68,41,27,1,4.25,2009-12-07 17:56:00,2011-01-25 10:45:00,2.268292682926829,0.002007899043985759,98.97381644171568
35600D,PINK AND WHITE CHRISTMAS TREE 180CM,115,395.25,9,8,2,2.95,2009-12-07 15:26:00,2010-09-28 14:23:00,12.777777777777779,0.002005716986290364,98.97582215870197
84726,LILLIES CANVAS PICTURE,233,394.84999999999997,5,4,1,1.65,2010-03-03 11:53:00,2010-08-20 12:28:00,46.6,0.002003687165178369,98.97782584586716
84873A,FUNKY FLOWER PICNIC BAG FOR 4,32,394.15,16,8,1,11.02,2010-03-05 10:05:00,2011-06-01 17:42:00,2.0,0.002000134978232377,98.97982598084539
22869,NUMBER TILE COTTAGE GARDEN 1,167,393.63,57,38,3,4.13,2010-10-17 13:46:00,2011-11-29 15:39:00,2.9298245614035086,0.001997496210786783,98.98182347705618
84532B,FAIRY CAKES RECTANGLUAR BOXES,51,393.55,28,13,3,5.95,2009-12-07 11:29:00,2010-03-31 12:52:00,1.8214285714285714,0.001997090246564384,98.98382056730274
21017,RED BIRD HOUSE TREE DECORATION,464,391.65999999999997,83,23,2,1.28,2009-12-07 18:02:00,2010-11-19 13:07:00,5.590361445783133,0.0019874993418102062,98.98580806664455
90124B,BLUE MURANO TWIST NECKLACE,39,391.18,30,23,1,9.96,2009-12-08 15:49:00,2011-11-11 17:58:00,1.3,0.0019850635564758116,98.98779313020103
84711A,SILVER OVAL SHAPE TRINKET BOX,42,390.95,24,19,4,9.95,2009-12-13 12:04:00,2011-12-04 12:29:00,1.75,0.0019838964093364143,98.98977702661037
16044,POP-ART FLUORESCENT PENS,6193,389.22,3,3,2,0.42,2010-01-07 14:20:00,2010-02-18 13:29:00,2064.3333333333335,0.001975117433027035,98.9917521440434
84510C,SET OF 4 POLKADOT COASTERS,266,389.17,96,65,2,1.25,2009-12-07 18:02:00,2011-12-01 19:42:00,2.7708333333333335,0.001974863705388035,98.99372700774879
84952A,CLEAR LOVE BIRD T-LIGHT HOLDER,147,388.78,38,21,2,2.51,2009-12-11 14:39:00,2011-11-14 15:27:00,3.8684210526315788,0.00197288462980384,98.9956998923786
90201D,GREEN ENAMEL FLOWER RING,132,388.47,56,42,3,2.95,2009-12-18 17:06:00,2011-11-28 15:31:00,2.357142857142857,0.0019713115184420435,98.99767120389704
84673B,BLUE FLY SWAT,501,388.38,131,66,4,0.65,2009-12-07 18:02:00,2011-11-28 15:54:00,3.8244274809160306,0.0019708548086918446,98.99964205870573
85167A,WHITE GRAND BAROQUE PHOTO FRAME,174,388.3,13,6,1,4.25,2009-12-10 20:16:00,2010-03-31 12:52:00,13.384615384615385,0.0019704488444694454,99.0016125075502
23039,T-LIGHT HOLDER SILVER HEART HANDLE,193,388.01,27,13,2,1.95,2011-06-19 10:35:00,2011-12-01 12:39:00,7.148148148148148,0.001968977224163249,99.00358148477437
21698,MOCK LOBSTER FRIDGE MAGNET,501,387.7,109,62,4,1.63,2009-12-08 17:24:00,2011-11-30 15:13:00,4.5963302752293576,0.0019674041128014525,99.00554888888718
72267,PREMIUM CHURCH CANDLE,201,386.96000000000004,30,8,1,2.1,2009-12-07 13:48:00,2010-03-28 10:54:00,6.7,0.0019636489437442613,99.00751253783092
84804A,CREAM DELPHINIUM ARTIFICIAL FLOWER,206,386.90000000000003,17,14,1,2.95,2010-01-19 13:09:00,2011-09-27 11:01:00,12.117647058823529,0.001963344470577462,99.0094758823015
16008,SMALL FOLDING SCISSOR(POINTED EDGE),2829,385.52,82,42,8,0.12,2010-03-19 14:02:00,2011-12-04 15:13:00,34.5,0.0019563415877410784,99.01143222388924
21736,GOLD SCROLL GLASS T-LIGHT HOLDER,191,385.09000000000003,26,23,2,2.1,2009-12-07 13:00:00,2011-04-06 12:08:00,7.346153846153846,0.001954159530045683,99.01338638341929
84802B,PURPLE ANEMONE ARTIFICIAL FLOWER,408,384.72,16,13,2,1.69,2010-01-05 13:58:00,2011-03-01 12:46:00,25.5,0.0019522819455170875,99.01533866536481
22395,PAPERWEIGHT VINTAGE PAISLEY,155,382.95,46,32,4,2.55,2010-04-13 11:04:00,2011-12-01 16:22:00,3.369565217391304,0.0019432999870965084,99.0172819653519
84081,WHITE CERAMIC PARTY SET (5PCS),99,380.65,19,11,1,4.25,2009-12-08 15:49:00,2010-07-14 14:17:00,5.2105263157894735,0.0019316285157025353,99.0192135938676
82081,PINK HEARTS PHOTO ALBUM,147,379.77,20,9,1,7.62,2009-12-08 09:35:00,2010-02-24 10:18:00,7.35,0.0019271629092561457,99.02114075677686
85097B,BLUE ROCKING SINGING CANARY,97,379.39,34,18,4,3.75,2009-12-08 15:49:00,2010-08-09 12:22:00,2.8529411764705883,0.00192523457919975,99.02306599135606
84968e,SET OF 16 VINTAGE BLACK CUTLERY,15,379.16999999999996,12,11,1,25.49,2010-06-08 15:25:00,2011-08-17 12:34:00,1.25,0.0019241181775881524,99.02499010953365
20670,VIP HOLIDAY PURSE,694,378.85,48,32,3,2.51,2009-12-08 16:43:00,2011-11-15 16:38:00,14.458333333333334,0.0019224943206985565,99.02691260385434
90070,RUBY GLASS CLUSTER BRACELET,62,378.65000000000003,34,30,2,6.23,2009-12-09 09:42:00,2011-11-24 09:26:00,1.8235294117647058,0.0019214794101425588,99.02883408326448
16169F,WRAP BLIZZARD,900,378.0,31,10,2,0.42,2009-12-07 10:42:00,2010-10-17 16:08:00,29.032258064516128,0.0019181809508355663,99.03075226421532
84884a,ANT WHITE WIRE HEART SPIRAL,45,377.73,33,24,1,8.47,2010-02-19 10:49:00,2011-11-13 11:50:00,1.3636363636363635,0.0019168108215849697,99.0326690750369
23116,VEGETABLE GARDEN CHOPPING BOARD,75,377.49,21,10,3,4.95,2011-09-30 15:04:00,2011-12-01 16:22:00,3.5714285714285716,0.0019155929289177724,99.03458466796583
90201A,PURPLE ENAMEL FLOWER RING,128,377.04,53,42,3,2.95,2009-12-13 11:34:00,2011-11-18 15:59:00,2.4150943396226414,0.0019133093801667776,99.036497977346
23058,CHRISTMAS HANGING SNOWFLAKE,427,376.92,42,12,4,0.79,2011-09-14 09:27:00,2011-12-02 16:39:00,10.166666666666666,0.001912700433833179,99.03841067777984
21025,SPACE FROG,286,376.09,77,34,4,1.25,2009-12-16 16:02:00,2011-12-02 16:39:00,3.7142857142857144,0.0019084885550257889,99.04031916633487
84497,BUTTONS AND STRIPES NOTEBOOK,94,375.88,35,26,1,3.75,2009-12-09 14:48:00,2011-11-15 14:48:00,2.6857142857142855,0.0019074228989419914,99.0422265892338
84932B,SMALL PINK PEONY FOLDING STOOL,186,375.8,16,10,5,1.95,2010-01-21 14:01:00,2010-04-26 11:36:00,11.625,0.0019070169347195922,99.04413360616853
23459,DOLLY CABINET 2 DRAWERS,30,375.0,17,8,2,12.5,2011-10-16 12:19:00,2011-12-01 08:34:00,1.7647058823529411,0.0019029572924956016,99.04603656346103
23415,HOME SWEET HOME HOOK,225,372.00999999999993,38,12,5,1.65,2011-09-07 15:52:00,2011-12-04 15:19:00,5.921052631578948,0.0018877843796834364,99.04792434784072
84877D,BLUE ROUND COMPACT MIRROR,160,371.84999999999997,43,34,3,3.36,2009-12-09 09:42:00,2011-09-25 16:05:00,3.7209302325581395,0.0018869724512386385,99.04981132029197
79191B,RETRO PLASTIC POLKA TRAY,450,371.02,64,43,5,0.85,2009-12-10 09:49:00,2011-11-17 15:17:00,7.03125,0.0018827605724312483,99.0516940808644
23150,IVORY SWEETHEART SOAP DISH,141,370.85,47,24,5,2.49,2011-04-21 10:19:00,2011-12-02 15:48:00,3.0,0.0018818978984586504,99.05357597876285
78033,FLAG OF ST GEORGE CHAIR,76,370.6,16,14,2,5.95,2010-01-27 16:34:00,2011-10-06 09:37:00,4.75,0.0018806292602636533,99.05545660802312
85007,SET OF 3 VINTAGE TEA TIME BOXES,125,369.92,20,7,3,4.65,2009-12-10 16:30:00,2010-03-02 12:24:00,6.25,0.0018771785643732612,99.05733378658749
20663,QUEEN OF THE SKIES HOLIDAY PURSE,1074,369.41,44,30,4,2.51,2009-12-10 15:45:00,2011-10-17 13:31:00,24.40909090909091,0.0018745905424554672,99.05920837712995
72023F,RED ORGANIC CANDLE IN GLASS,292,369.02,46,18,1,1.25,2009-12-07 13:32:00,2010-08-08 14:51:00,6.3478260869565215,0.0018726114668712718,99.06108098859681
84741C,CITRUS GARLAND FELT FLOWERS,183,368.24,50,29,2,1.95,2009-12-07 13:35:00,2011-04-27 14:01:00,3.66,0.0018686533157028808,99.06294964191251
22870,NUMBER TILE COTTAGE GARDEN 2,155,367.96999999999997,46,33,3,4.13,2010-10-18 09:36:00,2011-11-29 15:08:00,3.369565217391304,0.0018672831864522841,99.06481692509897
23429,RED RETRO KITCHEN WALL CLOCK,43,367.41,21,2,4,8.15,2011-11-21 10:35:00,2011-12-02 15:39:00,2.0476190476190474,0.0018644414368954906,99.06668136653586
79030A,"TUMBLER, ENGLISH ROSE",155,366.45,29,11,6,1.65,2009-12-07 13:35:00,2010-07-29 10:43:00,5.344827586206897,0.0018595698662267018,99.06854093640209
84533B,FAIRY CAKES ROUND NESTING BOXES,57,366.03000000000003,23,12,4,5.95,2009-12-07 11:29:00,2010-03-12 11:19:00,2.4782608695652173,0.0018574385540591069,99.07039837495614
90158,ST TROPEZ NECKLACE,73,365.96000000000004,59,44,1,4.98,2009-12-14 17:16:00,2011-12-02 16:39:00,1.2372881355932204,0.0018570833353645077,99.07225545829151
35915A,CREAM KNITTED HEN,288,365.76,1,1,1,1.27,2009-12-18 10:59:00,2009-12-18 10:59:00,288.0,0.00185606842480851,99.07411152671632
35004S,SET OF 3 SILVER FLYING DUCKS,128,364.2,16,3,1,6.35,2009-12-07 08:24:00,2009-12-23 10:54:00,8.0,0.0018481521224717283,99.0759596788388
85026B,EAU DE NILE JEWELLED T-LIGHT HOLDER,297,364.15,27,25,1,0.85,2009-12-10 12:10:00,2011-11-24 14:40:00,11.0,0.001847898394832729,99.07780757723363
16216,LETTER SHAPE PENCIL SHARPENER,4043,363.74,85,51,2,0.16,2009-12-16 11:57:00,2011-12-01 12:01:00,47.56470588235294,0.0018458178281929338,99.07965339506183
90184A,AMBER CHUNKY BEAD BRACELET W STRAP,40,362.91999999999996,24,21,2,9.15,2009-12-07 18:02:00,2011-11-10 14:28:00,1.6666666666666667,0.001841656694913343,99.08149505175673
20889,JARDIN DE FEMME SCENTED CANDLE,646,362.5,10,8,3,1.9000000000000001,2009-12-17 09:09:00,2010-03-26 14:29:00,64.6,0.0018395253827457481,99.08333457713948
90206C,CRYSTAL DIAMANTE STAR BROOCH,72,362.33000000000004,51,37,1,4.98,2009-12-14 17:16:00,2011-11-29 16:47:00,1.411764705882353,0.0018386627087731507,99.08517323984826
72801E,S/4 FESTIVE GREEN DINNER CANDLES,735,362.25,19,13,1,1.25,2009-12-11 12:09:00,2010-09-02 16:47:00,38.68421052631579,0.001838256744550751,99.08701149659281
90082B,DIAMANTE BOW BROOCH RED COLOUR,57,361.95,24,21,1,6.35,2009-12-15 13:21:00,2011-11-27 15:18:00,2.375,0.0018367343787167546,99.08884823097152
23337,EGG FRYING PAN MINT,169,361.77,64,23,3,2.08,2011-06-13 16:33:00,2011-11-30 13:05:00,2.640625,0.0018358209592163567,99.09068405193074
79051A,SMOKEY GREY COLOUR D.O.F. GLASS,907,361.52,51,36,4,0.29,2009-12-09 09:51:00,2011-12-04 12:18:00,17.784313725490197,0.0018345523210213596,99.09251860425175
84760S,SMALL HANGING GLASS+ZINC LANTERN,222,360.21,36,32,3,1.45,2009-12-09 09:42:00,2011-05-12 20:13:00,6.166666666666667,0.001827904656879575,99.09434650890863
84292,ROSE PINK METAL FOLDING CHAIR,43,359.94,13,11,2,7.95,2009-12-10 09:49:00,2010-06-16 14:34:00,3.3076923076923075,0.0018265345276289782,99.09617304343625
90208,PAIR OF PINK FLOWER CLUSTER SLIDE,148,359.22,60,42,3,2.54,2009-12-07 18:02:00,2011-11-30 15:13:00,2.466666666666667,0.0018228808496273867,99.09799592428588
90036E,"FLOWER GLASS GARLD NECKL36""AMETHYST",45,358.87,28,23,3,7.95,2009-12-08 15:49:00,2011-10-20 15:57:00,1.6071428571428572,0.0018211047561543909,99.09981702904204
90002D,FLOWER BURST SILVER RING CRYSTAL,102,358.24,33,25,1,3.75,2009-12-08 13:41:00,2011-05-08 16:13:00,3.090909090909091,0.0018179077879029982,99.10163493682995
79336,LIGHT PINK FLOCK GLASS CANDLEHOLDER,833,358.23,19,18,2,0.38,2009-12-09 09:42:00,2011-09-02 15:48:00,43.8421052631579,0.0018178570423751984,99.10345279387232
23661,MILK MAIDS MUG,206,357.25999999999993,28,8,2,1.65,2011-10-13 13:43:00,2011-11-30 09:53:00,7.357142857142857,0.0018129347261786092,99.1052657285985
84800M,MEDIUM WHITE/PINK ROSE ART FLOWER,250,357.22,27,21,1,1.69,2010-01-28 17:13:00,2011-08-28 12:06:00,9.25925925925926,0.00181273174406741,99.10707846034256
84429A,MEDIUM PINK BUDDHA HEAD,105,356.89000000000004,39,29,4,2.95,2009-12-07 17:56:00,2011-11-30 10:54:00,2.6923076923076925,0.0018110571416500144,99.10888951748422
90180A,BLACK+WHITE NECKLACE W TASSEL,40,356.84,26,20,1,9.95,2009-12-10 14:19:00,2011-11-29 16:33:00,1.5384615384615385,0.0018108034140110146,99.11070032089823
84680,CLASSICAL ROSE URN,92,356.40000000000003,16,11,3,7.95,2009-12-08 13:59:00,2010-09-05 11:42:00,5.75,0.0018085706107878199,99.11250889150902
35912B,WHITE/PINK CHICK DECORATION,288,355.58000000000004,30,25,5,1.25,2010-01-07 12:22:00,2011-10-30 11:09:00,9.6,0.0018044094775082297,99.11431330098654
21038,SET/4 MODERN VINTAGE COTTON NAPKINS,166,355.48,52,33,3,2.95,2009-12-16 17:01:00,2011-05-04 13:52:00,3.1923076923076925,0.0018039020222302305,99.11611720300877
90160A,PURPLE BOUDICCA LARGE BRACELET,51,355.44,24,21,2,6.95,2010-01-13 17:44:00,2011-10-09 15:24:00,2.125,0.0018036990401190311,99.1179209020489
21946,PARTY TIME DESIGN FLANNEL,619,355.39,65,40,6,0.85,2009-12-07 17:56:00,2011-11-28 11:18:00,9.523076923076923,0.0018034453124800315,99.11972434736137
85094,CANDY SPOT EGG WARMER RABBIT,752,354.35,104,43,4,0.83,2009-12-15 18:33:00,2011-12-04 11:24:00,7.230769230769231,0.0017981677775888438,99.12152251513896
84984D,ORIENTAL RED C/COVER,147,353.91,20,16,3,4.65,2009-12-09 09:42:00,2011-11-08 11:03:00,7.35,0.001795934974365649,99.12331845011333
20753,RETRO PINK SPOT WASHING UP GLOVES,148,353.20000000000005,39,6,3,2.1,2009-12-07 18:02:00,2010-01-18 12:36:00,3.7948717948717947,0.0017923320418918576,99.12511078215522
22039,BOTANICAL LILY GIFT WRAP,850,353.0,30,23,3,0.42,2009-12-22 12:05:00,2011-10-25 13:46:00,28.333333333333332,0.0017913171313358597,99.12690209928655
84809B,PINK CHRYSANTHEMUMS ART FLOWER,296,351.6,8,7,1,2.1,2010-01-27 12:19:00,2011-02-25 10:53:00,37.0,0.0017842127574438761,99.128686312044
23420,PANTRY HOOK TEA STRAINER,164,351.37,32,11,3,2.08,2011-09-15 12:46:00,2011-12-04 12:44:00,5.125,0.0017830456103044786,99.1304693576543
23339,EGG FRYING PAN BLUE,157,351.16,68,21,4,2.08,2011-06-13 16:33:00,2011-11-30 14:17:00,2.3088235294117645,0.0017819799542206811,99.13225133760852
21729,SMALL MARAKESH METAL  LANTERN,103,350.99,22,6,1,3.25,2009-12-07 11:47:00,2010-01-18 13:20:00,4.681818181818182,0.0017811172802480832,99.13403245488877
46000R,POLYESTER FILLER PAD 45x30cm,241,349.45,60,42,3,1.45,2010-01-26 14:18:00,2011-11-29 17:52:00,4.016666666666667,0.0017733024689669014,99.13580575735773
23421,PANTRY HOOK SPATULA,160,349.2,33,13,4,2.08,2011-09-08 13:38:00,2011-12-04 12:44:00,4.848484848484849,0.0017720338307719043,99.1375777911885
47562,ENGLISH ROSE IRONING BOARD COVER,93,348.75,36,15,1,3.75,2009-12-08 14:03:00,2010-03-29 11:55:00,2.5833333333333335,0.0017697502820209095,99.13934754147053
90164B,WHITE  ROSEBUD PEARL BRACELET,65,347.65,33,30,1,7.64,2009-12-09 09:42:00,2011-11-30 14:33:00,1.9696969696969697,0.0017641682739629224,99.1411117097445
84926D,LA PALMIERA TILE COASTER,738,347.27,43,32,4,0.835,2010-03-21 14:16:00,2011-11-29 16:33:00,17.162790697674417,0.0017622399439065268,99.1428739496884
20906,VINTAGE NOTEBOOK BEAUTY GIRL,97,347.17,44,25,2,2.95,2009-12-07 17:56:00,2011-04-03 15:07:00,2.2045454545454546,0.001761732488628528,99.14463568217703
22257,FELT FARM ANIMAL SHEEP,419,345.47999999999996,57,26,3,1.25,2010-01-21 09:30:00,2011-10-30 11:09:00,7.350877192982456,0.0017531564944303474,99.14638883867146
84948,SILVER HANGING T-LIGHT HOLDER DOME,204,345.35999999999996,30,12,3,1.65,2009-12-07 13:48:00,2010-05-11 10:56:00,6.8,0.001752547548096749,99.14814138621955
16258A,SWIRLY CIRCULAR RUBBERS IN BAG,915,345.25,95,51,6,0.42,2009-12-11 15:40:00,2011-12-04 13:15:00,9.631578947368421,0.0017519893472909506,99.14989337556685
90201C,RED ENAMEL FLOWER RING,117,345.14000000000004,44,35,4,2.95,2009-12-23 15:30:00,2011-11-16 15:23:00,2.659090909090909,0.0017514311464851523,99.15164480671334
82011B,BATHROOM SCALES RUBBER DUCKS,92,345.05,47,37,3,3.75,2009-12-09 09:42:00,2011-11-23 15:44:00,1.9574468085106382,0.0017509744367349529,99.15339578115007
84801B,WHITE HYDRANGEA ART FLOWER,214,345.00000000000006,18,15,2,2.1,2009-12-17 17:46:00,2011-04-06 14:23:00,11.88888888888889,0.001750720709095954,99.15514650185916
90134,OLD ROSE COMBO BEAD NECKLACE,117,344.39,92,58,1,2.96,2009-12-22 09:41:00,2011-12-02 16:39:00,1.2717391304347827,0.0017476252319001606,99.15689412709106
20976,12 PENCILS SMALL TUBE POSY,499,343.84000000000003,72,33,3,0.65,2009-12-07 11:39:00,2010-10-04 14:30:00,6.930555555555555,0.001744834227871167,99.15863896131893
79190A,RETRO PLASTIC 70'S TRAY,749,343.75,111,73,4,0.42,2009-12-16 09:37:00,2011-12-02 16:07:00,6.747747747747748,0.001744377518120968,99.16038333883705
84881,BLUE WIRE SPIRAL CANDLE HOLDER,52,342.94,24,21,2,6.35,2010-01-28 09:09:00,2011-07-17 11:59:00,2.1666666666666665,0.0017402671303691777,99.16212360596742
35968,FOLK ART METAL HEART T-LIGHT HOLDER,711,341.7,73,45,3,0.38,2009-12-09 09:42:00,2011-11-01 14:29:00,9.73972602739726,0.0017339746849219923,99.16385758065235
84898F,YELLOW FLOWERS FELT HANDBAG KIT,159,340.15000000000003,50,30,4,2.1,2010-02-02 15:22:00,2011-03-24 16:45:00,3.18,0.0017261091281130104,99.16558368978046
84711B,PINK OVAL SHAPE TRINKET BOX,37,339.11,28,23,2,9.3,2009-12-10 09:49:00,2011-11-22 13:11:00,1.3214285714285714,0.0017208315932218225,99.16730452137368
23015,CORDIAL GLASS JUG,40,338.38,18,14,4,8.25,2011-06-17 11:04:00,2011-11-24 15:01:00,2.2222222222222223,0.001717127169692431,99.16902164854338
21306,SET/4 DAISY MIRROR MAGNETS,678,338.31,65,43,3,0.38,2009-12-13 12:04:00,2011-12-04 15:19:00,10.430769230769231,0.0017167719509978319,99.17073842049437
20799,PINK MILKSHAKE GLASS,196,338.13,24,14,3,2.1,2009-12-07 17:18:00,2010-06-21 13:18:00,8.166666666666666,0.001715858531497434,99.17245427902587
90019A,SILVER M.O.P ORBIT BRACELET,65,337.93,48,40,3,5.4,2009-12-15 18:33:00,2011-11-29 16:47:00,1.3541666666666667,0.0017148436209414365,99.17416912264682
23597,PAPER BUNTING PAISLEY PARK,117,337.67,25,4,3,2.95,2011-11-10 16:27:00,2011-12-04 14:15:00,4.68,0.0017135242372186394,99.17588264688403
84925A,WAKE UP COCKEREL WALL THERMOMETER,178,336.73999999999995,16,13,1,2.55,2009-12-09 09:42:00,2010-03-28 14:53:00,11.125,0.00170880490313325,99.17759145178717
17011F,ORIGAMI SANDLEWOOD INCENSE+FLOWER,385,336.20000000000005,20,19,3,2.1,2009-12-16 12:39:00,2011-05-19 12:10:00,19.25,0.0017060646446320571,99.1792975164318
79303B,BLUE STAR BLOCK TABLE LAMP,108,333.53,9,8,1,5.91,2009-12-22 09:41:00,2010-08-09 18:29:00,12.0,0.001692515588709488,99.18099003202052
23047,PAPER LANTERN 5 POINT SEQUIN STAR,58,333.5,25,19,1,5.75,2011-05-08 11:41:00,2011-11-24 12:30:00,2.32,0.0016923633521260884,99.18268239537264
47583B,SET OF 3 WICKER BASKET TEA AND CAKE,27,332.6,6,4,1,24.95,2009-12-16 10:45:00,2010-02-17 16:40:00,4.5,0.0016877962546240988,99.18437019162727
84249D,FAIRY CAKE GREETINGS CARD,787,332.18,61,25,1,0.42,2010-01-05 11:16:00,2010-08-23 14:38:00,12.901639344262295,0.0016856649424565038,99.18605585656972
20950,SET/6  ANGEL T-LIGHTS WHITE/GOLD,674,331.86,78,23,3,0.42,2009-12-07 11:05:00,2010-11-28 14:57:00,8.64102564102564,0.0016840410855669076,99.18773989765529
72811,SMALL ZINC/GLASS CANDLEHOLDER,439,331.51,20,18,2,1.49,2009-12-07 12:08:00,2011-11-29 14:58:00,21.95,0.0016822649920939117,99.18942216264739
35637C,PINK STRING CURTAIN WITH POLE,100,331.14,19,18,2,5.95,2010-01-14 08:30:00,2011-11-27 13:49:00,5.2631578947368425,0.0016803874075653161,99.19110255005495
84576,BLUE CAT BISCUIT BARREL PINK HEART,95,331.09000000000003,31,21,3,4.13,2009-12-22 09:41:00,2011-07-20 10:08:00,3.064516129032258,0.0016801336799263165,99.19278268373488
47503G,ASS FLORAL PRINT TAPE MEASURE,256,331.04,30,13,2,1.25,2009-12-07 18:02:00,2010-03-12 11:19:00,8.533333333333333,0.0016798799522873172,99.19446256368717
35004c,SET OF 3 COLOURED  FLYING DUCKS,26,330.72,24,13,1,12.72,2010-06-04 14:53:00,2010-11-12 15:23:00,1.0833333333333333,0.001678256095397721,99.19614081978257
84870C,GREEN GEISHA GIRL,93,330.36,41,23,5,3.75,2009-12-14 17:57:00,2011-10-30 13:06:00,2.268292682926829,0.001676429256396925,99.19781724903896
35833P,4 PINK FLOCK CHRISTMAS BALLS,182,330.32,63,28,2,1.25,2009-12-10 19:35:00,2011-11-24 15:02:00,2.888888888888889,0.0016762262742857257,99.19949347531325
35921,EASTER BUNNY HANGING GARLAND,183,330.32,49,24,3,1.25,2010-01-22 09:48:00,2011-04-19 16:52:00,3.7346938775510203,0.0016762262742857257,99.20116970158753
22878,NUMBER TILE COTTAGE GARDEN No,128,330.26000000000005,45,31,2,4.13,2010-10-18 09:36:00,2011-11-16 15:16:00,2.8444444444444446,0.0016759218011189268,99.20284562338865
85024B,EAU DE NILE JEWELLED PHOTOFRAME,217,329.25,19,18,3,1.65,2010-01-19 17:32:00,2011-11-20 11:34:00,11.421052631578947,0.0016707965028111382,99.20451641989146
20688,BEAUTY SPEED EXPRESSO CUPS,463,326.95,10,5,2,5.95,2009-12-07 17:18:00,2010-03-17 13:09:00,46.3,0.001659125031417165,99.20617554492289
17109A,FLOWER FAIRY INCENSE LILY,705,326.85,12,8,2,1.69,2009-12-09 14:48:00,2010-03-26 14:29:00,58.75,0.0016586175761391666,99.20783416249903
21402,RED  EGG  SPOON,1681,326.28,146,66,9,0.42,2009-12-09 09:51:00,2011-12-02 16:39:00,11.513698630136986,0.0016557250810545728,99.20948988758008
90013C,GREEN VINTAGE EARRINGS,81,325.92,53,40,3,4.15,2009-12-16 17:01:00,2011-12-02 16:39:00,1.528301886792453,0.0016538982420537772,99.21114378582213
84706A,ENGLISH ROSE TABLE CLOCK,137,325.88,7,5,3,8.95,2009-12-17 09:09:00,2010-02-28 11:36:00,19.571428571428573,0.0016536952599425778,99.21279748108208
21309,LOUVRE CHALKBOARD,49,325.6,5,4,1,9.95,2009-12-08 15:12:00,2010-02-17 16:55:00,9.8,0.0016522743851641812,99.21444975546724
23478,WOODLAND LARGE PINK FELT HEART,285,324.40000000000003,13,5,3,1.25,2011-10-20 12:07:00,2011-12-01 14:17:00,21.923076923076923,0.0016461849218281953,99.21609594038907
37467,PIG MUG IN TWO COLOUR DESIGNS,272,324.21,63,40,5,4.13,2009-12-07 17:18:00,2011-10-10 14:37:00,4.317460317460317,0.0016452207567999972,99.21774116114587
84007,MAGIC GARDEN MOUNT FUJI,124,323.72999999999996,30,22,1,2.55,2009-12-07 13:35:00,2010-11-30 14:15:00,4.133333333333334,0.0016427849714656028,99.21938394611733
90175C,BLUE GLASS CHUNKY CHARM BRACELET,36,323.4,19,16,1,8.95,2009-12-09 09:42:00,2011-11-17 17:08:00,1.894736842105263,0.0016411103690482066,99.22102505648638
17164D,ASS COL SMALL SAND FROG P'WEIGHT,821,323.21999999999997,24,10,1,0.42,2009-12-07 13:57:00,2010-03-19 10:02:00,34.208333333333336,0.0016401969495478087,99.22266525343593
22889,NUMBER TILE VINTAGE FONT No,195,322.99,38,25,1,4.13,2010-10-25 16:43:00,2011-11-24 09:26:00,5.131578947368421,0.0016390298024084116,99.22430428323834
90175B,PINK GLASS CHUNKY CHARM BRACELET,36,322.84999999999997,27,24,1,9.15,2009-12-09 09:42:00,2011-11-09 16:14:00,1.3333333333333333,0.001638319365019213,99.22594260260335
84870B,BLUE GEISHA GIRL,90,322.61,40,27,5,3.75,2009-12-07 11:35:00,2011-11-24 09:26:00,2.25,0.001637101472352016,99.22757970407571
90082A,DIAMANTE BOW BROOCH GREEN COLOUR,50,321.36,28,25,1,6.35,2009-12-07 16:38:00,2011-11-27 15:18:00,1.7857142857142858,0.0016307582813770308,99.22921046235709
21722,SWEET PUDDING STICKER SHEET,343,321.09,76,49,5,0.85,2009-12-07 13:35:00,2011-12-02 16:39:00,4.5131578947368425,0.0016293881521264337,99.23083985050921
85131C,BEADED CRYSTAL HEART BLUE ON STICK,439,320.15,72,49,3,0.83,2010-01-28 17:13:00,2011-11-14 15:27:00,6.097222222222222,0.0016246180725132447,99.23246446858172
85070,ANT WHITE SWEETHEART TABLE W 3 DRAW,3,320.0,3,3,1,125.0,2010-05-16 15:33:00,2010-07-26 12:34:00,1.0,0.0016238568895962466,99.23408832547132
90209A,PURPLE ENAMEL+GLASS HAIR COMB,170,319.2,9,9,3,2.1,2010-01-28 17:35:00,2011-11-04 11:43:00,18.88888888888889,0.001619797247372256,99.23570812271869
21252,SET OF MEADOW  FLOWER STICKERS,128,319.19000000000005,13,7,3,2.95,2009-12-07 11:46:00,2010-01-25 12:33:00,9.846153846153847,0.0016197465018444566,99.23732786922054
90148,LONG SILVER NECKLACE PASTEL FLOWER,25,318.48,17,16,2,12.75,2009-12-13 12:31:00,2011-09-25 16:05:00,1.4705882352941178,0.0016161435693706646,99.2389440127899
90129B,TURQUOISE GLASS TASSLE BAG CHARM,142,318.15000000000003,60,40,2,1.66,2009-12-10 16:21:00,2011-11-22 15:43:00,2.3666666666666667,0.0016144689669532685,99.24055848175685
84795b,SUNSET CHECK HAMMOCK,19,317.71999999999997,17,14,1,16.63,2010-06-08 15:24:00,2011-11-30 14:11:00,1.1176470588235294,0.0016122869092578733,99.24217076866611
90191,SILVER LARIAT 40CM,38,317.64,20,18,1,12.75,2009-12-17 18:51:00,2011-11-03 11:29:00,1.9,0.0016118809450354744,99.24378264961115
17091B,JASMINE TEA INCENSE IN TIN,275,315.73,50,29,2,1.25,2009-12-08 13:41:00,2010-09-09 19:23:00,5.5,0.0016021885492256969,99.24538483816038
84509E,SET OF 4 CAROUSEL PLACEMATS,149,313.88,31,24,2,3.36,2010-01-11 09:37:00,2011-12-04 15:19:00,4.806451612903226,0.0015928006265827186,99.24697763878696
35638B,PINK/BLUE STRING CURTAIN,118,313.28999999999996,11,11,1,5.95,2009-12-09 09:42:00,2011-11-20 14:01:00,10.727272727272727,0.0015898066404425252,99.2485674454274
72753A,S/3 FLWR FAIRY LILLY CANDLES,138,312.86,10,5,3,2.1,2009-12-07 13:48:00,2010-01-27 12:39:00,13.8,0.0015876245827471304,99.25015507001015
84802A,WHITE ANEMONE ARTIFICIAL FLOWER,185,312.65000000000003,24,20,1,1.69,2009-12-11 11:26:00,2010-12-19 14:03:00,7.708333333333333,0.0015865589266633332,99.25174162893681
85129B,BEADED CRYSTAL HEART GREEN SMALL,232,312.65,55,41,2,1.25,2009-12-15 13:40:00,2011-11-25 14:25:00,4.218181818181818,0.0015865589266633327,99.25332818786347
84838,ANT WHITE HIGH RISE BIRD BOX,50,312.5,4,3,1,8.5,2009-12-18 11:32:00,2010-01-12 15:57:00,12.5,0.0015857977437463346,99.25491398560722
20823,GOLD WINE GOBLET,204,312.36,17,12,1,4.25,2009-12-18 10:24:00,2011-06-09 14:23:00,12.0,0.0015850873063571363,99.25649907291357
84673A,PINK FLY SWAT,498,312.24,97,46,2,0.65,2009-12-09 09:51:00,2011-11-24 15:02:00,5.134020618556701,0.0015844783600235377,99.2580835512736
90014B,GOLD M PEARL  ORBIT NECKLACE,32,312.01,27,25,1,9.95,2009-12-22 16:17:00,2011-10-26 12:46:00,1.1851851851851851,0.0015833112128841404,99.25966686248648
84522,PINK PARTY SUNGLASSES,186,311.86,26,22,3,1.95,2009-12-07 13:35:00,2011-11-22 13:25:00,7.153846153846154,0.001582550029967142,99.26124941251645
20847,ZINC HEART LATTICE CHARGER LARGE,75,311.57,25,24,3,3.75,2009-12-10 20:22:00,2011-11-25 11:54:00,3.0,0.0015810784096609457,99.2628304909261
62095B,TURQOISE ICE CREAM SUNHAT,292,310.83,21,12,3,1.69,2010-02-01 09:52:00,2010-11-28 14:57:00,13.904761904761905,0.0015773232406037542,99.26440781416672
21401,BLUE PUDDING SPOON,1406,310.78,117,64,6,0.42,2009-12-07 13:59:00,2011-12-04 14:55:00,12.017094017094017,0.0015770695129647546,99.26598488367968
21420,OYSTER TRINKET BOX,92,310.04,29,27,2,3.25,2010-01-04 13:36:00,2011-11-28 11:18:00,3.1724137931034484,0.0015733143439075636,99.26755819802358
35914,PINK CHICK EGG WARMER + EGG CUP,230,309.28,54,25,3,0.85,2009-12-10 15:45:00,2011-10-19 15:08:00,4.2592592592592595,0.0015694576837947723,99.26912765570738
47593A,CAROUSEL DESIGN BABY BIB,303,306.67,97,44,5,0.85,2009-12-07 13:59:00,2011-03-29 16:05:00,3.1237113402061856,0.001556213101039003,99.27068386880842
90173,PAIR BUTTERFLY HAIR CLIPS,81,306.64,51,35,2,3.81,2009-12-09 09:51:00,2011-10-12 11:41:00,1.588235294117647,0.0015560608644556034,99.27223992967288
72130,COLUMBIAN CANDLE ROUND,753,306.35,57,42,1,0.65,2009-12-13 11:49:00,2011-11-30 15:13:00,13.210526315789474,0.001554589244149407,99.27379451891703
77081,FLOWER WINDMILL,241,305.81,32,19,2,1.25,2009-12-07 17:56:00,2010-08-31 15:36:00,7.53125,0.0015518489856482132,99.27534636790267
16254,TRANSPARENT ACRYLIC TAPE DISPENSER,941,305.66,40,24,2,1.63,2010-01-11 09:30:00,2011-11-30 14:17:00,23.525,0.001551087802731215,99.2768974557054
90161A,ANT COPPER RED BOUDICCA BRACELET,61,305.38,40,33,1,5.035,2009-12-10 14:19:00,2011-11-16 15:16:00,1.525,0.0015496669279528182,99.27844712263335
20795,LARGE BLUE PROVENCAL CERAMIC BALL,134,304.57,28,24,3,2.1,2009-12-09 13:00:00,2011-12-02 13:17:00,4.785714285714286,0.0015455565402010276,99.27999267917356
90018A,SILVER M.O.P ORBIT DROP EARRINGS,72,304.54,53,38,3,4.24,2009-12-14 17:16:00,2011-11-30 15:13:00,1.3584905660377358,0.0015454043036176282,99.28153808347717
20800,LARGE GLASS SUNDAE DISH CLEAR,1005,303.96,5,5,2,5.06,2010-01-11 09:37:00,2010-03-30 14:29:00,201.0,0.0015424610630052347,99.28308054454018
84219,BOX/12 MOTHER & CHICK IN BASKET/BOW,137,303.86,28,9,3,2.55,2010-01-31 11:01:00,2010-03-28 10:13:00,4.892857142857143,0.001541953607727236,99.28462249814791
46000U,POLYESTER FILLER PAD 30CMx30CM,243,303.75,50,41,5,1.25,2010-01-06 13:56:00,2011-12-04 12:17:00,4.86,0.0015413954069214374,99.28616389355483
22872,NUMBER TILE COTTAGE GARDEN 4,134,303.03999999999996,37,27,3,4.13,2010-10-18 09:36:00,2011-11-29 15:08:00,3.6216216216216215,0.0015377924744476455,99.28770168602928
44235,ASS COL CIRCLE MOBILE,814,302.99999999999994,21,18,1,0.42,2010-01-13 15:24:00,2011-12-02 13:21:00,38.76190476190476,0.0015375894923364457,99.28923927552161
23037,CANDLE HOLDER SILVER MADELINE,183,302.06999999999994,18,11,2,1.65,2011-06-24 12:44:00,2011-12-01 11:20:00,10.166666666666666,0.0015328701582510566,99.29077214567987
90197B,BLACK GLASS BRACELET W HEART CHARMS,60,301.94,48,32,2,5.035,2009-12-07 17:56:00,2011-12-01 08:51:00,1.25,0.0015322104663896584,99.29230435614626
84535A,ENGLISH ROSE NOTEBOOK A6 SIZE,547,301.84000000000003,56,18,1,0.65,2009-12-07 17:56:00,2011-05-08 13:32:00,9.767857142857142,0.00153170301111166,99.29383605915737
35645,VINTAGE BEAD PINK JEWEL BOX,61,301.81,34,24,3,4.25,2009-12-09 14:48:00,2011-10-20 13:06:00,1.7941176470588236,0.0015315507745282601,99.2953676099319
84402D,PINK DRESS JEWELLERY STAND,329,301.64,9,8,1,0.85,2009-12-22 09:52:00,2010-03-19 13:51:00,36.55555555555556,0.001530688100555662,99.29689829803246
90098,NECKLACE+BRACELET PINK BUTTERFLY,137,301.28,55,29,3,2.55,2009-12-18 17:06:00,2011-11-25 11:20:00,2.4909090909090907,0.0015288612615548662,99.29842715929401
47504G,ENGLISH ROSE TAPE MEASURE,222,300.05,49,20,4,1.25,2009-12-07 15:26:00,2010-05-11 11:29:00,4.530612244897959,0.0015226195616354808,99.29994977885565
75149N,STRING CRYSTALS NATURAL,240,300.0,21,13,1,1.25,2009-12-14 13:09:00,2010-05-04 13:49:00,11.428571428571429,0.0015223658339964812,99.30147214468964
85089,CANDY SPOT BUNNY,93,299.84000000000003,28,18,3,2.95,2009-12-21 17:14:00,2011-11-17 15:08:00,3.3214285714285716,0.0015215539055516833,99.30299369859519
84247N,PACK/12 BLUE FOLKART CARDS,113,297.48,53,38,3,2.95,2010-01-11 14:39:00,2011-11-27 16:19:00,2.1320754716981134,0.0015095779609909108,99.30450327655618
17012E,ORIGAMI OPIUM INCENSE/CANDLE SET,263,296.78999999999996,29,17,2,2.51,2009-12-16 12:39:00,2010-12-15 15:34:00,9.068965517241379,0.0015060765195727187,99.30600935307575
35920,FOUR RABBIT EASTER DECORATIONS,1070,296.34,24,15,3,1.25,2010-01-27 16:41:00,2011-04-19 15:37:00,44.583333333333336,0.0015037929708217241,99.30751314604657
DCGSSGIRL,GIRLS PARTY BAG,92,295.63,23,16,1,3.29,2010-06-21 15:13:00,2011-11-16 15:23:00,4.0,0.0015001900383479325,99.30901333608492
90016B,GOLD/M.O.P PENDANT ORBIT NECKLACE,35,295.5,28,23,1,8.5,2009-12-16 14:59:00,2011-11-27 15:18:00,1.25,0.0014995303464865341,99.31051286643141
90129A,PINK GLASS TASSLE BAG CHARM,151,295.38,73,43,2,1.66,2009-12-14 14:33:00,2011-10-03 16:04:00,2.0684931506849313,0.0014989214001529354,99.31201178783157
21697,SET 5 MINI DOUGHNUT FRIDGE MAGNET,372,295.08000000000004,7,6,6,1.69,2009-12-07 10:41:00,2010-02-15 11:57:00,53.142857142857146,0.0014973990343189391,99.31350918686589
22954,HEN PARTY CORDON BARRIER TAPE,238,293.89,50,35,2,1.25,2010-11-05 14:21:00,2011-11-24 14:40:00,4.76,0.0014913603165107529,99.3150005471824
84926A,WAKE UP COCKEREL TILE COASTER,664,293.08,51,35,3,1.25,2010-03-03 12:34:00,2011-12-01 12:36:00,13.019607843137255,0.0014872499287589625,99.31648779711115
84800S,SMALL WHITE/PINK ROSE ART FLOWER,388,292.04,19,17,1,1.25,2010-02-19 12:34:00,2011-09-11 14:09:00,20.42105263157895,0.0014819723938677748,99.31796976950501
84627,CANDY STRIPE ROSE C/COVER,49,291.55,18,14,1,5.95,2009-12-18 17:24:00,2010-09-26 13:53:00,2.7222222222222223,0.0014794858630055804,99.31944925536801
21030,SPACE CADET RED,239,290.9,51,31,5,1.25,2009-12-16 16:02:00,2011-11-21 12:05:00,4.686274509803922,0.001476187403698588,99.32092544277171
84529A,PINK KNITTED KIDS RUCKSACK,50,290.78,19,11,1,6.75,2009-12-16 10:39:00,2010-04-20 16:21:00,2.6315789473684212,0.0014755784573649892,99.32240102122907
20869,GOLD FABRIC MIRROR,521,290.28000000000003,49,36,4,0.85,2009-12-09 12:57:00,2011-11-28 14:37:00,10.63265306122449,0.0014730411809749954,99.32387406241004
23410,CURIO CABINET LINEN AND LACE,36,290.1,18,9,2,8.15,2011-09-08 10:35:00,2011-11-25 13:09:00,2.0,0.0014721277614745975,99.32534619017152
22871,NUMBER TILE COTTAGE GARDEN 3,127,289.39,30,26,3,4.13,2010-10-18 09:36:00,2011-11-16 15:16:00,4.233333333333333,0.0014685248290008056,99.32681471500052
79190D,RETRO PLASTIC DAISY TRAY,623,289.02,109,69,4,0.42,2009-12-14 14:35:00,2011-12-02 16:07:00,5.715596330275229,0.00146664724447221,99.328281362245
90185D,CRYSTAL DIAMANTE EXPANDABLE RING,68,289.0,34,22,1,4.25,2009-12-18 17:06:00,2011-06-02 17:26:00,2.0,0.0014665457534166102,99.32974790799841
90124A,PINK MURANO TWIST NECKLACE,29,288.86,19,17,1,9.95,2010-01-28 13:23:00,2011-10-30 12:18:00,1.5263157894736843,0.0014658353160274119,99.33121374331444
84933C,LARGE BLUE ORIENTAL FOLDING STOOL,133,287.15,5,4,1,2.1,2009-12-13 13:09:00,2010-01-22 13:41:00,26.6,0.001457157830773632,99.3326709011452
21196,ROUND WHITE CONFETTI IN TUBE,166,287.09,21,20,6,1.65,2010-02-08 16:48:00,2011-10-24 13:37:00,7.904761904761905,0.0014568533576068325,99.33412775450282
47471,RAINBOW PEGS PHOTO CLIP STRING,421,287.06,59,47,2,0.65,2009-12-14 18:03:00,2011-11-28 12:14:00,7.135593220338983,0.001456701121023433,99.33558445562385
90178A,AMBER CHUNKY GLASS+BEAD NECKLACE,24,286.56,18,15,1,11.95,2009-12-14 17:57:00,2011-10-20 15:57:00,1.3333333333333333,0.001454163844633439,99.33703861946847
20821,GOLDIE LOOKING MIRROR,42,286.42,25,23,1,10.17,2009-12-14 17:57:00,2011-11-23 15:53:00,1.68,0.0014534534072442405,99.33849207287572
84882,GREEN WIRE STANDING CANDLE HOLDER,65,285.68,35,31,1,3.75,2009-12-11 14:20:00,2011-11-30 17:37:00,1.8571428571428572,0.0014496982381870492,99.33994177111391
72753D,S/3 FLWR FAIRY SUMMER CANDLES,136,285.6,8,4,2,2.1,2009-12-07 13:48:00,2010-01-17 11:55:00,17.0,0.0014492922739646503,99.34139106338787
84482,BUTTONS DESIGN JEWELLERY BOX,73,285.52,31,20,1,3.75,2009-12-08 12:38:00,2010-10-03 14:36:00,2.3548387096774195,0.001448886309742251,99.34283994969762
21388,IVORY HANGING DECORATION  CHICKEN,305,285.07,28,12,1,0.85,2009-12-08 15:12:00,2010-03-29 16:47:00,10.892857142857142,0.0014466027609912563,99.34428655245861
21321,GLASS CHALICE BLUE  LARGE,115,283.95,16,12,1,2.55,2009-12-10 09:49:00,2010-04-09 12:33:00,7.1875,0.0014409192618776694,99.3457274717205
84906,PINK B'FLY C/COVER W BOBBLES,62,283.67,20,18,3,5.95,2010-01-06 13:56:00,2011-05-23 11:52:00,3.1,0.0014394983870992728,99.3471669701076
72739B,WHITE CHOCOLATE SCENT CANDLE,343,282.28000000000003,25,7,1,2.51,2009-12-07 11:29:00,2010-01-26 12:46:00,13.72,0.0014324447587350892,99.34859941486633
16052,TEATIME PUSH DOWN RUBBER,848,281.32,35,27,3,0.42,2009-12-16 17:01:00,2011-06-09 19:33:00,24.228571428571428,0.0014275731880663003,99.3500269880544
90030B,RED KUKUI COCONUT SEED NECKLACE,132,280.26,34,28,5,5.94,2009-12-09 09:51:00,2011-12-02 13:54:00,3.8823529411764706,0.0014221941621195128,99.35144918221651
72812,LARGE ZINC GLASS CANDLEHOLDER,103,280.2,29,25,3,4.13,2009-12-11 16:48:00,2011-11-29 16:47:00,3.5517241379310347,0.0014218896889527134,99.35287107190547
84457,SET/3 RABBITS FLOWER SKIPPPING ROPE,291,278.72999999999996,64,28,3,0.85,2010-01-24 14:57:00,2011-11-09 15:09:00,4.546875,0.0014144300963661305,99.35428550200183
37413,ICON MUG REVOLUTIONARY,688,278.64,78,34,2,0.39,2011-02-07 11:42:00,2011-12-02 14:26:00,8.820512820512821,0.0014139733866159318,99.35569947538845
17001,HEAVENS SCENT FRAGRANCE OILS ASSTD,1139,278.46999999999997,21,15,2,0.29,2009-12-22 12:38:00,2011-02-28 14:48:00,54.23809523809524,0.0014131107126433336,99.3571125861011
90036D,"FLOWER GLASS GARLAND NECKL.36""BLACK",35,278.44,15,14,1,7.95,2009-12-21 11:08:00,2011-06-13 14:16:00,2.3333333333333335,0.001412958476059934,99.35852554457716
16202A,PASTEL PINK PHOTO ALBUM,661,278.32,20,17,3,5.55,2009-12-17 12:34:00,2011-04-17 13:43:00,33.05,0.0014123495297263355,99.35993789410689
84508C,BLUE CIRCLES DESIGN TEDDY,102,277.27,42,37,2,2.55,2009-12-13 13:17:00,2011-11-17 12:59:00,2.4285714285714284,0.0014070212493073478,99.3613449153562
23567,EGG CUP HENRIETTA HEN PINK,205,276.82,34,8,2,1.25,2011-10-14 09:35:00,2011-12-02 14:26:00,6.029411764705882,0.0014047377005563532,99.36274965305675
90115,SUMMER BUTTERFLIES BAG CHARM,107,276.40999999999997,59,27,2,2.51,2010-05-24 12:01:00,2011-06-02 11:13:00,1.8135593220338984,0.0014026571339165578,99.36415231019068
84966C,GREEN KASHMIRI BOXED MIRROR,23,276.0,2,2,1,12.0,2010-09-03 17:23:00,2010-11-02 17:29:00,11.5,0.0014005765672767628,99.36555288675795
37422,WHITE WITH BLACK CATS BOWL,423,275.08,68,22,1,1.66,2009-12-08 17:10:00,2010-05-26 12:47:00,6.220588235294118,0.0013959079787191735,99.36694879473667
90014C,SILVER/BLACK ORBIT NECKLACE,28,274.72999999999996,19,16,1,9.95,2009-12-16 11:39:00,2011-11-27 15:38:00,1.4736842105263157,0.0013941318852461774,99.36834292662192
16212,FUNKY GIRLZ ASST MAGNETIC MEMO PAD,347,274.66,35,26,3,0.65,2009-12-07 18:02:00,2010-11-12 13:43:00,9.914285714285715,0.0013937766665515787,99.36973670328847
21095,SET/6 POSIES PAPER PLATES,295,274.57,40,31,3,0.85,2009-12-17 14:08:00,2011-06-16 19:59:00,7.375,0.0013933199568013795,99.37113002324527
84924F,PSYCHEDELIC METAL SIGN CALENDAR,975,274.55,10,8,2,2.27,2009-12-22 14:31:00,2011-07-29 17:19:00,97.5,0.0013932184657457797,99.37252324171102
72739C,DARK CHOCOLATE SCENTCANDLE,324,273.94,22,7,1,1.25,2009-12-07 11:29:00,2010-01-27 12:39:00,14.727272727272727,0.001390122988549987,99.37391336469958
90122A,PINK CRYSTAL+GLASS BRACELET,55,273.89,31,26,1,4.98,2010-01-11 09:33:00,2011-11-15 17:00:00,1.7741935483870968,0.0013898692609109874,99.37530323396048
23481,PEARLISED IVORY HEART SMALL,222,273.67,27,7,2,1.25,2011-10-17 15:06:00,2011-12-04 14:01:00,8.222222222222221,0.0013887528592993901,99.37669198681978
75178,ASSTD COL BUTTERFLY/CRYSTAL W/CHIME,496,272.68,24,19,2,1.25,2010-02-18 13:29:00,2011-10-10 14:25:00,20.666666666666668,0.0013837290520472016,99.37807571587183
84902,PINK KNITTED COW STUFFED TOY,70,272.18,47,22,1,3.75,2009-12-07 17:56:00,2010-07-04 13:31:00,1.4893617021276595,0.0013811917756572077,99.3794569076475
84499,BLACK FLOWER CANDLE PLATE,326,272.16999999999996,41,25,1,0.85,2009-12-16 17:58:00,2011-01-04 11:34:00,7.951219512195122,0.0013811410301294074,99.38083804867762
22874,NUMBER TILE COTTAGE GARDEN 6,126,272.02,28,17,3,1.95,2010-10-18 09:36:00,2011-11-09 16:14:00,4.5,0.0013803798472124095,99.38221842852482
84933A,LARGE GREEN PEONY FOLDING STOOL,122,271.90000000000003,4,3,1,2.1,2009-12-07 13:48:00,2010-02-01 17:16:00,30.5,0.001379770900878811,99.3835981994257
90032,IVORY SHELL HEART NECKLACE,48,271.88,24,18,1,6.25,2010-01-21 13:21:00,2011-10-26 12:28:00,2.0,0.001379669409823211,99.38497786883553
22877,NUMBER TILE COTTAGE GARDEN 9,128,271.64,28,19,3,1.95,2010-10-18 09:36:00,2011-10-04 16:37:00,4.571428571428571,0.001378451517156014,99.38635632035269
21341,KASBAH LANTERN WITH GLASS,40,271.44,25,10,3,10.17,2009-12-07 18:02:00,2010-10-01 13:40:00,1.6,0.0013774366066000162,99.38773375695929
84192,ASSORTED COLOUR METAL CAT,226,271.1,38,28,1,1.25,2010-02-08 14:00:00,2011-12-04 15:00:00,5.947368421052632,0.0013757112586548204,99.38910946821795
47578A,ENGLISH ROSE SMALL SCENTED FLOWER,297,270.6,67,47,3,0.85,2009-12-07 18:02:00,2011-12-04 13:45:00,4.432835820895522,0.0013731739822648262,99.39048264220021
47586A,PINK FAIRY CAKE CUSHION COVER,200,270.43,29,23,3,2.55,2009-12-14 18:37:00,2011-11-23 10:09:00,6.896551724137931,0.001372311308292228,99.3918549535085
22868,NUMBER TILE COTTAGE GARDEN 0,124,270.38,27,22,3,1.95,2010-10-18 09:36:00,2011-11-21 15:18:00,4.592592592592593,0.0013720575806532287,99.39322701108915
84926F,PSYCHEDELIC TILE COASTER,479,269.83,39,31,2,1.25,2009-12-16 14:59:00,2011-11-30 09:00:00,12.282051282051283,0.0013692665766242352,99.39459627766577
90122C,TURQUOISE CRYSTAL+GLASS BRACELET,54,269.1,30,24,1,4.965,2009-12-14 18:37:00,2011-12-02 16:39:00,1.8,0.001365562153094844,99.39596183981887
84924D,LA PALMIERA METAL SIGN CALENDAR,763,268.86,14,13,2,3.75,2010-01-08 15:16:00,2010-11-11 12:13:00,54.5,0.0013643442604276464,99.39732618407929
23562,SET OF 6 RIBBONS PERFECTLY PRETTY,92,268.78,22,2,1,2.89,2011-11-27 12:29:00,2011-12-04 13:34:00,4.181818181818182,0.0013639382962052473,99.3986901223755
72793,BLACK BOX MIRROR LANTERN,55,268.75,10,9,1,5.95,2009-12-13 14:38:00,2010-10-26 10:22:00,5.5,0.001363786059621848,99.40005390843513
90146,FINE SILVER NECKLACE W PASTEL FLOWE,40,268.59000000000003,18,16,1,7.5,2009-12-13 12:31:00,2011-10-26 12:28:00,2.2222222222222223,0.0013629741311770498,99.40141688256631
20980,36 PENCILS TUBE POSY,223,268.49,54,32,2,1.25,2009-12-07 11:39:00,2011-08-08 14:53:00,4.12962962962963,0.0013624666758990508,99.40277934924221
18096C,WHITE ROUND PORCELAIN TLIGHT HOLDER,105,268.09999999999997,18,7,3,2.55,2009-12-07 15:55:00,2010-02-24 09:24:00,5.833333333333333,0.0013604876003148552,99.40413983684252
84927F,PSYCHEDELIC TILE HOOK,321,267.86,60,41,3,2.1,2009-12-16 14:59:00,2011-12-02 14:25:00,5.35,0.0013592697076476583,99.40549910655017
84933B,LARGE PINK PEONY FOLDING STOOL,127,266.70000000000005,4,3,2,2.1,2009-12-13 13:09:00,2010-01-22 13:52:00,31.75,0.001353383226422872,99.40685248977658
85195,HANGING HEART BASKET,145,265.14,16,14,3,2.1,2009-12-18 10:59:00,2011-03-16 15:45:00,9.0625,0.0013454669240860902,99.40819795670068
23476,WOODLAND LARGE RED FELT HEART,205,264.72,22,7,6,1.25,2011-10-20 12:07:00,2011-11-30 15:43:00,9.318181818181818,0.0013433356119184952,99.4095412923126
21367,MIRRORED WALL ART GENTS,198,264.52,58,35,1,2.55,2009-12-08 15:49:00,2011-11-29 12:09:00,3.413793103448276,0.0013423207013624975,99.41088361301397
47351B,BLUE  VOILE LAMPSHADE,96,264.0,13,12,2,2.95,2010-04-11 13:37:00,2011-11-06 13:00:00,7.384615384615385,0.0013396819339169036,99.41222329494788
90157,RIVIERA NECKLACE,53,263.28000000000003,24,20,2,4.95,2010-01-20 17:50:00,2011-11-28 15:31:00,2.2083333333333335,0.0013360282559153121,99.4135593232038
47481,50CM METAL STRING WITH  7 CLIPS,325,263.23,43,35,6,0.85,2009-12-07 17:56:00,2011-11-29 17:52:00,7.558139534883721,0.0013357745282763125,99.41489509773207
90129E,PURPLE GLASS TASSLE BAG CHARM,129,263.14,59,43,1,1.66,2009-12-16 12:17:00,2011-11-24 09:26:00,2.1864406779661016,0.0013353178185261136,99.4162304155506
47591A,CAROUSEL DES CHILD'S APRON,159,262.94,67,32,4,1.65,2009-12-08 13:08:00,2010-08-24 14:59:00,2.373134328358209,0.0013343029079701159,99.41756471845856
22873,NUMBER TILE COTTAGE GARDEN 5,120,262.5,31,27,4,1.95,2010-10-17 13:46:00,2011-11-25 14:25:00,3.870967741935484,0.001332070104746921,99.41889678856332
72487,ROSES WHITE ROUND CANDLE,657,261.59,8,2,1,0.935,2009-12-10 14:44:00,2009-12-14 18:37:00,82.125,0.0013274522617171317,99.42022424082504
35096A,BLUE VICTORIAN FABRIC HEART BOX,738,260.66999999999996,47,12,2,0.84,2009-12-07 17:56:00,2010-03-05 13:21:00,15.702127659574469,0.0013227836731595423,99.4215470244982
79303D,LILAC FLOWER BLOCK TABLE LAMP,76,260.37,17,10,1,5.91,2009-12-09 11:52:00,2010-08-09 18:31:00,4.470588235294118,0.001321261307325546,99.42286828580552
22875,NUMBER TILE COTTAGE GARDEN 7,121,260.09,28,22,3,1.95,2010-10-18 09:36:00,2011-09-20 12:35:00,4.321428571428571,0.0013198404325471492,99.42418812623806
44234,ASSORTED CIRCULAR MOBILE,1210,259.76,54,41,2,0.21,2009-12-14 15:17:00,2011-12-02 13:21:00,22.40740740740741,0.0013181658301297532,99.42550629206819
DCGS0076,SUNJAR LED NIGHT NIGHT LIGHT,16,259.48,13,11,1,16.13,2009-12-07 17:56:00,2010-12-20 15:03:00,1.2307692307692308,0.0013167449553513565,99.42682303702354
23137,ZINC WIRE SWEETHEART LETTER TRAY,70,259.37,21,13,1,3.75,2011-04-21 16:53:00,2011-11-30 17:37:00,3.3333333333333335,0.0013161867545455578,99.42813922377809
84597B,RETRO BROWN BALL ASHTRAY,205,259.37,27,21,3,1.25,2009-12-09 09:34:00,2011-06-19 11:10:00,7.592592592592593,0.0013161867545455578,99.42945541053264
85049g,CHOCOLATE BOX RIBBONS,106,259.3,49,36,1,2.46,2010-11-30 11:51:00,2011-12-02 10:07:00,2.163265306122449,0.0013158315358509586,99.43077124206849
90185B,AMETHYST DIAMANTE EXPANDABLE RING,61,259.03000000000003,31,22,2,4.25,2009-12-09 09:51:00,2011-11-22 15:41:00,1.967741935483871,0.001314461406600362,99.43208570347508
90000D,COPPER/OLIVE GREEN FLOWER NECKLACE,42,258.55,30,26,1,6.23,2009-12-10 09:49:00,2011-11-25 14:25:00,1.4,0.0013120256212659674,99.43339772909634
84613C,BLUE NEW BAROQUE FLOCK CANDLESTICK,62,258.06,12,11,1,4.65,2010-03-15 16:13:00,2010-12-08 12:35:00,5.166666666666667,0.0013095390904037732,99.43470726818674
90163A,PINK ROSEBUD & PEARL NECKLACE,34,257.94,22,20,1,7.64,2009-12-07 18:02:00,2011-11-24 09:21:00,1.5454545454545454,0.0013089301440701747,99.43601619833082
85147,JARDIN ETCHED GLASS CANDLEHLDR LONG,52,257.40000000000003,12,5,1,4.95,2009-12-07 13:00:00,2010-05-02 11:48:00,4.333333333333333,0.0013061898855689811,99.43732238821639
84520b,PACK 20 ENGLISH ROSE PAPER NAPKINS,110,257.4,10,6,1,2.085,2010-03-05 14:41:00,2010-09-21 13:13:00,11.0,0.0013061898855689807,99.43862857810196
23495,SET OF 3 PANTRY WOODEN SPOONS,190,256.86,34,6,2,1.25,2011-10-30 11:55:00,2011-12-04 14:55:00,5.588235294117647,0.0013034496270677872,99.43993202772903
85095,THREE CANVAS LUGGAGE TAGS,173,254.96,48,21,4,1.28,2010-08-19 13:32:00,2011-12-01 16:22:00,3.6041666666666665,0.0012938079767858095,99.44122583570581
85232b,SET/3 RUSSIAN DOLL STACKING TINS,25,254.47,22,14,1,10.17,2009-12-22 15:04:00,2010-11-09 11:50:00,1.1363636363636365,0.0012913214459236153,99.44251715715173
84461,12 PINK HEN+CHICKS IN BASKET,99,253.79,40,18,3,2.55,2010-01-31 11:01:00,2011-04-20 13:59:00,2.475,0.0012878707500332232,99.44380502790176
gift_0001_50,Dotcomgiftshop Gift Voucher Â£50.00,6,253.59,6,6,1,42.11,2009-12-18 17:15:00,2011-06-30 15:56:00,1.0,0.0012868558394772255,99.44509188374124
21268,VINTAGE BLUE TINSEL REEL,393,253.26000000000002,47,24,5,0.42,2009-12-07 15:26:00,2010-12-02 15:46:00,8.361702127659575,0.0012851812370598297,99.44637706497831
22882,NUMBER TILE VINTAGE FONT 3,125,253.13,49,33,1,2.17,2010-10-19 12:17:00,2011-12-01 19:42:00,2.5510204081632653,0.001284521545198431,99.44766158652351
23430,BLUE RETRO KITCHEN WALL CLOCK,31,252.65,14,3,4,8.15,2011-11-20 15:35:00,2011-12-02 15:39:00,2.2142857142857144,0.0012820857598640366,99.44894367228338
35981C,WHITE SNOW SCANDINAVIAN STOCKING,557,252.34,60,20,1,0.38,2009-12-08 11:46:00,2010-10-17 16:17:00,9.283333333333333,0.0012805126485022403,99.45022418493188
22876,NUMBER TILE COTTAGE GARDEN 8,118,252.22,23,19,3,1.95,2010-10-18 09:36:00,2011-09-27 18:41:00,5.130434782608695,0.0012799037021686418,99.45150408863405
90040B,MURANO STYLE GLASS BRACELET BLACK,70,252.07,35,30,2,3.73,2009-12-08 15:49:00,2011-05-06 15:40:00,2.0,0.0012791425192516435,99.4527832311533
17038,PORCELAIN BUDAH INCENSE HOLDER,2556,252.02,53,44,2,0.1,2009-12-14 15:57:00,2011-11-24 12:48:00,48.22641509433962,0.001278888791612644,99.45406211994492
23149,ANTIQUE IVORY WIRE BOWL SMALL,99,251.45000000000002,21,14,2,2.49,2011-05-03 11:34:00,2011-11-29 13:06:00,4.714285714285714,0.0012759962965280508,99.45533811624145
DCGSSBOY,BOYS PARTY BAG,77,251.35,21,17,1,3.29,2010-06-21 15:13:00,2011-12-01 16:22:00,3.6666666666666665,0.0012754888412500518,99.4566136050827
84977,WIRE FLOWER T-LIGHT HOLDER,199,251.33,40,31,2,1.25,2009-12-13 13:24:00,2011-03-18 11:22:00,4.975,0.0012753873501944522,99.45788899243288
21950,SET OF 6 DOTS CHOPSTICKS,206,250.78,16,8,1,2.57,2009-12-07 17:56:00,2010-04-01 15:04:00,12.875,0.0012725963461654587,99.45916158877905
90185C,BLACK DIAMANTE EXPANDABLE RING,59,250.71,30,22,2,4.25,2009-12-08 13:41:00,2011-10-31 14:41:00,1.9666666666666666,0.0012722411274708593,99.46043382990652
84661A,WHITE SQUARE TABLE CLOCK,158,250.09,37,29,4,2.55,2009-12-07 12:42:00,2011-11-20 14:04:00,4.27027027027027,0.0012690949047472666,99.46170292481126
20836,FRENCH PAISLEY CUSHION COVER,224,250.0,22,19,2,0.83,2010-03-02 15:28:00,2011-11-24 11:52:00,10.181818181818182,0.0012686381949970676,99.46297156300626
10123C,HEARTS WRAPPING TAPE,646,249.86,61,34,5,0.65,2009-12-07 18:02:00,2011-03-31 13:14:00,10.59016393442623,0.0012679277576078693,99.46423949076387
21460,GREEN EASTER EGG HUNT START POST,113,249.64999999999998,27,18,2,1.95,2010-01-29 09:21:00,2011-03-23 11:48:00,4.185185185185185,0.0012668621015240716,99.4655063528654
21372,MIRRORED WALL ART TABLE LAMP,153,248.89000000000001,47,34,4,1.655,2009-12-14 13:30:00,2011-11-28 15:54:00,3.25531914893617,0.0012630054414112808,99.46676935830682
23141,TRIPLE WIRE HOOK PINK HEART,58,248.82000000000002,21,15,2,4.15,2011-04-19 16:52:00,2011-11-30 15:13:00,2.761904761904762,0.0012626502227166818,99.46803200852953
84621,BLUE GINGHAM ROSE FLOOR CUSHION,29,247.26,15,9,1,7.95,2009-12-14 12:58:00,2010-04-23 11:21:00,1.9333333333333333,0.0012547339203799,99.46928674244991
84625B,BLCK NEW BAROQUE CANDLESTICK CANDLE,152,246.8,14,10,3,2.95,2009-12-07 13:59:00,2010-03-24 11:56:00,10.857142857142858,0.0012523996261011052,99.470539142076
90035A,"PEARL & SHELL 42""NECKL. GREEN",23,246.7,15,12,1,10.75,2009-12-07 13:35:00,2011-04-13 16:58:00,1.5333333333333334,0.0012518921708231064,99.47179103424683
82011A,"BATHROOM SCALES, TROPICAL BEACH",59,246.58,34,29,2,3.75,2010-02-03 08:50:00,2011-11-13 16:16:00,1.7352941176470589,0.0012512832244895079,99.47304231747133
46307,ROSES BLUE BASE CUSHION COVER,51,246.03,33,17,1,5.91,2009-12-21 17:14:00,2010-07-29 10:26:00,1.5454545454545454,0.0012484922204605143,99.47429080969178
84623,PINK GINGHAM ROSE FLOOR CUSHION,50,245.68,11,6,1,7.95,2009-12-14 11:48:00,2010-03-03 09:10:00,4.545454545454546,0.0012467161269875183,99.47553752581877
47503H,ASS FLORAL PRINT SPIRIT LEVEL,159,245.32999999999998,59,38,1,1.95,2009-12-08 13:59:00,2011-11-22 14:04:00,2.694915254237288,0.0012449400335145225,99.47678246585228
21193,WHITE HONEYCOMB PAPER FAN,101,244.57,18,12,1,2.1,2009-12-13 11:46:00,2010-04-07 14:12:00,5.611111111111111,0.0012410833734017314,99.47802354922568
90096,NECKLACE+BRACELET SET BLUE BLOSSOM,104,243.60999999999999,49,34,1,2.46,2010-01-05 16:50:00,2011-11-13 16:18:00,2.122448979591837,0.0012362118027329427,99.47925976102842
23474,WOODLAND SMALL BLUE FELT HEART,282,242.85999999999999,34,6,6,0.83,2011-10-24 13:37:00,2011-12-02 14:48:00,8.294117647058824,0.0012324058881479515,99.48049216691656
35818P,"ACRYLIC JEWEL ICICLE, PINK",557,241.39,24,18,2,0.38,2010-05-14 12:00:00,2011-11-30 10:45:00,23.208333333333332,0.0012249462955613688,99.48171711321213
90170,DAISY HAIR BAND,145,241.32999999999998,68,43,4,1.67,2009-12-07 18:02:00,2011-12-02 16:39:00,2.1323529411764706,0.0012246418223945694,99.48294175503452
90081C,LILY BROOCH OLIVE COLOUR,48,240.32000000000002,34,27,1,4.98,2009-12-09 09:42:00,2011-11-29 16:33:00,1.411764705882353,0.0012195165240867815,99.4841612715586
84671B,CROCHET BEAR WITH BLUE STRIPES,86,240.26,24,4,1,2.55,2009-12-07 13:07:00,2010-01-11 09:34:00,3.5833333333333335,0.0012192120509199819,99.48538048360953
21032,SPACE CADET WHITE,193,239.66,49,32,3,1.25,2009-12-13 15:17:00,2011-11-30 11:48:00,3.938775510204082,0.001216167319251989,99.48659665092879
90036C,"FLOWER GLASS GARLAND NECKL.36""BLUE",30,238.88000000000002,14,12,1,7.95,2009-12-09 09:51:00,2011-12-02 16:39:00,2.142857142857143,0.0012122091680835984,99.48780886009688
84629,WHITE 3 FRAME BIRDS AND TREE,24,237.8,13,10,2,4.95,2010-02-22 13:19:00,2011-07-26 12:00:00,1.8461538461538463,0.0012067286510812109,99.48901558874796
72801d,4 SKY BLUE DINNER CANDLES,96,237.76,58,39,1,2.46,2010-01-25 15:40:00,2011-11-23 11:11:00,1.6551724137931034,0.0012065256689700113,99.49022211441694
44217M,MULTICOLOUR FEATHERS CURTAIN,72,236.40000000000003,3,1,1,3.95,2010-02-15 13:20:00,2010-02-15 13:29:00,24.0,0.0011996242771892273,99.49142173869413
21144,PINK POODLE HANGING DECORATION,456,236.38000000000002,54,23,6,0.38,2009-12-07 13:48:00,2010-12-21 15:19:00,8.444444444444445,0.0011995227861336276,99.49262126148027
20891,LARGE GLASS ROSE SCENTED CANDLE,684,236.32999999999998,3,3,1,7.95,2010-01-12 09:47:00,2010-04-19 10:36:00,228.0,0.001199269058494628,99.49382053053876
90028,NEW BAROQUE LARGE NECKLACE BLK/WHIT,28,236.11,23,19,1,8.49,2010-01-19 09:05:00,2011-11-02 15:33:00,1.2173913043478262,0.0011981526568830307,99.49501868319564
23695,DOILY THANK YOU CARD,547,235.26,45,4,4,0.42,2011-11-09 14:11:00,2011-12-04 13:59:00,12.155555555555555,0.0011938392870200407,99.49621252248267
84993B,75 BLACK PETIT FOUR CASES,530,234.84,83,45,3,0.42,2009-12-10 10:29:00,2011-08-08 13:46:00,6.385542168674699,0.0011917079748524455,99.49740423045752
90129C,GREEN GLASS TASSLE BAG CHARM,104,234.53,49,33,1,1.66,2010-01-11 09:34:00,2011-11-16 15:23:00,2.122448979591837,0.0011901348634906492,99.49859436532101
84796a,PINK HAWAIIAN PICNIC HAMPER FOR 2,28,234.28,20,15,1,8.29,2010-03-29 14:55:00,2011-08-24 09:36:00,1.4,0.0011888662252956522,99.4997832315463
79328,BLUE FLOCK GLASS CANDLEHOLDER,541,234.27,14,12,2,0.38,2009-12-11 10:37:00,2010-07-26 14:36:00,38.642857142857146,0.0011888154797678521,99.50097204702607
84660c,PINK STITCHED WALL CLOCK,31,233.98,28,23,1,7.62,2010-05-26 12:36:00,2011-08-11 10:14:00,1.1071428571428572,0.0011873438594616557,99.50215939088552
90185A,AMBER DIAMANTE EXPANDABLE RING,55,233.29,26,23,2,4.24,2009-12-08 15:49:00,2011-11-16 15:16:00,2.1153846153846154,0.0011838424180434636,99.50334323330357
90081A,LILY BROOCH AMETHYST COLOUR,47,232.9,23,21,1,4.95,2009-12-07 16:38:00,2011-11-27 15:18:00,2.0434782608695654,0.0011818633424592682,99.50452509664602
37483,ENGLISH ROSE MUG IN GIFT BOX,143,232.89,10,5,1,2.55,2010-05-16 11:24:00,2010-06-08 11:51:00,14.3,0.0011818125969314684,99.50570690924295
16256B,FLOWER PENCIL/RUBBER+5 MINI PENCILS,523,231.52,34,21,2,0.42,2009-12-07 13:24:00,2010-06-10 18:50:00,15.382352941176471,0.0011748604596228845,99.50688176970257
23465,TUSCAN VILLA BIRD FEEDER,28,231.0,15,7,2,8.25,2011-10-04 16:39:00,2011-11-24 15:01:00,1.8666666666666667,0.0011722216921772905,99.50805399139475
20818,GOLD TEDDY BEAR,77,231.0,24,19,2,3.75,2009-12-10 11:55:00,2011-05-04 13:36:00,3.2083333333333335,0.0011722216921772905,99.50922621308692
20855,PINK PATCH PURSE BLUE HEART,140,230.99999999999997,45,25,3,1.65,2009-12-09 14:25:00,2010-09-15 11:22:00,3.111111111111111,0.0011722216921772903,99.51039843477909
21226,POCKET MIRROR WOODLAND,213,230.54999999999998,37,23,3,1.25,2009-12-11 15:40:00,2011-11-25 11:12:00,5.756756756756757,0.001169938143426296,99.51156837292251
90073,VINTAGE ENAMEL & CRYSTAL EARRINGS,46,230.54000000000002,32,27,1,5.09,2009-12-14 18:03:00,2011-11-25 16:14:00,1.4375,0.0011698873978984961,99.5127382603204
22880,NUMBER TILE VINTAGE FONT 1,111,230.26999999999998,37,25,1,4.13,2010-10-25 16:43:00,2011-11-15 12:25:00,3.0,0.001168517268647899,99.51390677758906
21412,VINTAGE GOLD TINSEL REEL,260,229.9,58,19,4,0.42,2009-12-07 15:26:00,2010-11-21 10:38:00,4.482758620689655,0.0011666396841193034,99.51507341727317
72781,BLACK SILOUETTE CANDLE PLATE,121,229.5,15,12,3,2.1,2009-12-17 14:38:00,2010-10-11 10:33:00,8.066666666666666,0.0011646098630073082,99.51623802713618
82093,HEART SHAPE BUTTON FRAME,108,228.84,22,5,1,3.43,2009-12-07 17:56:00,2010-01-22 11:28:00,4.909090909090909,0.001161260658172516,99.51739928779436
82585,SWEET VALENCIA CANDLE+CUP,161,228.19,44,11,1,1.25,2009-12-07 12:08:00,2010-03-02 17:13:00,3.659090909090909,0.0011579621988655235,99.51855724999322
72750D,F.FAIRY S/3 CANDLE/GLASS,110,226.5,11,7,2,1.95,2009-12-07 13:48:00,2010-01-28 11:40:00,10.0,0.0011493862046673433,99.5197066361979
23003,TRAVEL CARD WALLET VINTAGE ROSE,542,226.2,53,16,3,0.42,2011-02-16 16:56:00,2011-06-12 12:34:00,10.226415094339623,0.0011478638388333468,99.52085450003673
84966A,PINK KASHMIRI BOXED MIRROR,13,225.95,4,4,1,20.0,2010-01-19 12:18:00,2010-11-02 17:29:00,3.25,0.0011465952006383497,99.52200109523737
35809B,ENAMEL BLUE RIM TEA CONTAINER,103,225.44,32,21,4,2.1,2009-12-08 15:00:00,2011-04-11 14:11:00,3.21875,0.0011440071787205558,99.5231451024161
TEST001,This is a test product.,50,225.0,9,5,1,4.5,2009-12-14 08:34:00,2010-04-12 09:52:00,5.555555555555555,0.001141774375497361,99.52428687679159
84806A,PINK CANDYSTUFT ARTIFICIAL FLOWER,223,224.47,16,15,3,1.45,2010-01-24 15:54:00,2011-09-04 13:07:00,13.9375,0.0011390848625239672,99.52542596165412
84927E,FLOWERS TILE HOOK,494,224.31,29,24,3,2.1,2010-02-02 09:39:00,2011-07-18 11:47:00,17.03448275862069,0.0011382729340791691,99.52656423458821
79338,DARK PINK FLOCK GLASS CANDLEHOLDER,499,224.15,11,7,1,1.65,2009-12-07 17:56:00,2010-03-02 10:37:00,45.36363636363637,0.001137461005634371,99.52770169559385
35597B,BLACKCHRISTMAS TREE 30CM,78,224.1,7,7,3,1.25,2009-12-13 15:54:00,2010-12-06 12:15:00,11.142857142857142,0.0011372072779953714,99.52883890287184
90164A,PINK ROSEBUD PEARL BRACELET,39,222.57999999999998,24,19,2,7.57,2009-12-08 15:49:00,2011-12-02 16:14:00,1.625,0.0011294939577697893,99.52996839682962
90210B,CLEAR ACRYLIC FACETED BANGLE,92,222.04000000000002,23,19,2,2.95,2009-12-10 14:19:00,2011-10-27 14:52:00,4.0,0.0011267536992685958,99.53109515052888
17011C,ORIGAMI LAVENDER INCENSE+FLOWER,335,221.4,2,1,1,2.475,2009-12-14 18:03:00,2009-12-16 12:39:00,167.5,0.001123505985489403,99.53221865651437
17013B,ORIGAMI JASMINE INCENSE IN TUBE,256,221.03,3,2,1,1.27,2009-12-09 09:42:00,2009-12-16 12:39:00,85.33333333333333,0.0011216284009608075,99.53334028491534
72807b,SET/3 OCEAN SCENT CANDLE JEWEL BOX,26,220.94000000000003,19,9,1,8.47,2009-12-22 15:04:00,2011-04-15 10:37:00,1.368421052631579,0.0011211716912106087,99.53446145660655
71028B,SILVER BLUE EGG T-LIGHT HOLDER,490,220.88000000000002,11,5,1,1.65,2009-12-07 17:56:00,2010-01-17 11:55:00,44.54545454545455,0.0011208672180438094,99.5355823238246
90133,TEAL/FUSCHIA COL BEAD NECKLACE,44,220.86,33,21,1,5.09,2009-12-14 17:16:00,2011-12-02 16:39:00,1.3333333333333333,0.0011207657269882096,99.5367030895516
23475,WOODLAND SMALL PINK FELT HEART,260,220.6,29,6,5,0.83,2011-10-27 16:23:00,2011-12-04 13:55:00,8.96551724137931,0.0011194463432654125,99.53782253589486
90116,FRUIT SALAD BAG CHARM,104,220.6,62,43,2,2.46,2010-02-02 11:40:00,2011-12-02 16:14:00,1.6774193548387097,0.0011194463432654125,99.53894198223813
62086A,PINK RETRO BIG FLOWER BAG,113,220.35,24,19,1,1.95,2010-03-01 12:21:00,2011-06-23 14:11:00,4.708333333333333,0.0011181777050704154,99.5400601599432
21370,MIRRORED WALL ART FOXY,47,220.21,18,16,1,6.35,2009-12-10 09:49:00,2011-12-04 15:19:00,2.611111111111111,0.001117467267681217,99.54117762721087
90124C,GREEN MURANO TWIST NECKLACE,22,220.20999999999998,16,16,1,9.95,2009-12-16 17:58:00,2011-11-03 15:56:00,1.375,0.0011174672676812168,99.54229509447855
72225D,VANILLA SCENT CAKE CANDLE,962,219.45999999999998,11,8,2,0.29,2009-12-17 19:33:00,2010-05-13 10:15:00,87.45454545454545,0.0011136613530962258,99.54340875583165
90122B,JADE CRYSTAL+GLASS BRACELET,44,219.09,25,22,1,4.95,2009-12-14 18:03:00,2011-09-02 09:34:00,1.76,0.0011117837685676302,99.54452053960021
90058A,CRYSTAL STUD EARRINGS CLEAR DISPLAY,576,218.88,13,11,1,0.38,2009-12-10 14:13:00,2011-11-14 12:07:00,44.30769230769231,0.0011107181124838327,99.5456312577127
85033G,SET/6 GOLD REINDEER T-LIGHT CANDLES,171,218.75,22,5,1,1.95,2009-12-07 11:05:00,2010-09-21 12:37:00,7.7727272727272725,0.0011100584206224342,99.54674131613332
84247K,"FOLK ART GREETING CARD,pack/12",70,218.73000000000002,26,23,3,2.95,2009-12-07 18:02:00,2011-10-16 16:13:00,2.6923076923076925,0.0011099569295668346,99.54785127306289
90119,METALIC LEAVES BAG CHARMS,87,218.47,40,33,2,2.46,2010-06-23 10:53:00,2011-12-02 16:14:00,2.175,0.0011086375458440375,99.54895991060873
23036,T-LIGHT HOLDER SILVER PETIT FOUR,172,217.42000000000002,15,12,1,1.25,2011-06-22 11:59:00,2011-11-30 16:21:00,11.466666666666667,0.0011033092654250498,99.55006321987416
22884,NUMBER TILE VINTAGE FONT 5,110,217.26,39,33,1,4.13,2010-10-21 14:55:00,2011-11-30 12:32:00,2.8205128205128207,0.0011024973369802517,99.55116571721115
35817P,"ACRYLIC JEWEL SNOWFLAKE,PINK",420,216.7,11,10,1,0.38,2010-05-14 12:00:00,2011-08-12 12:37:00,38.18181818181818,0.0010996555874234583,99.55226537279857
84807,RED POPPY ARTIFICIAL FLOWER,233,215.93,7,7,1,1.69,2010-01-07 11:52:00,2010-05-14 12:00:00,33.285714285714285,0.0010957481817828673,99.55336112098036
90199B,5 STRAND GLASS NECKLACE AMETHYST,34,215.76,29,21,1,6.35,2009-12-08 14:33:00,2011-12-02 16:39:00,1.1724137931034482,0.0010948855078102694,99.55445600648817
84371,BIG PINK POODLE,28,215.45,4,4,1,17.95,2009-12-07 15:42:00,2010-01-25 15:54:00,7.0,0.001093312396448473,99.55554931888462
22881,NUMBER TILE VINTAGE FONT 2,111,214.69,35,29,1,4.13,2010-10-25 16:43:00,2011-11-15 12:25:00,3.1714285714285713,0.001089455736335682,99.55663877462095
90123A,PINK HEART OF GLASS BRACELET,36,214.07,19,16,1,5.95,2009-12-13 12:31:00,2011-10-10 16:02:00,1.894736842105263,0.0010863095136120892,99.55772508413456
23560,SET OF 6 RIBBONS COUNTRY STYLE,70,213.9,16,2,3,2.89,2011-11-27 11:57:00,2011-12-02 15:39:00,4.375,0.001085446839639491,99.5588105309742
90005A,JADE GREEN ENAMEL HAIR COMB,104,212.54999999999998,55,33,2,2.11,2009-12-07 17:56:00,2011-04-27 17:18:00,1.8909090909090909,0.001078596193386507,99.55988912716758
84313A,PINK TV TRAY TABLE,38,212.42,19,18,3,4.25,2009-12-15 15:21:00,2010-10-10 14:18:00,2.0,0.0010779365015251086,99.56096706366911
84725,FREESTYLE CANVAS ART PICTURE,133,212.24999999999997,28,21,1,1.65,2009-12-17 15:44:00,2011-09-22 17:19:00,4.75,0.0010770738275525102,99.56204413749666
21400,RED PUDDING SPOON,1075,211.81,89,53,5,0.42,2009-12-07 13:59:00,2011-12-04 14:55:00,12.07865168539326,0.0010748410243293157,99.56311897852099
17084P,DRAGONS BLOOD INCENSE,963,211.41,68,45,2,0.42,2009-12-07 13:48:00,2011-11-22 15:41:00,14.161764705882353,0.0010728112032173203,99.5641917897242
84927D,LA PALMIERA TILE HOOK,953,211.29000000000002,28,20,4,2.1,2010-04-18 15:53:00,2011-07-25 13:57:00,34.035714285714285,0.001072202256883722,99.56526399198108
90155,RESIN NECKLACE W PASTEL BEADS,28,211.18,19,16,2,7.5,2009-12-22 14:31:00,2011-11-23 14:05:00,1.4736842105263157,0.001071644056077923,99.56633563603717
21369,MIRRORED WALL ART SPLODGES,121,210.36,21,18,3,1.25,2009-12-23 12:07:00,2011-11-04 13:15:00,5.761904761904762,0.0010674829227983326,99.56740311895996
85039a,SET/4 RED MINI ROSE CANDLE IN BOWL,63,209.16,43,31,1,3.29,2010-02-19 10:49:00,2011-11-30 15:33:00,1.4651162790697674,0.0010613934594623467,99.56846451241942
85168A,WHITE BAROQUE CARRIAGE CLOCK,21,208.95,14,12,1,9.95,2009-12-13 15:16:00,2010-06-14 15:11:00,1.5,0.0010603278033785492,99.5695248402228
35833G,4 GOLD FLOCK CHRISTMAS BALLS,131,208.81,33,15,2,1.25,2009-12-11 15:52:00,2010-12-06 10:08:00,3.9696969696969697,0.001059617365989351,99.5705844575888
47574B,ENGLISH ROSE SCENTED HANGING HEART,49,208.25,27,20,1,4.25,2010-01-06 13:56:00,2011-05-18 12:37:00,1.8148148148148149,0.0010567756164325574,99.57164123320523
84922,PINK BUTTERFLY WASHBAG,42,208.22,16,14,1,4.25,2009-12-14 17:16:00,2011-12-02 13:49:00,2.625,0.0010566233798491578,99.57269785658508
90016A,SILVER/M.O.P PENDANT ORBIT NECKLACE,29,207.86,16,16,1,8.5,2009-12-18 17:06:00,2011-10-26 12:28:00,1.8125,0.001054796540848362,99.57375265312592
90036A,FLOWER GARLAND NECKLACE RED,26,207.52,19,14,1,7.95,2009-12-08 15:49:00,2011-08-05 16:19:00,1.368421052631579,0.001053071192903166,99.57480572431882
85033S,SET/6 SILVER REINDEER T-LIGHTS,204,207.35,42,10,1,0.65,2009-12-07 11:05:00,2010-11-08 14:48:00,4.857142857142857,0.001052208518930568,99.57585793283775
16202C,BEIGE PHOTO ALBUM,85,207.19,11,8,3,1.95,2009-12-08 13:41:00,2010-05-06 12:40:00,7.7272727272727275,0.0010513965904857699,99.57690932942823
37492A,YELLOW RED FLOWER PIGGY BANK,106,206.76999999999998,9,3,2,4.65,2009-12-08 11:13:00,2009-12-23 07:57:00,11.777777777777779,0.0010492652783181747,99.57795859470654
84247C,PACK/12 BLUE REINDEER CARD,70,206.50000000000003,20,13,3,2.95,2009-12-07 14:58:00,2010-11-29 11:54:00,3.5,0.001047895149067578,99.57900648985562
47343A,FUSCHIA FLOWER PURSE WITH BEADS,200,206.26,23,20,3,1.49,2009-12-17 15:44:00,2011-08-07 15:52:00,8.695652173913043,0.0010466772564003807,99.58005316711201
90210D,PURPLE ACRYLIC FACETED BANGLE,132,206.23000000000002,22,15,2,2.95,2009-12-14 17:57:00,2011-11-10 13:44:00,6.0,0.0010465250198169811,99.58109969213183
22883,NUMBER TILE VINTAGE FONT 4,107,204.79,32,26,1,4.13,2010-10-18 15:44:00,2011-11-30 15:13:00,3.34375,0.001039217663813798,99.58213890979565
90214A,"LETTER ""A"" BLING KEY RING",187,204.60999999999999,100,57,1,0.85,2009-12-07 15:15:00,2011-11-30 14:00:00,1.87,0.0010383042443134001,99.58317721403996
17014D,ORIGAMI ROSE INCENSE CONES,479,204.36,8,7,2,1.65,2010-01-14 09:41:00,2010-08-20 09:23:00,59.875,0.001037035606118403,99.58421424964608
90196A,PURPLE GEMSTONE NECKLACE 45CM,16,204.0,10,9,1,12.75,2009-12-16 11:39:00,2011-11-29 10:57:00,1.6,0.0010352087671176072,99.5852494584132
90181B,AMETHYST GLASS/SHELL/PEARL NECKLACE,22,203.42000000000002,21,19,1,9.15,2009-12-22 14:31:00,2011-11-17 15:17:00,1.0476190476190477,0.001032265526505214,99.5862817239397
35824B,"HANGING FLOWERS+MIRROR,BLUE",528,203.24,6,5,2,0.38,2009-12-10 08:29:00,2010-05-14 12:00:00,88.0,0.0010313521070048162,99.58731307604671
21102,"CANDLE IN JAR COLLAGE , VANILLA",75,203.23,18,10,2,2.55,2009-12-07 14:58:00,2010-03-12 13:08:00,4.166666666666667,0.0010313013614770164,99.58834437740819
21368,MIRRORED WALL ART LADIES,189,203.04,46,34,1,0.75,2009-12-08 15:49:00,2011-11-25 11:58:00,4.108695652173913,0.0010303371964488185,99.58937471460465
20890,SMALL GLASS ROSE SCENTED CANDLE,605,202.62,4,4,1,2.025,2010-01-21 14:30:00,2010-04-19 10:36:00,151.25,0.0010282058842812235,99.59040292048893
90211B,JET BLACK LAS VEGAS NECKLACE 45CM,34,202.14000000000001,25,19,2,5.94,2009-12-09 09:51:00,2011-11-03 11:29:00,1.36,0.001025770098946829,99.59142869058788
48103,DOOR MAT KISS MY.......,35,201.73,10,10,3,7.49,2009-12-18 12:33:00,2010-07-16 10:33:00,3.5,0.0010236895323070339,99.59245238012018
84723,CHERRY BLOSSOM CANVAS ART PICTURE,54,201.3,12,12,1,7.95,2010-02-05 15:24:00,2011-08-08 14:37:00,4.5,0.001021507474611639,99.5934738875948
90186A,AMETHYST HOOP EARRING FLORAL LEAF,68,200.70000000000002,32,21,1,2.95,2009-12-08 14:36:00,2011-11-29 16:33:00,2.125,0.001018462742943646,99.59449235033775
72799D,BLUE PILLAR CANDLE SILVER FLOCK,67,200.41,16,12,2,2.95,2009-12-07 18:02:00,2010-09-29 13:20:00,4.1875,0.0010169911226374493,99.59550934146039
90003D,CRYSTAL PAIR HEART HAIR SLIDES,53,199.92,29,23,2,3.75,2009-12-09 09:42:00,2011-11-29 16:47:00,1.8275862068965518,0.0010145045917752552,99.59652384605216
20736,PINK MINI TAPE MEASURE,250,199.5,12,7,1,0.85,2009-12-08 11:13:00,2010-03-14 15:07:00,20.833333333333332,0.00101237327960766,99.59753621933177
85179C,PINK BITTY LIGHT CHAIN,92,199.49,34,14,2,2.46,2009-12-14 14:35:00,2011-12-01 16:22:00,2.7058823529411766,0.0010123225340798602,99.59854854186585
90144,SILVER DROP EARRINGS WITH FLOWER,53,199.45,33,28,2,3.75,2009-12-07 17:56:00,2011-11-28 15:31:00,1.606060606060606,0.0010121195519686606,99.59956066141783
84706F,RED PEONY TABLE CLOCK,33,199.35,16,16,3,2.95,2010-02-08 14:53:00,2011-11-27 13:00:00,2.0625,0.0010116120966906618,99.60057227351452
79403,FROSTED WHITE BASE,216,199.01999999999998,36,27,2,0.85,2009-12-18 17:06:00,2011-12-02 12:52:00,6.0,0.0010099374942732656,99.60158221100879
37508,NEW ENGLAND CERAMIC CAKE SERVER,78,198.89999999999998,42,26,1,2.55,2009-12-08 13:41:00,2010-08-24 17:21:00,1.8571428571428572,0.0010093285479396668,99.60259153955673
84797b,BLUE SAVANNAH PICNIC HAMPER FOR 4,18,198.84,16,5,1,11.02,2009-12-22 15:04:00,2010-05-26 12:54:00,1.125,0.0010090240747728679,99.6036005636315
37471,MULTICOLOUR DOTS PLATE,1405,197.85,10,10,2,3.7399999999999998,2009-12-22 09:52:00,2011-10-12 14:05:00,140.5,0.0010040002675206793,99.60460456389902
84805A,CREAM CLIMBING HYDRANGA ART FLOWER,135,197.85,7,7,2,3.75,2010-03-02 10:49:00,2011-12-02 13:54:00,19.285714285714285,0.0010040002675206793,99.60560856416653
22330,72 ROUND PINK DOILIES,127,196.45,21,8,4,1.45,2009-12-13 11:05:00,2010-02-07 12:15:00,6.0476190476190474,0.0009968958936286958,99.60660546006017
22885,NUMBER TILE VINTAGE FONT 6,108,193.73999999999998,32,26,1,2.17,2010-10-20 15:56:00,2011-11-24 13:01:00,3.375,0.0009831438555949275,99.60758860391576
35819B,"ACRYLIC HANGING JEWEL,BLUE",385,192.3,32,22,3,0.38,2009-12-14 18:03:00,2011-11-30 15:58:00,12.03125,0.0009758364995917445,99.60856444041535
90019C,SILVER BLACK ORBIT BRACELET,36,192.23,31,26,1,5.51,2009-12-09 09:42:00,2011-11-27 15:38:00,1.1612903225806452,0.0009754812808971453,99.60953992169625
90040A,MURANO STYLE GLASS BRACELET RED,49,192.22,32,24,2,4.24,2009-12-07 18:02:00,2011-03-07 12:26:00,1.53125,0.0009754305353693454,99.61051535223162
90036F,"FLOWER GLASS GARLD NECKL36""TURQUOIS",24,192.17000000000002,15,13,1,8.07,2009-12-18 17:15:00,2011-03-23 12:15:00,1.6,0.0009751768077303461,99.61149052903934
90178B,PURPLE CHUNKY GLASS+BEAD NECKLACE,16,191.40999999999997,11,11,1,11.95,2009-12-14 17:16:00,2010-12-17 17:23:00,1.4545454545454546,0.0009713201476175547,99.61246184918696
90196B,BLACK GEMSTONE NECKLACE 45CM,15,190.98,12,12,1,12.75,2009-12-13 10:54:00,2011-11-09 15:07:00,1.25,0.00096913808992216,99.61343098727689
20672,PINK TEATIME PRINT BOWL,134,190.72,34,10,2,1.25,2009-12-07 15:02:00,2010-03-05 14:42:00,3.9411764705882355,0.000967818706199363,99.61439880598309
72801F,S/4 FESTIVE RED DINNER CANDLES,152,190.0,16,5,1,1.25,2009-12-08 08:48:00,2010-01-28 12:59:00,9.5,0.0009641650281977715,99.61536297101128
35991,SET/6 BLACK SNOWFLAKE T-LIGHTS,381,189.63,48,21,1,0.42,2009-12-07 11:05:00,2010-11-17 14:05:00,7.9375,0.0009622874436691758,99.61632525845495
84803A,PINK ALLIUM  ARTIFICIAL FLOWER,112,189.28,17,14,2,1.69,2010-01-07 11:52:00,2011-02-14 12:11:00,6.588235294117647,0.0009605113501961799,99.61728576980515
72051S,BAG OF SILVER STONES,297,189.19,52,38,1,0.84,2009-12-15 18:33:00,2011-04-13 12:57:00,5.711538461538462,0.000960054640445981,99.6182458244456
20826,SILVER APERITIF GLASS,307,188.96,13,10,1,1.69,2010-05-16 14:54:00,2011-05-18 11:08:00,23.615384615384617,0.0009588874933065837,99.6192047119389
84744,S/6 SEW ON CROCHET FLOWERS,149,188.77,31,25,5,1.25,2009-12-07 15:15:00,2011-11-15 17:26:00,4.806451612903226,0.0009579233282783859,99.62016263526718
51012C,"FEATHER DUSTER, COAL BLACK",151,188.75,22,7,1,1.25,2009-12-09 14:48:00,2010-02-26 11:38:00,6.863636363636363,0.0009578218372227861,99.6211204571044
84797a,PINK HAWAIIAN PICNIC HAMPER FOR 4,17,187.57999999999998,16,7,1,11.02,2009-12-22 15:06:00,2010-06-04 14:58:00,1.0625,0.0009518846104701998,99.62207234171487
90000A,RASPBERRY ANT COPPER FLOWER NECKLAC,31,187.08,20,18,2,5.95,2010-01-11 09:33:00,2011-11-16 15:16:00,1.55,0.0009493473340802057,99.62302168904895
16258B,DAISY ERASERS IN BAG,935,186.6,10,3,1,0.19,2009-12-08 13:04:00,2009-12-22 12:01:00,93.5,0.0009469115487458113,99.6239686005977
90056,CHUNKY CRACKED GLAZE NECKLACE IVORY,17,186.3,12,12,1,11.05,2009-12-08 15:49:00,2011-09-22 16:28:00,1.4166666666666667,0.0009453891829118149,99.62491398978062
84030c,KNITTED RAINBOW HOT WATER BOTTLE,24,185.76,8,3,1,7.62,2009-12-22 15:07:00,2010-03-05 14:37:00,3.0,0.0009426489244106212,99.62585663870503
16053,POPART COL BALLPOINT PEN ASST,4313,185.73,10,10,3,0.21,2010-01-07 14:20:00,2010-11-16 12:50:00,431.3,0.0009424966878272215,99.62679913539286
84510a,SET OF 4 ENGLISH ROSE COASTERS,75,185.7,58,33,1,2.46,2010-06-24 11:35:00,2011-06-28 11:53:00,1.293103448275862,0.000942344451243822,99.6277414798441
84877A,PINK ROUND COMPACT MIRROR,74,185.66,17,16,2,3.75,2009-12-17 17:54:00,2011-06-13 15:30:00,4.352941176470588,0.0009421414691326224,99.62868362131324
85114a,BLACK ENCHANTED FOREST PLACEMAT,56,185.64000000000001,17,14,1,3.29,2009-12-22 15:09:00,2011-06-08 15:25:00,3.2941176470588234,0.0009420399780770226,99.62962566129131
85128,PLANTPOT SINGLE HOOK PISTACHIO,166,185.52,3,3,1,1.69,2009-12-07 17:56:00,2010-01-12 15:57:00,55.333333333333336,0.000941431031743424,99.63056709232306
90094,NECKLACE+BRACELET SET FRUIT SALAD,73,185.07,37,22,1,2.55,2010-06-27 13:11:00,2011-11-29 12:06:00,1.972972972972973,0.0009391474829924293,99.63150623980606
35911B,PINK/FLOWER RABBIT EGG WARMER,159,184.76000000000002,24,14,2,2.1,2009-12-11 16:11:00,2011-03-22 09:27:00,6.625,0.0009375743716306331,99.63244381417769
20957,PORCELAIN HANGING BELL SMALL,126,184.60999999999999,15,13,3,1.45,2010-04-11 15:54:00,2010-11-29 09:46:00,8.4,0.0009368131887136347,99.6333806273664
35838A,S/6 MULTICOLOUR ORNAMENETAL CANDLE,180,184.4,20,7,1,0.85,2009-12-07 13:48:00,2010-09-29 12:49:00,9.0,0.0009357475326298372,99.63431637489904
84029D,LEOPARD PRINT HOT WATER BOTTLE,51,183.98000000000002,15,7,1,3.75,2009-12-07 15:26:00,2010-02-08 14:00:00,3.4,0.0009336162204622421,99.63524999111951
90159,COTE D'AZURE NECKLACE,37,183.63000000000002,19,19,1,4.95,2009-12-16 17:58:00,2011-11-09 15:07:00,1.9473684210526316,0.0009318401269892463,99.6361818312465
17090A,LAVENDER INCENSE 40 CONES IN TIN,173,182.65,26,24,2,1.25,2009-12-10 20:04:00,2011-11-24 10:24:00,6.653846153846154,0.0009268670652648577,99.63710869831176
20796,SMALL BLUE PROVENCAL CERAMIC BALL,99,182.15999999999997,22,19,2,1.65,2009-12-09 13:00:00,2011-11-10 12:01:00,4.5,0.0009243805344026632,99.63803307884616
90125D,PURPLE BERTIE GLASS BEAD BAG CHARM,118,181.54,32,21,2,2.1,2009-12-10 16:21:00,2011-07-13 16:07:00,3.6875,0.0009212343116790707,99.63895431315784
37379B,BLUE CHERRY BLOSSOM CUP & SAUCER,1122,181.5,3,3,3,1.25,2010-03-04 09:32:00,2010-03-23 13:52:00,374.0,0.0009210313295678711,99.63987534448741
84893,ANT WHITE IRON BASKET,32,180.4,14,9,2,5.95,2009-12-07 12:42:00,2010-03-01 13:10:00,2.2857142857142856,0.0009154493215098841,99.64079079380892
90129F,RED GLASS TASSLE BAG CHARM,80,180.31,40,30,3,1.66,2009-12-16 12:17:00,2011-11-17 14:24:00,2.0,0.0009149926117596851,99.64170578642067
16043,POP ART PUSH DOWN RUBBER,2145,180.29999999999998,13,11,2,0.42,2009-12-16 13:23:00,2011-06-09 19:33:00,165.0,0.0009149418662318852,99.6426207282869
35818B,"ACRYLIC JEWEL ICICLE, BLUE",408,180.05,11,10,2,0.38,2010-04-13 14:27:00,2011-11-01 14:29:00,37.09090909090909,0.0009136732280368881,99.64353440151494
47347B,BLUE FLOWER T-LIGHT HOLDER,240,179.88,11,8,1,1.25,2009-12-07 13:35:00,2010-03-08 15:49:00,21.818181818181817,0.0009128105540642901,99.64444721206901
84962,SET/3 COLOUR PAINTED KASHMIRI STOOL,3,179.85000000000002,2,2,1,59.95,2010-02-22 13:40:00,2010-05-19 17:49:00,1.5,0.0009126583174808908,99.64535987038649
21310,CAPIZ CHANDELIER,6,179.7,4,4,1,29.95,2010-03-18 16:37:00,2011-05-24 13:22:00,1.5,0.0009118971345638923,99.64627176752104
17011A,ORIGAMI VANILLA INCENSE+FLOWER,261,179.56,12,10,2,3.1550000000000002,2009-12-22 09:41:00,2010-08-20 09:23:00,21.75,0.0009111866971746939,99.64718295421822
90130B,TURQ STONE/CRYSTAL EARRINGS,61,179.34,46,34,1,2.95,2009-12-14 18:03:00,2011-12-02 16:39:00,1.326086956521739,0.0009100702955630965,99.64809302451378
84464,S/60 PINK FLUFFY CHICKS IN BOX,82,179.1,11,6,2,2.55,2010-01-08 15:19:00,2010-02-19 14:11:00,7.454545454545454,0.0009088524028958993,99.64900187691669
90063A,WHITE VINT ART DECO CRYSTAL NECKLAC,21,178.48,13,13,2,8.5,2010-06-17 11:57:00,2011-11-03 11:29:00,1.6153846153846154,0.0009057061801723066,99.64990758309686
90024B,NEW BAROQUE B'FLY NECKLACE RED,21,178.24,19,17,3,8.49,2009-12-07 18:02:00,2011-11-28 15:31:00,1.105263157894737,0.0009044882875051094,99.65081207138437
90029,NEW BAROQUE SMALL NECKLACE BLACK,21,178.14,11,10,1,8.5,2009-12-11 12:21:00,2011-08-30 10:47:00,1.9090909090909092,0.0009039808322271106,99.6517160522166
90013D,PURPLE VINTAGE EARRINGS,46,178.11,17,16,2,4.15,2010-01-13 13:55:00,2011-06-29 15:58:00,2.7058823529411766,0.000903828595643711,99.65261988081224
90000B,MIDNIGHT BLUE COPPER FLOWER NECKLAC,29,177.29000000000002,21,19,1,5.95,2009-12-07 18:02:00,2011-07-25 17:11:00,1.380952380952381,0.0008996674623641208,99.6535195482746
79144C,PAINTED LIGHTBULB RAINBOW DESIGN,302,176.82,94,59,2,0.83,2009-12-14 17:57:00,2011-12-01 16:22:00,3.2127659574468086,0.0008972824225575261,99.65441683069716
23143,ZINC WIRE KITCHEN ORGANISER,14,176.77,10,7,3,10.4,2011-05-04 13:17:00,2011-11-24 12:53:00,1.4,0.0008970286949185266,99.65531385939208
84452,METAL RABBIT LADDER EASTER,186,175.95999999999998,43,22,2,0.85,2009-12-09 09:51:00,2011-10-20 09:28:00,4.325581395348837,0.000892918307166736,99.65620677769925
84564,6 SEGMENT COLOURED SNACK BOWL,21,175.48000000000002,11,8,2,7.95,2009-12-08 13:38:00,2010-06-09 14:04:00,1.9090909090909092,0.0008904825218323418,99.6570972602211
37485,ENGLISH ROSE TEA SET IN GIFT BOX,42,175.14,10,7,2,4.65,2009-12-08 11:13:00,2010-02-22 17:14:00,4.2,0.0008887571738871458,99.65798601739498
90210A,GREY ACRYLIC FACETED BANGLE,77,174.94,19,14,2,2.95,2009-12-10 14:19:00,2011-06-29 15:58:00,4.052631578947368,0.0008877422633311481,99.6588737596583
84967A,PINK KASHMIRI OCCASIONAL TABLE,3,174.9,3,3,1,79.95,2010-02-02 16:07:00,2010-10-24 10:41:00,1.0,0.0008875392812199486,99.65976129893953
22886,NUMBER TILE VINTAGE FONT 7,98,174.16,29,25,1,2.17,2010-10-25 16:43:00,2011-12-01 19:42:00,3.3793103448275863,0.0008837841121627573,99.66064508305169
79144B,PAINTED LIGHTBULB STAR+ MOON,341,173.97,85,54,4,0.83,2009-12-14 12:24:00,2011-12-01 16:22:00,4.011764705882353,0.0008828199471345594,99.66152790299883
20814,SILVER FINCH DECORATION,161,173.89000000000001,8,5,1,1.25,2009-12-10 07:43:00,2010-02-24 13:15:00,20.125,0.0008824139829121604,99.66241031698173
37506,NEW ENGLAND MILK JUG W GIFT BOX,29,172.55,23,22,1,5.95,2009-12-21 17:14:00,2010-08-24 17:21:00,1.2608695652173914,0.0008756140821869761,99.66328593106392
75011,BLUE DAISY MOBILE,181,172.51,15,15,2,0.79,2009-12-11 15:40:00,2011-11-28 13:56:00,12.066666666666666,0.0008754111000757766,99.66416134216401
90086,CRYSTAL FROG PHONE CHARM,167,172.04,44,33,1,1.63,2010-03-03 11:40:00,2011-12-02 16:14:00,3.7954545454545454,0.0008730260602691822,99.66503436822428
84899F,YELLOW PURPLE DAISY FELT PURSE KIT,109,171.89,48,27,2,2.51,2009-12-08 15:49:00,2010-11-26 11:20:00,2.2708333333333335,0.0008722648773521838,99.66590663310164
84255B,ORANGE COCKTAIL GLASS LAMP,56,171.26,16,8,1,2.1,2009-12-10 12:21:00,2010-03-09 12:12:00,3.5,0.0008690679091007912,99.66677570101075
21461,BLUE EASTER EGG HUNT START POST,82,171.04,23,14,2,1.95,2010-01-29 09:21:00,2011-04-06 17:08:00,3.5652173913043477,0.0008679515074891938,99.66764365251824
23561,SET OF 6 RIBBONS PARTY,58,170.52,6,2,1,2.89,2011-11-27 13:29:00,2011-12-02 16:39:00,9.666666666666666,0.0008653127400436,99.66850896525828
20837,FRENCH FLORAL CUSHION COVER,159,170.37,17,13,3,0.83,2010-03-02 15:28:00,2011-11-20 11:06:00,9.352941176470589,0.0008645515571266018,99.66937351681541
17014A,ORIGAMI VANILLA INCENSE CONES,276,170.13,16,14,1,1.65,2009-12-09 09:42:00,2011-06-27 13:58:00,17.25,0.0008633336644594046,99.67023685047987
47570b,TEA TIME TABLE CLOTH,8,169.4,8,8,1,21.23,2010-06-24 11:50:00,2011-01-25 14:01:00,1.0,0.0008596292409300131,99.6710964797208
84531A,PINK KNITTED EGG COSY,191,169.35999999999999,45,23,5,0.83,2009-12-07 18:02:00,2011-04-18 13:49:00,4.2444444444444445,0.0008594262588188135,99.67195590597962
90214S,"LETTER ""S"" BLING KEY RING",155,169.09,79,47,2,0.85,2009-12-07 12:32:00,2011-11-14 09:00:00,1.9620253164556962,0.0008580561295682168,99.67281396210919
84985B,SET OF 72 BLACK PAPER DOILIES,112,168.57999999999998,20,10,2,1.45,2009-12-09 09:51:00,2010-03-07 13:44:00,5.6,0.0008554681076504227,99.67366943021683
90204,PAIR OF ENAMEL BUTTERFLY HAIRCLIP,50,168.46,37,26,3,3.35,2009-12-07 17:56:00,2011-12-01 16:22:00,1.3513513513513513,0.0008548591613168241,99.67452428937816
85205A,IVORY FELT EASTER RABBIT GARLAND,66,168.29999999999998,21,8,1,2.55,2010-02-02 12:47:00,2010-03-23 12:11:00,3.142857142857143,0.000854047232872026,99.67537833661103
90186B,CRYSTAL HOOP EARRING FLORAL LEAF,57,168.26000000000002,31,24,1,2.95,2009-12-10 09:49:00,2011-11-29 11:05:00,1.8387096774193548,0.0008538442507608267,99.67623218086179
21087,SET/6 POSIES PAPER CUPS,260,168.08,32,22,3,0.65,2010-01-25 15:42:00,2011-04-19 14:49:00,8.125,0.0008529308312604286,99.67708511169305
23697,A PRETTY THANK YOU CARD,394,167.72,28,4,3,0.42,2011-11-09 14:11:00,2011-12-04 13:59:00,14.071428571428571,0.0008511039922596328,99.6779362156853
37491C,GREEN/BLUE CERAMIC CANDLE HOLDER,58,167.52,10,7,1,1.65,2009-12-11 15:40:00,2011-07-18 13:33:00,5.8,0.0008500890817036351,99.67878630476702
16201A,PASTEL PINK PHOTO ALBUM,77,166.57,7,6,1,1.95,2010-02-26 09:47:00,2010-09-09 11:00:00,11.0,0.0008452682565626463,99.67963157302358
48179,DOOR MAT SWEET HOME,29,166.48,7,2,1,6.75,2009-12-07 17:56:00,2009-12-16 17:01:00,4.142857142857143,0.0008448115468124473,99.6804763845704
85040a,S/4 PINK FLOWER CANDLES IN BOWL,50,166.32,33,25,1,3.29,2009-12-22 14:48:00,2011-11-30 15:33:00,1.5151515151515151,0.0008439996183676492,99.68132038418877
90123D,WHITE HEART OF GLASS BRACELET,28,166.32,13,13,1,5.95,2010-01-11 09:30:00,2011-11-28 15:31:00,2.1538461538461537,0.0008439996183676492,99.68216438380713
84231,EASTER BUNNY WITH BASKET ON BACK,230,166.21,50,23,1,0.65,2010-01-24 14:57:00,2011-11-04 12:05:00,4.6,0.0008434414175618506,99.68300782522469
gift_0001_40,Dotcomgiftshop Gift Voucher Â£40.00,5,166.09,5,5,1,33.33,2010-08-10 12:08:00,2011-07-27 15:12:00,1.0,0.0008428324712282519,99.68385065769591
82607C,GLASS BONBON JAR. SUPERFINES,108,165.54,41,11,2,2.51,2009-12-10 09:49:00,2010-03-09 12:48:00,2.6341463414634148,0.0008400414671992584,99.68469069916311
90003C,MIDNIGHT BLUE PAIR HEART HAIR SLIDE,44,165.37,30,27,2,3.75,2009-12-09 09:42:00,2011-11-30 15:13:00,1.4666666666666666,0.0008391787932266603,99.68552987795634
90166,PINK & WHITE ROSEBUD RING,39,164.79000000000002,30,23,2,4.24,2009-12-08 15:49:00,2011-11-22 15:43:00,1.3,0.0008362355526142673,99.68636611350895
90072,RUBY DROP CHANDELIER EARRINGS,41,164.66,28,25,2,4.24,2009-12-07 18:02:00,2011-11-29 16:47:00,1.4642857142857142,0.0008355758607528687,99.6872016893697
23416,CHAMBRE HOOK,94,164.05999999999997,17,11,2,1.65,2011-09-12 13:43:00,2011-12-04 15:19:00,5.529411764705882,0.0008325311290848756,99.68803422049879
84531B,BLUE KNITTED EGG COSY,194,164.01,42,25,6,0.61,2009-12-07 18:02:00,2011-04-18 13:49:00,4.619047619047619,0.0008322774014458763,99.68886649790024
21018,BIRD BOX CHRISTMAS TREE DECORATION,191,164.01,38,17,2,0.85,2009-12-10 15:36:00,2010-12-17 17:30:00,5.026315789473684,0.0008322774014458763,99.68969877530168
47504F,ENGLISH ROSE TORCH,507,163.45999999999998,9,3,2,1.65,2009-12-07 11:39:00,2010-02-15 11:57:00,56.333333333333336,0.0008294863974168827,99.6905282616991
90019B,GOLD M.O.P ORBIT BRACELET,31,163.22,27,23,1,5.4,2010-01-20 17:50:00,2011-12-02 16:39:00,1.1481481481481481,0.0008282685047496856,99.69135653020385
82587,TEXRIO TOMATOES CANDLE+CUP,125,163.03,39,18,1,1.25,2009-12-07 12:08:00,2010-05-13 15:42:00,3.2051282051282053,0.0008273043397214878,99.69218383454357
90162B,ANT SILVER LIME GREEN BOUDICCA RING,55,162.25000000000003,20,15,3,2.95,2010-03-01 13:10:00,2011-11-09 11:10:00,2.75,0.0008233461885530972,99.69300718073212
10123G,ARMY CAMO WRAPPING TAPE,2249,162.16,15,10,2,0.65,2010-07-15 15:01:00,2010-11-29 15:26:00,149.93333333333334,0.000822889478802898,99.69383007021092
84706B,FAIRY CAKES TABLE CLOCK,17,161.88,8,6,2,8.95,2009-12-16 13:40:00,2010-02-11 13:41:00,2.125,0.0008214686040245013,99.69465153881495
84706C,PINK FLOCK TABLE CLOCK,83,161.85,3,3,1,1.95,2009-12-17 09:09:00,2010-01-27 12:39:00,27.666666666666668,0.0008213163674411016,99.69547285518239
90190C,SILVER/AMETHYST DROP EARRINGS LEAF,55,161.82,36,24,2,2.95,2009-12-08 14:36:00,2011-11-29 11:05:00,1.5277777777777777,0.000821164130857702,99.69629401931324
90129D,AMBER GLASS TASSLE BAG CHARM,67,161.57000000000002,34,25,2,1.66,2009-12-16 12:17:00,2011-10-19 15:08:00,1.9705882352941178,0.0008198954926627051,99.69711391480591
90063B,BLACK VINT ART DEC CRYSTAL NECKLACE,19,161.49,13,10,1,8.5,2009-12-14 18:37:00,2011-11-03 11:29:00,1.4615384615384615,0.0008194895284403059,99.69793340433435
90211A,DIAMOND LAS VEGAS NECKLACE 45CM,27,160.75,20,17,2,5.94,2009-12-14 17:16:00,2011-11-24 09:21:00,1.35,0.0008157343593831146,99.69874913869373
90123C,GREEN HEART OF GLASS BRACELET,27,160.75,12,12,1,5.95,2009-12-23 15:30:00,2011-08-01 17:37:00,2.25,0.0008157343593831146,99.6995648730531
84599,CANDY STRIPE ROSE FLOOR CUSHION,15,160.15,6,4,1,12.04,2010-01-14 11:59:00,2010-04-23 16:16:00,2.5,0.0008126896277151215,99.70037756268083
37479P,CUBIC MUG FLOCK PINK ON BROWN,170,160.08,34,27,4,0.39,2010-06-11 15:03:00,2011-11-08 12:25:00,5.0,0.0008123344090205225,99.70118989708985
85024C,PINK SMALL JEWELLED PHOTOFRAME,97,160.04999999999998,41,32,1,1.65,2009-12-07 11:39:00,2011-11-22 13:11:00,2.3658536585365852,0.0008121821724371227,99.70200207926229
90180B,PURPLE AMETHYST NECKLACE W TASSEL,16,159.48,12,11,1,9.95,2009-12-13 10:54:00,2011-12-04 12:29:00,1.3333333333333333,0.0008092896773525294,99.70281136893963
84690,S/2 BEACH HUT STOOLS,20,159.0,12,11,2,7.95,2009-12-09 14:02:00,2010-08-15 15:26:00,1.6666666666666667,0.0008068538920181351,99.70361822283165
16054,POPART RECT PENCIL SHARPENER ASST,1210,159.0,39,26,4,0.12,2010-01-07 14:20:00,2011-12-04 13:59:00,31.025641025641026,0.0008068538920181351,99.70442507672367
90048,GREEN WITH METAL BAG CHARM,31,158.89000000000001,8,7,1,4.95,2009-12-08 15:49:00,2011-07-07 16:59:00,3.875,0.0008062956912123364,99.70523137241487
22864,MUG AND COASTER SET RED CIRCLES,378,158.76,2,2,1,0.42,2010-06-02 14:48:00,2010-06-29 15:17:00,189.0,0.0008056359993509379,99.70603700841423
23580,SNACK TRAY HAPPY FOREST,78,158.64,17,2,2,1.95,2011-11-27 11:57:00,2011-12-04 13:34:00,4.588235294117647,0.0008050270530173392,99.70684203546725
22887,NUMBER TILE VINTAGE FONT 8,91,158.41,27,24,1,4.13,2010-10-18 15:44:00,2011-10-12 16:36:00,3.3703703703703702,0.000803859905877942,99.70764589537312
90065A,WHITE VINTAGE CRYSTAL BRACELET,23,158.35,13,9,1,6.75,2009-12-07 17:56:00,2011-06-26 13:45:00,1.7692307692307692,0.0008035554327111427,99.70844945080583
90042A,FRESHWATER PEARL BRACELET GOLD,62,158.24,32,20,1,2.54,2009-12-07 17:56:00,2011-04-13 16:58:00,1.9375,0.000802997231905344,99.70925244803773
81952V,ROUND PURPLE CLOCK WITH SUCKER,463,158.17,45,31,3,0.19,2009-12-16 09:17:00,2011-11-27 16:02:00,10.28888888888889,0.0008026420132107447,99.71005509005094
48175,DOOR MAT CAMOUFLAGE,39,158.04,2,1,1,5.02,2009-12-14 17:16:00,2009-12-15 19:09:00,19.5,0.0008019823213493464,99.71085707237229
21031,SPACE CADET BLACK,129,157.95,36,29,2,1.25,2009-12-13 15:17:00,2011-11-16 12:18:00,3.5833333333333335,0.0008015256115991473,99.71165859798388
84927A,WAKE UP COCKEREL TILE HOOK,226,157.61,33,27,3,2.1,2010-02-03 17:04:00,2011-08-09 14:18:00,6.848484848484849,0.0007998002636539515,99.71245839824753
23468,TUSCAN VILLA BIRD TABLE,19,156.75,11,8,2,8.25,2011-10-06 17:28:00,2011-11-23 15:53:00,1.7272727272727273,0.0007954361482631615,99.7132538343958
72140E,BEST DAD CANDLE LETTERS,218,156.72,29,25,2,0.85,2009-12-07 18:02:00,2011-10-16 11:06:00,7.517241379310345,0.0007952839116797618,99.71404911830749
17178,FLAT PALM T-LIGHT HOLDER,133,156.65,24,16,1,1.25,2009-12-08 12:54:00,2010-09-16 14:08:00,5.541666666666667,0.0007949286929851626,99.71484404700047
46138B,BLUE CHENILLE SHAGGY CUSHION COVER,71,156.29,25,22,2,1.95,2009-12-07 17:56:00,2011-11-13 15:58:00,2.84,0.0007931018539843669,99.71563714885446
20940,SET/6 GARDEN GNOME T-LIGHT CANDLES,52,156.27,11,1,1,2.95,2009-12-07 12:08:00,2009-12-13 11:28:00,4.7272727272727275,0.0007930003629287672,99.71643014921739
90018B,GOLD M.O.P ORBIT DROP EARRINGS,37,156.14000000000001,29,27,2,4.24,2009-12-07 18:02:00,2011-12-02 16:39:00,1.2758620689655173,0.0007923406710673687,99.71722248988846
84228,HEN HOUSE W CHICK STANDING,354,156.07,46,25,5,0.625,2009-12-07 17:56:00,2011-11-29 08:07:00,7.695652173913044,0.0007919854523727695,99.71801447534082
84914A,PINK ROSE PICNIC RUG,6,155.7,5,5,1,25.95,2010-05-05 13:22:00,2010-06-09 17:34:00,1.2,0.0007901078678441737,99.71880458320867
20664,TROPICAL HOLIDAY PURSE,57,155.41,31,24,1,2.95,2009-12-15 13:40:00,2011-08-30 10:39:00,1.8387096774193548,0.0007886362475379772,99.7195932194562
90039D,FIRE POLISHED GLASS BRACELET GREEN,41,155.03,22,20,2,3.81,2009-12-07 18:02:00,2011-11-21 15:18:00,1.8636363636363635,0.0007867079174815817,99.72037992737368
72351a,SET/6 TURQUOISE BUTTERFLY T-LIGHTS,37,154.89,28,25,1,4.21,2010-02-19 11:07:00,2011-10-26 14:42:00,1.3214285714285714,0.0007859974800923831,99.72116592485378
90065B,BLACK VINT ART DEC CRYSTAL BRACELET,22,154.87,16,12,1,6.75,2009-12-13 10:48:00,2011-11-09 15:07:00,1.375,0.0007858959890367836,99.72195182084282
90123B,TURQUOISE HEART OF GLASS BRACELET,26,154.69,13,12,1,5.95,2010-01-11 09:35:00,2011-08-01 17:37:00,2.0,0.0007849825695363857,99.72273680341236
90003B,ROSE COLOUR PAIR HEART HAIR SLIDES,41,154.56,24,20,2,3.75,2009-12-14 18:37:00,2011-11-29 16:47:00,1.7083333333333333,0.0007843228776749871,99.72352112629004
90087,CRYSTAL SEA HORSE PHONE CHARM,143,154.28,49,36,2,1.63,2009-12-07 18:02:00,2011-11-28 15:54:00,2.9183673469387754,0.0007829020028965904,99.72430402829293
35916C,PINK FELT HANGING HEART W FLOWER,143,153.95,40,29,2,1.63,2009-12-14 17:16:00,2011-10-18 17:00:00,3.575,0.0007812274004791942,99.72508525569341
82553,POP'S GREASY SPOON METAL SIGN,74,153.92999999999998,32,8,1,3.36,2009-12-07 18:02:00,2010-02-18 13:15:00,2.3125,0.0007811259094235944,99.72586638160284
90214C,"LETTER ""C"" BLING KEY RING",138,153.74,64,41,2,1.05,2009-12-09 15:03:00,2011-12-01 16:22:00,2.15625,0.0007801617443953968,99.72664654334724
85185C,COW  SOCK PUPPET,52,153.4,24,17,1,2.95,2009-12-13 16:03:00,2010-08-01 14:35:00,2.1666666666666665,0.0007784363964502008,99.72742497974369
20693,FLORAL DINOSAUR GREEN,31,153.39000000000001,16,8,2,4.25,2009-12-09 09:42:00,2010-03-14 12:41:00,1.9375,0.000778385650922401,99.7282033653946
47369B,BLUE GREEN EMBROIDERY COSMETIC BAG,54,153.18,29,18,1,2.95,2009-12-13 13:17:00,2011-12-01 16:22:00,1.8620689655172413,0.0007773199948386034,99.72898068538944
47518F,ICON PLACEMAT POP ART ELVIS,903,153.14,34,27,5,0.12,2010-01-26 13:15:00,2011-11-29 12:09:00,26.558823529411764,0.0007771170127274037,99.72975780240218
90214L,"LETTER ""L"" BLING KEY RING",138,153.12,65,45,2,0.85,2009-12-07 12:32:00,2011-10-24 17:03:00,2.123076923076923,0.000777015521671804,99.73053481792385
90059A,DIAMANTE HAIR GRIP PACK/2 CRYSTAL,91,151.89,45,33,3,1.69,2009-12-16 17:58:00,2011-12-02 16:39:00,2.022222222222222,0.0007707738217524184,99.73130559174561
90030C,BROWN KUKUI COCONUT SEED NECKLACE,87,151.3,16,13,5,3.41,2009-12-09 09:51:00,2011-11-25 10:20:00,5.4375,0.0007677798356122255,99.73207337158122
84968a,SET OF 16 VINTAGE ROSE CUTLERY,6,150.82,4,4,1,25.225,2010-07-07 11:17:00,2011-10-31 13:48:00,1.5,0.000765344050277831,99.7328387156315
20952,PORCELAIN CHERUB BELL SMALL,329,150.72,24,17,3,0.42,2009-12-10 13:59:00,2010-11-23 17:43:00,13.708333333333334,0.0007648365949998321,99.7336035522265
84989a,75 GREEN FAIRY CAKE CASES,74,150.57,41,37,1,2.08,2010-06-04 14:59:00,2011-08-24 10:22:00,1.8048780487804879,0.0007640754120828339,99.73436762763858
79161A,ST GEORGE SET OF 10 PARTY LIGHTS,51,150.45000000000002,16,14,1,2.95,2010-03-10 14:49:00,2011-11-22 14:43:00,3.1875,0.0007634664657492355,99.73513109410433
90214K,"LETTER ""K"" BLING KEY RING",128,150.32,79,49,1,1.25,2009-12-07 12:32:00,2011-11-14 09:00:00,1.620253164556962,0.0007628067738878368,99.73589390087822
90042C,FRESHWATER PEARL BRACELET IVORY,59,150.20999999999998,26,19,1,2.54,2010-06-02 11:54:00,2011-01-11 13:16:00,2.269230769230769,0.0007622485730820381,99.7366561494513
85114b,IVORY ENCHANTED FOREST PLACEMAT,45,149.73000000000002,16,14,1,3.29,2009-12-22 15:07:00,2011-11-23 11:11:00,2.8125,0.0007598127877476439,99.73741596223906
84926C,FAIRY CAKES TILE COASTER,108,149.46,26,13,2,1.25,2009-12-07 17:56:00,2010-08-05 14:57:00,4.153846153846154,0.0007584426584970469,99.73817440489755
79192A,RETRO PLASTIC 70'S TRAY,111,148.89,32,24,1,1.25,2009-12-07 15:15:00,2011-02-02 17:06:00,3.46875,0.0007555501634124536,99.73892995506097
72801c,4 ROSE PINK DINNER CANDLES,60,148.75,35,22,1,2.46,2010-02-19 11:06:00,2011-11-30 15:33:00,1.7142857142857142,0.0007548397260232553,99.739684794787
71496A,A4 WALL TIDY BLUE OFFICE,244,148.01000000000002,17,16,3,1.46,2010-03-01 10:14:00,2011-11-02 14:31:00,14.352941176470589,0.000751084556966064,99.74043587934396
37379A,PINK CHERRY BLOSSOM CUP & SAUCER,40,147.94,15,11,1,11.02,2009-12-17 13:15:00,2011-01-19 15:20:00,2.6666666666666665,0.0007507293382714648,99.74118660868223
35980C,REDWHITE STRIPE SCANDINAVIAN HEART,377,147.64000000000001,29,18,1,0.38,2009-12-14 15:51:00,2010-10-13 10:46:00,13.0,0.0007492069724374684,99.74193581565467
90214J,"LETTER ""J"" BLING KEY RING",136,147.16,81,48,1,0.85,2009-12-10 14:13:00,2011-11-14 09:00:00,1.6790123456790123,0.0007467711871030739,99.74268258684178
84720,DOT MATRIX CANVAS ART PICTURE,35,147.05,3,2,1,3.95,2010-03-03 11:53:00,2010-03-25 11:28:00,11.666666666666666,0.0007462129862972753,99.74342879982808
84527,FLAMES SUNGLASSES PINK LENSES,77,146.10999999999999,22,18,1,1.95,2010-03-30 12:36:00,2011-11-25 11:20:00,3.5,0.0007414429066840861,99.74417024273477
90183A,AMBER DROP EARRINGS W LONG BEADS,49,144.0,28,23,2,2.95,2010-01-19 09:05:00,2011-12-02 16:39:00,1.75,0.0007307356003183111,99.74490097833508
90036B,"FLOWER GLASS GARLAND NECKL.36""GREEN",18,143.1,10,9,1,7.95,2010-01-18 16:47:00,2011-08-01 17:37:00,1.8,0.0007261685028163216,99.7456271468379
84622,PINK GINGHAM ROSE CUSHION COVER,21,140.7,8,4,2,5.95,2009-12-14 08:40:00,2010-02-01 12:10:00,2.625,0.0007139895761443496,99.74634113641405
47590b,PINK HAPPY BIRTHDAY BUNTING,13,140.5,10,8,1,10.79,2010-11-19 13:06:00,2011-11-13 11:50:00,1.3,0.000712974665588352,99.74705411107963
47369A,PINK GREEN EMBROIDERY COSMETIC BAG,48,140.4,25,17,2,2.95,2010-03-08 08:33:00,2011-12-01 16:22:00,1.92,0.0007124672103103533,99.74776657828994
84617,NEW BAROQUE BLACK BOXES,11,140.25,7,6,4,12.75,2009-12-07 15:42:00,2011-11-14 15:41:00,1.5714285714285714,0.000711706027393355,99.74847828431733
84874B,BLUE TRAVEL FIRST AID KIT,85,140.10999999999999,35,30,3,1.65,2010-01-19 15:39:00,2011-08-02 09:29:00,2.4285714285714284,0.0007109955900041565,99.74918927990733
78026,SEAGRASS S/3 SQU LAUNDRY BOX,12,139.95,2,2,1,19.975,2010-01-17 16:05:00,2010-09-03 17:24:00,6.0,0.0007101836615593584,99.74989946356888
79191D,RETRO PLASTIC DAISY TRAY,135,139.69,53,38,1,0.85,2009-12-07 15:15:00,2011-12-02 16:39:00,2.547169811320755,0.0007088642778365616,99.75060832784672
90199A,5 STRAND GLASS NECKLACE BLACK,22,139.5,16,14,1,6.35,2009-12-16 11:39:00,2011-11-03 11:29:00,1.375,0.0007079001128083638,99.75131622795953
35793,S/3 PUPPIES CHRISTMAS DECORATIONS,83,139.49,12,3,1,2.95,2009-12-07 11:40:00,2009-12-22 15:09:00,6.916666666666667,0.0007078493672805639,99.75202407732681
20987,GEISHA GIRL CHOPSTICKS SET/5,57,139.35,10,3,1,4.3,2009-12-07 17:56:00,2009-12-22 15:13:00,5.7,0.0007071389298913656,99.7527312162567
16202E,BLACK PHOTO ALBUM,70,139.32999999999998,13,10,1,1.95,2009-12-14 17:57:00,2011-04-17 13:43:00,5.384615384615385,0.0007070374388357657,99.75343825369553
90199D,5 STRAND GLASS NECKLACE AMBER,22,139.28,16,15,1,6.35,2009-12-17 16:58:00,2011-11-29 16:33:00,1.375,0.0007067837111967664,99.75414503740673
17108D,FLOWER FAIRY SUMMER BOUQUET SACHET,331,139.02,21,11,3,0.42,2009-12-10 12:21:00,2010-03-28 14:53:00,15.761904761904763,0.0007054643274739695,99.7548505017342
35816P,"ACRYLIC JEWEL ANGEL,PINK",297,137.43,9,8,3,1.25,2010-02-18 13:29:00,2011-08-16 13:12:00,33.0,0.0006973957885537881,99.75554789752275
90156,RESIN BRACELET W PASTEL BEADS,25,137.37,14,12,2,4.95,2010-01-11 09:37:00,2011-09-04 14:50:00,1.7857142857142858,0.0006970913153869888,99.75624498883813
84549,CROCHET WHITE RABBIT KEYRING,75,137.26999999999998,16,15,2,1.65,2009-12-08 17:44:00,2011-11-08 18:41:00,4.6875,0.0006965838601089899,99.75694157269824
84709A,SILVER OVAL JEWELLED MIRROR,23,136.85,13,12,1,5.95,2010-05-28 12:21:00,2010-10-26 16:47:00,1.7692307692307692,0.0006944525479413949,99.75763602524619
S,SAMPLES,3,136.85,3,3,1,33.05,2010-04-30 14:49:00,2011-10-26 12:20:00,1.0,0.0006944525479413949,99.75833047779413
35824P,"HANGING FLOWERS+MIRROR,PINK",324,136.44,3,3,1,0.38,2010-03-22 14:34:00,2010-04-23 11:12:00,108.0,0.0006923719813015997,99.75902284977543
90040C,MURANO STYLE GLASS BRACELET GOLD,38,136.25,20,17,1,3.73,2009-12-07 18:02:00,2011-12-04 12:32:00,1.9,0.000691407816273402,99.75971425759171
90151,SILVER/NATURAL SHELL NECKLACE,16,136.17000000000002,9,9,1,8.5,2009-12-08 15:49:00,2011-11-27 15:18:00,1.7777777777777777,0.0006910018520510029,99.76040525944376
90194,SILVER LARIAT BLACK STONE EARRINGS,32,135.84,21,18,2,4.25,2009-12-10 14:19:00,2011-10-19 15:08:00,1.5238095238095237,0.0006893272496336067,99.76109458669339
90038A,GLASS AND PAINTED BEADS BRACELET TO,36,135.8,22,21,1,3.75,2009-12-07 18:02:00,2011-11-24 09:26:00,1.6363636363636365,0.0006891242675224073,99.76178371096091
90177D,DROP DIAMANTE EARRINGS PURPLE,46,135.76000000000002,25,19,2,2.95,2009-12-10 18:43:00,2011-12-02 16:39:00,1.84,0.0006889212854112078,99.76247263224633
90016C,SILVER/BLACK PENDANT ORBIT NECKLACE,16,135.75,13,10,1,8.49,2010-01-11 09:30:00,2011-06-14 17:25:00,1.2307692307692308,0.0006888705398834078,99.76316150278622
17011D,ORIGAMI ROSE INCENSE+FLOWER,209,135.70000000000002,4,3,2,1.375,2009-12-15 18:33:00,2010-08-20 09:23:00,52.25,0.0006886168122444084,99.76385011959846
90202D,PINK ENAMEL FLOWER HAIR TIE,46,135.69000000000003,22,21,3,2.955,2009-12-15 18:33:00,2011-11-21 15:18:00,2.090909090909091,0.0006885660667166085,99.76453868566517
77079,DOLPHIN WINDMILL,64,135.68,12,11,1,2.12,2010-03-03 13:57:00,2011-06-12 12:01:00,5.333333333333333,0.0006885153211888086,99.76522720098636
90214M,"LETTER ""M"" BLING KEY RING",125,135.09,62,40,1,1.05,2009-12-09 15:03:00,2011-11-14 09:00:00,2.0161290322580645,0.0006855213350486155,99.7659127223214
90002A,FLOWER BURST SILVER RING OPAL,36,135.0,14,11,1,3.75,2009-12-07 12:32:00,2010-11-04 12:39:00,2.5714285714285716,0.0006850646252984165,99.7665977869467
16020C,CLEAR STATIONERY BOX SET,160,134.5,39,24,1,0.85,2009-12-07 13:24:00,2011-07-05 17:09:00,4.102564102564102,0.0006825273489084224,99.76728031429562
23579,SNACK TRAY I LOVE LONDON,60,134.44,17,4,3,1.95,2011-10-18 13:11:00,2011-12-04 13:32:00,3.5294117647058822,0.0006822228757416231,99.76796253717136
90085,CRYSTAL STILETTO PHONE CHARM,145,134.43,26,19,1,0.85,2009-12-07 18:02:00,2011-12-02 16:14:00,5.576923076923077,0.0006821721302138232,99.76864470930157
22879,NUMBER TILE VINTAGE FONT 0,82,134.4,21,19,1,4.13,2010-10-19 15:36:00,2011-10-04 16:37:00,3.9047619047619047,0.0006820198936304236,99.7693267291952
90090,PINK CRYSTAL HEART PHONE CHARM,153,134.22,19,12,1,0.85,2009-12-07 17:56:00,2010-11-25 13:32:00,8.052631578947368,0.0006811064741300257,99.77000783566933
35610B,BLACK CHRISTMAS FLOCK DROPLET,171,134.07,12,10,1,1.25,2009-12-10 18:27:00,2010-12-13 09:52:00,14.25,0.0006803452912130275,99.77068818096055
84555A,YELLOW VW BEETLE CERAMIC MONEY BOX,47,133.85000000000002,16,10,1,2.95,2010-02-02 15:49:00,2010-06-13 11:49:00,2.9375,0.0006792288896014301,99.77136740985014
46137D,GREEN CHENILLE SHAGGY RUG,45,132.75,4,4,1,2.95,2010-01-29 14:44:00,2010-03-19 13:51:00,11.25,0.0006736468815434429,99.77204105673168
90137,PINK COMBO MINI CRYSTALS NECKLACE,26,132.52,15,11,1,4.95,2009-12-10 16:21:00,2011-07-20 16:12:00,1.7333333333333334,0.0006724797344040457,99.77271353646609
90212B,JET BLACK LAS VEGAS BRACELET ROUND,35,132.27,26,21,2,3.81,2009-12-15 18:33:00,2011-05-06 15:54:00,1.3461538461538463,0.0006712110962090487,99.77338474756229
90214E,"LETTER ""E"" BLING KEY RING",117,132.03,64,41,2,1.25,2009-12-10 14:07:00,2011-11-14 09:00:00,1.828125,0.0006699932035418514,99.77405474076583
45013,FOLDING SHOE TIDY,48,132.0,8,7,2,2.95,2010-05-12 12:20:00,2011-10-23 14:40:00,6.0,0.0006698409669584518,99.7747245817328
84510c,SET OF 4 POLKADOT COASTERS,53,131.48,33,23,1,2.46,2010-06-08 15:24:00,2011-11-23 11:11:00,1.606060606060606,0.0006672021995128577,99.7753917839323
90210C,RED   ACRYLIC FACETED BANGLE,86,131.26000000000002,9,8,1,2.95,2010-02-09 13:08:00,2011-06-29 15:58:00,9.555555555555555,0.0006660857979012605,99.77605786973021
84661C,PINK SQUARE TABLE CLOCK,99,130.91,21,17,2,2.55,2009-12-10 09:49:00,2011-12-04 15:19:00,4.714285714285714,0.0006643097044282645,99.77672217943464
72740A,LARGE STRAWBERRY CHOCOLATE CANDLE,63,130.89,10,3,1,3.86,2009-12-07 11:29:00,2010-01-05 12:13:00,6.3,0.0006642082133726647,99.77738638764802
16119,FUNKY GIRL ADDRESS BOOK,273,130.71,8,3,2,1.25,2009-12-10 16:21:00,2009-12-22 14:15:00,34.125,0.0006632947938722669,99.77804968244189
23694,PAISLEY PARK CARD,299,130.69,32,3,1,0.42,2011-11-14 13:42:00,2011-12-02 16:39:00,9.34375,0.0006631933028166671,99.7787128757447
23575,SNACK TRAY PAISLEY PARK,61,129.85,15,2,2,1.95,2011-11-27 11:57:00,2011-12-04 13:32:00,4.066666666666666,0.000658930678481477,99.77937180642319
20899,VINTAGE NOTEBOOK RED ROSE,44,129.8,12,10,1,2.95,2009-12-09 12:18:00,2010-05-16 11:24:00,3.6666666666666665,0.0006586769508424776,99.78003048337403
85112,S/3 TEAR DROP CUT GLASS DECORATION,70,129.74,20,5,1,1.25,2009-12-07 13:24:00,2010-02-07 11:57:00,3.5,0.0006583724776756783,99.78068885585171
90190B,GOLD/AMBER DROP EARRINGS W LEAF,44,129.63000000000002,14,14,2,2.95,2009-12-08 14:36:00,2011-11-22 15:41:00,3.142857142857143,0.0006578142768698796,99.78134667012857
23576,SNACK TRAY RED VINTAGE DOILY,63,129.39,15,2,3,1.95,2011-11-27 12:13:00,2011-12-04 13:34:00,4.2,0.0006565963842026823,99.78200326651277
85160a,WHITE BIRD GARDEN DESIGN MUG,8,129.04,3,3,1,16.13,2010-03-05 14:52:00,2010-12-21 15:18:00,2.6666666666666665,0.0006548202907296865,99.78265808680351
90101,WHITE FRANGIPANI NECKLACE,51,128.68,28,25,2,2.54,2009-12-09 09:42:00,2011-11-21 15:18:00,1.8214285714285714,0.0006529934517288907,99.78331108025523
90181A,AMBER GLASS/SHELL/PEARL NECKLACE,14,128.64,14,12,2,9.15,2010-01-26 17:51:00,2011-11-30 15:13:00,1.0,0.0006527904696176911,99.78396387072485
72134,COLUMBIAN  CUBE CANDLE,335,128.33,28,23,2,0.85,2009-12-13 11:49:00,2011-10-30 13:37:00,11.964285714285714,0.0006512173582558949,99.7846150880831
90024D,NEW BAROQUE B'FLY NECKLACE PINK,15,127.5,13,12,2,8.5,2009-12-09 09:51:00,2011-09-29 15:13:00,1.1538461538461537,0.0006470054794485045,99.78526209356255
84782B,BLACK 3 TIER GLASS PLATE STAND,10,127.5,6,6,2,12.75,2009-12-15 12:00:00,2010-06-06 12:27:00,1.6666666666666667,0.0006470054794485045,99.785909099042
84925E,FLOWERS WALL THERMOMETER,74,127.49999999999999,2,2,1,2.125,2009-12-11 10:37:00,2010-01-12 15:57:00,37.0,0.0006470054794485044,99.78655610452145
90024E,NEW BAROQUE B'FLY NECKLACE MONTANA,15,127.3,10,9,1,8.5,2009-12-11 12:21:00,2011-03-29 15:20:00,1.5,0.0006459905688925069,99.78720209509035
90125A,PINK BERTIE GLASS BEAD BAG CHARM,122,127.27,15,13,1,1.66,2010-06-03 14:02:00,2011-07-13 16:07:00,8.133333333333333,0.0006458383323091072,99.78784793342265
85018C,S/6 PAPER BOXES CURIOUS IMAGES,36,127.2,4,4,1,4.25,2009-12-09 13:50:00,2010-11-24 13:16:00,9.0,0.0006454831136145081,99.78849341653627
90099,NECKLACE+BRACELET SET BLUE HIBISCUS,41,127.13999999999999,24,17,3,2.55,2009-12-07 13:35:00,2011-11-29 12:06:00,1.7083333333333333,0.0006451786404477087,99.78913859517672
16168S,FUNKY MONKEY GIFT BAG SMALL,1283,126.82999999999998,11,6,1,0.29,2009-12-10 11:55:00,2010-02-05 15:04:00,116.63636363636364,0.0006436055290859123,99.78978220070582
22888,NUMBER TILE VINTAGE FONT 9,78,126.69999999999999,22,19,1,4.13,2010-11-04 13:14:00,2011-11-24 14:06:00,3.5454545454545454,0.0006429458372245138,99.79042514654304
90040D,MURANO STYLE GLASS BRACELET PINK,35,126.67,21,16,2,3.81,2009-12-07 17:56:00,2010-09-14 12:06:00,1.6666666666666667,0.0006427936006411142,99.79106794014369
84367,LA STREGA CANVAS PICTURE,74,126.29999999999998,8,8,1,1.65,2009-12-09 09:34:00,2010-08-04 08:05:00,9.25,0.0006409160161125185,99.7917088561598
23417,BATHROOM HOOK,73,126.13,18,9,1,1.65,2011-09-07 15:52:00,2011-12-04 15:19:00,4.055555555555555,0.0006400533421399206,99.79234890950194
81950B,FLOWER BLUE CLOCK W/SUCKER,215,125.89,33,26,4,0.85,2009-12-16 09:17:00,2011-08-17 13:21:00,6.515151515151516,0.0006388354494727234,99.79298774495142
10080,GROOVY CACTUS INFLATABLE,311,125.88999999999999,25,19,1,0.39,2010-07-29 18:49:00,2011-11-21 17:04:00,12.44,0.0006388354494727233,99.7936265804009
90108,BLUE BLOSSOM HAIR CLIP,109,125.83000000000001,21,18,3,1.05,2010-01-15 15:47:00,2011-12-01 16:22:00,5.190476190476191,0.0006385309763059242,99.7942651113772
84614A,PINK BAROQUE FLOCK CANDLE HOLDER,17,124.83,10,10,2,5.95,2010-02-18 10:26:00,2010-12-03 15:45:00,1.7,0.0006334564235259359,99.79489856780073
35979,SIX STRING SCANDINAVIAN HEART DECS,35,124.62,14,5,1,2.95,2009-12-07 15:28:00,2010-04-09 14:58:00,2.5,0.0006323907674421383,99.79553095856816
90165B,WHITE ROSEBUD  PEARL EARRINGS,49,124.1,32,26,1,2.54,2009-12-09 09:51:00,2011-12-02 16:39:00,1.53125,0.0006297519999965445,99.79616071056816
90162C,ANT SILVER FUSCHIA BOUDICCA RING,42,123.90000000000002,16,16,2,2.95,2010-03-01 13:10:00,2011-10-30 16:17:00,2.625,0.0006287370894405469,99.7967894476576
17191A,ROSE FLOWER CANDLE+INCENSE 16X16CM,33,123.75,12,10,1,3.75,2009-12-09 14:48:00,2011-12-04 10:51:00,2.75,0.0006279759065235485,99.79741742356413
20816,GOLD FLOWER CUSHION COVER,24,123.6,7,6,2,6.75,2010-02-04 15:49:00,2011-04-28 19:53:00,3.4285714285714284,0.0006272147236065503,99.79804463828773
22850,BREAD BIN DINER STYLE BLACK,8,123.6,1,1,1,15.95,2010-10-17 12:34:00,2010-10-17 12:34:00,8.0,0.0006272147236065503,99.79867185301134
23477,WOODLAND LARGE BLUE FELT HEART,92,123.47,13,7,4,1.25,2011-10-20 12:07:00,2011-11-30 15:43:00,7.076923076923077,0.0006265550317451519,99.79929840804309
21228,"POCKET MIRROR ""GLAMOROUS""",97,122.57,31,24,1,1.25,2009-12-09 12:57:00,2011-03-09 13:56:00,3.129032258064516,0.0006219879342431624,99.79992039597732
85190,PINK FLOWER HANGING HEART,138,122.46,17,6,1,0.85,2009-12-14 17:57:00,2010-03-17 16:33:00,8.117647058823529,0.0006214297334373636,99.80054182571077
79308B,MOSAIC CANDLE DISH BLUE PURPLE,144,122.39999999999999,2,2,1,0.85,2010-06-02 14:48:00,2010-06-29 15:17:00,72.0,0.0006211252602705644,99.80116295097103
90205C,LARGE CRYSTAL DIAMANTE HAIRSLIDE,78,122.31,24,20,2,1.65,2009-12-09 09:42:00,2011-11-28 15:31:00,3.25,0.0006206685505203654,99.80178361952156
84251G,"GREETING CARD, OVERCROWDED POOL.",447,122.14,88,46,5,0.42,2010-01-14 17:43:00,2011-12-01 12:01:00,5.079545454545454,0.0006198058765477674,99.80240342539811
10120,DOGGY RUBBER,564,121.74,70,41,2,0.21,2009-12-08 15:49:00,2011-12-04 13:15:00,8.057142857142857,0.0006177760554357721,99.80302120145355
79532,MOSAIC GLASS BALL CANDLEHOLDER,97,121.25,18,13,1,1.25,2010-06-07 15:31:00,2010-10-05 13:12:00,5.388888888888889,0.0006152895245735778,99.80363649097812
90022,EDWARDIAN DROP EARRINGS JET BLACK,32,120.81,28,21,2,3.7800000000000002,2009-12-14 18:03:00,2011-11-15 16:57:00,1.1428571428571428,0.000613056721350383,99.80424954769947
44242B,PINK FEATHERS CURTAIN,108,120.28,8,8,2,1.25,2010-02-28 16:14:00,2011-09-26 16:59:00,13.5,0.0006103672083769892,99.80485991490785
90138,WHITE/PINK MINI CRYSTALS NECKLACE,23,120.24000000000001,16,16,1,5.455,2009-12-10 16:21:00,2011-11-03 15:56:00,1.4375,0.0006101642262657897,99.80547007913411
84886,BLUE METAL WALL SHELF,12,119.39999999999999,9,6,1,9.95,2010-01-28 13:27:00,2010-07-01 17:30:00,1.3333333333333333,0.0006059016019305995,99.80607598073604
47592B,SCOTTIES DESIGN CHILD'S OVERALL,61,119.3,25,12,2,2.1,2009-12-07 15:28:00,2010-07-21 10:42:00,2.44,0.0006053941466526007,99.80668137488269
84656,WHITE ROSE C/COVER,20,119.0,11,8,1,5.95,2010-01-25 11:53:00,2010-05-20 16:05:00,1.8181818181818181,0.0006038717808186043,99.80728524666351
90023,FILIGREE DIAMANTE EARRINGS,28,118.91,19,18,2,4.25,2009-12-07 18:02:00,2011-11-27 15:18:00,1.4736842105263157,0.0006034150710684053,99.80788866173458
82607E,GLASS BONBON JAR. D'AMANDES,95,118.75,24,13,1,1.25,2009-12-15 15:18:00,2010-10-31 16:26:00,3.9583333333333335,0.0006026031426236072,99.8084912648772
90060F,FIRE POLISHED GLASS NECKL GREEN,20,118.54,17,15,1,5.94,2009-12-16 17:58:00,2011-11-25 16:14:00,1.1764705882352942,0.0006015374865398096,99.80909280236375
90018C,SILVER BLACK ORBIT DROP EARRINGS,28,118.51,20,18,3,4.245,2009-12-14 17:16:00,2011-11-25 14:25:00,1.4,0.00060138524995641,99.8096941876137
90093,CLEAR CRYSTAL STAR PHONE CHARM,129,118.46,21,18,2,0.85,2009-12-14 18:37:00,2011-11-23 13:39:00,6.142857142857143,0.0006011315223174105,99.81029531913602
35607A,PINK FLUFFY CHRISTMAS DECORATION,554,118.43,31,20,4,0.19,2009-12-11 12:31:00,2011-01-18 17:34:00,17.870967741935484,0.000600979285734011,99.81089629842175
gift_0001_10,Dotcomgiftshop Gift Voucher Â£10.00,14,117.88,13,11,1,8.33,2009-12-18 17:06:00,2011-08-31 15:32:00,1.0769230769230769,0.0005981882817050174,99.81149448670345
72133,COLUMBIAN CANDLE RECTANGLE,107,117.71000000000001,30,24,1,1.25,2009-12-13 11:49:00,2011-12-02 13:58:00,3.566666666666667,0.0005973256077324194,99.81209181231118
84510E,SET OF 4 GREEN CAROUSEL COASTERS,145,117.14,27,23,1,2.46,2010-01-11 09:37:00,2011-12-04 15:19:00,5.37037037037037,0.0005944331126478261,99.81268624542383
90002C,FLOWER BURST SILVER RING MIDN'T BLU,31,116.88,18,12,2,3.75,2009-12-07 12:32:00,2010-08-18 16:21:00,1.7222222222222223,0.0005931137289250291,99.81327935915276
84858A,NATURAL RIVIERA HANDBAG,52,116.7,7,5,1,5.95,2010-03-03 14:42:00,2010-09-15 16:17:00,7.428571428571429,0.0005922003094246312,99.81387155946219
16206B,RED PURSE WITH PINK HEART,96,116.4,16,12,2,1.25,2010-01-31 16:02:00,2011-01-26 12:29:00,6.0,0.0005906779435906347,99.81446223740578
23496,PANTRY KITCHEN THERMOMETER,88,116.05,23,6,2,1.25,2011-10-30 11:55:00,2011-12-02 16:39:00,3.8260869565217392,0.0005889018501176388,99.8150511392559
84751B,BLACK MEDIUM GLASS CAKE STAND,38,115.86,19,15,1,3.75,2010-02-23 13:55:00,2011-04-08 10:20:00,2.0,0.0005879376850894411,99.81563907694098
35824C,"HANGING FLOWERS+MIRROR,CLEAR",234,115.56,7,5,2,0.38,2009-12-07 11:46:00,2010-04-08 16:49:00,33.42857142857143,0.0005864153192554446,99.81622549226024
20896,VINTAGE NOTEBOOK PINK FLOWER,39,115.05000000000001,14,11,2,2.95,2009-12-09 12:18:00,2010-08-18 16:21:00,2.7857142857142856,0.0005838272973376507,99.81680931955758
20848,ZINC HEART LATTICE CHARGER SMALL,39,115.05000000000001,12,12,1,2.95,2009-12-10 20:22:00,2011-11-06 14:45:00,3.25,0.0005838272973376507,99.81739314685491
84462,3 PINK HEN+CHICKS IN BASKET,100,114.86,14,11,2,1.25,2010-02-02 10:47:00,2011-04-14 15:26:00,7.142857142857143,0.0005828631323094528,99.81797600998722
90190A,SILVER/CRYSTAL DROP EARRINGS W LEAF,39,114.76,27,19,1,2.95,2009-12-16 11:39:00,2011-11-24 09:26:00,1.4444444444444444,0.000582355677031454,99.81855836566425
20698,LITTLE PINK MONSTER SOFT TOY,47,114.44999999999999,21,19,2,2.55,2010-01-17 13:29:00,2011-11-23 12:20:00,2.238095238095238,0.0005807825656696576,99.81913914822991
90049,IVORY GOLD METAL BAG CHARM,20,114.24,6,5,1,7.455,2010-05-23 12:46:00,2011-11-23 13:39:00,3.3333333333333335,0.0005797169095858601,99.81971886513949
20968,GREEN FLORAL FELTCRAFT SHOULDER BAG,24,113.86,12,3,1,3.75,2009-12-08 13:58:00,2010-01-12 09:47:00,2.0,0.0005777885795294645,99.82029665371903
90030A,SPOTTED WHITE NATURAL SEED NECKLACE,79,113.76,10,8,4,1.0,2009-12-09 09:51:00,2011-11-28 13:51:00,7.9,0.0005772811242514657,99.82087393484328
90174,BUTTERFLY HAIR BAND,45,113.61,28,25,2,2.54,2009-12-07 18:02:00,2011-11-30 15:13:00,1.6071428571428572,0.0005765199413344675,99.82145045478461
85132a,CHARLIE + LOLA BISCUITS TINS,9,113.42999999999999,9,6,1,8.29,2010-11-17 10:12:00,2011-05-10 15:09:00,1.0,0.0005756065218340695,99.82202606130645
84705B,FAIRY CAKES PHOTO FRAME,84,113.27,3,2,1,1.25,2009-12-08 12:30:00,2009-12-23 07:57:00,28.0,0.0005747945933892714,99.82260085589984
35933,PINK STOCKING CHRISTMAS DECORATION,271,113.14,27,17,4,0.38,2010-09-20 13:44:00,2011-11-06 12:26:00,10.037037037037036,0.000574134901527873,99.82317499080136
23305,SET 4 PICNIC CUTLERY BLUEBERRY,58,113.1,7,4,2,1.95,2011-10-23 15:27:00,2011-11-14 08:29:00,8.285714285714286,0.0005739319194166734,99.82374892272078
90179C,BLACK FINE BEAD NECKLACE W TASSEL,19,112.78,16,13,1,5.95,2010-06-15 16:17:00,2011-12-01 08:51:00,1.1875,0.0005723080625270772,99.82432123078331
84199,GLOW IN DARK DOLPHINS,514,112.67999999999999,63,37,5,0.21,2009-12-14 14:35:00,2011-12-01 12:53:00,8.158730158730158,0.0005718006072490784,99.82489303139056
84855,BLOKEY SILVER TOOL SET,22,112.60000000000001,7,6,1,4.95,2009-12-22 15:09:00,2010-07-11 10:49:00,3.142857142857143,0.0005713946430266793,99.82546442603359
21089,SET/6 GREEN SPRING PAPER CUPS,323,112.54,40,29,4,0.19,2010-01-15 15:05:00,2011-08-17 14:25:00,8.075,0.00057109016985988,99.82603551620345
84249A,"GREETING CARD,SQUARE, DOUGHNUTS",251,112.39,33,25,2,0.42,2010-02-04 16:16:00,2011-11-22 15:41:00,7.606060606060606,0.0005703289869428817,99.82660584519039
44236,PINK/PURPLE CIRCLE CURTAIN,64,112.32000000000001,12,10,1,4.65,2010-01-24 11:03:00,2011-08-21 16:24:00,5.333333333333333,0.0005699737682482826,99.82717581895864
23185,FRENCH STYLE STORAGE JAR JAM,308,112.24,29,20,2,0.29,2011-03-04 14:42:00,2011-11-24 16:59:00,10.620689655172415,0.0005695678040258835,99.82774538676266
71510,SQUARE METAL CANDLEHOLDER BASE,177,112.05,17,15,1,0.85,2009-12-17 16:38:00,2011-11-24 19:59:00,10.411764705882353,0.0005686036389976857,99.82831399040165
35916A,YELLOW FELT HANGING HEART W FLOWER,129,112.03999999999999,44,30,1,0.74,2009-12-07 17:56:00,2011-10-18 17:00:00,2.9318181818181817,0.0005685528934698859,99.82888254329512
71495B,CD WALL TIDY RED FLOWERS,294,111.57000000000001,18,17,3,0.42,2010-01-28 12:42:00,2011-11-24 12:33:00,16.333333333333332,0.0005661678536632914,99.82944871114879
35609A,PINK FEATHER CHRISTMAS DECORATION,438,111.42,21,14,4,0.19,2009-12-14 13:09:00,2010-12-10 14:59:00,20.857142857142858,0.0005654066707462931,99.83001411781953
84493,BLUE/PINK NEST STRIPE BOX,1142,111.11999999999999,5,5,2,2.55,2010-06-13 14:40:00,2010-09-27 16:30:00,228.4,0.0005638843049122965,99.83057800212444
82069,BEECH WOOD P/FRAME,17,109.85,11,10,1,5.91,2009-12-16 16:04:00,2010-10-18 09:28:00,1.5454545454545454,0.0005574396228817116,99.83113544174732
35966,FOLKART CHRISTMAS TREE T-LIGHT HOLD,254,109.64,25,17,1,0.38,2009-12-09 09:42:00,2011-08-24 10:45:00,10.16,0.0005563739667979141,99.83169181571412
23463,VINTAGE ZINC WATERING CAN,10,109.55,6,5,2,9.95,2011-10-16 12:28:00,2011-11-29 15:24:00,1.6666666666666667,0.0005559172570477151,99.83224773297117
35916B,BLUE FELT HANGING HEART WITH FLOWER,120,109.47,45,27,1,0.63,2009-12-07 17:56:00,2011-10-18 17:00:00,2.6666666666666665,0.000555511292825316,99.832803244264
84247H,PACK/12 DECOUPAGE CARD,42,109.13000000000001,20,15,1,2.95,2009-12-22 12:05:00,2010-06-17 11:26:00,2.1,0.0005537859448801201,99.83335703020887
90003E,GREEN PAIR HEART HAIR SLIDES,29,109.12,20,17,2,3.75,2009-12-16 17:36:00,2011-11-29 16:47:00,1.45,0.0005537351993523201,99.83391076540822
20667,CHERRY BLOSSOM PURSE,40,108.69,24,18,1,2.46,2009-12-17 15:41:00,2011-08-30 10:39:00,1.6666666666666667,0.0005515531416569252,99.83446231854988
90103,PURPLE FRANGIPANI NECKLACE,43,108.37,29,21,2,2.54,2009-12-22 09:45:00,2011-11-23 11:22:00,1.4827586206896552,0.000549929284767329,99.83501224783465
90104,PURPLE FRANGIPANI HAIRCLIP,129,108.11,49,27,3,0.83,2010-06-21 13:04:00,2011-04-18 13:49:00,2.63265306122449,0.000548609901044532,99.8355608577357
35015,JACOBS LADDER SMALL,1639,108.10000000000001,34,21,4,0.06,2009-12-15 15:27:00,2010-11-07 13:47:00,48.205882352941174,0.0005485591555167321,99.83610941689122
20827,GOLD APERITIF GLASS,125,107.60000000000001,7,6,1,2.12,2010-05-16 14:54:00,2011-04-21 12:34:00,17.857142857142858,0.0005460218791267379,99.83665543877035
84558a,3D DOG PICTURE PLAYING CARDS,18,107.3,16,10,1,5.91,2009-12-22 14:48:00,2011-03-22 16:55:00,1.125,0.0005444995132927415,99.83719993828365
90165A,PINK ROSEBUD PEARL EARRINGS,42,106.49,27,22,1,2.54,2009-12-07 18:02:00,2011-11-16 15:23:00,1.5555555555555556,0.000540389125540951,99.8377403274092
90071,RUBY GLASS CLUSTER EARRINGS,85,106.47,71,48,1,1.26,2009-12-10 09:49:00,2011-12-02 16:39:00,1.1971830985915493,0.0005402876344853512,99.83828061504367
90177C,DROP DIAMANTE EARRINGS CRYSTAL,36,106.13,23,19,2,2.95,2009-12-10 18:43:00,2011-11-25 14:25:00,1.565217391304348,0.0005385622865401552,99.83881917733021
22987,"WRAP , SUMMER ROSE DESIGN",252,105.84,11,11,1,0.42,2010-09-07 10:59:00,2011-10-10 16:36:00,22.90909090909091,0.0005370906662339586,99.83935626799644
84867A,PINK BABY GIRLS PHOTO ALBUM,16,105.82000000000001,4,3,3,6.95,2010-01-07 19:34:00,2010-03-09 10:18:00,4.0,0.0005369891751783588,99.83989325717161
90051,CRACKED GLAZE NECKLACE RED,15,105.72,11,10,1,6.95,2010-06-28 10:02:00,2011-10-09 15:24:00,1.3636363636363635,0.00053648171990036,99.84042973889152
72754B,F FAIRY POTPOURRI CUSHIONS LAVENDER,151,105.43,5,3,2,0.65,2009-12-10 15:33:00,2010-01-08 14:12:00,30.2,0.0005350100995941634,99.84096474899111
35610A,PINK CHRISTMAS FLOCK DROPLET,143,105.43,12,10,2,1.25,2009-12-07 17:56:00,2010-12-15 12:01:00,11.916666666666666,0.0005350100995941634,99.84149975909071
84458,S/3 RABBIT FLOWER/EGG/CARROT ROPE,124,105.39999999999999,20,7,2,0.85,2010-01-18 11:31:00,2010-03-21 15:50:00,6.2,0.0005348578630107638,99.84203461695373
17090D,VANILLA INCENSE 40 CONES IN TIN,88,105.2,28,25,1,1.25,2009-12-13 11:34:00,2011-07-11 11:38:00,3.142857142857143,0.0005338429524547661,99.84256845990618
90079,VINTAGE ENAMEL & CRYSTAL NECKLACE,21,104.77000000000001,13,13,1,4.95,2009-12-17 19:33:00,2011-10-09 15:24:00,1.6153846153846154,0.0005316608947593712,99.84310012080094
35910A,MULTICOLOUR EASTER RABBIT,53,103.35,13,13,2,1.95,2009-12-13 13:27:00,2011-03-28 14:07:00,4.076923076923077,0.0005244550298117878,99.84362457583076
23303,SET 4 PICNIC CUTLERY FONDANT,53,103.35,5,3,2,1.95,2011-10-26 13:22:00,2011-11-14 08:29:00,10.6,0.0005244550298117878,99.84414903086058
90118,PINK DAISY BAG CHARM,40,102.47,27,21,2,2.51,2010-06-16 16:04:00,2011-11-30 15:13:00,1.4814814814814814,0.0005199894233653981,99.84466902028394
84613A,PINK NEW BAROQUE FLOCK CANDLESTICK,22,102.30000000000001,10,10,3,4.65,2010-02-23 09:54:00,2011-02-02 17:06:00,2.2,0.0005191267493928002,99.84518814703334
35096B,RED VICTORIAN FABRIC HEART BOX,284,102.27000000000001,22,9,1,0.42,2009-12-07 17:56:00,2010-03-05 13:21:00,12.909090909090908,0.0005189745128094006,99.84570712154616
84765,SILVER ROCOCO CANDELABRA,6,101.97999999999999,5,4,1,12.75,2009-12-13 15:16:00,2010-03-16 13:44:00,1.2,0.0005175028925032038,99.84622462443866
21490,SET OF THREE 50'S GIFT WRAPS,33,101.95,13,5,1,4.3,2009-12-07 18:02:00,2010-09-20 11:24:00,2.5384615384615383,0.0005173506559198042,99.84674197509459
90059D,DIAMANTE HAIR GRIP PACK/2 PERIDOT,61,101.72,38,30,3,1.69,2009-12-15 13:21:00,2011-11-24 09:21:00,1.605263157894737,0.0005161835087804069,99.84725815860337
16248B,BLUE HOLE PUNCH,81,101.25,12,9,1,1.25,2010-09-20 12:54:00,2011-10-30 15:55:00,6.75,0.0005137984689738125,99.84777195707234
84921,CREAM AND PINK FLOWERS PONY,27,101.25,14,14,1,3.75,2009-12-13 13:31:00,2011-10-19 12:54:00,1.9285714285714286,0.0005137984689738125,99.84828575554131
21639,ASSORTED TUTTI FRUTTI KEYRING,119,101.14999999999999,7,2,1,0.85,2009-12-08 15:12:00,2010-03-03 13:57:00,17.0,0.0005132910136958136,99.848799046555
85050,FRENCH ENAMEL SOAP DISH WITH LID,48,100.80000000000001,1,1,1,2.1,2010-05-11 12:18:00,2010-05-11 12:18:00,48.0,0.0005115149202228178,99.84931056147522
72821,CUPID SCENTED CANDLE IN GLASS,61,100.64999999999999,14,11,1,1.65,2010-01-31 14:25:00,2011-02-10 16:17:00,4.357142857142857,0.0005107537373058194,99.84982131521252
72038P,PRICE'S CANDLE PEACH,850,100.5,8,8,1,0.21,2010-01-04 12:57:00,2010-08-27 12:18:00,106.25,0.0005099925543888212,99.85033130776691
84968d,SET OF 16 VINTAGE RED CUTLERY,4,100.37,4,4,1,24.96,2010-06-08 15:24:00,2011-10-04 10:14:00,1.0,0.0005093328625274228,99.85084064062943
75172,PAINTED SEA SHELL METAL WINDCHIME,97,100.31,11,10,1,0.79,2010-06-23 14:34:00,2011-07-04 16:35:00,8.818181818181818,0.0005090283893606234,99.85134966901879
35840,FLAT GLASS  BAUBLE WHITE FLOCK,44,100.22,10,3,1,1.7,2009-12-08 11:46:00,2009-12-23 11:51:00,4.4,0.0005085716796104246,99.8518582406984
78027,SEAGRASS S/2 CORNER LAUNDRY,6,100.15,5,5,1,15.95,2010-01-31 14:01:00,2010-09-03 17:24:00,1.2,0.0005082164609158253,99.85236645715932
84575A,PINK DOG CANNISTER,24,98.8,13,12,1,5.95,2010-02-21 15:47:00,2011-04-19 14:49:00,1.8461538461538463,0.0005013658146628411,99.85286782297398
84559D,3D SHEET OF SEA WORLD STICKERS,114,98.66,27,21,1,0.85,2009-12-09 09:51:00,2010-11-15 17:01:00,4.222222222222222,0.0005006553772736428,99.85336847835126
16161G,WRAP BAD HAIR DAY,975,97.5,33,28,4,0.1,2010-01-19 17:12:00,2011-11-24 11:19:00,29.545454545454547,0.0004947688960488565,99.8538632472473
23574,PACKING CHARGE,13,97.5,13,9,3,7.5,2011-07-06 13:04:00,2011-11-23 16:48:00,1.0,0.0004947688960488565,99.85435801614335
20697,LITTLE GREEN MONSTER SOFT TOY,40,96.6,21,17,1,2.55,2009-12-13 11:34:00,2011-11-23 12:20:00,1.9047619047619047,0.000490201798546867,99.85484821794189
84465,15 PINK FLUFFY CHICKS IN BOX,32,96.51,23,16,1,2.95,2010-02-03 17:04:00,2011-11-04 12:05:00,1.391304347826087,0.000489745088796668,99.85533796303069
90169,DAISY HAIR COMB,38,96.39,22,17,2,2.54,2009-12-09 09:51:00,2011-11-03 15:56:00,1.7272727272727273,0.0004891361424630695,99.85582709917315
85132b,CHARLIE AND LOLA TABLE TINS,10,95.83999999999999,10,7,1,8.29,2010-03-05 14:53:00,2011-06-21 16:36:00,1.0,0.0004863451384340758,99.8563134443116
84559a,3D SHEET OF DOG STICKERS,57,95.69999999999999,40,25,1,1.69,2010-02-01 11:20:00,2011-06-27 09:12:00,1.425,0.00048563470104487746,99.85679907901265
17084J,LOVE POTION MASALA INCENSE,454,95.34,19,18,2,0.21,2010-02-04 12:08:00,2011-09-13 14:53:00,23.894736842105264,0.00048380786204408173,99.85728288687469
90141A,GREEN PENDANT TRIPLE SHELL NECKLACE,18,95.05000000000001,16,15,2,5.4,2009-12-16 11:39:00,2011-11-30 15:13:00,1.125,0.00048233624173788523,99.85776522311642
72606A,BROWN ANTIQUE CUBE CANDLE,226,94.92,18,13,1,0.42,2010-01-11 13:24:00,2010-10-05 13:12:00,12.555555555555555,0.0004816765498764867,99.8582468996663
23626,SET 10 CARDS DINKY TREE 17076,38,94.62,14,8,1,2.49,2011-10-03 16:14:00,2011-12-02 16:39:00,2.7142857142857144,0.0004801541840424902,99.85872705385034
35594,WOODEN CHRISTMAS TREE 3 HANGING,151,94.62,36,24,1,0.42,2009-12-07 17:56:00,2010-10-29 15:00:00,4.194444444444445,0.0004801541840424902,99.85920720803439
23467,VINTAGE ZINC PLANTER,25,94.09,9,6,1,3.29,2011-10-17 10:10:00,2011-12-02 16:44:00,2.7777777777777777,0.00047746467106909643,99.85968467270546
72369A,PINK CLEAR GLASS CANDLE PLATE,61,93.78999999999999,13,12,1,1.25,2010-01-04 10:43:00,2011-11-28 13:37:00,4.6923076923076925,0.0004759423052350999,99.86016061501068
90026A,GLASS BEAD HOOP NECKLACE BLACK,11,93.47,9,9,2,8.5,2010-03-19 11:39:00,2011-06-13 14:16:00,1.2222222222222223,0.0004743184483455037,99.86063493345902
17084A,TRANQUILITY MASALA INCENSE,442,92.82,18,17,1,0.21,2010-02-04 12:08:00,2011-09-13 14:53:00,24.555555555555557,0.0004710199890385113,99.86110595344806
90139,FLOWER BROOCH 4 ASSORTED COLOURS,18,92.74000000000001,14,5,1,5.2,2009-12-07 17:56:00,2010-03-21 14:04:00,1.2857142857142858,0.0004706140248161122,99.86157656747288
35913B,WHITE/PINK CHICK EASTER DECORATION,100,92.39,21,18,2,0.85,2010-01-07 12:22:00,2011-11-06 12:25:00,4.761904761904762,0.00046883793134311634,99.86204540540422
90075,MONTANA DIAMOND CLUSTER NECKLACE,10,92.17999999999999,8,8,2,8.95,2010-03-07 15:34:00,2011-11-24 09:21:00,1.25,0.0004677722752593188,99.86251317767947
21343,GOLD JEWELERY BOX,20,92.00000000000001,3,3,1,3.95,2009-12-09 14:01:00,2010-02-11 15:02:00,6.666666666666667,0.00046685885575892104,99.86298003653523
23304,SET 4 PICNIC CUTLERY CHERRY,47,91.65,7,3,2,1.95,2011-10-30 11:25:00,2011-11-14 08:29:00,6.714285714285714,0.00046508276228592505,99.86344511929752
85185F,LION SOCK PUPPET,31,91.45000000000002,17,7,1,2.95,2009-12-09 10:46:00,2010-03-08 12:17:00,1.8235294117647058,0.00046406785172992745,99.86390918714925
90168,2 DAISIES HAIR COMB,31,91.30000000000001,19,17,3,2.96,2009-12-18 17:15:00,2011-11-29 16:47:00,1.631578947368421,0.0004633066688129292,99.86437249381807
90112,PINK DOLLY HAIR CLIPS,84,91.25,20,17,1,1.05,2009-12-07 11:05:00,2010-12-23 16:31:00,4.2,0.00046305294117392974,99.86483554675924
90163B,WHITE ROSEBUD & PEARL NECKLACE,12,90.97,8,8,1,7.57,2009-12-09 09:51:00,2011-10-31 14:41:00,1.5,0.000461632066395533,99.86529717882563
84437A,S/6 PINK EASTER DECS IN BOX,106,90.94999999999999,18,9,2,0.85,2010-01-11 09:37:00,2010-04-09 16:54:00,5.888888888888889,0.0004615305753399331,99.86575870940096
72753C,S/3 FLWR FAIRY ROSE CANDLES,35,90.88000000000001,5,3,2,2.1,2009-12-08 16:40:00,2010-01-20 12:35:00,7.0,0.00046117535664533417,99.86621988475761
85166A,WHITE METAL BAROQUE PHOTO FRAME,41,90.84,7,4,1,3.75,2009-12-07 15:26:00,2010-01-18 16:09:00,5.857142857142857,0.00046097237453413453,99.86668085713215
84539,KNITTED RABBIT DOLL,55,90.75,11,11,1,1.65,2009-12-07 15:28:00,2011-07-10 12:03:00,5.0,0.0004605156647839356,99.86714137279694
23151,ZINC SWEETHEART SOAP DISH,36,90.41000000000001,15,11,1,2.49,2011-05-05 13:14:00,2011-12-04 12:31:00,2.4,0.00045879031683873964,99.86760016311378
21266,VINTAGE SILVER TINSEL REEL,21,90.3,7,2,1,4.3,2009-12-08 15:49:00,2009-12-16 11:57:00,3.0,0.00045823211603294084,99.86805839522981
23611,SET 10 CARDS RED RIDING HOOD 17214,36,89.64,14,11,1,2.49,2011-09-12 15:40:00,2011-11-30 15:13:00,2.5714285714285716,0.0004548829111981486,99.86851327814101
17013C,ORIGAMI LAVENDER INCENSE IN TUBE,213,89.46000000000001,2,2,1,0.42,2009-12-16 12:39:00,2010-03-03 11:53:00,106.5,0.0004539694916977507,99.86896724763271
90214R,"LETTER ""R"" BLING KEY RING",77,88.71,47,37,1,0.85,2009-12-07 13:59:00,2011-09-29 15:13:00,1.6382978723404256,0.0004501635771127595,99.86941741120982
90162A,ANT SILVER TURQUOISE BOUDICCA RING,30,88.5,11,8,3,2.95,2010-01-24 12:15:00,2011-11-07 11:57:00,2.727272727272727,0.000449097921028962,99.86986650913086
35638A,PINK AND BLACK STRING CURTAIN,39,88.04999999999998,6,6,1,3.95,2010-01-25 14:01:00,2011-11-20 14:01:00,6.5,0.00044681437227796716,99.87031332350314
71495A,CD WALL TIDY BLUE OFFICE,225,87.96000000000001,20,17,1,0.83,2010-02-09 16:18:00,2011-11-24 12:33:00,11.25,0.0004463576625277683,99.87075968116567
71406C,BLACK ORANGE SQUEEZER,206,87.8,33,28,3,0.42,2009-12-14 18:37:00,2011-11-29 17:52:00,6.242424242424242,0.0004455457340829702,99.87120522689975
84288B,SET/2 BLUE  NOODLE BASKETS,45,87.75,21,13,1,1.95,2009-12-17 11:38:00,2010-06-23 17:16:00,2.142857142857143,0.00044529200644397076,99.8716505189062
84679,CLASSICAL ROSE TABLE LAMP,10,87.5,3,3,1,5.95,2010-03-02 12:24:00,2011-06-21 11:47:00,3.3333333333333335,0.00044402336824897373,99.87209454227444
84891B,GREEN WIRE GOBLET CANDLEHOLDER,11,87.45,6,5,1,7.95,2010-05-30 13:02:00,2010-11-18 14:25:00,1.8333333333333333,0.0004437696406099743,99.87253831191505
35822B,"ACRYLIC BEAD CHAIN, BLUE",229,87.02,1,1,1,0.38,2010-01-27 12:39:00,2010-01-27 12:39:00,229.0,0.00044158758291457936,99.87297989949796
20835,FRENCH LATTICE CUSHION COVER,80,87.02,10,9,2,0.83,2010-03-03 16:37:00,2011-11-10 15:23:00,8.0,0.00044158758291457936,99.87342148708088
84424A,FOUR PICTURE WHITE GLASS FRAME,23,86.25,10,8,1,3.75,2010-06-09 11:28:00,2010-10-24 15:51:00,2.3,0.0004376801772739884,99.87385916725815
84753A,PINK EAU DE COLOGNE BOTTLE,90,86.22,22,6,1,0.85,2009-12-10 17:27:00,2010-02-19 12:34:00,4.090909090909091,0.00043752794069058874,99.87429669519884
20861,GOLD COSMETIC BAG PINK STAR,41,86.10000000000001,15,11,2,2.1,2009-12-07 15:42:00,2010-12-10 11:24:00,2.7333333333333334,0.00043691899435699015,99.87473361419319
90214G,"LETTER ""G"" BLING KEY RING",75,85.92999999999999,45,33,1,0.85,2009-12-13 13:03:00,2011-11-14 09:00:00,1.6666666666666667,0.0004360563203843921,99.87516967051357
90202C,GREEN ENAMEL FLOWER HAIR TIE,29,85.66,23,21,2,2.96,2009-12-09 09:51:00,2011-11-30 15:13:00,1.2608695652173914,0.0004346861911337953,99.8756043567047
90162D,ANT SILVER PURPLE BOUDICCA RING,29,85.55000000000001,14,11,1,2.95,2010-01-24 12:15:00,2011-10-30 16:17:00,2.0714285714285716,0.00043412799032799666,99.87603848469503
84454,WOBBLING METAL CHICKEN EASTER,93,85.53,18,9,2,0.85,2009-12-07 11:46:00,2010-04-09 16:54:00,5.166666666666667,0.0004340264992723968,99.87647251119431
21118,SHOPPING BAG DOORSTOP,54,85.5,6,4,1,1.25,2009-12-09 15:26:00,2010-01-11 15:33:00,9.0,0.0004338742626889972,99.87690638545699
85099c,JUMBO  BAG BAROQUE BLACK WHITE,17,85.17,10,3,1,5.06,2010-06-24 11:31:00,2010-07-26 11:01:00,1.7,0.00043219966027160104,99.87733858511726
90202A,PURPLE ENAMEL FLOWER HAIR TIE,29,85.10000000000001,21,18,2,2.95,2010-02-10 13:43:00,2011-11-21 15:18:00,1.380952380952381,0.0004318444415770019,99.87777042955884
90026D,GLASS BEAD HOOP NECKLACE AMETHYST,10,85.0,8,8,1,8.5,2010-06-07 13:02:00,2011-11-18 13:25:00,1.25,0.000431336986299003,99.87820176654513
35838B,S/6 SILVER ORNAMENETAL CANDLE,100,85.0,23,10,1,0.85,2009-12-09 14:30:00,2010-09-28 11:35:00,4.3478260869565215,0.000431336986299003,99.87863310353143
90024C,NEW BAROQUE B'FLY NECKLACE GREEN,10,84.98,9,9,1,8.5,2010-01-11 09:30:00,2011-07-25 17:00:00,1.1111111111111112,0.0004312354952434033,99.87906433902667
17027A,INCENSE BAZAAR CANNABIS,228,84.84,2,2,1,0.355,2010-02-04 13:47:00,2010-03-10 11:21:00,114.0,0.0004305250578542049,99.87949486408452
84251B,"GREETING CARD, STICKY GORDON",319,84.84,61,30,3,0.42,2010-03-08 12:08:00,2011-09-25 16:05:00,5.229508196721311,0.0004305250578542049,99.87992538914237
16051,TEATIME PENCIL W STAMP ASST,941,84.69,4,4,3,0.42,2009-12-10 15:45:00,2010-06-09 13:08:00,235.25,0.00042976387493720667,99.8803551530173
81952B,ROUND BLUE CLOCK W/SUCKER,254,84.56,20,12,2,0.745,2010-01-11 14:39:00,2011-07-26 13:03:00,12.7,0.0004291041830758082,99.88078425720038
84450B,PINK/YELLOW RABBIT SAT EASTER,139,84.55,35,12,3,0.81,2009-12-10 09:49:00,2010-04-01 15:04:00,3.9714285714285715,0.0004290534375480083,99.88121331063792
72754A,FLOWER FAIRY POTPOURRI CUSHION LILY,112,84.24000000000001,4,3,1,1.17,2009-12-10 14:44:00,2010-02-24 10:18:00,28.0,0.00042748032618621193,99.8816407909641
84705D,CHERRY BLOSSOM PHOTO FRAME,19,83.95,13,10,1,4.21,2010-03-31 12:52:00,2010-07-12 10:54:00,1.4615384615384615,0.0004260087058800153,99.88206679966999
47598,NEW ENGLAND EGG WARMER,133,83.37,28,16,2,0.55,2009-12-07 15:42:00,2010-06-25 15:13:00,4.75,0.00042306546526762215,99.88248986513526
90059E,DIAMANTE HAIR GRIP PACK/2 RUBY,50,83.36,31,27,3,1.69,2009-12-09 09:42:00,2011-11-17 15:17:00,1.6129032258064515,0.00042301471973982225,99.882912879855
22016,Dotcomgiftshop Gift Voucher Â£100.00,1,83.33,1,1,1,83.33,2011-08-02 16:11:00,2011-08-02 16:11:00,1.0,0.0004228624831564226,99.88333574233816
90039C,FIRE POLISHED GLASS BRACELET BLACK,22,82.92,11,10,1,3.75,2009-12-10 09:49:00,2011-11-21 15:18:00,2.0,0.0004207819165166274,99.88375652425468
90176D,DIAMANTE NECKLACE PURPLE,11,82.81,7,7,1,7.5,2009-12-15 18:33:00,2011-11-03 11:29:00,1.5714285714285714,0.0004202237157108287,99.88417674797039
84562B,BLUE/WHITE RIBBED MELAMINE JUG,7,82.74000000000001,5,4,1,7.95,2009-12-09 15:20:00,2010-01-22 10:01:00,1.4,0.00041986849701622955,99.8845966164674
90177E,DROP DIAMANTE EARRINGS GREEN,28,82.71000000000001,22,20,2,2.96,2009-12-10 18:43:00,2011-11-21 15:18:00,1.2727272727272727,0.00041971626043282986,99.88501633272784
90177B,DROP DIAMANTE EARRINGS BLACK DIAMON,28,82.68,17,16,1,2.96,2009-12-10 18:43:00,2011-06-13 14:16:00,1.6470588235294117,0.0004195640238494302,99.88543589675169
90189A,SILVER 2 STRAND NECKLACE-LEAF CHARM,11,82.64,8,8,1,7.5,2010-01-18 13:24:00,2011-11-18 13:25:00,1.375,0.0004193610417382307,99.88585525779342
90130A,WHITE STONE/CRYSTAL EARRINGS,28,82.51,16,14,1,2.95,2009-12-18 17:15:00,2011-11-25 16:14:00,1.75,0.0004187013498768322,99.8862739591433
90069,RUBY GLASS CLUSTER NECKLACE,11,82.5,5,5,1,7.5,2009-12-10 19:35:00,2011-11-03 11:29:00,2.2,0.00041865060434903236,99.88669260974764
90150,BLUE SHELL+SILVER NECKLACE,11,82.5,7,6,1,7.5,2010-01-28 13:23:00,2010-09-24 12:43:00,1.5714285714285714,0.00041865060434903236,99.88711126035199
21699,SET 5 MINI CHOCOLATE FRIDGE MAGNETS,108,82.44,3,3,2,1.69,2009-12-15 10:02:00,2010-02-15 11:57:00,36.0,0.00041834613118223304,99.88752960648317
35610C,WHITE CHRISTMAS FLOCK DROPLET,94,81.56,8,8,1,1.25,2009-12-10 09:49:00,2010-12-13 09:52:00,11.75,0.00041388052473584336,99.8879434870079
90214D,"LETTER ""D"" BLING KEY RING",74,81.36,46,37,1,0.85,2010-01-12 17:15:00,2011-11-14 09:00:00,1.608695652173913,0.0004128656141798457,99.88835635262208
37462B,"PET MUG, BUDGIE",163,81.26,28,20,1,0.84,2009-12-08 15:49:00,2010-10-12 15:20:00,5.821428571428571,0.00041235815890184696,99.88876871078098
84596I,WRAP SWEETS LIGHT PINK SMALL BOWL,72,80.62,10,6,1,1.25,2010-02-19 18:04:00,2010-04-11 13:01:00,7.2,0.0004091104451226544,99.8891778212261
17011E,ORIGAMI OPIUM SCENT INCENSE+FLOWER,124,80.60000000000001,1,1,1,0.65,2009-12-16 12:39:00,2009-12-16 12:39:00,124.0,0.0004090089540670547,99.88958683018016
DCGS0069,OOH LA LA DOGS COLLAR,5,80.31,5,5,1,16.13,2010-03-15 09:28:00,2011-01-28 14:25:00,1.0,0.00040753733376085806,99.88999436751392
21489,BLUE WHITE SCARF HOT WATER BOTTLE,12,80.30000000000001,5,3,1,8.65,2009-12-07 17:56:00,2010-02-17 16:00:00,2.4,0.0004074865882330582,99.89040185410215
35265,COLOURFUL FLOWER FRUIT BOWL,21,80.0,16,13,1,1.95,2010-05-25 16:48:00,2011-10-02 15:49:00,1.3125,0.00040596422239906166,99.89080781832455
90125B,AQUA BERTIE GLASS BEAD BAG CHARM,44,79.57,17,11,2,2.1,2009-12-08 13:27:00,2011-12-02 16:14:00,2.588235294117647,0.00040378216470366666,99.89121160048926
90067A,PINK VINTAGE VICTORIAN EARRINGS,27,79.54,15,13,1,2.95,2010-01-14 09:41:00,2011-11-15 10:56:00,1.8,0.00040362992812026713,99.89161523041737
90089,PINK CRYSTAL SKULL PHONE CHARM,79,79.22999999999999,23,21,1,1.63,2009-12-08 15:49:00,2011-11-29 16:47:00,3.4347826086956523,0.00040205681675847067,99.89201728723413
90064A,WHITE VINTAGE CRYSTAL EARRINGS,20,79.14,12,12,1,4.15,2010-01-13 17:44:00,2011-11-17 15:17:00,1.6666666666666667,0.00040160010700827177,99.89241888734114
84251F,"GREETING CARD, RITA",326,79.11,47,27,2,0.19,2009-12-07 18:02:00,2010-09-20 15:32:00,6.9361702127659575,0.00040144787042487213,99.89282033521157
90183B,AMETHYST DROP EARRINGS W LONG BEADS,27,79.03,23,20,1,2.9,2009-12-22 14:31:00,2011-12-02 16:39:00,1.173913043478261,0.00040104190620247307,99.89322137711777
90039B,FIRE POLISHED GLASS BRACELET MONTAN,21,78.99,11,10,2,3.75,2010-01-12 09:48:00,2011-07-27 15:16:00,1.9090909090909092,0.0004008389240912735,99.89362221604186
90064B,BLACK VINTAGE  CRYSTAL EARRINGS,21,78.75,12,12,1,3.75,2009-12-17 19:33:00,2011-10-12 11:41:00,1.75,0.00039962103142407636,99.89402183707328
90059F,DIAMANTE HAIR GRIP PACK/2 LT ROSE,47,78.22,26,24,3,1.65,2009-12-16 17:58:00,2011-12-01 16:22:00,1.8076923076923077,0.00039693151845068256,99.89441876859173
84455,SET OF 3 RABBIT CARROTS EASTER,85,77.96,20,12,2,0.85,2010-01-11 09:35:00,2010-04-09 16:54:00,4.25,0.0003956121347278856,99.89481438072646
72783,BLACK SIL'T SQU CANDLE PLATE,37,77.7,7,6,3,2.1,2010-04-08 11:49:00,2011-11-06 16:07:00,5.285714285714286,0.00039429275100508866,99.89520867347747
84548,CROCHET BEAR RED/BLUE  KEYRING,47,77.55,12,12,2,1.65,2009-12-07 15:15:00,2011-07-08 16:26:00,3.9166666666666665,0.00039353156808809043,99.89560220504556
84705C,PINK FLOCK PHOTO FRAME,42,77.33,7,7,1,4.65,2009-12-09 14:25:00,2011-05-03 13:52:00,6.0,0.000392415166476493,99.89599462021204
90176C,DIAMANTE NECKLACE,10,77.0,6,6,1,7.5,2009-12-14 18:37:00,2011-08-22 14:13:00,1.6666666666666667,0.00039074056405909684,99.8963853607761
20887,BOX OF 6 PEBBLE CANDLES,11,76.92,4,2,1,5.615,2009-12-07 15:26:00,2009-12-22 15:04:00,2.75,0.0003903345998366978,99.89677569537594
84251C,"GREETING CARD, TWO SISTERS.",247,76.68,53,24,3,0.42,2009-12-14 13:19:00,2011-08-04 16:32:00,4.660377358490566,0.00038911670716950064,99.8971648120831
90100,NECKLACE+BRACELET SET PINK DAISY,30,76.5,12,10,1,2.55,2009-12-07 13:35:00,2011-02-24 11:54:00,2.5,0.00038820328766910273,99.89755301537078
90020,FILIGREE DIAMANTE CHAIN,6,76.23,4,4,2,12.75,2009-12-17 15:26:00,2011-08-30 10:47:00,1.5,0.0003868331584185059,99.89793984852919
90125C,TURQUOISE BERTIE GLASS BEAD CHARM,80,76.14999999999999,9,8,1,1.63,2009-12-20 14:40:00,2011-05-26 14:09:00,8.88888888888889,0.0003864271941961068,99.89832627572339
90012B,BLACK DROP CRYSTAL NECKLACE,16,75.95,5,5,1,9.95,2010-01-29 17:55:00,2011-11-13 11:46:00,3.2,0.0003854122836401092,99.89871168800703
35271S,GOLD PRINT PAPER BAG,396,75.89,19,12,1,0.19,2009-12-13 15:38:00,2010-12-02 13:49:00,20.842105263157894,0.00038510781047330987,99.8990967958175
35815P,"ACRYLIC JEWEL SNOWFLAKE, PINK",168,75.88000000000001,7,6,2,0.38,2010-10-18 16:52:00,2011-09-26 10:57:00,24.0,0.00038505706494551,99.89948185288245
84388,WISE MAN STAR SHAPE EGG PAN,62,75.83999999999999,19,10,1,1.65,2009-12-07 15:15:00,2011-04-19 15:02:00,3.263157894736842,0.00038485408283431044,99.89986670696528
90038B,GLASS AND PAINTED BEADS BRACELET OL,20,75.46,12,9,1,3.7800000000000002,2009-12-14 17:16:00,2011-11-16 15:23:00,1.6666666666666667,0.00038292575277791487,99.90024963271806
90002B,FLOWER BURST SILVER RING ROSE,20,75.24,10,8,2,3.75,2009-12-07 12:32:00,2010-10-25 16:57:00,2.0,0.0003818093511663175,99.90063144206923
62043B,BLUE CHECK BAG W HANDLE 34X20CM,54,75.15999999999998,10,8,1,1.24,2010-04-30 15:39:00,2011-05-19 10:20:00,5.4,0.00038140338694391836,99.90101284545617
16161E,WRAP BOUDOIR,750,75.0,9,6,1,0.1,2009-12-07 13:48:00,2010-02-22 17:10:00,83.33333333333333,0.0003805914584991203,99.90139343691466
37399,"ASS RETROSPOOF MUGS,SPORTS",143,75.0,6,3,1,1.25,2009-12-13 15:55:00,2009-12-22 12:01:00,23.833333333333332,0.0003805914584991203,99.90177402837315
72802a,ROSE SCENT CANDLE IN JEWELLED BOX,9,74.97,4,3,1,8.379999999999999,2010-06-08 15:24:00,2011-07-08 13:54:00,2.25,0.00038043922191572066,99.90215446759507
72807a,SET/3 ROSE CANDLE IN JEWELLED BOX,9,74.78999999999999,6,5,1,8.29,2010-03-29 14:56:00,2011-11-25 15:23:00,1.5,0.00037952580241532274,99.90253399339748
84757,ENCHANTED GARDEN WROUGHT IRON TABLE,5,74.75,4,3,1,14.95,2010-05-16 15:33:00,2010-06-06 15:07:00,1.25,0.00037932282030412326,99.90291331621779
90206A,GOLD DIAMANTE STAR BROOCH,15,74.62,11,10,1,4.95,2009-12-17 13:07:00,2011-11-27 15:18:00,1.3636363636363635,0.0003786631284427248,99.90329197934624
90141C,TURQ PENDANT TRIPLE SHELL NECKLACE,14,73.79,12,11,2,5.4,2010-04-08 14:47:00,2011-11-22 15:43:00,1.1666666666666667,0.0003744512496353346,99.90366643059588
21337,SILVER WASHBAG,25,73.75000000000001,9,7,1,2.95,2009-12-08 12:33:00,2010-11-30 12:29:00,2.7777777777777777,0.00037424826752413505,99.9040406788634
20660,VIP LUGGAGE TAG,59,73.75,20,11,2,1.25,2009-12-09 11:58:00,2010-08-01 12:02:00,2.95,0.000374248267524135,99.90441492713092
79331,PINK FLOCK GLASS CANDLEHOLDER,60,73.6,9,8,1,1.65,2010-02-10 13:32:00,2011-04-07 12:04:00,6.666666666666667,0.0003734870846071367,99.90478841421552
15030,FAN BLACK FRAME,252,73.08,25,23,1,0.29,2009-12-13 14:38:00,2011-11-10 12:01:00,10.08,0.00037084831716154286,99.90515926253268
79026B,"S/4 ICON COASTER,ELVIS LIVES",61,72.64999999999999,31,18,1,1.25,2009-12-07 17:56:00,2011-05-18 14:50:00,1.967741935483871,0.0003686662594661478,99.90552792879214
16151A,FLOWERS HANDBAG blue and orange,52,72.5,5,4,1,1.25,2010-04-30 15:39:00,2011-05-25 10:02:00,10.4,0.00036790507654914964,99.90589583386868
84447,6 RABBIT CHAIN EASTER,69,72.42,19,7,3,1.66,2010-01-27 16:41:00,2010-03-23 12:11:00,3.6315789473684212,0.0003674991123267506,99.90626333298101
23578,SNACK TRAY RED GINGHAM,36,72.38,8,2,3,1.95,2011-11-27 11:18:00,2011-12-02 13:20:00,4.5,0.00036729613021555104,99.90663062911123
84746,PINK EASTER HENS+FLOWER,23,72.06,16,11,1,3.105,2009-12-07 13:35:00,2011-07-20 16:12:00,1.4375,0.0003656722733259548,99.90699630138457
90031,BILI NUT AND WOOD NECKLACE,52,71.9,9,9,4,1.0,2009-12-15 18:33:00,2011-11-25 10:20:00,5.777777777777778,0.00036486034488115673,99.90736116172945
90038C,GLASS AND BEADS BRACELET IVORY,19,71.46000000000001,9,9,1,3.75,2009-12-18 17:15:00,2011-09-02 16:39:00,2.111111111111111,0.0003626275416579619,99.90772378927112
35937,CERISE+GOLD CHRISTMAS STOCKING DEC,188,71.44,17,10,2,0.38,2009-12-15 17:25:00,2010-10-18 17:11:00,11.058823529411764,0.0003625260506023621,99.90808631532173
17007B,S/3 POT POURI CUSHIONS BLUE COLOURS,34,71.4,6,6,1,2.1,2009-12-14 12:24:00,2011-06-08 14:35:00,5.666666666666667,0.00036232306849116256,99.90844863839021
37509,NEW ENGLAND MUG W GIFT BOX,28,71.39999999999999,14,12,1,2.55,2010-03-22 14:30:00,2010-12-06 11:01:00,2.0,0.0003623230684911625,99.9088109614587
84415A,PINK FLOCK SUEDE CUSHION COVER,27,71.25,6,6,2,3.75,2009-12-08 11:52:00,2011-06-24 12:14:00,4.5,0.0003615618855741643,99.90917252334427
84030C,KNITTED RAINBOW HOT WATER BOTTLE,19,71.25,4,3,1,3.75,2009-12-07 11:39:00,2010-03-05 11:50:00,4.75,0.0003615618855741643,99.90953408522984
16256C,HEARTS PENCIL/RUBBER+5 MINI PENCILS,169,70.98,10,10,1,0.42,2009-12-13 15:17:00,2010-05-23 13:16:00,16.9,0.00036019175632356746,99.90989427698617
84803B,WHITE ALLIUM  ARTIFICIAL FLOWER,42,70.98,11,10,2,1.69,2010-02-04 16:16:00,2011-08-10 13:41:00,3.8181818181818183,0.00036019175632356746,99.9102544687425
72779,SET/6 BLACK ROSE T-LIGHT CANDLES,42,70.98,14,11,1,1.69,2009-12-14 14:35:00,2010-05-05 12:42:00,3.0,0.00036019175632356746,99.91061466049882
84593,CROCHET ROSE DES CLOTHES HANGER,24,70.8,6,6,1,2.95,2010-04-07 11:20:00,2011-03-07 17:30:00,4.0,0.0003592783368231696,99.91097393883564
20958,PORCELAIN HANGING BELL LARGE,38,70.5,10,10,1,1.95,2010-03-26 14:16:00,2010-11-29 09:46:00,3.8,0.0003577559709891731,99.91133169480663
90214H,"LETTER ""H"" BLING KEY RING",67,70.19,49,34,1,0.85,2009-12-09 15:03:00,2011-11-18 15:59:00,1.3673469387755102,0.00035618285962737674,99.91168787766627
90050,CRACKED GLAZE NECKLACE IVORY,10,70.16,6,6,1,7.01,2010-01-26 17:48:00,2011-11-09 11:10:00,1.6666666666666667,0.0003560306230439771,99.9120439082893
90214N,"LETTER ""N"" BLING KEY RING",62,69.72,38,35,1,0.85,2009-12-07 15:15:00,2011-11-30 14:00:00,1.631578947368421,0.00035379781982078227,99.91239770610913
gift_0001_80,Dotcomgiftshop Gift Voucher Â£80.00,1,69.56,1,1,1,69.56,2009-12-14 17:57:00,2009-12-14 17:57:00,1.0,0.00035298589137598414,99.91275069200051
23464,VINTAGE ZINC WATERING CAN SMALL,13,69.4,6,4,1,4.95,2011-10-16 12:28:00,2011-11-28 14:06:00,2.1666666666666665,0.00035217396293118607,99.91310286596345
90214B,"LETTER ""B"" BLING KEY RING",63,68.85,39,30,1,0.85,2009-12-09 15:03:00,2011-09-21 15:34:00,1.6153846153846154,0.00034938295890219243,99.91345224892235
72140F,HAPPY ANNIVERSARY CANDLE LETTERS,174,68.76,13,11,7,0.42,2010-03-26 14:16:00,2010-11-24 14:39:00,13.384615384615385,0.0003489262491519936,99.9138011751715
90037B,TINY CRYSTAL BRACELET GREEN,27,68.69,9,9,3,2.55,2010-03-16 11:08:00,2011-08-04 16:38:00,3.0,0.0003485710304573943,99.91414974620196
21595,Dad's Cab Electronic Meter,8,68.30000000000001,8,5,1,8.47,2009-12-09 09:42:00,2010-12-07 15:28:00,1.0,0.00034659195487319895,99.91449633815684
71215,METAL BASE FOR CANDLES,177,68.1,12,11,1,0.42,2009-12-09 10:41:00,2011-05-26 16:30:00,14.75,0.0003455770443172012,99.91484191520115
84857A,SILVER MONTE CARLO HANDBAG,8,68.0,3,2,1,8.5,2010-02-03 12:21:00,2010-05-21 11:33:00,2.6666666666666665,0.00034506958903920244,99.9151869847902
90140,PINK SWEETIE NECKLACE,9,67.9,7,7,1,7.5,2009-12-13 12:31:00,2011-08-30 12:49:00,1.2857142857142858,0.00034456213376120364,99.91553154692396
84086B,YELLOW/BLUE RETRO RADIO,23,67.85000000000001,11,10,1,2.95,2010-05-16 16:05:00,2011-11-20 12:34:00,2.090909090909091,0.0003443084061222042,99.91587585533009
47420,ASSORTED COLOUR SUCTION CUP HOOK,357,67.83000000000001,30,26,1,0.19,2010-02-07 14:58:00,2011-12-04 15:00:00,11.9,0.00034420691506660447,99.91622006224516
90026C,GLASS BEAD HOOP NECKLACE GREEN,8,67.82,6,6,1,8.5,2009-12-10 19:35:00,2011-11-09 11:10:00,1.3333333333333333,0.00034415616953880447,99.91656421841469
90026B,GLASS BEAD HOOP NECKLACE MONTANA,8,67.82,7,7,1,8.5,2009-12-13 10:54:00,2011-03-31 19:12:00,1.1428571428571428,0.00034415616953880447,99.91690837458422
84596e,SMALL LICORICE DES PINK BOWL,27,67.77,17,12,1,2.51,2010-01-25 15:39:00,2010-12-14 15:56:00,1.588235294117647,0.0003439024418998051,99.91725227702612
84864A,PINK PAISLEY PHOTO ALBUM,7,67.71000000000001,4,4,1,6.75,2010-02-08 16:06:00,2010-08-19 15:13:00,1.75,0.0003435979687330059,99.91759587499486
90078,PINK/WHITE GLASS DEMI CHOKER,9,67.64,5,5,1,7.5,2010-02-16 13:49:00,2010-12-13 14:16:00,1.8,0.00034324275003840666,99.9179391177449
90024F,NEW BAROQUE B'FLY NECKLACE CRYSTAL,8,67.61,6,6,1,8.49,2010-04-19 10:40:00,2011-11-30 15:13:00,1.3333333333333333,0.00034309051345500697,99.91828220825835
47341B,BLUE TABLE RUN FLOWER,48,67.5,14,13,2,1.25,2009-12-09 14:48:00,2011-11-30 17:37:00,3.4285714285714284,0.0003425323126492083,99.91862474057099
72045D,ROSES ON BLUE TEACUP CANDLE,35,66.89,5,2,1,4.21,2010-01-11 09:35:00,2010-03-03 14:42:00,7.0,0.00033943683545341547,99.91896417740644
35819P,"ACRYLIC HANGING JEWEL,PINK",95,66.55,7,6,2,0.38,2011-09-16 13:13:00,2011-11-13 16:13:00,13.571428571428571,0.00033771148750821943,99.91930188889394
90059C,DIAMANTE HAIR GRIP PACK/2 MONTANA,40,66.53,22,20,4,1.65,2009-12-09 09:42:00,2011-11-25 14:25:00,1.8181818181818181,0.0003376099964526197,99.91963949889039
90037A,TINY CRYSTAL BRACELET RED,26,66.31,12,11,1,2.55,2009-12-14 17:57:00,2011-01-25 10:45:00,2.1666666666666665,0.00033649359484102224,99.91997599248523
40002,WHITE BAMBOO RIBS LAMPSHADE,78,66.3,1,1,1,0.85,2009-12-18 11:18:00,2009-12-18 11:18:00,78.0,0.00033644284931322235,99.92031243533455
85072,OCCASIONS GIFT CARD ASSORTMENT,120,66.0,1,1,1,0.55,2009-12-10 15:45:00,2009-12-10 15:45:00,120.0,0.0003349204834792259,99.92064735581803
90179A,AMBER FINE BEAD NECKLACE W TASSEL,11,65.18,8,8,1,5.95,2010-01-26 17:48:00,2011-11-29 16:33:00,1.375,0.00033075935019963553,99.92097811516824
47016,LIGHT DECORATION BATTERY OPERATED,31,65.10000000000001,5,4,1,2.1,2009-12-07 12:42:00,2011-11-01 14:54:00,6.2,0.0003303533859772365,99.92130846855422
90130C,GREEN STONE/CRYSTAL EARRINGS,22,64.74,21,19,1,2.96,2009-12-18 17:06:00,2011-11-22 15:41:00,1.0476190476190477,0.0003285265469764406,99.9216369951012
90202B,WHITE ENAMEL FLOWER HAIR TIE,22,64.56,14,13,2,2.925,2009-12-14 17:16:00,2011-11-21 15:18:00,1.5714285714285714,0.0003276131274760428,99.92196460822868
23442,12 HANGING EGGS HAND PAINTED,31,64.48,6,3,1,2.08,2011-11-15 17:14:00,2011-11-28 12:14:00,5.166666666666667,0.0003272071632536437,99.92229181539193
90046,WHITE WITH METAL BAG CHARM,13,64.35000000000001,7,6,1,4.95,2010-03-26 16:17:00,2011-07-07 16:59:00,1.8571428571428572,0.0003265474713922453,99.92261836286332
84551,CROCHET DOG KEYRING,39,64.35,8,8,1,1.65,2009-12-08 17:44:00,2011-10-06 15:58:00,4.875,0.0003265474713922452,99.9229449103347
90074,BLACK DIAMOND CLUSTER NECKLACE,7,64.09,6,6,1,8.95,2010-03-07 15:34:00,2011-11-28 15:31:00,1.1666666666666667,0.0003252280876694483,99.92327013842238
90012A,MIDNIGHT BLUE DROP CRYSTAL NECKLACE,12,63.96,6,6,1,9.98,2010-03-03 15:28:00,2011-10-11 11:38:00,2.0,0.0003245683958080498,99.92359470681819
84425A,WHITE GLASS TV TRIPLE FRAME,15,63.85,8,7,1,4.25,2009-12-10 14:19:00,2010-05-13 15:41:00,1.875,0.0003240101950022511,99.9239187170132
20791,BLUE TILED SET OF 3 DRAWERS,5,63.75,1,1,1,12.75,2010-01-14 15:47:00,2010-01-14 15:47:00,5.0,0.00032350273972425226,99.92424221975291
85018A,S/6 PAPER BOXES ROMANTIC IMAGES,15,63.75,10,10,1,4.25,2009-12-16 12:06:00,2010-08-13 14:20:00,1.5,0.00032350273972425226,99.92456572249263
85018B,S/6 PAPER BOXES BLOSSOM IMAGES,15,63.75,10,9,1,4.25,2009-12-16 12:06:00,2010-11-03 13:47:00,1.5,0.00032350273972425226,99.92488922523235
84795E,RIO PINK STRIPE HAMMOCK,8,63.6,4,4,1,7.95,2010-01-17 12:28:00,2010-08-01 14:18:00,2.0,0.00032274155680725404,99.92521196678915
90037C,TINY CRYSTAL BRACELET BLUE,25,63.599999999999994,12,11,2,2.54,2009-12-14 17:57:00,2011-07-14 16:46:00,2.0833333333333335,0.000322741556807254,99.92553470834595
90205A,LARGE MINT DIAMANTE HAIRSLIDE,38,63.46,22,22,2,1.67,2009-12-09 09:42:00,2011-11-24 09:26:00,1.7272727272727273,0.00032203111941805565,99.92585673946537
37491D,PURPLE/BLUE CERAMIC CANDLE HOLDER,26,63.28,13,11,1,3.36,2010-01-27 17:56:00,2011-07-18 13:33:00,2.0,0.0003211176999176578,99.92617785716529
16169D,WRAP WINTER FOREST,150,63.0,5,1,1,0.42,2009-12-07 15:02:00,2009-12-13 12:04:00,30.0,0.0003196968251392611,99.92649755399043
72709,IVORY SCULPTED RND CANDLE,74,62.9,13,12,2,0.85,2010-04-19 14:08:00,2011-11-13 16:22:00,5.6923076923076925,0.0003191893698612622,99.92681674336029
20879,TREE OF NOAH FESTIVE SCENTED CANDLE,55,62.7,10,3,1,0.65,2009-12-10 20:04:00,2009-12-22 09:52:00,5.5,0.00031817445930526456,99.9271349178196
84529B,BLUE KNITTED KID'S RUCKSACK,13,62.35,5,3,1,4.21,2010-02-14 15:30:00,2010-04-23 16:16:00,2.6,0.0003163983658322687,99.92745131618543
35607B,BLACK FEATHER CHRISTMAS DECORATION,312,62.3,17,15,1,0.19,2009-12-11 11:52:00,2011-09-15 12:16:00,18.352941176470587,0.00031614463819326926,99.92776746082362
90027D,GLASS BEAD HOOP EARRINGS AMETHYST,20,62.08,13,10,1,2.95,2009-12-09 12:57:00,2011-11-30 15:13:00,1.5384615384615385,0.00031502823658167186,99.9280824890602
47348A,FUSCHIA VOILE POINTY SHOE DEC,103,62.01,16,12,3,0.39,2010-04-11 10:35:00,2011-09-01 17:14:00,6.4375,0.0003146730178870727,99.92839716207808
35973,GERANIUM FOLKART HEART DECORATION,49,61.25,13,6,1,1.25,2009-12-09 14:25:00,2010-03-21 16:13:00,3.769230769230769,0.0003108163577742816,99.92870797843585
35910B,PINK FLOWERS RABBIT EASTER,29,61.07,8,7,2,1.95,2010-01-07 12:22:00,2011-11-06 12:25:00,3.625,0.0003099029382738837,99.92901788137412
84705A,ENGLISH ROSE PHOTO FRAME,13,60.45,6,5,1,4.65,2010-01-08 15:19:00,2010-04-07 15:02:00,2.1666666666666665,0.000306756715550291,99.92932463808967
90176A,CLASSIC DIAMANTE NECKLACE JET,8,60.260000000000005,6,6,1,7.5,2010-01-13 17:08:00,2011-11-03 11:29:00,1.3333333333333333,0.00030579255052209323,99.92963043064019
90141B,IVORY PENDANT TRIPLE SHELL NECKLACE,12,59.96,8,8,2,5.02,2009-12-16 11:39:00,2011-07-18 10:29:00,1.5,0.0003042701846880967,99.92993470082487
23614,SET 10 CARDS 12 DAYS WRAP  17058,18,59.940000000000005,9,7,1,3.33,2011-09-07 12:02:00,2011-11-25 16:14:00,2.0,0.000304168693632497,99.9302388695185
17136A,BLUE STONES ON WIRE FOR CANDLE,719,59.86,33,27,2,0.08,2010-01-07 14:04:00,2011-11-03 18:49:00,21.78787878787879,0.00030376272941009787,99.93054263224792
23629,SET 10 CARDS DRESSING UP 17077,24,59.760000000000005,10,6,1,2.49,2011-09-21 15:43:00,2011-11-25 14:25:00,2.4,0.0003032552741320991,99.93084588752205
90021,LASER CUT MULTI STRAND NECKLACE,5,59.75,4,4,1,11.95,2010-08-18 17:43:00,2011-04-27 12:35:00,1.25,0.0003032045286042992,99.93114909205066
gift_0001_70,Dotcomgiftshop Gift Voucher Â£70.00,1,59.57,1,1,1,59.57,2010-06-14 11:24:00,2010-06-14 11:24:00,1.0,0.0003022911091039013,99.93145138315977
84427B,BLACK GLASS TV DOUBLE P/FRAME 15X10,14,59.5,4,4,1,4.25,2009-12-10 14:19:00,2010-03-07 15:47:00,3.5,0.00030193589040930215,99.93175331905017
44241C,BLUE BUTTERFLY ON SPRING,70,59.5,8,7,1,0.85,2010-01-25 15:36:00,2010-08-04 13:42:00,8.75,0.00030193589040930215,99.93205525494058
90001D,ANTIQUE OLIVE GREEN FLOWER EARRINGS,14,59.46,10,10,3,4.25,2009-12-13 10:54:00,2011-10-09 15:24:00,1.4,0.0003017329082981026,99.93235698784888
35654,VINTAGE BEAD FILLED PINK CUSHION,12,59.400000000000006,5,5,1,4.95,2010-01-05 12:06:00,2010-08-04 14:41:00,2.4,0.00030142843513130335,99.93265841628401
90214P,"LETTER ""P"" BLING KEY RING",52,59.339999999999996,30,25,1,1.25,2009-12-07 15:26:00,2011-10-05 15:56:00,1.7333333333333334,0.000301123961964504,99.93295954024597
79329,PINK FLOCK GLASS CANDLEHOLDER,96,59.339999999999996,6,6,1,1.65,2009-12-16 15:38:00,2011-04-10 15:07:00,16.0,0.000301123961964504,99.93326066420794
35001B,HAND OPEN SHAPE BLACK,17,59.330000000000005,6,6,1,3.49,2009-12-17 13:35:00,2010-03-16 11:14:00,2.8333333333333335,0.0003010732164367042,99.93356173742437
35909A,RABBIT EASTER DECORATION,20,59.00000000000001,5,5,1,2.95,2010-02-23 12:55:00,2011-04-26 13:05:00,4.0,0.00029939861401930804,99.93386113603839
85023C,PINK LARGE JEWELED PHOTOFRAME,23,58.65,11,8,1,2.55,2010-01-18 14:23:00,2010-06-06 13:22:00,2.090909090909091,0.0002976225205463121,99.93415875855894
84925C,FAIRY CAKES  WALL THERMOMETER,23,58.65,7,7,1,2.55,2009-12-14 15:18:00,2010-05-11 12:10:00,3.2857142857142856,0.0002976225205463121,99.93445638107949
81985A,"ICON ALARM CLOCK,FUSCHIA  PIN UP",23,58.64999999999999,7,7,1,2.55,2009-12-07 13:59:00,2010-08-22 11:45:00,3.2857142857142856,0.00029762252054631205,99.93475400360003
84226,HEN HOUSE W FAMILY IN BARN & NEST,77,58.31,18,15,2,0.85,2010-02-28 13:55:00,2011-06-08 10:45:00,4.277777777777778,0.00029589717260111606,99.93504990077264
35816B,"ACRYLIC JEWEL ANGEL,BLUE",139,58.07,3,3,1,1.25,2009-12-16 11:57:00,2010-05-14 12:00:00,46.333333333333336,0.0002946792799339189,99.93534458005257
17129C,SKY BLUE COLOUR GLASS GEMS IN BAG,86,57.98,11,10,1,0.85,2009-12-09 15:03:00,2010-05-04 10:47:00,7.818181818181818,0.00029422257018371997,99.93563880262276
79406,FROSTED WHITE BASE,232,57.85,19,18,1,0.22,2010-01-07 13:07:00,2011-11-03 11:29:00,12.210526315789474,0.0002935628783223215,99.93593236550109
84415B,BLUE FLOCK CUSHION COVER,18,57.5,6,6,2,3.75,2010-02-11 16:46:00,2011-06-08 08:31:00,3.0,0.0002917867848493256,99.93622415228593
90214I,"LETTER ""I"" BLING KEY RING",49,57.23,25,21,1,0.85,2009-12-09 15:03:00,2011-10-05 15:56:00,1.96,0.0002904166555987287,99.93651456894153
79534,MULTICOLOUR GLASS PLATE,104,57.2,15,13,1,0.55,2009-12-13 13:53:00,2010-10-05 13:12:00,6.933333333333334,0.0002902644190153291,99.93680483336055
90187B,GREEN DROP EARRINGS W BEAD CLUSTER,17,57.18,12,12,1,3.37,2009-12-07 18:02:00,2011-11-15 16:57:00,1.4166666666666667,0.00029016292795972935,99.93709499628851
35821B,"JEWELLED DECORATION,BLUE",150,57.0,3,3,1,0.38,2009-12-10 08:29:00,2010-04-08 16:49:00,50.0,0.00028924950845933144,99.93738424579696
72771B,BURG FLOCK GOLD CUP/CANDLE,117,56.9,8,2,1,0.42,2009-12-10 09:49:00,2009-12-15 18:33:00,14.625,0.00028874205318133264,99.93767298785015
90212C,PURPLE LAS VEGAS BRACELET ROUND,15,56.25,7,7,2,3.75,2009-12-13 10:54:00,2011-09-06 16:02:00,2.142857142857143,0.00028544359387434025,99.93795843144402
47344B,BLUE FLOWER DES PURSE,54,56.16,10,9,2,1.25,2009-12-17 15:44:00,2011-06-02 09:37:00,5.4,0.0002849868841241413,99.93824341832814
90131,PINK/AMETHYST/GOLD NECKLACE,8,55.72,4,4,1,6.95,2010-06-07 13:02:00,2011-06-01 17:28:00,2.0,0.00028275408090094645,99.93852617240904
90001B,ANTIQUE MID BLUE FLOWER EARRINGS,13,55.120000000000005,10,9,3,4.25,2010-01-13 17:44:00,2011-11-08 18:41:00,1.3,0.0002797093492329535,99.93880588175827
90135A,ORANGE/FUSCHIA STONES NECKLACE,11,54.620000000000005,4,4,2,4.965,2010-03-08 12:35:00,2011-04-19 11:37:00,2.75,0.0002771720728429594,99.93908305383111
90142D,MOP PENDANT SHELL NECKLACE,11,54.59,5,5,1,4.95,2010-11-24 13:13:00,2011-10-23 15:29:00,2.2,0.0002770198362595597,99.93936007366737
90043,COPPER AND BRASS BAG CHARM,10,54.510000000000005,6,6,1,4.95,2009-12-17 15:26:00,2011-10-17 13:31:00,1.6666666666666667,0.0002766138720371607,99.9396366875394
85080,PADDED RED HEART DECORATION,112,54.51,21,10,1,0.42,2009-12-07 15:42:00,2010-09-26 15:07:00,5.333333333333333,0.0002766138720371606,99.93991330141144
20820,SILVER LOOKING MIRROR,11,54.45,8,8,1,4.95,2009-12-17 11:38:00,2011-03-01 17:28:00,1.375,0.00027630939887036135,99.94018961081031
20953,PORCELAIN CHERUB BELL LARGE,33,54.449999999999996,9,6,2,1.65,2010-03-19 13:53:00,2010-11-29 16:45:00,3.6666666666666665,0.00027630939887036135,99.94046592020918
46115B,GREEN POP ART MAO CUSHION COVER,286,54.34,22,16,1,0.19,2010-05-11 15:03:00,2011-03-04 14:28:00,13.0,0.00027575119806456266,99.94074167140724
35817B,"ACRYLIC JEWEL SNOWFLAKE,BLUE",141,53.58,1,1,1,0.38,2010-05-14 12:00:00,2010-05-14 12:00:00,141.0,0.00027189453795177157,99.94101356594518
84559b,3D SHEET OF CAT STICKERS,32,53.54,25,18,1,1.66,2010-09-28 09:36:00,2011-09-20 14:46:00,1.28,0.00027169155584057204,99.94128525750102
90171,DAISY RING,42,53.2,25,10,1,1.26,2009-12-07 17:56:00,2010-03-12 11:19:00,1.68,0.000269966207895376,99.94155522370892
84660b,BLACK STITCHED WALL CLOCK,7,53.18,6,6,1,7.62,2010-06-24 11:48:00,2011-09-07 12:44:00,1.1666666666666667,0.00026986471683977626,99.94182508842576
90011B,BLACK CRYSTAL DROP EARRINGS,18,53.160000000000004,13,11,1,2.96,2009-12-16 11:57:00,2011-11-30 15:13:00,1.3846153846153846,0.00026976322578417647,99.94209485165155
90177A,CLASSIC DIAMANTE EARRINGS JET,18,52.79,13,13,2,2.9,2009-12-10 18:43:00,2011-11-22 15:43:00,1.3846153846153846,0.0002678856412555808,99.9423627372928
84660a,WHITE STITCHED WALL CLOCK,7,52.699999999999996,5,5,1,7.62,2010-08-02 13:49:00,2011-06-21 16:36:00,1.4,0.0002674289315053819,99.9426301662243
84875A,PINK SQUARE COMPACT MIRROR,14,52.5,10,9,1,3.75,2009-12-17 17:54:00,2010-11-30 14:21:00,1.4,0.00026641402094938424,99.94289658024526
84292B,BLUE COL METAL FOLDING CHAIR,8,51.8,5,5,1,7.95,2010-01-04 14:00:00,2010-04-29 15:34:00,1.6,0.0002628618340033924,99.94315944207926
72798C,SET/4 GARDEN ROSE DINNER CANDLE,27,51.459999999999994,14,14,1,1.65,2009-12-10 14:19:00,2011-02-03 12:37:00,1.9285714285714286,0.0002611364860581964,99.94342057856532
84899E,YELLOW + BROWN BEAR FELT PURSE KIT,35,51.43,17,12,2,1.25,2009-12-14 17:34:00,2010-05-06 13:45:00,2.0588235294117645,0.0002609842494747968,99.9436815628148
84845C,CARNATION SQUARE HANDY TIN,41,51.25,13,11,1,1.25,2009-12-09 12:18:00,2010-08-18 16:39:00,3.1538461538461537,0.0002600708299743989,99.94394163364478
84402B,PURPLE DRESS JEWELLERY STAND,62,51.14,4,2,2,0.79,2010-11-17 12:57:00,2011-07-21 16:10:00,15.5,0.0002595126291686002,99.94420114627395
20620,RED SPOTTY PASSPORT COVER,12,51.06,11,6,1,4.21,2009-12-09 09:51:00,2010-02-03 17:04:00,1.0909090909090908,0.0002591066649462011,99.9444602529389
84612B,SET/4 BLACK  BAROQUE FLOCK COASTER,20,51.0,4,4,1,2.55,2010-01-08 15:19:00,2010-10-26 13:07:00,5.0,0.0002588021917794018,99.94471905513068
84968b,S/16 VINTAGE IVORY CUTLERY,2,50.98,2,2,1,25.49,2010-07-30 12:44:00,2010-11-01 09:13:00,1.0,0.00025870070072380206,99.9449777558314
84968f,SET OF 16 VINTAGE SKY BLUE CUTLERY,2,50.98,2,2,1,25.49,2010-10-04 14:31:00,2010-12-21 15:20:00,1.0,0.00025870070072380206,99.94523645653213
85069,CREAM SWEETHEART DOUBLE SHELF,3,50.849999999999994,1,1,1,16.95,2009-12-11 12:28:00,2009-12-11 12:28:00,3.0,0.0002580410088624035,99.94549449754099
90214T,"LETTER ""T"" BLING KEY RING",44,50.839999999999996,22,19,1,1.05,2009-12-08 17:10:00,2011-09-29 15:13:00,2.0,0.0002579902633346037,99.94575248780433
85035b,CHOCOLATE 3 WICK MORRIS BOX CANDLE,6,50.82000000000001,6,5,1,8.47,2010-02-19 10:56:00,2010-12-21 15:20:00,1.0,0.000257888772279004,99.94601037657661
90033,IVORY SHELL HEART EARRINGS,20,50.699999999999996,17,15,1,2.54,2009-12-15 18:33:00,2011-11-29 16:47:00,1.1764705882352942,0.00025727982594540535,99.94626765640255
85124a,PINK JUICY FRUIT PHOTO FRAME,10,50.599999999999994,9,8,1,5.06,2010-05-26 12:38:00,2010-08-19 12:17:00,1.1111111111111112,0.00025677237066740644,99.94652442877322
DCGS0004,HAYNES CAMPER SHOULDER BAG,3,50.59,3,3,1,16.98,2010-04-19 11:19:00,2011-04-27 17:23:00,1.0,0.00025672162513960665,99.94678115039835
84340,LARGE FIBRE OPTIC CHRISTMAS TREE,15,50.46,8,3,1,7.78,2009-12-07 18:02:00,2009-12-22 14:31:00,1.875,0.00025606193327820816,99.94703721233162
72083A,STRAWBERY SWIRL FLARE CANDLE,24,50.400000000000006,7,5,1,2.1,2010-02-24 11:51:00,2010-03-31 13:22:00,3.4285714285714284,0.0002557574601114089,99.94729296979173
22657,HEN & 2 CHICKS IN BASKET,59,50.15,7,7,1,0.85,2010-01-31 16:02:00,2010-03-21 10:30:00,8.428571428571429,0.0002544888219164118,99.94754745861366
84845D,GERANIUM SQUARE HANDY TIN,40,50.0,10,7,2,1.25,2009-12-13 13:31:00,2010-10-21 16:30:00,4.0,0.00025372763899941353,99.94780118625266
90182C,BLACK 3 BEAD DROP EARRINGS,17,49.940000000000005,11,11,2,2.95,2009-12-13 10:54:00,2011-12-02 16:39:00,1.5454545454545454,0.0002534231658326143,99.94805460941849
90052,CRACKED GLAZE NECKLACE BROWN,7,49.58,5,5,1,7.07,2009-12-22 16:17:00,2011-11-15 16:57:00,1.4,0.0002515963268318185,99.94830620574533
72129,COLUMBIAN CANDLE ROUND,74,49.11000000000001,18,15,1,0.65,2009-12-18 16:04:00,2010-09-29 13:00:00,4.111111111111111,0.000249211287025224,99.94855541703235
90002E,FLOWER BURST SILVER RING GREEN,13,49.019999999999996,9,8,1,3.75,2010-01-11 09:31:00,2010-08-18 16:21:00,1.4444444444444444,0.00024875457727502505,99.94880417160962
85023A,CRYSTAL LARGE JEWELLED PHOTO FRAME,19,48.449999999999996,9,6,1,2.55,2010-01-05 16:50:00,2010-04-19 17:11:00,2.111111111111111,0.0002458620821904317,99.94905003369182
37491A,YELLOW/PINK CERAMIC CANDLE HOLDER,18,48.3,13,12,1,3.29,2009-12-15 18:33:00,2011-10-31 14:41:00,1.3846153846153846,0.0002451008992734335,99.9492951345911
90179B,PURPLE FINE BEAD NECKLACE W TASSEL,8,47.47,6,6,1,5.95,2009-12-11 12:21:00,2011-12-01 08:51:00,1.3333333333333333,0.0002408890204660432,99.94953602361156
20895,VINTAGE NOTEBOOK FRENCH LETTER,16,47.20000000000001,4,4,1,2.95,2009-12-08 12:33:00,2010-02-02 12:17:00,4.0,0.00023951889121544645,99.94977554250278
21267,VINTAGE PINK TINSEL REEL,12,47.199999999999996,6,2,1,4.3,2009-12-07 15:26:00,2009-12-18 17:06:00,2.0,0.0002395188912154464,99.950015061394
84227,HEN HOUSE W CHICK IN NEST,112,47.04,13,8,1,0.42,2010-02-18 12:34:00,2011-03-14 15:40:00,8.615384615384615,0.00023870696277064827,99.95025376835677
84857B,BLUE MONTE CARLO HANDBAG,24,46.8,1,1,1,1.95,2011-07-21 16:10:00,2011-07-21 16:10:00,24.0,0.00023748907010345108,99.95049125742688
84582,PINK CROCHET CAT WITH SCARF,11,46.75,9,5,1,4.25,2009-12-14 14:48:00,2010-03-26 13:57:00,1.2222222222222223,0.00023723534246445165,99.95072849276934
90001C,ANTIQUE OPAL WHITE FLOWER EARRINGS,11,46.7,10,10,1,4.25,2009-12-11 12:21:00,2011-10-20 15:57:00,1.1,0.00023698161482545225,99.95096547438416
84537B,FAIRY CAKES GIFT BAG,111,46.62,10,9,1,0.42,2009-12-13 11:32:00,2010-03-15 14:01:00,11.1,0.0002365756506030532,99.95120205003477
90001A,ANTIQUE RASPBERRY FLOWER EARRINGS,11,46.6,10,10,1,4.25,2009-12-15 18:33:00,2011-10-31 14:41:00,1.1,0.00023647415954745343,99.95143852419432
37489A,YELLOW/PINK FLOWER DESIGN BIG MUG,46,46.56,23,23,1,0.39,2009-12-13 11:49:00,2011-11-21 11:55:00,2.0,0.0002362711774362539,99.95167479537176
16050,TEATIME PENCIL WITH RUBBER,151,46.45,8,7,1,0.4,2010-02-16 17:24:00,2010-04-19 11:13:00,18.875,0.00023571297663045517,99.95191050834839
37462E,"PET MUG, GOLDFISH",106,46.29,27,22,1,0.83,2010-01-10 14:02:00,2011-11-28 14:12:00,3.925925925925926,0.00023490104818565705,99.95214540939658
47341A,FUSCHIA TABLE RUN FLOWER,29,46.25,7,6,3,1.25,2010-09-13 12:41:00,2011-06-08 10:45:00,4.142857142857143,0.00023469806607445752,99.95238010746266
90128A,PINK LEAVES AND BEADS PHONE CHARM,31,46.21,10,8,2,1.25,2010-01-24 12:15:00,2011-07-26 16:22:00,3.1,0.000234495083963258,99.95261460254662
85081,PADDED HOLLY CHRISTMAS DECORATION,104,46.17,21,10,1,0.42,2009-12-09 14:48:00,2010-10-07 15:33:00,4.9523809523809526,0.00023429210185205846,99.95284889464847
10138,ASSORTED COLOUR JUMBO PEN,106,46.12,15,8,1,0.42,2009-12-07 13:57:00,2010-04-20 12:46:00,7.066666666666666,0.00023403837421305906,99.95308293302269
85132c,CHARLIE AND LOLA FIGURES TINS,4,46.099999999999994,4,4,1,8.29,2010-07-07 11:18:00,2011-04-26 09:50:00,1.0,0.00023393688315745924,99.95331686990585
84626,CANDY STRIPE ROSE QUILT,1,45.95,1,1,1,45.95,2009-12-09 12:18:00,2009-12-09 12:18:00,1.0,0.00023317570024046104,99.9535500456061
90188,DROP EARRINGS W FLOWER & LEAF,18,45.879999999999995,16,13,1,2.54,2009-12-14 17:57:00,2011-11-18 13:25:00,1.125,0.00023282048154586187,99.95378286608764
47504J,ENGLISH ROSE SET/3 GARDEN TOOLS,4,45.55,3,2,1,7.95,2009-12-11 10:48:00,2009-12-16 17:58:00,1.3333333333333333,0.00023114587912846573,99.95401401196676
23625,SET 6 CARDS SPARKLY REINDEER 17262,9,44.910000000000004,4,4,1,4.99,2011-09-15 16:32:00,2011-12-02 16:39:00,2.25,0.00022789816534927323,99.95424191013211
20988,TRELLIS FLOWER CHOPSTICKS SET/5,23,44.85,8,6,1,1.95,2009-12-09 13:00:00,2010-02-28 16:00:00,2.875,0.00022759369218247394,99.9544695038243
90135,ORANGE/WHT/FUSCHIA STONES NECKLACE,9,44.75,3,3,1,4.98,2010-11-23 16:53:00,2011-04-26 12:47:00,3.0,0.0002270862369044751,99.9546965900612
90197D,AMBER GLASS BRACELET HEART CHARMS,9,44.550000000000004,4,4,1,4.95,2010-02-02 12:45:00,2010-04-07 11:07:00,2.25,0.00022607132634847748,99.95492266138756
84596f,SMALL MARSHMALLOWS PINK BOWL,18,44.43,13,11,1,2.46,2010-09-13 10:33:00,2011-10-31 13:48:00,1.3846153846153846,0.0002254623800148789,99.95514812376757
35909B,PINK FLOWERS RABBIT EASTER,15,44.25000000000001,5,5,1,2.95,2010-01-19 11:20:00,2011-06-14 13:15:00,3.0,0.00022454896051448103,99.95537267272809
21543,BUTTERFLY WATER TRANSFER TATTOOS,41,44.2,13,3,1,0.85,2009-12-07 13:59:00,2009-12-21 17:14:00,3.1538461538461537,0.00022429523287548157,99.95559696796096
90088,CRYSTAL KEY+LOCK PHONE CHARM,51,44.199999999999996,11,9,1,0.85,2009-12-10 16:21:00,2010-11-25 13:32:00,4.636363636363637,0.00022429523287548157,99.95582126319383
35815B,"ACRYLIC JEWEL SNOWFLAKE,BLUE",95,43.940000000000005,3,2,1,0.38,2009-12-07 18:02:00,2009-12-15 17:25:00,31.666666666666668,0.00022297584915268468,99.95604423904298
79063C,"RETRO PILL BOX KEY CHAIN,THE KING",234,43.46,13,11,2,0.19,2011-03-09 12:35:00,2011-11-27 15:02:00,18.0,0.00022054006381829025,99.9562647791068
20964,POLYESTER FILLER PAD 60x40cm,17,43.349999999999994,5,4,2,2.55,2010-02-05 09:14:00,2011-05-06 11:36:00,3.4,0.0002199818630124915,99.95648476096981
18097A,PINK TALL PORCELAIN T-LIGHT HOLDER,17,43.349999999999994,12,10,1,2.55,2010-03-05 13:24:00,2011-06-22 16:16:00,1.4166666666666667,0.0002199818630124915,99.95670474283283
35822P,"ACRYLIC BEAD CHAIN, PINK",114,43.32,1,1,1,0.38,2010-01-27 12:39:00,2010-01-27 12:39:00,114.0,0.0002198296264290919,99.95692457245926
90059B,DIAMANTE HAIR GRIP PACK/2 BLACK DIA,26,43.22,15,14,3,1.69,2010-01-19 09:05:00,2011-11-24 09:26:00,1.7333333333333334,0.00021932217115109307,99.9571438946304
90035C,"PEARL & SHELL 42""NECKL. IVORY",4,43.0,3,3,1,10.75,2010-06-13 11:21:00,2011-05-13 16:12:00,1.3333333333333333,0.00021820576953949565,99.95736210039995
35085E,IVORY ROSE LAMPSHADE,38,43.0,8,7,1,1.25,2009-12-07 13:48:00,2010-07-14 12:29:00,4.75,0.00021820576953949565,99.95758030616949
79066k,RETRO MOD TRAY,26,42.71,16,16,1,1.645,2010-02-19 10:56:00,2011-11-20 13:58:00,1.625,0.00021673414923329906,99.95779704031872
90024A,NEW BAROQUE B'FLY NECKLACE BLACK,5,42.5,4,4,1,8.5,2010-01-28 13:23:00,2010-11-05 11:49:00,1.25,0.0002156684931495015,99.95801270881188
90083,CRYSTAL CZECH CROSS PHONE CHARM,37,42.47,12,11,1,1.63,2009-12-07 18:02:00,2011-11-28 15:54:00,3.0833333333333335,0.00021551625656610187,99.95822822506844
90126C,AMBER BERTIE MOBILE PHONE CHARM,21,42.1,5,5,2,3.29,2009-12-18 17:06:00,2011-07-15 16:27:00,4.2,0.0002136386720375062,99.95844186374048
90125E,AMBER BERTIE GLASS BEAD BAG CHARM,17,42.089999999999996,16,11,1,1.88,2009-12-14 11:31:00,2011-05-26 14:09:00,1.0625,0.00021358792650970633,99.95865545166698
72771C,BLACK FLOCK GOLD CANDLE,54,42.08,6,1,1,0.42,2009-12-07 17:56:00,2009-12-13 15:17:00,9.0,0.00021353718098190643,99.95886898884797
20860,GOLD COSMETICS BAG WITH BUTTERFLY,20,42.0,11,9,1,2.1,2010-04-08 11:49:00,2010-12-13 16:46:00,1.8181818181818181,0.00021313121675950737,99.95908212006472
15060b,FAIRY CAKE DESIGN UMBRELLA,5,41.81,5,5,1,8.29,2010-03-05 14:42:00,2011-11-20 13:58:00,1.0,0.00021216705173130961,99.95929428711645
90152C,BLUE/NAT SHELL NECKLACE W PENDANT,7,41.650000000000006,4,4,1,5.95,2010-04-01 10:33:00,2011-02-14 15:23:00,1.75,0.00021135512328651152,99.95950564223973
90060D,FIRE POLISHED GLASS NECKL BRONZE,7,41.65,7,6,1,5.95,2010-05-21 13:28:00,2010-12-15 13:24:00,1.0,0.0002113551232865115,99.95971699736302
84611B,BLACK NEW BAROQUE FLOCK BOX,7,41.65,4,4,1,5.95,2010-01-07 13:07:00,2010-11-15 14:11:00,1.75,0.0002113551232865115,99.9599283524863
90092,BLUE CRYSTAL BOOT PHONE CHARM,48,41.61,8,7,2,0.85,2010-01-29 17:55:00,2011-01-12 09:26:00,6.0,0.00021115214117531196,99.96013950462748
35809a,ENAMEL PINK TEA CONTAINER,10,41.54,10,10,1,4.13,2010-11-26 14:41:00,2011-05-10 15:07:00,1.0,0.00021079692248071277,99.96035030154995
85184B,SET 4 EASTER DECOUPAGE OVAL BOXES,14,41.300000000000004,7,6,1,2.95,2009-12-09 13:26:00,2010-03-22 17:32:00,2.0,0.00020957902981351558,99.96055988057977
90011A,MIDNIGHT BLUE CRYSTAL DROP EARRINGS,14,41.25,14,14,1,2.96,2009-12-14 18:37:00,2011-11-24 14:40:00,1.0,0.00020932530217451618,99.96076920588195
72796B,S/3 FRENCH VANILLA SQU CANDLE,25,41.25,11,8,1,1.65,2009-12-08 11:52:00,2010-07-04 11:16:00,2.272727272727273,0.00020932530217451618,99.96097853118413
23448,CREAM BUNNY EASTER EGG BASKET,25,41.24999999999999,3,2,1,1.65,2011-10-10 13:55:00,2011-11-30 09:50:00,8.333333333333334,0.00020932530217451613,99.9611878564863
90027C,GLASS BEAD HOOP EARRINGS GREEN,14,41.17,12,12,1,2.95,2009-12-14 17:16:00,2011-11-25 16:14:00,1.1666666666666667,0.00020891933795211712,99.96139677582426
84993a,75 GREEN PETIT FOUR CASES,49,41.05,29,26,1,0.83,2010-01-25 15:42:00,2011-11-13 11:50:00,1.6896551724137931,0.00020831039161851853,99.96160508621587
21119,Glow In The Dark Shot Glasses,3,41.01,3,3,1,13.57,2009-12-18 17:15:00,2010-09-27 15:56:00,1.0,0.000208107409507319,99.96181319362537
35644,PAIR PINK/BLACK COATHANGERS,21,40.95,7,6,1,1.95,2010-02-03 13:52:00,2010-11-21 12:21:00,3.0,0.00020780293634051973,99.96202099656172
44228,CANNABIS LEAF BEAD CURTAIN,48,40.8,3,3,1,0.85,2010-11-18 16:27:00,2011-08-23 11:16:00,16.0,0.00020704175342352142,99.96222803831515
84798C,WHITE FOXGLOVE ARTIIFCIAL FLOWER,16,40.8,3,3,1,2.55,2010-01-05 14:12:00,2010-02-04 16:16:00,5.333333333333333,0.00020704175342352142,99.96243508006857
72024U,LILAC VOTIVE CANDLE,194,40.74,9,8,1,0.21,2010-01-17 11:31:00,2011-06-27 12:49:00,21.555555555555557,0.00020673728025672215,99.96264181734882
90136,PALE PINK/AMETHYST STONE NECKLACE,4,40.47,3,3,1,9.95,2010-11-23 16:53:00,2011-04-26 12:47:00,1.3333333333333333,0.00020536715100612533,99.96284718449984
90152A,SILVER/NAT SHELL NECKLACE W PENDANT,7,40.34,7,7,1,5.95,2009-12-08 15:49:00,2011-11-30 15:13:00,1.0,0.00020470745914472687,99.96305189195898
90141E,ORANGE PENDANT TRIPLE SHELL NECKLAC,8,40.160000000000004,4,4,2,4.95,2010-01-17 12:12:00,2011-10-12 11:41:00,2.0,0.00020379403964432898,99.96325568599863
90034,WHITE SILVER NECKLACE SHELL GLASS,4,40.07,4,4,1,9.965,2009-12-13 12:31:00,2011-04-18 15:26:00,1.0,0.00020333732989413002,99.96345902332853
47013A,WINE BOTTLE DRESSING LT.BLUE,141,39.87,25,20,1,0.29,2009-12-16 14:59:00,2011-04-19 14:23:00,5.64,0.00020232241933813234,99.96366134574787
37468,HARDMAN MUG 3 ASSORTED,65,39.81,14,12,1,0.39,2009-12-18 17:15:00,2011-10-19 16:16:00,4.642857142857143,0.00020201794617133307,99.96386336369403
84608,ORNATE EDWARDIAN CANDLE HOLDER,5,39.75,3,3,1,7.95,2009-12-09 14:48:00,2010-01-15 12:38:00,1.6666666666666667,0.00020171347300453377,99.96406507716704
23440,PAINT YOUR OWN EGGS IN CRATE,19,39.52,3,2,1,2.08,2011-11-24 15:01:00,2011-11-30 09:50:00,6.333333333333333,0.00020054632586513648,99.9642656234929
47013C,WINE BOTTLE DRESSING DARK BLUE,142,39.06999999999999,26,22,1,0.29,2009-12-16 14:59:00,2011-06-20 17:14:00,5.461538461538462,0.0001982627771141417,99.96446388627002
82545A,COGNAC AUX OEUFS METAL 1 HOOK,31,38.75,11,9,1,1.25,2010-01-14 14:18:00,2010-10-21 16:30:00,2.8181818181818183,0.0001966389202245455,99.96466052519025
47567b,TEA TIME KITCHEN APRON,3,38.72,3,2,1,13.0,2009-12-22 15:06:00,2010-11-19 13:05:00,1.0,0.00019648668364114584,99.96485701187389
35963,FOLKART ZINC CLIP ON ANGEL WINGS,101,38.38,11,10,1,0.38,2009-12-16 12:09:00,2010-09-22 15:58:00,9.181818181818182,0.00019476133569594985,99.96505177320958
84586L,"PINK ROSES/GINGHAM PATCH RABBIT 8""",13,38.35,8,4,1,2.95,2009-12-08 11:13:00,2010-01-31 12:32:00,1.625,0.0001946090991125502,99.96524638230869
90130D,RED STONE/CRYSTAL EARRINGS,13,38.31,8,8,1,2.955,2010-01-11 09:30:00,2011-11-28 15:31:00,1.625,0.00019440611700135066,99.9654407884257
90027B,GLASS BEAD HOOP EARRINGS MONTANA,13,38.28,10,9,1,2.95,2009-12-09 12:57:00,2011-11-25 16:14:00,1.3,0.000194253880417951,99.96563504230612
90121B,VINTAGE ROSE BEAD BRACELET BLUE,9,38.25,6,4,1,4.25,2009-12-10 15:56:00,2010-01-28 15:17:00,1.5,0.00019410164383455136,99.96582914394995
90054,CRACKED GLAZE EARRINGS RED,15,38.06,15,13,1,2.54,2009-12-14 17:16:00,2011-11-22 15:41:00,1.0,0.00019313747880635358,99.96602228142875
23038,T-LIGHT HOLDER SILVER SAUCER,41,38.029999999999994,7,6,1,1.63,2011-07-11 14:46:00,2011-11-18 15:59:00,5.857142857142857,0.00019298524222295392,99.96621526667097
90176B,DIAMANTE NECKLACE BLACK,5,37.620000000000005,4,4,1,7.5,2010-11-05 11:49:00,2011-11-16 15:23:00,1.25,0.00019090467558315877,99.96640617134655
85115B,S/4 BLACK DISCO PARTITION PANEL,6,37.62,2,2,1,6.27,2010-06-09 13:57:00,2011-10-11 16:29:00,3.0,0.00019090467558315874,99.96659707602213
35233,PASTA ENAMEL/BRASS CONTAINER,10,37.5,8,8,1,3.75,2009-12-08 15:00:00,2010-05-18 16:28:00,1.25,0.00019029572924956015,99.96678737175138
37477B,"FLOWER FAIRY MUG+COASTER,LAVENDER",10,37.5,7,7,2,3.75,2009-12-17 15:44:00,2010-11-22 10:42:00,1.4285714285714286,0.00019029572924956015,99.96697766748063
90181C,BLACK GLASS/SHELL/PEARL NECKLACE,4,37.38,4,4,1,9.34,2009-12-14 17:16:00,2011-04-18 13:52:00,1.0,0.00018968678291596158,99.96716735426355
23603,SET 10 CARD KRAFT REINDEER 17084,15,37.35,10,6,1,2.49,2011-10-14 17:17:00,2011-12-02 16:39:00,1.5,0.00018953454633256192,99.96735688880989
84509b,SET OF 4 FAIRY CAKE PLACEMATS,5,37.3,4,4,1,7.46,2011-02-02 12:17:00,2011-11-13 11:50:00,1.25,0.0001892808186935625,99.96754616962858
72715,SPHERICAL IVORY CANDLE,88,36.96,13,11,1,0.42,2010-02-16 15:35:00,2010-08-26 12:38:00,6.769230769230769,0.0001875554707483665,99.96773372509932
16162M,THE KING GIFT BAG 25x24x12cm,88,36.96,13,10,1,0.42,2010-06-14 12:39:00,2011-11-27 13:26:00,6.769230769230769,0.0001875554707483665,99.96792128057007
17014E,ORIGAMI OPIUM INCENSE CONES,95,36.599999999999994,6,6,2,1.65,2010-05-10 11:05:00,2010-08-20 09:23:00,15.833333333333334,0.0001857286317475707,99.96810700920182
35931,PINK STAR CHRISTMAS DECORATION,96,36.48,13,10,2,0.38,2009-12-13 11:23:00,2010-11-12 14:05:00,7.384615384615385,0.0001851196854139721,99.96829212888723
90141D,ROSE PENDANT TRIPLE SHELL NECKLACE,7,36.33,5,5,2,5.51,2010-01-19 17:49:00,2011-07-18 10:29:00,1.4,0.00018435850249697388,99.96847648738972
85151,WELCOME METAL SIGN,29,36.25,3,2,1,1.25,2009-12-09 14:48:00,2009-12-14 11:24:00,9.666666666666666,0.00018395253827457482,99.968660439928
90037D,TINY CRYSTALS BRACELET BLACK,14,35.87,8,7,1,2.57,2009-12-07 17:56:00,2010-06-23 14:34:00,1.75,0.00018202420821817925,99.96884246413622
90060B,FIRE POLISHED GLASS NECKL GOLD,6,35.7,4,4,1,5.95,2009-12-13 12:31:00,2010-12-15 13:24:00,1.5,0.00018116153424558128,99.96902362567046
90132,LIGHT TOPAZ TEAL/AQUA COL NECKLACE,7,35.63,7,7,1,5.09,2009-12-16 17:58:00,2011-08-30 12:10:00,1.0,0.00018080631555098212,99.96920443198601
90126A,PINK BERTIE MOBILE PHONE CHARM,19,35.45,4,4,2,1.69,2010-04-26 14:14:00,2010-12-13 09:35:00,4.75,0.00017989289605058423,99.96938432488207
85184c,S/4 VALENTINE DECOUPAGE HEART BOX,6,35.35,6,6,1,5.91,2009-12-22 15:06:00,2011-10-26 14:42:00,1.0,0.00017938544077258537,99.96956371032284
79063D,"RETRO PILL BOX , REVOLUTIONARY",189,35.14,11,9,1,0.19,2011-02-09 13:41:00,2011-11-27 16:05:00,17.181818181818183,0.00017831978468878785,99.96974203010754
84510e,SET OF 4 GREEN CAROUSEL COASTERS,14,35.089999999999996,6,6,1,2.51,2010-04-09 14:53:00,2011-04-15 10:41:00,2.3333333333333335,0.0001780660570497884,99.96992009616459
82613b,"METAL SIGN,CUPCAKE SINGLE HOOK",14,35.04,11,10,1,2.51,2010-02-01 11:21:00,2011-07-08 13:54:00,1.2727272727272727,0.00017781232941078902,99.970097908494
16161C,WRAP SPEED DEMONS,350,35.0,1,1,1,0.1,2009-12-22 12:01:00,2009-12-22 12:01:00,350.0,0.0001776093472995895,99.9702755178413
84868B,BLUE BABY BOY'S MEMORY BOX,5,34.75,4,3,1,6.95,2010-01-26 13:04:00,2010-05-09 11:40:00,1.25,0.0001763407091045924,99.9704518585504
90081B,LILY BROOCH WHITE/SILVER COLOUR,7,34.650000000000006,3,3,1,4.95,2010-10-19 13:18:00,2011-05-18 16:05:00,2.3333333333333335,0.0001758332538265936,99.97062769180422
84546,CROCHET POODLE KEYRING,21,34.64999999999999,3,3,3,1.65,2010-03-01 12:21:00,2010-07-14 13:01:00,7.0,0.00017583325382659353,99.97080352505805
21596,Hypochondriac Pill Stress Ball,8,34.04,7,4,1,4.21,2009-12-22 15:05:00,2010-11-04 14:49:00,1.1428571428571428,0.00017273777663080075,99.97097626283468
44265,M/COLOUR POM-POM CURTAIN,8,34.0,4,4,1,4.25,2009-12-08 13:59:00,2011-02-10 17:19:00,2.0,0.00017253479451960122,99.9711487976292
46775B,BERRIES CHUNKY KNITTED THROW,2,33.9,2,1,1,16.95,2009-12-09 14:02:00,2009-12-10 12:30:00,1.0,0.0001720273392416024,99.97132082496844
90039A,FIRE POLISHED GLASS BRACELET RED,9,33.879999999999995,4,4,1,3.75,2009-12-18 17:15:00,2011-05-12 16:50:00,2.25,0.0001719258481860026,99.97149275081664
37112,YELLOW BIRDS FELT DES FOODCOVER,9,33.75,4,3,1,3.75,2010-01-04 12:57:00,2010-02-02 12:47:00,2.25,0.00017126615632460414,99.97166401697297
90066A,PINK VINTAGE VICTORIAN CHOKER,5,33.75,2,2,1,6.75,2010-07-19 13:23:00,2010-10-07 14:11:00,2.5,0.00017126615632460414,99.9718352831293
35603C,SET/16 WHITE SHINY & MATT BAUBLES,76,33.6,21,15,1,0.42,2009-12-07 15:26:00,2010-11-09 12:07:00,3.619047619047619,0.0001705049734076059,99.9720057881027
47518f,ICON PLACEMAT POP ART ELVIS,8,33.45,8,8,1,4.17,2009-12-22 15:13:00,2011-10-26 14:42:00,1.0,0.00016974379049060768,99.9721755318932
DCGS0058,MISO PRETTY  GUM,40,33.160000000000004,28,18,1,0.83,2009-12-07 18:02:00,2010-10-22 15:57:00,1.4285714285714286,0.0001682721701844111,99.97234380406339
37348,SET OF 4 PASTEL STACKING MUGS,13,33.15,6,5,1,2.55,2009-12-17 16:15:00,2010-03-31 13:17:00,2.1666666666666665,0.00016822142465661117,99.97251202548804
90076,MONTANA DIAMOND CLUSTER EARRINGS,12,33.0,7,7,2,2.96,2010-01-14 09:41:00,2011-11-24 09:21:00,1.7142857142857142,0.00016746024173961295,99.97267948572978
84745B,BLUE HANGING GINGHAM EASTER HEN,78,32.76,16,16,1,0.42,2010-01-10 14:26:00,2011-04-27 12:08:00,4.875,0.00016624234907241576,99.97284572807885
DCGS0003,BOXED GLASS ASHTRAY,13,32.589999999999996,13,13,1,2.51,2009-12-09 09:42:00,2011-05-05 15:42:00,1.0,0.0001653796750998177,99.97301110775395
90214F,"LETTER ""F"" BLING KEY RING",31,32.51,25,21,1,0.85,2009-12-10 14:07:00,2011-10-18 17:00:00,1.24,0.00016497371087741868,99.97317608146483
82613c,"METAL SIGN,CUPCAKE SINGLE HOOK",13,32.48,12,10,1,2.51,2010-02-01 11:21:00,2011-10-26 14:42:00,1.0833333333333333,0.00016482147429401902,99.97334090293913
90011C,GREEN CRYSTAL DROP EARRINGS,11,32.38,6,6,1,2.955,2010-01-13 13:55:00,2011-11-24 09:26:00,1.8333333333333333,0.00016431401901602024,99.97350521695815
90183C,BLACK DROP EARRINGS W LONG BEADS,11,32.19,11,10,1,2.9,2010-01-11 09:32:00,2011-11-28 15:31:00,1.0,0.00016334985398782243,99.97366856681214
84251J,"GREETING CARD, THE BLACK CAT",62,32.0,16,10,2,0.84,2009-12-07 18:02:00,2010-06-07 10:54:00,3.875,0.00016238568895962467,99.9738309525011
20905,VINTAGE KEEPSAKE BOX BEAUTY GIRL,5,31.75,2,2,1,6.35,2009-12-11 15:40:00,2010-01-28 13:27:00,2.5,0.0001611170507646276,99.97399206955187
20994,JAZZ HEARTS SPIRAL NOTEPAD,37,31.45,8,3,1,0.85,2009-12-07 13:57:00,2010-01-25 15:22:00,4.625,0.0001595946849306311,99.9741516642368
23632,SET 10 CARDS CHEERFUL ROBIN 17065,15,31.200000000000003,10,6,1,2.08,2011-09-23 17:04:00,2011-11-30 15:13:00,1.5,0.00015832604673563408,99.97430999028353
18096c,WHITE ROUND PORCELAIN TLIGHT HOLDER,6,30.799999999999997,4,2,1,5.17,2009-12-22 15:06:00,2010-01-25 15:42:00,1.5,0.00015629622562363872,99.97446628650916
44091C,MULTICOLOUR CRUSOE CHECK LAMPSHADE,61,30.66,17,14,2,0.42,2009-12-17 19:54:00,2010-08-04 16:27:00,3.588235294117647,0.0001555857882344404,99.97462187229739
21919,Electronic Talking Breath-A-Loser,6,30.47,5,4,1,5.06,2009-12-14 17:16:00,2010-10-07 10:19:00,1.2,0.0001546216232062426,99.9747764939206
37489B,BLUE/YELLOW FLOWER DESIGN BIG MUG,38,30.419999999999998,17,17,1,0.39,2010-02-12 12:34:00,2011-11-21 11:55:00,2.235294117647059,0.0001543678955672432,99.97493086181616
90025F,BAROQUE BUTTERFLY EARRINGS CRYSTAL,8,30.23,8,8,1,3.75,2010-01-11 09:35:00,2011-10-20 15:57:00,1.0,0.00015340373053904542,99.9750842655467
37491B,BLUE/YELLOW CERAMIC CANDLE HOLDER,14,30.08,8,7,1,1.65,2010-01-11 09:38:00,2011-07-18 13:33:00,1.75,0.0001526425476220472,99.97523690809432
47563B,WAVELINE SURF IRONING BOARD COVER,8,30.0,6,6,1,3.75,2010-02-14 13:39:00,2010-11-28 14:57:00,1.3333333333333333,0.00015223658339964813,99.97538914467772
90176E,DIAMANTE NECKLACE GREEN,4,29.98,3,3,1,7.5,2011-08-22 14:13:00,2011-12-02 16:39:00,1.3333333333333333,0.00015213509234404836,99.97554127977007
22351,DOTCOMGIFTSHOP TEA TOWEL,15,29.809999999999995,3,3,1,3.29,2010-08-26 12:35:00,2011-06-29 15:58:00,5.0,0.00015127241837145034,99.97569255218845
84985a,SET OF 72 GREEN PAPER DOILIES,10,29.8,8,7,1,2.98,2010-06-24 11:51:00,2010-11-17 10:11:00,1.25,0.00015122167284365047,99.97584377386129
35598A,DUSTY PINK CHRISTMAS TREE 60CM,10,29.500000000000004,3,2,1,2.95,2009-12-07 12:26:00,2011-11-20 15:00:00,3.3333333333333335,0.00014969930700965402,99.9759934731683
47591b,SCOTTIES CHILDRENS APRON,7,29.47,3,2,1,4.21,2010-09-22 15:11:00,2010-09-28 09:36:00,2.3333333333333335,0.00014954707042625436,99.97614302023872
90067B,BROWN VINTAGE VICTORIAN EARRINGS,10,29.420000000000005,5,5,1,2.95,2010-03-03 15:28:00,2011-07-27 15:12:00,2.0,0.00014929334278725496,99.97629231358151
90152B,BLUE/GREEN SHELL NECKLACE W PENDANT,5,29.31,4,4,1,5.95,2010-04-29 17:57:00,2010-12-13 09:35:00,1.25,0.00014873514198145623,99.97644104872349
78034B,BLUE NETTING STORAGE HANGER,15,29.25,9,9,1,1.95,2010-06-16 15:27:00,2011-10-02 11:10:00,1.6666666666666667,0.00014843066881465694,99.9765894793923
46776f,WOVEN ROSE GARDEN CUSHION COVER,7,28.91,1,1,1,4.13,2011-10-31 14:41:00,2011-10-31 14:41:00,7.0,0.00014670532086946092,99.97673618471318
84926B,SCOTTS ROSES TILE COASTER,23,28.75,7,6,1,1.25,2010-02-17 16:55:00,2010-04-18 13:12:00,3.2857142857142856,0.0001458933924246628,99.9768820781056
44089C,LILAC GAUZE BUTTERFLY LAMPSHADE,68,28.56,18,15,1,0.42,2010-02-04 12:08:00,2011-09-23 13:12:00,3.7777777777777777,0.00014492922739646501,99.977027007333
37489D,PINK/GREEN FLOWER DESIGN BIG MUG,44,28.08,19,18,1,0.39,2010-01-14 13:03:00,2011-11-21 11:55:00,2.3157894736842106,0.00014249344206207064,99.97716950077506
40005B,BLUE ORGANDY ROUND LAMPSHADE W BEA,33,28.05,13,12,1,0.85,2010-03-25 15:17:00,2011-11-22 13:11:00,2.5384615384615383,0.000142341205478671,99.97731184198054
90042B,FRESHWATER PEARL BRACELET PINK,11,28.049999999999997,4,4,1,2.55,2010-01-28 13:27:00,2010-11-24 14:21:00,2.75,0.00014234120547867098,99.97745418318601
84705F,RED PEONY PHOTO FRAME,6,27.900000000000002,4,4,1,4.65,2009-12-17 17:16:00,2010-04-18 13:12:00,1.5,0.00014158002256167275,99.97759576320857
84745A,PINK HANGING GINGHAM EASTER HEN,66,27.72,14,14,1,0.42,2010-01-10 14:26:00,2011-04-27 12:08:00,4.714285714285714,0.00014066660306127487,99.97773642981163
23613,SET 10 XMAS CARDS & BADGES 17070,11,27.39,6,4,1,2.49,2011-09-07 16:48:00,2011-11-28 15:31:00,1.8333333333333333,0.00013899200064387875,99.97787542181227
21097,SET/6 GREEN SPRING  PAPER PLATE,32,27.2,7,6,1,0.85,2010-01-15 15:05:00,2010-06-21 13:04:00,4.571428571428571,0.00013802783561568096,99.97801344964789
84867b,BLUE BABY BOY'S PHOTO ALBUM,2,27.14,1,1,1,13.57,2010-01-25 15:42:00,2010-01-25 15:42:00,2.0,0.00013772336244888167,99.97815117301033
90214O,"LETTER ""O"" BLING KEY RING",23,27.11,16,15,1,1.25,2009-12-09 15:03:00,2011-10-18 17:00:00,1.4375,0.00013757112586548203,99.9782887441362
90187A,BLUE DROP EARRINGS W BEAD CLUSTER,8,27.04,7,7,1,3.39,2009-12-07 18:02:00,2011-02-28 16:50:00,1.1428571428571428,0.00013721590717088284,99.97842596004337
23702,High Resolution Image,4,27.0,3,3,2,3.0,2011-10-19 10:33:00,2011-11-16 11:09:00,1.3333333333333333,0.0001370129250596833,99.97856297296843
17013F,ORIGAMI SANDLEWOOD INCENSE IN TUBE,62,26.7,5,5,2,1.65,2009-12-21 17:20:00,2010-08-20 09:23:00,12.4,0.00013549055922568683,99.97869846352766
90027A,GLASS BEAD HOOP EARRINGS BLACK,9,26.52,6,6,1,2.95,2010-03-21 14:04:00,2011-08-30 12:40:00,1.5,0.00013457713972528894,99.97883304066738
84876C,SILVER HEART COMPACT MIRROR,7,26.25,4,3,1,3.75,2009-12-13 11:16:00,2010-03-07 12:06:00,1.75,0.00013320701047469212,99.97896624767786
90041,PEARL AND CHERRY QUARTZ BRACLET,7,25.67,6,6,1,3.73,2009-12-09 09:42:00,2011-12-02 16:39:00,1.1666666666666667,0.00013026376986229892,99.97909651144772
90214V,"LETTER ""V"" BLING KEY RING",26,25.5,23,22,1,0.85,2010-02-03 11:58:00,2011-11-04 15:52:00,1.1304347826086956,0.0001294010958897009,99.97922591254361
90142A,GREEN PENDANT SHELL NECKLACE,5,25.45,4,4,1,5.09,2010-06-25 15:13:00,2010-12-17 17:08:00,1.25,0.0001291473682507015,99.97935505991187
DCGS0070,CAMOUFLAGE DOG COLLAR,2,25.44,2,2,1,12.72,2010-04-01 15:04:00,2010-12-21 13:06:00,1.0,0.0001290966227229016,99.9794841565346
85035a,GARDENIA 3 WICK MORRIS BOXED CANDLE,3,25.410000000000004,3,3,1,8.47,2010-11-24 10:03:00,2010-12-21 15:21:00,1.0,0.000128944386139502,99.97961310092073
84951b,S/4 BLACK LOVEBIRD COASTERS,5,25.409999999999997,4,3,1,5.06,2009-12-22 15:05:00,2010-03-05 14:43:00,1.25,0.00012894438613950194,99.97974204530686
21353,SILVER SLEIGHBELL  WREATH,2,25.3,2,2,1,12.65,2009-12-07 15:28:00,2009-12-22 15:01:00,1.0,0.00012838618533370325,99.9798704314922
90053,CRACKED GLAZE EARRINGS IVORY,10,25.23,10,10,1,2.54,2010-01-11 14:35:00,2011-10-07 15:09:00,1.0,0.00012803096663910408,99.97999846245884
17091F,SANDALWOOD INCENSE IN TIN,17,25.21,7,3,1,1.25,2009-12-08 13:41:00,2010-01-10 12:25:00,2.4285714285714284,0.00012792947558350431,99.98012639193442
72801g,S/4 BURGUNDY WINE DINNER CANDLES,10,25.099999999999998,3,3,1,2.51,2010-02-19 11:08:00,2010-11-04 09:38:00,3.3333333333333335,0.0001273712747777056,99.98025376320919
84596b,SMALL DOLLY MIX DESIGN ORANGE BOWL,10,25.099999999999998,8,5,1,2.51,2010-06-08 15:24:00,2010-12-21 15:20:00,1.25,0.0001273712747777056,99.98038113448396
90128C,GREEN LEAVES AND BEADS PHONE CHARM,17,25.04,6,6,2,1.855,2009-12-18 17:06:00,2011-09-28 16:24:00,2.8333333333333335,0.0001270668016109063,99.98050820128557
23620,SET 10 CARDS PERFECT POST 17090,10,24.900000000000002,7,6,1,2.49,2011-09-02 16:39:00,2011-11-18 15:59:00,1.4285714285714286,0.00012635636422170794,99.9806345576498
23637,SET 10 CARDS OUT OF ORDER 17216,10,24.900000000000002,8,7,1,2.49,2011-09-07 12:02:00,2011-11-30 15:13:00,1.25,0.00012635636422170794,99.98076091401401
85034a,3 GARDENIA MORRIS BOXED CANDLES,3,24.869999999999997,3,3,1,8.29,2011-05-23 14:19:00,2011-11-08 15:24:00,1.0,0.00012620412763830827,99.98088711814165
84550,CROCHET LILAC/RED BEAR KEYRING,15,24.749999999999996,5,5,1,1.65,2009-12-11 15:37:00,2011-11-25 14:02:00,3.0,0.00012559518130470968,99.98101271332295
35596,WOOD XMAS TREE 9 FIG SHELVES,29,24.65,4,2,1,0.85,2010-10-12 11:39:00,2010-10-22 11:00:00,7.25,0.00012508772602671088,99.98113780104899
35597D,PINK/WHITE CHRISTMAS TREE 30CM,57,24.630000000000003,6,4,1,0.65,2010-10-28 17:46:00,2011-09-01 16:45:00,9.5,0.00012498623497111114,99.98126278728395
10124A,SPOTS ON RED BOOKCOVER TAPE,58,24.36,18,16,1,0.42,2010-03-19 14:05:00,2011-11-06 13:00:00,3.2222222222222223,0.00012361610572051427,99.98138640338968
84450A,PINK RABBIT SITTING EASTER,52,24.18,5,4,2,0.42,2009-12-16 13:49:00,2010-02-03 12:21:00,10.4,0.00012270268622011638,99.9815091060759
37494a,FAIRY CAKE CERAMIC BUTTER DISH,4,24.16,3,1,1,6.04,2009-12-22 14:48:00,2009-12-22 15:13:00,1.3333333333333333,0.00012260119516451661,99.98163170727106
84575B,BROWN DOG CANNISTER W BONE,4,23.8,3,3,2,5.95,2009-12-09 15:20:00,2010-02-15 08:41:00,1.3333333333333333,0.00012077435616372085,99.98175248162723
79302m,"ART LIGHTS,FUNK MONKEY",4,23.77,4,4,1,5.91,2009-12-22 15:12:00,2010-04-09 14:59:00,1.0,0.0001206221195803212,99.9818731037468
90128B,BLUE LEAVES AND BEADS PHONE CHARM,18,23.759999999999998,6,6,2,1.25,2010-01-24 12:15:00,2010-12-09 14:09:00,3.0,0.00012057137405252132,99.98199367512086
35633B,BLUE TINSEL GARLAND,125,23.75,11,8,1,0.19,2009-12-07 13:48:00,2010-11-28 15:09:00,11.363636363636363,0.00012052062852472144,99.98211419574939
17014F,ORIGAMI SANDLEWOOD INCENSE CONES,61,23.699999999999996,4,4,2,1.65,2010-01-21 13:33:00,2010-08-20 09:23:00,15.25,0.000120266900885722,99.98223446265027
47556b,TEA TIME TEA TOWELS,4,23.64,4,4,1,5.91,2010-02-19 11:07:00,2010-08-02 13:48:00,1.0,0.00011996242771892273,99.98235442507799
90011E,AMBER CRYSTAL DROP EARRINGS,8,23.61,8,8,1,2.955,2009-12-08 14:36:00,2011-09-15 16:32:00,1.0,0.00011981019113552308,99.98247423526912
85040b,SET/4 BLUE FLOWER CANDLES IN BOWL,7,23.519999999999996,3,3,1,3.36,2010-04-26 13:30:00,2010-06-24 11:35:00,2.3333333333333335,0.0001193534813853241,99.9825935887505
47552A,DOTS IRONING BOARD COVER,12,23.4,11,8,1,1.95,2009-12-10 16:21:00,2010-06-17 15:08:00,1.0909090909090908,0.00011874453505172554,99.98271233328556
23623,SET 10 CARD CHRISTMAS WELCOME 17112,8,23.28,6,5,1,2.91,2011-09-02 16:39:00,2011-11-29 16:33:00,1.3333333333333333,0.00011813558871812695,99.98283046887428
90182A,AMBER 3 BEAD DROP EARRINGS,8,23.259999999999998,8,5,1,2.9,2010-11-29 09:46:00,2011-11-16 15:23:00,1.0,0.00011803409766252718,99.98294850297195
23447,PINK BUNNY EASTER EGG BASKET,14,23.099999999999998,3,2,1,1.65,2011-10-10 13:55:00,2011-10-23 16:13:00,4.666666666666667,0.00011722216921772906,99.98306572514117
84456,SET OF 3 RABBIT EGG EASTER,25,22.95,15,12,1,0.85,2010-01-11 09:35:00,2010-06-25 16:22:00,1.6666666666666667,0.00011646098630073082,99.98318218612748
90095,NECKLACE+BRACELET SET PINK BLOSSOM,8,22.909999999999997,3,3,1,2.55,2010-03-08 12:40:00,2010-06-27 10:48:00,2.6666666666666665,0.00011625800418953126,99.98329844413166
90055,CRACKED GLAZE EARRINGS BROWN,9,22.8,9,9,1,2.54,2010-01-11 09:35:00,2011-11-15 16:57:00,1.0,0.00011569980338373258,99.98341414393505
90025E,BAROQUE BUTTERFLY EARRINGS MONTANA,6,22.6,6,6,1,3.75,2010-03-07 15:34:00,2011-06-06 16:06:00,1.0,0.00011468489282773492,99.98352882882787
90025C,BAROQUE BUTTERFLY EARRINGS GREEN,6,22.56,6,6,1,3.75,2010-02-17 10:28:00,2010-10-24 14:45:00,1.0,0.00011448191071653539,99.98364331073859
90189B,GOLD 2 STRAND NECKLACE-LEAF CHARMS,3,22.5,2,2,1,7.5,2010-02-16 13:49:00,2010-04-29 17:57:00,1.5,0.0001141774375497361,99.98375748817614
37477C,"FLOWER FAIRY MUG+COASTER,ROSE",6,22.5,1,1,1,3.75,2010-11-23 11:13:00,2010-11-23 11:13:00,6.0,0.0001141774375497361,99.98387166561369
90084,PINK CRYSTAL GUITAR PHONE CHARM,26,22.099999999999998,5,5,1,0.85,2009-12-07 13:59:00,2011-03-06 11:39:00,5.2,0.00011214761643774079,99.98398381323013
35652,VINTAGE BEAD CHAISE LONG JEWEL BOX,18,21.5,2,2,1,3.625,2009-12-16 12:29:00,2010-03-08 13:41:00,9.0,0.00010910288476974782,99.98409291611489
90035B,"PEARL & SHELL 42""NECKL. PINK",2,21.5,2,2,1,10.75,2010-06-13 11:21:00,2010-06-24 18:06:00,1.0,0.00010910288476974782,99.98420201899965
84387A,BIRD ON BRANCH CANVAS SCREEN,11,21.45,1,1,1,1.95,2011-07-21 11:55:00,2011-07-21 11:55:00,11.0,0.00010884915713074841,99.98431086815678
23446,BLUE BUNNY EASTER EGG BASKET,13,21.449999999999996,2,1,1,1.65,2011-10-10 13:55:00,2011-10-16 14:07:00,6.5,0.00010884915713074838,99.98441971731391
35591T,TURQUOISE CHRISTMAS TREE,17,21.25,9,7,1,1.25,2010-09-05 14:01:00,2011-11-20 12:36:00,1.8888888888888888,0.00010783424657475075,99.98452755156049
21387,IVORY HANGING DECORATION  RABBIT,25,21.25,4,2,1,0.85,2010-02-23 13:03:00,2010-03-01 15:05:00,6.25,0.00010783424657475075,99.98463538580707
72724,SET/6 CHRISTMAS ICICLE T-LIGHTS,17,21.25,4,1,1,1.25,2009-12-07 12:42:00,2009-12-10 18:27:00,4.25,0.00010783424657475075,99.98474322005364
79413,GLASS WINE GLASS DECORATIONS,17,21.25,7,4,1,1.25,2009-12-13 11:32:00,2010-05-04 13:49:00,2.4285714285714284,0.00010783424657475075,99.98485105430022
90128D,PURPLE LEAVES AND BEADS PHONE CHAR,13,21.24,7,7,1,2.46,2010-02-24 15:23:00,2011-02-15 09:44:00,1.8571428571428572,0.00010778350104695087,99.98495883780127
21594,Dr. Jam's Arouzer Stress Ball,5,21.06,5,5,1,4.21,2009-12-09 09:42:00,2011-01-14 14:06:00,1.0,0.00010687008154655298,99.98506570788282
18010,ASSORTED FRAGRANCE BATH CONFETTI,50,21.0,5,4,1,0.42,2009-12-13 11:16:00,2010-01-28 13:23:00,10.0,0.00010656560837975369,99.9851722734912
23692,WRAP A PRETTY THANK YOU,50,21.0,2,2,2,0.42,2011-11-09 11:17:00,2011-11-30 10:54:00,25.0,0.00010656560837975369,99.98527883909958
35603B,S/16 BLACK SHINY/MAT BAUBLES,50,21.0,2,1,1,0.42,2009-12-17 19:33:00,2009-12-18 15:02:00,25.0,0.00010656560837975369,99.98538540470796
DCGS0072,CAT CAMOUFLAGUE COLLAR,4,20.68,3,1,1,5.17,2009-12-14 17:57:00,2009-12-18 17:15:00,1.3333333333333333,0.00010494175149015744,99.98549034645944
46776a,WOVEN BUBBLE GUM CUSHION COVER,5,20.65,1,1,1,4.13,2011-10-31 14:41:00,2011-10-31 14:41:00,5.0,0.00010478951490675779,99.98559513597435
79172D,PURPLE TINT ACRYLIC FLOWER VASE,24,20.4,4,4,1,0.85,2010-03-08 13:38:00,2010-10-31 13:35:00,6.0,0.00010352087671176071,99.98569865685106
85232a,SET/3 POLKA DOT STACKING TINS,2,20.34,2,2,1,10.17,2010-04-09 14:55:00,2010-05-26 12:52:00,1.0,0.00010321640354496143,99.9858018732546
84536a,ENGLISH ROSE NOTEBOOK A7 SIZE,25,19.970000000000002,12,10,1,0.81,2010-03-29 14:59:00,2011-11-20 13:58:00,2.0833333333333335,0.00010133881901636578,99.98590321207362
90082C,DIAMANTE BOW BROOCH WHITE COLOUR,3,19.93,3,3,1,6.79,2010-01-13 17:08:00,2010-02-10 13:43:00,1.0,0.00010113583690516623,99.98600434791052
23640,SET 10 CARDS SCOTTIE DOG 17211,8,19.92,7,7,1,2.49,2011-09-07 16:15:00,2011-12-01 16:22:00,1.1428571428571428,0.00010108509137736637,99.9861054330019
23601,SET 10 CARDS SNOWY SNOWDROPS  17100,8,19.92,4,3,1,2.49,2011-09-23 17:04:00,2011-11-28 15:31:00,2.0,0.00010108509137736637,99.98620651809327
23646,SET 10 CARDS JINGLE BELLS 16957,8,19.92,5,4,1,2.49,2011-09-07 16:48:00,2011-11-17 15:17:00,1.6,0.00010108509137736637,99.98630760318464
90127A,PINK BEADS+HAND PHONE CHARM,14,19.92,2,2,1,1.855,2010-11-21 14:10:00,2011-07-15 16:27:00,7.0,0.00010108509137736637,99.98640868827601
37489C,GREEN/BLUE FLOWER DESIGN BIG MUG,25,19.81,10,10,1,0.39,2010-01-24 15:14:00,2011-09-14 16:36:00,2.5,0.00010052689057156763,99.98650921516659
84570B,WHITE SATIN DRESS JEWEL STAND,4,19.8,2,2,1,4.95,2009-12-15 11:49:00,2010-01-20 13:10:00,2.0,0.00010047614504376776,99.98660969131164
37488A,YELLOW PINK FLOWER DESIGN BIG BOWL,31,19.770000000000003,5,5,1,0.39,2010-02-23 11:14:00,2011-04-13 11:48:00,6.2,0.00010032390846036812,99.9867100152201
37487B,YELLOW/ORANGE FLOWER DESIGN PLATE,68,19.72,2,1,1,0.29,2011-04-11 11:51:00,2011-04-13 11:48:00,34.0,0.0001000701808213687,99.98681008540092
44092C,PURPLE/COPPER HANGING LAMPSHADE,23,19.55,10,9,1,0.85,2009-12-18 12:04:00,2011-10-20 12:34:00,2.3,9.920750684877069e-05,99.98690929290777
20680,PINK FLOWERS CHILDS UMBRELLA,6,19.5,4,3,1,3.25,2009-12-10 13:59:00,2010-01-22 16:28:00,1.5,9.895377920977128e-05,99.98700824668698
79062D,"RETRO TIN ASHTRAY,REVOLUTIONARY",52,19.4,4,4,1,0.29,2011-02-17 14:36:00,2011-08-16 17:25:00,13.0,9.844632393177245e-05,99.98710669301092
84030B,KNITTED POM POM HOT WATER BOTTLE,5,18.75,3,2,1,3.75,2010-02-09 16:18:00,2010-03-05 11:50:00,1.6666666666666667,9.514786462478007e-05,99.98720184087554
90025D,BAROQUE BUTTERFLY EARRINGS PINK,5,18.69,5,5,1,3.73,2010-02-16 13:49:00,2011-09-29 15:13:00,1.0,9.484339145798079e-05,99.987296684267
84732B,CUTE BIRD CEATURE SCREEN,28,18.48,6,6,1,1.65,2009-12-17 10:20:00,2011-08-18 20:05:00,4.666666666666667,9.377773537418325e-05,99.98739046200237
21582,KINGS CHOICE SMALL TUBE MATCHES,11,18.15,5,2,1,1.65,2009-12-07 15:15:00,2010-02-21 12:42:00,2.2,9.210313295678711e-05,99.98748256513532
84311,CAMOFLAGE CUSHION COVER,11,18.15,1,1,1,1.65,2010-02-09 16:18:00,2010-02-09 16:18:00,11.0,9.210313295678711e-05,99.98757466826828
90214Z,"LETTER ""Z"" BLING KEY RING",19,18.009999999999998,17,15,1,0.85,2009-12-10 11:42:00,2011-10-05 15:56:00,1.1176470588235294,9.139269556758875e-05,99.98766606096385
81950V,FLOWER PURPLE CLOCK W/SUCKER,31,17.95,9,8,1,0.85,2010-04-21 17:33:00,2011-07-13 15:42:00,3.4444444444444446,9.108822240078947e-05,99.98775714918625
84986b,SET OF 36 SILVER PAPER DOILIES,6,17.88,5,5,1,2.98,2010-05-26 12:40:00,2010-08-06 15:33:00,1.2,9.073300370619029e-05,99.98784788218995
84614C,BLUE BAROQUE FLOCK CANDLE HOLDER,3,17.85,1,1,1,5.95,2010-01-05 13:58:00,2010-01-05 13:58:00,3.0,9.058076712279064e-05,99.98793846295708
71050,SMALL SINGLE FLAME CANDLE HOLDER,51,17.849999999999998,8,7,1,0.35,2010-06-08 14:10:00,2011-12-02 12:52:00,6.375,9.058076712279063e-05,99.9880290437242
72801e,S/4 FESTIVE GREEN DINNER CANDLES,7,17.57,4,4,1,2.51,2010-03-29 15:02:00,2010-08-12 10:39:00,1.75,8.915989234439392e-05,99.98811820361654
85225,BLING KEY RING STAND,14,17.5,9,9,1,1.25,2009-12-13 11:49:00,2011-04-28 16:11:00,1.5555555555555556,8.880467364979475e-05,99.98820700829019
23645,SET 10 CHRISTMAS CARDS HOHOHO 16956,7,17.43,3,3,1,2.49,2011-10-27 17:15:00,2011-11-15 17:00:00,2.3333333333333335,8.844945495519557e-05,99.98829545774514
23627,SET 10 CARDS XMAS GRAPHIC  17218,7,17.43,2,2,1,2.49,2011-11-11 09:05:00,2011-11-25 14:25:00,3.5,8.844945495519557e-05,99.98838390720009
85079,EMBROIDERED REINDEER DECORATION,16,17.41,6,3,1,0.85,2009-12-07 15:42:00,2009-12-23 11:51:00,2.6666666666666665,8.83479638995958e-05,99.98847225516398
37482p,CUBIC MUG PINK POLKA DOT,1,17.35,1,1,1,17.35,2009-12-22 15:12:00,2009-12-22 15:12:00,1.0,8.804349073279652e-05,99.98856029865472
37482b,CUBIC MUG BLUE POLKA DOT,1,17.35,1,1,1,17.35,2009-12-22 15:10:00,2009-12-22 15:10:00,1.0,8.804349073279652e-05,99.98864834214545
DCGS0066N,NAVY CUDDLES DOG HOODIE,2,17.3,2,1,1,8.65,2009-12-22 15:05:00,2009-12-22 15:07:00,1.0,8.778976309379709e-05,99.98873613190855
16201B,PASTEL BLUE PHOTO ALBUM,5,17.150000000000002,2,1,1,3.43,2009-12-07 18:02:00,2009-12-10 09:49:00,2.5,8.702858017679886e-05,99.98882316048874
84993b,75 BLACK PETIT FOUR CASES,20,16.99,13,6,1,0.85,2010-01-25 15:40:00,2010-04-26 13:30:00,1.5384615384615385,8.621665173200071e-05,99.98890937714047
21120,*Boombox Ipod Classic,1,16.98,1,1,1,16.98,2010-12-09 14:09:00,2010-12-09 14:09:00,1.0,8.616590620420084e-05,99.98899554304668
20954,*USB Office Mirror Ball,2,16.94,2,1,1,8.47,2010-12-17 14:54:00,2010-12-17 17:08:00,1.0,8.596292409300133e-05,99.98908150597077
85036b,CHOCOLATE 1 WICK MORRIS BOX CANDLE,2,16.94,2,2,1,8.47,2010-10-22 14:04:00,2010-12-03 11:28:00,1.0,8.596292409300133e-05,99.98916746889486
85035c,ROSE 3 WICK MORRIS BOX CANDLE,2,16.94,2,2,1,8.47,2010-11-24 09:55:00,2010-12-07 15:34:00,1.0,8.596292409300133e-05,99.98925343181895
47591c,BLUE FAIRY CAKE CHILD'S APRON,4,16.84,3,3,1,4.21,2010-06-04 14:55:00,2010-07-07 11:18:00,1.3333333333333333,8.545546881500249e-05,99.98933888728777
44089A,PINK GAUZE BUTTERFLY LAMPSHADE,40,16.8,13,10,1,0.42,2010-02-04 12:08:00,2011-11-27 13:26:00,3.076923076923077,8.525248670380295e-05,99.98942413977447
72785A,S/4 CONTEMPORY PINK ROSEBUD CANDLES,8,16.8,4,4,1,2.1,2009-12-11 14:20:00,2010-02-19 17:40:00,2.0,8.525248670380295e-05,99.98950939226117
21511,VINTAGE COLLAGE  GREETING  CARD,40,16.8,2,2,1,0.42,2010-04-13 12:21:00,2010-05-21 12:06:00,20.0,8.525248670380295e-05,99.98959464474787
84031b,CHARLIE LOLA BLUE HOT WATER BOTTLE,1,16.63,1,1,1,16.63,2011-10-31 14:41:00,2011-10-31 14:41:00,1.0,8.438981273120495e-05,99.9896790345606
84031a,CHARLIE+LOLA RED HOT WATER BOTTLE,1,16.63,1,1,1,16.63,2011-10-31 14:41:00,2011-10-31 14:41:00,1.0,8.438981273120495e-05,99.98976342437332
85036a,GARDENIA 1 WICK MORRIS BOXED CANDLE,2,16.58,1,1,1,8.29,2011-07-12 13:46:00,2011-07-12 13:46:00,2.0,8.413608509220552e-05,99.98984756045841
85160b,BLACK BIRD GARDEN DESIGN MUG,1,16.13,1,1,1,16.13,2010-03-29 14:54:00,2010-03-29 14:54:00,1.0,8.185253634121081e-05,99.98992941299475
90102,WHITE FRANGIPANI HAIR CLIP,19,16.11,4,4,1,0.85,2010-01-25 09:54:00,2011-06-07 12:47:00,4.75,8.175104528561105e-05,99.99001116404004
62074B,ELEPHANT CLIP W SUCTION CUP,38,15.96,12,11,1,0.42,2009-12-13 11:05:00,2011-07-12 15:29:00,3.1666666666666665,8.09898623686128e-05,99.99009215390241
84630,FLOWERS AND BIRDS WALL PLAQUE,2,15.9,1,1,1,7.95,2010-01-21 11:25:00,2010-01-21 11:25:00,2.0,8.068538920181351e-05,99.99017283929162
84912a,PINK ROSE WASHBAG,2,15.56,1,1,1,7.78,2009-12-22 15:13:00,2009-12-22 15:13:00,2.0,7.89600412566175e-05,99.99025179933287
10002R,ROBOT PENCIL SHARPNER,3,15.399999999999999,2,2,1,5.115,2009-12-18 17:15:00,2010-01-25 17:36:00,1.5,7.814811281181936e-05,99.99032994744567
18097B,BLUE TALL PORCELAIN T-LIGHT HOLDER,6,15.299999999999999,2,2,1,2.55,2009-12-09 14:16:00,2010-01-17 14:53:00,3.0,7.764065753382055e-05,99.99040758810321
37481,CUBIC MUG TEATIME CAKES,6,15.299999999999999,1,1,1,2.55,2010-06-06 11:20:00,2010-06-06 11:20:00,6.0,7.764065753382055e-05,99.99048522876075
84509e,SET OF 4 CAROUSEL PLACEMATS,2,15.24,1,1,1,7.62,2010-07-07 11:19:00,2010-07-07 11:19:00,2.0,7.733618436702125e-05,99.99056256494511
85124c,GREEN JUICY FRUIT PHOTO FRAME,3,15.18,2,2,1,5.06,2010-07-22 12:18:00,2010-08-26 09:41:00,1.5,7.703171120022195e-05,99.99063959665631
17174,ASSTD RASTA KEY-CHAINS,36,15.120000000000001,7,6,3,0.42,2010-02-01 09:52:00,2011-11-24 15:01:00,5.142857142857143,7.672723803342266e-05,99.99071632389435
m,Manual,5,15.049999999999999,4,4,1,2.55,2010-02-19 10:56:00,2010-12-21 15:18:00,1.25,7.637201933882348e-05,99.99079269591368
23449,SET OF 6 EASTER RAINBOW CHICKS,12,15.0,1,1,1,1.25,2011-11-15 17:14:00,2011-11-15 17:14:00,12.0,7.611829169982406e-05,99.99086881420538
90068,"RUBY GLASS NECKLACE 42""",2,15.0,2,2,1,7.5,2010-09-28 15:09:00,2011-03-18 11:32:00,1.0,7.611829169982406e-05,99.99094493249709
21475,SWEETHEART CREAM STEEL FOLDIN CHAIR,1,14.95,1,1,1,14.95,2009-12-16 17:40:00,2009-12-16 17:40:00,1.0,7.586456406082465e-05,99.99102079706115
84509g,SET OF 4 FAIRY CAKE PLACEMATS,2,14.92,2,1,1,7.46,2011-05-10 15:04:00,2011-05-10 15:07:00,1.0,7.5712327477425e-05,99.99109650938863
35650,VINTAGE BEAD PINK JEWEL STAND,3,14.850000000000001,3,3,1,4.95,2010-06-03 12:38:00,2011-08-01 11:57:00,1.0,7.535710878282584e-05,99.99117186649741
84567,FROSTED GLASS WITH SILVER SURROUND,9,14.85,1,1,1,1.65,2010-01-20 14:09:00,2010-01-20 14:09:00,9.0,7.535710878282582e-05,99.9912472236062
84206A,3 BLACK CATS W HEARTS BLANK CARD,78,14.820000000000002,8,6,2,0.19,2010-01-25 15:54:00,2011-11-25 11:54:00,9.75,7.520487219942619e-05,99.9913224284784
SP1002,KID'S CHALKBOARD/EASEL,5,14.75,2,1,1,2.95,2010-10-07 11:12:00,2010-10-07 12:23:00,2.5,7.4849653504827e-05,99.9913972781319
90182B,AMETHYST 3 BEAD DROP EARRINGS,5,14.629999999999999,5,4,1,2.9,2009-12-16 17:01:00,2011-11-28 15:31:00,1.0,7.42407071712284e-05,99.99147151883908
23636,SET 10 CARDS WISHING TREE 17116,5,14.55,4,4,1,2.91,2011-10-24 17:03:00,2011-12-01 16:22:00,1.25,7.383474294882934e-05,99.99154535358203
21493,VINTAGE DESIGN GIFT TAGS,10,14.45,4,3,1,1.275,2009-12-07 17:56:00,2010-09-30 12:16:00,2.5,7.332728767083051e-05,99.99161868086969
90077,BLACK DIAMOND CLUSTER EARRINGS,5,14.399999999999999,5,5,1,2.96,2009-12-14 17:16:00,2011-09-07 16:15:00,1.0,7.307356003183109e-05,99.99169175442972
10124G,ARMY CAMO BOOKCOVER TAPE,33,14.28,10,10,1,0.42,2010-05-13 16:49:00,2011-11-06 13:00:00,3.3,7.246461369823251e-05,99.99176421904342
84868A,PINK BABY GIRL'S MEMORY BOX,2,13.9,2,1,1,6.95,2010-01-26 13:04:00,2010-01-31 12:43:00,1.0,7.053628364183696e-05,99.99183475532706
84406b,CREAM CUPID HEARTS COAT HANGER,2,13.82,2,1,1,6.91,2009-12-22 14:48:00,2009-12-22 15:09:00,1.0,7.01303194194379e-05,99.99190488564648
16245A,PINK MINI STATIONERY SET W CASE,11,13.75,7,6,1,1.25,2010-03-10 12:10:00,2010-07-12 11:59:00,1.5714285714285714,6.977510072483872e-05,99.9919746607472
35932,PINK CHRISTMAS TREE DECORATION,36,13.680000000000001,9,8,1,0.38,2009-12-13 11:23:00,2010-11-12 14:05:00,4.0,6.941988203023956e-05,99.99204408062923
35936,CERISE+GOLD CHRISTMAS TREE DEC,36,13.68,9,8,1,0.38,2009-12-11 13:52:00,2010-10-17 10:43:00,4.0,6.941988203023954e-05,99.99211350051125
79342b,BROWN FLOWER LIGHTS,1,13.57,1,1,1,13.57,2010-02-19 11:07:00,2010-02-19 11:07:00,1.0,6.886168122444083e-05,99.99218236219248
84867a,PINK BABY GIRLS PHOTO ALBUM,1,13.57,1,1,1,13.57,2010-05-05 14:28:00,2010-05-05 14:28:00,1.0,6.886168122444083e-05,99.99225122387371
72805,VANILLA CANDLE IN EMBOSSED ZINC POT,8,13.52,2,2,1,1.69,2010-01-28 17:13:00,2010-02-07 12:15:00,4.0,6.860795358544142e-05,99.99231983182729
21525,BEWARE OF THE CAT DOORMAT,2,13.5,2,1,1,6.75,2009-12-18 10:09:00,2009-12-18 10:11:00,1.0,6.850646252984165e-05,99.99238833828981
85039b,S/4 IVORY MINI ROSE CANDLE IN BOWL,4,13.44,1,1,1,3.36,2010-02-19 10:56:00,2010-02-19 10:56:00,4.0,6.820198936304236e-05,99.99245654027918
62097B,BLUE STRIPES SHOULDER BAG,11,13.37,4,4,1,0.83,2010-06-16 13:52:00,2011-05-23 11:52:00,2.75,6.784677066844318e-05,99.99252438704984
23644,SET 10 CARDS CHRISTMAS TREE 16955,4,13.32,4,4,1,3.33,2011-09-30 17:22:00,2011-11-28 15:31:00,1.0,6.759304302944377e-05,99.99259198009287
23639,SET 10 CARDS MAGICAL TREE 17086,4,13.32,4,4,1,3.33,2011-09-15 16:32:00,2011-11-17 15:17:00,1.0,6.759304302944377e-05,99.9926595731359
84250M,"GREETING CARD, BLACKPOOL ROCK",25,13.32,12,10,2,0.85,2010-01-08 16:29:00,2010-07-15 15:02:00,2.0833333333333335,6.759304302944377e-05,99.99272716617892
23607,SET 10 CARDS HATS & STOCKINGS 17081,8,13.28,7,7,1,1.66,2011-09-13 16:05:00,2011-11-24 09:21:00,1.1428571428571428,6.739006091824423e-05,99.99279455623984
85159b,"WHITE TEA,COFFEE,SUGAR JARS",1,13.0,1,1,1,13.0,2009-12-22 15:05:00,2009-12-22 15:05:00,1.0,6.596918613984752e-05,99.99286052542598
16192,PINK BALLET OPENING CUBE BOX,3,12.899999999999999,1,1,1,4.3,2009-12-18 17:06:00,2009-12-18 17:06:00,3.0,6.546173086184868e-05,99.99292598715684
21560,TOADSTOOL  LUNCHBOX WITH CUTLERY,3,12.89,3,1,1,5.17,2009-12-22 15:04:00,2009-12-22 15:06:00,1.0,6.541098533404881e-05,99.99299139814217
84989b,75 BLACK FAIRY CAKE CASES,10,12.8,6,4,1,1.28,2010-01-25 15:42:00,2010-06-24 11:31:00,1.6666666666666667,6.495427558384986e-05,99.99305635241775
44092B,BLUE WHITE PLASTIC RINGS LAMPSHADE,15,12.75,6,6,1,0.85,2010-07-18 13:22:00,2011-09-05 15:19:00,2.5,6.470054794485045e-05,99.99312105296569
35443,RASTA IN BATH W SPLIFF ASHTRAY,15,12.75,9,9,2,0.85,2010-02-19 17:02:00,2011-11-24 15:01:00,1.6666666666666667,6.470054794485045e-05,99.99318575351363
21772,VINTAGE METAL CAKE STAND CREAM,1,12.75,1,1,1,12.75,2010-01-05 13:58:00,2010-01-05 13:58:00,1.0,6.470054794485045e-05,99.99325045406157
85157,SET OF 2 CHESTS CHOCOLAT AU LAIT,1,12.72,1,1,1,12.72,2010-01-13 17:51:00,2010-01-13 17:51:00,1.0,6.45483113614508e-05,99.99331500237292
DCGS0037,KEY-RING CORKSCREW,1,12.72,1,1,1,12.72,2010-06-14 14:49:00,2010-06-14 14:49:00,1.0,6.45483113614508e-05,99.99337955068428
DCGS0075,CAMOUFLAGUE DOG LEAD,1,12.72,1,1,1,12.72,2010-04-01 15:04:00,2010-04-01 15:04:00,1.0,6.45483113614508e-05,99.99344409899564
35004p,SET OF 3 PINK FLYING DUCKS,1,12.72,1,1,1,12.72,2010-10-22 14:23:00,2010-10-22 14:23:00,1.0,6.45483113614508e-05,99.993508647307
35597A,DUSTY PINK CHRISTMAS TREE 30CM,10,12.5,4,3,1,1.25,2010-09-06 11:28:00,2010-12-06 12:15:00,2.5,6.343190974985338e-05,99.99357207921675
23616,SET 10 CARDS JINGLE BELLS 17217,5,12.450000000000001,4,4,1,2.49,2011-11-09 16:14:00,2011-11-29 16:47:00,1.25,6.317818211085397e-05,99.99363525739886
84596g,SMALL CHOCOLATES PINK BOWL,5,12.399999999999999,2,2,1,2.485,2010-11-26 14:41:00,2011-02-17 10:34:00,2.5,6.292445447185454e-05,99.99369818185333
90000C,OPAL WHITE/SILVER FLOWER NECKLACE,2,12.32,2,2,1,6.16,2009-12-13 10:48:00,2010-01-18 13:15:00,1.0,6.251849024945549e-05,99.99376070034359
44242A,LILAC FEATHERS CURTAIN,14,11.98,2,2,1,1.02,2010-03-25 13:05:00,2011-07-10 15:17:00,7.0,6.079314230425949e-05,99.9938214934859
90060C,FIRE POLISHED GLASS NECKL SILVER,2,11.9,2,2,1,5.95,2010-05-27 20:20:00,2010-07-04 11:40:00,1.0,6.0387178081860425e-05,99.99388188066398
21347,GOTHIC CARRIAGE LANTERN,2,11.9,2,2,1,5.95,2010-03-09 13:26:00,2010-04-01 16:40:00,1.0,6.0387178081860425e-05,99.99394226784206
22206,"MUG , DOTCOMGIFTSHOP.COM",14,11.82,10,9,1,0.85,2010-06-07 14:22:00,2011-11-21 15:18:00,1.4,5.998121385946136e-05,99.99400224905592
85179a,GREEN BITTY LIGHT CHAIN,2,11.780000000000001,2,2,1,5.890000000000001,2010-10-28 09:57:00,2011-11-29 11:23:00,1.0,5.977823174826183e-05,99.99406202728767
90011D,PURPLE CRYSTAL DROP EARRINGS,4,11.719999999999999,4,4,1,2.9299999999999997,2010-03-09 12:48:00,2011-11-22 15:41:00,1.0,5.9473758581462536e-05,99.99412150104625
23605,SET 10 CARDS 12 DAYS OF XMAS 17059,4,11.64,1,1,1,2.91,2011-10-05 15:56:00,2011-10-05 15:56:00,4.0,5.9067794359063474e-05,99.9941805688406
23634,SET 10 CARDS XMAS CHOIR 17068,4,11.64,4,4,1,2.91,2011-09-02 16:39:00,2011-11-25 14:25:00,1.0,5.9067794359063474e-05,99.99423963663496
79149B,SILICON STAR BULB  BLUE,27,11.34,10,10,1,0.42,2010-02-07 15:07:00,2011-11-28 14:12:00,2.7,5.754542852506699e-05,99.99429718206348
90025B,BAROQUE BUTTERFLY EARRINGS RED,3,11.29,3,3,1,3.75,2010-03-07 15:34:00,2011-04-21 16:17:00,1.0,5.729170088606758e-05,99.99435447376436
84743C,ORANGE FELT VASE + FLOWERS,9,11.25,5,5,1,1.25,2010-03-12 16:18:00,2011-03-31 13:14:00,1.8,5.708871877486805e-05,99.99441156248314
84366,VENDETTA CANVAS PICTURE,3,11.25,3,3,1,3.75,2010-02-02 11:40:00,2010-05-13 15:41:00,1.0,5.708871877486805e-05,99.99446865120191
17011B,ORIGAMI JASMINE INCENSE+FLOWER,19,11.100000000000001,2,2,2,1.2,2010-05-30 11:02:00,2010-08-20 09:23:00,9.5,5.632753585786982e-05,99.99452497873777
47590a,BLUE HAPPY BIRTHDAY BUNTING,1,11.02,1,1,1,11.02,2010-07-07 11:18:00,2010-07-07 11:18:00,1.0,5.5921571635470745e-05,99.9945809003094
72785B,S/4 CONTEMPORY RED ROSEBUD CANDLES,9,10.9,3,2,1,2.1,2009-12-11 14:20:00,2010-01-29 17:25:00,3.0,5.531262530187215e-05,99.99463621293471
84732D,CUTE RABBIT CEATURE SCREEN,15,10.89,6,5,2,1.65,2009-12-17 10:20:00,2011-08-18 20:05:00,2.5,5.526187977407227e-05,99.99469147481449
20870,OPULENT VELVET CANDLE IN BOX,3,10.7,3,2,1,4.3,2009-12-09 09:51:00,2009-12-22 15:10:00,1.0,5.42977147458745e-05,99.99474577252923
16169A,WRAP CHRISTMAS DECOUPAGE,25,10.5,1,1,1,0.42,2010-04-29 18:18:00,2010-04-29 18:18:00,25.0,5.328280418987684e-05,99.99479905533342
21496,WOODLAND CREATURES  WRAP,25,10.5,1,1,1,0.42,2009-12-17 11:11:00,2009-12-17 11:11:00,25.0,5.328280418987684e-05,99.9948523381376
16169G,WRAP ROMANTIC DECOUPAGE,25,10.5,1,1,1,0.42,2009-12-10 14:28:00,2009-12-10 14:28:00,25.0,5.328280418987684e-05,99.9949056209418
21857,STAR WARS TOP TRUMPS GAME,2,10.23,2,2,1,5.115,2010-01-11 09:35:00,2010-01-20 17:50:00,1.0,5.191267493928001e-05,99.99495753361673
21853,GUMBALL CUSTOM CARS TOP TRUMPS GAME,2,10.23,2,2,1,5.115,2009-12-09 09:51:00,2010-04-19 10:43:00,1.0,5.191267493928001e-05,99.99500944629166
85124b,BLUE JUICY FRUIT PHOTO FRAME,2,10.23,2,2,1,5.115,2009-12-22 15:06:00,2010-06-24 11:39:00,1.0,5.191267493928001e-05,99.9950613589666
21858,HIGH SCHOOL MUSICAL 3 TOP TRUMPS,2,10.23,2,2,1,5.115,2009-12-10 09:49:00,2010-03-08 12:35:00,1.0,5.191267493928001e-05,99.99511327164153
20939,ORANGE CANDLE,12,10.2,1,1,1,0.85,2009-12-11 14:20:00,2009-12-11 14:20:00,12.0,5.1760438355880355e-05,99.99516503207988
85232d,SET/3 DECOUPAGE STACKING TINS,1,10.17,1,1,1,10.17,2010-09-28 09:34:00,2010-09-28 09:34:00,1.0,5.160820177248071e-05,99.99521664028165
84661c,PINK SQUARE TABLE CLOCK,2,10.12,2,2,1,5.06,2010-03-05 14:43:00,2010-11-24 09:55:00,1.0,5.135447413348129e-05,99.99526799475579
84661a,WHITE SQUARE TABLE CLOCK,2,10.02,2,2,1,5.01,2010-10-15 11:22:00,2011-05-17 15:37:00,1.0,5.084701885548247e-05,99.99531884177465
23624,SET 10 CARD PERFECT NATIVITY 17089,4,9.96,4,3,1,2.49,2011-09-22 16:28:00,2011-11-11 09:05:00,1.0,5.054254568868318e-05,99.99536938432034
23619,SET 10 CARDS POINSETTIA 17093,4,9.96,2,2,1,2.49,2011-10-05 15:56:00,2011-11-08 18:29:00,2.0,5.054254568868318e-05,99.99541992686603
23654,SET 10 CARD SNOWMAN 16965,4,9.96,3,3,1,2.49,2011-10-27 17:15:00,2011-12-01 16:22:00,1.3333333333333333,5.054254568868318e-05,99.99547046941173
84971s,SMALL HEART FLOWERS HOOK,6,9.959999999999999,3,3,1,1.66,2010-05-26 12:43:00,2010-10-28 10:00:00,2.0,5.054254568868317e-05,99.99552101195742
78056,CAMOUFLAGE BACKPACK ON WHEELS,1,9.95,1,1,1,9.95,2009-12-08 15:20:00,2009-12-08 15:20:00,1.0,5.0491800160883286e-05,99.99557150375759
85049b,LUSH GREENS RIBBONS,4,9.94,3,3,1,2.46,2010-06-24 11:35:00,2011-09-20 14:46:00,1.3333333333333333,5.044105463308341e-05,99.99562194481223
72796A,S/3 ENGLISH LAVENDER SQU CANDLE,6,9.899999999999999,4,4,1,1.65,2010-01-17 13:55:00,2010-04-29 17:57:00,1.5,5.023807252188387e-05,99.99567218288475
85231g,ORANGE SCENTED SET/9 T-LIGHTS,6,9.78,6,6,1,1.63,2011-01-14 10:12:00,2011-05-10 15:09:00,1.0,4.962912618828529e-05,99.99572181201094
81953P,ROUND ARTICULATED PINK CLOCK W/SUCK,33,9.57,6,5,1,0.52,2010-02-24 12:19:00,2011-07-21 11:55:00,5.5,4.856347010448775e-05,99.99577037548104
20822,SILVER WINE GOBLET,2,9.3,1,1,1,4.65,2010-02-01 15:32:00,2010-02-01 15:32:00,2.0,4.719334085389092e-05,99.99581756882189
72708,SCULPTED ROUND IVORY CANDLE,44,9.24,5,4,2,0.21,2009-12-10 14:19:00,2010-08-23 11:58:00,8.8,4.6888867687091626e-05,99.99586445768958
90184c,BLACK CHUNKY BEAD BRACELET W STRAP,1,9.15,1,1,1,9.15,2011-10-31 14:41:00,2011-10-31 14:41:00,1.0,4.643215793689268e-05,99.99591088984751
35598C,WHITE CHRISTMAS TREE 60CM,3,8.850000000000001,3,3,1,2.95,2009-12-18 16:36:00,2011-11-24 12:25:00,1.0,4.49097921028962e-05,99.99595579963962
62097A,PINK STRIPES SHOULDER BAG,3,8.850000000000001,3,3,1,2.95,2009-12-11 16:48:00,2010-08-06 09:41:00,1.0,4.49097921028962e-05,99.99600070943173
18098B,BLUE PORCELAIN B'FLY OIL BURNER,3,8.850000000000001,3,3,1,2.95,2009-12-13 15:54:00,2010-02-24 13:48:00,1.0,4.49097921028962e-05,99.99604561922384
20882,MODERN CHRISTMAS TREE CANDLE,3,8.850000000000001,2,2,1,2.95,2009-12-13 13:53:00,2009-12-16 13:56:00,1.5,4.49097921028962e-05,99.99609052901594
23608,SET 10 CARDS RUDOLPHS NOSE 17097,3,8.73,2,2,1,2.91,2011-11-03 15:56:00,2011-11-15 17:00:00,1.5,4.430084576929761e-05,99.99613482986172
71496B,A4 WALL TIDY RED FLOWERS,15,8.67,6,5,1,0.5900000000000001,2010-04-20 14:33:00,2011-11-02 14:31:00,2.5,4.399637260249831e-05,99.99617882623431
21406,SPOTTY CAT DOORSTOP,1,8.65,1,1,1,8.65,2009-12-14 17:16:00,2009-12-14 17:16:00,1.0,4.3894881546898546e-05,99.99622272111586
90013E,AMBER VINTAGE EARRINGS,2,8.57,2,2,1,4.285,2009-12-09 09:42:00,2010-01-13 17:03:00,1.0,4.3488917324499484e-05,99.99626621003318
72752B,"F.FAIRY,CANDLE IN GLASS,LAVENDER",2,8.5,1,1,1,4.25,2009-12-11 15:37:00,2009-12-11 15:37:00,2.0,4.3133698629900305e-05,99.99630934373181
90126B,BLUE BERTIE MOBILE PHONE CHARM,3,8.48,3,3,1,3.36,2009-12-18 17:06:00,2010-03-26 14:32:00,1.0,4.303220757430054e-05,99.99635237593938
DCGS0068,DOGS NIGHT COLLAR,1,8.47,1,1,1,8.47,2010-01-19 17:49:00,2010-01-19 17:49:00,1.0,4.298146204650066e-05,99.99639535740143
84796b,BLUE SAVANNAH PICNIC HAMPER FOR 2,1,8.47,1,1,1,8.47,2010-07-26 11:00:00,2010-07-26 11:00:00,1.0,4.298146204650066e-05,99.99643833886347
72803b,OCEAN SCENT CANDLE JEWELLED DRAWER,1,8.47,1,1,1,8.47,2010-12-03 11:28:00,2010-12-03 11:28:00,1.0,4.298146204650066e-05,99.99648132032551
84030b,KNITTED POM POM HOT WATER BOTTLE,1,8.46,1,1,1,8.46,2010-01-25 15:38:00,2010-01-25 15:38:00,1.0,4.293071651870078e-05,99.99652425104203
23441,HAND PAINTED HANGING EASTER EGG,20,8.4,2,1,1,0.42,2011-11-23 10:39:00,2011-11-25 14:53:00,10.0,4.262624335190148e-05,99.99656687728539
23635,SET 10 CARDS CHRISTMAS HOLLY  17259,2,8.32,2,2,1,4.16,2011-10-05 15:56:00,2011-11-17 15:17:00,1.0,4.2220279129502416e-05,99.99660909756452
84534b,FAIRY CAKE NOTEBOOK A5 SIZE,5,8.3,4,4,1,1.66,2010-06-24 11:31:00,2010-12-21 15:23:00,1.25,4.211878807390266e-05,99.99665121635259
23612,SET 10 MINICARDS CUTE SNOWMAN 17071,5,8.299999999999999,2,2,1,1.66,2011-10-06 16:08:00,2011-11-17 15:17:00,2.5,4.211878807390264e-05,99.99669333514066
72802c,VANILLA SCENT CANDLE JEWELLED BOX,1,8.29,1,1,1,8.29,2011-11-23 11:11:00,2011-11-23 11:11:00,1.0,4.206804254610276e-05,99.99673540318321
85034b,3 WHITE CHOC MORRIS BOXED CANDLES,1,8.29,1,1,1,8.29,2011-11-25 15:23:00,2011-11-25 15:23:00,1.0,4.206804254610276e-05,99.99677747122576
90214Y,"LETTER ""Y"" BLING KEY RING",8,7.9399999999999995,8,8,1,0.85,2010-11-03 12:07:00,2011-10-18 16:58:00,1.0,4.029194907310687e-05,99.99681776317483
84029c,BROWN FURRY HOT WATER BOTTLE,1,7.78,1,1,1,7.78,2009-12-22 15:13:00,2009-12-22 15:13:00,1.0,3.948002062830875e-05,99.99685724319546
85083,KISS REINDEER SCANDINAVIAN STOCKING,3,7.6499999999999995,1,1,1,2.55,2009-12-10 18:27:00,2009-12-10 18:27:00,3.0,3.882032876691027e-05,99.99689606352423
44091A,BLUE CRUSOE CHECK LAMPSHADE,18,7.56,6,6,1,0.42,2010-03-26 14:16:00,2011-07-20 11:38:00,3.0,3.836361901671133e-05,99.99693442714324
90025A,BAROQUE BUTTERFLY EARRINGS BLACK,2,7.5,2,2,1,3.75,2011-04-10 15:19:00,2011-10-09 15:24:00,1.0,3.805914584991203e-05,99.9969724862891
51012L,"FEATHER DUSTER, LIGHT PINK",6,7.5,3,1,1,1.25,2009-12-09 14:48:00,2009-12-11 14:39:00,2.0,3.805914584991203e-05,99.99701054543495
82011E,"BATHROOM SCALES, FAG BREAK",2,7.5,2,1,1,3.75,2010-02-11 10:01:00,2010-02-11 13:10:00,1.0,3.805914584991203e-05,99.9970486045808
46037A,PINK CANVAS DES CUSHION COVER,6,7.5,2,2,1,1.25,2010-05-25 17:31:00,2010-08-12 13:14:00,3.0,3.805914584991203e-05,99.99708666372665
82613a,"METAL SIGN,CUPCAKE SINGLE HOOK",3,7.4799999999999995,3,3,1,2.51,2010-02-01 11:21:00,2011-06-08 15:26:00,1.0,3.7957654794312266e-05,99.99712462138145
23615,SET 10 CARDS PRINTED GRAPHIC 17219,3,7.470000000000001,3,3,1,2.49,2011-10-27 17:15:00,2011-11-28 15:31:00,1.0,3.790690926651239e-05,99.99716252829072
23633,SET 10 CARDS WORLD CHILDREN 17067,3,7.470000000000001,3,3,1,2.49,2011-10-31 14:41:00,2011-11-21 15:18:00,1.0,3.790690926651239e-05,99.99720043519999
23650,SET 10 CARDS FILIGREE BAUBLE 16961,3,7.470000000000001,3,3,1,2.49,2011-09-27 18:41:00,2011-11-15 17:00:00,1.0,3.790690926651239e-05,99.99723834210926
90111,BLUE HIBISCUS  HAIR CLIP,7,7.35,6,5,1,1.05,2009-12-07 11:05:00,2010-03-08 12:08:00,1.1666666666666667,3.729796293291379e-05,99.99727564007219
35001P,HAND OPEN SHAPE PINK,2,6.98,2,1,1,3.49,2009-12-14 15:06:00,2009-12-17 15:41:00,1.0,3.542037840431813e-05,99.9973110604506
85230D,VANILLA SCENTED VOTIVE CANDLE,24,6.959999999999999,1,1,1,0.29,2009-12-10 13:03:00,2009-12-10 13:03:00,24.0,3.531888734871836e-05,99.99734637933794
85230C,ROSE SCENTED VOTIVE CANDLE,24,6.959999999999999,1,1,1,0.29,2009-12-10 13:12:00,2009-12-10 13:12:00,24.0,3.531888734871836e-05,99.99738169822528
21852,EMPIRE TEDDY,1,6.95,1,1,1,6.95,2009-12-18 13:39:00,2009-12-18 13:39:00,1.0,3.526814182091848e-05,99.9974169663671
35071,ASSORTED SANTA CHRISTMAS DECORATION,3,6.87,2,1,1,3.01,2009-12-08 12:25:00,2009-12-09 09:51:00,1.5,3.486217759851942e-05,99.9974518285447
84201B,HAPPY BIRTHDAY CARD STRIPEY TEDDY,36,6.840000000000001,7,7,1,0.19,2010-05-14 14:46:00,2011-11-25 11:54:00,5.142857142857143,3.470994101511978e-05,99.99748653848572
48173A,DOOR MAT BLUE FLOCK,1,6.75,1,1,1,6.75,2010-01-26 16:26:00,2010-01-26 16:26:00,1.0,3.425323126492083e-05,99.99752079171698
37484,ENGLISH ROSE TEA FOR ONE GIFT BOX,1,6.75,1,1,1,6.75,2009-12-08 13:59:00,2009-12-08 13:59:00,1.0,3.425323126492083e-05,99.99755504494824
90214W,"LETTER ""W"" BLING KEY RING",7,6.6899999999999995,7,7,1,0.85,2010-06-07 11:23:00,2011-07-18 15:49:00,1.0,3.394875809812153e-05,99.99758899370634
23604,SET 10 MINI SANTA & SNOWMAN  17087,4,6.64,2,2,1,1.66,2011-10-03 16:14:00,2011-10-17 15:27:00,2.0,3.369503045912212e-05,99.9976226887368
20858,SILVER PURSE GOLD PINK BUTTERFLY,4,6.6,1,1,1,1.65,2009-12-14 15:31:00,2009-12-14 15:31:00,4.0,3.3492048347922586e-05,99.99765618078514
20678,LARGE BLACK DIAMANTE HAIRSLIDE,4,6.6,1,1,1,1.65,2011-09-23 14:49:00,2011-09-23 14:49:00,4.0,3.3492048347922586e-05,99.99768967283349
85231b,CINAMMON SET OF 9 T-LIGHTS,4,6.58,4,4,1,1.645,2010-10-01 13:31:00,2011-04-15 10:40:00,1.0,3.339055729232282e-05,99.99772306339078
84536b,FAIRY CAKES NOTEBOOK A7 SIZE,8,6.48,4,4,1,0.81,2010-06-24 11:46:00,2010-12-09 16:26:00,2.0,3.2883102014323994e-05,99.99775594649279
20884,MODERN CHRISTMAS TREE CANDLE,3,6.300000000000001,3,2,1,2.1,2009-12-10 18:27:00,2009-12-18 11:03:00,1.0,3.196968251392611e-05,99.9977879161753
79140,ASS WINDPROOF MARIJUANA LIGHTERS,15,6.3,2,2,1,0.42,2010-02-01 15:23:00,2010-06-01 16:06:00,7.5,3.1969682513926105e-05,99.99781988585781
20942,SET/6 GINGERBREAD TREE T-LIGHTS,5,6.25,3,2,1,1.25,2009-12-10 18:27:00,2009-12-22 12:42:00,1.6666666666666667,3.171595487492669e-05,99.99785160181268
35918B,BLUE FLORIBUNDA EGG WARMER,5,6.25,3,3,1,1.25,2010-02-03 11:58:00,2010-02-23 13:55:00,1.6666666666666667,3.171595487492669e-05,99.99788331776756
82072,WHITE WOOD SINGLE P/FRAME,5,6.25,3,3,1,1.25,2010-02-07 15:16:00,2010-08-27 14:52:00,1.6666666666666667,3.171595487492669e-05,99.99791503372244
23610,SET 10 CARDS CHRISTMAS ROBIN 17095,3,6.24,3,3,1,2.08,2011-09-23 17:02:00,2011-11-11 09:05:00,1.0,3.166520934712681e-05,99.99794669893178
85123b,ZINC HANGING HEART T-LITE HLDR,1,6.04,1,1,1,6.04,2009-12-22 15:13:00,2009-12-22 15:13:00,1.0,3.0650298791129154e-05,99.99797734923058
79051a,SMOKEY GREY COLOUR D.O.F. GLASS,1,6.04,1,1,1,6.04,2009-12-22 15:07:00,2009-12-22 15:07:00,1.0,3.0650298791129154e-05,99.99800799952938
84247J,PACK/12 RUSSIAN DOLL CARDS,7,6.02,6,2,1,0.86,2009-12-09 09:51:00,2009-12-18 17:06:00,1.1666666666666667,3.054880773552939e-05,99.9980385483371
85077,KISSING REINDEER TABLE RUNNER,1,5.95,1,1,1,5.95,2009-12-22 09:48:00,2009-12-22 09:48:00,1.0,3.0193589040930213e-05,99.99806874192615
21450,DISTRESSED CANDLE STICK WHITE,1,5.95,1,1,1,5.95,2009-12-20 11:25:00,2009-12-20 11:25:00,1.0,3.0193589040930213e-05,99.99809893551519
72751C,"F.FAIRY S/3 SML CANDLE, ROSE",1,5.95,1,1,1,5.95,2010-02-07 12:16:00,2010-02-07 12:16:00,1.0,3.0193589040930213e-05,99.99812912910423
37409,ASSORTED DESIGN FLOWER MUGS,7,5.949999999999999,3,3,1,0.85,2010-01-14 13:03:00,2010-04-11 13:37:00,2.3333333333333335,3.0193589040930206e-05,99.99815932269327
85184d,S/4 BLUE ROUND DECOUPAGE BOXES,1,5.91,1,1,1,5.91,2010-07-22 12:09:00,2010-07-22 12:09:00,1.0,2.999060692973068e-05,99.9981893133002
18098A,PINK PORCELAIN B'FLY OIL BURNER,2,5.9,2,1,1,2.95,2009-12-14 15:31:00,2009-12-17 13:07:00,1.0,2.99398614019308e-05,99.99821925316161
35823P,"ACRYLIC BEAD GARLAND,PINK",2,5.9,2,2,1,2.95,2010-02-21 12:42:00,2010-07-15 12:50:00,1.0,2.99398614019308e-05,99.99824919302301
79303A,WHITE ROHMBIC BLOCK TABLE LAMP,2,5.9,1,1,1,2.95,2010-01-26 10:13:00,2010-01-26 10:13:00,2.0,2.99398614019308e-05,99.99827913288442
85186B,BUNNY BUNCH OF FLOWERS,14,5.88,2,1,1,0.42,2010-03-17 16:33:00,2010-03-21 15:23:00,7.0,2.9838370346331033e-05,99.99830897125477
23617,SET 10 CARDS SWIRLY XMAS TREE 17104,2,5.82,1,1,1,2.91,2011-11-29 16:47:00,2011-11-29 16:47:00,2.0,2.9533897179531737e-05,99.99833850515195
23638,SET 10 CARDS ROBIN WATERPUMP  17096,2,5.82,2,2,1,2.91,2011-09-27 18:41:00,2011-11-24 09:21:00,1.0,2.9533897179531737e-05,99.99836803904913
23652,SET 10 CARD CHRISTMAS STAMPS 16963,2,5.82,1,1,1,2.91,2011-11-17 15:17:00,2011-11-17 15:17:00,2.0,2.9533897179531737e-05,99.9983975729463
23630,SET 10 CARDS HANGING BAUBLES 17080,2,5.48,2,2,1,2.74,2011-09-22 09:38:00,2011-11-30 15:13:00,1.0,2.7808549234335724e-05,99.99842538149554
17084G,MOON INCENSE,25,5.25,1,1,1,0.21,2009-12-07 13:48:00,2009-12-07 13:48:00,25.0,2.664140209493842e-05,99.99845202289764
71434B,"BLACK RND BULLET""KEEP CLEAN"" BIN",2,5.1,2,2,1,2.55,2010-01-26 13:15:00,2010-03-10 16:09:00,1.0,2.5880219177940177e-05,99.99847790311682
20812,EMBOSSED FLOWER TRELLIS PHOTO FRAME,2,5.1,1,1,1,2.55,2010-01-28 17:13:00,2010-01-28 17:13:00,2.0,2.5880219177940177e-05,99.998503783336
71101A,ANGEL ON KNEES METAL POLE 100CM H,6,5.1,1,1,1,0.85,2009-12-13 13:39:00,2009-12-13 13:39:00,6.0,2.5880219177940177e-05,99.99852966355519
90142C,ROSE PINK PENDANT SHELL NECKLACE,1,5.09,1,1,1,5.09,2010-11-08 15:02:00,2010-11-08 15:02:00,1.0,2.5829473650140298e-05,99.99855549302885
90142B,IVORY PENDANT SHELL NECKLACE,1,5.09,1,1,1,5.09,2010-11-22 11:25:00,2010-11-22 11:25:00,1.0,2.5829473650140298e-05,99.9985813225025
84942,KASHMIR FOLKART HEART DISHES,3,5.07,3,2,1,1.69,2009-12-16 17:34:00,2010-01-24 13:46:00,1.0,2.5727982594540533e-05,99.99860705048509
72740B,LARGE WHITE CHOCOLATE CANDLE,1,5.06,1,1,1,5.06,2010-01-11 14:39:00,2010-01-11 14:39:00,1.0,2.5677237066740646e-05,99.99863272772215
DCGS0041,HAYNES MINI-COOPER PLAYING CARDS,1,5.06,1,1,1,5.06,2010-06-04 16:13:00,2010-06-04 16:13:00,1.0,2.5677237066740646e-05,99.99865840495922
20877,MODERN CHRISTMAS BAUBLE CANDLE,12,5.04,5,2,1,0.42,2009-12-10 18:27:00,2009-12-18 11:03:00,2.4,2.5575746011140884e-05,99.99868398070522
84596j,MIXED NUTS LIGHT GREEN BOWL,2,5.02,2,2,1,2.51,2010-04-09 14:55:00,2010-11-29 12:06:00,1.0,2.5474254955541116e-05,99.99870945496018
23621,SET 10 CARDS DAVID'S MADONNA 17074,2,4.98,2,2,1,2.49,2011-11-11 09:05:00,2011-11-16 15:16:00,1.0,2.527127284434159e-05,99.99873472623302
23649,SET 10 CARDS DECK THE HALLS 16960,2,4.98,2,2,1,2.49,2011-11-15 17:00:00,2011-11-25 14:25:00,1.0,2.527127284434159e-05,99.99875999750587
47593b,SCOTTIE DOGS BABY BIB,6,4.9799999999999995,1,1,1,0.83,2011-10-31 14:41:00,2011-10-31 14:41:00,6.0,2.5271272844341585e-05,99.99878526877872
84661b,BLACK SQUARE TABLE CLOCK,1,4.96,1,1,1,4.96,2011-10-17 09:55:00,2011-10-17 09:55:00,1.0,2.5169781788741823e-05,99.99881043856051
37451,CERAMIC CAKE TEAPOT WITH CHERRY,1,4.95,1,1,1,4.95,2010-02-07 12:16:00,2010-02-07 12:16:00,1.0,2.511903626094194e-05,99.99883555759678
85043,RED HEART CANDY POP LIGHTS,1,4.95,1,1,1,4.95,2010-01-04 15:29:00,2010-01-04 15:29:00,1.0,2.511903626094194e-05,99.99886067663304
85232C,RUSSIAN FOLKART STACKING TINS,1,4.95,1,1,1,4.95,2010-01-15 14:27:00,2010-01-15 14:27:00,1.0,2.511903626094194e-05,99.99888579566931
85049d,BRIGHT BLUES RIBBONS,2,4.92,2,2,1,2.46,2011-03-29 13:44:00,2011-05-10 15:06:00,1.0,2.496679967754229e-05,99.99891076246898
84971l,LARGE HEART FLOWERS HOOK,2,4.92,1,1,1,2.46,2011-11-25 15:23:00,2011-11-25 15:23:00,2.0,2.496679967754229e-05,99.99893572926865
45014,FOLDING SHIRT TIDY,1,4.65,1,1,1,4.65,2010-07-15 13:32:00,2010-07-15 13:32:00,1.0,2.359667042694546e-05,99.99895932593908
81953B,ROUND BLUE CLOCK WITH SUCKER,14,4.64,6,5,1,0.19,2010-05-09 11:29:00,2011-07-18 11:47:00,2.3333333333333335,2.3545924899145575e-05,99.99898287186399
79151B,"SILICON CUBE 25W, BLUE",11,4.62,2,2,1,0.42,2010-12-05 12:42:00,2011-11-28 14:12:00,5.5,2.3444433843545813e-05,99.99900631629784
37326,FAIRY DESIGN MUGS,2,4.609999999999999,2,2,2,2.3049999999999997,2010-01-11 14:39:00,2010-03-29 13:57:00,1.0,2.3393688315745927e-05,99.99902970998615
21409,SPOTTY COCKEREL DOORSTOP,1,4.25,1,1,1,4.25,2010-01-18 13:34:00,2010-01-18 13:34:00,1.0,2.1566849314950152e-05,99.99905127683546
79157V,UBO-LIGHT TRIOBASE PURPLE,5,4.25,3,3,1,0.85,2011-10-09 15:24:00,2011-11-03 18:49:00,1.6666666666666667,2.1566849314950152e-05,99.99907284368477
47594a,CAROUSEL DESIGN WASHBAG,1,4.21,1,1,1,4.21,2010-05-05 14:27:00,2010-05-05 14:27:00,1.0,2.136386720375062e-05,99.99909420755198
84255A,PINK GLASS COCKTAIL LAMP,2,4.2,2,2,1,2.1,2009-12-13 15:54:00,2010-01-21 11:11:00,1.0,2.131312167595074e-05,99.99911552067366
35611B,BLACK ASSORTED DROPLET DECORATION,11,4.18,1,1,1,0.38,2010-11-23 14:17:00,2010-11-23 14:17:00,11.0,2.1211630620350973e-05,99.99913673230428
46776e,WOVEN CANDY CUSHION COVER,1,4.13,1,1,1,4.13,2011-10-31 14:41:00,2011-10-31 14:41:00,1.0,2.095790298135156e-05,99.99915769020726
46776b,WOVEN BERRIES CUSHION COVER,1,4.13,1,1,1,4.13,2011-10-31 14:41:00,2011-10-31 14:41:00,1.0,2.095790298135156e-05,99.99917864811023
37432,MUG PINK AND PURPLE ARABIC DESIGN,6,3.9000000000000004,1,1,1,0.65,2009-12-08 13:59:00,2009-12-08 13:59:00,6.0,1.979075584195426e-05,99.99919843886607
72084B,CHOCOLATE ICE CREAM CANDLE,2,3.9,1,1,1,1.95,2010-03-26 15:32:00,2010-03-26 15:32:00,2.0,1.9790755841954257e-05,99.99921822962192
16010,FOLDING CAMPING SCISSOR W/KNIF & S,32,3.84,4,4,1,0.12,2010-01-17 12:12:00,2011-03-28 14:27:00,8.0,1.948628267515496e-05,99.9992377159046
90004A,JADE GREEN PAIR ENAMEL HAIR SLIDES,1,3.75,1,1,1,3.75,2009-12-15 13:21:00,2009-12-15 13:21:00,1.0,1.9029572924956016e-05,99.99925674547752
35974,S/6 CHRISTMAS TREE PLACE SETTING,1,3.75,1,1,1,3.75,2009-12-16 17:45:00,2009-12-16 17:45:00,1.0,1.9029572924956016e-05,99.99927577505045
37438,FUNKY FLOWER COFFEE POT,1,3.75,1,1,1,3.75,2009-12-13 13:31:00,2009-12-13 13:31:00,1.0,1.9029572924956016e-05,99.99929480462337
84731,3 BIRDS CANVAS SCREEN,3,3.69,3,3,1,1.65,2010-04-27 12:46:00,2011-07-31 15:00:00,1.0,1.872509975815672e-05,99.99931352972314
84705b,FAIRY CAKES PHOTO FRAME,1,3.43,1,1,1,3.43,2009-12-22 15:07:00,2009-12-22 15:07:00,1.0,1.740571603535977e-05,99.99933093543918
35818C,"ACRYLIC JEWEL ICICLE, CLEAR",1,3.43,1,1,1,3.43,2009-12-14 17:16:00,2009-12-14 17:16:00,1.0,1.740571603535977e-05,99.99934834115521
17014C,ORIGAMI LAVENDER INCENSE CONES,1,3.43,1,1,1,3.43,2009-12-10 09:49:00,2009-12-10 09:49:00,1.0,1.740571603535977e-05,99.99936574687125
79157B,UBO-LIGHT TRIOBASE BLUE,4,3.4,2,2,1,0.85,2010-02-07 15:07:00,2011-10-25 10:32:00,2.0,1.725347945196012e-05,99.9993830003507
84559d,3D SHEET OF SEA WORLD STICKERS,2,3.38,1,1,1,1.69,2010-10-22 14:04:00,2010-10-22 14:04:00,2.0,1.7151988396360355e-05,99.9994001523391
35537,CANDLE RING W/CLEAR BEADS,8,3.36,2,2,1,0.42,2010-02-21 15:28:00,2010-05-19 15:10:00,4.0,1.705049734076059e-05,99.99941720283644
35051B,PINK BEADED CONE CHRISTMAS,8,3.36,1,1,1,0.42,2009-12-07 11:39:00,2009-12-07 11:39:00,8.0,1.705049734076059e-05,99.99943425333377
23643,SET 10 CARDS CHRISTMAS BAUBLE 16954,1,3.33,1,1,1,3.33,2011-10-31 14:41:00,2011-10-31 14:41:00,1.0,1.689826075736094e-05,99.99945115159453
20683,RAIN GIRL CHILDS UMBRELLA,1,3.25,1,1,1,3.25,2009-12-11 10:10:00,2009-12-11 10:10:00,1.0,1.649229653496188e-05,99.99946764389107
84985b,SET OF 72 BLACK PAPER DOILIES,1,2.98,1,1,1,2.98,2010-05-26 12:54:00,2010-05-26 12:54:00,1.0,1.5122167284365048e-05,99.99948276605835
20885,BOX OF 3 PEBBLE CANDLES,1,2.95,1,1,1,2.95,2009-12-22 12:42:00,2009-12-22 12:42:00,1.0,1.49699307009654e-05,99.99949773598905
85185E,DUCK SOCK PUPPET,1,2.95,1,1,1,2.95,2009-12-15 17:45:00,2009-12-15 17:45:00,1.0,1.49699307009654e-05,99.99951270591976
35821P,"JEWELLED DECORATION,PINK",1,2.95,1,1,1,2.95,2009-12-15 15:21:00,2009-12-15 15:21:00,1.0,1.49699307009654e-05,99.99952767585046
79301,FEATHER HEART LIGHTS,1,2.95,1,1,1,2.95,2010-01-21 11:11:00,2010-01-21 11:11:00,1.0,1.49699307009654e-05,99.99954264578116
23609,SET 10 CARDS SNOWY ROBIN 17099,1,2.91,1,1,1,2.91,2011-11-28 15:31:00,2011-11-28 15:31:00,1.0,1.4766948589765869e-05,99.99955741272976
23602,SET 10 CARDS 3 WISE MEN 17107,1,2.91,1,1,1,2.91,2011-11-11 13:06:00,2011-11-11 13:06:00,1.0,1.4766948589765869e-05,99.99957217967835
23628,SET 10 CARDS TRIANGLE ICONS  17220,1,2.91,1,1,1,2.91,2011-10-31 14:41:00,2011-10-31 14:41:00,1.0,1.4766948589765869e-05,99.99958694662695
90183c,BLACK DROP EARRINGS W LONG BEADS,1,2.9,1,1,1,2.9,2011-10-31 14:41:00,2011-10-31 14:41:00,1.0,1.4716203061965986e-05,99.99960166283002
DCGS0044,HANDZ-OFF CAR FRESHENER,1,2.57,1,1,1,2.57,2009-12-15 18:33:00,2009-12-15 18:33:00,1.0,1.3041600644569856e-05,99.99961470443066
21081,SET/20 POSIES PAPER NAPKINS,3,2.55,3,3,1,0.85,2009-12-18 10:24:00,2010-01-31 10:08:00,1.0,1.2940109588970089e-05,99.99962764454024
35999,S/6 SCANDINAVIAN HEART T-LIGHT,1,2.55,1,1,1,2.55,2009-12-13 11:16:00,2009-12-13 11:16:00,1.0,1.2940109588970089e-05,99.99964058464982
20881,MODERN CHRISTMAS TREE CANDLE,3,2.55,2,2,1,0.85,2009-12-10 18:27:00,2009-12-16 13:56:00,1.5,1.2940109588970089e-05,99.99965352475941
90091,CRYSTAL DRAGONFLY PHONE CHARM,3,2.55,2,2,1,0.85,2010-05-10 13:48:00,2010-10-11 14:15:00,1.5,1.2940109588970089e-05,99.999666464869
21036,SET/2 TEA TOWELS MODERN VINTAGE,1,2.55,1,1,1,2.55,2009-12-14 12:24:00,2009-12-14 12:24:00,1.0,1.2940109588970089e-05,99.99967940497858
85171,S/2 HYACINTH BULB CANDLES,1,2.55,1,1,1,2.55,2009-12-07 15:26:00,2009-12-07 15:26:00,1.0,1.2940109588970089e-05,99.99969234508816
17028J,INCENSE BAZAAR PEACH,6,2.52,1,1,1,0.42,2011-01-31 15:27:00,2011-01-31 15:27:00,6.0,1.2787873005570442e-05,99.99970513296117
47593a,CAROUSEL DESIGN BABY BIB,1,2.51,1,1,1,2.51,2010-05-26 12:52:00,2010-05-26 12:52:00,1.0,1.2737127477770558e-05,99.99971787008865
DCGS0062,ROAD-RAGE CAR FRESHENER,1,2.51,1,1,1,2.51,2010-10-25 16:57:00,2010-10-25 16:57:00,1.0,1.2737127477770558e-05,99.99973060721612
21008,ETCHED GLASS HEART TREE DECORATION,1,2.51,1,1,1,2.51,2010-02-01 11:17:00,2010-02-01 11:17:00,1.0,1.2737127477770558e-05,99.9997433443436
90127B,BLUE BEADS+HAND PHONE CHARM,2,2.5,2,2,1,1.25,2010-02-19 12:50:00,2010-09-09 19:23:00,1.0,1.2686381949970677e-05,99.99975603072555
21290,LARGE SPOTTY CHOCOLATE GIFT BAG,2,2.5,1,1,1,1.25,2009-12-23 14:09:00,2009-12-23 14:09:00,2.0,1.2686381949970677e-05,99.9997687171075
21225,POCKET MIRROR BUTTERFLY,2,2.5,2,2,1,1.25,2009-12-11 15:40:00,2009-12-21 15:36:00,1.0,1.2686381949970677e-05,99.99978140348945
40046C,PINK BUTTERFLY PAPER LAMPSHADE,2,2.5,2,2,1,1.25,2009-12-13 11:34:00,2009-12-16 15:48:00,1.0,1.2686381949970677e-05,99.9997940898714
84596l,BISCUITS SMALL BOWL LIGHT BLUE,1,2.46,1,1,1,2.46,2011-05-26 10:44:00,2011-05-26 10:44:00,1.0,1.2483399838771146e-05,99.99980657327124
85049c,ROMANTIC PINKS RIBBONS,1,2.46,1,1,1,2.46,2011-11-23 11:11:00,2011-11-23 11:11:00,1.0,1.2483399838771146e-05,99.99981905667109
84510b,SET OF 4 FAIRY CAKES COASTERS,1,2.15,1,1,1,2.15,2010-08-02 13:48:00,2010-08-02 13:48:00,1.0,1.0910288476974783e-05,99.99982996695957
17061,ASSORTED SHAPED STENCIL FOR HENNA,52,2.08,1,1,1,0.04,2009-12-07 13:48:00,2009-12-07 13:48:00,52.0,1.0555069782375604e-05,99.99984052202934
85192S,HANGING SPRING FLOWER HEART SMALL,3,1.9500000000000002,2,2,1,0.65,2010-02-07 15:07:00,2010-02-08 16:06:00,1.5,9.89537792097713e-06,99.99985041740726
35945,GOLD CHRISTMAS STOCKING DECORATION,1,1.95,1,1,1,1.95,2009-12-18 17:24:00,2009-12-18 17:24:00,1.0,9.895377920977128e-06,99.99986031278517
84814A,HEXAGONAL CRYSTAL PERFUME BOTTLE,1,1.95,1,1,1,1.95,2010-03-26 16:17:00,2010-03-26 16:17:00,1.0,9.895377920977128e-06,99.99987020816309
46138D,GREEN CHENILLE SHAGGY C/COVER,1,1.95,1,1,1,1.95,2010-03-25 11:32:00,2010-03-25 11:32:00,1.0,9.895377920977128e-06,99.999880103541
84201C,HAPPY BIRTHDAY CARD TEDDY/CAKE,10,1.9,3,2,2,0.19,2010-08-23 11:58:00,2011-08-28 11:01:00,3.3333333333333335,9.641650281977715e-06,99.99988974519128
84206C,CHAMPAGNE TRAY BLANK CARD,9,1.71,3,3,1,0.19,2010-05-17 14:15:00,2011-11-25 11:54:00,3.0,8.677485253779943e-06,99.99989842267654
84206B,CAT W SUNGLASSES BLANK CARD,9,1.71,2,2,1,0.19,2010-08-24 16:14:00,2011-11-20 12:34:00,4.5,8.677485253779943e-06,99.99990710016179
35837,SET OF SIX SILVER+RED FLOCK BAUBLES,2,1.7,1,1,1,0.85,2009-12-10 12:44:00,2009-12-10 12:44:00,2.0,8.62673972598006e-06,99.99991572690152
35995,SET/6 BLACK GLITTER REINDEER CANDLE,4,1.68,4,3,1,0.42,2009-12-10 18:27:00,2009-12-23 11:51:00,1.0,8.525248670380295e-06,99.9999242521502
85231e,STRAWBERRY SCENTED SET/9 T-LIGHTS,1,1.66,1,1,1,1.66,2010-03-29 14:59:00,2010-03-29 14:59:00,1.0,8.42375761478053e-06,99.99993267590781
72796C,S/3 ROSE GARDEN SCENT SQU CANDLE,1,1.65,1,1,1,1.65,2010-01-17 13:55:00,2010-01-17 13:55:00,1.0,8.373012086980647e-06,99.99994104891991
23664,FLOWER SHOP DESIGN MUG,1,1.65,1,1,1,1.65,2011-11-11 15:28:00,2011-11-11 15:28:00,1.0,8.373012086980647e-06,99.999949421932
21585,SWALLOW SMALL TUBE MATCHES,1,1.65,1,1,1,1.65,2010-08-01 12:02:00,2010-08-01 12:02:00,1.0,8.373012086980647e-06,99.9999577949441
35980B,RED TOP SCANDINAVIAN HEART,4,1.52,2,2,1,0.38,2009-12-18 13:46:00,2010-05-16 16:05:00,2.0,7.713320225582171e-06,99.99996550826432
90214U,"LETTER ""U"" BLING KEY RING",1,1.25,1,1,1,1.25,2010-11-03 12:07:00,2010-11-03 12:07:00,1.0,6.343190974985338e-06,99.9999718514553
35950,FOLKART HEART CHRISTMAS DECORATIONS,1,1.25,1,1,1,1.25,2010-03-03 14:42:00,2010-03-03 14:42:00,1.0,6.343190974985338e-06,99.99997819464627
TEST002,This is a test product.,1,1.0,1,1,1,1.0,2009-12-18 10:55:00,2009-12-18 10:55:00,1.0,5.074552779988271e-06,99.99998326919905
20721,OWLS CHARLOTTE BAG,1,0.85,1,1,1,0.85,2009-12-07 15:26:00,2009-12-07 15:26:00,1.0,4.31336986299003e-06,99.9999875825689
35955,SMALL FOLKART CHRISTMAS TREE DEC,2,0.84,2,2,1,0.42,2009-12-08 12:25:00,2010-05-13 18:49:00,1.0,4.262624335190147e-06,99.99999184519324
51014c,"FEATHER PEN,COAL BLACK",1,0.83,1,1,1,0.83,2011-10-31 14:41:00,2011-10-31 14:41:00,1.0,4.211878807390265e-06,99.99999605707204
84205C,HAPPY BIRTHDAY GINGER CAT CARD,2,0.38,1,1,1,0.19,2010-03-03 11:51:00,2010-03-03 11:51:00,2.0,1.9283300563955428e-06,99.99999798540209
35930,PINK HEART CHRISTMAS DECORATION,1,0.38,1,1,1,0.38,2009-12-16 17:45:00,2009-12-16 17:45:00,1.0,1.9283300563955428e-06,99.99999991373214
PADS,PADS TO MATCH ALL CUSHIONS,17,0.017,17,14,2,0.001,2010-01-19 17:04:00,2011-09-25 14:58:00,1.0,8.626739725980062e-08,99.99999999999953
